game_id,turn,snake_id,snake_name,health,length,alive
0d4e7feb-c9f2-4648-8f14-f344902ccb8a,0,3b4bdc72-f611-4876-a482-1fc7303200cd,Snake3,100,3,1
0d4e7feb-c9f2-4648-8f14-f344902ccb8a,0,5e94c6d7-922f-409c-8a8c-be2c871bc279,Snake4,100,3,1
0d4e7feb-c9f2-4648-8f14-f344902ccb8a,0,94d45d21-12ff-4e3c-8bb9-dc93438c956c,Snake1,100,3,1
0d4e7feb-c9f2-4648-8f14-f344902ccb8a,0,4e14b03c-249e-4944-bc97-0cc64e276102,Snake2,100,3,1
0d4e7feb-c9f2-4648-8f14-f344902ccb8a,1,3b4bdc72-f611-4876-a482-1fc7303200cd,Snake3,99,3,1
0d4e7feb-c9f2-4648-8f14-f344902ccb8a,1,5e94c6d7-922f-409c-8a8c-be2c871bc279,Snake4,99,3,1
0d4e7feb-c9f2-4648-8f14-f344902ccb8a,1,94d45d21-12ff-4e3c-8bb9-dc93438c956c,Snake1,99,3,1
0d4e7feb-c9f2-4648-8f14-f344902ccb8a,1,4e14b03c-249e-4944-bc97-0cc64e276102,Snake2,99,3,1
0d4e7feb-c9f2-4648-8f14-f344902ccb8a,1,3b4bdc72-f611-4876-a482-1fc7303200cd,Snake3,99,3,1
0d4e7feb-c9f2-4648-8f14-f344902ccb8a,1,5e94c6d7-922f-409c-8a8c-be2c871bc279,Snake4,99,3,1
0d4e7feb-c9f2-4648-8f14-f344902ccb8a,1,94d45d21-12ff-4e3c-8bb9-dc93438c956c,Snake1,99,3,1
0d4e7feb-c9f2-4648-8f14-f344902ccb8a,1,4e14b03c-249e-4944-bc97-0cc64e276102,Snake2,99,3,1
0d4e7feb-c9f2-4648-8f14-f344902ccb8a,1,3b4bdc72-f611-4876-a482-1fc7303200cd,Snake3,99,3,1
0d4e7feb-c9f2-4648-8f14-f344902ccb8a,1,5e94c6d7-922f-409c-8a8c-be2c871bc279,Snake4,99,3,1
0d4e7feb-c9f2-4648-8f14-f344902ccb8a,1,94d45d21-12ff-4e3c-8bb9-dc93438c956c,Snake1,99,3,1
0d4e7feb-c9f2-4648-8f14-f344902ccb8a,1,4e14b03c-249e-4944-bc97-0cc64e276102,Snake2,99,3,1
0d4e7feb-c9f2-4648-8f14-f344902ccb8a,2,3b4bdc72-f611-4876-a482-1fc7303200cd,Snake3,100,4,1
0d4e7feb-c9f2-4648-8f14-f344902ccb8a,2,5e94c6d7-922f-409c-8a8c-be2c871bc279,Snake4,100,4,1
0d4e7feb-c9f2-4648-8f14-f344902ccb8a,2,94d45d21-12ff-4e3c-8bb9-dc93438c956c,Snake1,100,4,1
0d4e7feb-c9f2-4648-8f14-f344902ccb8a,2,4e14b03c-249e-4944-bc97-0cc64e276102,Snake2,100,4,1
0d4e7feb-c9f2-4648-8f14-f344902ccb8a,2,3b4bdc72-f611-4876-a482-1fc7303200cd,Snake3,100,4,1
0d4e7feb-c9f2-4648-8f14-f344902ccb8a,2,5e94c6d7-922f-409c-8a8c-be2c871bc279,Snake4,100,4,1
0d4e7feb-c9f2-4648-8f14-f344902ccb8a,2,94d45d21-12ff-4e3c-8bb9-dc93438c956c,Snake1,100,4,1
0d4e7feb-c9f2-4648-8f14-f344902ccb8a,2,4e14b03c-249e-4944-bc97-0cc64e276102,Snake2,100,4,1
0d4e7feb-c9f2-4648-8f14-f344902ccb8a,2,3b4bdc72-f611-4876-a482-1fc7303200cd,Snake3,100,4,1
0d4e7feb-c9f2-4648-8f14-f344902ccb8a,2,5e94c6d7-922f-409c-8a8c-be2c871bc279,Snake4,100,4,1
0d4e7feb-c9f2-4648-8f14-f344902ccb8a,2,94d45d21-12ff-4e3c-8bb9-dc93438c956c,Snake1,100,4,1
0d4e7feb-c9f2-4648-8f14-f344902ccb8a,2,4e14b03c-249e-4944-bc97-0cc64e276102,Snake2,100,4,1
0d4e7feb-c9f2-4648-8f14-f344902ccb8a,3,3b4bdc72-f611-4876-a482-1fc7303200cd,Snake3,99,4,1
0d4e7feb-c9f2-4648-8f14-f344902ccb8a,3,5e94c6d7-922f-409c-8a8c-be2c871bc279,Snake4,99,4,1
0d4e7feb-c9f2-4648-8f14-f344902ccb8a,3,94d45d21-12ff-4e3c-8bb9-dc93438c956c,Snake1,99,4,1
0d4e7feb-c9f2-4648-8f14-f344902ccb8a,3,4e14b03c-249e-4944-bc97-0cc64e276102,Snake2,99,4,1
0d4e7feb-c9f2-4648-8f14-f344902ccb8a,3,3b4bdc72-f611-4876-a482-1fc7303200cd,Snake3,99,4,1
0d4e7feb-c9f2-4648-8f14-f344902ccb8a,3,5e94c6d7-922f-409c-8a8c-be2c871bc279,Snake4,99,4,1
0d4e7feb-c9f2-4648-8f14-f344902ccb8a,3,94d45d21-12ff-4e3c-8bb9-dc93438c956c,Snake1,99,4,1
0d4e7feb-c9f2-4648-8f14-f344902ccb8a,3,4e14b03c-249e-4944-bc97-0cc64e276102,Snake2,99,4,1
0d4e7feb-c9f2-4648-8f14-f344902ccb8a,3,3b4bdc72-f611-4876-a482-1fc7303200cd,Snake3,99,4,1
0d4e7feb-c9f2-4648-8f14-f344902ccb8a,3,5e94c6d7-922f-409c-8a8c-be2c871bc279,Snake4,99,4,1
0d4e7feb-c9f2-4648-8f14-f344902ccb8a,3,94d45d21-12ff-4e3c-8bb9-dc93438c956c,Snake1,99,4,1
0d4e7feb-c9f2-4648-8f14-f344902ccb8a,3,4e14b03c-249e-4944-bc97-0cc64e276102,Snake2,99,4,1
0d4e7feb-c9f2-4648-8f14-f344902ccb8a,4,3b4bdc72-f611-4876-a482-1fc7303200cd,Snake3,98,4,1
0d4e7feb-c9f2-4648-8f14-f344902ccb8a,4,5e94c6d7-922f-409c-8a8c-be2c871bc279,Snake4,98,4,1
0d4e7feb-c9f2-4648-8f14-f344902ccb8a,4,94d45d21-12ff-4e3c-8bb9-dc93438c956c,Snake1,98,4,1
0d4e7feb-c9f2-4648-8f14-f344902ccb8a,4,4e14b03c-249e-4944-bc97-0cc64e276102,Snake2,98,4,1
0d4e7feb-c9f2-4648-8f14-f344902ccb8a,4,3b4bdc72-f611-4876-a482-1fc7303200cd,Snake3,98,4,1
0d4e7feb-c9f2-4648-8f14-f344902ccb8a,4,5e94c6d7-922f-409c-8a8c-be2c871bc279,Snake4,98,4,1
0d4e7feb-c9f2-4648-8f14-f344902ccb8a,4,94d45d21-12ff-4e3c-8bb9-dc93438c956c,Snake1,98,4,1
0d4e7feb-c9f2-4648-8f14-f344902ccb8a,4,4e14b03c-249e-4944-bc97-0cc64e276102,Snake2,98,4,1
0d4e7feb-c9f2-4648-8f14-f344902ccb8a,4,3b4bdc72-f611-4876-a482-1fc7303200cd,Snake3,98,4,1
0d4e7feb-c9f2-4648-8f14-f344902ccb8a,4,5e94c6d7-922f-409c-8a8c-be2c871bc279,Snake4,98,4,1
0d4e7feb-c9f2-4648-8f14-f344902ccb8a,4,94d45d21-12ff-4e3c-8bb9-dc93438c956c,Snake1,98,4,1
0d4e7feb-c9f2-4648-8f14-f344902ccb8a,4,4e14b03c-249e-4944-bc97-0cc64e276102,Snake2,98,4,1
0d4e7feb-c9f2-4648-8f14-f344902ccb8a,4,3b4bdc72-f611-4876-a482-1fc7303200cd,Snake3,98,4,1
0d4e7feb-c9f2-4648-8f14-f344902ccb8a,4,5e94c6d7-922f-409c-8a8c-be2c871bc279,Snake4,98,4,1
0d4e7feb-c9f2-4648-8f14-f344902ccb8a,4,94d45d21-12ff-4e3c-8bb9-dc93438c956c,Snake1,98,4,1
0d4e7feb-c9f2-4648-8f14-f344902ccb8a,4,4e14b03c-249e-4944-bc97-0cc64e276102,Snake2,98,4,1
0d4e7feb-c9f2-4648-8f14-f344902ccb8a,5,3b4bdc72-f611-4876-a482-1fc7303200cd,Snake3,97,4,1
0d4e7feb-c9f2-4648-8f14-f344902ccb8a,5,5e94c6d7-922f-409c-8a8c-be2c871bc279,Snake4,97,4,1
0d4e7feb-c9f2-4648-8f14-f344902ccb8a,5,94d45d21-12ff-4e3c-8bb9-dc93438c956c,Snake1,97,4,1
0d4e7feb-c9f2-4648-8f14-f344902ccb8a,5,4e14b03c-249e-4944-bc97-0cc64e276102,Snake2,100,5,1
0d4e7feb-c9f2-4648-8f14-f344902ccb8a,5,3b4bdc72-f611-4876-a482-1fc7303200cd,Snake3,97,4,1
0d4e7feb-c9f2-4648-8f14-f344902ccb8a,5,5e94c6d7-922f-409c-8a8c-be2c871bc279,Snake4,97,4,1
0d4e7feb-c9f2-4648-8f14-f344902ccb8a,5,94d45d21-12ff-4e3c-8bb9-dc93438c956c,Snake1,97,4,1
0d4e7feb-c9f2-4648-8f14-f344902ccb8a,5,4e14b03c-249e-4944-bc97-0cc64e276102,Snake2,100,5,1
0d4e7feb-c9f2-4648-8f14-f344902ccb8a,5,3b4bdc72-f611-4876-a482-1fc7303200cd,Snake3,97,4,1
0d4e7feb-c9f2-4648-8f14-f344902ccb8a,5,5e94c6d7-922f-409c-8a8c-be2c871bc279,Snake4,97,4,1
0d4e7feb-c9f2-4648-8f14-f344902ccb8a,5,94d45d21-12ff-4e3c-8bb9-dc93438c956c,Snake1,97,4,1
0d4e7feb-c9f2-4648-8f14-f344902ccb8a,5,4e14b03c-249e-4944-bc97-0cc64e276102,Snake2,100,5,1
0d4e7feb-c9f2-4648-8f14-f344902ccb8a,6,3b4bdc72-f611-4876-a482-1fc7303200cd,Snake3,96,4,1
0d4e7feb-c9f2-4648-8f14-f344902ccb8a,6,5e94c6d7-922f-409c-8a8c-be2c871bc279,Snake4,96,4,1
0d4e7feb-c9f2-4648-8f14-f344902ccb8a,6,94d45d21-12ff-4e3c-8bb9-dc93438c956c,Snake1,96,4,1
0d4e7feb-c9f2-4648-8f14-f344902ccb8a,6,4e14b03c-249e-4944-bc97-0cc64e276102,Snake2,99,5,1
0d4e7feb-c9f2-4648-8f14-f344902ccb8a,6,3b4bdc72-f611-4876-a482-1fc7303200cd,Snake3,96,4,1
0d4e7feb-c9f2-4648-8f14-f344902ccb8a,6,5e94c6d7-922f-409c-8a8c-be2c871bc279,Snake4,96,4,1
0d4e7feb-c9f2-4648-8f14-f344902ccb8a,6,94d45d21-12ff-4e3c-8bb9-dc93438c956c,Snake1,96,4,1
0d4e7feb-c9f2-4648-8f14-f344902ccb8a,6,4e14b03c-249e-4944-bc97-0cc64e276102,Snake2,99,5,1
0d4e7feb-c9f2-4648-8f14-f344902ccb8a,6,3b4bdc72-f611-4876-a482-1fc7303200cd,Snake3,96,4,1
0d4e7feb-c9f2-4648-8f14-f344902ccb8a,6,5e94c6d7-922f-409c-8a8c-be2c871bc279,Snake4,96,4,1
0d4e7feb-c9f2-4648-8f14-f344902ccb8a,6,94d45d21-12ff-4e3c-8bb9-dc93438c956c,Snake1,96,4,1
0d4e7feb-c9f2-4648-8f14-f344902ccb8a,6,4e14b03c-249e-4944-bc97-0cc64e276102,Snake2,99,5,1
0d4e7feb-c9f2-4648-8f14-f344902ccb8a,6,3b4bdc72-f611-4876-a482-1fc7303200cd,Snake3,96,4,1
0d4e7feb-c9f2-4648-8f14-f344902ccb8a,6,5e94c6d7-922f-409c-8a8c-be2c871bc279,Snake4,96,4,1
0d4e7feb-c9f2-4648-8f14-f344902ccb8a,6,94d45d21-12ff-4e3c-8bb9-dc93438c956c,Snake1,96,4,1
0d4e7feb-c9f2-4648-8f14-f344902ccb8a,6,4e14b03c-249e-4944-bc97-0cc64e276102,Snake2,99,5,1
0d4e7feb-c9f2-4648-8f14-f344902ccb8a,7,3b4bdc72-f611-4876-a482-1fc7303200cd,Snake3,95,4,1
0d4e7feb-c9f2-4648-8f14-f344902ccb8a,7,5e94c6d7-922f-409c-8a8c-be2c871bc279,Snake4,95,4,1
0d4e7feb-c9f2-4648-8f14-f344902ccb8a,7,94d45d21-12ff-4e3c-8bb9-dc93438c956c,Snake1,95,4,1
0d4e7feb-c9f2-4648-8f14-f344902ccb8a,7,4e14b03c-249e-4944-bc97-0cc64e276102,Snake2,98,5,1
0d4e7feb-c9f2-4648-8f14-f344902ccb8a,7,3b4bdc72-f611-4876-a482-1fc7303200cd,Snake3,95,4,1
0d4e7feb-c9f2-4648-8f14-f344902ccb8a,7,5e94c6d7-922f-409c-8a8c-be2c871bc279,Snake4,95,4,1
0d4e7feb-c9f2-4648-8f14-f344902ccb8a,7,94d45d21-12ff-4e3c-8bb9-dc93438c956c,Snake1,95,4,1
0d4e7feb-c9f2-4648-8f14-f344902ccb8a,7,4e14b03c-249e-4944-bc97-0cc64e276102,Snake2,98,5,1
0d4e7feb-c9f2-4648-8f14-f344902ccb8a,7,3b4bdc72-f611-4876-a482-1fc7303200cd,Snake3,95,4,1
0d4e7feb-c9f2-4648-8f14-f344902ccb8a,7,5e94c6d7-922f-409c-8a8c-be2c871bc279,Snake4,95,4,1
0d4e7feb-c9f2-4648-8f14-f344902ccb8a,7,94d45d21-12ff-4e3c-8bb9-dc93438c956c,Snake1,95,4,1
0d4e7feb-c9f2-4648-8f14-f344902ccb8a,7,4e14b03c-249e-4944-bc97-0cc64e276102,Snake2,98,5,1
0d4e7feb-c9f2-4648-8f14-f344902ccb8a,7,3b4bdc72-f611-4876-a482-1fc7303200cd,Snake3,95,4,1
0d4e7feb-c9f2-4648-8f14-f344902ccb8a,7,5e94c6d7-922f-409c-8a8c-be2c871bc279,Snake4,95,4,1
0d4e7feb-c9f2-4648-8f14-f344902ccb8a,7,94d45d21-12ff-4e3c-8bb9-dc93438c956c,Snake1,95,4,1
0d4e7feb-c9f2-4648-8f14-f344902ccb8a,7,4e14b03c-249e-4944-bc97-0cc64e276102,Snake2,98,5,1
0d4e7feb-c9f2-4648-8f14-f344902ccb8a,8,3b4bdc72-f611-4876-a482-1fc7303200cd,Snake3,94,4,1
0d4e7feb-c9f2-4648-8f14-f344902ccb8a,8,5e94c6d7-922f-409c-8a8c-be2c871bc279,Snake4,100,5,1
0d4e7feb-c9f2-4648-8f14-f344902ccb8a,8,94d45d21-12ff-4e3c-8bb9-dc93438c956c,Snake1,94,4,1
0d4e7feb-c9f2-4648-8f14-f344902ccb8a,8,4e14b03c-249e-4944-bc97-0cc64e276102,Snake2,97,5,1
0d4e7feb-c9f2-4648-8f14-f344902ccb8a,8,3b4bdc72-f611-4876-a482-1fc7303200cd,Snake3,94,4,1
0d4e7feb-c9f2-4648-8f14-f344902ccb8a,8,5e94c6d7-922f-409c-8a8c-be2c871bc279,Snake4,100,5,1
0d4e7feb-c9f2-4648-8f14-f344902ccb8a,8,94d45d21-12ff-4e3c-8bb9-dc93438c956c,Snake1,94,4,1
0d4e7feb-c9f2-4648-8f14-f344902ccb8a,8,4e14b03c-249e-4944-bc97-0cc64e276102,Snake2,97,5,1
0d4e7feb-c9f2-4648-8f14-f344902ccb8a,8,3b4bdc72-f611-4876-a482-1fc7303200cd,Snake3,94,4,1
0d4e7feb-c9f2-4648-8f14-f344902ccb8a,8,5e94c6d7-922f-409c-8a8c-be2c871bc279,Snake4,100,5,1
0d4e7feb-c9f2-4648-8f14-f344902ccb8a,8,94d45d21-12ff-4e3c-8bb9-dc93438c956c,Snake1,94,4,1
0d4e7feb-c9f2-4648-8f14-f344902ccb8a,8,4e14b03c-249e-4944-bc97-0cc64e276102,Snake2,97,5,1
0d4e7feb-c9f2-4648-8f14-f344902ccb8a,9,3b4bdc72-f611-4876-a482-1fc7303200cd,Snake3,100,5,1
0d4e7feb-c9f2-4648-8f14-f344902ccb8a,9,5e94c6d7-922f-409c-8a8c-be2c871bc279,Snake4,99,5,1
0d4e7feb-c9f2-4648-8f14-f344902ccb8a,9,94d45d21-12ff-4e3c-8bb9-dc93438c956c,Snake1,93,4,1
0d4e7feb-c9f2-4648-8f14-f344902ccb8a,9,4e14b03c-249e-4944-bc97-0cc64e276102,Snake2,96,5,1
0d4e7feb-c9f2-4648-8f14-f344902ccb8a,9,3b4bdc72-f611-4876-a482-1fc7303200cd,Snake3,100,5,1
0d4e7feb-c9f2-4648-8f14-f344902ccb8a,9,5e94c6d7-922f-409c-8a8c-be2c871bc279,Snake4,99,5,1
0d4e7feb-c9f2-4648-8f14-f344902ccb8a,9,94d45d21-12ff-4e3c-8bb9-dc93438c956c,Snake1,93,4,1
0d4e7feb-c9f2-4648-8f14-f344902ccb8a,9,4e14b03c-249e-4944-bc97-0cc64e276102,Snake2,96,5,1
0d4e7feb-c9f2-4648-8f14-f344902ccb8a,9,3b4bdc72-f611-4876-a482-1fc7303200cd,Snake3,100,5,1
0d4e7feb-c9f2-4648-8f14-f344902ccb8a,9,5e94c6d7-922f-409c-8a8c-be2c871bc279,Snake4,99,5,1
0d4e7feb-c9f2-4648-8f14-f344902ccb8a,9,94d45d21-12ff-4e3c-8bb9-dc93438c956c,Snake1,93,4,1
0d4e7feb-c9f2-4648-8f14-f344902ccb8a,9,4e14b03c-249e-4944-bc97-0cc64e276102,Snake2,96,5,1
0d4e7feb-c9f2-4648-8f14-f344902ccb8a,9,3b4bdc72-f611-4876-a482-1fc7303200cd,Snake3,100,5,1
0d4e7feb-c9f2-4648-8f14-f344902ccb8a,9,5e94c6d7-922f-409c-8a8c-be2c871bc279,Snake4,99,5,1
0d4e7feb-c9f2-4648-8f14-f344902ccb8a,9,94d45d21-12ff-4e3c-8bb9-dc93438c956c,Snake1,93,4,1
0d4e7feb-c9f2-4648-8f14-f344902ccb8a,9,4e14b03c-249e-4944-bc97-0cc64e276102,Snake2,96,5,1
0d4e7feb-c9f2-4648-8f14-f344902ccb8a,10,3b4bdc72-f611-4876-a482-1fc7303200cd,Snake3,99,5,1
0d4e7feb-c9f2-4648-8f14-f344902ccb8a,10,5e94c6d7-922f-409c-8a8c-be2c871bc279,Snake4,98,5,1
0d4e7feb-c9f2-4648-8f14-f344902ccb8a,10,94d45d21-12ff-4e3c-8bb9-dc93438c956c,Snake1,100,5,1
0d4e7feb-c9f2-4648-8f14-f344902ccb8a,10,4e14b03c-249e-4944-bc97-0cc64e276102,Snake2,100,6,1
0d4e7feb-c9f2-4648-8f14-f344902ccb8a,10,3b4bdc72-f611-4876-a482-1fc7303200cd,Snake3,99,5,1
0d4e7feb-c9f2-4648-8f14-f344902ccb8a,10,5e94c6d7-922f-409c-8a8c-be2c871bc279,Snake4,98,5,1
0d4e7feb-c9f2-4648-8f14-f344902ccb8a,10,94d45d21-12ff-4e3c-8bb9-dc93438c956c,Snake1,100,5,1
0d4e7feb-c9f2-4648-8f14-f344902ccb8a,10,4e14b03c-249e-4944-bc97-0cc64e276102,Snake2,100,6,1
0d4e7feb-c9f2-4648-8f14-f344902ccb8a,10,3b4bdc72-f611-4876-a482-1fc7303200cd,Snake3,99,5,1
0d4e7feb-c9f2-4648-8f14-f344902ccb8a,10,5e94c6d7-922f-409c-8a8c-be2c871bc279,Snake4,98,5,1
0d4e7feb-c9f2-4648-8f14-f344902ccb8a,10,94d45d21-12ff-4e3c-8bb9-dc93438c956c,Snake1,100,5,1
0d4e7feb-c9f2-4648-8f14-f344902ccb8a,10,4e14b03c-249e-4944-bc97-0cc64e276102,Snake2,100,6,1
0d4e7feb-c9f2-4648-8f14-f344902ccb8a,10,3b4bdc72-f611-4876-a482-1fc7303200cd,Snake3,99,5,1
0d4e7feb-c9f2-4648-8f14-f344902ccb8a,10,5e94c6d7-922f-409c-8a8c-be2c871bc279,Snake4,98,5,1
0d4e7feb-c9f2-4648-8f14-f344902ccb8a,10,94d45d21-12ff-4e3c-8bb9-dc93438c956c,Snake1,100,5,1
0d4e7feb-c9f2-4648-8f14-f344902ccb8a,10,4e14b03c-249e-4944-bc97-0cc64e276102,Snake2,100,6,1
0d4e7feb-c9f2-4648-8f14-f344902ccb8a,11,3b4bdc72-f611-4876-a482-1fc7303200cd,Snake3,98,5,1
0d4e7feb-c9f2-4648-8f14-f344902ccb8a,11,5e94c6d7-922f-409c-8a8c-be2c871bc279,Snake4,97,5,1
0d4e7feb-c9f2-4648-8f14-f344902ccb8a,11,94d45d21-12ff-4e3c-8bb9-dc93438c956c,Snake1,99,5,1
0d4e7feb-c9f2-4648-8f14-f344902ccb8a,11,4e14b03c-249e-4944-bc97-0cc64e276102,Snake2,99,6,1
0d4e7feb-c9f2-4648-8f14-f344902ccb8a,11,3b4bdc72-f611-4876-a482-1fc7303200cd,Snake3,98,5,1
0d4e7feb-c9f2-4648-8f14-f344902ccb8a,11,5e94c6d7-922f-409c-8a8c-be2c871bc279,Snake4,97,5,1
0d4e7feb-c9f2-4648-8f14-f344902ccb8a,11,94d45d21-12ff-4e3c-8bb9-dc93438c956c,Snake1,99,5,1
0d4e7feb-c9f2-4648-8f14-f344902ccb8a,11,4e14b03c-249e-4944-bc97-0cc64e276102,Snake2,99,6,1
0d4e7feb-c9f2-4648-8f14-f344902ccb8a,11,3b4bdc72-f611-4876-a482-1fc7303200cd,Snake3,98,5,1
0d4e7feb-c9f2-4648-8f14-f344902ccb8a,11,5e94c6d7-922f-409c-8a8c-be2c871bc279,Snake4,97,5,1
0d4e7feb-c9f2-4648-8f14-f344902ccb8a,11,94d45d21-12ff-4e3c-8bb9-dc93438c956c,Snake1,99,5,1
0d4e7feb-c9f2-4648-8f14-f344902ccb8a,11,4e14b03c-249e-4944-bc97-0cc64e276102,Snake2,99,6,1
0d4e7feb-c9f2-4648-8f14-f344902ccb8a,11,3b4bdc72-f611-4876-a482-1fc7303200cd,Snake3,98,5,1
0d4e7feb-c9f2-4648-8f14-f344902ccb8a,11,5e94c6d7-922f-409c-8a8c-be2c871bc279,Snake4,97,5,1
0d4e7feb-c9f2-4648-8f14-f344902ccb8a,11,94d45d21-12ff-4e3c-8bb9-dc93438c956c,Snake1,99,5,1
0d4e7feb-c9f2-4648-8f14-f344902ccb8a,11,4e14b03c-249e-4944-bc97-0cc64e276102,Snake2,99,6,1
0d4e7feb-c9f2-4648-8f14-f344902ccb8a,12,3b4bdc72-f611-4876-a482-1fc7303200cd,Snake3,97,5,1
0d4e7feb-c9f2-4648-8f14-f344902ccb8a,12,5e94c6d7-922f-409c-8a8c-be2c871bc279,Snake4,96,5,1
0d4e7feb-c9f2-4648-8f14-f344902ccb8a,12,94d45d21-12ff-4e3c-8bb9-dc93438c956c,Snake1,98,5,1
0d4e7feb-c9f2-4648-8f14-f344902ccb8a,12,4e14b03c-249e-4944-bc97-0cc64e276102,Snake2,98,6,1
0d4e7feb-c9f2-4648-8f14-f344902ccb8a,12,3b4bdc72-f611-4876-a482-1fc7303200cd,Snake3,97,5,1
0d4e7feb-c9f2-4648-8f14-f344902ccb8a,12,5e94c6d7-922f-409c-8a8c-be2c871bc279,Snake4,96,5,1
0d4e7feb-c9f2-4648-8f14-f344902ccb8a,12,94d45d21-12ff-4e3c-8bb9-dc93438c956c,Snake1,98,5,1
0d4e7feb-c9f2-4648-8f14-f344902ccb8a,12,4e14b03c-249e-4944-bc97-0cc64e276102,Snake2,98,6,1
0d4e7feb-c9f2-4648-8f14-f344902ccb8a,12,3b4bdc72-f611-4876-a482-1fc7303200cd,Snake3,97,5,1
0d4e7feb-c9f2-4648-8f14-f344902ccb8a,12,5e94c6d7-922f-409c-8a8c-be2c871bc279,Snake4,96,5,1
0d4e7feb-c9f2-4648-8f14-f344902ccb8a,12,94d45d21-12ff-4e3c-8bb9-dc93438c956c,Snake1,98,5,1
0d4e7feb-c9f2-4648-8f14-f344902ccb8a,12,4e14b03c-249e-4944-bc97-0cc64e276102,Snake2,98,6,1
0d4e7feb-c9f2-4648-8f14-f344902ccb8a,12,3b4bdc72-f611-4876-a482-1fc7303200cd,Snake3,97,5,1
0d4e7feb-c9f2-4648-8f14-f344902ccb8a,12,5e94c6d7-922f-409c-8a8c-be2c871bc279,Snake4,96,5,1
0d4e7feb-c9f2-4648-8f14-f344902ccb8a,12,94d45d21-12ff-4e3c-8bb9-dc93438c956c,Snake1,98,5,1
0d4e7feb-c9f2-4648-8f14-f344902ccb8a,12,4e14b03c-249e-4944-bc97-0cc64e276102,Snake2,98,6,1
0d4e7feb-c9f2-4648-8f14-f344902ccb8a,13,3b4bdc72-f611-4876-a482-1fc7303200cd,Snake3,96,5,1
0d4e7feb-c9f2-4648-8f14-f344902ccb8a,13,5e94c6d7-922f-409c-8a8c-be2c871bc279,Snake4,95,5,1
0d4e7feb-c9f2-4648-8f14-f344902ccb8a,13,94d45d21-12ff-4e3c-8bb9-dc93438c956c,Snake1,97,5,1
0d4e7feb-c9f2-4648-8f14-f344902ccb8a,13,4e14b03c-249e-4944-bc97-0cc64e276102,Snake2,97,6,1
0d4e7feb-c9f2-4648-8f14-f344902ccb8a,13,3b4bdc72-f611-4876-a482-1fc7303200cd,Snake3,96,5,1
0d4e7feb-c9f2-4648-8f14-f344902ccb8a,13,5e94c6d7-922f-409c-8a8c-be2c871bc279,Snake4,95,5,1
0d4e7feb-c9f2-4648-8f14-f344902ccb8a,13,94d45d21-12ff-4e3c-8bb9-dc93438c956c,Snake1,97,5,1
0d4e7feb-c9f2-4648-8f14-f344902ccb8a,13,4e14b03c-249e-4944-bc97-0cc64e276102,Snake2,97,6,1
0d4e7feb-c9f2-4648-8f14-f344902ccb8a,13,3b4bdc72-f611-4876-a482-1fc7303200cd,Snake3,96,5,1
0d4e7feb-c9f2-4648-8f14-f344902ccb8a,13,5e94c6d7-922f-409c-8a8c-be2c871bc279,Snake4,95,5,1
0d4e7feb-c9f2-4648-8f14-f344902ccb8a,13,94d45d21-12ff-4e3c-8bb9-dc93438c956c,Snake1,97,5,1
0d4e7feb-c9f2-4648-8f14-f344902ccb8a,13,4e14b03c-249e-4944-bc97-0cc64e276102,Snake2,97,6,1
0d4e7feb-c9f2-4648-8f14-f344902ccb8a,13,3b4bdc72-f611-4876-a482-1fc7303200cd,Snake3,96,5,1
0d4e7feb-c9f2-4648-8f14-f344902ccb8a,13,5e94c6d7-922f-409c-8a8c-be2c871bc279,Snake4,95,5,1
0d4e7feb-c9f2-4648-8f14-f344902ccb8a,13,94d45d21-12ff-4e3c-8bb9-dc93438c956c,Snake1,97,5,1
0d4e7feb-c9f2-4648-8f14-f344902ccb8a,13,4e14b03c-249e-4944-bc97-0cc64e276102,Snake2,97,6,1
0d4e7feb-c9f2-4648-8f14-f344902ccb8a,14,3b4bdc72-f611-4876-a482-1fc7303200cd,Snake3,95,5,1
0d4e7feb-c9f2-4648-8f14-f344902ccb8a,14,5e94c6d7-922f-409c-8a8c-be2c871bc279,Snake4,94,5,1
0d4e7feb-c9f2-4648-8f14-f344902ccb8a,14,94d45d21-12ff-4e3c-8bb9-dc93438c956c,Snake1,96,5,1
0d4e7feb-c9f2-4648-8f14-f344902ccb8a,14,4e14b03c-249e-4944-bc97-0cc64e276102,Snake2,96,6,1
0d4e7feb-c9f2-4648-8f14-f344902ccb8a,14,3b4bdc72-f611-4876-a482-1fc7303200cd,Snake3,95,5,1
0d4e7feb-c9f2-4648-8f14-f344902ccb8a,14,5e94c6d7-922f-409c-8a8c-be2c871bc279,Snake4,94,5,1
0d4e7feb-c9f2-4648-8f14-f344902ccb8a,14,94d45d21-12ff-4e3c-8bb9-dc93438c956c,Snake1,96,5,1
0d4e7feb-c9f2-4648-8f14-f344902ccb8a,14,4e14b03c-249e-4944-bc97-0cc64e276102,Snake2,96,6,1
0d4e7feb-c9f2-4648-8f14-f344902ccb8a,14,3b4bdc72-f611-4876-a482-1fc7303200cd,Snake3,95,5,1
0d4e7feb-c9f2-4648-8f14-f344902ccb8a,14,5e94c6d7-922f-409c-8a8c-be2c871bc279,Snake4,94,5,1
0d4e7feb-c9f2-4648-8f14-f344902ccb8a,14,94d45d21-12ff-4e3c-8bb9-dc93438c956c,Snake1,96,5,1
0d4e7feb-c9f2-4648-8f14-f344902ccb8a,14,4e14b03c-249e-4944-bc97-0cc64e276102,Snake2,96,6,1
0d4e7feb-c9f2-4648-8f14-f344902ccb8a,15,3b4bdc72-f611-4876-a482-1fc7303200cd,Snake3,100,6,1
0d4e7feb-c9f2-4648-8f14-f344902ccb8a,15,5e94c6d7-922f-409c-8a8c-be2c871bc279,Snake4,100,6,1
0d4e7feb-c9f2-4648-8f14-f344902ccb8a,15,94d45d21-12ff-4e3c-8bb9-dc93438c956c,Snake1,95,5,1
0d4e7feb-c9f2-4648-8f14-f344902ccb8a,15,4e14b03c-249e-4944-bc97-0cc64e276102,Snake2,95,6,1
0d4e7feb-c9f2-4648-8f14-f344902ccb8a,15,3b4bdc72-f611-4876-a482-1fc7303200cd,Snake3,100,6,1
0d4e7feb-c9f2-4648-8f14-f344902ccb8a,15,5e94c6d7-922f-409c-8a8c-be2c871bc279,Snake4,100,6,1
0d4e7feb-c9f2-4648-8f14-f344902ccb8a,15,94d45d21-12ff-4e3c-8bb9-dc93438c956c,Snake1,95,5,1
0d4e7feb-c9f2-4648-8f14-f344902ccb8a,15,4e14b03c-249e-4944-bc97-0cc64e276102,Snake2,95,6,1
0d4e7feb-c9f2-4648-8f14-f344902ccb8a,15,3b4bdc72-f611-4876-a482-1fc7303200cd,Snake3,100,6,1
0d4e7feb-c9f2-4648-8f14-f344902ccb8a,15,5e94c6d7-922f-409c-8a8c-be2c871bc279,Snake4,100,6,1
0d4e7feb-c9f2-4648-8f14-f344902ccb8a,15,94d45d21-12ff-4e3c-8bb9-dc93438c956c,Snake1,95,5,1
0d4e7feb-c9f2-4648-8f14-f344902ccb8a,15,4e14b03c-249e-4944-bc97-0cc64e276102,Snake2,95,6,1
0d4e7feb-c9f2-4648-8f14-f344902ccb8a,15,3b4bdc72-f611-4876-a482-1fc7303200cd,Snake3,100,6,1
0d4e7feb-c9f2-4648-8f14-f344902ccb8a,15,5e94c6d7-922f-409c-8a8c-be2c871bc279,Snake4,100,6,1
0d4e7feb-c9f2-4648-8f14-f344902ccb8a,15,94d45d21-12ff-4e3c-8bb9-dc93438c956c,Snake1,95,5,1
0d4e7feb-c9f2-4648-8f14-f344902ccb8a,15,4e14b03c-249e-4944-bc97-0cc64e276102,Snake2,95,6,1
0d4e7feb-c9f2-4648-8f14-f344902ccb8a,16,3b4bdc72-f611-4876-a482-1fc7303200cd,Snake3,99,6,1
0d4e7feb-c9f2-4648-8f14-f344902ccb8a,16,5e94c6d7-922f-409c-8a8c-be2c871bc279,Snake4,99,6,1
0d4e7feb-c9f2-4648-8f14-f344902ccb8a,16,94d45d21-12ff-4e3c-8bb9-dc93438c956c,Snake1,94,5,1
0d4e7feb-c9f2-4648-8f14-f344902ccb8a,16,4e14b03c-249e-4944-bc97-0cc64e276102,Snake2,94,6,1
0d4e7feb-c9f2-4648-8f14-f344902ccb8a,16,3b4bdc72-f611-4876-a482-1fc7303200cd,Snake3,99,6,1
0d4e7feb-c9f2-4648-8f14-f344902ccb8a,16,5e94c6d7-922f-409c-8a8c-be2c871bc279,Snake4,99,6,1
0d4e7feb-c9f2-4648-8f14-f344902ccb8a,16,94d45d21-12ff-4e3c-8bb9-dc93438c956c,Snake1,94,5,1
0d4e7feb-c9f2-4648-8f14-f344902ccb8a,16,4e14b03c-249e-4944-bc97-0cc64e276102,Snake2,94,6,1
0d4e7feb-c9f2-4648-8f14-f344902ccb8a,16,3b4bdc72-f611-4876-a482-1fc7303200cd,Snake3,99,6,1
0d4e7feb-c9f2-4648-8f14-f344902ccb8a,16,5e94c6d7-922f-409c-8a8c-be2c871bc279,Snake4,99,6,1
0d4e7feb-c9f2-4648-8f14-f344902ccb8a,16,94d45d21-12ff-4e3c-8bb9-dc93438c956c,Snake1,94,5,1
0d4e7feb-c9f2-4648-8f14-f344902ccb8a,16,4e14b03c-249e-4944-bc97-0cc64e276102,Snake2,94,6,1
0d4e7feb-c9f2-4648-8f14-f344902ccb8a,16,3b4bdc72-f611-4876-a482-1fc7303200cd,Snake3,99,6,1
0d4e7feb-c9f2-4648-8f14-f344902ccb8a,16,5e94c6d7-922f-409c-8a8c-be2c871bc279,Snake4,99,6,1
0d4e7feb-c9f2-4648-8f14-f344902ccb8a,16,94d45d21-12ff-4e3c-8bb9-dc93438c956c,Snake1,94,5,1
0d4e7feb-c9f2-4648-8f14-f344902ccb8a,16,4e14b03c-249e-4944-bc97-0cc64e276102,Snake2,94,6,1
0d4e7feb-c9f2-4648-8f14-f344902ccb8a,17,3b4bdc72-f611-4876-a482-1fc7303200cd,Snake3,98,6,1
0d4e7feb-c9f2-4648-8f14-f344902ccb8a,17,5e94c6d7-922f-409c-8a8c-be2c871bc279,Snake4,98,6,1
0d4e7feb-c9f2-4648-8f14-f344902ccb8a,17,94d45d21-12ff-4e3c-8bb9-dc93438c956c,Snake1,93,5,1
0d4e7feb-c9f2-4648-8f14-f344902ccb8a,17,4e14b03c-249e-4944-bc97-0cc64e276102,Snake2,100,7,1
0d4e7feb-c9f2-4648-8f14-f344902ccb8a,17,3b4bdc72-f611-4876-a482-1fc7303200cd,Snake3,98,6,1
0d4e7feb-c9f2-4648-8f14-f344902ccb8a,17,5e94c6d7-922f-409c-8a8c-be2c871bc279,Snake4,98,6,1
0d4e7feb-c9f2-4648-8f14-f344902ccb8a,17,94d45d21-12ff-4e3c-8bb9-dc93438c956c,Snake1,93,5,1
0d4e7feb-c9f2-4648-8f14-f344902ccb8a,17,4e14b03c-249e-4944-bc97-0cc64e276102,Snake2,100,7,1
0d4e7feb-c9f2-4648-8f14-f344902ccb8a,17,3b4bdc72-f611-4876-a482-1fc7303200cd,Snake3,98,6,1
0d4e7feb-c9f2-4648-8f14-f344902ccb8a,17,5e94c6d7-922f-409c-8a8c-be2c871bc279,Snake4,98,6,1
0d4e7feb-c9f2-4648-8f14-f344902ccb8a,17,94d45d21-12ff-4e3c-8bb9-dc93438c956c,Snake1,93,5,1
0d4e7feb-c9f2-4648-8f14-f344902ccb8a,17,4e14b03c-249e-4944-bc97-0cc64e276102,Snake2,100,7,1
0d4e7feb-c9f2-4648-8f14-f344902ccb8a,17,3b4bdc72-f611-4876-a482-1fc7303200cd,Snake3,98,6,1
0d4e7feb-c9f2-4648-8f14-f344902ccb8a,17,5e94c6d7-922f-409c-8a8c-be2c871bc279,Snake4,98,6,1
0d4e7feb-c9f2-4648-8f14-f344902ccb8a,17,94d45d21-12ff-4e3c-8bb9-dc93438c956c,Snake1,93,5,1
0d4e7feb-c9f2-4648-8f14-f344902ccb8a,17,4e14b03c-249e-4944-bc97-0cc64e276102,Snake2,100,7,1
0d4e7feb-c9f2-4648-8f14-f344902ccb8a,18,3b4bdc72-f611-4876-a482-1fc7303200cd,Snake3,97,6,1
0d4e7feb-c9f2-4648-8f14-f344902ccb8a,18,5e94c6d7-922f-409c-8a8c-be2c871bc279,Snake4,97,6,1
0d4e7feb-c9f2-4648-8f14-f344902ccb8a,18,94d45d21-12ff-4e3c-8bb9-dc93438c956c,Snake1,92,5,1
0d4e7feb-c9f2-4648-8f14-f344902ccb8a,18,4e14b03c-249e-4944-bc97-0cc64e276102,Snake2,99,7,1
0d4e7feb-c9f2-4648-8f14-f344902ccb8a,18,3b4bdc72-f611-4876-a482-1fc7303200cd,Snake3,97,6,1
0d4e7feb-c9f2-4648-8f14-f344902ccb8a,18,5e94c6d7-922f-409c-8a8c-be2c871bc279,Snake4,97,6,1
0d4e7feb-c9f2-4648-8f14-f344902ccb8a,18,94d45d21-12ff-4e3c-8bb9-dc93438c956c,Snake1,92,5,1
0d4e7feb-c9f2-4648-8f14-f344902ccb8a,18,4e14b03c-249e-4944-bc97-0cc64e276102,Snake2,99,7,1
0d4e7feb-c9f2-4648-8f14-f344902ccb8a,18,3b4bdc72-f611-4876-a482-1fc7303200cd,Snake3,97,6,1
0d4e7feb-c9f2-4648-8f14-f344902ccb8a,18,5e94c6d7-922f-409c-8a8c-be2c871bc279,Snake4,97,6,1
0d4e7feb-c9f2-4648-8f14-f344902ccb8a,18,94d45d21-12ff-4e3c-8bb9-dc93438c956c,Snake1,92,5,1
0d4e7feb-c9f2-4648-8f14-f344902ccb8a,18,4e14b03c-249e-4944-bc97-0cc64e276102,Snake2,99,7,1
0d4e7feb-c9f2-4648-8f14-f344902ccb8a,18,3b4bdc72-f611-4876-a482-1fc7303200cd,Snake3,97,6,1
0d4e7feb-c9f2-4648-8f14-f344902ccb8a,18,5e94c6d7-922f-409c-8a8c-be2c871bc279,Snake4,97,6,1
0d4e7feb-c9f2-4648-8f14-f344902ccb8a,18,94d45d21-12ff-4e3c-8bb9-dc93438c956c,Snake1,92,5,1
0d4e7feb-c9f2-4648-8f14-f344902ccb8a,18,4e14b03c-249e-4944-bc97-0cc64e276102,Snake2,99,7,1
0d4e7feb-c9f2-4648-8f14-f344902ccb8a,19,3b4bdc72-f611-4876-a482-1fc7303200cd,Snake3,96,6,1
0d4e7feb-c9f2-4648-8f14-f344902ccb8a,19,5e94c6d7-922f-409c-8a8c-be2c871bc279,Snake4,96,6,1
0d4e7feb-c9f2-4648-8f14-f344902ccb8a,19,94d45d21-12ff-4e3c-8bb9-dc93438c956c,Snake1,91,5,1
0d4e7feb-c9f2-4648-8f14-f344902ccb8a,19,4e14b03c-249e-4944-bc97-0cc64e276102,Snake2,98,7,1
0d4e7feb-c9f2-4648-8f14-f344902ccb8a,19,3b4bdc72-f611-4876-a482-1fc7303200cd,Snake3,96,6,1
0d4e7feb-c9f2-4648-8f14-f344902ccb8a,19,5e94c6d7-922f-409c-8a8c-be2c871bc279,Snake4,96,6,1
0d4e7feb-c9f2-4648-8f14-f344902ccb8a,19,94d45d21-12ff-4e3c-8bb9-dc93438c956c,Snake1,91,5,1
0d4e7feb-c9f2-4648-8f14-f344902ccb8a,19,4e14b03c-249e-4944-bc97-0cc64e276102,Snake2,98,7,1
0d4e7feb-c9f2-4648-8f14-f344902ccb8a,19,3b4bdc72-f611-4876-a482-1fc7303200cd,Snake3,96,6,1
0d4e7feb-c9f2-4648-8f14-f344902ccb8a,19,5e94c6d7-922f-409c-8a8c-be2c871bc279,Snake4,96,6,1
0d4e7feb-c9f2-4648-8f14-f344902ccb8a,19,94d45d21-12ff-4e3c-8bb9-dc93438c956c,Snake1,91,5,1
0d4e7feb-c9f2-4648-8f14-f344902ccb8a,19,4e14b03c-249e-4944-bc97-0cc64e276102,Snake2,98,7,1
0d4e7feb-c9f2-4648-8f14-f344902ccb8a,20,3b4bdc72-f611-4876-a482-1fc7303200cd,Snake3,95,6,1
0d4e7feb-c9f2-4648-8f14-f344902ccb8a,20,5e94c6d7-922f-409c-8a8c-be2c871bc279,Snake4,100,7,1
0d4e7feb-c9f2-4648-8f14-f344902ccb8a,20,94d45d21-12ff-4e3c-8bb9-dc93438c956c,Snake1,90,5,1
0d4e7feb-c9f2-4648-8f14-f344902ccb8a,20,4e14b03c-249e-4944-bc97-0cc64e276102,Snake2,97,7,1
0d4e7feb-c9f2-4648-8f14-f344902ccb8a,20,3b4bdc72-f611-4876-a482-1fc7303200cd,Snake3,95,6,1
0d4e7feb-c9f2-4648-8f14-f344902ccb8a,20,5e94c6d7-922f-409c-8a8c-be2c871bc279,Snake4,100,7,1
0d4e7feb-c9f2-4648-8f14-f344902ccb8a,20,94d45d21-12ff-4e3c-8bb9-dc93438c956c,Snake1,90,5,1
0d4e7feb-c9f2-4648-8f14-f344902ccb8a,20,4e14b03c-249e-4944-bc97-0cc64e276102,Snake2,97,7,1
0d4e7feb-c9f2-4648-8f14-f344902ccb8a,20,3b4bdc72-f611-4876-a482-1fc7303200cd,Snake3,95,6,1
0d4e7feb-c9f2-4648-8f14-f344902ccb8a,20,5e94c6d7-922f-409c-8a8c-be2c871bc279,Snake4,100,7,1
0d4e7feb-c9f2-4648-8f14-f344902ccb8a,20,94d45d21-12ff-4e3c-8bb9-dc93438c956c,Snake1,90,5,1
0d4e7feb-c9f2-4648-8f14-f344902ccb8a,20,4e14b03c-249e-4944-bc97-0cc64e276102,Snake2,97,7,1
0d4e7feb-c9f2-4648-8f14-f344902ccb8a,20,3b4bdc72-f611-4876-a482-1fc7303200cd,Snake3,95,6,1
0d4e7feb-c9f2-4648-8f14-f344902ccb8a,20,5e94c6d7-922f-409c-8a8c-be2c871bc279,Snake4,100,7,1
0d4e7feb-c9f2-4648-8f14-f344902ccb8a,20,94d45d21-12ff-4e3c-8bb9-dc93438c956c,Snake1,90,5,1
0d4e7feb-c9f2-4648-8f14-f344902ccb8a,20,4e14b03c-249e-4944-bc97-0cc64e276102,Snake2,97,7,1
0d4e7feb-c9f2-4648-8f14-f344902ccb8a,21,3b4bdc72-f611-4876-a482-1fc7303200cd,Snake3,100,7,1
0d4e7feb-c9f2-4648-8f14-f344902ccb8a,21,5e94c6d7-922f-409c-8a8c-be2c871bc279,Snake4,99,7,1
0d4e7feb-c9f2-4648-8f14-f344902ccb8a,21,94d45d21-12ff-4e3c-8bb9-dc93438c956c,Snake1,89,5,1
0d4e7feb-c9f2-4648-8f14-f344902ccb8a,21,4e14b03c-249e-4944-bc97-0cc64e276102,Snake2,96,7,1
0d4e7feb-c9f2-4648-8f14-f344902ccb8a,21,3b4bdc72-f611-4876-a482-1fc7303200cd,Snake3,100,7,1
0d4e7feb-c9f2-4648-8f14-f344902ccb8a,21,5e94c6d7-922f-409c-8a8c-be2c871bc279,Snake4,99,7,1
0d4e7feb-c9f2-4648-8f14-f344902ccb8a,21,94d45d21-12ff-4e3c-8bb9-dc93438c956c,Snake1,89,5,1
0d4e7feb-c9f2-4648-8f14-f344902ccb8a,21,4e14b03c-249e-4944-bc97-0cc64e276102,Snake2,96,7,1
0d4e7feb-c9f2-4648-8f14-f344902ccb8a,21,3b4bdc72-f611-4876-a482-1fc7303200cd,Snake3,100,7,1
0d4e7feb-c9f2-4648-8f14-f344902ccb8a,21,5e94c6d7-922f-409c-8a8c-be2c871bc279,Snake4,99,7,1
0d4e7feb-c9f2-4648-8f14-f344902ccb8a,21,94d45d21-12ff-4e3c-8bb9-dc93438c956c,Snake1,89,5,1
0d4e7feb-c9f2-4648-8f14-f344902ccb8a,21,4e14b03c-249e-4944-bc97-0cc64e276102,Snake2,96,7,1
0d4e7feb-c9f2-4648-8f14-f344902ccb8a,21,3b4bdc72-f611-4876-a482-1fc7303200cd,Snake3,100,7,1
0d4e7feb-c9f2-4648-8f14-f344902ccb8a,21,5e94c6d7-922f-409c-8a8c-be2c871bc279,Snake4,99,7,1
0d4e7feb-c9f2-4648-8f14-f344902ccb8a,21,94d45d21-12ff-4e3c-8bb9-dc93438c956c,Snake1,89,5,1
0d4e7feb-c9f2-4648-8f14-f344902ccb8a,21,4e14b03c-249e-4944-bc97-0cc64e276102,Snake2,96,7,1
0d4e7feb-c9f2-4648-8f14-f344902ccb8a,22,3b4bdc72-f611-4876-a482-1fc7303200cd,Snake3,99,7,1
0d4e7feb-c9f2-4648-8f14-f344902ccb8a,22,5e94c6d7-922f-409c-8a8c-be2c871bc279,Snake4,98,7,1
0d4e7feb-c9f2-4648-8f14-f344902ccb8a,22,94d45d21-12ff-4e3c-8bb9-dc93438c956c,Snake1,88,5,1
0d4e7feb-c9f2-4648-8f14-f344902ccb8a,22,4e14b03c-249e-4944-bc97-0cc64e276102,Snake2,100,8,1
0d4e7feb-c9f2-4648-8f14-f344902ccb8a,22,3b4bdc72-f611-4876-a482-1fc7303200cd,Snake3,99,7,1
0d4e7feb-c9f2-4648-8f14-f344902ccb8a,22,5e94c6d7-922f-409c-8a8c-be2c871bc279,Snake4,98,7,1
0d4e7feb-c9f2-4648-8f14-f344902ccb8a,22,94d45d21-12ff-4e3c-8bb9-dc93438c956c,Snake1,88,5,1
0d4e7feb-c9f2-4648-8f14-f344902ccb8a,22,4e14b03c-249e-4944-bc97-0cc64e276102,Snake2,100,8,1
0d4e7feb-c9f2-4648-8f14-f344902ccb8a,23,3b4bdc72-f611-4876-a482-1fc7303200cd,Snake3,98,7,1
0d4e7feb-c9f2-4648-8f14-f344902ccb8a,23,5e94c6d7-922f-409c-8a8c-be2c871bc279,Snake4,97,7,1
0d4e7feb-c9f2-4648-8f14-f344902ccb8a,23,94d45d21-12ff-4e3c-8bb9-dc93438c956c,Snake1,87,5,1
0d4e7feb-c9f2-4648-8f14-f344902ccb8a,23,4e14b03c-249e-4944-bc97-0cc64e276102,Snake2,99,8,1
0d4e7feb-c9f2-4648-8f14-f344902ccb8a,23,3b4bdc72-f611-4876-a482-1fc7303200cd,Snake3,98,7,1
0d4e7feb-c9f2-4648-8f14-f344902ccb8a,23,5e94c6d7-922f-409c-8a8c-be2c871bc279,Snake4,97,7,1
0d4e7feb-c9f2-4648-8f14-f344902ccb8a,23,94d45d21-12ff-4e3c-8bb9-dc93438c956c,Snake1,87,5,1
0d4e7feb-c9f2-4648-8f14-f344902ccb8a,23,4e14b03c-249e-4944-bc97-0cc64e276102,Snake2,99,8,1
0d4e7feb-c9f2-4648-8f14-f344902ccb8a,23,3b4bdc72-f611-4876-a482-1fc7303200cd,Snake3,98,7,1
0d4e7feb-c9f2-4648-8f14-f344902ccb8a,23,5e94c6d7-922f-409c-8a8c-be2c871bc279,Snake4,97,7,1
0d4e7feb-c9f2-4648-8f14-f344902ccb8a,23,94d45d21-12ff-4e3c-8bb9-dc93438c956c,Snake1,87,5,1
0d4e7feb-c9f2-4648-8f14-f344902ccb8a,23,4e14b03c-249e-4944-bc97-0cc64e276102,Snake2,99,8,1
0d4e7feb-c9f2-4648-8f14-f344902ccb8a,24,3b4bdc72-f611-4876-a482-1fc7303200cd,Snake3,97,7,1
0d4e7feb-c9f2-4648-8f14-f344902ccb8a,24,5e94c6d7-922f-409c-8a8c-be2c871bc279,Snake4,96,7,1
0d4e7feb-c9f2-4648-8f14-f344902ccb8a,24,94d45d21-12ff-4e3c-8bb9-dc93438c956c,Snake1,86,5,1
0d4e7feb-c9f2-4648-8f14-f344902ccb8a,24,4e14b03c-249e-4944-bc97-0cc64e276102,Snake2,98,8,1
0d4e7feb-c9f2-4648-8f14-f344902ccb8a,24,3b4bdc72-f611-4876-a482-1fc7303200cd,Snake3,97,7,1
0d4e7feb-c9f2-4648-8f14-f344902ccb8a,24,5e94c6d7-922f-409c-8a8c-be2c871bc279,Snake4,96,7,1
0d4e7feb-c9f2-4648-8f14-f344902ccb8a,24,94d45d21-12ff-4e3c-8bb9-dc93438c956c,Snake1,86,5,1
0d4e7feb-c9f2-4648-8f14-f344902ccb8a,24,4e14b03c-249e-4944-bc97-0cc64e276102,Snake2,98,8,1
0d4e7feb-c9f2-4648-8f14-f344902ccb8a,24,3b4bdc72-f611-4876-a482-1fc7303200cd,Snake3,97,7,1
0d4e7feb-c9f2-4648-8f14-f344902ccb8a,24,5e94c6d7-922f-409c-8a8c-be2c871bc279,Snake4,96,7,1
0d4e7feb-c9f2-4648-8f14-f344902ccb8a,24,94d45d21-12ff-4e3c-8bb9-dc93438c956c,Snake1,86,5,1
0d4e7feb-c9f2-4648-8f14-f344902ccb8a,24,4e14b03c-249e-4944-bc97-0cc64e276102,Snake2,98,8,1
0d4e7feb-c9f2-4648-8f14-f344902ccb8a,24,3b4bdc72-f611-4876-a482-1fc7303200cd,Snake3,97,7,1
0d4e7feb-c9f2-4648-8f14-f344902ccb8a,24,5e94c6d7-922f-409c-8a8c-be2c871bc279,Snake4,96,7,1
0d4e7feb-c9f2-4648-8f14-f344902ccb8a,24,94d45d21-12ff-4e3c-8bb9-dc93438c956c,Snake1,86,5,1
0d4e7feb-c9f2-4648-8f14-f344902ccb8a,24,4e14b03c-249e-4944-bc97-0cc64e276102,Snake2,98,8,1
0d4e7feb-c9f2-4648-8f14-f344902ccb8a,25,3b4bdc72-f611-4876-a482-1fc7303200cd,Snake3,96,7,1
0d4e7feb-c9f2-4648-8f14-f344902ccb8a,25,5e94c6d7-922f-409c-8a8c-be2c871bc279,Snake4,95,7,1
0d4e7feb-c9f2-4648-8f14-f344902ccb8a,25,94d45d21-12ff-4e3c-8bb9-dc93438c956c,Snake1,85,5,1
0d4e7feb-c9f2-4648-8f14-f344902ccb8a,25,4e14b03c-249e-4944-bc97-0cc64e276102,Snake2,97,8,1
0d4e7feb-c9f2-4648-8f14-f344902ccb8a,25,3b4bdc72-f611-4876-a482-1fc7303200cd,Snake3,96,7,1
0d4e7feb-c9f2-4648-8f14-f344902ccb8a,25,5e94c6d7-922f-409c-8a8c-be2c871bc279,Snake4,95,7,1
0d4e7feb-c9f2-4648-8f14-f344902ccb8a,25,94d45d21-12ff-4e3c-8bb9-dc93438c956c,Snake1,85,5,1
0d4e7feb-c9f2-4648-8f14-f344902ccb8a,25,4e14b03c-249e-4944-bc97-0cc64e276102,Snake2,97,8,1
0d4e7feb-c9f2-4648-8f14-f344902ccb8a,25,3b4bdc72-f611-4876-a482-1fc7303200cd,Snake3,96,7,1
0d4e7feb-c9f2-4648-8f14-f344902ccb8a,25,5e94c6d7-922f-409c-8a8c-be2c871bc279,Snake4,95,7,1
0d4e7feb-c9f2-4648-8f14-f344902ccb8a,25,94d45d21-12ff-4e3c-8bb9-dc93438c956c,Snake1,85,5,1
0d4e7feb-c9f2-4648-8f14-f344902ccb8a,25,4e14b03c-249e-4944-bc97-0cc64e276102,Snake2,97,8,1
0d4e7feb-c9f2-4648-8f14-f344902ccb8a,26,3b4bdc72-f611-4876-a482-1fc7303200cd,Snake3,95,7,1
0d4e7feb-c9f2-4648-8f14-f344902ccb8a,26,5e94c6d7-922f-409c-8a8c-be2c871bc279,Snake4,94,7,1
0d4e7feb-c9f2-4648-8f14-f344902ccb8a,26,94d45d21-12ff-4e3c-8bb9-dc93438c956c,Snake1,84,5,1
0d4e7feb-c9f2-4648-8f14-f344902ccb8a,26,4e14b03c-249e-4944-bc97-0cc64e276102,Snake2,96,8,1
0d4e7feb-c9f2-4648-8f14-f344902ccb8a,26,3b4bdc72-f611-4876-a482-1fc7303200cd,Snake3,95,7,1
0d4e7feb-c9f2-4648-8f14-f344902ccb8a,26,5e94c6d7-922f-409c-8a8c-be2c871bc279,Snake4,94,7,1
0d4e7feb-c9f2-4648-8f14-f344902ccb8a,26,94d45d21-12ff-4e3c-8bb9-dc93438c956c,Snake1,84,5,1
0d4e7feb-c9f2-4648-8f14-f344902ccb8a,26,4e14b03c-249e-4944-bc97-0cc64e276102,Snake2,96,8,1
0d4e7feb-c9f2-4648-8f14-f344902ccb8a,26,3b4bdc72-f611-4876-a482-1fc7303200cd,Snake3,95,7,1
0d4e7feb-c9f2-4648-8f14-f344902ccb8a,26,5e94c6d7-922f-409c-8a8c-be2c871bc279,Snake4,94,7,1
0d4e7feb-c9f2-4648-8f14-f344902ccb8a,26,94d45d21-12ff-4e3c-8bb9-dc93438c956c,Snake1,84,5,1
0d4e7feb-c9f2-4648-8f14-f344902ccb8a,26,4e14b03c-249e-4944-bc97-0cc64e276102,Snake2,96,8,1
0d4e7feb-c9f2-4648-8f14-f344902ccb8a,26,3b4bdc72-f611-4876-a482-1fc7303200cd,Snake3,95,7,1
0d4e7feb-c9f2-4648-8f14-f344902ccb8a,26,5e94c6d7-922f-409c-8a8c-be2c871bc279,Snake4,94,7,1
0d4e7feb-c9f2-4648-8f14-f344902ccb8a,26,94d45d21-12ff-4e3c-8bb9-dc93438c956c,Snake1,84,5,1
0d4e7feb-c9f2-4648-8f14-f344902ccb8a,26,4e14b03c-249e-4944-bc97-0cc64e276102,Snake2,96,8,1
0d4e7feb-c9f2-4648-8f14-f344902ccb8a,27,3b4bdc72-f611-4876-a482-1fc7303200cd,Snake3,94,7,1
0d4e7feb-c9f2-4648-8f14-f344902ccb8a,27,5e94c6d7-922f-409c-8a8c-be2c871bc279,Snake4,93,7,1
0d4e7feb-c9f2-4648-8f14-f344902ccb8a,27,94d45d21-12ff-4e3c-8bb9-dc93438c956c,Snake1,83,5,1
0d4e7feb-c9f2-4648-8f14-f344902ccb8a,27,4e14b03c-249e-4944-bc97-0cc64e276102,Snake2,100,9,1
0d4e7feb-c9f2-4648-8f14-f344902ccb8a,27,3b4bdc72-f611-4876-a482-1fc7303200cd,Snake3,94,7,1
0d4e7feb-c9f2-4648-8f14-f344902ccb8a,27,5e94c6d7-922f-409c-8a8c-be2c871bc279,Snake4,93,7,1
0d4e7feb-c9f2-4648-8f14-f344902ccb8a,27,94d45d21-12ff-4e3c-8bb9-dc93438c956c,Snake1,83,5,1
0d4e7feb-c9f2-4648-8f14-f344902ccb8a,27,4e14b03c-249e-4944-bc97-0cc64e276102,Snake2,100,9,1
0d4e7feb-c9f2-4648-8f14-f344902ccb8a,27,3b4bdc72-f611-4876-a482-1fc7303200cd,Snake3,94,7,1
0d4e7feb-c9f2-4648-8f14-f344902ccb8a,27,5e94c6d7-922f-409c-8a8c-be2c871bc279,Snake4,93,7,1
0d4e7feb-c9f2-4648-8f14-f344902ccb8a,27,94d45d21-12ff-4e3c-8bb9-dc93438c956c,Snake1,83,5,1
0d4e7feb-c9f2-4648-8f14-f344902ccb8a,27,4e14b03c-249e-4944-bc97-0cc64e276102,Snake2,100,9,1
0d4e7feb-c9f2-4648-8f14-f344902ccb8a,28,3b4bdc72-f611-4876-a482-1fc7303200cd,Snake3,93,7,1
0d4e7feb-c9f2-4648-8f14-f344902ccb8a,28,5e94c6d7-922f-409c-8a8c-be2c871bc279,Snake4,92,7,1
0d4e7feb-c9f2-4648-8f14-f344902ccb8a,28,94d45d21-12ff-4e3c-8bb9-dc93438c956c,Snake1,82,5,1
0d4e7feb-c9f2-4648-8f14-f344902ccb8a,28,4e14b03c-249e-4944-bc97-0cc64e276102,Snake2,99,9,1
0d4e7feb-c9f2-4648-8f14-f344902ccb8a,28,3b4bdc72-f611-4876-a482-1fc7303200cd,Snake3,93,7,1
0d4e7feb-c9f2-4648-8f14-f344902ccb8a,28,5e94c6d7-922f-409c-8a8c-be2c871bc279,Snake4,92,7,1
0d4e7feb-c9f2-4648-8f14-f344902ccb8a,28,94d45d21-12ff-4e3c-8bb9-dc93438c956c,Snake1,82,5,1
0d4e7feb-c9f2-4648-8f14-f344902ccb8a,28,4e14b03c-249e-4944-bc97-0cc64e276102,Snake2,99,9,1
0d4e7feb-c9f2-4648-8f14-f344902ccb8a,28,3b4bdc72-f611-4876-a482-1fc7303200cd,Snake3,93,7,1
0d4e7feb-c9f2-4648-8f14-f344902ccb8a,28,5e94c6d7-922f-409c-8a8c-be2c871bc279,Snake4,92,7,1
0d4e7feb-c9f2-4648-8f14-f344902ccb8a,28,94d45d21-12ff-4e3c-8bb9-dc93438c956c,Snake1,82,5,1
0d4e7feb-c9f2-4648-8f14-f344902ccb8a,28,4e14b03c-249e-4944-bc97-0cc64e276102,Snake2,99,9,1
0d4e7feb-c9f2-4648-8f14-f344902ccb8a,28,3b4bdc72-f611-4876-a482-1fc7303200cd,Snake3,93,7,1
0d4e7feb-c9f2-4648-8f14-f344902ccb8a,28,5e94c6d7-922f-409c-8a8c-be2c871bc279,Snake4,92,7,1
0d4e7feb-c9f2-4648-8f14-f344902ccb8a,28,94d45d21-12ff-4e3c-8bb9-dc93438c956c,Snake1,82,5,1
0d4e7feb-c9f2-4648-8f14-f344902ccb8a,28,4e14b03c-249e-4944-bc97-0cc64e276102,Snake2,99,9,1
0d4e7feb-c9f2-4648-8f14-f344902ccb8a,29,3b4bdc72-f611-4876-a482-1fc7303200cd,Snake3,92,7,1
0d4e7feb-c9f2-4648-8f14-f344902ccb8a,29,5e94c6d7-922f-409c-8a8c-be2c871bc279,Snake4,91,7,1
0d4e7feb-c9f2-4648-8f14-f344902ccb8a,29,94d45d21-12ff-4e3c-8bb9-dc93438c956c,Snake1,81,5,1
0d4e7feb-c9f2-4648-8f14-f344902ccb8a,29,4e14b03c-249e-4944-bc97-0cc64e276102,Snake2,98,9,1
0d4e7feb-c9f2-4648-8f14-f344902ccb8a,29,3b4bdc72-f611-4876-a482-1fc7303200cd,Snake3,92,7,1
0d4e7feb-c9f2-4648-8f14-f344902ccb8a,29,5e94c6d7-922f-409c-8a8c-be2c871bc279,Snake4,91,7,1
0d4e7feb-c9f2-4648-8f14-f344902ccb8a,29,94d45d21-12ff-4e3c-8bb9-dc93438c956c,Snake1,81,5,1
0d4e7feb-c9f2-4648-8f14-f344902ccb8a,29,4e14b03c-249e-4944-bc97-0cc64e276102,Snake2,98,9,1
0d4e7feb-c9f2-4648-8f14-f344902ccb8a,29,3b4bdc72-f611-4876-a482-1fc7303200cd,Snake3,92,7,1
0d4e7feb-c9f2-4648-8f14-f344902ccb8a,29,5e94c6d7-922f-409c-8a8c-be2c871bc279,Snake4,91,7,1
0d4e7feb-c9f2-4648-8f14-f344902ccb8a,29,94d45d21-12ff-4e3c-8bb9-dc93438c956c,Snake1,81,5,1
0d4e7feb-c9f2-4648-8f14-f344902ccb8a,29,4e14b03c-249e-4944-bc97-0cc64e276102,Snake2,98,9,1
0d4e7feb-c9f2-4648-8f14-f344902ccb8a,29,3b4bdc72-f611-4876-a482-1fc7303200cd,Snake3,92,7,1
0d4e7feb-c9f2-4648-8f14-f344902ccb8a,29,5e94c6d7-922f-409c-8a8c-be2c871bc279,Snake4,91,7,1
0d4e7feb-c9f2-4648-8f14-f344902ccb8a,29,94d45d21-12ff-4e3c-8bb9-dc93438c956c,Snake1,81,5,1
0d4e7feb-c9f2-4648-8f14-f344902ccb8a,29,4e14b03c-249e-4944-bc97-0cc64e276102,Snake2,98,9,1
0d4e7feb-c9f2-4648-8f14-f344902ccb8a,30,3b4bdc72-f611-4876-a482-1fc7303200cd,Snake3,91,7,1
0d4e7feb-c9f2-4648-8f14-f344902ccb8a,30,5e94c6d7-922f-409c-8a8c-be2c871bc279,Snake4,90,7,1
0d4e7feb-c9f2-4648-8f14-f344902ccb8a,30,94d45d21-12ff-4e3c-8bb9-dc93438c956c,Snake1,80,5,1
0d4e7feb-c9f2-4648-8f14-f344902ccb8a,30,4e14b03c-249e-4944-bc97-0cc64e276102,Snake2,97,9,1
0d4e7feb-c9f2-4648-8f14-f344902ccb8a,30,3b4bdc72-f611-4876-a482-1fc7303200cd,Snake3,91,7,1
0d4e7feb-c9f2-4648-8f14-f344902ccb8a,30,5e94c6d7-922f-409c-8a8c-be2c871bc279,Snake4,90,7,1
0d4e7feb-c9f2-4648-8f14-f344902ccb8a,30,94d45d21-12ff-4e3c-8bb9-dc93438c956c,Snake1,80,5,1
0d4e7feb-c9f2-4648-8f14-f344902ccb8a,30,4e14b03c-249e-4944-bc97-0cc64e276102,Snake2,97,9,1
0d4e7feb-c9f2-4648-8f14-f344902ccb8a,30,3b4bdc72-f611-4876-a482-1fc7303200cd,Snake3,91,7,1
0d4e7feb-c9f2-4648-8f14-f344902ccb8a,30,5e94c6d7-922f-409c-8a8c-be2c871bc279,Snake4,90,7,1
0d4e7feb-c9f2-4648-8f14-f344902ccb8a,30,94d45d21-12ff-4e3c-8bb9-dc93438c956c,Snake1,80,5,1
0d4e7feb-c9f2-4648-8f14-f344902ccb8a,30,4e14b03c-249e-4944-bc97-0cc64e276102,Snake2,97,9,1
0d4e7feb-c9f2-4648-8f14-f344902ccb8a,30,3b4bdc72-f611-4876-a482-1fc7303200cd,Snake3,91,7,1
0d4e7feb-c9f2-4648-8f14-f344902ccb8a,30,5e94c6d7-922f-409c-8a8c-be2c871bc279,Snake4,90,7,1
0d4e7feb-c9f2-4648-8f14-f344902ccb8a,30,94d45d21-12ff-4e3c-8bb9-dc93438c956c,Snake1,80,5,1
0d4e7feb-c9f2-4648-8f14-f344902ccb8a,30,4e14b03c-249e-4944-bc97-0cc64e276102,Snake2,97,9,1
0d4e7feb-c9f2-4648-8f14-f344902ccb8a,31,3b4bdc72-f611-4876-a482-1fc7303200cd,Snake3,90,7,1
0d4e7feb-c9f2-4648-8f14-f344902ccb8a,31,5e94c6d7-922f-409c-8a8c-be2c871bc279,Snake4,89,7,1
0d4e7feb-c9f2-4648-8f14-f344902ccb8a,31,94d45d21-12ff-4e3c-8bb9-dc93438c956c,Snake1,79,5,1
0d4e7feb-c9f2-4648-8f14-f344902ccb8a,31,4e14b03c-249e-4944-bc97-0cc64e276102,Snake2,96,9,1
0d4e7feb-c9f2-4648-8f14-f344902ccb8a,31,3b4bdc72-f611-4876-a482-1fc7303200cd,Snake3,90,7,1
0d4e7feb-c9f2-4648-8f14-f344902ccb8a,31,5e94c6d7-922f-409c-8a8c-be2c871bc279,Snake4,89,7,1
0d4e7feb-c9f2-4648-8f14-f344902ccb8a,31,94d45d21-12ff-4e3c-8bb9-dc93438c956c,Snake1,79,5,1
0d4e7feb-c9f2-4648-8f14-f344902ccb8a,31,4e14b03c-249e-4944-bc97-0cc64e276102,Snake2,96,9,1
0d4e7feb-c9f2-4648-8f14-f344902ccb8a,31,3b4bdc72-f611-4876-a482-1fc7303200cd,Snake3,90,7,1
0d4e7feb-c9f2-4648-8f14-f344902ccb8a,31,5e94c6d7-922f-409c-8a8c-be2c871bc279,Snake4,89,7,1
0d4e7feb-c9f2-4648-8f14-f344902ccb8a,31,94d45d21-12ff-4e3c-8bb9-dc93438c956c,Snake1,79,5,1
0d4e7feb-c9f2-4648-8f14-f344902ccb8a,31,4e14b03c-249e-4944-bc97-0cc64e276102,Snake2,96,9,1
0d4e7feb-c9f2-4648-8f14-f344902ccb8a,31,3b4bdc72-f611-4876-a482-1fc7303200cd,Snake3,90,7,1
0d4e7feb-c9f2-4648-8f14-f344902ccb8a,31,5e94c6d7-922f-409c-8a8c-be2c871bc279,Snake4,89,7,1
0d4e7feb-c9f2-4648-8f14-f344902ccb8a,31,94d45d21-12ff-4e3c-8bb9-dc93438c956c,Snake1,79,5,1
0d4e7feb-c9f2-4648-8f14-f344902ccb8a,31,4e14b03c-249e-4944-bc97-0cc64e276102,Snake2,96,9,1
0d4e7feb-c9f2-4648-8f14-f344902ccb8a,32,3b4bdc72-f611-4876-a482-1fc7303200cd,Snake3,89,7,1
0d4e7feb-c9f2-4648-8f14-f344902ccb8a,32,5e94c6d7-922f-409c-8a8c-be2c871bc279,Snake4,88,7,1
0d4e7feb-c9f2-4648-8f14-f344902ccb8a,32,94d45d21-12ff-4e3c-8bb9-dc93438c956c,Snake1,78,5,1
0d4e7feb-c9f2-4648-8f14-f344902ccb8a,32,4e14b03c-249e-4944-bc97-0cc64e276102,Snake2,95,9,1
0d4e7feb-c9f2-4648-8f14-f344902ccb8a,32,3b4bdc72-f611-4876-a482-1fc7303200cd,Snake3,89,7,1
0d4e7feb-c9f2-4648-8f14-f344902ccb8a,32,5e94c6d7-922f-409c-8a8c-be2c871bc279,Snake4,88,7,1
0d4e7feb-c9f2-4648-8f14-f344902ccb8a,32,94d45d21-12ff-4e3c-8bb9-dc93438c956c,Snake1,78,5,1
0d4e7feb-c9f2-4648-8f14-f344902ccb8a,32,4e14b03c-249e-4944-bc97-0cc64e276102,Snake2,95,9,1
0d4e7feb-c9f2-4648-8f14-f344902ccb8a,32,3b4bdc72-f611-4876-a482-1fc7303200cd,Snake3,89,7,1
0d4e7feb-c9f2-4648-8f14-f344902ccb8a,32,5e94c6d7-922f-409c-8a8c-be2c871bc279,Snake4,88,7,1
0d4e7feb-c9f2-4648-8f14-f344902ccb8a,32,94d45d21-12ff-4e3c-8bb9-dc93438c956c,Snake1,78,5,1
0d4e7feb-c9f2-4648-8f14-f344902ccb8a,32,4e14b03c-249e-4944-bc97-0cc64e276102,Snake2,95,9,1
0d4e7feb-c9f2-4648-8f14-f344902ccb8a,32,3b4bdc72-f611-4876-a482-1fc7303200cd,Snake3,89,7,1
0d4e7feb-c9f2-4648-8f14-f344902ccb8a,32,5e94c6d7-922f-409c-8a8c-be2c871bc279,Snake4,88,7,1
0d4e7feb-c9f2-4648-8f14-f344902ccb8a,32,94d45d21-12ff-4e3c-8bb9-dc93438c956c,Snake1,78,5,1
0d4e7feb-c9f2-4648-8f14-f344902ccb8a,32,4e14b03c-249e-4944-bc97-0cc64e276102,Snake2,95,9,1
0d4e7feb-c9f2-4648-8f14-f344902ccb8a,33,3b4bdc72-f611-4876-a482-1fc7303200cd,Snake3,88,7,1
0d4e7feb-c9f2-4648-8f14-f344902ccb8a,33,5e94c6d7-922f-409c-8a8c-be2c871bc279,Snake4,100,8,1
0d4e7feb-c9f2-4648-8f14-f344902ccb8a,33,94d45d21-12ff-4e3c-8bb9-dc93438c956c,Snake1,77,5,1
0d4e7feb-c9f2-4648-8f14-f344902ccb8a,33,4e14b03c-249e-4944-bc97-0cc64e276102,Snake2,94,9,1
0d4e7feb-c9f2-4648-8f14-f344902ccb8a,33,3b4bdc72-f611-4876-a482-1fc7303200cd,Snake3,88,7,1
0d4e7feb-c9f2-4648-8f14-f344902ccb8a,33,5e94c6d7-922f-409c-8a8c-be2c871bc279,Snake4,100,8,1
0d4e7feb-c9f2-4648-8f14-f344902ccb8a,33,94d45d21-12ff-4e3c-8bb9-dc93438c956c,Snake1,77,5,1
0d4e7feb-c9f2-4648-8f14-f344902ccb8a,33,4e14b03c-249e-4944-bc97-0cc64e276102,Snake2,94,9,1
0d4e7feb-c9f2-4648-8f14-f344902ccb8a,33,3b4bdc72-f611-4876-a482-1fc7303200cd,Snake3,88,7,1
0d4e7feb-c9f2-4648-8f14-f344902ccb8a,33,5e94c6d7-922f-409c-8a8c-be2c871bc279,Snake4,100,8,1
0d4e7feb-c9f2-4648-8f14-f344902ccb8a,33,94d45d21-12ff-4e3c-8bb9-dc93438c956c,Snake1,77,5,1
0d4e7feb-c9f2-4648-8f14-f344902ccb8a,33,4e14b03c-249e-4944-bc97-0cc64e276102,Snake2,94,9,1
0d4e7feb-c9f2-4648-8f14-f344902ccb8a,33,3b4bdc72-f611-4876-a482-1fc7303200cd,Snake3,88,7,1
0d4e7feb-c9f2-4648-8f14-f344902ccb8a,33,5e94c6d7-922f-409c-8a8c-be2c871bc279,Snake4,100,8,1
0d4e7feb-c9f2-4648-8f14-f344902ccb8a,33,94d45d21-12ff-4e3c-8bb9-dc93438c956c,Snake1,77,5,1
0d4e7feb-c9f2-4648-8f14-f344902ccb8a,33,4e14b03c-249e-4944-bc97-0cc64e276102,Snake2,94,9,1
0d4e7feb-c9f2-4648-8f14-f344902ccb8a,34,3b4bdc72-f611-4876-a482-1fc7303200cd,Snake3,87,7,1
0d4e7feb-c9f2-4648-8f14-f344902ccb8a,34,5e94c6d7-922f-409c-8a8c-be2c871bc279,Snake4,99,8,1
0d4e7feb-c9f2-4648-8f14-f344902ccb8a,34,94d45d21-12ff-4e3c-8bb9-dc93438c956c,Snake1,76,5,1
0d4e7feb-c9f2-4648-8f14-f344902ccb8a,34,4e14b03c-249e-4944-bc97-0cc64e276102,Snake2,93,9,1
0d4e7feb-c9f2-4648-8f14-f344902ccb8a,34,3b4bdc72-f611-4876-a482-1fc7303200cd,Snake3,87,7,1
0d4e7feb-c9f2-4648-8f14-f344902ccb8a,34,5e94c6d7-922f-409c-8a8c-be2c871bc279,Snake4,99,8,1
0d4e7feb-c9f2-4648-8f14-f344902ccb8a,34,94d45d21-12ff-4e3c-8bb9-dc93438c956c,Snake1,76,5,1
0d4e7feb-c9f2-4648-8f14-f344902ccb8a,34,4e14b03c-249e-4944-bc97-0cc64e276102,Snake2,93,9,1
0d4e7feb-c9f2-4648-8f14-f344902ccb8a,34,3b4bdc72-f611-4876-a482-1fc7303200cd,Snake3,87,7,1
0d4e7feb-c9f2-4648-8f14-f344902ccb8a,34,5e94c6d7-922f-409c-8a8c-be2c871bc279,Snake4,99,8,1
0d4e7feb-c9f2-4648-8f14-f344902ccb8a,34,94d45d21-12ff-4e3c-8bb9-dc93438c956c,Snake1,76,5,1
0d4e7feb-c9f2-4648-8f14-f344902ccb8a,34,4e14b03c-249e-4944-bc97-0cc64e276102,Snake2,93,9,1
0d4e7feb-c9f2-4648-8f14-f344902ccb8a,34,3b4bdc72-f611-4876-a482-1fc7303200cd,Snake3,87,7,1
0d4e7feb-c9f2-4648-8f14-f344902ccb8a,34,5e94c6d7-922f-409c-8a8c-be2c871bc279,Snake4,99,8,1
0d4e7feb-c9f2-4648-8f14-f344902ccb8a,34,94d45d21-12ff-4e3c-8bb9-dc93438c956c,Snake1,76,5,1
0d4e7feb-c9f2-4648-8f14-f344902ccb8a,34,4e14b03c-249e-4944-bc97-0cc64e276102,Snake2,93,9,1
0d4e7feb-c9f2-4648-8f14-f344902ccb8a,35,3b4bdc72-f611-4876-a482-1fc7303200cd,Snake3,86,7,1
0d4e7feb-c9f2-4648-8f14-f344902ccb8a,35,5e94c6d7-922f-409c-8a8c-be2c871bc279,Snake4,98,8,1
0d4e7feb-c9f2-4648-8f14-f344902ccb8a,35,94d45d21-12ff-4e3c-8bb9-dc93438c956c,Snake1,75,5,1
0d4e7feb-c9f2-4648-8f14-f344902ccb8a,35,4e14b03c-249e-4944-bc97-0cc64e276102,Snake2,92,9,1
0d4e7feb-c9f2-4648-8f14-f344902ccb8a,35,3b4bdc72-f611-4876-a482-1fc7303200cd,Snake3,86,7,1
0d4e7feb-c9f2-4648-8f14-f344902ccb8a,35,5e94c6d7-922f-409c-8a8c-be2c871bc279,Snake4,98,8,1
0d4e7feb-c9f2-4648-8f14-f344902ccb8a,35,94d45d21-12ff-4e3c-8bb9-dc93438c956c,Snake1,75,5,1
0d4e7feb-c9f2-4648-8f14-f344902ccb8a,35,4e14b03c-249e-4944-bc97-0cc64e276102,Snake2,92,9,1
0d4e7feb-c9f2-4648-8f14-f344902ccb8a,35,3b4bdc72-f611-4876-a482-1fc7303200cd,Snake3,86,7,1
0d4e7feb-c9f2-4648-8f14-f344902ccb8a,35,5e94c6d7-922f-409c-8a8c-be2c871bc279,Snake4,98,8,1
0d4e7feb-c9f2-4648-8f14-f344902ccb8a,35,94d45d21-12ff-4e3c-8bb9-dc93438c956c,Snake1,75,5,1
0d4e7feb-c9f2-4648-8f14-f344902ccb8a,35,4e14b03c-249e-4944-bc97-0cc64e276102,Snake2,92,9,1
0d4e7feb-c9f2-4648-8f14-f344902ccb8a,35,3b4bdc72-f611-4876-a482-1fc7303200cd,Snake3,86,7,1
0d4e7feb-c9f2-4648-8f14-f344902ccb8a,35,5e94c6d7-922f-409c-8a8c-be2c871bc279,Snake4,98,8,1
0d4e7feb-c9f2-4648-8f14-f344902ccb8a,35,94d45d21-12ff-4e3c-8bb9-dc93438c956c,Snake1,75,5,1
0d4e7feb-c9f2-4648-8f14-f344902ccb8a,35,4e14b03c-249e-4944-bc97-0cc64e276102,Snake2,92,9,1
0d4e7feb-c9f2-4648-8f14-f344902ccb8a,36,3b4bdc72-f611-4876-a482-1fc7303200cd,Snake3,71,7,1
0d4e7feb-c9f2-4648-8f14-f344902ccb8a,36,5e94c6d7-922f-409c-8a8c-be2c871bc279,Snake4,97,8,1
0d4e7feb-c9f2-4648-8f14-f344902ccb8a,36,94d45d21-12ff-4e3c-8bb9-dc93438c956c,Snake1,74,5,1
0d4e7feb-c9f2-4648-8f14-f344902ccb8a,36,4e14b03c-249e-4944-bc97-0cc64e276102,Snake2,91,9,1
0d4e7feb-c9f2-4648-8f14-f344902ccb8a,36,3b4bdc72-f611-4876-a482-1fc7303200cd,Snake3,71,7,1
0d4e7feb-c9f2-4648-8f14-f344902ccb8a,36,5e94c6d7-922f-409c-8a8c-be2c871bc279,Snake4,97,8,1
0d4e7feb-c9f2-4648-8f14-f344902ccb8a,36,94d45d21-12ff-4e3c-8bb9-dc93438c956c,Snake1,74,5,1
0d4e7feb-c9f2-4648-8f14-f344902ccb8a,36,4e14b03c-249e-4944-bc97-0cc64e276102,Snake2,91,9,1
0d4e7feb-c9f2-4648-8f14-f344902ccb8a,36,3b4bdc72-f611-4876-a482-1fc7303200cd,Snake3,71,7,1
0d4e7feb-c9f2-4648-8f14-f344902ccb8a,36,5e94c6d7-922f-409c-8a8c-be2c871bc279,Snake4,97,8,1
0d4e7feb-c9f2-4648-8f14-f344902ccb8a,36,94d45d21-12ff-4e3c-8bb9-dc93438c956c,Snake1,74,5,1
0d4e7feb-c9f2-4648-8f14-f344902ccb8a,36,4e14b03c-249e-4944-bc97-0cc64e276102,Snake2,91,9,1
0d4e7feb-c9f2-4648-8f14-f344902ccb8a,36,3b4bdc72-f611-4876-a482-1fc7303200cd,Snake3,71,7,1
0d4e7feb-c9f2-4648-8f14-f344902ccb8a,36,5e94c6d7-922f-409c-8a8c-be2c871bc279,Snake4,97,8,1
0d4e7feb-c9f2-4648-8f14-f344902ccb8a,36,94d45d21-12ff-4e3c-8bb9-dc93438c956c,Snake1,74,5,1
0d4e7feb-c9f2-4648-8f14-f344902ccb8a,36,4e14b03c-249e-4944-bc97-0cc64e276102,Snake2,91,9,1
0d4e7feb-c9f2-4648-8f14-f344902ccb8a,37,3b4bdc72-f611-4876-a482-1fc7303200cd,Snake3,100,8,1
0d4e7feb-c9f2-4648-8f14-f344902ccb8a,37,5e94c6d7-922f-409c-8a8c-be2c871bc279,Snake4,100,9,1
0d4e7feb-c9f2-4648-8f14-f344902ccb8a,37,94d45d21-12ff-4e3c-8bb9-dc93438c956c,Snake1,73,5,1
0d4e7feb-c9f2-4648-8f14-f344902ccb8a,37,4e14b03c-249e-4944-bc97-0cc64e276102,Snake2,90,9,1
0d4e7feb-c9f2-4648-8f14-f344902ccb8a,37,3b4bdc72-f611-4876-a482-1fc7303200cd,Snake3,100,8,1
0d4e7feb-c9f2-4648-8f14-f344902ccb8a,37,5e94c6d7-922f-409c-8a8c-be2c871bc279,Snake4,100,9,1
0d4e7feb-c9f2-4648-8f14-f344902ccb8a,37,94d45d21-12ff-4e3c-8bb9-dc93438c956c,Snake1,73,5,1
0d4e7feb-c9f2-4648-8f14-f344902ccb8a,37,4e14b03c-249e-4944-bc97-0cc64e276102,Snake2,90,9,1
0d4e7feb-c9f2-4648-8f14-f344902ccb8a,37,3b4bdc72-f611-4876-a482-1fc7303200cd,Snake3,100,8,1
0d4e7feb-c9f2-4648-8f14-f344902ccb8a,37,5e94c6d7-922f-409c-8a8c-be2c871bc279,Snake4,100,9,1
0d4e7feb-c9f2-4648-8f14-f344902ccb8a,37,94d45d21-12ff-4e3c-8bb9-dc93438c956c,Snake1,73,5,1
0d4e7feb-c9f2-4648-8f14-f344902ccb8a,37,4e14b03c-249e-4944-bc97-0cc64e276102,Snake2,90,9,1
0d4e7feb-c9f2-4648-8f14-f344902ccb8a,37,3b4bdc72-f611-4876-a482-1fc7303200cd,Snake3,100,8,1
0d4e7feb-c9f2-4648-8f14-f344902ccb8a,37,5e94c6d7-922f-409c-8a8c-be2c871bc279,Snake4,100,9,1
0d4e7feb-c9f2-4648-8f14-f344902ccb8a,37,94d45d21-12ff-4e3c-8bb9-dc93438c956c,Snake1,73,5,1
0d4e7feb-c9f2-4648-8f14-f344902ccb8a,37,4e14b03c-249e-4944-bc97-0cc64e276102,Snake2,90,9,1
0d4e7feb-c9f2-4648-8f14-f344902ccb8a,38,5e94c6d7-922f-409c-8a8c-be2c871bc279,Snake4,99,9,1
0d4e7feb-c9f2-4648-8f14-f344902ccb8a,38,94d45d21-12ff-4e3c-8bb9-dc93438c956c,Snake1,72,5,1
0d4e7feb-c9f2-4648-8f14-f344902ccb8a,38,4e14b03c-249e-4944-bc97-0cc64e276102,Snake2,89,9,1
0d4e7feb-c9f2-4648-8f14-f344902ccb8a,38,3b4bdc72-f611-4876-a482-1fc7303200cd,Snake3,100,8,0
0d4e7feb-c9f2-4648-8f14-f344902ccb8a,38,5e94c6d7-922f-409c-8a8c-be2c871bc279,Snake4,99,9,1
0d4e7feb-c9f2-4648-8f14-f344902ccb8a,38,94d45d21-12ff-4e3c-8bb9-dc93438c956c,Snake1,72,5,1
0d4e7feb-c9f2-4648-8f14-f344902ccb8a,38,4e14b03c-249e-4944-bc97-0cc64e276102,Snake2,89,9,1
0d4e7feb-c9f2-4648-8f14-f344902ccb8a,38,3b4bdc72-f611-4876-a482-1fc7303200cd,Snake3,100,8,0
0d4e7feb-c9f2-4648-8f14-f344902ccb8a,38,5e94c6d7-922f-409c-8a8c-be2c871bc279,Snake4,99,9,1
0d4e7feb-c9f2-4648-8f14-f344902ccb8a,38,94d45d21-12ff-4e3c-8bb9-dc93438c956c,Snake1,72,5,1
0d4e7feb-c9f2-4648-8f14-f344902ccb8a,38,4e14b03c-249e-4944-bc97-0cc64e276102,Snake2,89,9,1
0d4e7feb-c9f2-4648-8f14-f344902ccb8a,38,3b4bdc72-f611-4876-a482-1fc7303200cd,Snake3,100,8,0
0d4e7feb-c9f2-4648-8f14-f344902ccb8a,39,5e94c6d7-922f-409c-8a8c-be2c871bc279,Snake4,98,9,1
0d4e7feb-c9f2-4648-8f14-f344902ccb8a,39,94d45d21-12ff-4e3c-8bb9-dc93438c956c,Snake1,71,5,1
0d4e7feb-c9f2-4648-8f14-f344902ccb8a,39,4e14b03c-249e-4944-bc97-0cc64e276102,Snake2,88,9,1
0d4e7feb-c9f2-4648-8f14-f344902ccb8a,39,3b4bdc72-f611-4876-a482-1fc7303200cd,Snake3,100,8,0
0d4e7feb-c9f2-4648-8f14-f344902ccb8a,39,5e94c6d7-922f-409c-8a8c-be2c871bc279,Snake4,98,9,1
0d4e7feb-c9f2-4648-8f14-f344902ccb8a,39,94d45d21-12ff-4e3c-8bb9-dc93438c956c,Snake1,71,5,1
0d4e7feb-c9f2-4648-8f14-f344902ccb8a,39,4e14b03c-249e-4944-bc97-0cc64e276102,Snake2,88,9,1
0d4e7feb-c9f2-4648-8f14-f344902ccb8a,39,3b4bdc72-f611-4876-a482-1fc7303200cd,Snake3,100,8,0
0d4e7feb-c9f2-4648-8f14-f344902ccb8a,40,5e94c6d7-922f-409c-8a8c-be2c871bc279,Snake4,97,9,1
0d4e7feb-c9f2-4648-8f14-f344902ccb8a,40,94d45d21-12ff-4e3c-8bb9-dc93438c956c,Snake1,70,5,1
0d4e7feb-c9f2-4648-8f14-f344902ccb8a,40,4e14b03c-249e-4944-bc97-0cc64e276102,Snake2,87,9,1
0d4e7feb-c9f2-4648-8f14-f344902ccb8a,40,3b4bdc72-f611-4876-a482-1fc7303200cd,Snake3,100,8,0
0d4e7feb-c9f2-4648-8f14-f344902ccb8a,40,5e94c6d7-922f-409c-8a8c-be2c871bc279,Snake4,97,9,1
0d4e7feb-c9f2-4648-8f14-f344902ccb8a,40,94d45d21-12ff-4e3c-8bb9-dc93438c956c,Snake1,70,5,1
0d4e7feb-c9f2-4648-8f14-f344902ccb8a,40,4e14b03c-249e-4944-bc97-0cc64e276102,Snake2,87,9,1
0d4e7feb-c9f2-4648-8f14-f344902ccb8a,40,3b4bdc72-f611-4876-a482-1fc7303200cd,Snake3,100,8,0
0d4e7feb-c9f2-4648-8f14-f344902ccb8a,41,5e94c6d7-922f-409c-8a8c-be2c871bc279,Snake4,96,9,1
0d4e7feb-c9f2-4648-8f14-f344902ccb8a,41,94d45d21-12ff-4e3c-8bb9-dc93438c956c,Snake1,69,5,1
0d4e7feb-c9f2-4648-8f14-f344902ccb8a,41,4e14b03c-249e-4944-bc97-0cc64e276102,Snake2,86,9,1
0d4e7feb-c9f2-4648-8f14-f344902ccb8a,41,3b4bdc72-f611-4876-a482-1fc7303200cd,Snake3,100,8,0
0d4e7feb-c9f2-4648-8f14-f344902ccb8a,41,5e94c6d7-922f-409c-8a8c-be2c871bc279,Snake4,96,9,1
0d4e7feb-c9f2-4648-8f14-f344902ccb8a,41,94d45d21-12ff-4e3c-8bb9-dc93438c956c,Snake1,69,5,1
0d4e7feb-c9f2-4648-8f14-f344902ccb8a,41,4e14b03c-249e-4944-bc97-0cc64e276102,Snake2,86,9,1
0d4e7feb-c9f2-4648-8f14-f344902ccb8a,41,3b4bdc72-f611-4876-a482-1fc7303200cd,Snake3,100,8,0
0d4e7feb-c9f2-4648-8f14-f344902ccb8a,41,5e94c6d7-922f-409c-8a8c-be2c871bc279,Snake4,96,9,1
0d4e7feb-c9f2-4648-8f14-f344902ccb8a,41,94d45d21-12ff-4e3c-8bb9-dc93438c956c,Snake1,69,5,1
0d4e7feb-c9f2-4648-8f14-f344902ccb8a,41,4e14b03c-249e-4944-bc97-0cc64e276102,Snake2,86,9,1
0d4e7feb-c9f2-4648-8f14-f344902ccb8a,41,3b4bdc72-f611-4876-a482-1fc7303200cd,Snake3,100,8,0
0d4e7feb-c9f2-4648-8f14-f344902ccb8a,42,5e94c6d7-922f-409c-8a8c-be2c871bc279,Snake4,95,9,1
0d4e7feb-c9f2-4648-8f14-f344902ccb8a,42,94d45d21-12ff-4e3c-8bb9-dc93438c956c,Snake1,68,5,1
0d4e7feb-c9f2-4648-8f14-f344902ccb8a,42,4e14b03c-249e-4944-bc97-0cc64e276102,Snake2,85,9,1
0d4e7feb-c9f2-4648-8f14-f344902ccb8a,42,3b4bdc72-f611-4876-a482-1fc7303200cd,Snake3,100,8,0
0d4e7feb-c9f2-4648-8f14-f344902ccb8a,42,5e94c6d7-922f-409c-8a8c-be2c871bc279,Snake4,95,9,1
0d4e7feb-c9f2-4648-8f14-f344902ccb8a,42,94d45d21-12ff-4e3c-8bb9-dc93438c956c,Snake1,68,5,1
0d4e7feb-c9f2-4648-8f14-f344902ccb8a,42,4e14b03c-249e-4944-bc97-0cc64e276102,Snake2,85,9,1
0d4e7feb-c9f2-4648-8f14-f344902ccb8a,42,3b4bdc72-f611-4876-a482-1fc7303200cd,Snake3,100,8,0
0d4e7feb-c9f2-4648-8f14-f344902ccb8a,42,5e94c6d7-922f-409c-8a8c-be2c871bc279,Snake4,95,9,1
0d4e7feb-c9f2-4648-8f14-f344902ccb8a,42,94d45d21-12ff-4e3c-8bb9-dc93438c956c,Snake1,68,5,1
0d4e7feb-c9f2-4648-8f14-f344902ccb8a,42,4e14b03c-249e-4944-bc97-0cc64e276102,Snake2,85,9,1
0d4e7feb-c9f2-4648-8f14-f344902ccb8a,42,3b4bdc72-f611-4876-a482-1fc7303200cd,Snake3,100,8,0
0d4e7feb-c9f2-4648-8f14-f344902ccb8a,43,5e94c6d7-922f-409c-8a8c-be2c871bc279,Snake4,94,9,1
0d4e7feb-c9f2-4648-8f14-f344902ccb8a,43,94d45d21-12ff-4e3c-8bb9-dc93438c956c,Snake1,67,5,1
0d4e7feb-c9f2-4648-8f14-f344902ccb8a,43,4e14b03c-249e-4944-bc97-0cc64e276102,Snake2,84,9,1
0d4e7feb-c9f2-4648-8f14-f344902ccb8a,43,3b4bdc72-f611-4876-a482-1fc7303200cd,Snake3,100,8,0
0d4e7feb-c9f2-4648-8f14-f344902ccb8a,43,5e94c6d7-922f-409c-8a8c-be2c871bc279,Snake4,94,9,1
0d4e7feb-c9f2-4648-8f14-f344902ccb8a,43,94d45d21-12ff-4e3c-8bb9-dc93438c956c,Snake1,67,5,1
0d4e7feb-c9f2-4648-8f14-f344902ccb8a,43,4e14b03c-249e-4944-bc97-0cc64e276102,Snake2,84,9,1
0d4e7feb-c9f2-4648-8f14-f344902ccb8a,43,3b4bdc72-f611-4876-a482-1fc7303200cd,Snake3,100,8,0
0d4e7feb-c9f2-4648-8f14-f344902ccb8a,43,5e94c6d7-922f-409c-8a8c-be2c871bc279,Snake4,94,9,1
0d4e7feb-c9f2-4648-8f14-f344902ccb8a,43,94d45d21-12ff-4e3c-8bb9-dc93438c956c,Snake1,67,5,1
0d4e7feb-c9f2-4648-8f14-f344902ccb8a,43,4e14b03c-249e-4944-bc97-0cc64e276102,Snake2,84,9,1
0d4e7feb-c9f2-4648-8f14-f344902ccb8a,43,3b4bdc72-f611-4876-a482-1fc7303200cd,Snake3,100,8,0
0d4e7feb-c9f2-4648-8f14-f344902ccb8a,44,5e94c6d7-922f-409c-8a8c-be2c871bc279,Snake4,93,9,1
0d4e7feb-c9f2-4648-8f14-f344902ccb8a,44,94d45d21-12ff-4e3c-8bb9-dc93438c956c,Snake1,66,5,1
0d4e7feb-c9f2-4648-8f14-f344902ccb8a,44,4e14b03c-249e-4944-bc97-0cc64e276102,Snake2,83,9,1
0d4e7feb-c9f2-4648-8f14-f344902ccb8a,44,3b4bdc72-f611-4876-a482-1fc7303200cd,Snake3,100,8,0
0d4e7feb-c9f2-4648-8f14-f344902ccb8a,44,5e94c6d7-922f-409c-8a8c-be2c871bc279,Snake4,93,9,1
0d4e7feb-c9f2-4648-8f14-f344902ccb8a,44,94d45d21-12ff-4e3c-8bb9-dc93438c956c,Snake1,66,5,1
0d4e7feb-c9f2-4648-8f14-f344902ccb8a,44,4e14b03c-249e-4944-bc97-0cc64e276102,Snake2,83,9,1
0d4e7feb-c9f2-4648-8f14-f344902ccb8a,44,3b4bdc72-f611-4876-a482-1fc7303200cd,Snake3,100,8,0
0d4e7feb-c9f2-4648-8f14-f344902ccb8a,44,5e94c6d7-922f-409c-8a8c-be2c871bc279,Snake4,93,9,1
0d4e7feb-c9f2-4648-8f14-f344902ccb8a,44,94d45d21-12ff-4e3c-8bb9-dc93438c956c,Snake1,66,5,1
0d4e7feb-c9f2-4648-8f14-f344902ccb8a,44,4e14b03c-249e-4944-bc97-0cc64e276102,Snake2,83,9,1
0d4e7feb-c9f2-4648-8f14-f344902ccb8a,44,3b4bdc72-f611-4876-a482-1fc7303200cd,Snake3,100,8,0
0d4e7feb-c9f2-4648-8f14-f344902ccb8a,45,5e94c6d7-922f-409c-8a8c-be2c871bc279,Snake4,92,9,1
0d4e7feb-c9f2-4648-8f14-f344902ccb8a,45,94d45d21-12ff-4e3c-8bb9-dc93438c956c,Snake1,65,5,1
0d4e7feb-c9f2-4648-8f14-f344902ccb8a,45,4e14b03c-249e-4944-bc97-0cc64e276102,Snake2,82,9,1
0d4e7feb-c9f2-4648-8f14-f344902ccb8a,45,3b4bdc72-f611-4876-a482-1fc7303200cd,Snake3,100,8,0
0d4e7feb-c9f2-4648-8f14-f344902ccb8a,45,5e94c6d7-922f-409c-8a8c-be2c871bc279,Snake4,92,9,1
0d4e7feb-c9f2-4648-8f14-f344902ccb8a,45,94d45d21-12ff-4e3c-8bb9-dc93438c956c,Snake1,65,5,1
0d4e7feb-c9f2-4648-8f14-f344902ccb8a,45,4e14b03c-249e-4944-bc97-0cc64e276102,Snake2,82,9,1
0d4e7feb-c9f2-4648-8f14-f344902ccb8a,45,3b4bdc72-f611-4876-a482-1fc7303200cd,Snake3,100,8,0
0d4e7feb-c9f2-4648-8f14-f344902ccb8a,46,5e94c6d7-922f-409c-8a8c-be2c871bc279,Snake4,91,9,1
0d4e7feb-c9f2-4648-8f14-f344902ccb8a,46,94d45d21-12ff-4e3c-8bb9-dc93438c956c,Snake1,64,5,1
0d4e7feb-c9f2-4648-8f14-f344902ccb8a,46,4e14b03c-249e-4944-bc97-0cc64e276102,Snake2,81,9,1
0d4e7feb-c9f2-4648-8f14-f344902ccb8a,46,3b4bdc72-f611-4876-a482-1fc7303200cd,Snake3,100,8,0
0d4e7feb-c9f2-4648-8f14-f344902ccb8a,46,5e94c6d7-922f-409c-8a8c-be2c871bc279,Snake4,91,9,1
0d4e7feb-c9f2-4648-8f14-f344902ccb8a,46,94d45d21-12ff-4e3c-8bb9-dc93438c956c,Snake1,64,5,1
0d4e7feb-c9f2-4648-8f14-f344902ccb8a,46,4e14b03c-249e-4944-bc97-0cc64e276102,Snake2,81,9,1
0d4e7feb-c9f2-4648-8f14-f344902ccb8a,46,3b4bdc72-f611-4876-a482-1fc7303200cd,Snake3,100,8,0
0d4e7feb-c9f2-4648-8f14-f344902ccb8a,46,5e94c6d7-922f-409c-8a8c-be2c871bc279,Snake4,91,9,1
0d4e7feb-c9f2-4648-8f14-f344902ccb8a,46,94d45d21-12ff-4e3c-8bb9-dc93438c956c,Snake1,64,5,1
0d4e7feb-c9f2-4648-8f14-f344902ccb8a,46,4e14b03c-249e-4944-bc97-0cc64e276102,Snake2,81,9,1
0d4e7feb-c9f2-4648-8f14-f344902ccb8a,46,3b4bdc72-f611-4876-a482-1fc7303200cd,Snake3,100,8,0
0d4e7feb-c9f2-4648-8f14-f344902ccb8a,47,5e94c6d7-922f-409c-8a8c-be2c871bc279,Snake4,90,9,1
0d4e7feb-c9f2-4648-8f14-f344902ccb8a,47,94d45d21-12ff-4e3c-8bb9-dc93438c956c,Snake1,100,6,1
0d4e7feb-c9f2-4648-8f14-f344902ccb8a,47,4e14b03c-249e-4944-bc97-0cc64e276102,Snake2,80,9,1
0d4e7feb-c9f2-4648-8f14-f344902ccb8a,47,3b4bdc72-f611-4876-a482-1fc7303200cd,Snake3,100,8,0
0d4e7feb-c9f2-4648-8f14-f344902ccb8a,47,5e94c6d7-922f-409c-8a8c-be2c871bc279,Snake4,90,9,1
0d4e7feb-c9f2-4648-8f14-f344902ccb8a,47,94d45d21-12ff-4e3c-8bb9-dc93438c956c,Snake1,100,6,1
0d4e7feb-c9f2-4648-8f14-f344902ccb8a,47,4e14b03c-249e-4944-bc97-0cc64e276102,Snake2,80,9,1
0d4e7feb-c9f2-4648-8f14-f344902ccb8a,47,3b4bdc72-f611-4876-a482-1fc7303200cd,Snake3,100,8,0
0d4e7feb-c9f2-4648-8f14-f344902ccb8a,47,5e94c6d7-922f-409c-8a8c-be2c871bc279,Snake4,90,9,1
0d4e7feb-c9f2-4648-8f14-f344902ccb8a,47,94d45d21-12ff-4e3c-8bb9-dc93438c956c,Snake1,100,6,1
0d4e7feb-c9f2-4648-8f14-f344902ccb8a,47,4e14b03c-249e-4944-bc97-0cc64e276102,Snake2,80,9,1
0d4e7feb-c9f2-4648-8f14-f344902ccb8a,47,3b4bdc72-f611-4876-a482-1fc7303200cd,Snake3,100,8,0
0d4e7feb-c9f2-4648-8f14-f344902ccb8a,48,5e94c6d7-922f-409c-8a8c-be2c871bc279,Snake4,89,9,1
0d4e7feb-c9f2-4648-8f14-f344902ccb8a,48,94d45d21-12ff-4e3c-8bb9-dc93438c956c,Snake1,99,6,1
0d4e7feb-c9f2-4648-8f14-f344902ccb8a,48,4e14b03c-249e-4944-bc97-0cc64e276102,Snake2,79,9,1
0d4e7feb-c9f2-4648-8f14-f344902ccb8a,48,3b4bdc72-f611-4876-a482-1fc7303200cd,Snake3,100,8,0
0d4e7feb-c9f2-4648-8f14-f344902ccb8a,48,5e94c6d7-922f-409c-8a8c-be2c871bc279,Snake4,89,9,1
0d4e7feb-c9f2-4648-8f14-f344902ccb8a,48,94d45d21-12ff-4e3c-8bb9-dc93438c956c,Snake1,99,6,1
0d4e7feb-c9f2-4648-8f14-f344902ccb8a,48,4e14b03c-249e-4944-bc97-0cc64e276102,Snake2,79,9,1
0d4e7feb-c9f2-4648-8f14-f344902ccb8a,48,3b4bdc72-f611-4876-a482-1fc7303200cd,Snake3,100,8,0
0d4e7feb-c9f2-4648-8f14-f344902ccb8a,48,5e94c6d7-922f-409c-8a8c-be2c871bc279,Snake4,89,9,1
0d4e7feb-c9f2-4648-8f14-f344902ccb8a,48,94d45d21-12ff-4e3c-8bb9-dc93438c956c,Snake1,99,6,1
0d4e7feb-c9f2-4648-8f14-f344902ccb8a,48,4e14b03c-249e-4944-bc97-0cc64e276102,Snake2,79,9,1
0d4e7feb-c9f2-4648-8f14-f344902ccb8a,48,3b4bdc72-f611-4876-a482-1fc7303200cd,Snake3,100,8,0
0d4e7feb-c9f2-4648-8f14-f344902ccb8a,49,5e94c6d7-922f-409c-8a8c-be2c871bc279,Snake4,88,9,1
0d4e7feb-c9f2-4648-8f14-f344902ccb8a,49,94d45d21-12ff-4e3c-8bb9-dc93438c956c,Snake1,98,6,1
0d4e7feb-c9f2-4648-8f14-f344902ccb8a,49,4e14b03c-249e-4944-bc97-0cc64e276102,Snake2,100,10,1
0d4e7feb-c9f2-4648-8f14-f344902ccb8a,49,3b4bdc72-f611-4876-a482-1fc7303200cd,Snake3,100,8,0
0d4e7feb-c9f2-4648-8f14-f344902ccb8a,49,5e94c6d7-922f-409c-8a8c-be2c871bc279,Snake4,88,9,1
0d4e7feb-c9f2-4648-8f14-f344902ccb8a,49,94d45d21-12ff-4e3c-8bb9-dc93438c956c,Snake1,98,6,1
0d4e7feb-c9f2-4648-8f14-f344902ccb8a,49,4e14b03c-249e-4944-bc97-0cc64e276102,Snake2,100,10,1
0d4e7feb-c9f2-4648-8f14-f344902ccb8a,49,3b4bdc72-f611-4876-a482-1fc7303200cd,Snake3,100,8,0
0d4e7feb-c9f2-4648-8f14-f344902ccb8a,49,5e94c6d7-922f-409c-8a8c-be2c871bc279,Snake4,88,9,1
0d4e7feb-c9f2-4648-8f14-f344902ccb8a,49,94d45d21-12ff-4e3c-8bb9-dc93438c956c,Snake1,98,6,1
0d4e7feb-c9f2-4648-8f14-f344902ccb8a,49,4e14b03c-249e-4944-bc97-0cc64e276102,Snake2,100,10,1
0d4e7feb-c9f2-4648-8f14-f344902ccb8a,49,3b4bdc72-f611-4876-a482-1fc7303200cd,Snake3,100,8,0
0d4e7feb-c9f2-4648-8f14-f344902ccb8a,50,5e94c6d7-922f-409c-8a8c-be2c871bc279,Snake4,87,9,1
0d4e7feb-c9f2-4648-8f14-f344902ccb8a,50,94d45d21-12ff-4e3c-8bb9-dc93438c956c,Snake1,97,6,1
0d4e7feb-c9f2-4648-8f14-f344902ccb8a,50,4e14b03c-249e-4944-bc97-0cc64e276102,Snake2,99,10,1
0d4e7feb-c9f2-4648-8f14-f344902ccb8a,50,3b4bdc72-f611-4876-a482-1fc7303200cd,Snake3,100,8,0
0d4e7feb-c9f2-4648-8f14-f344902ccb8a,50,5e94c6d7-922f-409c-8a8c-be2c871bc279,Snake4,87,9,1
0d4e7feb-c9f2-4648-8f14-f344902ccb8a,50,94d45d21-12ff-4e3c-8bb9-dc93438c956c,Snake1,97,6,1
0d4e7feb-c9f2-4648-8f14-f344902ccb8a,50,4e14b03c-249e-4944-bc97-0cc64e276102,Snake2,99,10,1
0d4e7feb-c9f2-4648-8f14-f344902ccb8a,50,3b4bdc72-f611-4876-a482-1fc7303200cd,Snake3,100,8,0
0d4e7feb-c9f2-4648-8f14-f344902ccb8a,50,5e94c6d7-922f-409c-8a8c-be2c871bc279,Snake4,87,9,1
0d4e7feb-c9f2-4648-8f14-f344902ccb8a,50,94d45d21-12ff-4e3c-8bb9-dc93438c956c,Snake1,97,6,1
0d4e7feb-c9f2-4648-8f14-f344902ccb8a,50,4e14b03c-249e-4944-bc97-0cc64e276102,Snake2,99,10,1
0d4e7feb-c9f2-4648-8f14-f344902ccb8a,50,3b4bdc72-f611-4876-a482-1fc7303200cd,Snake3,100,8,0
0d4e7feb-c9f2-4648-8f14-f344902ccb8a,51,5e94c6d7-922f-409c-8a8c-be2c871bc279,Snake4,86,9,1
0d4e7feb-c9f2-4648-8f14-f344902ccb8a,51,94d45d21-12ff-4e3c-8bb9-dc93438c956c,Snake1,96,6,1
0d4e7feb-c9f2-4648-8f14-f344902ccb8a,51,4e14b03c-249e-4944-bc97-0cc64e276102,Snake2,98,10,1
0d4e7feb-c9f2-4648-8f14-f344902ccb8a,51,3b4bdc72-f611-4876-a482-1fc7303200cd,Snake3,100,8,0
0d4e7feb-c9f2-4648-8f14-f344902ccb8a,51,5e94c6d7-922f-409c-8a8c-be2c871bc279,Snake4,86,9,1
0d4e7feb-c9f2-4648-8f14-f344902ccb8a,51,94d45d21-12ff-4e3c-8bb9-dc93438c956c,Snake1,96,6,1
0d4e7feb-c9f2-4648-8f14-f344902ccb8a,51,4e14b03c-249e-4944-bc97-0cc64e276102,Snake2,98,10,1
0d4e7feb-c9f2-4648-8f14-f344902ccb8a,51,3b4bdc72-f611-4876-a482-1fc7303200cd,Snake3,100,8,0
0d4e7feb-c9f2-4648-8f14-f344902ccb8a,52,5e94c6d7-922f-409c-8a8c-be2c871bc279,Snake4,85,9,1
0d4e7feb-c9f2-4648-8f14-f344902ccb8a,52,94d45d21-12ff-4e3c-8bb9-dc93438c956c,Snake1,95,6,1
0d4e7feb-c9f2-4648-8f14-f344902ccb8a,52,4e14b03c-249e-4944-bc97-0cc64e276102,Snake2,97,10,1
0d4e7feb-c9f2-4648-8f14-f344902ccb8a,52,3b4bdc72-f611-4876-a482-1fc7303200cd,Snake3,100,8,0
0d4e7feb-c9f2-4648-8f14-f344902ccb8a,52,5e94c6d7-922f-409c-8a8c-be2c871bc279,Snake4,85,9,1
0d4e7feb-c9f2-4648-8f14-f344902ccb8a,52,94d45d21-12ff-4e3c-8bb9-dc93438c956c,Snake1,95,6,1
0d4e7feb-c9f2-4648-8f14-f344902ccb8a,52,4e14b03c-249e-4944-bc97-0cc64e276102,Snake2,97,10,1
0d4e7feb-c9f2-4648-8f14-f344902ccb8a,52,3b4bdc72-f611-4876-a482-1fc7303200cd,Snake3,100,8,0
0d4e7feb-c9f2-4648-8f14-f344902ccb8a,52,5e94c6d7-922f-409c-8a8c-be2c871bc279,Snake4,85,9,1
0d4e7feb-c9f2-4648-8f14-f344902ccb8a,52,94d45d21-12ff-4e3c-8bb9-dc93438c956c,Snake1,95,6,1
0d4e7feb-c9f2-4648-8f14-f344902ccb8a,52,4e14b03c-249e-4944-bc97-0cc64e276102,Snake2,97,10,1
0d4e7feb-c9f2-4648-8f14-f344902ccb8a,52,3b4bdc72-f611-4876-a482-1fc7303200cd,Snake3,100,8,0
0d4e7feb-c9f2-4648-8f14-f344902ccb8a,53,5e94c6d7-922f-409c-8a8c-be2c871bc279,Snake4,84,9,1
0d4e7feb-c9f2-4648-8f14-f344902ccb8a,53,94d45d21-12ff-4e3c-8bb9-dc93438c956c,Snake1,94,6,1
0d4e7feb-c9f2-4648-8f14-f344902ccb8a,53,4e14b03c-249e-4944-bc97-0cc64e276102,Snake2,96,10,1
0d4e7feb-c9f2-4648-8f14-f344902ccb8a,53,3b4bdc72-f611-4876-a482-1fc7303200cd,Snake3,100,8,0
0d4e7feb-c9f2-4648-8f14-f344902ccb8a,53,5e94c6d7-922f-409c-8a8c-be2c871bc279,Snake4,84,9,1
0d4e7feb-c9f2-4648-8f14-f344902ccb8a,53,94d45d21-12ff-4e3c-8bb9-dc93438c956c,Snake1,94,6,1
0d4e7feb-c9f2-4648-8f14-f344902ccb8a,53,4e14b03c-249e-4944-bc97-0cc64e276102,Snake2,96,10,1
0d4e7feb-c9f2-4648-8f14-f344902ccb8a,53,3b4bdc72-f611-4876-a482-1fc7303200cd,Snake3,100,8,0
0d4e7feb-c9f2-4648-8f14-f344902ccb8a,53,5e94c6d7-922f-409c-8a8c-be2c871bc279,Snake4,84,9,1
0d4e7feb-c9f2-4648-8f14-f344902ccb8a,53,94d45d21-12ff-4e3c-8bb9-dc93438c956c,Snake1,94,6,1
0d4e7feb-c9f2-4648-8f14-f344902ccb8a,53,4e14b03c-249e-4944-bc97-0cc64e276102,Snake2,96,10,1
0d4e7feb-c9f2-4648-8f14-f344902ccb8a,53,3b4bdc72-f611-4876-a482-1fc7303200cd,Snake3,100,8,0
0d4e7feb-c9f2-4648-8f14-f344902ccb8a,54,5e94c6d7-922f-409c-8a8c-be2c871bc279,Snake4,83,9,1
0d4e7feb-c9f2-4648-8f14-f344902ccb8a,54,94d45d21-12ff-4e3c-8bb9-dc93438c956c,Snake1,93,6,1
0d4e7feb-c9f2-4648-8f14-f344902ccb8a,54,4e14b03c-249e-4944-bc97-0cc64e276102,Snake2,95,10,1
0d4e7feb-c9f2-4648-8f14-f344902ccb8a,54,3b4bdc72-f611-4876-a482-1fc7303200cd,Snake3,100,8,0
0d4e7feb-c9f2-4648-8f14-f344902ccb8a,55,5e94c6d7-922f-409c-8a8c-be2c871bc279,Snake4,82,9,1
0d4e7feb-c9f2-4648-8f14-f344902ccb8a,55,94d45d21-12ff-4e3c-8bb9-dc93438c956c,Snake1,92,6,1
0d4e7feb-c9f2-4648-8f14-f344902ccb8a,55,4e14b03c-249e-4944-bc97-0cc64e276102,Snake2,94,10,1
0d4e7feb-c9f2-4648-8f14-f344902ccb8a,55,3b4bdc72-f611-4876-a482-1fc7303200cd,Snake3,100,8,0
0d4e7feb-c9f2-4648-8f14-f344902ccb8a,55,5e94c6d7-922f-409c-8a8c-be2c871bc279,Snake4,82,9,1
0d4e7feb-c9f2-4648-8f14-f344902ccb8a,55,94d45d21-12ff-4e3c-8bb9-dc93438c956c,Snake1,92,6,1
0d4e7feb-c9f2-4648-8f14-f344902ccb8a,55,4e14b03c-249e-4944-bc97-0cc64e276102,Snake2,94,10,1
0d4e7feb-c9f2-4648-8f14-f344902ccb8a,55,3b4bdc72-f611-4876-a482-1fc7303200cd,Snake3,100,8,0
0d4e7feb-c9f2-4648-8f14-f344902ccb8a,55,5e94c6d7-922f-409c-8a8c-be2c871bc279,Snake4,82,9,1
0d4e7feb-c9f2-4648-8f14-f344902ccb8a,55,94d45d21-12ff-4e3c-8bb9-dc93438c956c,Snake1,92,6,1
0d4e7feb-c9f2-4648-8f14-f344902ccb8a,55,4e14b03c-249e-4944-bc97-0cc64e276102,Snake2,94,10,1
0d4e7feb-c9f2-4648-8f14-f344902ccb8a,55,3b4bdc72-f611-4876-a482-1fc7303200cd,Snake3,100,8,0
0d4e7feb-c9f2-4648-8f14-f344902ccb8a,56,5e94c6d7-922f-409c-8a8c-be2c871bc279,Snake4,81,9,1
0d4e7feb-c9f2-4648-8f14-f344902ccb8a,56,94d45d21-12ff-4e3c-8bb9-dc93438c956c,Snake1,100,7,1
0d4e7feb-c9f2-4648-8f14-f344902ccb8a,56,4e14b03c-249e-4944-bc97-0cc64e276102,Snake2,93,10,1
0d4e7feb-c9f2-4648-8f14-f344902ccb8a,56,3b4bdc72-f611-4876-a482-1fc7303200cd,Snake3,100,8,0
0d4e7feb-c9f2-4648-8f14-f344902ccb8a,56,5e94c6d7-922f-409c-8a8c-be2c871bc279,Snake4,81,9,1
0d4e7feb-c9f2-4648-8f14-f344902ccb8a,56,94d45d21-12ff-4e3c-8bb9-dc93438c956c,Snake1,100,7,1
0d4e7feb-c9f2-4648-8f14-f344902ccb8a,56,4e14b03c-249e-4944-bc97-0cc64e276102,Snake2,93,10,1
0d4e7feb-c9f2-4648-8f14-f344902ccb8a,56,3b4bdc72-f611-4876-a482-1fc7303200cd,Snake3,100,8,0
0d4e7feb-c9f2-4648-8f14-f344902ccb8a,57,5e94c6d7-922f-409c-8a8c-be2c871bc279,Snake4,80,9,1
0d4e7feb-c9f2-4648-8f14-f344902ccb8a,57,94d45d21-12ff-4e3c-8bb9-dc93438c956c,Snake1,99,7,1
0d4e7feb-c9f2-4648-8f14-f344902ccb8a,57,4e14b03c-249e-4944-bc97-0cc64e276102,Snake2,100,11,1
0d4e7feb-c9f2-4648-8f14-f344902ccb8a,57,3b4bdc72-f611-4876-a482-1fc7303200cd,Snake3,100,8,0
0d4e7feb-c9f2-4648-8f14-f344902ccb8a,57,5e94c6d7-922f-409c-8a8c-be2c871bc279,Snake4,80,9,1
0d4e7feb-c9f2-4648-8f14-f344902ccb8a,57,94d45d21-12ff-4e3c-8bb9-dc93438c956c,Snake1,99,7,1
0d4e7feb-c9f2-4648-8f14-f344902ccb8a,57,4e14b03c-249e-4944-bc97-0cc64e276102,Snake2,100,11,1
0d4e7feb-c9f2-4648-8f14-f344902ccb8a,57,3b4bdc72-f611-4876-a482-1fc7303200cd,Snake3,100,8,0
0d4e7feb-c9f2-4648-8f14-f344902ccb8a,57,5e94c6d7-922f-409c-8a8c-be2c871bc279,Snake4,80,9,1
0d4e7feb-c9f2-4648-8f14-f344902ccb8a,57,94d45d21-12ff-4e3c-8bb9-dc93438c956c,Snake1,99,7,1
0d4e7feb-c9f2-4648-8f14-f344902ccb8a,57,4e14b03c-249e-4944-bc97-0cc64e276102,Snake2,100,11,1
0d4e7feb-c9f2-4648-8f14-f344902ccb8a,57,3b4bdc72-f611-4876-a482-1fc7303200cd,Snake3,100,8,0
0d4e7feb-c9f2-4648-8f14-f344902ccb8a,58,5e94c6d7-922f-409c-8a8c-be2c871bc279,Snake4,79,9,1
0d4e7feb-c9f2-4648-8f14-f344902ccb8a,58,94d45d21-12ff-4e3c-8bb9-dc93438c956c,Snake1,98,7,1
0d4e7feb-c9f2-4648-8f14-f344902ccb8a,58,4e14b03c-249e-4944-bc97-0cc64e276102,Snake2,99,11,1
0d4e7feb-c9f2-4648-8f14-f344902ccb8a,58,3b4bdc72-f611-4876-a482-1fc7303200cd,Snake3,100,8,0
0d4e7feb-c9f2-4648-8f14-f344902ccb8a,58,5e94c6d7-922f-409c-8a8c-be2c871bc279,Snake4,79,9,1
0d4e7feb-c9f2-4648-8f14-f344902ccb8a,58,94d45d21-12ff-4e3c-8bb9-dc93438c956c,Snake1,98,7,1
0d4e7feb-c9f2-4648-8f14-f344902ccb8a,58,4e14b03c-249e-4944-bc97-0cc64e276102,Snake2,99,11,1
0d4e7feb-c9f2-4648-8f14-f344902ccb8a,58,3b4bdc72-f611-4876-a482-1fc7303200cd,Snake3,100,8,0
0d4e7feb-c9f2-4648-8f14-f344902ccb8a,59,5e94c6d7-922f-409c-8a8c-be2c871bc279,Snake4,78,9,1
0d4e7feb-c9f2-4648-8f14-f344902ccb8a,59,94d45d21-12ff-4e3c-8bb9-dc93438c956c,Snake1,97,7,1
0d4e7feb-c9f2-4648-8f14-f344902ccb8a,59,4e14b03c-249e-4944-bc97-0cc64e276102,Snake2,98,11,1
0d4e7feb-c9f2-4648-8f14-f344902ccb8a,59,3b4bdc72-f611-4876-a482-1fc7303200cd,Snake3,100,8,0
0d4e7feb-c9f2-4648-8f14-f344902ccb8a,59,5e94c6d7-922f-409c-8a8c-be2c871bc279,Snake4,78,9,1
0d4e7feb-c9f2-4648-8f14-f344902ccb8a,59,94d45d21-12ff-4e3c-8bb9-dc93438c956c,Snake1,97,7,1
0d4e7feb-c9f2-4648-8f14-f344902ccb8a,59,4e14b03c-249e-4944-bc97-0cc64e276102,Snake2,98,11,1
0d4e7feb-c9f2-4648-8f14-f344902ccb8a,59,3b4bdc72-f611-4876-a482-1fc7303200cd,Snake3,100,8,0
0d4e7feb-c9f2-4648-8f14-f344902ccb8a,59,5e94c6d7-922f-409c-8a8c-be2c871bc279,Snake4,78,9,1
0d4e7feb-c9f2-4648-8f14-f344902ccb8a,59,94d45d21-12ff-4e3c-8bb9-dc93438c956c,Snake1,97,7,1
0d4e7feb-c9f2-4648-8f14-f344902ccb8a,59,4e14b03c-249e-4944-bc97-0cc64e276102,Snake2,98,11,1
0d4e7feb-c9f2-4648-8f14-f344902ccb8a,59,3b4bdc72-f611-4876-a482-1fc7303200cd,Snake3,100,8,0
0d4e7feb-c9f2-4648-8f14-f344902ccb8a,60,5e94c6d7-922f-409c-8a8c-be2c871bc279,Snake4,77,9,1
0d4e7feb-c9f2-4648-8f14-f344902ccb8a,60,94d45d21-12ff-4e3c-8bb9-dc93438c956c,Snake1,96,7,1
0d4e7feb-c9f2-4648-8f14-f344902ccb8a,60,4e14b03c-249e-4944-bc97-0cc64e276102,Snake2,97,11,1
0d4e7feb-c9f2-4648-8f14-f344902ccb8a,60,3b4bdc72-f611-4876-a482-1fc7303200cd,Snake3,100,8,0
0d4e7feb-c9f2-4648-8f14-f344902ccb8a,60,5e94c6d7-922f-409c-8a8c-be2c871bc279,Snake4,77,9,1
0d4e7feb-c9f2-4648-8f14-f344902ccb8a,60,94d45d21-12ff-4e3c-8bb9-dc93438c956c,Snake1,96,7,1
0d4e7feb-c9f2-4648-8f14-f344902ccb8a,60,4e14b03c-249e-4944-bc97-0cc64e276102,Snake2,97,11,1
0d4e7feb-c9f2-4648-8f14-f344902ccb8a,60,3b4bdc72-f611-4876-a482-1fc7303200cd,Snake3,100,8,0
0d4e7feb-c9f2-4648-8f14-f344902ccb8a,60,5e94c6d7-922f-409c-8a8c-be2c871bc279,Snake4,77,9,1
0d4e7feb-c9f2-4648-8f14-f344902ccb8a,60,94d45d21-12ff-4e3c-8bb9-dc93438c956c,Snake1,96,7,1
0d4e7feb-c9f2-4648-8f14-f344902ccb8a,60,4e14b03c-249e-4944-bc97-0cc64e276102,Snake2,97,11,1
0d4e7feb-c9f2-4648-8f14-f344902ccb8a,60,3b4bdc72-f611-4876-a482-1fc7303200cd,Snake3,100,8,0
0d4e7feb-c9f2-4648-8f14-f344902ccb8a,61,5e94c6d7-922f-409c-8a8c-be2c871bc279,Snake4,76,9,1
0d4e7feb-c9f2-4648-8f14-f344902ccb8a,61,94d45d21-12ff-4e3c-8bb9-dc93438c956c,Snake1,95,7,1
0d4e7feb-c9f2-4648-8f14-f344902ccb8a,61,4e14b03c-249e-4944-bc97-0cc64e276102,Snake2,96,11,1
0d4e7feb-c9f2-4648-8f14-f344902ccb8a,61,3b4bdc72-f611-4876-a482-1fc7303200cd,Snake3,100,8,0
0d4e7feb-c9f2-4648-8f14-f344902ccb8a,61,5e94c6d7-922f-409c-8a8c-be2c871bc279,Snake4,76,9,1
0d4e7feb-c9f2-4648-8f14-f344902ccb8a,61,94d45d21-12ff-4e3c-8bb9-dc93438c956c,Snake1,95,7,1
0d4e7feb-c9f2-4648-8f14-f344902ccb8a,61,4e14b03c-249e-4944-bc97-0cc64e276102,Snake2,96,11,1
0d4e7feb-c9f2-4648-8f14-f344902ccb8a,61,3b4bdc72-f611-4876-a482-1fc7303200cd,Snake3,100,8,0
0d4e7feb-c9f2-4648-8f14-f344902ccb8a,61,5e94c6d7-922f-409c-8a8c-be2c871bc279,Snake4,76,9,1
0d4e7feb-c9f2-4648-8f14-f344902ccb8a,61,94d45d21-12ff-4e3c-8bb9-dc93438c956c,Snake1,95,7,1
0d4e7feb-c9f2-4648-8f14-f344902ccb8a,61,4e14b03c-249e-4944-bc97-0cc64e276102,Snake2,96,11,1
0d4e7feb-c9f2-4648-8f14-f344902ccb8a,61,3b4bdc72-f611-4876-a482-1fc7303200cd,Snake3,100,8,0
0d4e7feb-c9f2-4648-8f14-f344902ccb8a,62,5e94c6d7-922f-409c-8a8c-be2c871bc279,Snake4,75,9,1
0d4e7feb-c9f2-4648-8f14-f344902ccb8a,62,94d45d21-12ff-4e3c-8bb9-dc93438c956c,Snake1,94,7,1
0d4e7feb-c9f2-4648-8f14-f344902ccb8a,62,4e14b03c-249e-4944-bc97-0cc64e276102,Snake2,95,11,1
0d4e7feb-c9f2-4648-8f14-f344902ccb8a,62,3b4bdc72-f611-4876-a482-1fc7303200cd,Snake3,100,8,0
0d4e7feb-c9f2-4648-8f14-f344902ccb8a,62,5e94c6d7-922f-409c-8a8c-be2c871bc279,Snake4,75,9,1
0d4e7feb-c9f2-4648-8f14-f344902ccb8a,62,94d45d21-12ff-4e3c-8bb9-dc93438c956c,Snake1,94,7,1
0d4e7feb-c9f2-4648-8f14-f344902ccb8a,62,4e14b03c-249e-4944-bc97-0cc64e276102,Snake2,95,11,1
0d4e7feb-c9f2-4648-8f14-f344902ccb8a,62,3b4bdc72-f611-4876-a482-1fc7303200cd,Snake3,100,8,0
0d4e7feb-c9f2-4648-8f14-f344902ccb8a,62,5e94c6d7-922f-409c-8a8c-be2c871bc279,Snake4,75,9,1
0d4e7feb-c9f2-4648-8f14-f344902ccb8a,62,94d45d21-12ff-4e3c-8bb9-dc93438c956c,Snake1,94,7,1
0d4e7feb-c9f2-4648-8f14-f344902ccb8a,62,4e14b03c-249e-4944-bc97-0cc64e276102,Snake2,95,11,1
0d4e7feb-c9f2-4648-8f14-f344902ccb8a,62,3b4bdc72-f611-4876-a482-1fc7303200cd,Snake3,100,8,0
0d4e7feb-c9f2-4648-8f14-f344902ccb8a,63,5e94c6d7-922f-409c-8a8c-be2c871bc279,Snake4,74,9,1
0d4e7feb-c9f2-4648-8f14-f344902ccb8a,63,94d45d21-12ff-4e3c-8bb9-dc93438c956c,Snake1,93,7,1
0d4e7feb-c9f2-4648-8f14-f344902ccb8a,63,4e14b03c-249e-4944-bc97-0cc64e276102,Snake2,94,11,1
0d4e7feb-c9f2-4648-8f14-f344902ccb8a,63,3b4bdc72-f611-4876-a482-1fc7303200cd,Snake3,100,8,0
0d4e7feb-c9f2-4648-8f14-f344902ccb8a,63,5e94c6d7-922f-409c-8a8c-be2c871bc279,Snake4,74,9,1
0d4e7feb-c9f2-4648-8f14-f344902ccb8a,63,94d45d21-12ff-4e3c-8bb9-dc93438c956c,Snake1,93,7,1
0d4e7feb-c9f2-4648-8f14-f344902ccb8a,63,4e14b03c-249e-4944-bc97-0cc64e276102,Snake2,94,11,1
0d4e7feb-c9f2-4648-8f14-f344902ccb8a,63,3b4bdc72-f611-4876-a482-1fc7303200cd,Snake3,100,8,0
0d4e7feb-c9f2-4648-8f14-f344902ccb8a,64,5e94c6d7-922f-409c-8a8c-be2c871bc279,Snake4,73,9,1
0d4e7feb-c9f2-4648-8f14-f344902ccb8a,64,94d45d21-12ff-4e3c-8bb9-dc93438c956c,Snake1,92,7,1
0d4e7feb-c9f2-4648-8f14-f344902ccb8a,64,4e14b03c-249e-4944-bc97-0cc64e276102,Snake2,100,12,1
0d4e7feb-c9f2-4648-8f14-f344902ccb8a,64,3b4bdc72-f611-4876-a482-1fc7303200cd,Snake3,100,8,0
0d4e7feb-c9f2-4648-8f14-f344902ccb8a,64,5e94c6d7-922f-409c-8a8c-be2c871bc279,Snake4,73,9,1
0d4e7feb-c9f2-4648-8f14-f344902ccb8a,64,94d45d21-12ff-4e3c-8bb9-dc93438c956c,Snake1,92,7,1
0d4e7feb-c9f2-4648-8f14-f344902ccb8a,64,4e14b03c-249e-4944-bc97-0cc64e276102,Snake2,100,12,1
0d4e7feb-c9f2-4648-8f14-f344902ccb8a,64,3b4bdc72-f611-4876-a482-1fc7303200cd,Snake3,100,8,0
0d4e7feb-c9f2-4648-8f14-f344902ccb8a,64,5e94c6d7-922f-409c-8a8c-be2c871bc279,Snake4,73,9,1
0d4e7feb-c9f2-4648-8f14-f344902ccb8a,64,94d45d21-12ff-4e3c-8bb9-dc93438c956c,Snake1,92,7,1
0d4e7feb-c9f2-4648-8f14-f344902ccb8a,64,4e14b03c-249e-4944-bc97-0cc64e276102,Snake2,100,12,1
0d4e7feb-c9f2-4648-8f14-f344902ccb8a,64,3b4bdc72-f611-4876-a482-1fc7303200cd,Snake3,100,8,0
0d4e7feb-c9f2-4648-8f14-f344902ccb8a,65,5e94c6d7-922f-409c-8a8c-be2c871bc279,Snake4,72,9,1
0d4e7feb-c9f2-4648-8f14-f344902ccb8a,65,94d45d21-12ff-4e3c-8bb9-dc93438c956c,Snake1,91,7,1
0d4e7feb-c9f2-4648-8f14-f344902ccb8a,65,4e14b03c-249e-4944-bc97-0cc64e276102,Snake2,99,12,1
0d4e7feb-c9f2-4648-8f14-f344902ccb8a,65,3b4bdc72-f611-4876-a482-1fc7303200cd,Snake3,100,8,0
0d4e7feb-c9f2-4648-8f14-f344902ccb8a,65,5e94c6d7-922f-409c-8a8c-be2c871bc279,Snake4,72,9,1
0d4e7feb-c9f2-4648-8f14-f344902ccb8a,65,94d45d21-12ff-4e3c-8bb9-dc93438c956c,Snake1,91,7,1
0d4e7feb-c9f2-4648-8f14-f344902ccb8a,65,4e14b03c-249e-4944-bc97-0cc64e276102,Snake2,99,12,1
0d4e7feb-c9f2-4648-8f14-f344902ccb8a,65,3b4bdc72-f611-4876-a482-1fc7303200cd,Snake3,100,8,0
0d4e7feb-c9f2-4648-8f14-f344902ccb8a,66,5e94c6d7-922f-409c-8a8c-be2c871bc279,Snake4,71,9,1
0d4e7feb-c9f2-4648-8f14-f344902ccb8a,66,94d45d21-12ff-4e3c-8bb9-dc93438c956c,Snake1,90,7,1
0d4e7feb-c9f2-4648-8f14-f344902ccb8a,66,4e14b03c-249e-4944-bc97-0cc64e276102,Snake2,98,12,1
0d4e7feb-c9f2-4648-8f14-f344902ccb8a,66,3b4bdc72-f611-4876-a482-1fc7303200cd,Snake3,100,8,0
0d4e7feb-c9f2-4648-8f14-f344902ccb8a,66,5e94c6d7-922f-409c-8a8c-be2c871bc279,Snake4,71,9,1
0d4e7feb-c9f2-4648-8f14-f344902ccb8a,66,94d45d21-12ff-4e3c-8bb9-dc93438c956c,Snake1,90,7,1
0d4e7feb-c9f2-4648-8f14-f344902ccb8a,66,4e14b03c-249e-4944-bc97-0cc64e276102,Snake2,98,12,1
0d4e7feb-c9f2-4648-8f14-f344902ccb8a,66,3b4bdc72-f611-4876-a482-1fc7303200cd,Snake3,100,8,0
0d4e7feb-c9f2-4648-8f14-f344902ccb8a,66,5e94c6d7-922f-409c-8a8c-be2c871bc279,Snake4,71,9,1
0d4e7feb-c9f2-4648-8f14-f344902ccb8a,66,94d45d21-12ff-4e3c-8bb9-dc93438c956c,Snake1,90,7,1
0d4e7feb-c9f2-4648-8f14-f344902ccb8a,66,4e14b03c-249e-4944-bc97-0cc64e276102,Snake2,98,12,1
0d4e7feb-c9f2-4648-8f14-f344902ccb8a,66,3b4bdc72-f611-4876-a482-1fc7303200cd,Snake3,100,8,0
0d4e7feb-c9f2-4648-8f14-f344902ccb8a,67,5e94c6d7-922f-409c-8a8c-be2c871bc279,Snake4,70,9,1
0d4e7feb-c9f2-4648-8f14-f344902ccb8a,67,94d45d21-12ff-4e3c-8bb9-dc93438c956c,Snake1,100,8,1
0d4e7feb-c9f2-4648-8f14-f344902ccb8a,67,4e14b03c-249e-4944-bc97-0cc64e276102,Snake2,97,12,1
0d4e7feb-c9f2-4648-8f14-f344902ccb8a,67,3b4bdc72-f611-4876-a482-1fc7303200cd,Snake3,100,8,0
0d4e7feb-c9f2-4648-8f14-f344902ccb8a,67,5e94c6d7-922f-409c-8a8c-be2c871bc279,Snake4,70,9,1
0d4e7feb-c9f2-4648-8f14-f344902ccb8a,67,94d45d21-12ff-4e3c-8bb9-dc93438c956c,Snake1,100,8,1
0d4e7feb-c9f2-4648-8f14-f344902ccb8a,67,4e14b03c-249e-4944-bc97-0cc64e276102,Snake2,97,12,1
0d4e7feb-c9f2-4648-8f14-f344902ccb8a,67,3b4bdc72-f611-4876-a482-1fc7303200cd,Snake3,100,8,0
0d4e7feb-c9f2-4648-8f14-f344902ccb8a,67,5e94c6d7-922f-409c-8a8c-be2c871bc279,Snake4,70,9,1
0d4e7feb-c9f2-4648-8f14-f344902ccb8a,67,94d45d21-12ff-4e3c-8bb9-dc93438c956c,Snake1,100,8,1
0d4e7feb-c9f2-4648-8f14-f344902ccb8a,67,4e14b03c-249e-4944-bc97-0cc64e276102,Snake2,97,12,1
0d4e7feb-c9f2-4648-8f14-f344902ccb8a,67,3b4bdc72-f611-4876-a482-1fc7303200cd,Snake3,100,8,0
0d4e7feb-c9f2-4648-8f14-f344902ccb8a,68,5e94c6d7-922f-409c-8a8c-be2c871bc279,Snake4,69,9,1
0d4e7feb-c9f2-4648-8f14-f344902ccb8a,68,94d45d21-12ff-4e3c-8bb9-dc93438c956c,Snake1,99,8,1
0d4e7feb-c9f2-4648-8f14-f344902ccb8a,68,4e14b03c-249e-4944-bc97-0cc64e276102,Snake2,96,12,1
0d4e7feb-c9f2-4648-8f14-f344902ccb8a,68,3b4bdc72-f611-4876-a482-1fc7303200cd,Snake3,100,8,0
0d4e7feb-c9f2-4648-8f14-f344902ccb8a,68,5e94c6d7-922f-409c-8a8c-be2c871bc279,Snake4,69,9,1
0d4e7feb-c9f2-4648-8f14-f344902ccb8a,68,94d45d21-12ff-4e3c-8bb9-dc93438c956c,Snake1,99,8,1
0d4e7feb-c9f2-4648-8f14-f344902ccb8a,68,4e14b03c-249e-4944-bc97-0cc64e276102,Snake2,96,12,1
0d4e7feb-c9f2-4648-8f14-f344902ccb8a,68,3b4bdc72-f611-4876-a482-1fc7303200cd,Snake3,100,8,0
0d4e7feb-c9f2-4648-8f14-f344902ccb8a,68,5e94c6d7-922f-409c-8a8c-be2c871bc279,Snake4,69,9,1
0d4e7feb-c9f2-4648-8f14-f344902ccb8a,68,94d45d21-12ff-4e3c-8bb9-dc93438c956c,Snake1,99,8,1
0d4e7feb-c9f2-4648-8f14-f344902ccb8a,68,4e14b03c-249e-4944-bc97-0cc64e276102,Snake2,96,12,1
0d4e7feb-c9f2-4648-8f14-f344902ccb8a,68,3b4bdc72-f611-4876-a482-1fc7303200cd,Snake3,100,8,0
0d4e7feb-c9f2-4648-8f14-f344902ccb8a,69,5e94c6d7-922f-409c-8a8c-be2c871bc279,Snake4,68,9,1
0d4e7feb-c9f2-4648-8f14-f344902ccb8a,69,94d45d21-12ff-4e3c-8bb9-dc93438c956c,Snake1,98,8,1
0d4e7feb-c9f2-4648-8f14-f344902ccb8a,69,4e14b03c-249e-4944-bc97-0cc64e276102,Snake2,95,12,1
0d4e7feb-c9f2-4648-8f14-f344902ccb8a,69,3b4bdc72-f611-4876-a482-1fc7303200cd,Snake3,100,8,0
0d4e7feb-c9f2-4648-8f14-f344902ccb8a,69,5e94c6d7-922f-409c-8a8c-be2c871bc279,Snake4,68,9,1
0d4e7feb-c9f2-4648-8f14-f344902ccb8a,69,94d45d21-12ff-4e3c-8bb9-dc93438c956c,Snake1,98,8,1
0d4e7feb-c9f2-4648-8f14-f344902ccb8a,69,4e14b03c-249e-4944-bc97-0cc64e276102,Snake2,95,12,1
0d4e7feb-c9f2-4648-8f14-f344902ccb8a,69,3b4bdc72-f611-4876-a482-1fc7303200cd,Snake3,100,8,0
0d4e7feb-c9f2-4648-8f14-f344902ccb8a,69,5e94c6d7-922f-409c-8a8c-be2c871bc279,Snake4,68,9,1
0d4e7feb-c9f2-4648-8f14-f344902ccb8a,69,94d45d21-12ff-4e3c-8bb9-dc93438c956c,Snake1,98,8,1
0d4e7feb-c9f2-4648-8f14-f344902ccb8a,69,4e14b03c-249e-4944-bc97-0cc64e276102,Snake2,95,12,1
0d4e7feb-c9f2-4648-8f14-f344902ccb8a,69,3b4bdc72-f611-4876-a482-1fc7303200cd,Snake3,100,8,0
0d4e7feb-c9f2-4648-8f14-f344902ccb8a,70,5e94c6d7-922f-409c-8a8c-be2c871bc279,Snake4,67,9,1
0d4e7feb-c9f2-4648-8f14-f344902ccb8a,70,94d45d21-12ff-4e3c-8bb9-dc93438c956c,Snake1,97,8,1
0d4e7feb-c9f2-4648-8f14-f344902ccb8a,70,4e14b03c-249e-4944-bc97-0cc64e276102,Snake2,94,12,1
0d4e7feb-c9f2-4648-8f14-f344902ccb8a,70,3b4bdc72-f611-4876-a482-1fc7303200cd,Snake3,100,8,0
0d4e7feb-c9f2-4648-8f14-f344902ccb8a,70,5e94c6d7-922f-409c-8a8c-be2c871bc279,Snake4,67,9,1
0d4e7feb-c9f2-4648-8f14-f344902ccb8a,70,94d45d21-12ff-4e3c-8bb9-dc93438c956c,Snake1,97,8,1
0d4e7feb-c9f2-4648-8f14-f344902ccb8a,70,4e14b03c-249e-4944-bc97-0cc64e276102,Snake2,94,12,1
0d4e7feb-c9f2-4648-8f14-f344902ccb8a,70,3b4bdc72-f611-4876-a482-1fc7303200cd,Snake3,100,8,0
0d4e7feb-c9f2-4648-8f14-f344902ccb8a,70,5e94c6d7-922f-409c-8a8c-be2c871bc279,Snake4,67,9,1
0d4e7feb-c9f2-4648-8f14-f344902ccb8a,70,94d45d21-12ff-4e3c-8bb9-dc93438c956c,Snake1,97,8,1
0d4e7feb-c9f2-4648-8f14-f344902ccb8a,70,4e14b03c-249e-4944-bc97-0cc64e276102,Snake2,94,12,1
0d4e7feb-c9f2-4648-8f14-f344902ccb8a,70,3b4bdc72-f611-4876-a482-1fc7303200cd,Snake3,100,8,0
0d4e7feb-c9f2-4648-8f14-f344902ccb8a,71,5e94c6d7-922f-409c-8a8c-be2c871bc279,Snake4,66,9,1
0d4e7feb-c9f2-4648-8f14-f344902ccb8a,71,94d45d21-12ff-4e3c-8bb9-dc93438c956c,Snake1,96,8,1
0d4e7feb-c9f2-4648-8f14-f344902ccb8a,71,4e14b03c-249e-4944-bc97-0cc64e276102,Snake2,93,12,1
0d4e7feb-c9f2-4648-8f14-f344902ccb8a,71,3b4bdc72-f611-4876-a482-1fc7303200cd,Snake3,100,8,0
0d4e7feb-c9f2-4648-8f14-f344902ccb8a,71,5e94c6d7-922f-409c-8a8c-be2c871bc279,Snake4,66,9,1
0d4e7feb-c9f2-4648-8f14-f344902ccb8a,71,94d45d21-12ff-4e3c-8bb9-dc93438c956c,Snake1,96,8,1
0d4e7feb-c9f2-4648-8f14-f344902ccb8a,71,4e14b03c-249e-4944-bc97-0cc64e276102,Snake2,93,12,1
0d4e7feb-c9f2-4648-8f14-f344902ccb8a,71,3b4bdc72-f611-4876-a482-1fc7303200cd,Snake3,100,8,0
0d4e7feb-c9f2-4648-8f14-f344902ccb8a,71,5e94c6d7-922f-409c-8a8c-be2c871bc279,Snake4,66,9,1
0d4e7feb-c9f2-4648-8f14-f344902ccb8a,71,94d45d21-12ff-4e3c-8bb9-dc93438c956c,Snake1,96,8,1
0d4e7feb-c9f2-4648-8f14-f344902ccb8a,71,4e14b03c-249e-4944-bc97-0cc64e276102,Snake2,93,12,1
0d4e7feb-c9f2-4648-8f14-f344902ccb8a,71,3b4bdc72-f611-4876-a482-1fc7303200cd,Snake3,100,8,0
0d4e7feb-c9f2-4648-8f14-f344902ccb8a,72,5e94c6d7-922f-409c-8a8c-be2c871bc279,Snake4,65,9,1
0d4e7feb-c9f2-4648-8f14-f344902ccb8a,72,94d45d21-12ff-4e3c-8bb9-dc93438c956c,Snake1,95,8,1
0d4e7feb-c9f2-4648-8f14-f344902ccb8a,72,4e14b03c-249e-4944-bc97-0cc64e276102,Snake2,92,12,1
0d4e7feb-c9f2-4648-8f14-f344902ccb8a,72,3b4bdc72-f611-4876-a482-1fc7303200cd,Snake3,100,8,0
0d4e7feb-c9f2-4648-8f14-f344902ccb8a,72,5e94c6d7-922f-409c-8a8c-be2c871bc279,Snake4,65,9,1
0d4e7feb-c9f2-4648-8f14-f344902ccb8a,72,94d45d21-12ff-4e3c-8bb9-dc93438c956c,Snake1,95,8,1
0d4e7feb-c9f2-4648-8f14-f344902ccb8a,72,4e14b03c-249e-4944-bc97-0cc64e276102,Snake2,92,12,1
0d4e7feb-c9f2-4648-8f14-f344902ccb8a,72,3b4bdc72-f611-4876-a482-1fc7303200cd,Snake3,100,8,0
0d4e7feb-c9f2-4648-8f14-f344902ccb8a,72,5e94c6d7-922f-409c-8a8c-be2c871bc279,Snake4,65,9,1
0d4e7feb-c9f2-4648-8f14-f344902ccb8a,72,94d45d21-12ff-4e3c-8bb9-dc93438c956c,Snake1,95,8,1
0d4e7feb-c9f2-4648-8f14-f344902ccb8a,72,4e14b03c-249e-4944-bc97-0cc64e276102,Snake2,92,12,1
0d4e7feb-c9f2-4648-8f14-f344902ccb8a,72,3b4bdc72-f611-4876-a482-1fc7303200cd,Snake3,100,8,0
0d4e7feb-c9f2-4648-8f14-f344902ccb8a,73,5e94c6d7-922f-409c-8a8c-be2c871bc279,Snake4,64,9,1
0d4e7feb-c9f2-4648-8f14-f344902ccb8a,73,94d45d21-12ff-4e3c-8bb9-dc93438c956c,Snake1,94,8,1
0d4e7feb-c9f2-4648-8f14-f344902ccb8a,73,4e14b03c-249e-4944-bc97-0cc64e276102,Snake2,91,12,1
0d4e7feb-c9f2-4648-8f14-f344902ccb8a,73,3b4bdc72-f611-4876-a482-1fc7303200cd,Snake3,100,8,0
0d4e7feb-c9f2-4648-8f14-f344902ccb8a,73,5e94c6d7-922f-409c-8a8c-be2c871bc279,Snake4,64,9,1
0d4e7feb-c9f2-4648-8f14-f344902ccb8a,73,94d45d21-12ff-4e3c-8bb9-dc93438c956c,Snake1,94,8,1
0d4e7feb-c9f2-4648-8f14-f344902ccb8a,73,4e14b03c-249e-4944-bc97-0cc64e276102,Snake2,91,12,1
0d4e7feb-c9f2-4648-8f14-f344902ccb8a,73,3b4bdc72-f611-4876-a482-1fc7303200cd,Snake3,100,8,0
0d4e7feb-c9f2-4648-8f14-f344902ccb8a,73,5e94c6d7-922f-409c-8a8c-be2c871bc279,Snake4,64,9,1
0d4e7feb-c9f2-4648-8f14-f344902ccb8a,73,94d45d21-12ff-4e3c-8bb9-dc93438c956c,Snake1,94,8,1
0d4e7feb-c9f2-4648-8f14-f344902ccb8a,73,4e14b03c-249e-4944-bc97-0cc64e276102,Snake2,91,12,1
0d4e7feb-c9f2-4648-8f14-f344902ccb8a,73,3b4bdc72-f611-4876-a482-1fc7303200cd,Snake3,100,8,0
0d4e7feb-c9f2-4648-8f14-f344902ccb8a,74,5e94c6d7-922f-409c-8a8c-be2c871bc279,Snake4,63,9,1
0d4e7feb-c9f2-4648-8f14-f344902ccb8a,74,94d45d21-12ff-4e3c-8bb9-dc93438c956c,Snake1,93,8,1
0d4e7feb-c9f2-4648-8f14-f344902ccb8a,74,4e14b03c-249e-4944-bc97-0cc64e276102,Snake2,62,12,1
0d4e7feb-c9f2-4648-8f14-f344902ccb8a,74,3b4bdc72-f611-4876-a482-1fc7303200cd,Snake3,100,8,0
0d4e7feb-c9f2-4648-8f14-f344902ccb8a,74,5e94c6d7-922f-409c-8a8c-be2c871bc279,Snake4,63,9,1
0d4e7feb-c9f2-4648-8f14-f344902ccb8a,74,94d45d21-12ff-4e3c-8bb9-dc93438c956c,Snake1,93,8,1
0d4e7feb-c9f2-4648-8f14-f344902ccb8a,74,4e14b03c-249e-4944-bc97-0cc64e276102,Snake2,62,12,1
0d4e7feb-c9f2-4648-8f14-f344902ccb8a,74,3b4bdc72-f611-4876-a482-1fc7303200cd,Snake3,100,8,0
0d4e7feb-c9f2-4648-8f14-f344902ccb8a,74,5e94c6d7-922f-409c-8a8c-be2c871bc279,Snake4,63,9,1
0d4e7feb-c9f2-4648-8f14-f344902ccb8a,74,94d45d21-12ff-4e3c-8bb9-dc93438c956c,Snake1,93,8,1
0d4e7feb-c9f2-4648-8f14-f344902ccb8a,74,4e14b03c-249e-4944-bc97-0cc64e276102,Snake2,62,12,1
0d4e7feb-c9f2-4648-8f14-f344902ccb8a,74,3b4bdc72-f611-4876-a482-1fc7303200cd,Snake3,100,8,0
0d4e7feb-c9f2-4648-8f14-f344902ccb8a,75,5e94c6d7-922f-409c-8a8c-be2c871bc279,Snake4,62,9,1
0d4e7feb-c9f2-4648-8f14-f344902ccb8a,75,94d45d21-12ff-4e3c-8bb9-dc93438c956c,Snake1,100,9,1
0d4e7feb-c9f2-4648-8f14-f344902ccb8a,75,4e14b03c-249e-4944-bc97-0cc64e276102,Snake2,61,12,1
0d4e7feb-c9f2-4648-8f14-f344902ccb8a,75,3b4bdc72-f611-4876-a482-1fc7303200cd,Snake3,100,8,0
0d4e7feb-c9f2-4648-8f14-f344902ccb8a,75,5e94c6d7-922f-409c-8a8c-be2c871bc279,Snake4,62,9,1
0d4e7feb-c9f2-4648-8f14-f344902ccb8a,75,94d45d21-12ff-4e3c-8bb9-dc93438c956c,Snake1,100,9,1
0d4e7feb-c9f2-4648-8f14-f344902ccb8a,75,4e14b03c-249e-4944-bc97-0cc64e276102,Snake2,61,12,1
0d4e7feb-c9f2-4648-8f14-f344902ccb8a,75,3b4bdc72-f611-4876-a482-1fc7303200cd,Snake3,100,8,0
0d4e7feb-c9f2-4648-8f14-f344902ccb8a,75,5e94c6d7-922f-409c-8a8c-be2c871bc279,Snake4,62,9,1
0d4e7feb-c9f2-4648-8f14-f344902ccb8a,75,94d45d21-12ff-4e3c-8bb9-dc93438c956c,Snake1,100,9,1
0d4e7feb-c9f2-4648-8f14-f344902ccb8a,75,4e14b03c-249e-4944-bc97-0cc64e276102,Snake2,61,12,1
0d4e7feb-c9f2-4648-8f14-f344902ccb8a,75,3b4bdc72-f611-4876-a482-1fc7303200cd,Snake3,100,8,0
0d4e7feb-c9f2-4648-8f14-f344902ccb8a,76,5e94c6d7-922f-409c-8a8c-be2c871bc279,Snake4,61,9,1
0d4e7feb-c9f2-4648-8f14-f344902ccb8a,76,94d45d21-12ff-4e3c-8bb9-dc93438c956c,Snake1,99,9,1
0d4e7feb-c9f2-4648-8f14-f344902ccb8a,76,4e14b03c-249e-4944-bc97-0cc64e276102,Snake2,60,12,1
0d4e7feb-c9f2-4648-8f14-f344902ccb8a,76,3b4bdc72-f611-4876-a482-1fc7303200cd,Snake3,100,8,0
0d4e7feb-c9f2-4648-8f14-f344902ccb8a,76,5e94c6d7-922f-409c-8a8c-be2c871bc279,Snake4,61,9,1
0d4e7feb-c9f2-4648-8f14-f344902ccb8a,76,94d45d21-12ff-4e3c-8bb9-dc93438c956c,Snake1,99,9,1
0d4e7feb-c9f2-4648-8f14-f344902ccb8a,76,4e14b03c-249e-4944-bc97-0cc64e276102,Snake2,60,12,1
0d4e7feb-c9f2-4648-8f14-f344902ccb8a,76,3b4bdc72-f611-4876-a482-1fc7303200cd,Snake3,100,8,0
0d4e7feb-c9f2-4648-8f14-f344902ccb8a,76,5e94c6d7-922f-409c-8a8c-be2c871bc279,Snake4,61,9,1
0d4e7feb-c9f2-4648-8f14-f344902ccb8a,76,94d45d21-12ff-4e3c-8bb9-dc93438c956c,Snake1,99,9,1
0d4e7feb-c9f2-4648-8f14-f344902ccb8a,76,4e14b03c-249e-4944-bc97-0cc64e276102,Snake2,60,12,1
0d4e7feb-c9f2-4648-8f14-f344902ccb8a,76,3b4bdc72-f611-4876-a482-1fc7303200cd,Snake3,100,8,0
0d4e7feb-c9f2-4648-8f14-f344902ccb8a,77,5e94c6d7-922f-409c-8a8c-be2c871bc279,Snake4,60,9,1
0d4e7feb-c9f2-4648-8f14-f344902ccb8a,77,94d45d21-12ff-4e3c-8bb9-dc93438c956c,Snake1,98,9,1
0d4e7feb-c9f2-4648-8f14-f344902ccb8a,77,4e14b03c-249e-4944-bc97-0cc64e276102,Snake2,59,12,1
0d4e7feb-c9f2-4648-8f14-f344902ccb8a,77,3b4bdc72-f611-4876-a482-1fc7303200cd,Snake3,100,8,0
0d4e7feb-c9f2-4648-8f14-f344902ccb8a,77,5e94c6d7-922f-409c-8a8c-be2c871bc279,Snake4,60,9,1
0d4e7feb-c9f2-4648-8f14-f344902ccb8a,77,94d45d21-12ff-4e3c-8bb9-dc93438c956c,Snake1,98,9,1
0d4e7feb-c9f2-4648-8f14-f344902ccb8a,77,4e14b03c-249e-4944-bc97-0cc64e276102,Snake2,59,12,1
0d4e7feb-c9f2-4648-8f14-f344902ccb8a,77,3b4bdc72-f611-4876-a482-1fc7303200cd,Snake3,100,8,0
0d4e7feb-c9f2-4648-8f14-f344902ccb8a,77,5e94c6d7-922f-409c-8a8c-be2c871bc279,Snake4,60,9,1
0d4e7feb-c9f2-4648-8f14-f344902ccb8a,77,94d45d21-12ff-4e3c-8bb9-dc93438c956c,Snake1,98,9,1
0d4e7feb-c9f2-4648-8f14-f344902ccb8a,77,4e14b03c-249e-4944-bc97-0cc64e276102,Snake2,59,12,1
0d4e7feb-c9f2-4648-8f14-f344902ccb8a,77,3b4bdc72-f611-4876-a482-1fc7303200cd,Snake3,100,8,0
0d4e7feb-c9f2-4648-8f14-f344902ccb8a,78,5e94c6d7-922f-409c-8a8c-be2c871bc279,Snake4,59,9,1
0d4e7feb-c9f2-4648-8f14-f344902ccb8a,78,94d45d21-12ff-4e3c-8bb9-dc93438c956c,Snake1,97,9,1
0d4e7feb-c9f2-4648-8f14-f344902ccb8a,78,4e14b03c-249e-4944-bc97-0cc64e276102,Snake2,58,12,1
0d4e7feb-c9f2-4648-8f14-f344902ccb8a,78,3b4bdc72-f611-4876-a482-1fc7303200cd,Snake3,100,8,0
0d4e7feb-c9f2-4648-8f14-f344902ccb8a,78,5e94c6d7-922f-409c-8a8c-be2c871bc279,Snake4,59,9,1
0d4e7feb-c9f2-4648-8f14-f344902ccb8a,78,94d45d21-12ff-4e3c-8bb9-dc93438c956c,Snake1,97,9,1
0d4e7feb-c9f2-4648-8f14-f344902ccb8a,78,4e14b03c-249e-4944-bc97-0cc64e276102,Snake2,58,12,1
0d4e7feb-c9f2-4648-8f14-f344902ccb8a,78,3b4bdc72-f611-4876-a482-1fc7303200cd,Snake3,100,8,0
0d4e7feb-c9f2-4648-8f14-f344902ccb8a,78,5e94c6d7-922f-409c-8a8c-be2c871bc279,Snake4,59,9,1
0d4e7feb-c9f2-4648-8f14-f344902ccb8a,78,94d45d21-12ff-4e3c-8bb9-dc93438c956c,Snake1,97,9,1
0d4e7feb-c9f2-4648-8f14-f344902ccb8a,78,4e14b03c-249e-4944-bc97-0cc64e276102,Snake2,58,12,1
0d4e7feb-c9f2-4648-8f14-f344902ccb8a,78,3b4bdc72-f611-4876-a482-1fc7303200cd,Snake3,100,8,0
0d4e7feb-c9f2-4648-8f14-f344902ccb8a,79,5e94c6d7-922f-409c-8a8c-be2c871bc279,Snake4,58,9,1
0d4e7feb-c9f2-4648-8f14-f344902ccb8a,79,94d45d21-12ff-4e3c-8bb9-dc93438c956c,Snake1,96,9,1
0d4e7feb-c9f2-4648-8f14-f344902ccb8a,79,4e14b03c-249e-4944-bc97-0cc64e276102,Snake2,57,12,1
0d4e7feb-c9f2-4648-8f14-f344902ccb8a,79,3b4bdc72-f611-4876-a482-1fc7303200cd,Snake3,100,8,0
0d4e7feb-c9f2-4648-8f14-f344902ccb8a,79,5e94c6d7-922f-409c-8a8c-be2c871bc279,Snake4,58,9,1
0d4e7feb-c9f2-4648-8f14-f344902ccb8a,79,94d45d21-12ff-4e3c-8bb9-dc93438c956c,Snake1,96,9,1
0d4e7feb-c9f2-4648-8f14-f344902ccb8a,79,4e14b03c-249e-4944-bc97-0cc64e276102,Snake2,57,12,1
0d4e7feb-c9f2-4648-8f14-f344902ccb8a,79,3b4bdc72-f611-4876-a482-1fc7303200cd,Snake3,100,8,0
0d4e7feb-c9f2-4648-8f14-f344902ccb8a,79,5e94c6d7-922f-409c-8a8c-be2c871bc279,Snake4,58,9,1
0d4e7feb-c9f2-4648-8f14-f344902ccb8a,79,94d45d21-12ff-4e3c-8bb9-dc93438c956c,Snake1,96,9,1
0d4e7feb-c9f2-4648-8f14-f344902ccb8a,79,4e14b03c-249e-4944-bc97-0cc64e276102,Snake2,57,12,1
0d4e7feb-c9f2-4648-8f14-f344902ccb8a,79,3b4bdc72-f611-4876-a482-1fc7303200cd,Snake3,100,8,0
0d4e7feb-c9f2-4648-8f14-f344902ccb8a,80,5e94c6d7-922f-409c-8a8c-be2c871bc279,Snake4,57,9,1
0d4e7feb-c9f2-4648-8f14-f344902ccb8a,80,94d45d21-12ff-4e3c-8bb9-dc93438c956c,Snake1,95,9,1
0d4e7feb-c9f2-4648-8f14-f344902ccb8a,80,4e14b03c-249e-4944-bc97-0cc64e276102,Snake2,56,12,1
0d4e7feb-c9f2-4648-8f14-f344902ccb8a,80,3b4bdc72-f611-4876-a482-1fc7303200cd,Snake3,100,8,0
0d4e7feb-c9f2-4648-8f14-f344902ccb8a,80,5e94c6d7-922f-409c-8a8c-be2c871bc279,Snake4,57,9,1
0d4e7feb-c9f2-4648-8f14-f344902ccb8a,80,94d45d21-12ff-4e3c-8bb9-dc93438c956c,Snake1,95,9,1
0d4e7feb-c9f2-4648-8f14-f344902ccb8a,80,4e14b03c-249e-4944-bc97-0cc64e276102,Snake2,56,12,1
0d4e7feb-c9f2-4648-8f14-f344902ccb8a,80,3b4bdc72-f611-4876-a482-1fc7303200cd,Snake3,100,8,0
0d4e7feb-c9f2-4648-8f14-f344902ccb8a,80,5e94c6d7-922f-409c-8a8c-be2c871bc279,Snake4,57,9,1
0d4e7feb-c9f2-4648-8f14-f344902ccb8a,80,94d45d21-12ff-4e3c-8bb9-dc93438c956c,Snake1,95,9,1
0d4e7feb-c9f2-4648-8f14-f344902ccb8a,80,4e14b03c-249e-4944-bc97-0cc64e276102,Snake2,56,12,1
0d4e7feb-c9f2-4648-8f14-f344902ccb8a,80,3b4bdc72-f611-4876-a482-1fc7303200cd,Snake3,100,8,0
0d4e7feb-c9f2-4648-8f14-f344902ccb8a,81,5e94c6d7-922f-409c-8a8c-be2c871bc279,Snake4,56,9,1
0d4e7feb-c9f2-4648-8f14-f344902ccb8a,81,94d45d21-12ff-4e3c-8bb9-dc93438c956c,Snake1,94,9,1
0d4e7feb-c9f2-4648-8f14-f344902ccb8a,81,4e14b03c-249e-4944-bc97-0cc64e276102,Snake2,55,12,1
0d4e7feb-c9f2-4648-8f14-f344902ccb8a,81,3b4bdc72-f611-4876-a482-1fc7303200cd,Snake3,100,8,0
0d4e7feb-c9f2-4648-8f14-f344902ccb8a,81,5e94c6d7-922f-409c-8a8c-be2c871bc279,Snake4,56,9,1
0d4e7feb-c9f2-4648-8f14-f344902ccb8a,81,94d45d21-12ff-4e3c-8bb9-dc93438c956c,Snake1,94,9,1
0d4e7feb-c9f2-4648-8f14-f344902ccb8a,81,4e14b03c-249e-4944-bc97-0cc64e276102,Snake2,55,12,1
0d4e7feb-c9f2-4648-8f14-f344902ccb8a,81,3b4bdc72-f611-4876-a482-1fc7303200cd,Snake3,100,8,0
0d4e7feb-c9f2-4648-8f14-f344902ccb8a,81,5e94c6d7-922f-409c-8a8c-be2c871bc279,Snake4,56,9,1
0d4e7feb-c9f2-4648-8f14-f344902ccb8a,81,94d45d21-12ff-4e3c-8bb9-dc93438c956c,Snake1,94,9,1
0d4e7feb-c9f2-4648-8f14-f344902ccb8a,81,4e14b03c-249e-4944-bc97-0cc64e276102,Snake2,55,12,1
0d4e7feb-c9f2-4648-8f14-f344902ccb8a,81,3b4bdc72-f611-4876-a482-1fc7303200cd,Snake3,100,8,0
0d4e7feb-c9f2-4648-8f14-f344902ccb8a,82,5e94c6d7-922f-409c-8a8c-be2c871bc279,Snake4,55,9,1
0d4e7feb-c9f2-4648-8f14-f344902ccb8a,82,94d45d21-12ff-4e3c-8bb9-dc93438c956c,Snake1,93,9,1
0d4e7feb-c9f2-4648-8f14-f344902ccb8a,82,4e14b03c-249e-4944-bc97-0cc64e276102,Snake2,54,12,1
0d4e7feb-c9f2-4648-8f14-f344902ccb8a,82,3b4bdc72-f611-4876-a482-1fc7303200cd,Snake3,100,8,0
0d4e7feb-c9f2-4648-8f14-f344902ccb8a,82,5e94c6d7-922f-409c-8a8c-be2c871bc279,Snake4,55,9,1
0d4e7feb-c9f2-4648-8f14-f344902ccb8a,82,94d45d21-12ff-4e3c-8bb9-dc93438c956c,Snake1,93,9,1
0d4e7feb-c9f2-4648-8f14-f344902ccb8a,82,4e14b03c-249e-4944-bc97-0cc64e276102,Snake2,54,12,1
0d4e7feb-c9f2-4648-8f14-f344902ccb8a,82,3b4bdc72-f611-4876-a482-1fc7303200cd,Snake3,100,8,0
0d4e7feb-c9f2-4648-8f14-f344902ccb8a,82,5e94c6d7-922f-409c-8a8c-be2c871bc279,Snake4,55,9,1
0d4e7feb-c9f2-4648-8f14-f344902ccb8a,82,94d45d21-12ff-4e3c-8bb9-dc93438c956c,Snake1,93,9,1
0d4e7feb-c9f2-4648-8f14-f344902ccb8a,82,4e14b03c-249e-4944-bc97-0cc64e276102,Snake2,54,12,1
0d4e7feb-c9f2-4648-8f14-f344902ccb8a,82,3b4bdc72-f611-4876-a482-1fc7303200cd,Snake3,100,8,0
0d4e7feb-c9f2-4648-8f14-f344902ccb8a,83,5e94c6d7-922f-409c-8a8c-be2c871bc279,Snake4,54,9,1
0d4e7feb-c9f2-4648-8f14-f344902ccb8a,83,94d45d21-12ff-4e3c-8bb9-dc93438c956c,Snake1,92,9,1
0d4e7feb-c9f2-4648-8f14-f344902ccb8a,83,4e14b03c-249e-4944-bc97-0cc64e276102,Snake2,53,12,1
0d4e7feb-c9f2-4648-8f14-f344902ccb8a,83,3b4bdc72-f611-4876-a482-1fc7303200cd,Snake3,100,8,0
0d4e7feb-c9f2-4648-8f14-f344902ccb8a,83,5e94c6d7-922f-409c-8a8c-be2c871bc279,Snake4,54,9,1
0d4e7feb-c9f2-4648-8f14-f344902ccb8a,83,94d45d21-12ff-4e3c-8bb9-dc93438c956c,Snake1,92,9,1
0d4e7feb-c9f2-4648-8f14-f344902ccb8a,83,4e14b03c-249e-4944-bc97-0cc64e276102,Snake2,53,12,1
0d4e7feb-c9f2-4648-8f14-f344902ccb8a,83,3b4bdc72-f611-4876-a482-1fc7303200cd,Snake3,100,8,0
0d4e7feb-c9f2-4648-8f14-f344902ccb8a,84,5e94c6d7-922f-409c-8a8c-be2c871bc279,Snake4,100,10,1
0d4e7feb-c9f2-4648-8f14-f344902ccb8a,84,94d45d21-12ff-4e3c-8bb9-dc93438c956c,Snake1,91,9,1
0d4e7feb-c9f2-4648-8f14-f344902ccb8a,84,4e14b03c-249e-4944-bc97-0cc64e276102,Snake2,52,12,1
0d4e7feb-c9f2-4648-8f14-f344902ccb8a,84,3b4bdc72-f611-4876-a482-1fc7303200cd,Snake3,100,8,0
0d4e7feb-c9f2-4648-8f14-f344902ccb8a,84,5e94c6d7-922f-409c-8a8c-be2c871bc279,Snake4,100,10,1
0d4e7feb-c9f2-4648-8f14-f344902ccb8a,84,94d45d21-12ff-4e3c-8bb9-dc93438c956c,Snake1,91,9,1
0d4e7feb-c9f2-4648-8f14-f344902ccb8a,84,4e14b03c-249e-4944-bc97-0cc64e276102,Snake2,52,12,1
0d4e7feb-c9f2-4648-8f14-f344902ccb8a,84,3b4bdc72-f611-4876-a482-1fc7303200cd,Snake3,100,8,0
0d4e7feb-c9f2-4648-8f14-f344902ccb8a,84,5e94c6d7-922f-409c-8a8c-be2c871bc279,Snake4,100,10,1
0d4e7feb-c9f2-4648-8f14-f344902ccb8a,84,94d45d21-12ff-4e3c-8bb9-dc93438c956c,Snake1,91,9,1
0d4e7feb-c9f2-4648-8f14-f344902ccb8a,84,4e14b03c-249e-4944-bc97-0cc64e276102,Snake2,52,12,1
0d4e7feb-c9f2-4648-8f14-f344902ccb8a,84,3b4bdc72-f611-4876-a482-1fc7303200cd,Snake3,100,8,0
0d4e7feb-c9f2-4648-8f14-f344902ccb8a,85,5e94c6d7-922f-409c-8a8c-be2c871bc279,Snake4,99,10,1
0d4e7feb-c9f2-4648-8f14-f344902ccb8a,85,94d45d21-12ff-4e3c-8bb9-dc93438c956c,Snake1,90,9,1
0d4e7feb-c9f2-4648-8f14-f344902ccb8a,85,4e14b03c-249e-4944-bc97-0cc64e276102,Snake2,51,12,1
0d4e7feb-c9f2-4648-8f14-f344902ccb8a,85,3b4bdc72-f611-4876-a482-1fc7303200cd,Snake3,100,8,0
0d4e7feb-c9f2-4648-8f14-f344902ccb8a,85,5e94c6d7-922f-409c-8a8c-be2c871bc279,Snake4,99,10,1
0d4e7feb-c9f2-4648-8f14-f344902ccb8a,85,94d45d21-12ff-4e3c-8bb9-dc93438c956c,Snake1,90,9,1
0d4e7feb-c9f2-4648-8f14-f344902ccb8a,85,4e14b03c-249e-4944-bc97-0cc64e276102,Snake2,51,12,1
0d4e7feb-c9f2-4648-8f14-f344902ccb8a,85,3b4bdc72-f611-4876-a482-1fc7303200cd,Snake3,100,8,0
0d4e7feb-c9f2-4648-8f14-f344902ccb8a,85,5e94c6d7-922f-409c-8a8c-be2c871bc279,Snake4,99,10,1
0d4e7feb-c9f2-4648-8f14-f344902ccb8a,85,94d45d21-12ff-4e3c-8bb9-dc93438c956c,Snake1,90,9,1
0d4e7feb-c9f2-4648-8f14-f344902ccb8a,85,4e14b03c-249e-4944-bc97-0cc64e276102,Snake2,51,12,1
0d4e7feb-c9f2-4648-8f14-f344902ccb8a,85,3b4bdc72-f611-4876-a482-1fc7303200cd,Snake3,100,8,0
0d4e7feb-c9f2-4648-8f14-f344902ccb8a,86,5e94c6d7-922f-409c-8a8c-be2c871bc279,Snake4,98,10,1
0d4e7feb-c9f2-4648-8f14-f344902ccb8a,86,94d45d21-12ff-4e3c-8bb9-dc93438c956c,Snake1,89,9,1
0d4e7feb-c9f2-4648-8f14-f344902ccb8a,86,4e14b03c-249e-4944-bc97-0cc64e276102,Snake2,50,12,1
0d4e7feb-c9f2-4648-8f14-f344902ccb8a,86,3b4bdc72-f611-4876-a482-1fc7303200cd,Snake3,100,8,0
0d4e7feb-c9f2-4648-8f14-f344902ccb8a,86,5e94c6d7-922f-409c-8a8c-be2c871bc279,Snake4,98,10,1
0d4e7feb-c9f2-4648-8f14-f344902ccb8a,86,94d45d21-12ff-4e3c-8bb9-dc93438c956c,Snake1,89,9,1
0d4e7feb-c9f2-4648-8f14-f344902ccb8a,86,4e14b03c-249e-4944-bc97-0cc64e276102,Snake2,50,12,1
0d4e7feb-c9f2-4648-8f14-f344902ccb8a,86,3b4bdc72-f611-4876-a482-1fc7303200cd,Snake3,100,8,0
0d4e7feb-c9f2-4648-8f14-f344902ccb8a,86,5e94c6d7-922f-409c-8a8c-be2c871bc279,Snake4,98,10,1
0d4e7feb-c9f2-4648-8f14-f344902ccb8a,86,94d45d21-12ff-4e3c-8bb9-dc93438c956c,Snake1,89,9,1
0d4e7feb-c9f2-4648-8f14-f344902ccb8a,86,4e14b03c-249e-4944-bc97-0cc64e276102,Snake2,50,12,1
0d4e7feb-c9f2-4648-8f14-f344902ccb8a,86,3b4bdc72-f611-4876-a482-1fc7303200cd,Snake3,100,8,0
0d4e7feb-c9f2-4648-8f14-f344902ccb8a,87,94d45d21-12ff-4e3c-8bb9-dc93438c956c,Snake1,88,9,1
0d4e7feb-c9f2-4648-8f14-f344902ccb8a,87,4e14b03c-249e-4944-bc97-0cc64e276102,Snake2,49,12,1
0d4e7feb-c9f2-4648-8f14-f344902ccb8a,87,3b4bdc72-f611-4876-a482-1fc7303200cd,Snake3,100,8,0
0d4e7feb-c9f2-4648-8f14-f344902ccb8a,87,5e94c6d7-922f-409c-8a8c-be2c871bc279,Snake4,98,10,0
0d4e7feb-c9f2-4648-8f14-f344902ccb8a,87,94d45d21-12ff-4e3c-8bb9-dc93438c956c,Snake1,88,9,1
0d4e7feb-c9f2-4648-8f14-f344902ccb8a,87,4e14b03c-249e-4944-bc97-0cc64e276102,Snake2,49,12,1
0d4e7feb-c9f2-4648-8f14-f344902ccb8a,87,3b4bdc72-f611-4876-a482-1fc7303200cd,Snake3,100,8,0
0d4e7feb-c9f2-4648-8f14-f344902ccb8a,87,5e94c6d7-922f-409c-8a8c-be2c871bc279,Snake4,98,10,0
0d4e7feb-c9f2-4648-8f14-f344902ccb8a,88,94d45d21-12ff-4e3c-8bb9-dc93438c956c,Snake1,87,9,1
0d4e7feb-c9f2-4648-8f14-f344902ccb8a,88,4e14b03c-249e-4944-bc97-0cc64e276102,Snake2,48,12,1
0d4e7feb-c9f2-4648-8f14-f344902ccb8a,88,3b4bdc72-f611-4876-a482-1fc7303200cd,Snake3,100,8,0
0d4e7feb-c9f2-4648-8f14-f344902ccb8a,88,5e94c6d7-922f-409c-8a8c-be2c871bc279,Snake4,98,10,0
0d4e7feb-c9f2-4648-8f14-f344902ccb8a,88,94d45d21-12ff-4e3c-8bb9-dc93438c956c,Snake1,87,9,1
0d4e7feb-c9f2-4648-8f14-f344902ccb8a,88,4e14b03c-249e-4944-bc97-0cc64e276102,Snake2,48,12,1
0d4e7feb-c9f2-4648-8f14-f344902ccb8a,88,3b4bdc72-f611-4876-a482-1fc7303200cd,Snake3,100,8,0
0d4e7feb-c9f2-4648-8f14-f344902ccb8a,88,5e94c6d7-922f-409c-8a8c-be2c871bc279,Snake4,98,10,0
0d4e7feb-c9f2-4648-8f14-f344902ccb8a,89,94d45d21-12ff-4e3c-8bb9-dc93438c956c,Snake1,86,9,1
0d4e7feb-c9f2-4648-8f14-f344902ccb8a,89,4e14b03c-249e-4944-bc97-0cc64e276102,Snake2,47,12,1
0d4e7feb-c9f2-4648-8f14-f344902ccb8a,89,3b4bdc72-f611-4876-a482-1fc7303200cd,Snake3,100,8,0
0d4e7feb-c9f2-4648-8f14-f344902ccb8a,89,5e94c6d7-922f-409c-8a8c-be2c871bc279,Snake4,98,10,0
0d4e7feb-c9f2-4648-8f14-f344902ccb8a,89,94d45d21-12ff-4e3c-8bb9-dc93438c956c,Snake1,86,9,1
0d4e7feb-c9f2-4648-8f14-f344902ccb8a,89,4e14b03c-249e-4944-bc97-0cc64e276102,Snake2,47,12,1
0d4e7feb-c9f2-4648-8f14-f344902ccb8a,89,3b4bdc72-f611-4876-a482-1fc7303200cd,Snake3,100,8,0
0d4e7feb-c9f2-4648-8f14-f344902ccb8a,89,5e94c6d7-922f-409c-8a8c-be2c871bc279,Snake4,98,10,0
0d4e7feb-c9f2-4648-8f14-f344902ccb8a,90,94d45d21-12ff-4e3c-8bb9-dc93438c956c,Snake1,85,9,1
0d4e7feb-c9f2-4648-8f14-f344902ccb8a,90,4e14b03c-249e-4944-bc97-0cc64e276102,Snake2,46,12,1
0d4e7feb-c9f2-4648-8f14-f344902ccb8a,90,3b4bdc72-f611-4876-a482-1fc7303200cd,Snake3,100,8,0
0d4e7feb-c9f2-4648-8f14-f344902ccb8a,90,5e94c6d7-922f-409c-8a8c-be2c871bc279,Snake4,98,10,0
0d4e7feb-c9f2-4648-8f14-f344902ccb8a,91,94d45d21-12ff-4e3c-8bb9-dc93438c956c,Snake1,84,9,1
0d4e7feb-c9f2-4648-8f14-f344902ccb8a,91,4e14b03c-249e-4944-bc97-0cc64e276102,Snake2,45,12,1
0d4e7feb-c9f2-4648-8f14-f344902ccb8a,91,3b4bdc72-f611-4876-a482-1fc7303200cd,Snake3,100,8,0
0d4e7feb-c9f2-4648-8f14-f344902ccb8a,91,5e94c6d7-922f-409c-8a8c-be2c871bc279,Snake4,98,10,0
0d4e7feb-c9f2-4648-8f14-f344902ccb8a,91,94d45d21-12ff-4e3c-8bb9-dc93438c956c,Snake1,84,9,1
0d4e7feb-c9f2-4648-8f14-f344902ccb8a,91,4e14b03c-249e-4944-bc97-0cc64e276102,Snake2,45,12,1
0d4e7feb-c9f2-4648-8f14-f344902ccb8a,91,3b4bdc72-f611-4876-a482-1fc7303200cd,Snake3,100,8,0
0d4e7feb-c9f2-4648-8f14-f344902ccb8a,91,5e94c6d7-922f-409c-8a8c-be2c871bc279,Snake4,98,10,0
0d4e7feb-c9f2-4648-8f14-f344902ccb8a,92,94d45d21-12ff-4e3c-8bb9-dc93438c956c,Snake1,83,9,1
0d4e7feb-c9f2-4648-8f14-f344902ccb8a,92,4e14b03c-249e-4944-bc97-0cc64e276102,Snake2,44,12,1
0d4e7feb-c9f2-4648-8f14-f344902ccb8a,92,3b4bdc72-f611-4876-a482-1fc7303200cd,Snake3,100,8,0
0d4e7feb-c9f2-4648-8f14-f344902ccb8a,92,5e94c6d7-922f-409c-8a8c-be2c871bc279,Snake4,98,10,0
0d4e7feb-c9f2-4648-8f14-f344902ccb8a,92,94d45d21-12ff-4e3c-8bb9-dc93438c956c,Snake1,83,9,1
0d4e7feb-c9f2-4648-8f14-f344902ccb8a,92,4e14b03c-249e-4944-bc97-0cc64e276102,Snake2,44,12,1
0d4e7feb-c9f2-4648-8f14-f344902ccb8a,92,3b4bdc72-f611-4876-a482-1fc7303200cd,Snake3,100,8,0
0d4e7feb-c9f2-4648-8f14-f344902ccb8a,92,5e94c6d7-922f-409c-8a8c-be2c871bc279,Snake4,98,10,0
0d4e7feb-c9f2-4648-8f14-f344902ccb8a,93,94d45d21-12ff-4e3c-8bb9-dc93438c956c,Snake1,100,10,1
0d4e7feb-c9f2-4648-8f14-f344902ccb8a,93,4e14b03c-249e-4944-bc97-0cc64e276102,Snake2,43,12,1
0d4e7feb-c9f2-4648-8f14-f344902ccb8a,93,3b4bdc72-f611-4876-a482-1fc7303200cd,Snake3,100,8,0
0d4e7feb-c9f2-4648-8f14-f344902ccb8a,93,5e94c6d7-922f-409c-8a8c-be2c871bc279,Snake4,98,10,0
0d4e7feb-c9f2-4648-8f14-f344902ccb8a,94,94d45d21-12ff-4e3c-8bb9-dc93438c956c,Snake1,99,10,1
0d4e7feb-c9f2-4648-8f14-f344902ccb8a,94,4e14b03c-249e-4944-bc97-0cc64e276102,Snake2,42,12,1
0d4e7feb-c9f2-4648-8f14-f344902ccb8a,94,3b4bdc72-f611-4876-a482-1fc7303200cd,Snake3,100,8,0
0d4e7feb-c9f2-4648-8f14-f344902ccb8a,94,5e94c6d7-922f-409c-8a8c-be2c871bc279,Snake4,98,10,0
0d4e7feb-c9f2-4648-8f14-f344902ccb8a,94,94d45d21-12ff-4e3c-8bb9-dc93438c956c,Snake1,99,10,1
0d4e7feb-c9f2-4648-8f14-f344902ccb8a,94,4e14b03c-249e-4944-bc97-0cc64e276102,Snake2,42,12,1
0d4e7feb-c9f2-4648-8f14-f344902ccb8a,94,3b4bdc72-f611-4876-a482-1fc7303200cd,Snake3,100,8,0
0d4e7feb-c9f2-4648-8f14-f344902ccb8a,94,5e94c6d7-922f-409c-8a8c-be2c871bc279,Snake4,98,10,0
0d4e7feb-c9f2-4648-8f14-f344902ccb8a,95,94d45d21-12ff-4e3c-8bb9-dc93438c956c,Snake1,98,10,1
0d4e7feb-c9f2-4648-8f14-f344902ccb8a,95,4e14b03c-249e-4944-bc97-0cc64e276102,Snake2,41,12,1
0d4e7feb-c9f2-4648-8f14-f344902ccb8a,95,3b4bdc72-f611-4876-a482-1fc7303200cd,Snake3,100,8,0
0d4e7feb-c9f2-4648-8f14-f344902ccb8a,95,5e94c6d7-922f-409c-8a8c-be2c871bc279,Snake4,98,10,0
0d4e7feb-c9f2-4648-8f14-f344902ccb8a,95,94d45d21-12ff-4e3c-8bb9-dc93438c956c,Snake1,98,10,1
0d4e7feb-c9f2-4648-8f14-f344902ccb8a,95,4e14b03c-249e-4944-bc97-0cc64e276102,Snake2,41,12,1
0d4e7feb-c9f2-4648-8f14-f344902ccb8a,95,3b4bdc72-f611-4876-a482-1fc7303200cd,Snake3,100,8,0
0d4e7feb-c9f2-4648-8f14-f344902ccb8a,95,5e94c6d7-922f-409c-8a8c-be2c871bc279,Snake4,98,10,0
0d4e7feb-c9f2-4648-8f14-f344902ccb8a,96,94d45d21-12ff-4e3c-8bb9-dc93438c956c,Snake1,97,10,1
0d4e7feb-c9f2-4648-8f14-f344902ccb8a,96,4e14b03c-249e-4944-bc97-0cc64e276102,Snake2,40,12,1
0d4e7feb-c9f2-4648-8f14-f344902ccb8a,96,3b4bdc72-f611-4876-a482-1fc7303200cd,Snake3,100,8,0
0d4e7feb-c9f2-4648-8f14-f344902ccb8a,96,5e94c6d7-922f-409c-8a8c-be2c871bc279,Snake4,98,10,0
0d4e7feb-c9f2-4648-8f14-f344902ccb8a,96,94d45d21-12ff-4e3c-8bb9-dc93438c956c,Snake1,97,10,1
0d4e7feb-c9f2-4648-8f14-f344902ccb8a,96,4e14b03c-249e-4944-bc97-0cc64e276102,Snake2,40,12,1
0d4e7feb-c9f2-4648-8f14-f344902ccb8a,96,3b4bdc72-f611-4876-a482-1fc7303200cd,Snake3,100,8,0
0d4e7feb-c9f2-4648-8f14-f344902ccb8a,96,5e94c6d7-922f-409c-8a8c-be2c871bc279,Snake4,98,10,0
0d4e7feb-c9f2-4648-8f14-f344902ccb8a,97,94d45d21-12ff-4e3c-8bb9-dc93438c956c,Snake1,96,10,1
0d4e7feb-c9f2-4648-8f14-f344902ccb8a,97,4e14b03c-249e-4944-bc97-0cc64e276102,Snake2,39,12,1
0d4e7feb-c9f2-4648-8f14-f344902ccb8a,97,3b4bdc72-f611-4876-a482-1fc7303200cd,Snake3,100,8,0
0d4e7feb-c9f2-4648-8f14-f344902ccb8a,97,5e94c6d7-922f-409c-8a8c-be2c871bc279,Snake4,98,10,0
0d4e7feb-c9f2-4648-8f14-f344902ccb8a,97,94d45d21-12ff-4e3c-8bb9-dc93438c956c,Snake1,96,10,1
0d4e7feb-c9f2-4648-8f14-f344902ccb8a,97,4e14b03c-249e-4944-bc97-0cc64e276102,Snake2,39,12,1
0d4e7feb-c9f2-4648-8f14-f344902ccb8a,97,3b4bdc72-f611-4876-a482-1fc7303200cd,Snake3,100,8,0
0d4e7feb-c9f2-4648-8f14-f344902ccb8a,97,5e94c6d7-922f-409c-8a8c-be2c871bc279,Snake4,98,10,0
0d4e7feb-c9f2-4648-8f14-f344902ccb8a,98,94d45d21-12ff-4e3c-8bb9-dc93438c956c,Snake1,95,10,1
0d4e7feb-c9f2-4648-8f14-f344902ccb8a,98,4e14b03c-249e-4944-bc97-0cc64e276102,Snake2,38,12,1
0d4e7feb-c9f2-4648-8f14-f344902ccb8a,98,3b4bdc72-f611-4876-a482-1fc7303200cd,Snake3,100,8,0
0d4e7feb-c9f2-4648-8f14-f344902ccb8a,98,5e94c6d7-922f-409c-8a8c-be2c871bc279,Snake4,98,10,0
0d4e7feb-c9f2-4648-8f14-f344902ccb8a,98,94d45d21-12ff-4e3c-8bb9-dc93438c956c,Snake1,95,10,1
0d4e7feb-c9f2-4648-8f14-f344902ccb8a,98,4e14b03c-249e-4944-bc97-0cc64e276102,Snake2,38,12,1
0d4e7feb-c9f2-4648-8f14-f344902ccb8a,98,3b4bdc72-f611-4876-a482-1fc7303200cd,Snake3,100,8,0
0d4e7feb-c9f2-4648-8f14-f344902ccb8a,98,5e94c6d7-922f-409c-8a8c-be2c871bc279,Snake4,98,10,0
0d4e7feb-c9f2-4648-8f14-f344902ccb8a,99,94d45d21-12ff-4e3c-8bb9-dc93438c956c,Snake1,94,10,1
0d4e7feb-c9f2-4648-8f14-f344902ccb8a,99,4e14b03c-249e-4944-bc97-0cc64e276102,Snake2,100,13,1
0d4e7feb-c9f2-4648-8f14-f344902ccb8a,99,3b4bdc72-f611-4876-a482-1fc7303200cd,Snake3,100,8,0
0d4e7feb-c9f2-4648-8f14-f344902ccb8a,99,5e94c6d7-922f-409c-8a8c-be2c871bc279,Snake4,98,10,0
0d4e7feb-c9f2-4648-8f14-f344902ccb8a,99,94d45d21-12ff-4e3c-8bb9-dc93438c956c,Snake1,94,10,1
0d4e7feb-c9f2-4648-8f14-f344902ccb8a,99,4e14b03c-249e-4944-bc97-0cc64e276102,Snake2,100,13,1
0d4e7feb-c9f2-4648-8f14-f344902ccb8a,99,3b4bdc72-f611-4876-a482-1fc7303200cd,Snake3,100,8,0
0d4e7feb-c9f2-4648-8f14-f344902ccb8a,99,5e94c6d7-922f-409c-8a8c-be2c871bc279,Snake4,98,10,0
0d4e7feb-c9f2-4648-8f14-f344902ccb8a,100,94d45d21-12ff-4e3c-8bb9-dc93438c956c,Snake1,93,10,1
0d4e7feb-c9f2-4648-8f14-f344902ccb8a,100,4e14b03c-249e-4944-bc97-0cc64e276102,Snake2,99,13,1
0d4e7feb-c9f2-4648-8f14-f344902ccb8a,100,3b4bdc72-f611-4876-a482-1fc7303200cd,Snake3,100,8,0
0d4e7feb-c9f2-4648-8f14-f344902ccb8a,100,5e94c6d7-922f-409c-8a8c-be2c871bc279,Snake4,98,10,0
0d4e7feb-c9f2-4648-8f14-f344902ccb8a,100,94d45d21-12ff-4e3c-8bb9-dc93438c956c,Snake1,93,10,1
0d4e7feb-c9f2-4648-8f14-f344902ccb8a,100,4e14b03c-249e-4944-bc97-0cc64e276102,Snake2,99,13,1
0d4e7feb-c9f2-4648-8f14-f344902ccb8a,100,3b4bdc72-f611-4876-a482-1fc7303200cd,Snake3,100,8,0
0d4e7feb-c9f2-4648-8f14-f344902ccb8a,100,5e94c6d7-922f-409c-8a8c-be2c871bc279,Snake4,98,10,0
0d4e7feb-c9f2-4648-8f14-f344902ccb8a,101,94d45d21-12ff-4e3c-8bb9-dc93438c956c,Snake1,92,10,1
0d4e7feb-c9f2-4648-8f14-f344902ccb8a,101,4e14b03c-249e-4944-bc97-0cc64e276102,Snake2,98,13,1
0d4e7feb-c9f2-4648-8f14-f344902ccb8a,101,3b4bdc72-f611-4876-a482-1fc7303200cd,Snake3,100,8,0
0d4e7feb-c9f2-4648-8f14-f344902ccb8a,101,5e94c6d7-922f-409c-8a8c-be2c871bc279,Snake4,98,10,0
0d4e7feb-c9f2-4648-8f14-f344902ccb8a,101,94d45d21-12ff-4e3c-8bb9-dc93438c956c,Snake1,92,10,1
0d4e7feb-c9f2-4648-8f14-f344902ccb8a,101,4e14b03c-249e-4944-bc97-0cc64e276102,Snake2,98,13,1
0d4e7feb-c9f2-4648-8f14-f344902ccb8a,101,3b4bdc72-f611-4876-a482-1fc7303200cd,Snake3,100,8,0
0d4e7feb-c9f2-4648-8f14-f344902ccb8a,101,5e94c6d7-922f-409c-8a8c-be2c871bc279,Snake4,98,10,0
0d4e7feb-c9f2-4648-8f14-f344902ccb8a,102,94d45d21-12ff-4e3c-8bb9-dc93438c956c,Snake1,91,10,1
0d4e7feb-c9f2-4648-8f14-f344902ccb8a,102,4e14b03c-249e-4944-bc97-0cc64e276102,Snake2,97,13,1
0d4e7feb-c9f2-4648-8f14-f344902ccb8a,102,3b4bdc72-f611-4876-a482-1fc7303200cd,Snake3,100,8,0
0d4e7feb-c9f2-4648-8f14-f344902ccb8a,102,5e94c6d7-922f-409c-8a8c-be2c871bc279,Snake4,98,10,0
0d4e7feb-c9f2-4648-8f14-f344902ccb8a,103,94d45d21-12ff-4e3c-8bb9-dc93438c956c,Snake1,90,10,1
0d4e7feb-c9f2-4648-8f14-f344902ccb8a,103,4e14b03c-249e-4944-bc97-0cc64e276102,Snake2,96,13,1
0d4e7feb-c9f2-4648-8f14-f344902ccb8a,103,3b4bdc72-f611-4876-a482-1fc7303200cd,Snake3,100,8,0
0d4e7feb-c9f2-4648-8f14-f344902ccb8a,103,5e94c6d7-922f-409c-8a8c-be2c871bc279,Snake4,98,10,0
0d4e7feb-c9f2-4648-8f14-f344902ccb8a,104,94d45d21-12ff-4e3c-8bb9-dc93438c956c,Snake1,89,10,1
0d4e7feb-c9f2-4648-8f14-f344902ccb8a,104,4e14b03c-249e-4944-bc97-0cc64e276102,Snake2,95,13,1
0d4e7feb-c9f2-4648-8f14-f344902ccb8a,104,3b4bdc72-f611-4876-a482-1fc7303200cd,Snake3,100,8,0
0d4e7feb-c9f2-4648-8f14-f344902ccb8a,104,5e94c6d7-922f-409c-8a8c-be2c871bc279,Snake4,98,10,0
0d4e7feb-c9f2-4648-8f14-f344902ccb8a,104,94d45d21-12ff-4e3c-8bb9-dc93438c956c,Snake1,89,10,1
0d4e7feb-c9f2-4648-8f14-f344902ccb8a,104,4e14b03c-249e-4944-bc97-0cc64e276102,Snake2,95,13,1
0d4e7feb-c9f2-4648-8f14-f344902ccb8a,104,3b4bdc72-f611-4876-a482-1fc7303200cd,Snake3,100,8,0
0d4e7feb-c9f2-4648-8f14-f344902ccb8a,104,5e94c6d7-922f-409c-8a8c-be2c871bc279,Snake4,98,10,0
0d4e7feb-c9f2-4648-8f14-f344902ccb8a,105,94d45d21-12ff-4e3c-8bb9-dc93438c956c,Snake1,88,10,1
0d4e7feb-c9f2-4648-8f14-f344902ccb8a,105,4e14b03c-249e-4944-bc97-0cc64e276102,Snake2,94,13,1
0d4e7feb-c9f2-4648-8f14-f344902ccb8a,105,3b4bdc72-f611-4876-a482-1fc7303200cd,Snake3,100,8,0
0d4e7feb-c9f2-4648-8f14-f344902ccb8a,105,5e94c6d7-922f-409c-8a8c-be2c871bc279,Snake4,98,10,0
0d4e7feb-c9f2-4648-8f14-f344902ccb8a,105,94d45d21-12ff-4e3c-8bb9-dc93438c956c,Snake1,88,10,1
0d4e7feb-c9f2-4648-8f14-f344902ccb8a,105,4e14b03c-249e-4944-bc97-0cc64e276102,Snake2,94,13,1
0d4e7feb-c9f2-4648-8f14-f344902ccb8a,105,3b4bdc72-f611-4876-a482-1fc7303200cd,Snake3,100,8,0
0d4e7feb-c9f2-4648-8f14-f344902ccb8a,105,5e94c6d7-922f-409c-8a8c-be2c871bc279,Snake4,98,10,0
0d4e7feb-c9f2-4648-8f14-f344902ccb8a,106,94d45d21-12ff-4e3c-8bb9-dc93438c956c,Snake1,87,10,1
0d4e7feb-c9f2-4648-8f14-f344902ccb8a,106,4e14b03c-249e-4944-bc97-0cc64e276102,Snake2,93,13,1
0d4e7feb-c9f2-4648-8f14-f344902ccb8a,106,3b4bdc72-f611-4876-a482-1fc7303200cd,Snake3,100,8,0
0d4e7feb-c9f2-4648-8f14-f344902ccb8a,106,5e94c6d7-922f-409c-8a8c-be2c871bc279,Snake4,98,10,0
0d4e7feb-c9f2-4648-8f14-f344902ccb8a,106,94d45d21-12ff-4e3c-8bb9-dc93438c956c,Snake1,87,10,1
0d4e7feb-c9f2-4648-8f14-f344902ccb8a,106,4e14b03c-249e-4944-bc97-0cc64e276102,Snake2,93,13,1
0d4e7feb-c9f2-4648-8f14-f344902ccb8a,106,3b4bdc72-f611-4876-a482-1fc7303200cd,Snake3,100,8,0
0d4e7feb-c9f2-4648-8f14-f344902ccb8a,106,5e94c6d7-922f-409c-8a8c-be2c871bc279,Snake4,98,10,0
0d4e7feb-c9f2-4648-8f14-f344902ccb8a,107,94d45d21-12ff-4e3c-8bb9-dc93438c956c,Snake1,86,10,1
0d4e7feb-c9f2-4648-8f14-f344902ccb8a,107,4e14b03c-249e-4944-bc97-0cc64e276102,Snake2,92,13,1
0d4e7feb-c9f2-4648-8f14-f344902ccb8a,107,3b4bdc72-f611-4876-a482-1fc7303200cd,Snake3,100,8,0
0d4e7feb-c9f2-4648-8f14-f344902ccb8a,107,5e94c6d7-922f-409c-8a8c-be2c871bc279,Snake4,98,10,0
0d4e7feb-c9f2-4648-8f14-f344902ccb8a,107,94d45d21-12ff-4e3c-8bb9-dc93438c956c,Snake1,86,10,1
0d4e7feb-c9f2-4648-8f14-f344902ccb8a,107,4e14b03c-249e-4944-bc97-0cc64e276102,Snake2,92,13,1
0d4e7feb-c9f2-4648-8f14-f344902ccb8a,107,3b4bdc72-f611-4876-a482-1fc7303200cd,Snake3,100,8,0
0d4e7feb-c9f2-4648-8f14-f344902ccb8a,107,5e94c6d7-922f-409c-8a8c-be2c871bc279,Snake4,98,10,0
0d4e7feb-c9f2-4648-8f14-f344902ccb8a,108,94d45d21-12ff-4e3c-8bb9-dc93438c956c,Snake1,85,10,1
0d4e7feb-c9f2-4648-8f14-f344902ccb8a,108,4e14b03c-249e-4944-bc97-0cc64e276102,Snake2,91,13,1
0d4e7feb-c9f2-4648-8f14-f344902ccb8a,108,3b4bdc72-f611-4876-a482-1fc7303200cd,Snake3,100,8,0
0d4e7feb-c9f2-4648-8f14-f344902ccb8a,108,5e94c6d7-922f-409c-8a8c-be2c871bc279,Snake4,98,10,0
0d4e7feb-c9f2-4648-8f14-f344902ccb8a,108,94d45d21-12ff-4e3c-8bb9-dc93438c956c,Snake1,85,10,1
0d4e7feb-c9f2-4648-8f14-f344902ccb8a,108,4e14b03c-249e-4944-bc97-0cc64e276102,Snake2,91,13,1
0d4e7feb-c9f2-4648-8f14-f344902ccb8a,108,3b4bdc72-f611-4876-a482-1fc7303200cd,Snake3,100,8,0
0d4e7feb-c9f2-4648-8f14-f344902ccb8a,108,5e94c6d7-922f-409c-8a8c-be2c871bc279,Snake4,98,10,0
0d4e7feb-c9f2-4648-8f14-f344902ccb8a,109,94d45d21-12ff-4e3c-8bb9-dc93438c956c,Snake1,84,10,1
0d4e7feb-c9f2-4648-8f14-f344902ccb8a,109,4e14b03c-249e-4944-bc97-0cc64e276102,Snake2,90,13,1
0d4e7feb-c9f2-4648-8f14-f344902ccb8a,109,3b4bdc72-f611-4876-a482-1fc7303200cd,Snake3,100,8,0
0d4e7feb-c9f2-4648-8f14-f344902ccb8a,109,5e94c6d7-922f-409c-8a8c-be2c871bc279,Snake4,98,10,0
0d4e7feb-c9f2-4648-8f14-f344902ccb8a,109,94d45d21-12ff-4e3c-8bb9-dc93438c956c,Snake1,84,10,1
0d4e7feb-c9f2-4648-8f14-f344902ccb8a,109,4e14b03c-249e-4944-bc97-0cc64e276102,Snake2,90,13,1
0d4e7feb-c9f2-4648-8f14-f344902ccb8a,109,3b4bdc72-f611-4876-a482-1fc7303200cd,Snake3,100,8,0
0d4e7feb-c9f2-4648-8f14-f344902ccb8a,109,5e94c6d7-922f-409c-8a8c-be2c871bc279,Snake4,98,10,0
0d4e7feb-c9f2-4648-8f14-f344902ccb8a,110,94d45d21-12ff-4e3c-8bb9-dc93438c956c,Snake1,83,10,1
0d4e7feb-c9f2-4648-8f14-f344902ccb8a,110,4e14b03c-249e-4944-bc97-0cc64e276102,Snake2,89,13,1
0d4e7feb-c9f2-4648-8f14-f344902ccb8a,110,3b4bdc72-f611-4876-a482-1fc7303200cd,Snake3,100,8,0
0d4e7feb-c9f2-4648-8f14-f344902ccb8a,110,5e94c6d7-922f-409c-8a8c-be2c871bc279,Snake4,98,10,0
0d4e7feb-c9f2-4648-8f14-f344902ccb8a,110,94d45d21-12ff-4e3c-8bb9-dc93438c956c,Snake1,83,10,1
0d4e7feb-c9f2-4648-8f14-f344902ccb8a,110,4e14b03c-249e-4944-bc97-0cc64e276102,Snake2,89,13,1
0d4e7feb-c9f2-4648-8f14-f344902ccb8a,110,3b4bdc72-f611-4876-a482-1fc7303200cd,Snake3,100,8,0
0d4e7feb-c9f2-4648-8f14-f344902ccb8a,110,5e94c6d7-922f-409c-8a8c-be2c871bc279,Snake4,98,10,0
0d4e7feb-c9f2-4648-8f14-f344902ccb8a,111,94d45d21-12ff-4e3c-8bb9-dc93438c956c,Snake1,82,10,1
0d4e7feb-c9f2-4648-8f14-f344902ccb8a,111,4e14b03c-249e-4944-bc97-0cc64e276102,Snake2,88,13,1
0d4e7feb-c9f2-4648-8f14-f344902ccb8a,111,3b4bdc72-f611-4876-a482-1fc7303200cd,Snake3,100,8,0
0d4e7feb-c9f2-4648-8f14-f344902ccb8a,111,5e94c6d7-922f-409c-8a8c-be2c871bc279,Snake4,98,10,0
0d4e7feb-c9f2-4648-8f14-f344902ccb8a,111,94d45d21-12ff-4e3c-8bb9-dc93438c956c,Snake1,82,10,1
0d4e7feb-c9f2-4648-8f14-f344902ccb8a,111,4e14b03c-249e-4944-bc97-0cc64e276102,Snake2,88,13,1
0d4e7feb-c9f2-4648-8f14-f344902ccb8a,111,3b4bdc72-f611-4876-a482-1fc7303200cd,Snake3,100,8,0
0d4e7feb-c9f2-4648-8f14-f344902ccb8a,111,5e94c6d7-922f-409c-8a8c-be2c871bc279,Snake4,98,10,0
0d4e7feb-c9f2-4648-8f14-f344902ccb8a,112,94d45d21-12ff-4e3c-8bb9-dc93438c956c,Snake1,81,10,1
0d4e7feb-c9f2-4648-8f14-f344902ccb8a,112,4e14b03c-249e-4944-bc97-0cc64e276102,Snake2,87,13,1
0d4e7feb-c9f2-4648-8f14-f344902ccb8a,112,3b4bdc72-f611-4876-a482-1fc7303200cd,Snake3,100,8,0
0d4e7feb-c9f2-4648-8f14-f344902ccb8a,112,5e94c6d7-922f-409c-8a8c-be2c871bc279,Snake4,98,10,0
0d4e7feb-c9f2-4648-8f14-f344902ccb8a,112,94d45d21-12ff-4e3c-8bb9-dc93438c956c,Snake1,81,10,1
0d4e7feb-c9f2-4648-8f14-f344902ccb8a,112,4e14b03c-249e-4944-bc97-0cc64e276102,Snake2,87,13,1
0d4e7feb-c9f2-4648-8f14-f344902ccb8a,112,3b4bdc72-f611-4876-a482-1fc7303200cd,Snake3,100,8,0
0d4e7feb-c9f2-4648-8f14-f344902ccb8a,112,5e94c6d7-922f-409c-8a8c-be2c871bc279,Snake4,98,10,0
0d4e7feb-c9f2-4648-8f14-f344902ccb8a,113,94d45d21-12ff-4e3c-8bb9-dc93438c956c,Snake1,80,10,1
0d4e7feb-c9f2-4648-8f14-f344902ccb8a,113,4e14b03c-249e-4944-bc97-0cc64e276102,Snake2,100,14,1
0d4e7feb-c9f2-4648-8f14-f344902ccb8a,113,3b4bdc72-f611-4876-a482-1fc7303200cd,Snake3,100,8,0
0d4e7feb-c9f2-4648-8f14-f344902ccb8a,113,5e94c6d7-922f-409c-8a8c-be2c871bc279,Snake4,98,10,0
0d4e7feb-c9f2-4648-8f14-f344902ccb8a,113,94d45d21-12ff-4e3c-8bb9-dc93438c956c,Snake1,80,10,1
0d4e7feb-c9f2-4648-8f14-f344902ccb8a,113,4e14b03c-249e-4944-bc97-0cc64e276102,Snake2,100,14,1
0d4e7feb-c9f2-4648-8f14-f344902ccb8a,113,3b4bdc72-f611-4876-a482-1fc7303200cd,Snake3,100,8,0
0d4e7feb-c9f2-4648-8f14-f344902ccb8a,113,5e94c6d7-922f-409c-8a8c-be2c871bc279,Snake4,98,10,0
0d4e7feb-c9f2-4648-8f14-f344902ccb8a,114,94d45d21-12ff-4e3c-8bb9-dc93438c956c,Snake1,79,10,1
0d4e7feb-c9f2-4648-8f14-f344902ccb8a,114,4e14b03c-249e-4944-bc97-0cc64e276102,Snake2,99,14,1
0d4e7feb-c9f2-4648-8f14-f344902ccb8a,114,3b4bdc72-f611-4876-a482-1fc7303200cd,Snake3,100,8,0
0d4e7feb-c9f2-4648-8f14-f344902ccb8a,114,5e94c6d7-922f-409c-8a8c-be2c871bc279,Snake4,98,10,0
0d4e7feb-c9f2-4648-8f14-f344902ccb8a,114,94d45d21-12ff-4e3c-8bb9-dc93438c956c,Snake1,79,10,1
0d4e7feb-c9f2-4648-8f14-f344902ccb8a,114,4e14b03c-249e-4944-bc97-0cc64e276102,Snake2,99,14,1
0d4e7feb-c9f2-4648-8f14-f344902ccb8a,114,3b4bdc72-f611-4876-a482-1fc7303200cd,Snake3,100,8,0
0d4e7feb-c9f2-4648-8f14-f344902ccb8a,114,5e94c6d7-922f-409c-8a8c-be2c871bc279,Snake4,98,10,0
0d4e7feb-c9f2-4648-8f14-f344902ccb8a,115,94d45d21-12ff-4e3c-8bb9-dc93438c956c,Snake1,78,10,1
0d4e7feb-c9f2-4648-8f14-f344902ccb8a,115,4e14b03c-249e-4944-bc97-0cc64e276102,Snake2,98,14,1
0d4e7feb-c9f2-4648-8f14-f344902ccb8a,115,3b4bdc72-f611-4876-a482-1fc7303200cd,Snake3,100,8,0
0d4e7feb-c9f2-4648-8f14-f344902ccb8a,115,5e94c6d7-922f-409c-8a8c-be2c871bc279,Snake4,98,10,0
0d4e7feb-c9f2-4648-8f14-f344902ccb8a,115,94d45d21-12ff-4e3c-8bb9-dc93438c956c,Snake1,78,10,1
0d4e7feb-c9f2-4648-8f14-f344902ccb8a,115,4e14b03c-249e-4944-bc97-0cc64e276102,Snake2,98,14,1
0d4e7feb-c9f2-4648-8f14-f344902ccb8a,115,3b4bdc72-f611-4876-a482-1fc7303200cd,Snake3,100,8,0
0d4e7feb-c9f2-4648-8f14-f344902ccb8a,115,5e94c6d7-922f-409c-8a8c-be2c871bc279,Snake4,98,10,0
0d4e7feb-c9f2-4648-8f14-f344902ccb8a,116,94d45d21-12ff-4e3c-8bb9-dc93438c956c,Snake1,77,10,1
0d4e7feb-c9f2-4648-8f14-f344902ccb8a,116,4e14b03c-249e-4944-bc97-0cc64e276102,Snake2,97,14,1
0d4e7feb-c9f2-4648-8f14-f344902ccb8a,116,3b4bdc72-f611-4876-a482-1fc7303200cd,Snake3,100,8,0
0d4e7feb-c9f2-4648-8f14-f344902ccb8a,116,5e94c6d7-922f-409c-8a8c-be2c871bc279,Snake4,98,10,0
0d4e7feb-c9f2-4648-8f14-f344902ccb8a,116,94d45d21-12ff-4e3c-8bb9-dc93438c956c,Snake1,77,10,1
0d4e7feb-c9f2-4648-8f14-f344902ccb8a,116,4e14b03c-249e-4944-bc97-0cc64e276102,Snake2,97,14,1
0d4e7feb-c9f2-4648-8f14-f344902ccb8a,116,3b4bdc72-f611-4876-a482-1fc7303200cd,Snake3,100,8,0
0d4e7feb-c9f2-4648-8f14-f344902ccb8a,116,5e94c6d7-922f-409c-8a8c-be2c871bc279,Snake4,98,10,0
0d4e7feb-c9f2-4648-8f14-f344902ccb8a,117,94d45d21-12ff-4e3c-8bb9-dc93438c956c,Snake1,76,10,1
0d4e7feb-c9f2-4648-8f14-f344902ccb8a,117,4e14b03c-249e-4944-bc97-0cc64e276102,Snake2,96,14,1
0d4e7feb-c9f2-4648-8f14-f344902ccb8a,117,3b4bdc72-f611-4876-a482-1fc7303200cd,Snake3,100,8,0
0d4e7feb-c9f2-4648-8f14-f344902ccb8a,117,5e94c6d7-922f-409c-8a8c-be2c871bc279,Snake4,98,10,0
0d4e7feb-c9f2-4648-8f14-f344902ccb8a,117,94d45d21-12ff-4e3c-8bb9-dc93438c956c,Snake1,76,10,1
0d4e7feb-c9f2-4648-8f14-f344902ccb8a,117,4e14b03c-249e-4944-bc97-0cc64e276102,Snake2,96,14,1
0d4e7feb-c9f2-4648-8f14-f344902ccb8a,117,3b4bdc72-f611-4876-a482-1fc7303200cd,Snake3,100,8,0
0d4e7feb-c9f2-4648-8f14-f344902ccb8a,117,5e94c6d7-922f-409c-8a8c-be2c871bc279,Snake4,98,10,0
0d4e7feb-c9f2-4648-8f14-f344902ccb8a,118,94d45d21-12ff-4e3c-8bb9-dc93438c956c,Snake1,75,10,1
0d4e7feb-c9f2-4648-8f14-f344902ccb8a,118,4e14b03c-249e-4944-bc97-0cc64e276102,Snake2,95,14,1
0d4e7feb-c9f2-4648-8f14-f344902ccb8a,118,3b4bdc72-f611-4876-a482-1fc7303200cd,Snake3,100,8,0
0d4e7feb-c9f2-4648-8f14-f344902ccb8a,118,5e94c6d7-922f-409c-8a8c-be2c871bc279,Snake4,98,10,0
0d4e7feb-c9f2-4648-8f14-f344902ccb8a,118,94d45d21-12ff-4e3c-8bb9-dc93438c956c,Snake1,75,10,1
0d4e7feb-c9f2-4648-8f14-f344902ccb8a,118,4e14b03c-249e-4944-bc97-0cc64e276102,Snake2,95,14,1
0d4e7feb-c9f2-4648-8f14-f344902ccb8a,118,3b4bdc72-f611-4876-a482-1fc7303200cd,Snake3,100,8,0
0d4e7feb-c9f2-4648-8f14-f344902ccb8a,118,5e94c6d7-922f-409c-8a8c-be2c871bc279,Snake4,98,10,0
0d4e7feb-c9f2-4648-8f14-f344902ccb8a,119,94d45d21-12ff-4e3c-8bb9-dc93438c956c,Snake1,74,10,1
0d4e7feb-c9f2-4648-8f14-f344902ccb8a,119,4e14b03c-249e-4944-bc97-0cc64e276102,Snake2,100,15,1
0d4e7feb-c9f2-4648-8f14-f344902ccb8a,119,3b4bdc72-f611-4876-a482-1fc7303200cd,Snake3,100,8,0
0d4e7feb-c9f2-4648-8f14-f344902ccb8a,119,5e94c6d7-922f-409c-8a8c-be2c871bc279,Snake4,98,10,0
0d4e7feb-c9f2-4648-8f14-f344902ccb8a,119,94d45d21-12ff-4e3c-8bb9-dc93438c956c,Snake1,74,10,1
0d4e7feb-c9f2-4648-8f14-f344902ccb8a,119,4e14b03c-249e-4944-bc97-0cc64e276102,Snake2,100,15,1
0d4e7feb-c9f2-4648-8f14-f344902ccb8a,119,3b4bdc72-f611-4876-a482-1fc7303200cd,Snake3,100,8,0
0d4e7feb-c9f2-4648-8f14-f344902ccb8a,119,5e94c6d7-922f-409c-8a8c-be2c871bc279,Snake4,98,10,0
0d4e7feb-c9f2-4648-8f14-f344902ccb8a,120,94d45d21-12ff-4e3c-8bb9-dc93438c956c,Snake1,100,11,1
0d4e7feb-c9f2-4648-8f14-f344902ccb8a,120,4e14b03c-249e-4944-bc97-0cc64e276102,Snake2,99,15,1
0d4e7feb-c9f2-4648-8f14-f344902ccb8a,120,3b4bdc72-f611-4876-a482-1fc7303200cd,Snake3,100,8,0
0d4e7feb-c9f2-4648-8f14-f344902ccb8a,120,5e94c6d7-922f-409c-8a8c-be2c871bc279,Snake4,98,10,0
0d4e7feb-c9f2-4648-8f14-f344902ccb8a,120,94d45d21-12ff-4e3c-8bb9-dc93438c956c,Snake1,100,11,1
0d4e7feb-c9f2-4648-8f14-f344902ccb8a,120,4e14b03c-249e-4944-bc97-0cc64e276102,Snake2,99,15,1
0d4e7feb-c9f2-4648-8f14-f344902ccb8a,120,3b4bdc72-f611-4876-a482-1fc7303200cd,Snake3,100,8,0
0d4e7feb-c9f2-4648-8f14-f344902ccb8a,120,5e94c6d7-922f-409c-8a8c-be2c871bc279,Snake4,98,10,0
0d4e7feb-c9f2-4648-8f14-f344902ccb8a,121,94d45d21-12ff-4e3c-8bb9-dc93438c956c,Snake1,99,11,1
0d4e7feb-c9f2-4648-8f14-f344902ccb8a,121,4e14b03c-249e-4944-bc97-0cc64e276102,Snake2,98,15,1
0d4e7feb-c9f2-4648-8f14-f344902ccb8a,121,3b4bdc72-f611-4876-a482-1fc7303200cd,Snake3,100,8,0
0d4e7feb-c9f2-4648-8f14-f344902ccb8a,121,5e94c6d7-922f-409c-8a8c-be2c871bc279,Snake4,98,10,0
0d4e7feb-c9f2-4648-8f14-f344902ccb8a,121,94d45d21-12ff-4e3c-8bb9-dc93438c956c,Snake1,99,11,1
0d4e7feb-c9f2-4648-8f14-f344902ccb8a,121,4e14b03c-249e-4944-bc97-0cc64e276102,Snake2,98,15,1
0d4e7feb-c9f2-4648-8f14-f344902ccb8a,121,3b4bdc72-f611-4876-a482-1fc7303200cd,Snake3,100,8,0
0d4e7feb-c9f2-4648-8f14-f344902ccb8a,121,5e94c6d7-922f-409c-8a8c-be2c871bc279,Snake4,98,10,0
0d4e7feb-c9f2-4648-8f14-f344902ccb8a,122,94d45d21-12ff-4e3c-8bb9-dc93438c956c,Snake1,98,11,1
0d4e7feb-c9f2-4648-8f14-f344902ccb8a,122,4e14b03c-249e-4944-bc97-0cc64e276102,Snake2,97,15,1
0d4e7feb-c9f2-4648-8f14-f344902ccb8a,122,3b4bdc72-f611-4876-a482-1fc7303200cd,Snake3,100,8,0
0d4e7feb-c9f2-4648-8f14-f344902ccb8a,122,5e94c6d7-922f-409c-8a8c-be2c871bc279,Snake4,98,10,0
0d4e7feb-c9f2-4648-8f14-f344902ccb8a,122,94d45d21-12ff-4e3c-8bb9-dc93438c956c,Snake1,98,11,1
0d4e7feb-c9f2-4648-8f14-f344902ccb8a,122,4e14b03c-249e-4944-bc97-0cc64e276102,Snake2,97,15,1
0d4e7feb-c9f2-4648-8f14-f344902ccb8a,122,3b4bdc72-f611-4876-a482-1fc7303200cd,Snake3,100,8,0
0d4e7feb-c9f2-4648-8f14-f344902ccb8a,122,5e94c6d7-922f-409c-8a8c-be2c871bc279,Snake4,98,10,0
0d4e7feb-c9f2-4648-8f14-f344902ccb8a,123,94d45d21-12ff-4e3c-8bb9-dc93438c956c,Snake1,97,11,1
0d4e7feb-c9f2-4648-8f14-f344902ccb8a,123,4e14b03c-249e-4944-bc97-0cc64e276102,Snake2,96,15,1
0d4e7feb-c9f2-4648-8f14-f344902ccb8a,123,3b4bdc72-f611-4876-a482-1fc7303200cd,Snake3,100,8,0
0d4e7feb-c9f2-4648-8f14-f344902ccb8a,123,5e94c6d7-922f-409c-8a8c-be2c871bc279,Snake4,98,10,0
0d4e7feb-c9f2-4648-8f14-f344902ccb8a,123,94d45d21-12ff-4e3c-8bb9-dc93438c956c,Snake1,97,11,1
0d4e7feb-c9f2-4648-8f14-f344902ccb8a,123,4e14b03c-249e-4944-bc97-0cc64e276102,Snake2,96,15,1
0d4e7feb-c9f2-4648-8f14-f344902ccb8a,123,3b4bdc72-f611-4876-a482-1fc7303200cd,Snake3,100,8,0
0d4e7feb-c9f2-4648-8f14-f344902ccb8a,123,5e94c6d7-922f-409c-8a8c-be2c871bc279,Snake4,98,10,0
0d4e7feb-c9f2-4648-8f14-f344902ccb8a,124,94d45d21-12ff-4e3c-8bb9-dc93438c956c,Snake1,100,12,1
0d4e7feb-c9f2-4648-8f14-f344902ccb8a,124,4e14b03c-249e-4944-bc97-0cc64e276102,Snake2,95,15,1
0d4e7feb-c9f2-4648-8f14-f344902ccb8a,124,3b4bdc72-f611-4876-a482-1fc7303200cd,Snake3,100,8,0
0d4e7feb-c9f2-4648-8f14-f344902ccb8a,124,5e94c6d7-922f-409c-8a8c-be2c871bc279,Snake4,98,10,0
0d4e7feb-c9f2-4648-8f14-f344902ccb8a,124,94d45d21-12ff-4e3c-8bb9-dc93438c956c,Snake1,100,12,1
0d4e7feb-c9f2-4648-8f14-f344902ccb8a,124,4e14b03c-249e-4944-bc97-0cc64e276102,Snake2,95,15,1
0d4e7feb-c9f2-4648-8f14-f344902ccb8a,124,3b4bdc72-f611-4876-a482-1fc7303200cd,Snake3,100,8,0
0d4e7feb-c9f2-4648-8f14-f344902ccb8a,124,5e94c6d7-922f-409c-8a8c-be2c871bc279,Snake4,98,10,0
0d4e7feb-c9f2-4648-8f14-f344902ccb8a,125,94d45d21-12ff-4e3c-8bb9-dc93438c956c,Snake1,99,12,1
0d4e7feb-c9f2-4648-8f14-f344902ccb8a,125,4e14b03c-249e-4944-bc97-0cc64e276102,Snake2,94,15,1
0d4e7feb-c9f2-4648-8f14-f344902ccb8a,125,3b4bdc72-f611-4876-a482-1fc7303200cd,Snake3,100,8,0
0d4e7feb-c9f2-4648-8f14-f344902ccb8a,125,5e94c6d7-922f-409c-8a8c-be2c871bc279,Snake4,98,10,0
0d4e7feb-c9f2-4648-8f14-f344902ccb8a,125,94d45d21-12ff-4e3c-8bb9-dc93438c956c,Snake1,99,12,1
0d4e7feb-c9f2-4648-8f14-f344902ccb8a,125,4e14b03c-249e-4944-bc97-0cc64e276102,Snake2,94,15,1
0d4e7feb-c9f2-4648-8f14-f344902ccb8a,125,3b4bdc72-f611-4876-a482-1fc7303200cd,Snake3,100,8,0
0d4e7feb-c9f2-4648-8f14-f344902ccb8a,125,5e94c6d7-922f-409c-8a8c-be2c871bc279,Snake4,98,10,0
0d4e7feb-c9f2-4648-8f14-f344902ccb8a,126,94d45d21-12ff-4e3c-8bb9-dc93438c956c,Snake1,98,12,1
0d4e7feb-c9f2-4648-8f14-f344902ccb8a,126,4e14b03c-249e-4944-bc97-0cc64e276102,Snake2,100,16,1
0d4e7feb-c9f2-4648-8f14-f344902ccb8a,126,3b4bdc72-f611-4876-a482-1fc7303200cd,Snake3,100,8,0
0d4e7feb-c9f2-4648-8f14-f344902ccb8a,126,5e94c6d7-922f-409c-8a8c-be2c871bc279,Snake4,98,10,0
0d4e7feb-c9f2-4648-8f14-f344902ccb8a,126,94d45d21-12ff-4e3c-8bb9-dc93438c956c,Snake1,98,12,1
0d4e7feb-c9f2-4648-8f14-f344902ccb8a,126,4e14b03c-249e-4944-bc97-0cc64e276102,Snake2,100,16,1
0d4e7feb-c9f2-4648-8f14-f344902ccb8a,126,3b4bdc72-f611-4876-a482-1fc7303200cd,Snake3,100,8,0
0d4e7feb-c9f2-4648-8f14-f344902ccb8a,126,5e94c6d7-922f-409c-8a8c-be2c871bc279,Snake4,98,10,0
0d4e7feb-c9f2-4648-8f14-f344902ccb8a,127,94d45d21-12ff-4e3c-8bb9-dc93438c956c,Snake1,97,12,1
0d4e7feb-c9f2-4648-8f14-f344902ccb8a,127,4e14b03c-249e-4944-bc97-0cc64e276102,Snake2,99,16,1
0d4e7feb-c9f2-4648-8f14-f344902ccb8a,127,3b4bdc72-f611-4876-a482-1fc7303200cd,Snake3,100,8,0
0d4e7feb-c9f2-4648-8f14-f344902ccb8a,127,5e94c6d7-922f-409c-8a8c-be2c871bc279,Snake4,98,10,0
0d4e7feb-c9f2-4648-8f14-f344902ccb8a,127,94d45d21-12ff-4e3c-8bb9-dc93438c956c,Snake1,97,12,1
0d4e7feb-c9f2-4648-8f14-f344902ccb8a,127,4e14b03c-249e-4944-bc97-0cc64e276102,Snake2,99,16,1
0d4e7feb-c9f2-4648-8f14-f344902ccb8a,127,3b4bdc72-f611-4876-a482-1fc7303200cd,Snake3,100,8,0
0d4e7feb-c9f2-4648-8f14-f344902ccb8a,127,5e94c6d7-922f-409c-8a8c-be2c871bc279,Snake4,98,10,0
0d4e7feb-c9f2-4648-8f14-f344902ccb8a,128,94d45d21-12ff-4e3c-8bb9-dc93438c956c,Snake1,96,12,1
0d4e7feb-c9f2-4648-8f14-f344902ccb8a,128,4e14b03c-249e-4944-bc97-0cc64e276102,Snake2,98,16,1
0d4e7feb-c9f2-4648-8f14-f344902ccb8a,128,3b4bdc72-f611-4876-a482-1fc7303200cd,Snake3,100,8,0
0d4e7feb-c9f2-4648-8f14-f344902ccb8a,128,5e94c6d7-922f-409c-8a8c-be2c871bc279,Snake4,98,10,0
0d4e7feb-c9f2-4648-8f14-f344902ccb8a,129,94d45d21-12ff-4e3c-8bb9-dc93438c956c,Snake1,95,12,1
0d4e7feb-c9f2-4648-8f14-f344902ccb8a,129,4e14b03c-249e-4944-bc97-0cc64e276102,Snake2,97,16,1
0d4e7feb-c9f2-4648-8f14-f344902ccb8a,129,3b4bdc72-f611-4876-a482-1fc7303200cd,Snake3,100,8,0
0d4e7feb-c9f2-4648-8f14-f344902ccb8a,129,5e94c6d7-922f-409c-8a8c-be2c871bc279,Snake4,98,10,0
0d4e7feb-c9f2-4648-8f14-f344902ccb8a,129,94d45d21-12ff-4e3c-8bb9-dc93438c956c,Snake1,95,12,1
0d4e7feb-c9f2-4648-8f14-f344902ccb8a,129,4e14b03c-249e-4944-bc97-0cc64e276102,Snake2,97,16,1
0d4e7feb-c9f2-4648-8f14-f344902ccb8a,129,3b4bdc72-f611-4876-a482-1fc7303200cd,Snake3,100,8,0
0d4e7feb-c9f2-4648-8f14-f344902ccb8a,129,5e94c6d7-922f-409c-8a8c-be2c871bc279,Snake4,98,10,0
0d4e7feb-c9f2-4648-8f14-f344902ccb8a,130,94d45d21-12ff-4e3c-8bb9-dc93438c956c,Snake1,94,12,1
0d4e7feb-c9f2-4648-8f14-f344902ccb8a,130,4e14b03c-249e-4944-bc97-0cc64e276102,Snake2,96,16,1
0d4e7feb-c9f2-4648-8f14-f344902ccb8a,130,3b4bdc72-f611-4876-a482-1fc7303200cd,Snake3,100,8,0
0d4e7feb-c9f2-4648-8f14-f344902ccb8a,130,5e94c6d7-922f-409c-8a8c-be2c871bc279,Snake4,98,10,0
0d4e7feb-c9f2-4648-8f14-f344902ccb8a,130,94d45d21-12ff-4e3c-8bb9-dc93438c956c,Snake1,94,12,1
0d4e7feb-c9f2-4648-8f14-f344902ccb8a,130,4e14b03c-249e-4944-bc97-0cc64e276102,Snake2,96,16,1
0d4e7feb-c9f2-4648-8f14-f344902ccb8a,130,3b4bdc72-f611-4876-a482-1fc7303200cd,Snake3,100,8,0
0d4e7feb-c9f2-4648-8f14-f344902ccb8a,130,5e94c6d7-922f-409c-8a8c-be2c871bc279,Snake4,98,10,0
0d4e7feb-c9f2-4648-8f14-f344902ccb8a,131,94d45d21-12ff-4e3c-8bb9-dc93438c956c,Snake1,100,13,1
0d4e7feb-c9f2-4648-8f14-f344902ccb8a,131,4e14b03c-249e-4944-bc97-0cc64e276102,Snake2,95,16,1
0d4e7feb-c9f2-4648-8f14-f344902ccb8a,131,3b4bdc72-f611-4876-a482-1fc7303200cd,Snake3,100,8,0
0d4e7feb-c9f2-4648-8f14-f344902ccb8a,131,5e94c6d7-922f-409c-8a8c-be2c871bc279,Snake4,98,10,0
0d4e7feb-c9f2-4648-8f14-f344902ccb8a,131,94d45d21-12ff-4e3c-8bb9-dc93438c956c,Snake1,100,13,1
0d4e7feb-c9f2-4648-8f14-f344902ccb8a,131,4e14b03c-249e-4944-bc97-0cc64e276102,Snake2,95,16,1
0d4e7feb-c9f2-4648-8f14-f344902ccb8a,131,3b4bdc72-f611-4876-a482-1fc7303200cd,Snake3,100,8,0
0d4e7feb-c9f2-4648-8f14-f344902ccb8a,131,5e94c6d7-922f-409c-8a8c-be2c871bc279,Snake4,98,10,0
0d4e7feb-c9f2-4648-8f14-f344902ccb8a,132,94d45d21-12ff-4e3c-8bb9-dc93438c956c,Snake1,43,13,1
0d4e7feb-c9f2-4648-8f14-f344902ccb8a,132,4e14b03c-249e-4944-bc97-0cc64e276102,Snake2,94,16,1
0d4e7feb-c9f2-4648-8f14-f344902ccb8a,132,3b4bdc72-f611-4876-a482-1fc7303200cd,Snake3,100,8,0
0d4e7feb-c9f2-4648-8f14-f344902ccb8a,132,5e94c6d7-922f-409c-8a8c-be2c871bc279,Snake4,98,10,0
0d4e7feb-c9f2-4648-8f14-f344902ccb8a,132,94d45d21-12ff-4e3c-8bb9-dc93438c956c,Snake1,43,13,1
0d4e7feb-c9f2-4648-8f14-f344902ccb8a,132,4e14b03c-249e-4944-bc97-0cc64e276102,Snake2,94,16,1
0d4e7feb-c9f2-4648-8f14-f344902ccb8a,132,3b4bdc72-f611-4876-a482-1fc7303200cd,Snake3,100,8,0
0d4e7feb-c9f2-4648-8f14-f344902ccb8a,132,5e94c6d7-922f-409c-8a8c-be2c871bc279,Snake4,98,10,0
0d4e7feb-c9f2-4648-8f14-f344902ccb8a,133,94d45d21-12ff-4e3c-8bb9-dc93438c956c,Snake1,42,13,1
0d4e7feb-c9f2-4648-8f14-f344902ccb8a,133,4e14b03c-249e-4944-bc97-0cc64e276102,Snake2,93,16,1
0d4e7feb-c9f2-4648-8f14-f344902ccb8a,133,3b4bdc72-f611-4876-a482-1fc7303200cd,Snake3,100,8,0
0d4e7feb-c9f2-4648-8f14-f344902ccb8a,133,5e94c6d7-922f-409c-8a8c-be2c871bc279,Snake4,98,10,0
0d4e7feb-c9f2-4648-8f14-f344902ccb8a,133,94d45d21-12ff-4e3c-8bb9-dc93438c956c,Snake1,42,13,1
0d4e7feb-c9f2-4648-8f14-f344902ccb8a,133,4e14b03c-249e-4944-bc97-0cc64e276102,Snake2,93,16,1
0d4e7feb-c9f2-4648-8f14-f344902ccb8a,133,3b4bdc72-f611-4876-a482-1fc7303200cd,Snake3,100,8,0
0d4e7feb-c9f2-4648-8f14-f344902ccb8a,133,5e94c6d7-922f-409c-8a8c-be2c871bc279,Snake4,98,10,0
0d4e7feb-c9f2-4648-8f14-f344902ccb8a,134,94d45d21-12ff-4e3c-8bb9-dc93438c956c,Snake1,41,13,1
0d4e7feb-c9f2-4648-8f14-f344902ccb8a,134,4e14b03c-249e-4944-bc97-0cc64e276102,Snake2,36,16,1
0d4e7feb-c9f2-4648-8f14-f344902ccb8a,134,3b4bdc72-f611-4876-a482-1fc7303200cd,Snake3,100,8,0
0d4e7feb-c9f2-4648-8f14-f344902ccb8a,134,5e94c6d7-922f-409c-8a8c-be2c871bc279,Snake4,98,10,0
0d4e7feb-c9f2-4648-8f14-f344902ccb8a,134,94d45d21-12ff-4e3c-8bb9-dc93438c956c,Snake1,41,13,1
0d4e7feb-c9f2-4648-8f14-f344902ccb8a,134,4e14b03c-249e-4944-bc97-0cc64e276102,Snake2,36,16,1
0d4e7feb-c9f2-4648-8f14-f344902ccb8a,134,3b4bdc72-f611-4876-a482-1fc7303200cd,Snake3,100,8,0
0d4e7feb-c9f2-4648-8f14-f344902ccb8a,134,5e94c6d7-922f-409c-8a8c-be2c871bc279,Snake4,98,10,0
0d4e7feb-c9f2-4648-8f14-f344902ccb8a,135,94d45d21-12ff-4e3c-8bb9-dc93438c956c,Snake1,40,13,1
0d4e7feb-c9f2-4648-8f14-f344902ccb8a,135,3b4bdc72-f611-4876-a482-1fc7303200cd,Snake3,100,8,0
0d4e7feb-c9f2-4648-8f14-f344902ccb8a,135,5e94c6d7-922f-409c-8a8c-be2c871bc279,Snake4,98,10,0
0d4e7feb-c9f2-4648-8f14-f344902ccb8a,135,4e14b03c-249e-4944-bc97-0cc64e276102,Snake2,36,16,0
0d4e7feb-c9f2-4648-8f14-f344902ccb8a,136,94d45d21-12ff-4e3c-8bb9-dc93438c956c,Snake1,40,13,1
0d4e7feb-c9f2-4648-8f14-f344902ccb8a,136,3b4bdc72-f611-4876-a482-1fc7303200cd,Snake3,100,8,0
0d4e7feb-c9f2-4648-8f14-f344902ccb8a,136,5e94c6d7-922f-409c-8a8c-be2c871bc279,Snake4,100,9,0
0d4e7feb-c9f2-4648-8f14-f344902ccb8a,136,4e14b03c-249e-4944-bc97-0cc64e276102,Snake2,90,9,0
0d4e7feb-c9f2-4648-8f14-f344902ccb8a,136,94d45d21-12ff-4e3c-8bb9-dc93438c956c,Snake1,40,13,1
0d4e7feb-c9f2-4648-8f14-f344902ccb8a,136,3b4bdc72-f611-4876-a482-1fc7303200cd,Snake3,100,8,0
0d4e7feb-c9f2-4648-8f14-f344902ccb8a,136,5e94c6d7-922f-409c-8a8c-be2c871bc279,Snake4,98,10,0
0d4e7feb-c9f2-4648-8f14-f344902ccb8a,136,4e14b03c-249e-4944-bc97-0cc64e276102,Snake2,50,12,0
0d4e7feb-c9f2-4648-8f14-f344902ccb8a,136,94d45d21-12ff-4e3c-8bb9-dc93438c956c,Snake1,40,13,1
0d4e7feb-c9f2-4648-8f14-f344902ccb8a,136,3b4bdc72-f611-4876-a482-1fc7303200cd,Snake3,100,8,0
0d4e7feb-c9f2-4648-8f14-f344902ccb8a,136,5e94c6d7-922f-409c-8a8c-be2c871bc279,Snake4,98,10,0
0d4e7feb-c9f2-4648-8f14-f344902ccb8a,136,4e14b03c-249e-4944-bc97-0cc64e276102,Snake2,36,16,0
0d4e7feb-c9f2-4648-8f14-f344902ccb8a,136,94d45d21-12ff-4e3c-8bb9-dc93438c956c,Snake1,40,13,1
0d4e7feb-c9f2-4648-8f14-f344902ccb8a,136,3b4bdc72-f611-4876-a482-1fc7303200cd,Snake3,100,8,0
0d4e7feb-c9f2-4648-8f14-f344902ccb8a,136,5e94c6d7-922f-409c-8a8c-be2c871bc279,Snake4,98,10,0
0d4e7feb-c9f2-4648-8f14-f344902ccb8a,136,4e14b03c-249e-4944-bc97-0cc64e276102,Snake2,36,16,0
