game_id,turn,snake_id,snake_name,health,length,alive
f5ebb4f7-9a18-4580-9e35-77141697bbff,0,0428ac1a-8bab-4d14-85b2-f62b56a38a31,MCTS1,100,3,1
f5ebb4f7-9a18-4580-9e35-77141697bbff,0,938d7697-d4c5-4005-8fc0-459224f41355,MCTS Heuristic 1,100,3,1
f5ebb4f7-9a18-4580-9e35-77141697bbff,0,a18ac380-b2a3-40c9-a4c7-492d6648ea61,MCTS Heuristic 2,100,3,1
f5ebb4f7-9a18-4580-9e35-77141697bbff,0,41edcccd-99b6-408d-a428-f99775e68d51,Heuristic1,100,3,1
f5ebb4f7-9a18-4580-9e35-77141697bbff,1,0428ac1a-8bab-4d14-85b2-f62b56a38a31,MCTS1,99,3,1
f5ebb4f7-9a18-4580-9e35-77141697bbff,1,938d7697-d4c5-4005-8fc0-459224f41355,MCTS Heuristic 1,99,3,1
f5ebb4f7-9a18-4580-9e35-77141697bbff,1,a18ac380-b2a3-40c9-a4c7-492d6648ea61,MCTS Heuristic 2,99,3,1
f5ebb4f7-9a18-4580-9e35-77141697bbff,1,41edcccd-99b6-408d-a428-f99775e68d51,Heuristic1,99,3,1
f5ebb4f7-9a18-4580-9e35-77141697bbff,1,0428ac1a-8bab-4d14-85b2-f62b56a38a31,MCTS1,99,3,1
f5ebb4f7-9a18-4580-9e35-77141697bbff,1,938d7697-d4c5-4005-8fc0-459224f41355,MCTS Heuristic 1,99,3,1
f5ebb4f7-9a18-4580-9e35-77141697bbff,1,a18ac380-b2a3-40c9-a4c7-492d6648ea61,MCTS Heuristic 2,99,3,1
f5ebb4f7-9a18-4580-9e35-77141697bbff,1,41edcccd-99b6-408d-a428-f99775e68d51,Heuristic1,99,3,1
f5ebb4f7-9a18-4580-9e35-77141697bbff,1,0428ac1a-8bab-4d14-85b2-f62b56a38a31,MCTS1,99,3,1
f5ebb4f7-9a18-4580-9e35-77141697bbff,1,938d7697-d4c5-4005-8fc0-459224f41355,MCTS Heuristic 1,99,3,1
f5ebb4f7-9a18-4580-9e35-77141697bbff,1,a18ac380-b2a3-40c9-a4c7-492d6648ea61,MCTS Heuristic 2,99,3,1
f5ebb4f7-9a18-4580-9e35-77141697bbff,1,41edcccd-99b6-408d-a428-f99775e68d51,Heuristic1,99,3,1
f5ebb4f7-9a18-4580-9e35-77141697bbff,1,0428ac1a-8bab-4d14-85b2-f62b56a38a31,MCTS1,99,3,1
f5ebb4f7-9a18-4580-9e35-77141697bbff,1,938d7697-d4c5-4005-8fc0-459224f41355,MCTS Heuristic 1,99,3,1
f5ebb4f7-9a18-4580-9e35-77141697bbff,1,a18ac380-b2a3-40c9-a4c7-492d6648ea61,MCTS Heuristic 2,99,3,1
f5ebb4f7-9a18-4580-9e35-77141697bbff,1,41edcccd-99b6-408d-a428-f99775e68d51,Heuristic1,99,3,1
f5ebb4f7-9a18-4580-9e35-77141697bbff,2,0428ac1a-8bab-4d14-85b2-f62b56a38a31,MCTS1,98,3,1
f5ebb4f7-9a18-4580-9e35-77141697bbff,2,938d7697-d4c5-4005-8fc0-459224f41355,MCTS Heuristic 1,98,3,1
f5ebb4f7-9a18-4580-9e35-77141697bbff,2,a18ac380-b2a3-40c9-a4c7-492d6648ea61,MCTS Heuristic 2,100,4,1
f5ebb4f7-9a18-4580-9e35-77141697bbff,2,41edcccd-99b6-408d-a428-f99775e68d51,Heuristic1,98,3,1
f5ebb4f7-9a18-4580-9e35-77141697bbff,2,0428ac1a-8bab-4d14-85b2-f62b56a38a31,MCTS1,98,3,1
f5ebb4f7-9a18-4580-9e35-77141697bbff,2,938d7697-d4c5-4005-8fc0-459224f41355,MCTS Heuristic 1,98,3,1
f5ebb4f7-9a18-4580-9e35-77141697bbff,2,a18ac380-b2a3-40c9-a4c7-492d6648ea61,MCTS Heuristic 2,100,4,1
f5ebb4f7-9a18-4580-9e35-77141697bbff,2,41edcccd-99b6-408d-a428-f99775e68d51,Heuristic1,98,3,1
f5ebb4f7-9a18-4580-9e35-77141697bbff,2,0428ac1a-8bab-4d14-85b2-f62b56a38a31,MCTS1,98,3,1
f5ebb4f7-9a18-4580-9e35-77141697bbff,2,938d7697-d4c5-4005-8fc0-459224f41355,MCTS Heuristic 1,98,3,1
f5ebb4f7-9a18-4580-9e35-77141697bbff,2,a18ac380-b2a3-40c9-a4c7-492d6648ea61,MCTS Heuristic 2,100,4,1
f5ebb4f7-9a18-4580-9e35-77141697bbff,2,41edcccd-99b6-408d-a428-f99775e68d51,Heuristic1,98,3,1
f5ebb4f7-9a18-4580-9e35-77141697bbff,2,0428ac1a-8bab-4d14-85b2-f62b56a38a31,MCTS1,98,3,1
f5ebb4f7-9a18-4580-9e35-77141697bbff,2,938d7697-d4c5-4005-8fc0-459224f41355,MCTS Heuristic 1,98,3,1
f5ebb4f7-9a18-4580-9e35-77141697bbff,2,a18ac380-b2a3-40c9-a4c7-492d6648ea61,MCTS Heuristic 2,100,4,1
f5ebb4f7-9a18-4580-9e35-77141697bbff,2,41edcccd-99b6-408d-a428-f99775e68d51,Heuristic1,98,3,1
f5ebb4f7-9a18-4580-9e35-77141697bbff,3,0428ac1a-8bab-4d14-85b2-f62b56a38a31,MCTS1,97,3,1
f5ebb4f7-9a18-4580-9e35-77141697bbff,3,938d7697-d4c5-4005-8fc0-459224f41355,MCTS Heuristic 1,97,3,1
f5ebb4f7-9a18-4580-9e35-77141697bbff,3,a18ac380-b2a3-40c9-a4c7-492d6648ea61,MCTS Heuristic 2,99,4,1
f5ebb4f7-9a18-4580-9e35-77141697bbff,3,41edcccd-99b6-408d-a428-f99775e68d51,Heuristic1,97,3,1
f5ebb4f7-9a18-4580-9e35-77141697bbff,3,0428ac1a-8bab-4d14-85b2-f62b56a38a31,MCTS1,97,3,1
f5ebb4f7-9a18-4580-9e35-77141697bbff,3,938d7697-d4c5-4005-8fc0-459224f41355,MCTS Heuristic 1,97,3,1
f5ebb4f7-9a18-4580-9e35-77141697bbff,3,a18ac380-b2a3-40c9-a4c7-492d6648ea61,MCTS Heuristic 2,99,4,1
f5ebb4f7-9a18-4580-9e35-77141697bbff,3,41edcccd-99b6-408d-a428-f99775e68d51,Heuristic1,97,3,1
f5ebb4f7-9a18-4580-9e35-77141697bbff,3,0428ac1a-8bab-4d14-85b2-f62b56a38a31,MCTS1,97,3,1
f5ebb4f7-9a18-4580-9e35-77141697bbff,3,938d7697-d4c5-4005-8fc0-459224f41355,MCTS Heuristic 1,97,3,1
f5ebb4f7-9a18-4580-9e35-77141697bbff,3,a18ac380-b2a3-40c9-a4c7-492d6648ea61,MCTS Heuristic 2,99,4,1
f5ebb4f7-9a18-4580-9e35-77141697bbff,3,41edcccd-99b6-408d-a428-f99775e68d51,Heuristic1,97,3,1
f5ebb4f7-9a18-4580-9e35-77141697bbff,3,0428ac1a-8bab-4d14-85b2-f62b56a38a31,MCTS1,97,3,1
f5ebb4f7-9a18-4580-9e35-77141697bbff,3,938d7697-d4c5-4005-8fc0-459224f41355,MCTS Heuristic 1,97,3,1
f5ebb4f7-9a18-4580-9e35-77141697bbff,3,a18ac380-b2a3-40c9-a4c7-492d6648ea61,MCTS Heuristic 2,99,4,1
f5ebb4f7-9a18-4580-9e35-77141697bbff,3,41edcccd-99b6-408d-a428-f99775e68d51,Heuristic1,97,3,1
f5ebb4f7-9a18-4580-9e35-77141697bbff,4,0428ac1a-8bab-4d14-85b2-f62b56a38a31,MCTS1,96,3,1
f5ebb4f7-9a18-4580-9e35-77141697bbff,4,938d7697-d4c5-4005-8fc0-459224f41355,MCTS Heuristic 1,96,3,1
f5ebb4f7-9a18-4580-9e35-77141697bbff,4,a18ac380-b2a3-40c9-a4c7-492d6648ea61,MCTS Heuristic 2,98,4,1
f5ebb4f7-9a18-4580-9e35-77141697bbff,4,41edcccd-99b6-408d-a428-f99775e68d51,Heuristic1,96,3,1
f5ebb4f7-9a18-4580-9e35-77141697bbff,4,0428ac1a-8bab-4d14-85b2-f62b56a38a31,MCTS1,96,3,1
f5ebb4f7-9a18-4580-9e35-77141697bbff,4,938d7697-d4c5-4005-8fc0-459224f41355,MCTS Heuristic 1,96,3,1
f5ebb4f7-9a18-4580-9e35-77141697bbff,4,a18ac380-b2a3-40c9-a4c7-492d6648ea61,MCTS Heuristic 2,98,4,1
f5ebb4f7-9a18-4580-9e35-77141697bbff,4,41edcccd-99b6-408d-a428-f99775e68d51,Heuristic1,96,3,1
f5ebb4f7-9a18-4580-9e35-77141697bbff,4,0428ac1a-8bab-4d14-85b2-f62b56a38a31,MCTS1,96,3,1
f5ebb4f7-9a18-4580-9e35-77141697bbff,4,938d7697-d4c5-4005-8fc0-459224f41355,MCTS Heuristic 1,96,3,1
f5ebb4f7-9a18-4580-9e35-77141697bbff,4,a18ac380-b2a3-40c9-a4c7-492d6648ea61,MCTS Heuristic 2,98,4,1
f5ebb4f7-9a18-4580-9e35-77141697bbff,4,41edcccd-99b6-408d-a428-f99775e68d51,Heuristic1,96,3,1
f5ebb4f7-9a18-4580-9e35-77141697bbff,4,0428ac1a-8bab-4d14-85b2-f62b56a38a31,MCTS1,96,3,1
f5ebb4f7-9a18-4580-9e35-77141697bbff,4,938d7697-d4c5-4005-8fc0-459224f41355,MCTS Heuristic 1,96,3,1
f5ebb4f7-9a18-4580-9e35-77141697bbff,4,a18ac380-b2a3-40c9-a4c7-492d6648ea61,MCTS Heuristic 2,98,4,1
f5ebb4f7-9a18-4580-9e35-77141697bbff,4,41edcccd-99b6-408d-a428-f99775e68d51,Heuristic1,96,3,1
f5ebb4f7-9a18-4580-9e35-77141697bbff,5,0428ac1a-8bab-4d14-85b2-f62b56a38a31,MCTS1,95,3,1
f5ebb4f7-9a18-4580-9e35-77141697bbff,5,938d7697-d4c5-4005-8fc0-459224f41355,MCTS Heuristic 1,95,3,1
f5ebb4f7-9a18-4580-9e35-77141697bbff,5,a18ac380-b2a3-40c9-a4c7-492d6648ea61,MCTS Heuristic 2,97,4,1
f5ebb4f7-9a18-4580-9e35-77141697bbff,5,41edcccd-99b6-408d-a428-f99775e68d51,Heuristic1,95,3,1
f5ebb4f7-9a18-4580-9e35-77141697bbff,5,0428ac1a-8bab-4d14-85b2-f62b56a38a31,MCTS1,95,3,1
f5ebb4f7-9a18-4580-9e35-77141697bbff,5,938d7697-d4c5-4005-8fc0-459224f41355,MCTS Heuristic 1,95,3,1
f5ebb4f7-9a18-4580-9e35-77141697bbff,5,a18ac380-b2a3-40c9-a4c7-492d6648ea61,MCTS Heuristic 2,97,4,1
f5ebb4f7-9a18-4580-9e35-77141697bbff,5,41edcccd-99b6-408d-a428-f99775e68d51,Heuristic1,95,3,1
f5ebb4f7-9a18-4580-9e35-77141697bbff,5,0428ac1a-8bab-4d14-85b2-f62b56a38a31,MCTS1,95,3,1
f5ebb4f7-9a18-4580-9e35-77141697bbff,5,938d7697-d4c5-4005-8fc0-459224f41355,MCTS Heuristic 1,95,3,1
f5ebb4f7-9a18-4580-9e35-77141697bbff,5,a18ac380-b2a3-40c9-a4c7-492d6648ea61,MCTS Heuristic 2,97,4,1
f5ebb4f7-9a18-4580-9e35-77141697bbff,5,41edcccd-99b6-408d-a428-f99775e68d51,Heuristic1,95,3,1
f5ebb4f7-9a18-4580-9e35-77141697bbff,5,0428ac1a-8bab-4d14-85b2-f62b56a38a31,MCTS1,95,3,1
f5ebb4f7-9a18-4580-9e35-77141697bbff,5,938d7697-d4c5-4005-8fc0-459224f41355,MCTS Heuristic 1,95,3,1
f5ebb4f7-9a18-4580-9e35-77141697bbff,5,a18ac380-b2a3-40c9-a4c7-492d6648ea61,MCTS Heuristic 2,97,4,1
f5ebb4f7-9a18-4580-9e35-77141697bbff,5,41edcccd-99b6-408d-a428-f99775e68d51,Heuristic1,95,3,1
f5ebb4f7-9a18-4580-9e35-77141697bbff,6,0428ac1a-8bab-4d14-85b2-f62b56a38a31,MCTS1,100,4,1
f5ebb4f7-9a18-4580-9e35-77141697bbff,6,938d7697-d4c5-4005-8fc0-459224f41355,MCTS Heuristic 1,94,3,1
f5ebb4f7-9a18-4580-9e35-77141697bbff,6,a18ac380-b2a3-40c9-a4c7-492d6648ea61,MCTS Heuristic 2,96,4,1
f5ebb4f7-9a18-4580-9e35-77141697bbff,6,41edcccd-99b6-408d-a428-f99775e68d51,Heuristic1,94,3,1
f5ebb4f7-9a18-4580-9e35-77141697bbff,6,0428ac1a-8bab-4d14-85b2-f62b56a38a31,MCTS1,100,4,1
f5ebb4f7-9a18-4580-9e35-77141697bbff,6,938d7697-d4c5-4005-8fc0-459224f41355,MCTS Heuristic 1,94,3,1
f5ebb4f7-9a18-4580-9e35-77141697bbff,6,a18ac380-b2a3-40c9-a4c7-492d6648ea61,MCTS Heuristic 2,96,4,1
f5ebb4f7-9a18-4580-9e35-77141697bbff,6,41edcccd-99b6-408d-a428-f99775e68d51,Heuristic1,94,3,1
f5ebb4f7-9a18-4580-9e35-77141697bbff,6,0428ac1a-8bab-4d14-85b2-f62b56a38a31,MCTS1,100,4,1
f5ebb4f7-9a18-4580-9e35-77141697bbff,6,938d7697-d4c5-4005-8fc0-459224f41355,MCTS Heuristic 1,94,3,1
f5ebb4f7-9a18-4580-9e35-77141697bbff,6,a18ac380-b2a3-40c9-a4c7-492d6648ea61,MCTS Heuristic 2,96,4,1
f5ebb4f7-9a18-4580-9e35-77141697bbff,6,41edcccd-99b6-408d-a428-f99775e68d51,Heuristic1,94,3,1
f5ebb4f7-9a18-4580-9e35-77141697bbff,6,0428ac1a-8bab-4d14-85b2-f62b56a38a31,MCTS1,100,4,1
f5ebb4f7-9a18-4580-9e35-77141697bbff,6,938d7697-d4c5-4005-8fc0-459224f41355,MCTS Heuristic 1,94,3,1
f5ebb4f7-9a18-4580-9e35-77141697bbff,6,a18ac380-b2a3-40c9-a4c7-492d6648ea61,MCTS Heuristic 2,96,4,1
f5ebb4f7-9a18-4580-9e35-77141697bbff,6,41edcccd-99b6-408d-a428-f99775e68d51,Heuristic1,94,3,1
f5ebb4f7-9a18-4580-9e35-77141697bbff,7,0428ac1a-8bab-4d14-85b2-f62b56a38a31,MCTS1,99,4,1
f5ebb4f7-9a18-4580-9e35-77141697bbff,7,938d7697-d4c5-4005-8fc0-459224f41355,MCTS Heuristic 1,93,3,1
f5ebb4f7-9a18-4580-9e35-77141697bbff,7,a18ac380-b2a3-40c9-a4c7-492d6648ea61,MCTS Heuristic 2,95,4,1
f5ebb4f7-9a18-4580-9e35-77141697bbff,7,41edcccd-99b6-408d-a428-f99775e68d51,Heuristic1,93,3,1
f5ebb4f7-9a18-4580-9e35-77141697bbff,7,0428ac1a-8bab-4d14-85b2-f62b56a38a31,MCTS1,99,4,1
f5ebb4f7-9a18-4580-9e35-77141697bbff,7,938d7697-d4c5-4005-8fc0-459224f41355,MCTS Heuristic 1,93,3,1
f5ebb4f7-9a18-4580-9e35-77141697bbff,7,a18ac380-b2a3-40c9-a4c7-492d6648ea61,MCTS Heuristic 2,95,4,1
f5ebb4f7-9a18-4580-9e35-77141697bbff,7,41edcccd-99b6-408d-a428-f99775e68d51,Heuristic1,93,3,1
f5ebb4f7-9a18-4580-9e35-77141697bbff,7,0428ac1a-8bab-4d14-85b2-f62b56a38a31,MCTS1,99,4,1
f5ebb4f7-9a18-4580-9e35-77141697bbff,7,938d7697-d4c5-4005-8fc0-459224f41355,MCTS Heuristic 1,93,3,1
f5ebb4f7-9a18-4580-9e35-77141697bbff,7,a18ac380-b2a3-40c9-a4c7-492d6648ea61,MCTS Heuristic 2,95,4,1
f5ebb4f7-9a18-4580-9e35-77141697bbff,7,41edcccd-99b6-408d-a428-f99775e68d51,Heuristic1,93,3,1
f5ebb4f7-9a18-4580-9e35-77141697bbff,7,0428ac1a-8bab-4d14-85b2-f62b56a38a31,MCTS1,99,4,1
f5ebb4f7-9a18-4580-9e35-77141697bbff,7,938d7697-d4c5-4005-8fc0-459224f41355,MCTS Heuristic 1,93,3,1
f5ebb4f7-9a18-4580-9e35-77141697bbff,7,a18ac380-b2a3-40c9-a4c7-492d6648ea61,MCTS Heuristic 2,95,4,1
f5ebb4f7-9a18-4580-9e35-77141697bbff,7,41edcccd-99b6-408d-a428-f99775e68d51,Heuristic1,93,3,1
f5ebb4f7-9a18-4580-9e35-77141697bbff,8,0428ac1a-8bab-4d14-85b2-f62b56a38a31,MCTS1,98,4,1
f5ebb4f7-9a18-4580-9e35-77141697bbff,8,938d7697-d4c5-4005-8fc0-459224f41355,MCTS Heuristic 1,92,3,1
f5ebb4f7-9a18-4580-9e35-77141697bbff,8,a18ac380-b2a3-40c9-a4c7-492d6648ea61,MCTS Heuristic 2,94,4,1
f5ebb4f7-9a18-4580-9e35-77141697bbff,8,41edcccd-99b6-408d-a428-f99775e68d51,Heuristic1,92,3,1
f5ebb4f7-9a18-4580-9e35-77141697bbff,8,0428ac1a-8bab-4d14-85b2-f62b56a38a31,MCTS1,98,4,1
f5ebb4f7-9a18-4580-9e35-77141697bbff,8,938d7697-d4c5-4005-8fc0-459224f41355,MCTS Heuristic 1,92,3,1
f5ebb4f7-9a18-4580-9e35-77141697bbff,8,a18ac380-b2a3-40c9-a4c7-492d6648ea61,MCTS Heuristic 2,94,4,1
f5ebb4f7-9a18-4580-9e35-77141697bbff,8,41edcccd-99b6-408d-a428-f99775e68d51,Heuristic1,92,3,1
f5ebb4f7-9a18-4580-9e35-77141697bbff,8,0428ac1a-8bab-4d14-85b2-f62b56a38a31,MCTS1,98,4,1
f5ebb4f7-9a18-4580-9e35-77141697bbff,8,938d7697-d4c5-4005-8fc0-459224f41355,MCTS Heuristic 1,92,3,1
f5ebb4f7-9a18-4580-9e35-77141697bbff,8,a18ac380-b2a3-40c9-a4c7-492d6648ea61,MCTS Heuristic 2,94,4,1
f5ebb4f7-9a18-4580-9e35-77141697bbff,8,41edcccd-99b6-408d-a428-f99775e68d51,Heuristic1,92,3,1
f5ebb4f7-9a18-4580-9e35-77141697bbff,8,0428ac1a-8bab-4d14-85b2-f62b56a38a31,MCTS1,98,4,1
f5ebb4f7-9a18-4580-9e35-77141697bbff,8,938d7697-d4c5-4005-8fc0-459224f41355,MCTS Heuristic 1,92,3,1
f5ebb4f7-9a18-4580-9e35-77141697bbff,8,a18ac380-b2a3-40c9-a4c7-492d6648ea61,MCTS Heuristic 2,94,4,1
f5ebb4f7-9a18-4580-9e35-77141697bbff,8,41edcccd-99b6-408d-a428-f99775e68d51,Heuristic1,92,3,1
f5ebb4f7-9a18-4580-9e35-77141697bbff,9,0428ac1a-8bab-4d14-85b2-f62b56a38a31,MCTS1,97,4,1
f5ebb4f7-9a18-4580-9e35-77141697bbff,9,938d7697-d4c5-4005-8fc0-459224f41355,MCTS Heuristic 1,91,3,1
f5ebb4f7-9a18-4580-9e35-77141697bbff,9,a18ac380-b2a3-40c9-a4c7-492d6648ea61,MCTS Heuristic 2,93,4,1
f5ebb4f7-9a18-4580-9e35-77141697bbff,9,41edcccd-99b6-408d-a428-f99775e68d51,Heuristic1,91,3,1
f5ebb4f7-9a18-4580-9e35-77141697bbff,9,0428ac1a-8bab-4d14-85b2-f62b56a38a31,MCTS1,97,4,1
f5ebb4f7-9a18-4580-9e35-77141697bbff,9,938d7697-d4c5-4005-8fc0-459224f41355,MCTS Heuristic 1,91,3,1
f5ebb4f7-9a18-4580-9e35-77141697bbff,9,a18ac380-b2a3-40c9-a4c7-492d6648ea61,MCTS Heuristic 2,93,4,1
f5ebb4f7-9a18-4580-9e35-77141697bbff,9,41edcccd-99b6-408d-a428-f99775e68d51,Heuristic1,91,3,1
f5ebb4f7-9a18-4580-9e35-77141697bbff,9,0428ac1a-8bab-4d14-85b2-f62b56a38a31,MCTS1,97,4,1
f5ebb4f7-9a18-4580-9e35-77141697bbff,9,938d7697-d4c5-4005-8fc0-459224f41355,MCTS Heuristic 1,91,3,1
f5ebb4f7-9a18-4580-9e35-77141697bbff,9,a18ac380-b2a3-40c9-a4c7-492d6648ea61,MCTS Heuristic 2,93,4,1
f5ebb4f7-9a18-4580-9e35-77141697bbff,9,41edcccd-99b6-408d-a428-f99775e68d51,Heuristic1,91,3,1
f5ebb4f7-9a18-4580-9e35-77141697bbff,9,0428ac1a-8bab-4d14-85b2-f62b56a38a31,MCTS1,97,4,1
f5ebb4f7-9a18-4580-9e35-77141697bbff,9,938d7697-d4c5-4005-8fc0-459224f41355,MCTS Heuristic 1,91,3,1
f5ebb4f7-9a18-4580-9e35-77141697bbff,9,a18ac380-b2a3-40c9-a4c7-492d6648ea61,MCTS Heuristic 2,93,4,1
f5ebb4f7-9a18-4580-9e35-77141697bbff,9,41edcccd-99b6-408d-a428-f99775e68d51,Heuristic1,91,3,1
f5ebb4f7-9a18-4580-9e35-77141697bbff,10,0428ac1a-8bab-4d14-85b2-f62b56a38a31,MCTS1,96,4,1
f5ebb4f7-9a18-4580-9e35-77141697bbff,10,938d7697-d4c5-4005-8fc0-459224f41355,MCTS Heuristic 1,90,3,1
f5ebb4f7-9a18-4580-9e35-77141697bbff,10,a18ac380-b2a3-40c9-a4c7-492d6648ea61,MCTS Heuristic 2,92,4,1
f5ebb4f7-9a18-4580-9e35-77141697bbff,10,41edcccd-99b6-408d-a428-f99775e68d51,Heuristic1,90,3,1
f5ebb4f7-9a18-4580-9e35-77141697bbff,10,0428ac1a-8bab-4d14-85b2-f62b56a38a31,MCTS1,96,4,1
f5ebb4f7-9a18-4580-9e35-77141697bbff,10,938d7697-d4c5-4005-8fc0-459224f41355,MCTS Heuristic 1,90,3,1
f5ebb4f7-9a18-4580-9e35-77141697bbff,10,a18ac380-b2a3-40c9-a4c7-492d6648ea61,MCTS Heuristic 2,92,4,1
f5ebb4f7-9a18-4580-9e35-77141697bbff,10,41edcccd-99b6-408d-a428-f99775e68d51,Heuristic1,90,3,1
f5ebb4f7-9a18-4580-9e35-77141697bbff,10,0428ac1a-8bab-4d14-85b2-f62b56a38a31,MCTS1,96,4,1
f5ebb4f7-9a18-4580-9e35-77141697bbff,10,938d7697-d4c5-4005-8fc0-459224f41355,MCTS Heuristic 1,90,3,1
f5ebb4f7-9a18-4580-9e35-77141697bbff,10,a18ac380-b2a3-40c9-a4c7-492d6648ea61,MCTS Heuristic 2,92,4,1
f5ebb4f7-9a18-4580-9e35-77141697bbff,10,41edcccd-99b6-408d-a428-f99775e68d51,Heuristic1,90,3,1
f5ebb4f7-9a18-4580-9e35-77141697bbff,10,0428ac1a-8bab-4d14-85b2-f62b56a38a31,MCTS1,96,4,1
f5ebb4f7-9a18-4580-9e35-77141697bbff,10,938d7697-d4c5-4005-8fc0-459224f41355,MCTS Heuristic 1,90,3,1
f5ebb4f7-9a18-4580-9e35-77141697bbff,10,a18ac380-b2a3-40c9-a4c7-492d6648ea61,MCTS Heuristic 2,92,4,1
f5ebb4f7-9a18-4580-9e35-77141697bbff,10,41edcccd-99b6-408d-a428-f99775e68d51,Heuristic1,90,3,1
f5ebb4f7-9a18-4580-9e35-77141697bbff,11,0428ac1a-8bab-4d14-85b2-f62b56a38a31,MCTS1,95,4,1
f5ebb4f7-9a18-4580-9e35-77141697bbff,11,938d7697-d4c5-4005-8fc0-459224f41355,MCTS Heuristic 1,89,3,1
f5ebb4f7-9a18-4580-9e35-77141697bbff,11,a18ac380-b2a3-40c9-a4c7-492d6648ea61,MCTS Heuristic 2,91,4,1
f5ebb4f7-9a18-4580-9e35-77141697bbff,11,41edcccd-99b6-408d-a428-f99775e68d51,Heuristic1,89,3,1
f5ebb4f7-9a18-4580-9e35-77141697bbff,11,0428ac1a-8bab-4d14-85b2-f62b56a38a31,MCTS1,95,4,1
f5ebb4f7-9a18-4580-9e35-77141697bbff,11,938d7697-d4c5-4005-8fc0-459224f41355,MCTS Heuristic 1,89,3,1
f5ebb4f7-9a18-4580-9e35-77141697bbff,11,a18ac380-b2a3-40c9-a4c7-492d6648ea61,MCTS Heuristic 2,91,4,1
f5ebb4f7-9a18-4580-9e35-77141697bbff,11,41edcccd-99b6-408d-a428-f99775e68d51,Heuristic1,89,3,1
f5ebb4f7-9a18-4580-9e35-77141697bbff,11,0428ac1a-8bab-4d14-85b2-f62b56a38a31,MCTS1,95,4,1
f5ebb4f7-9a18-4580-9e35-77141697bbff,11,938d7697-d4c5-4005-8fc0-459224f41355,MCTS Heuristic 1,89,3,1
f5ebb4f7-9a18-4580-9e35-77141697bbff,11,a18ac380-b2a3-40c9-a4c7-492d6648ea61,MCTS Heuristic 2,91,4,1
f5ebb4f7-9a18-4580-9e35-77141697bbff,11,41edcccd-99b6-408d-a428-f99775e68d51,Heuristic1,89,3,1
f5ebb4f7-9a18-4580-9e35-77141697bbff,11,0428ac1a-8bab-4d14-85b2-f62b56a38a31,MCTS1,95,4,1
f5ebb4f7-9a18-4580-9e35-77141697bbff,11,938d7697-d4c5-4005-8fc0-459224f41355,MCTS Heuristic 1,89,3,1
f5ebb4f7-9a18-4580-9e35-77141697bbff,11,a18ac380-b2a3-40c9-a4c7-492d6648ea61,MCTS Heuristic 2,91,4,1
f5ebb4f7-9a18-4580-9e35-77141697bbff,11,41edcccd-99b6-408d-a428-f99775e68d51,Heuristic1,89,3,1
f5ebb4f7-9a18-4580-9e35-77141697bbff,12,0428ac1a-8bab-4d14-85b2-f62b56a38a31,MCTS1,94,4,1
f5ebb4f7-9a18-4580-9e35-77141697bbff,12,938d7697-d4c5-4005-8fc0-459224f41355,MCTS Heuristic 1,88,3,1
f5ebb4f7-9a18-4580-9e35-77141697bbff,12,a18ac380-b2a3-40c9-a4c7-492d6648ea61,MCTS Heuristic 2,90,4,1
f5ebb4f7-9a18-4580-9e35-77141697bbff,12,41edcccd-99b6-408d-a428-f99775e68d51,Heuristic1,88,3,1
f5ebb4f7-9a18-4580-9e35-77141697bbff,12,0428ac1a-8bab-4d14-85b2-f62b56a38a31,MCTS1,94,4,1
f5ebb4f7-9a18-4580-9e35-77141697bbff,12,938d7697-d4c5-4005-8fc0-459224f41355,MCTS Heuristic 1,88,3,1
f5ebb4f7-9a18-4580-9e35-77141697bbff,12,a18ac380-b2a3-40c9-a4c7-492d6648ea61,MCTS Heuristic 2,90,4,1
f5ebb4f7-9a18-4580-9e35-77141697bbff,12,41edcccd-99b6-408d-a428-f99775e68d51,Heuristic1,88,3,1
f5ebb4f7-9a18-4580-9e35-77141697bbff,12,0428ac1a-8bab-4d14-85b2-f62b56a38a31,MCTS1,94,4,1
f5ebb4f7-9a18-4580-9e35-77141697bbff,12,938d7697-d4c5-4005-8fc0-459224f41355,MCTS Heuristic 1,88,3,1
f5ebb4f7-9a18-4580-9e35-77141697bbff,12,a18ac380-b2a3-40c9-a4c7-492d6648ea61,MCTS Heuristic 2,90,4,1
f5ebb4f7-9a18-4580-9e35-77141697bbff,12,41edcccd-99b6-408d-a428-f99775e68d51,Heuristic1,88,3,1
f5ebb4f7-9a18-4580-9e35-77141697bbff,12,0428ac1a-8bab-4d14-85b2-f62b56a38a31,MCTS1,94,4,1
f5ebb4f7-9a18-4580-9e35-77141697bbff,12,938d7697-d4c5-4005-8fc0-459224f41355,MCTS Heuristic 1,88,3,1
f5ebb4f7-9a18-4580-9e35-77141697bbff,12,a18ac380-b2a3-40c9-a4c7-492d6648ea61,MCTS Heuristic 2,90,4,1
f5ebb4f7-9a18-4580-9e35-77141697bbff,12,41edcccd-99b6-408d-a428-f99775e68d51,Heuristic1,88,3,1
f5ebb4f7-9a18-4580-9e35-77141697bbff,13,0428ac1a-8bab-4d14-85b2-f62b56a38a31,MCTS1,93,4,1
f5ebb4f7-9a18-4580-9e35-77141697bbff,13,938d7697-d4c5-4005-8fc0-459224f41355,MCTS Heuristic 1,87,3,1
f5ebb4f7-9a18-4580-9e35-77141697bbff,13,a18ac380-b2a3-40c9-a4c7-492d6648ea61,MCTS Heuristic 2,89,4,1
f5ebb4f7-9a18-4580-9e35-77141697bbff,13,41edcccd-99b6-408d-a428-f99775e68d51,Heuristic1,87,3,1
f5ebb4f7-9a18-4580-9e35-77141697bbff,13,0428ac1a-8bab-4d14-85b2-f62b56a38a31,MCTS1,93,4,1
f5ebb4f7-9a18-4580-9e35-77141697bbff,13,938d7697-d4c5-4005-8fc0-459224f41355,MCTS Heuristic 1,87,3,1
f5ebb4f7-9a18-4580-9e35-77141697bbff,13,a18ac380-b2a3-40c9-a4c7-492d6648ea61,MCTS Heuristic 2,89,4,1
f5ebb4f7-9a18-4580-9e35-77141697bbff,13,41edcccd-99b6-408d-a428-f99775e68d51,Heuristic1,87,3,1
f5ebb4f7-9a18-4580-9e35-77141697bbff,13,0428ac1a-8bab-4d14-85b2-f62b56a38a31,MCTS1,93,4,1
f5ebb4f7-9a18-4580-9e35-77141697bbff,13,938d7697-d4c5-4005-8fc0-459224f41355,MCTS Heuristic 1,87,3,1
f5ebb4f7-9a18-4580-9e35-77141697bbff,13,a18ac380-b2a3-40c9-a4c7-492d6648ea61,MCTS Heuristic 2,89,4,1
f5ebb4f7-9a18-4580-9e35-77141697bbff,13,41edcccd-99b6-408d-a428-f99775e68d51,Heuristic1,87,3,1
f5ebb4f7-9a18-4580-9e35-77141697bbff,13,0428ac1a-8bab-4d14-85b2-f62b56a38a31,MCTS1,93,4,1
f5ebb4f7-9a18-4580-9e35-77141697bbff,13,938d7697-d4c5-4005-8fc0-459224f41355,MCTS Heuristic 1,87,3,1
f5ebb4f7-9a18-4580-9e35-77141697bbff,13,a18ac380-b2a3-40c9-a4c7-492d6648ea61,MCTS Heuristic 2,89,4,1
f5ebb4f7-9a18-4580-9e35-77141697bbff,13,41edcccd-99b6-408d-a428-f99775e68d51,Heuristic1,87,3,1
f5ebb4f7-9a18-4580-9e35-77141697bbff,14,0428ac1a-8bab-4d14-85b2-f62b56a38a31,MCTS1,92,4,1
f5ebb4f7-9a18-4580-9e35-77141697bbff,14,938d7697-d4c5-4005-8fc0-459224f41355,MCTS Heuristic 1,100,4,1
f5ebb4f7-9a18-4580-9e35-77141697bbff,14,a18ac380-b2a3-40c9-a4c7-492d6648ea61,MCTS Heuristic 2,88,4,1
f5ebb4f7-9a18-4580-9e35-77141697bbff,14,41edcccd-99b6-408d-a428-f99775e68d51,Heuristic1,86,3,1
f5ebb4f7-9a18-4580-9e35-77141697bbff,14,0428ac1a-8bab-4d14-85b2-f62b56a38a31,MCTS1,92,4,1
f5ebb4f7-9a18-4580-9e35-77141697bbff,14,938d7697-d4c5-4005-8fc0-459224f41355,MCTS Heuristic 1,100,4,1
f5ebb4f7-9a18-4580-9e35-77141697bbff,14,a18ac380-b2a3-40c9-a4c7-492d6648ea61,MCTS Heuristic 2,88,4,1
f5ebb4f7-9a18-4580-9e35-77141697bbff,14,41edcccd-99b6-408d-a428-f99775e68d51,Heuristic1,86,3,1
f5ebb4f7-9a18-4580-9e35-77141697bbff,14,0428ac1a-8bab-4d14-85b2-f62b56a38a31,MCTS1,92,4,1
f5ebb4f7-9a18-4580-9e35-77141697bbff,14,938d7697-d4c5-4005-8fc0-459224f41355,MCTS Heuristic 1,100,4,1
f5ebb4f7-9a18-4580-9e35-77141697bbff,14,a18ac380-b2a3-40c9-a4c7-492d6648ea61,MCTS Heuristic 2,88,4,1
f5ebb4f7-9a18-4580-9e35-77141697bbff,14,41edcccd-99b6-408d-a428-f99775e68d51,Heuristic1,86,3,1
f5ebb4f7-9a18-4580-9e35-77141697bbff,14,0428ac1a-8bab-4d14-85b2-f62b56a38a31,MCTS1,92,4,1
f5ebb4f7-9a18-4580-9e35-77141697bbff,14,938d7697-d4c5-4005-8fc0-459224f41355,MCTS Heuristic 1,100,4,1
f5ebb4f7-9a18-4580-9e35-77141697bbff,14,a18ac380-b2a3-40c9-a4c7-492d6648ea61,MCTS Heuristic 2,88,4,1
f5ebb4f7-9a18-4580-9e35-77141697bbff,14,41edcccd-99b6-408d-a428-f99775e68d51,Heuristic1,86,3,1
f5ebb4f7-9a18-4580-9e35-77141697bbff,15,0428ac1a-8bab-4d14-85b2-f62b56a38a31,MCTS1,91,4,1
f5ebb4f7-9a18-4580-9e35-77141697bbff,15,938d7697-d4c5-4005-8fc0-459224f41355,MCTS Heuristic 1,100,5,1
f5ebb4f7-9a18-4580-9e35-77141697bbff,15,a18ac380-b2a3-40c9-a4c7-492d6648ea61,MCTS Heuristic 2,87,4,1
f5ebb4f7-9a18-4580-9e35-77141697bbff,15,41edcccd-99b6-408d-a428-f99775e68d51,Heuristic1,85,3,1
f5ebb4f7-9a18-4580-9e35-77141697bbff,15,0428ac1a-8bab-4d14-85b2-f62b56a38a31,MCTS1,91,4,1
f5ebb4f7-9a18-4580-9e35-77141697bbff,15,938d7697-d4c5-4005-8fc0-459224f41355,MCTS Heuristic 1,100,5,1
f5ebb4f7-9a18-4580-9e35-77141697bbff,15,a18ac380-b2a3-40c9-a4c7-492d6648ea61,MCTS Heuristic 2,87,4,1
f5ebb4f7-9a18-4580-9e35-77141697bbff,15,41edcccd-99b6-408d-a428-f99775e68d51,Heuristic1,85,3,1
f5ebb4f7-9a18-4580-9e35-77141697bbff,15,0428ac1a-8bab-4d14-85b2-f62b56a38a31,MCTS1,91,4,1
f5ebb4f7-9a18-4580-9e35-77141697bbff,15,938d7697-d4c5-4005-8fc0-459224f41355,MCTS Heuristic 1,100,5,1
f5ebb4f7-9a18-4580-9e35-77141697bbff,15,a18ac380-b2a3-40c9-a4c7-492d6648ea61,MCTS Heuristic 2,87,4,1
f5ebb4f7-9a18-4580-9e35-77141697bbff,15,41edcccd-99b6-408d-a428-f99775e68d51,Heuristic1,85,3,1
f5ebb4f7-9a18-4580-9e35-77141697bbff,15,0428ac1a-8bab-4d14-85b2-f62b56a38a31,MCTS1,91,4,1
f5ebb4f7-9a18-4580-9e35-77141697bbff,15,938d7697-d4c5-4005-8fc0-459224f41355,MCTS Heuristic 1,100,5,1
f5ebb4f7-9a18-4580-9e35-77141697bbff,15,a18ac380-b2a3-40c9-a4c7-492d6648ea61,MCTS Heuristic 2,87,4,1
f5ebb4f7-9a18-4580-9e35-77141697bbff,15,41edcccd-99b6-408d-a428-f99775e68d51,Heuristic1,85,3,1
f5ebb4f7-9a18-4580-9e35-77141697bbff,16,0428ac1a-8bab-4d14-85b2-f62b56a38a31,MCTS1,90,4,1
f5ebb4f7-9a18-4580-9e35-77141697bbff,16,938d7697-d4c5-4005-8fc0-459224f41355,MCTS Heuristic 1,99,5,1
f5ebb4f7-9a18-4580-9e35-77141697bbff,16,a18ac380-b2a3-40c9-a4c7-492d6648ea61,MCTS Heuristic 2,86,4,1
f5ebb4f7-9a18-4580-9e35-77141697bbff,16,41edcccd-99b6-408d-a428-f99775e68d51,Heuristic1,84,3,1
f5ebb4f7-9a18-4580-9e35-77141697bbff,16,0428ac1a-8bab-4d14-85b2-f62b56a38a31,MCTS1,90,4,1
f5ebb4f7-9a18-4580-9e35-77141697bbff,16,938d7697-d4c5-4005-8fc0-459224f41355,MCTS Heuristic 1,99,5,1
f5ebb4f7-9a18-4580-9e35-77141697bbff,16,a18ac380-b2a3-40c9-a4c7-492d6648ea61,MCTS Heuristic 2,86,4,1
f5ebb4f7-9a18-4580-9e35-77141697bbff,16,41edcccd-99b6-408d-a428-f99775e68d51,Heuristic1,84,3,1
f5ebb4f7-9a18-4580-9e35-77141697bbff,16,0428ac1a-8bab-4d14-85b2-f62b56a38a31,MCTS1,90,4,1
f5ebb4f7-9a18-4580-9e35-77141697bbff,16,938d7697-d4c5-4005-8fc0-459224f41355,MCTS Heuristic 1,99,5,1
f5ebb4f7-9a18-4580-9e35-77141697bbff,16,a18ac380-b2a3-40c9-a4c7-492d6648ea61,MCTS Heuristic 2,86,4,1
f5ebb4f7-9a18-4580-9e35-77141697bbff,16,41edcccd-99b6-408d-a428-f99775e68d51,Heuristic1,84,3,1
f5ebb4f7-9a18-4580-9e35-77141697bbff,16,0428ac1a-8bab-4d14-85b2-f62b56a38a31,MCTS1,90,4,1
f5ebb4f7-9a18-4580-9e35-77141697bbff,16,938d7697-d4c5-4005-8fc0-459224f41355,MCTS Heuristic 1,99,5,1
f5ebb4f7-9a18-4580-9e35-77141697bbff,16,a18ac380-b2a3-40c9-a4c7-492d6648ea61,MCTS Heuristic 2,86,4,1
f5ebb4f7-9a18-4580-9e35-77141697bbff,16,41edcccd-99b6-408d-a428-f99775e68d51,Heuristic1,84,3,1
f5ebb4f7-9a18-4580-9e35-77141697bbff,17,0428ac1a-8bab-4d14-85b2-f62b56a38a31,MCTS1,89,4,1
f5ebb4f7-9a18-4580-9e35-77141697bbff,17,938d7697-d4c5-4005-8fc0-459224f41355,MCTS Heuristic 1,98,5,1
f5ebb4f7-9a18-4580-9e35-77141697bbff,17,a18ac380-b2a3-40c9-a4c7-492d6648ea61,MCTS Heuristic 2,85,4,1
f5ebb4f7-9a18-4580-9e35-77141697bbff,17,41edcccd-99b6-408d-a428-f99775e68d51,Heuristic1,83,3,1
f5ebb4f7-9a18-4580-9e35-77141697bbff,17,0428ac1a-8bab-4d14-85b2-f62b56a38a31,MCTS1,89,4,1
f5ebb4f7-9a18-4580-9e35-77141697bbff,17,938d7697-d4c5-4005-8fc0-459224f41355,MCTS Heuristic 1,98,5,1
f5ebb4f7-9a18-4580-9e35-77141697bbff,17,a18ac380-b2a3-40c9-a4c7-492d6648ea61,MCTS Heuristic 2,85,4,1
f5ebb4f7-9a18-4580-9e35-77141697bbff,17,41edcccd-99b6-408d-a428-f99775e68d51,Heuristic1,83,3,1
f5ebb4f7-9a18-4580-9e35-77141697bbff,17,0428ac1a-8bab-4d14-85b2-f62b56a38a31,MCTS1,89,4,1
f5ebb4f7-9a18-4580-9e35-77141697bbff,17,938d7697-d4c5-4005-8fc0-459224f41355,MCTS Heuristic 1,98,5,1
f5ebb4f7-9a18-4580-9e35-77141697bbff,17,a18ac380-b2a3-40c9-a4c7-492d6648ea61,MCTS Heuristic 2,85,4,1
f5ebb4f7-9a18-4580-9e35-77141697bbff,17,41edcccd-99b6-408d-a428-f99775e68d51,Heuristic1,83,3,1
f5ebb4f7-9a18-4580-9e35-77141697bbff,17,0428ac1a-8bab-4d14-85b2-f62b56a38a31,MCTS1,89,4,1
f5ebb4f7-9a18-4580-9e35-77141697bbff,17,938d7697-d4c5-4005-8fc0-459224f41355,MCTS Heuristic 1,98,5,1
f5ebb4f7-9a18-4580-9e35-77141697bbff,17,a18ac380-b2a3-40c9-a4c7-492d6648ea61,MCTS Heuristic 2,85,4,1
f5ebb4f7-9a18-4580-9e35-77141697bbff,17,41edcccd-99b6-408d-a428-f99775e68d51,Heuristic1,83,3,1
f5ebb4f7-9a18-4580-9e35-77141697bbff,18,0428ac1a-8bab-4d14-85b2-f62b56a38a31,MCTS1,88,4,1
f5ebb4f7-9a18-4580-9e35-77141697bbff,18,938d7697-d4c5-4005-8fc0-459224f41355,MCTS Heuristic 1,97,5,1
f5ebb4f7-9a18-4580-9e35-77141697bbff,18,a18ac380-b2a3-40c9-a4c7-492d6648ea61,MCTS Heuristic 2,84,4,1
f5ebb4f7-9a18-4580-9e35-77141697bbff,18,41edcccd-99b6-408d-a428-f99775e68d51,Heuristic1,82,3,1
f5ebb4f7-9a18-4580-9e35-77141697bbff,18,0428ac1a-8bab-4d14-85b2-f62b56a38a31,MCTS1,88,4,1
f5ebb4f7-9a18-4580-9e35-77141697bbff,18,938d7697-d4c5-4005-8fc0-459224f41355,MCTS Heuristic 1,97,5,1
f5ebb4f7-9a18-4580-9e35-77141697bbff,18,a18ac380-b2a3-40c9-a4c7-492d6648ea61,MCTS Heuristic 2,84,4,1
f5ebb4f7-9a18-4580-9e35-77141697bbff,18,41edcccd-99b6-408d-a428-f99775e68d51,Heuristic1,82,3,1
f5ebb4f7-9a18-4580-9e35-77141697bbff,18,0428ac1a-8bab-4d14-85b2-f62b56a38a31,MCTS1,88,4,1
f5ebb4f7-9a18-4580-9e35-77141697bbff,18,938d7697-d4c5-4005-8fc0-459224f41355,MCTS Heuristic 1,97,5,1
f5ebb4f7-9a18-4580-9e35-77141697bbff,18,a18ac380-b2a3-40c9-a4c7-492d6648ea61,MCTS Heuristic 2,84,4,1
f5ebb4f7-9a18-4580-9e35-77141697bbff,18,41edcccd-99b6-408d-a428-f99775e68d51,Heuristic1,82,3,1
f5ebb4f7-9a18-4580-9e35-77141697bbff,18,0428ac1a-8bab-4d14-85b2-f62b56a38a31,MCTS1,88,4,1
f5ebb4f7-9a18-4580-9e35-77141697bbff,18,938d7697-d4c5-4005-8fc0-459224f41355,MCTS Heuristic 1,97,5,1
f5ebb4f7-9a18-4580-9e35-77141697bbff,18,a18ac380-b2a3-40c9-a4c7-492d6648ea61,MCTS Heuristic 2,84,4,1
f5ebb4f7-9a18-4580-9e35-77141697bbff,18,41edcccd-99b6-408d-a428-f99775e68d51,Heuristic1,82,3,1
f5ebb4f7-9a18-4580-9e35-77141697bbff,19,0428ac1a-8bab-4d14-85b2-f62b56a38a31,MCTS1,87,4,1
f5ebb4f7-9a18-4580-9e35-77141697bbff,19,938d7697-d4c5-4005-8fc0-459224f41355,MCTS Heuristic 1,96,5,1
f5ebb4f7-9a18-4580-9e35-77141697bbff,19,a18ac380-b2a3-40c9-a4c7-492d6648ea61,MCTS Heuristic 2,83,4,1
f5ebb4f7-9a18-4580-9e35-77141697bbff,19,41edcccd-99b6-408d-a428-f99775e68d51,Heuristic1,81,3,1
f5ebb4f7-9a18-4580-9e35-77141697bbff,19,0428ac1a-8bab-4d14-85b2-f62b56a38a31,MCTS1,87,4,1
f5ebb4f7-9a18-4580-9e35-77141697bbff,19,938d7697-d4c5-4005-8fc0-459224f41355,MCTS Heuristic 1,96,5,1
f5ebb4f7-9a18-4580-9e35-77141697bbff,19,a18ac380-b2a3-40c9-a4c7-492d6648ea61,MCTS Heuristic 2,83,4,1
f5ebb4f7-9a18-4580-9e35-77141697bbff,19,41edcccd-99b6-408d-a428-f99775e68d51,Heuristic1,81,3,1
f5ebb4f7-9a18-4580-9e35-77141697bbff,19,0428ac1a-8bab-4d14-85b2-f62b56a38a31,MCTS1,87,4,1
f5ebb4f7-9a18-4580-9e35-77141697bbff,19,938d7697-d4c5-4005-8fc0-459224f41355,MCTS Heuristic 1,96,5,1
f5ebb4f7-9a18-4580-9e35-77141697bbff,19,a18ac380-b2a3-40c9-a4c7-492d6648ea61,MCTS Heuristic 2,83,4,1
f5ebb4f7-9a18-4580-9e35-77141697bbff,19,41edcccd-99b6-408d-a428-f99775e68d51,Heuristic1,81,3,1
f5ebb4f7-9a18-4580-9e35-77141697bbff,19,0428ac1a-8bab-4d14-85b2-f62b56a38a31,MCTS1,87,4,1
f5ebb4f7-9a18-4580-9e35-77141697bbff,19,938d7697-d4c5-4005-8fc0-459224f41355,MCTS Heuristic 1,96,5,1
f5ebb4f7-9a18-4580-9e35-77141697bbff,19,a18ac380-b2a3-40c9-a4c7-492d6648ea61,MCTS Heuristic 2,83,4,1
f5ebb4f7-9a18-4580-9e35-77141697bbff,19,41edcccd-99b6-408d-a428-f99775e68d51,Heuristic1,81,3,1
f5ebb4f7-9a18-4580-9e35-77141697bbff,20,0428ac1a-8bab-4d14-85b2-f62b56a38a31,MCTS1,86,4,1
f5ebb4f7-9a18-4580-9e35-77141697bbff,20,938d7697-d4c5-4005-8fc0-459224f41355,MCTS Heuristic 1,95,5,1
f5ebb4f7-9a18-4580-9e35-77141697bbff,20,a18ac380-b2a3-40c9-a4c7-492d6648ea61,MCTS Heuristic 2,82,4,1
f5ebb4f7-9a18-4580-9e35-77141697bbff,20,41edcccd-99b6-408d-a428-f99775e68d51,Heuristic1,80,3,1
f5ebb4f7-9a18-4580-9e35-77141697bbff,20,0428ac1a-8bab-4d14-85b2-f62b56a38a31,MCTS1,86,4,1
f5ebb4f7-9a18-4580-9e35-77141697bbff,20,938d7697-d4c5-4005-8fc0-459224f41355,MCTS Heuristic 1,95,5,1
f5ebb4f7-9a18-4580-9e35-77141697bbff,20,a18ac380-b2a3-40c9-a4c7-492d6648ea61,MCTS Heuristic 2,82,4,1
f5ebb4f7-9a18-4580-9e35-77141697bbff,20,41edcccd-99b6-408d-a428-f99775e68d51,Heuristic1,80,3,1
f5ebb4f7-9a18-4580-9e35-77141697bbff,20,0428ac1a-8bab-4d14-85b2-f62b56a38a31,MCTS1,86,4,1
f5ebb4f7-9a18-4580-9e35-77141697bbff,20,938d7697-d4c5-4005-8fc0-459224f41355,MCTS Heuristic 1,95,5,1
f5ebb4f7-9a18-4580-9e35-77141697bbff,20,a18ac380-b2a3-40c9-a4c7-492d6648ea61,MCTS Heuristic 2,82,4,1
f5ebb4f7-9a18-4580-9e35-77141697bbff,20,41edcccd-99b6-408d-a428-f99775e68d51,Heuristic1,80,3,1
f5ebb4f7-9a18-4580-9e35-77141697bbff,20,0428ac1a-8bab-4d14-85b2-f62b56a38a31,MCTS1,86,4,1
f5ebb4f7-9a18-4580-9e35-77141697bbff,20,938d7697-d4c5-4005-8fc0-459224f41355,MCTS Heuristic 1,95,5,1
f5ebb4f7-9a18-4580-9e35-77141697bbff,20,a18ac380-b2a3-40c9-a4c7-492d6648ea61,MCTS Heuristic 2,82,4,1
f5ebb4f7-9a18-4580-9e35-77141697bbff,20,41edcccd-99b6-408d-a428-f99775e68d51,Heuristic1,80,3,1
f5ebb4f7-9a18-4580-9e35-77141697bbff,21,0428ac1a-8bab-4d14-85b2-f62b56a38a31,MCTS1,85,4,1
f5ebb4f7-9a18-4580-9e35-77141697bbff,21,938d7697-d4c5-4005-8fc0-459224f41355,MCTS Heuristic 1,94,5,1
f5ebb4f7-9a18-4580-9e35-77141697bbff,21,a18ac380-b2a3-40c9-a4c7-492d6648ea61,MCTS Heuristic 2,81,4,1
f5ebb4f7-9a18-4580-9e35-77141697bbff,21,41edcccd-99b6-408d-a428-f99775e68d51,Heuristic1,79,3,1
f5ebb4f7-9a18-4580-9e35-77141697bbff,21,0428ac1a-8bab-4d14-85b2-f62b56a38a31,MCTS1,85,4,1
f5ebb4f7-9a18-4580-9e35-77141697bbff,21,938d7697-d4c5-4005-8fc0-459224f41355,MCTS Heuristic 1,94,5,1
f5ebb4f7-9a18-4580-9e35-77141697bbff,21,a18ac380-b2a3-40c9-a4c7-492d6648ea61,MCTS Heuristic 2,81,4,1
f5ebb4f7-9a18-4580-9e35-77141697bbff,21,41edcccd-99b6-408d-a428-f99775e68d51,Heuristic1,79,3,1
f5ebb4f7-9a18-4580-9e35-77141697bbff,21,0428ac1a-8bab-4d14-85b2-f62b56a38a31,MCTS1,85,4,1
f5ebb4f7-9a18-4580-9e35-77141697bbff,21,938d7697-d4c5-4005-8fc0-459224f41355,MCTS Heuristic 1,94,5,1
f5ebb4f7-9a18-4580-9e35-77141697bbff,21,a18ac380-b2a3-40c9-a4c7-492d6648ea61,MCTS Heuristic 2,81,4,1
f5ebb4f7-9a18-4580-9e35-77141697bbff,21,41edcccd-99b6-408d-a428-f99775e68d51,Heuristic1,79,3,1
f5ebb4f7-9a18-4580-9e35-77141697bbff,21,0428ac1a-8bab-4d14-85b2-f62b56a38a31,MCTS1,85,4,1
f5ebb4f7-9a18-4580-9e35-77141697bbff,21,938d7697-d4c5-4005-8fc0-459224f41355,MCTS Heuristic 1,94,5,1
f5ebb4f7-9a18-4580-9e35-77141697bbff,21,a18ac380-b2a3-40c9-a4c7-492d6648ea61,MCTS Heuristic 2,81,4,1
f5ebb4f7-9a18-4580-9e35-77141697bbff,21,41edcccd-99b6-408d-a428-f99775e68d51,Heuristic1,79,3,1
f5ebb4f7-9a18-4580-9e35-77141697bbff,22,0428ac1a-8bab-4d14-85b2-f62b56a38a31,MCTS1,84,4,1
f5ebb4f7-9a18-4580-9e35-77141697bbff,22,938d7697-d4c5-4005-8fc0-459224f41355,MCTS Heuristic 1,93,5,1
f5ebb4f7-9a18-4580-9e35-77141697bbff,22,a18ac380-b2a3-40c9-a4c7-492d6648ea61,MCTS Heuristic 2,80,4,1
f5ebb4f7-9a18-4580-9e35-77141697bbff,22,41edcccd-99b6-408d-a428-f99775e68d51,Heuristic1,78,3,1
f5ebb4f7-9a18-4580-9e35-77141697bbff,22,0428ac1a-8bab-4d14-85b2-f62b56a38a31,MCTS1,84,4,1
f5ebb4f7-9a18-4580-9e35-77141697bbff,22,938d7697-d4c5-4005-8fc0-459224f41355,MCTS Heuristic 1,93,5,1
f5ebb4f7-9a18-4580-9e35-77141697bbff,22,a18ac380-b2a3-40c9-a4c7-492d6648ea61,MCTS Heuristic 2,80,4,1
f5ebb4f7-9a18-4580-9e35-77141697bbff,22,41edcccd-99b6-408d-a428-f99775e68d51,Heuristic1,78,3,1
f5ebb4f7-9a18-4580-9e35-77141697bbff,22,0428ac1a-8bab-4d14-85b2-f62b56a38a31,MCTS1,84,4,1
f5ebb4f7-9a18-4580-9e35-77141697bbff,22,938d7697-d4c5-4005-8fc0-459224f41355,MCTS Heuristic 1,93,5,1
f5ebb4f7-9a18-4580-9e35-77141697bbff,22,a18ac380-b2a3-40c9-a4c7-492d6648ea61,MCTS Heuristic 2,80,4,1
f5ebb4f7-9a18-4580-9e35-77141697bbff,22,41edcccd-99b6-408d-a428-f99775e68d51,Heuristic1,78,3,1
f5ebb4f7-9a18-4580-9e35-77141697bbff,22,0428ac1a-8bab-4d14-85b2-f62b56a38a31,MCTS1,84,4,1
f5ebb4f7-9a18-4580-9e35-77141697bbff,22,938d7697-d4c5-4005-8fc0-459224f41355,MCTS Heuristic 1,93,5,1
f5ebb4f7-9a18-4580-9e35-77141697bbff,22,a18ac380-b2a3-40c9-a4c7-492d6648ea61,MCTS Heuristic 2,80,4,1
f5ebb4f7-9a18-4580-9e35-77141697bbff,22,41edcccd-99b6-408d-a428-f99775e68d51,Heuristic1,78,3,1
f5ebb4f7-9a18-4580-9e35-77141697bbff,23,0428ac1a-8bab-4d14-85b2-f62b56a38a31,MCTS1,83,4,1
f5ebb4f7-9a18-4580-9e35-77141697bbff,23,938d7697-d4c5-4005-8fc0-459224f41355,MCTS Heuristic 1,92,5,1
f5ebb4f7-9a18-4580-9e35-77141697bbff,23,a18ac380-b2a3-40c9-a4c7-492d6648ea61,MCTS Heuristic 2,79,4,1
f5ebb4f7-9a18-4580-9e35-77141697bbff,23,41edcccd-99b6-408d-a428-f99775e68d51,Heuristic1,77,3,1
f5ebb4f7-9a18-4580-9e35-77141697bbff,23,0428ac1a-8bab-4d14-85b2-f62b56a38a31,MCTS1,83,4,1
f5ebb4f7-9a18-4580-9e35-77141697bbff,23,938d7697-d4c5-4005-8fc0-459224f41355,MCTS Heuristic 1,92,5,1
f5ebb4f7-9a18-4580-9e35-77141697bbff,23,a18ac380-b2a3-40c9-a4c7-492d6648ea61,MCTS Heuristic 2,79,4,1
f5ebb4f7-9a18-4580-9e35-77141697bbff,23,41edcccd-99b6-408d-a428-f99775e68d51,Heuristic1,77,3,1
f5ebb4f7-9a18-4580-9e35-77141697bbff,23,0428ac1a-8bab-4d14-85b2-f62b56a38a31,MCTS1,83,4,1
f5ebb4f7-9a18-4580-9e35-77141697bbff,23,938d7697-d4c5-4005-8fc0-459224f41355,MCTS Heuristic 1,92,5,1
f5ebb4f7-9a18-4580-9e35-77141697bbff,23,a18ac380-b2a3-40c9-a4c7-492d6648ea61,MCTS Heuristic 2,79,4,1
f5ebb4f7-9a18-4580-9e35-77141697bbff,23,41edcccd-99b6-408d-a428-f99775e68d51,Heuristic1,77,3,1
f5ebb4f7-9a18-4580-9e35-77141697bbff,23,0428ac1a-8bab-4d14-85b2-f62b56a38a31,MCTS1,83,4,1
f5ebb4f7-9a18-4580-9e35-77141697bbff,23,938d7697-d4c5-4005-8fc0-459224f41355,MCTS Heuristic 1,92,5,1
f5ebb4f7-9a18-4580-9e35-77141697bbff,23,a18ac380-b2a3-40c9-a4c7-492d6648ea61,MCTS Heuristic 2,79,4,1
f5ebb4f7-9a18-4580-9e35-77141697bbff,23,41edcccd-99b6-408d-a428-f99775e68d51,Heuristic1,77,3,1
f5ebb4f7-9a18-4580-9e35-77141697bbff,24,0428ac1a-8bab-4d14-85b2-f62b56a38a31,MCTS1,82,4,1
f5ebb4f7-9a18-4580-9e35-77141697bbff,24,938d7697-d4c5-4005-8fc0-459224f41355,MCTS Heuristic 1,91,5,1
f5ebb4f7-9a18-4580-9e35-77141697bbff,24,a18ac380-b2a3-40c9-a4c7-492d6648ea61,MCTS Heuristic 2,100,5,1
f5ebb4f7-9a18-4580-9e35-77141697bbff,24,41edcccd-99b6-408d-a428-f99775e68d51,Heuristic1,76,3,1
f5ebb4f7-9a18-4580-9e35-77141697bbff,24,0428ac1a-8bab-4d14-85b2-f62b56a38a31,MCTS1,82,4,1
f5ebb4f7-9a18-4580-9e35-77141697bbff,24,938d7697-d4c5-4005-8fc0-459224f41355,MCTS Heuristic 1,91,5,1
f5ebb4f7-9a18-4580-9e35-77141697bbff,24,a18ac380-b2a3-40c9-a4c7-492d6648ea61,MCTS Heuristic 2,100,5,1
f5ebb4f7-9a18-4580-9e35-77141697bbff,24,41edcccd-99b6-408d-a428-f99775e68d51,Heuristic1,76,3,1
f5ebb4f7-9a18-4580-9e35-77141697bbff,24,0428ac1a-8bab-4d14-85b2-f62b56a38a31,MCTS1,82,4,1
f5ebb4f7-9a18-4580-9e35-77141697bbff,24,938d7697-d4c5-4005-8fc0-459224f41355,MCTS Heuristic 1,91,5,1
f5ebb4f7-9a18-4580-9e35-77141697bbff,24,a18ac380-b2a3-40c9-a4c7-492d6648ea61,MCTS Heuristic 2,100,5,1
f5ebb4f7-9a18-4580-9e35-77141697bbff,24,41edcccd-99b6-408d-a428-f99775e68d51,Heuristic1,76,3,1
f5ebb4f7-9a18-4580-9e35-77141697bbff,24,0428ac1a-8bab-4d14-85b2-f62b56a38a31,MCTS1,82,4,1
f5ebb4f7-9a18-4580-9e35-77141697bbff,24,938d7697-d4c5-4005-8fc0-459224f41355,MCTS Heuristic 1,91,5,1
f5ebb4f7-9a18-4580-9e35-77141697bbff,24,a18ac380-b2a3-40c9-a4c7-492d6648ea61,MCTS Heuristic 2,100,5,1
f5ebb4f7-9a18-4580-9e35-77141697bbff,24,41edcccd-99b6-408d-a428-f99775e68d51,Heuristic1,76,3,1
f5ebb4f7-9a18-4580-9e35-77141697bbff,25,0428ac1a-8bab-4d14-85b2-f62b56a38a31,MCTS1,81,4,1
f5ebb4f7-9a18-4580-9e35-77141697bbff,25,938d7697-d4c5-4005-8fc0-459224f41355,MCTS Heuristic 1,90,5,1
f5ebb4f7-9a18-4580-9e35-77141697bbff,25,a18ac380-b2a3-40c9-a4c7-492d6648ea61,MCTS Heuristic 2,99,5,1
f5ebb4f7-9a18-4580-9e35-77141697bbff,25,41edcccd-99b6-408d-a428-f99775e68d51,Heuristic1,75,3,1
f5ebb4f7-9a18-4580-9e35-77141697bbff,25,0428ac1a-8bab-4d14-85b2-f62b56a38a31,MCTS1,81,4,1
f5ebb4f7-9a18-4580-9e35-77141697bbff,25,938d7697-d4c5-4005-8fc0-459224f41355,MCTS Heuristic 1,90,5,1
f5ebb4f7-9a18-4580-9e35-77141697bbff,25,a18ac380-b2a3-40c9-a4c7-492d6648ea61,MCTS Heuristic 2,99,5,1
f5ebb4f7-9a18-4580-9e35-77141697bbff,25,41edcccd-99b6-408d-a428-f99775e68d51,Heuristic1,75,3,1
f5ebb4f7-9a18-4580-9e35-77141697bbff,25,0428ac1a-8bab-4d14-85b2-f62b56a38a31,MCTS1,81,4,1
f5ebb4f7-9a18-4580-9e35-77141697bbff,25,938d7697-d4c5-4005-8fc0-459224f41355,MCTS Heuristic 1,90,5,1
f5ebb4f7-9a18-4580-9e35-77141697bbff,25,a18ac380-b2a3-40c9-a4c7-492d6648ea61,MCTS Heuristic 2,99,5,1
f5ebb4f7-9a18-4580-9e35-77141697bbff,25,41edcccd-99b6-408d-a428-f99775e68d51,Heuristic1,75,3,1
f5ebb4f7-9a18-4580-9e35-77141697bbff,25,0428ac1a-8bab-4d14-85b2-f62b56a38a31,MCTS1,81,4,1
f5ebb4f7-9a18-4580-9e35-77141697bbff,25,938d7697-d4c5-4005-8fc0-459224f41355,MCTS Heuristic 1,90,5,1
f5ebb4f7-9a18-4580-9e35-77141697bbff,25,a18ac380-b2a3-40c9-a4c7-492d6648ea61,MCTS Heuristic 2,99,5,1
f5ebb4f7-9a18-4580-9e35-77141697bbff,25,41edcccd-99b6-408d-a428-f99775e68d51,Heuristic1,75,3,1
f5ebb4f7-9a18-4580-9e35-77141697bbff,26,0428ac1a-8bab-4d14-85b2-f62b56a38a31,MCTS1,100,5,1
f5ebb4f7-9a18-4580-9e35-77141697bbff,26,938d7697-d4c5-4005-8fc0-459224f41355,MCTS Heuristic 1,89,5,1
f5ebb4f7-9a18-4580-9e35-77141697bbff,26,a18ac380-b2a3-40c9-a4c7-492d6648ea61,MCTS Heuristic 2,98,5,1
f5ebb4f7-9a18-4580-9e35-77141697bbff,26,41edcccd-99b6-408d-a428-f99775e68d51,Heuristic1,74,3,1
f5ebb4f7-9a18-4580-9e35-77141697bbff,26,0428ac1a-8bab-4d14-85b2-f62b56a38a31,MCTS1,100,5,1
f5ebb4f7-9a18-4580-9e35-77141697bbff,26,938d7697-d4c5-4005-8fc0-459224f41355,MCTS Heuristic 1,89,5,1
f5ebb4f7-9a18-4580-9e35-77141697bbff,26,a18ac380-b2a3-40c9-a4c7-492d6648ea61,MCTS Heuristic 2,98,5,1
f5ebb4f7-9a18-4580-9e35-77141697bbff,26,41edcccd-99b6-408d-a428-f99775e68d51,Heuristic1,74,3,1
f5ebb4f7-9a18-4580-9e35-77141697bbff,26,0428ac1a-8bab-4d14-85b2-f62b56a38a31,MCTS1,100,5,1
f5ebb4f7-9a18-4580-9e35-77141697bbff,26,938d7697-d4c5-4005-8fc0-459224f41355,MCTS Heuristic 1,89,5,1
f5ebb4f7-9a18-4580-9e35-77141697bbff,26,a18ac380-b2a3-40c9-a4c7-492d6648ea61,MCTS Heuristic 2,98,5,1
f5ebb4f7-9a18-4580-9e35-77141697bbff,26,41edcccd-99b6-408d-a428-f99775e68d51,Heuristic1,74,3,1
f5ebb4f7-9a18-4580-9e35-77141697bbff,26,0428ac1a-8bab-4d14-85b2-f62b56a38a31,MCTS1,100,5,1
f5ebb4f7-9a18-4580-9e35-77141697bbff,26,938d7697-d4c5-4005-8fc0-459224f41355,MCTS Heuristic 1,89,5,1
f5ebb4f7-9a18-4580-9e35-77141697bbff,26,a18ac380-b2a3-40c9-a4c7-492d6648ea61,MCTS Heuristic 2,98,5,1
f5ebb4f7-9a18-4580-9e35-77141697bbff,26,41edcccd-99b6-408d-a428-f99775e68d51,Heuristic1,74,3,1
f5ebb4f7-9a18-4580-9e35-77141697bbff,27,0428ac1a-8bab-4d14-85b2-f62b56a38a31,MCTS1,99,5,1
f5ebb4f7-9a18-4580-9e35-77141697bbff,27,938d7697-d4c5-4005-8fc0-459224f41355,MCTS Heuristic 1,88,5,1
f5ebb4f7-9a18-4580-9e35-77141697bbff,27,a18ac380-b2a3-40c9-a4c7-492d6648ea61,MCTS Heuristic 2,97,5,1
f5ebb4f7-9a18-4580-9e35-77141697bbff,27,41edcccd-99b6-408d-a428-f99775e68d51,Heuristic1,73,3,1
f5ebb4f7-9a18-4580-9e35-77141697bbff,27,0428ac1a-8bab-4d14-85b2-f62b56a38a31,MCTS1,99,5,1
f5ebb4f7-9a18-4580-9e35-77141697bbff,27,938d7697-d4c5-4005-8fc0-459224f41355,MCTS Heuristic 1,88,5,1
f5ebb4f7-9a18-4580-9e35-77141697bbff,27,a18ac380-b2a3-40c9-a4c7-492d6648ea61,MCTS Heuristic 2,97,5,1
f5ebb4f7-9a18-4580-9e35-77141697bbff,27,41edcccd-99b6-408d-a428-f99775e68d51,Heuristic1,73,3,1
f5ebb4f7-9a18-4580-9e35-77141697bbff,27,0428ac1a-8bab-4d14-85b2-f62b56a38a31,MCTS1,99,5,1
f5ebb4f7-9a18-4580-9e35-77141697bbff,27,938d7697-d4c5-4005-8fc0-459224f41355,MCTS Heuristic 1,88,5,1
f5ebb4f7-9a18-4580-9e35-77141697bbff,27,a18ac380-b2a3-40c9-a4c7-492d6648ea61,MCTS Heuristic 2,97,5,1
f5ebb4f7-9a18-4580-9e35-77141697bbff,27,41edcccd-99b6-408d-a428-f99775e68d51,Heuristic1,73,3,1
f5ebb4f7-9a18-4580-9e35-77141697bbff,27,0428ac1a-8bab-4d14-85b2-f62b56a38a31,MCTS1,99,5,1
f5ebb4f7-9a18-4580-9e35-77141697bbff,27,938d7697-d4c5-4005-8fc0-459224f41355,MCTS Heuristic 1,88,5,1
f5ebb4f7-9a18-4580-9e35-77141697bbff,27,a18ac380-b2a3-40c9-a4c7-492d6648ea61,MCTS Heuristic 2,97,5,1
f5ebb4f7-9a18-4580-9e35-77141697bbff,27,41edcccd-99b6-408d-a428-f99775e68d51,Heuristic1,73,3,1
f5ebb4f7-9a18-4580-9e35-77141697bbff,28,0428ac1a-8bab-4d14-85b2-f62b56a38a31,MCTS1,98,5,1
f5ebb4f7-9a18-4580-9e35-77141697bbff,28,938d7697-d4c5-4005-8fc0-459224f41355,MCTS Heuristic 1,87,5,1
f5ebb4f7-9a18-4580-9e35-77141697bbff,28,a18ac380-b2a3-40c9-a4c7-492d6648ea61,MCTS Heuristic 2,82,5,1
f5ebb4f7-9a18-4580-9e35-77141697bbff,28,41edcccd-99b6-408d-a428-f99775e68d51,Heuristic1,72,3,1
f5ebb4f7-9a18-4580-9e35-77141697bbff,28,0428ac1a-8bab-4d14-85b2-f62b56a38a31,MCTS1,98,5,1
f5ebb4f7-9a18-4580-9e35-77141697bbff,28,938d7697-d4c5-4005-8fc0-459224f41355,MCTS Heuristic 1,87,5,1
f5ebb4f7-9a18-4580-9e35-77141697bbff,28,a18ac380-b2a3-40c9-a4c7-492d6648ea61,MCTS Heuristic 2,82,5,1
f5ebb4f7-9a18-4580-9e35-77141697bbff,28,41edcccd-99b6-408d-a428-f99775e68d51,Heuristic1,72,3,1
f5ebb4f7-9a18-4580-9e35-77141697bbff,28,0428ac1a-8bab-4d14-85b2-f62b56a38a31,MCTS1,98,5,1
f5ebb4f7-9a18-4580-9e35-77141697bbff,28,938d7697-d4c5-4005-8fc0-459224f41355,MCTS Heuristic 1,87,5,1
f5ebb4f7-9a18-4580-9e35-77141697bbff,28,a18ac380-b2a3-40c9-a4c7-492d6648ea61,MCTS Heuristic 2,82,5,1
f5ebb4f7-9a18-4580-9e35-77141697bbff,28,41edcccd-99b6-408d-a428-f99775e68d51,Heuristic1,72,3,1
f5ebb4f7-9a18-4580-9e35-77141697bbff,28,0428ac1a-8bab-4d14-85b2-f62b56a38a31,MCTS1,98,5,1
f5ebb4f7-9a18-4580-9e35-77141697bbff,28,938d7697-d4c5-4005-8fc0-459224f41355,MCTS Heuristic 1,87,5,1
f5ebb4f7-9a18-4580-9e35-77141697bbff,28,a18ac380-b2a3-40c9-a4c7-492d6648ea61,MCTS Heuristic 2,82,5,1
f5ebb4f7-9a18-4580-9e35-77141697bbff,28,41edcccd-99b6-408d-a428-f99775e68d51,Heuristic1,72,3,1
f5ebb4f7-9a18-4580-9e35-77141697bbff,29,0428ac1a-8bab-4d14-85b2-f62b56a38a31,MCTS1,97,5,1
f5ebb4f7-9a18-4580-9e35-77141697bbff,29,938d7697-d4c5-4005-8fc0-459224f41355,MCTS Heuristic 1,86,5,1
f5ebb4f7-9a18-4580-9e35-77141697bbff,29,a18ac380-b2a3-40c9-a4c7-492d6648ea61,MCTS Heuristic 2,81,5,1
f5ebb4f7-9a18-4580-9e35-77141697bbff,29,41edcccd-99b6-408d-a428-f99775e68d51,Heuristic1,71,3,1
f5ebb4f7-9a18-4580-9e35-77141697bbff,29,0428ac1a-8bab-4d14-85b2-f62b56a38a31,MCTS1,97,5,1
f5ebb4f7-9a18-4580-9e35-77141697bbff,29,938d7697-d4c5-4005-8fc0-459224f41355,MCTS Heuristic 1,86,5,1
f5ebb4f7-9a18-4580-9e35-77141697bbff,29,a18ac380-b2a3-40c9-a4c7-492d6648ea61,MCTS Heuristic 2,81,5,1
f5ebb4f7-9a18-4580-9e35-77141697bbff,29,41edcccd-99b6-408d-a428-f99775e68d51,Heuristic1,71,3,1
f5ebb4f7-9a18-4580-9e35-77141697bbff,29,0428ac1a-8bab-4d14-85b2-f62b56a38a31,MCTS1,97,5,1
f5ebb4f7-9a18-4580-9e35-77141697bbff,29,938d7697-d4c5-4005-8fc0-459224f41355,MCTS Heuristic 1,86,5,1
f5ebb4f7-9a18-4580-9e35-77141697bbff,29,a18ac380-b2a3-40c9-a4c7-492d6648ea61,MCTS Heuristic 2,81,5,1
f5ebb4f7-9a18-4580-9e35-77141697bbff,29,41edcccd-99b6-408d-a428-f99775e68d51,Heuristic1,71,3,1
f5ebb4f7-9a18-4580-9e35-77141697bbff,29,0428ac1a-8bab-4d14-85b2-f62b56a38a31,MCTS1,97,5,1
f5ebb4f7-9a18-4580-9e35-77141697bbff,29,938d7697-d4c5-4005-8fc0-459224f41355,MCTS Heuristic 1,86,5,1
f5ebb4f7-9a18-4580-9e35-77141697bbff,29,a18ac380-b2a3-40c9-a4c7-492d6648ea61,MCTS Heuristic 2,81,5,1
f5ebb4f7-9a18-4580-9e35-77141697bbff,29,41edcccd-99b6-408d-a428-f99775e68d51,Heuristic1,71,3,1
f5ebb4f7-9a18-4580-9e35-77141697bbff,30,0428ac1a-8bab-4d14-85b2-f62b56a38a31,MCTS1,96,5,1
f5ebb4f7-9a18-4580-9e35-77141697bbff,30,938d7697-d4c5-4005-8fc0-459224f41355,MCTS Heuristic 1,71,5,1
f5ebb4f7-9a18-4580-9e35-77141697bbff,30,a18ac380-b2a3-40c9-a4c7-492d6648ea61,MCTS Heuristic 2,80,5,1
f5ebb4f7-9a18-4580-9e35-77141697bbff,30,41edcccd-99b6-408d-a428-f99775e68d51,Heuristic1,70,3,1
f5ebb4f7-9a18-4580-9e35-77141697bbff,30,0428ac1a-8bab-4d14-85b2-f62b56a38a31,MCTS1,96,5,1
f5ebb4f7-9a18-4580-9e35-77141697bbff,30,938d7697-d4c5-4005-8fc0-459224f41355,MCTS Heuristic 1,71,5,1
f5ebb4f7-9a18-4580-9e35-77141697bbff,30,a18ac380-b2a3-40c9-a4c7-492d6648ea61,MCTS Heuristic 2,80,5,1
f5ebb4f7-9a18-4580-9e35-77141697bbff,30,41edcccd-99b6-408d-a428-f99775e68d51,Heuristic1,70,3,1
f5ebb4f7-9a18-4580-9e35-77141697bbff,30,0428ac1a-8bab-4d14-85b2-f62b56a38a31,MCTS1,96,5,1
f5ebb4f7-9a18-4580-9e35-77141697bbff,30,938d7697-d4c5-4005-8fc0-459224f41355,MCTS Heuristic 1,71,5,1
f5ebb4f7-9a18-4580-9e35-77141697bbff,30,a18ac380-b2a3-40c9-a4c7-492d6648ea61,MCTS Heuristic 2,80,5,1
f5ebb4f7-9a18-4580-9e35-77141697bbff,30,41edcccd-99b6-408d-a428-f99775e68d51,Heuristic1,70,3,1
f5ebb4f7-9a18-4580-9e35-77141697bbff,30,0428ac1a-8bab-4d14-85b2-f62b56a38a31,MCTS1,96,5,1
f5ebb4f7-9a18-4580-9e35-77141697bbff,30,938d7697-d4c5-4005-8fc0-459224f41355,MCTS Heuristic 1,71,5,1
f5ebb4f7-9a18-4580-9e35-77141697bbff,30,a18ac380-b2a3-40c9-a4c7-492d6648ea61,MCTS Heuristic 2,80,5,1
f5ebb4f7-9a18-4580-9e35-77141697bbff,30,41edcccd-99b6-408d-a428-f99775e68d51,Heuristic1,70,3,1
f5ebb4f7-9a18-4580-9e35-77141697bbff,31,0428ac1a-8bab-4d14-85b2-f62b56a38a31,MCTS1,95,5,1
f5ebb4f7-9a18-4580-9e35-77141697bbff,31,938d7697-d4c5-4005-8fc0-459224f41355,MCTS Heuristic 1,70,5,1
f5ebb4f7-9a18-4580-9e35-77141697bbff,31,a18ac380-b2a3-40c9-a4c7-492d6648ea61,MCTS Heuristic 2,79,5,1
f5ebb4f7-9a18-4580-9e35-77141697bbff,31,41edcccd-99b6-408d-a428-f99775e68d51,Heuristic1,69,3,1
f5ebb4f7-9a18-4580-9e35-77141697bbff,31,0428ac1a-8bab-4d14-85b2-f62b56a38a31,MCTS1,95,5,1
f5ebb4f7-9a18-4580-9e35-77141697bbff,31,938d7697-d4c5-4005-8fc0-459224f41355,MCTS Heuristic 1,70,5,1
f5ebb4f7-9a18-4580-9e35-77141697bbff,31,a18ac380-b2a3-40c9-a4c7-492d6648ea61,MCTS Heuristic 2,79,5,1
f5ebb4f7-9a18-4580-9e35-77141697bbff,31,41edcccd-99b6-408d-a428-f99775e68d51,Heuristic1,69,3,1
f5ebb4f7-9a18-4580-9e35-77141697bbff,31,0428ac1a-8bab-4d14-85b2-f62b56a38a31,MCTS1,95,5,1
f5ebb4f7-9a18-4580-9e35-77141697bbff,31,938d7697-d4c5-4005-8fc0-459224f41355,MCTS Heuristic 1,70,5,1
f5ebb4f7-9a18-4580-9e35-77141697bbff,31,a18ac380-b2a3-40c9-a4c7-492d6648ea61,MCTS Heuristic 2,79,5,1
f5ebb4f7-9a18-4580-9e35-77141697bbff,31,41edcccd-99b6-408d-a428-f99775e68d51,Heuristic1,69,3,1
f5ebb4f7-9a18-4580-9e35-77141697bbff,31,0428ac1a-8bab-4d14-85b2-f62b56a38a31,MCTS1,95,5,1
f5ebb4f7-9a18-4580-9e35-77141697bbff,31,938d7697-d4c5-4005-8fc0-459224f41355,MCTS Heuristic 1,70,5,1
f5ebb4f7-9a18-4580-9e35-77141697bbff,31,a18ac380-b2a3-40c9-a4c7-492d6648ea61,MCTS Heuristic 2,79,5,1
f5ebb4f7-9a18-4580-9e35-77141697bbff,31,41edcccd-99b6-408d-a428-f99775e68d51,Heuristic1,69,3,1
f5ebb4f7-9a18-4580-9e35-77141697bbff,32,0428ac1a-8bab-4d14-85b2-f62b56a38a31,MCTS1,94,5,1
f5ebb4f7-9a18-4580-9e35-77141697bbff,32,938d7697-d4c5-4005-8fc0-459224f41355,MCTS Heuristic 1,69,5,1
f5ebb4f7-9a18-4580-9e35-77141697bbff,32,a18ac380-b2a3-40c9-a4c7-492d6648ea61,MCTS Heuristic 2,64,5,1
f5ebb4f7-9a18-4580-9e35-77141697bbff,32,41edcccd-99b6-408d-a428-f99775e68d51,Heuristic1,68,3,1
f5ebb4f7-9a18-4580-9e35-77141697bbff,32,0428ac1a-8bab-4d14-85b2-f62b56a38a31,MCTS1,94,5,1
f5ebb4f7-9a18-4580-9e35-77141697bbff,32,938d7697-d4c5-4005-8fc0-459224f41355,MCTS Heuristic 1,69,5,1
f5ebb4f7-9a18-4580-9e35-77141697bbff,32,a18ac380-b2a3-40c9-a4c7-492d6648ea61,MCTS Heuristic 2,64,5,1
f5ebb4f7-9a18-4580-9e35-77141697bbff,32,41edcccd-99b6-408d-a428-f99775e68d51,Heuristic1,68,3,1
f5ebb4f7-9a18-4580-9e35-77141697bbff,32,0428ac1a-8bab-4d14-85b2-f62b56a38a31,MCTS1,94,5,1
f5ebb4f7-9a18-4580-9e35-77141697bbff,32,938d7697-d4c5-4005-8fc0-459224f41355,MCTS Heuristic 1,69,5,1
f5ebb4f7-9a18-4580-9e35-77141697bbff,32,a18ac380-b2a3-40c9-a4c7-492d6648ea61,MCTS Heuristic 2,64,5,1
f5ebb4f7-9a18-4580-9e35-77141697bbff,32,41edcccd-99b6-408d-a428-f99775e68d51,Heuristic1,68,3,1
f5ebb4f7-9a18-4580-9e35-77141697bbff,32,0428ac1a-8bab-4d14-85b2-f62b56a38a31,MCTS1,94,5,1
f5ebb4f7-9a18-4580-9e35-77141697bbff,32,938d7697-d4c5-4005-8fc0-459224f41355,MCTS Heuristic 1,69,5,1
f5ebb4f7-9a18-4580-9e35-77141697bbff,32,a18ac380-b2a3-40c9-a4c7-492d6648ea61,MCTS Heuristic 2,64,5,1
f5ebb4f7-9a18-4580-9e35-77141697bbff,32,41edcccd-99b6-408d-a428-f99775e68d51,Heuristic1,68,3,1
f5ebb4f7-9a18-4580-9e35-77141697bbff,33,0428ac1a-8bab-4d14-85b2-f62b56a38a31,MCTS1,93,5,1
f5ebb4f7-9a18-4580-9e35-77141697bbff,33,938d7697-d4c5-4005-8fc0-459224f41355,MCTS Heuristic 1,68,5,1
f5ebb4f7-9a18-4580-9e35-77141697bbff,33,a18ac380-b2a3-40c9-a4c7-492d6648ea61,MCTS Heuristic 2,63,5,1
f5ebb4f7-9a18-4580-9e35-77141697bbff,33,41edcccd-99b6-408d-a428-f99775e68d51,Heuristic1,67,3,1
f5ebb4f7-9a18-4580-9e35-77141697bbff,33,0428ac1a-8bab-4d14-85b2-f62b56a38a31,MCTS1,93,5,1
f5ebb4f7-9a18-4580-9e35-77141697bbff,33,938d7697-d4c5-4005-8fc0-459224f41355,MCTS Heuristic 1,68,5,1
f5ebb4f7-9a18-4580-9e35-77141697bbff,33,a18ac380-b2a3-40c9-a4c7-492d6648ea61,MCTS Heuristic 2,63,5,1
f5ebb4f7-9a18-4580-9e35-77141697bbff,33,41edcccd-99b6-408d-a428-f99775e68d51,Heuristic1,67,3,1
f5ebb4f7-9a18-4580-9e35-77141697bbff,33,0428ac1a-8bab-4d14-85b2-f62b56a38a31,MCTS1,93,5,1
f5ebb4f7-9a18-4580-9e35-77141697bbff,33,938d7697-d4c5-4005-8fc0-459224f41355,MCTS Heuristic 1,68,5,1
f5ebb4f7-9a18-4580-9e35-77141697bbff,33,a18ac380-b2a3-40c9-a4c7-492d6648ea61,MCTS Heuristic 2,63,5,1
f5ebb4f7-9a18-4580-9e35-77141697bbff,33,41edcccd-99b6-408d-a428-f99775e68d51,Heuristic1,67,3,1
f5ebb4f7-9a18-4580-9e35-77141697bbff,33,0428ac1a-8bab-4d14-85b2-f62b56a38a31,MCTS1,93,5,1
f5ebb4f7-9a18-4580-9e35-77141697bbff,33,938d7697-d4c5-4005-8fc0-459224f41355,MCTS Heuristic 1,68,5,1
f5ebb4f7-9a18-4580-9e35-77141697bbff,33,a18ac380-b2a3-40c9-a4c7-492d6648ea61,MCTS Heuristic 2,63,5,1
f5ebb4f7-9a18-4580-9e35-77141697bbff,33,41edcccd-99b6-408d-a428-f99775e68d51,Heuristic1,67,3,1
f5ebb4f7-9a18-4580-9e35-77141697bbff,34,0428ac1a-8bab-4d14-85b2-f62b56a38a31,MCTS1,78,5,1
f5ebb4f7-9a18-4580-9e35-77141697bbff,34,938d7697-d4c5-4005-8fc0-459224f41355,MCTS Heuristic 1,100,6,1
f5ebb4f7-9a18-4580-9e35-77141697bbff,34,a18ac380-b2a3-40c9-a4c7-492d6648ea61,MCTS Heuristic 2,62,5,1
f5ebb4f7-9a18-4580-9e35-77141697bbff,34,41edcccd-99b6-408d-a428-f99775e68d51,Heuristic1,66,3,1
f5ebb4f7-9a18-4580-9e35-77141697bbff,34,0428ac1a-8bab-4d14-85b2-f62b56a38a31,MCTS1,78,5,1
f5ebb4f7-9a18-4580-9e35-77141697bbff,34,938d7697-d4c5-4005-8fc0-459224f41355,MCTS Heuristic 1,100,6,1
f5ebb4f7-9a18-4580-9e35-77141697bbff,34,a18ac380-b2a3-40c9-a4c7-492d6648ea61,MCTS Heuristic 2,62,5,1
f5ebb4f7-9a18-4580-9e35-77141697bbff,34,41edcccd-99b6-408d-a428-f99775e68d51,Heuristic1,66,3,1
f5ebb4f7-9a18-4580-9e35-77141697bbff,34,0428ac1a-8bab-4d14-85b2-f62b56a38a31,MCTS1,78,5,1
f5ebb4f7-9a18-4580-9e35-77141697bbff,34,938d7697-d4c5-4005-8fc0-459224f41355,MCTS Heuristic 1,100,6,1
f5ebb4f7-9a18-4580-9e35-77141697bbff,34,a18ac380-b2a3-40c9-a4c7-492d6648ea61,MCTS Heuristic 2,62,5,1
f5ebb4f7-9a18-4580-9e35-77141697bbff,34,41edcccd-99b6-408d-a428-f99775e68d51,Heuristic1,66,3,1
f5ebb4f7-9a18-4580-9e35-77141697bbff,34,0428ac1a-8bab-4d14-85b2-f62b56a38a31,MCTS1,78,5,1
f5ebb4f7-9a18-4580-9e35-77141697bbff,34,938d7697-d4c5-4005-8fc0-459224f41355,MCTS Heuristic 1,100,6,1
f5ebb4f7-9a18-4580-9e35-77141697bbff,34,a18ac380-b2a3-40c9-a4c7-492d6648ea61,MCTS Heuristic 2,62,5,1
f5ebb4f7-9a18-4580-9e35-77141697bbff,34,41edcccd-99b6-408d-a428-f99775e68d51,Heuristic1,66,3,1
f5ebb4f7-9a18-4580-9e35-77141697bbff,35,0428ac1a-8bab-4d14-85b2-f62b56a38a31,MCTS1,77,5,1
f5ebb4f7-9a18-4580-9e35-77141697bbff,35,938d7697-d4c5-4005-8fc0-459224f41355,MCTS Heuristic 1,99,6,1
f5ebb4f7-9a18-4580-9e35-77141697bbff,35,a18ac380-b2a3-40c9-a4c7-492d6648ea61,MCTS Heuristic 2,61,5,1
f5ebb4f7-9a18-4580-9e35-77141697bbff,35,41edcccd-99b6-408d-a428-f99775e68d51,Heuristic1,65,3,1
f5ebb4f7-9a18-4580-9e35-77141697bbff,35,0428ac1a-8bab-4d14-85b2-f62b56a38a31,MCTS1,77,5,1
f5ebb4f7-9a18-4580-9e35-77141697bbff,35,938d7697-d4c5-4005-8fc0-459224f41355,MCTS Heuristic 1,99,6,1
f5ebb4f7-9a18-4580-9e35-77141697bbff,35,a18ac380-b2a3-40c9-a4c7-492d6648ea61,MCTS Heuristic 2,61,5,1
f5ebb4f7-9a18-4580-9e35-77141697bbff,35,41edcccd-99b6-408d-a428-f99775e68d51,Heuristic1,65,3,1
f5ebb4f7-9a18-4580-9e35-77141697bbff,35,0428ac1a-8bab-4d14-85b2-f62b56a38a31,MCTS1,77,5,1
f5ebb4f7-9a18-4580-9e35-77141697bbff,35,938d7697-d4c5-4005-8fc0-459224f41355,MCTS Heuristic 1,99,6,1
f5ebb4f7-9a18-4580-9e35-77141697bbff,35,a18ac380-b2a3-40c9-a4c7-492d6648ea61,MCTS Heuristic 2,61,5,1
f5ebb4f7-9a18-4580-9e35-77141697bbff,35,41edcccd-99b6-408d-a428-f99775e68d51,Heuristic1,65,3,1
f5ebb4f7-9a18-4580-9e35-77141697bbff,35,0428ac1a-8bab-4d14-85b2-f62b56a38a31,MCTS1,77,5,1
f5ebb4f7-9a18-4580-9e35-77141697bbff,35,938d7697-d4c5-4005-8fc0-459224f41355,MCTS Heuristic 1,99,6,1
f5ebb4f7-9a18-4580-9e35-77141697bbff,35,a18ac380-b2a3-40c9-a4c7-492d6648ea61,MCTS Heuristic 2,61,5,1
f5ebb4f7-9a18-4580-9e35-77141697bbff,35,41edcccd-99b6-408d-a428-f99775e68d51,Heuristic1,65,3,1
f5ebb4f7-9a18-4580-9e35-77141697bbff,36,0428ac1a-8bab-4d14-85b2-f62b56a38a31,MCTS1,62,5,1
f5ebb4f7-9a18-4580-9e35-77141697bbff,36,938d7697-d4c5-4005-8fc0-459224f41355,MCTS Heuristic 1,98,6,1
f5ebb4f7-9a18-4580-9e35-77141697bbff,36,a18ac380-b2a3-40c9-a4c7-492d6648ea61,MCTS Heuristic 2,60,5,1
f5ebb4f7-9a18-4580-9e35-77141697bbff,36,41edcccd-99b6-408d-a428-f99775e68d51,Heuristic1,64,3,1
f5ebb4f7-9a18-4580-9e35-77141697bbff,36,0428ac1a-8bab-4d14-85b2-f62b56a38a31,MCTS1,62,5,1
f5ebb4f7-9a18-4580-9e35-77141697bbff,36,938d7697-d4c5-4005-8fc0-459224f41355,MCTS Heuristic 1,98,6,1
f5ebb4f7-9a18-4580-9e35-77141697bbff,36,a18ac380-b2a3-40c9-a4c7-492d6648ea61,MCTS Heuristic 2,60,5,1
f5ebb4f7-9a18-4580-9e35-77141697bbff,36,41edcccd-99b6-408d-a428-f99775e68d51,Heuristic1,64,3,1
f5ebb4f7-9a18-4580-9e35-77141697bbff,36,0428ac1a-8bab-4d14-85b2-f62b56a38a31,MCTS1,62,5,1
f5ebb4f7-9a18-4580-9e35-77141697bbff,36,938d7697-d4c5-4005-8fc0-459224f41355,MCTS Heuristic 1,98,6,1
f5ebb4f7-9a18-4580-9e35-77141697bbff,36,a18ac380-b2a3-40c9-a4c7-492d6648ea61,MCTS Heuristic 2,60,5,1
f5ebb4f7-9a18-4580-9e35-77141697bbff,36,41edcccd-99b6-408d-a428-f99775e68d51,Heuristic1,64,3,1
f5ebb4f7-9a18-4580-9e35-77141697bbff,36,0428ac1a-8bab-4d14-85b2-f62b56a38a31,MCTS1,62,5,1
f5ebb4f7-9a18-4580-9e35-77141697bbff,36,938d7697-d4c5-4005-8fc0-459224f41355,MCTS Heuristic 1,98,6,1
f5ebb4f7-9a18-4580-9e35-77141697bbff,36,a18ac380-b2a3-40c9-a4c7-492d6648ea61,MCTS Heuristic 2,60,5,1
f5ebb4f7-9a18-4580-9e35-77141697bbff,36,41edcccd-99b6-408d-a428-f99775e68d51,Heuristic1,64,3,1
f5ebb4f7-9a18-4580-9e35-77141697bbff,37,0428ac1a-8bab-4d14-85b2-f62b56a38a31,MCTS1,100,6,1
f5ebb4f7-9a18-4580-9e35-77141697bbff,37,938d7697-d4c5-4005-8fc0-459224f41355,MCTS Heuristic 1,97,6,1
f5ebb4f7-9a18-4580-9e35-77141697bbff,37,a18ac380-b2a3-40c9-a4c7-492d6648ea61,MCTS Heuristic 2,59,5,1
f5ebb4f7-9a18-4580-9e35-77141697bbff,37,41edcccd-99b6-408d-a428-f99775e68d51,Heuristic1,63,3,1
f5ebb4f7-9a18-4580-9e35-77141697bbff,37,0428ac1a-8bab-4d14-85b2-f62b56a38a31,MCTS1,100,6,1
f5ebb4f7-9a18-4580-9e35-77141697bbff,37,938d7697-d4c5-4005-8fc0-459224f41355,MCTS Heuristic 1,97,6,1
f5ebb4f7-9a18-4580-9e35-77141697bbff,37,a18ac380-b2a3-40c9-a4c7-492d6648ea61,MCTS Heuristic 2,59,5,1
f5ebb4f7-9a18-4580-9e35-77141697bbff,37,41edcccd-99b6-408d-a428-f99775e68d51,Heuristic1,63,3,1
f5ebb4f7-9a18-4580-9e35-77141697bbff,37,0428ac1a-8bab-4d14-85b2-f62b56a38a31,MCTS1,100,6,1
f5ebb4f7-9a18-4580-9e35-77141697bbff,37,938d7697-d4c5-4005-8fc0-459224f41355,MCTS Heuristic 1,97,6,1
f5ebb4f7-9a18-4580-9e35-77141697bbff,37,a18ac380-b2a3-40c9-a4c7-492d6648ea61,MCTS Heuristic 2,59,5,1
f5ebb4f7-9a18-4580-9e35-77141697bbff,37,41edcccd-99b6-408d-a428-f99775e68d51,Heuristic1,63,3,1
f5ebb4f7-9a18-4580-9e35-77141697bbff,37,0428ac1a-8bab-4d14-85b2-f62b56a38a31,MCTS1,100,6,1
f5ebb4f7-9a18-4580-9e35-77141697bbff,37,938d7697-d4c5-4005-8fc0-459224f41355,MCTS Heuristic 1,97,6,1
f5ebb4f7-9a18-4580-9e35-77141697bbff,37,a18ac380-b2a3-40c9-a4c7-492d6648ea61,MCTS Heuristic 2,59,5,1
f5ebb4f7-9a18-4580-9e35-77141697bbff,37,41edcccd-99b6-408d-a428-f99775e68d51,Heuristic1,63,3,1
f5ebb4f7-9a18-4580-9e35-77141697bbff,38,0428ac1a-8bab-4d14-85b2-f62b56a38a31,MCTS1,100,7,1
f5ebb4f7-9a18-4580-9e35-77141697bbff,38,938d7697-d4c5-4005-8fc0-459224f41355,MCTS Heuristic 1,100,7,1
f5ebb4f7-9a18-4580-9e35-77141697bbff,38,a18ac380-b2a3-40c9-a4c7-492d6648ea61,MCTS Heuristic 2,58,5,1
f5ebb4f7-9a18-4580-9e35-77141697bbff,38,41edcccd-99b6-408d-a428-f99775e68d51,Heuristic1,62,3,1
f5ebb4f7-9a18-4580-9e35-77141697bbff,38,0428ac1a-8bab-4d14-85b2-f62b56a38a31,MCTS1,100,7,1
f5ebb4f7-9a18-4580-9e35-77141697bbff,38,938d7697-d4c5-4005-8fc0-459224f41355,MCTS Heuristic 1,100,7,1
f5ebb4f7-9a18-4580-9e35-77141697bbff,38,a18ac380-b2a3-40c9-a4c7-492d6648ea61,MCTS Heuristic 2,58,5,1
f5ebb4f7-9a18-4580-9e35-77141697bbff,38,41edcccd-99b6-408d-a428-f99775e68d51,Heuristic1,62,3,1
f5ebb4f7-9a18-4580-9e35-77141697bbff,38,0428ac1a-8bab-4d14-85b2-f62b56a38a31,MCTS1,100,7,1
f5ebb4f7-9a18-4580-9e35-77141697bbff,38,938d7697-d4c5-4005-8fc0-459224f41355,MCTS Heuristic 1,100,7,1
f5ebb4f7-9a18-4580-9e35-77141697bbff,38,a18ac380-b2a3-40c9-a4c7-492d6648ea61,MCTS Heuristic 2,58,5,1
f5ebb4f7-9a18-4580-9e35-77141697bbff,38,41edcccd-99b6-408d-a428-f99775e68d51,Heuristic1,62,3,1
f5ebb4f7-9a18-4580-9e35-77141697bbff,38,0428ac1a-8bab-4d14-85b2-f62b56a38a31,MCTS1,100,7,1
f5ebb4f7-9a18-4580-9e35-77141697bbff,38,938d7697-d4c5-4005-8fc0-459224f41355,MCTS Heuristic 1,100,7,1
f5ebb4f7-9a18-4580-9e35-77141697bbff,38,a18ac380-b2a3-40c9-a4c7-492d6648ea61,MCTS Heuristic 2,58,5,1
f5ebb4f7-9a18-4580-9e35-77141697bbff,38,41edcccd-99b6-408d-a428-f99775e68d51,Heuristic1,62,3,1
f5ebb4f7-9a18-4580-9e35-77141697bbff,39,0428ac1a-8bab-4d14-85b2-f62b56a38a31,MCTS1,99,7,1
f5ebb4f7-9a18-4580-9e35-77141697bbff,39,938d7697-d4c5-4005-8fc0-459224f41355,MCTS Heuristic 1,100,8,1
f5ebb4f7-9a18-4580-9e35-77141697bbff,39,a18ac380-b2a3-40c9-a4c7-492d6648ea61,MCTS Heuristic 2,57,5,1
f5ebb4f7-9a18-4580-9e35-77141697bbff,39,41edcccd-99b6-408d-a428-f99775e68d51,Heuristic1,61,3,1
f5ebb4f7-9a18-4580-9e35-77141697bbff,39,0428ac1a-8bab-4d14-85b2-f62b56a38a31,MCTS1,99,7,1
f5ebb4f7-9a18-4580-9e35-77141697bbff,39,938d7697-d4c5-4005-8fc0-459224f41355,MCTS Heuristic 1,100,8,1
f5ebb4f7-9a18-4580-9e35-77141697bbff,39,a18ac380-b2a3-40c9-a4c7-492d6648ea61,MCTS Heuristic 2,57,5,1
f5ebb4f7-9a18-4580-9e35-77141697bbff,39,41edcccd-99b6-408d-a428-f99775e68d51,Heuristic1,61,3,1
f5ebb4f7-9a18-4580-9e35-77141697bbff,39,0428ac1a-8bab-4d14-85b2-f62b56a38a31,MCTS1,99,7,1
f5ebb4f7-9a18-4580-9e35-77141697bbff,39,938d7697-d4c5-4005-8fc0-459224f41355,MCTS Heuristic 1,100,8,1
f5ebb4f7-9a18-4580-9e35-77141697bbff,39,a18ac380-b2a3-40c9-a4c7-492d6648ea61,MCTS Heuristic 2,57,5,1
f5ebb4f7-9a18-4580-9e35-77141697bbff,39,41edcccd-99b6-408d-a428-f99775e68d51,Heuristic1,61,3,1
f5ebb4f7-9a18-4580-9e35-77141697bbff,39,0428ac1a-8bab-4d14-85b2-f62b56a38a31,MCTS1,99,7,1
f5ebb4f7-9a18-4580-9e35-77141697bbff,39,938d7697-d4c5-4005-8fc0-459224f41355,MCTS Heuristic 1,100,8,1
f5ebb4f7-9a18-4580-9e35-77141697bbff,39,a18ac380-b2a3-40c9-a4c7-492d6648ea61,MCTS Heuristic 2,57,5,1
f5ebb4f7-9a18-4580-9e35-77141697bbff,39,41edcccd-99b6-408d-a428-f99775e68d51,Heuristic1,61,3,1
f5ebb4f7-9a18-4580-9e35-77141697bbff,40,0428ac1a-8bab-4d14-85b2-f62b56a38a31,MCTS1,98,7,1
f5ebb4f7-9a18-4580-9e35-77141697bbff,40,938d7697-d4c5-4005-8fc0-459224f41355,MCTS Heuristic 1,100,9,1
f5ebb4f7-9a18-4580-9e35-77141697bbff,40,a18ac380-b2a3-40c9-a4c7-492d6648ea61,MCTS Heuristic 2,56,5,1
f5ebb4f7-9a18-4580-9e35-77141697bbff,40,41edcccd-99b6-408d-a428-f99775e68d51,Heuristic1,60,3,1
f5ebb4f7-9a18-4580-9e35-77141697bbff,40,0428ac1a-8bab-4d14-85b2-f62b56a38a31,MCTS1,98,7,1
f5ebb4f7-9a18-4580-9e35-77141697bbff,40,938d7697-d4c5-4005-8fc0-459224f41355,MCTS Heuristic 1,100,9,1
f5ebb4f7-9a18-4580-9e35-77141697bbff,40,a18ac380-b2a3-40c9-a4c7-492d6648ea61,MCTS Heuristic 2,56,5,1
f5ebb4f7-9a18-4580-9e35-77141697bbff,40,41edcccd-99b6-408d-a428-f99775e68d51,Heuristic1,60,3,1
f5ebb4f7-9a18-4580-9e35-77141697bbff,40,0428ac1a-8bab-4d14-85b2-f62b56a38a31,MCTS1,98,7,1
f5ebb4f7-9a18-4580-9e35-77141697bbff,40,938d7697-d4c5-4005-8fc0-459224f41355,MCTS Heuristic 1,100,9,1
f5ebb4f7-9a18-4580-9e35-77141697bbff,40,a18ac380-b2a3-40c9-a4c7-492d6648ea61,MCTS Heuristic 2,56,5,1
f5ebb4f7-9a18-4580-9e35-77141697bbff,40,41edcccd-99b6-408d-a428-f99775e68d51,Heuristic1,60,3,1
f5ebb4f7-9a18-4580-9e35-77141697bbff,40,0428ac1a-8bab-4d14-85b2-f62b56a38a31,MCTS1,98,7,1
f5ebb4f7-9a18-4580-9e35-77141697bbff,40,938d7697-d4c5-4005-8fc0-459224f41355,MCTS Heuristic 1,100,9,1
f5ebb4f7-9a18-4580-9e35-77141697bbff,40,a18ac380-b2a3-40c9-a4c7-492d6648ea61,MCTS Heuristic 2,56,5,1
f5ebb4f7-9a18-4580-9e35-77141697bbff,40,41edcccd-99b6-408d-a428-f99775e68d51,Heuristic1,60,3,1
f5ebb4f7-9a18-4580-9e35-77141697bbff,41,0428ac1a-8bab-4d14-85b2-f62b56a38a31,MCTS1,97,7,1
f5ebb4f7-9a18-4580-9e35-77141697bbff,41,938d7697-d4c5-4005-8fc0-459224f41355,MCTS Heuristic 1,99,9,1
f5ebb4f7-9a18-4580-9e35-77141697bbff,41,a18ac380-b2a3-40c9-a4c7-492d6648ea61,MCTS Heuristic 2,55,5,1
f5ebb4f7-9a18-4580-9e35-77141697bbff,41,41edcccd-99b6-408d-a428-f99775e68d51,Heuristic1,59,3,1
f5ebb4f7-9a18-4580-9e35-77141697bbff,41,0428ac1a-8bab-4d14-85b2-f62b56a38a31,MCTS1,97,7,1
f5ebb4f7-9a18-4580-9e35-77141697bbff,41,938d7697-d4c5-4005-8fc0-459224f41355,MCTS Heuristic 1,99,9,1
f5ebb4f7-9a18-4580-9e35-77141697bbff,41,a18ac380-b2a3-40c9-a4c7-492d6648ea61,MCTS Heuristic 2,55,5,1
f5ebb4f7-9a18-4580-9e35-77141697bbff,41,41edcccd-99b6-408d-a428-f99775e68d51,Heuristic1,59,3,1
f5ebb4f7-9a18-4580-9e35-77141697bbff,41,0428ac1a-8bab-4d14-85b2-f62b56a38a31,MCTS1,97,7,1
f5ebb4f7-9a18-4580-9e35-77141697bbff,41,938d7697-d4c5-4005-8fc0-459224f41355,MCTS Heuristic 1,99,9,1
f5ebb4f7-9a18-4580-9e35-77141697bbff,41,a18ac380-b2a3-40c9-a4c7-492d6648ea61,MCTS Heuristic 2,55,5,1
f5ebb4f7-9a18-4580-9e35-77141697bbff,41,41edcccd-99b6-408d-a428-f99775e68d51,Heuristic1,59,3,1
f5ebb4f7-9a18-4580-9e35-77141697bbff,41,0428ac1a-8bab-4d14-85b2-f62b56a38a31,MCTS1,97,7,1
f5ebb4f7-9a18-4580-9e35-77141697bbff,41,938d7697-d4c5-4005-8fc0-459224f41355,MCTS Heuristic 1,99,9,1
f5ebb4f7-9a18-4580-9e35-77141697bbff,41,a18ac380-b2a3-40c9-a4c7-492d6648ea61,MCTS Heuristic 2,55,5,1
f5ebb4f7-9a18-4580-9e35-77141697bbff,41,41edcccd-99b6-408d-a428-f99775e68d51,Heuristic1,59,3,1
f5ebb4f7-9a18-4580-9e35-77141697bbff,42,0428ac1a-8bab-4d14-85b2-f62b56a38a31,MCTS1,96,7,1
f5ebb4f7-9a18-4580-9e35-77141697bbff,42,938d7697-d4c5-4005-8fc0-459224f41355,MCTS Heuristic 1,84,9,1
f5ebb4f7-9a18-4580-9e35-77141697bbff,42,a18ac380-b2a3-40c9-a4c7-492d6648ea61,MCTS Heuristic 2,54,5,1
f5ebb4f7-9a18-4580-9e35-77141697bbff,42,41edcccd-99b6-408d-a428-f99775e68d51,Heuristic1,58,3,1
f5ebb4f7-9a18-4580-9e35-77141697bbff,42,0428ac1a-8bab-4d14-85b2-f62b56a38a31,MCTS1,96,7,1
f5ebb4f7-9a18-4580-9e35-77141697bbff,42,938d7697-d4c5-4005-8fc0-459224f41355,MCTS Heuristic 1,84,9,1
f5ebb4f7-9a18-4580-9e35-77141697bbff,42,a18ac380-b2a3-40c9-a4c7-492d6648ea61,MCTS Heuristic 2,54,5,1
f5ebb4f7-9a18-4580-9e35-77141697bbff,42,41edcccd-99b6-408d-a428-f99775e68d51,Heuristic1,58,3,1
f5ebb4f7-9a18-4580-9e35-77141697bbff,42,0428ac1a-8bab-4d14-85b2-f62b56a38a31,MCTS1,96,7,1
f5ebb4f7-9a18-4580-9e35-77141697bbff,42,938d7697-d4c5-4005-8fc0-459224f41355,MCTS Heuristic 1,84,9,1
f5ebb4f7-9a18-4580-9e35-77141697bbff,42,a18ac380-b2a3-40c9-a4c7-492d6648ea61,MCTS Heuristic 2,54,5,1
f5ebb4f7-9a18-4580-9e35-77141697bbff,42,41edcccd-99b6-408d-a428-f99775e68d51,Heuristic1,58,3,1
f5ebb4f7-9a18-4580-9e35-77141697bbff,42,0428ac1a-8bab-4d14-85b2-f62b56a38a31,MCTS1,96,7,1
f5ebb4f7-9a18-4580-9e35-77141697bbff,42,938d7697-d4c5-4005-8fc0-459224f41355,MCTS Heuristic 1,84,9,1
f5ebb4f7-9a18-4580-9e35-77141697bbff,42,a18ac380-b2a3-40c9-a4c7-492d6648ea61,MCTS Heuristic 2,54,5,1
f5ebb4f7-9a18-4580-9e35-77141697bbff,42,41edcccd-99b6-408d-a428-f99775e68d51,Heuristic1,58,3,1
f5ebb4f7-9a18-4580-9e35-77141697bbff,43,0428ac1a-8bab-4d14-85b2-f62b56a38a31,MCTS1,95,7,1
f5ebb4f7-9a18-4580-9e35-77141697bbff,43,938d7697-d4c5-4005-8fc0-459224f41355,MCTS Heuristic 1,100,10,1
f5ebb4f7-9a18-4580-9e35-77141697bbff,43,a18ac380-b2a3-40c9-a4c7-492d6648ea61,MCTS Heuristic 2,53,5,1
f5ebb4f7-9a18-4580-9e35-77141697bbff,43,41edcccd-99b6-408d-a428-f99775e68d51,Heuristic1,57,3,1
f5ebb4f7-9a18-4580-9e35-77141697bbff,43,0428ac1a-8bab-4d14-85b2-f62b56a38a31,MCTS1,95,7,1
f5ebb4f7-9a18-4580-9e35-77141697bbff,43,938d7697-d4c5-4005-8fc0-459224f41355,MCTS Heuristic 1,100,10,1
f5ebb4f7-9a18-4580-9e35-77141697bbff,43,a18ac380-b2a3-40c9-a4c7-492d6648ea61,MCTS Heuristic 2,53,5,1
f5ebb4f7-9a18-4580-9e35-77141697bbff,43,41edcccd-99b6-408d-a428-f99775e68d51,Heuristic1,57,3,1
f5ebb4f7-9a18-4580-9e35-77141697bbff,43,0428ac1a-8bab-4d14-85b2-f62b56a38a31,MCTS1,95,7,1
f5ebb4f7-9a18-4580-9e35-77141697bbff,43,938d7697-d4c5-4005-8fc0-459224f41355,MCTS Heuristic 1,100,10,1
f5ebb4f7-9a18-4580-9e35-77141697bbff,43,a18ac380-b2a3-40c9-a4c7-492d6648ea61,MCTS Heuristic 2,53,5,1
f5ebb4f7-9a18-4580-9e35-77141697bbff,43,41edcccd-99b6-408d-a428-f99775e68d51,Heuristic1,57,3,1
f5ebb4f7-9a18-4580-9e35-77141697bbff,43,0428ac1a-8bab-4d14-85b2-f62b56a38a31,MCTS1,95,7,1
f5ebb4f7-9a18-4580-9e35-77141697bbff,43,938d7697-d4c5-4005-8fc0-459224f41355,MCTS Heuristic 1,100,10,1
f5ebb4f7-9a18-4580-9e35-77141697bbff,43,a18ac380-b2a3-40c9-a4c7-492d6648ea61,MCTS Heuristic 2,53,5,1
f5ebb4f7-9a18-4580-9e35-77141697bbff,43,41edcccd-99b6-408d-a428-f99775e68d51,Heuristic1,57,3,1
f5ebb4f7-9a18-4580-9e35-77141697bbff,44,0428ac1a-8bab-4d14-85b2-f62b56a38a31,MCTS1,94,7,1
f5ebb4f7-9a18-4580-9e35-77141697bbff,44,938d7697-d4c5-4005-8fc0-459224f41355,MCTS Heuristic 1,99,10,1
f5ebb4f7-9a18-4580-9e35-77141697bbff,44,a18ac380-b2a3-40c9-a4c7-492d6648ea61,MCTS Heuristic 2,52,5,1
f5ebb4f7-9a18-4580-9e35-77141697bbff,44,41edcccd-99b6-408d-a428-f99775e68d51,Heuristic1,56,3,1
f5ebb4f7-9a18-4580-9e35-77141697bbff,44,0428ac1a-8bab-4d14-85b2-f62b56a38a31,MCTS1,94,7,1
f5ebb4f7-9a18-4580-9e35-77141697bbff,44,938d7697-d4c5-4005-8fc0-459224f41355,MCTS Heuristic 1,99,10,1
f5ebb4f7-9a18-4580-9e35-77141697bbff,44,a18ac380-b2a3-40c9-a4c7-492d6648ea61,MCTS Heuristic 2,52,5,1
f5ebb4f7-9a18-4580-9e35-77141697bbff,44,41edcccd-99b6-408d-a428-f99775e68d51,Heuristic1,56,3,1
f5ebb4f7-9a18-4580-9e35-77141697bbff,44,0428ac1a-8bab-4d14-85b2-f62b56a38a31,MCTS1,94,7,1
f5ebb4f7-9a18-4580-9e35-77141697bbff,44,938d7697-d4c5-4005-8fc0-459224f41355,MCTS Heuristic 1,99,10,1
f5ebb4f7-9a18-4580-9e35-77141697bbff,44,a18ac380-b2a3-40c9-a4c7-492d6648ea61,MCTS Heuristic 2,52,5,1
f5ebb4f7-9a18-4580-9e35-77141697bbff,44,41edcccd-99b6-408d-a428-f99775e68d51,Heuristic1,56,3,1
f5ebb4f7-9a18-4580-9e35-77141697bbff,44,0428ac1a-8bab-4d14-85b2-f62b56a38a31,MCTS1,94,7,1
f5ebb4f7-9a18-4580-9e35-77141697bbff,44,938d7697-d4c5-4005-8fc0-459224f41355,MCTS Heuristic 1,99,10,1
f5ebb4f7-9a18-4580-9e35-77141697bbff,44,a18ac380-b2a3-40c9-a4c7-492d6648ea61,MCTS Heuristic 2,52,5,1
f5ebb4f7-9a18-4580-9e35-77141697bbff,44,41edcccd-99b6-408d-a428-f99775e68d51,Heuristic1,56,3,1
f5ebb4f7-9a18-4580-9e35-77141697bbff,45,0428ac1a-8bab-4d14-85b2-f62b56a38a31,MCTS1,93,7,1
f5ebb4f7-9a18-4580-9e35-77141697bbff,45,938d7697-d4c5-4005-8fc0-459224f41355,MCTS Heuristic 1,98,10,1
f5ebb4f7-9a18-4580-9e35-77141697bbff,45,a18ac380-b2a3-40c9-a4c7-492d6648ea61,MCTS Heuristic 2,51,5,1
f5ebb4f7-9a18-4580-9e35-77141697bbff,45,41edcccd-99b6-408d-a428-f99775e68d51,Heuristic1,55,3,1
f5ebb4f7-9a18-4580-9e35-77141697bbff,45,0428ac1a-8bab-4d14-85b2-f62b56a38a31,MCTS1,93,7,1
f5ebb4f7-9a18-4580-9e35-77141697bbff,45,938d7697-d4c5-4005-8fc0-459224f41355,MCTS Heuristic 1,98,10,1
f5ebb4f7-9a18-4580-9e35-77141697bbff,45,a18ac380-b2a3-40c9-a4c7-492d6648ea61,MCTS Heuristic 2,51,5,1
f5ebb4f7-9a18-4580-9e35-77141697bbff,45,41edcccd-99b6-408d-a428-f99775e68d51,Heuristic1,55,3,1
f5ebb4f7-9a18-4580-9e35-77141697bbff,45,0428ac1a-8bab-4d14-85b2-f62b56a38a31,MCTS1,93,7,1
f5ebb4f7-9a18-4580-9e35-77141697bbff,45,938d7697-d4c5-4005-8fc0-459224f41355,MCTS Heuristic 1,98,10,1
f5ebb4f7-9a18-4580-9e35-77141697bbff,45,a18ac380-b2a3-40c9-a4c7-492d6648ea61,MCTS Heuristic 2,51,5,1
f5ebb4f7-9a18-4580-9e35-77141697bbff,45,41edcccd-99b6-408d-a428-f99775e68d51,Heuristic1,55,3,1
f5ebb4f7-9a18-4580-9e35-77141697bbff,45,0428ac1a-8bab-4d14-85b2-f62b56a38a31,MCTS1,93,7,1
f5ebb4f7-9a18-4580-9e35-77141697bbff,45,938d7697-d4c5-4005-8fc0-459224f41355,MCTS Heuristic 1,98,10,1
f5ebb4f7-9a18-4580-9e35-77141697bbff,45,a18ac380-b2a3-40c9-a4c7-492d6648ea61,MCTS Heuristic 2,51,5,1
f5ebb4f7-9a18-4580-9e35-77141697bbff,45,41edcccd-99b6-408d-a428-f99775e68d51,Heuristic1,55,3,1
f5ebb4f7-9a18-4580-9e35-77141697bbff,46,0428ac1a-8bab-4d14-85b2-f62b56a38a31,MCTS1,92,7,1
f5ebb4f7-9a18-4580-9e35-77141697bbff,46,938d7697-d4c5-4005-8fc0-459224f41355,MCTS Heuristic 1,83,10,1
f5ebb4f7-9a18-4580-9e35-77141697bbff,46,a18ac380-b2a3-40c9-a4c7-492d6648ea61,MCTS Heuristic 2,50,5,1
f5ebb4f7-9a18-4580-9e35-77141697bbff,46,41edcccd-99b6-408d-a428-f99775e68d51,Heuristic1,54,3,1
f5ebb4f7-9a18-4580-9e35-77141697bbff,46,0428ac1a-8bab-4d14-85b2-f62b56a38a31,MCTS1,92,7,1
f5ebb4f7-9a18-4580-9e35-77141697bbff,46,938d7697-d4c5-4005-8fc0-459224f41355,MCTS Heuristic 1,83,10,1
f5ebb4f7-9a18-4580-9e35-77141697bbff,46,a18ac380-b2a3-40c9-a4c7-492d6648ea61,MCTS Heuristic 2,50,5,1
f5ebb4f7-9a18-4580-9e35-77141697bbff,46,41edcccd-99b6-408d-a428-f99775e68d51,Heuristic1,54,3,1
f5ebb4f7-9a18-4580-9e35-77141697bbff,46,0428ac1a-8bab-4d14-85b2-f62b56a38a31,MCTS1,92,7,1
f5ebb4f7-9a18-4580-9e35-77141697bbff,46,938d7697-d4c5-4005-8fc0-459224f41355,MCTS Heuristic 1,83,10,1
f5ebb4f7-9a18-4580-9e35-77141697bbff,46,a18ac380-b2a3-40c9-a4c7-492d6648ea61,MCTS Heuristic 2,50,5,1
f5ebb4f7-9a18-4580-9e35-77141697bbff,46,41edcccd-99b6-408d-a428-f99775e68d51,Heuristic1,54,3,1
f5ebb4f7-9a18-4580-9e35-77141697bbff,46,0428ac1a-8bab-4d14-85b2-f62b56a38a31,MCTS1,92,7,1
f5ebb4f7-9a18-4580-9e35-77141697bbff,46,938d7697-d4c5-4005-8fc0-459224f41355,MCTS Heuristic 1,83,10,1
f5ebb4f7-9a18-4580-9e35-77141697bbff,46,a18ac380-b2a3-40c9-a4c7-492d6648ea61,MCTS Heuristic 2,50,5,1
f5ebb4f7-9a18-4580-9e35-77141697bbff,46,41edcccd-99b6-408d-a428-f99775e68d51,Heuristic1,54,3,1
f5ebb4f7-9a18-4580-9e35-77141697bbff,47,0428ac1a-8bab-4d14-85b2-f62b56a38a31,MCTS1,91,7,1
f5ebb4f7-9a18-4580-9e35-77141697bbff,47,938d7697-d4c5-4005-8fc0-459224f41355,MCTS Heuristic 1,82,10,1
f5ebb4f7-9a18-4580-9e35-77141697bbff,47,a18ac380-b2a3-40c9-a4c7-492d6648ea61,MCTS Heuristic 2,49,5,1
f5ebb4f7-9a18-4580-9e35-77141697bbff,47,41edcccd-99b6-408d-a428-f99775e68d51,Heuristic1,53,3,1
f5ebb4f7-9a18-4580-9e35-77141697bbff,47,0428ac1a-8bab-4d14-85b2-f62b56a38a31,MCTS1,91,7,1
f5ebb4f7-9a18-4580-9e35-77141697bbff,47,938d7697-d4c5-4005-8fc0-459224f41355,MCTS Heuristic 1,82,10,1
f5ebb4f7-9a18-4580-9e35-77141697bbff,47,a18ac380-b2a3-40c9-a4c7-492d6648ea61,MCTS Heuristic 2,49,5,1
f5ebb4f7-9a18-4580-9e35-77141697bbff,47,41edcccd-99b6-408d-a428-f99775e68d51,Heuristic1,53,3,1
f5ebb4f7-9a18-4580-9e35-77141697bbff,47,0428ac1a-8bab-4d14-85b2-f62b56a38a31,MCTS1,91,7,1
f5ebb4f7-9a18-4580-9e35-77141697bbff,47,938d7697-d4c5-4005-8fc0-459224f41355,MCTS Heuristic 1,82,10,1
f5ebb4f7-9a18-4580-9e35-77141697bbff,47,a18ac380-b2a3-40c9-a4c7-492d6648ea61,MCTS Heuristic 2,49,5,1
f5ebb4f7-9a18-4580-9e35-77141697bbff,47,41edcccd-99b6-408d-a428-f99775e68d51,Heuristic1,53,3,1
f5ebb4f7-9a18-4580-9e35-77141697bbff,47,0428ac1a-8bab-4d14-85b2-f62b56a38a31,MCTS1,91,7,1
f5ebb4f7-9a18-4580-9e35-77141697bbff,47,938d7697-d4c5-4005-8fc0-459224f41355,MCTS Heuristic 1,82,10,1
f5ebb4f7-9a18-4580-9e35-77141697bbff,47,a18ac380-b2a3-40c9-a4c7-492d6648ea61,MCTS Heuristic 2,49,5,1
f5ebb4f7-9a18-4580-9e35-77141697bbff,47,41edcccd-99b6-408d-a428-f99775e68d51,Heuristic1,53,3,1
f5ebb4f7-9a18-4580-9e35-77141697bbff,48,0428ac1a-8bab-4d14-85b2-f62b56a38a31,MCTS1,76,7,1
f5ebb4f7-9a18-4580-9e35-77141697bbff,48,938d7697-d4c5-4005-8fc0-459224f41355,MCTS Heuristic 1,81,10,1
f5ebb4f7-9a18-4580-9e35-77141697bbff,48,a18ac380-b2a3-40c9-a4c7-492d6648ea61,MCTS Heuristic 2,34,5,1
f5ebb4f7-9a18-4580-9e35-77141697bbff,48,41edcccd-99b6-408d-a428-f99775e68d51,Heuristic1,52,3,1
f5ebb4f7-9a18-4580-9e35-77141697bbff,48,0428ac1a-8bab-4d14-85b2-f62b56a38a31,MCTS1,76,7,1
f5ebb4f7-9a18-4580-9e35-77141697bbff,48,938d7697-d4c5-4005-8fc0-459224f41355,MCTS Heuristic 1,81,10,1
f5ebb4f7-9a18-4580-9e35-77141697bbff,48,a18ac380-b2a3-40c9-a4c7-492d6648ea61,MCTS Heuristic 2,34,5,1
f5ebb4f7-9a18-4580-9e35-77141697bbff,48,41edcccd-99b6-408d-a428-f99775e68d51,Heuristic1,52,3,1
f5ebb4f7-9a18-4580-9e35-77141697bbff,48,0428ac1a-8bab-4d14-85b2-f62b56a38a31,MCTS1,76,7,1
f5ebb4f7-9a18-4580-9e35-77141697bbff,48,938d7697-d4c5-4005-8fc0-459224f41355,MCTS Heuristic 1,81,10,1
f5ebb4f7-9a18-4580-9e35-77141697bbff,48,a18ac380-b2a3-40c9-a4c7-492d6648ea61,MCTS Heuristic 2,34,5,1
f5ebb4f7-9a18-4580-9e35-77141697bbff,48,41edcccd-99b6-408d-a428-f99775e68d51,Heuristic1,52,3,1
f5ebb4f7-9a18-4580-9e35-77141697bbff,48,0428ac1a-8bab-4d14-85b2-f62b56a38a31,MCTS1,76,7,1
f5ebb4f7-9a18-4580-9e35-77141697bbff,48,938d7697-d4c5-4005-8fc0-459224f41355,MCTS Heuristic 1,81,10,1
f5ebb4f7-9a18-4580-9e35-77141697bbff,48,a18ac380-b2a3-40c9-a4c7-492d6648ea61,MCTS Heuristic 2,34,5,1
f5ebb4f7-9a18-4580-9e35-77141697bbff,48,41edcccd-99b6-408d-a428-f99775e68d51,Heuristic1,52,3,1
f5ebb4f7-9a18-4580-9e35-77141697bbff,49,0428ac1a-8bab-4d14-85b2-f62b56a38a31,MCTS1,100,8,1
f5ebb4f7-9a18-4580-9e35-77141697bbff,49,938d7697-d4c5-4005-8fc0-459224f41355,MCTS Heuristic 1,80,10,1
f5ebb4f7-9a18-4580-9e35-77141697bbff,49,a18ac380-b2a3-40c9-a4c7-492d6648ea61,MCTS Heuristic 2,33,5,1
f5ebb4f7-9a18-4580-9e35-77141697bbff,49,41edcccd-99b6-408d-a428-f99775e68d51,Heuristic1,51,3,1
f5ebb4f7-9a18-4580-9e35-77141697bbff,49,0428ac1a-8bab-4d14-85b2-f62b56a38a31,MCTS1,100,8,1
f5ebb4f7-9a18-4580-9e35-77141697bbff,49,938d7697-d4c5-4005-8fc0-459224f41355,MCTS Heuristic 1,80,10,1
f5ebb4f7-9a18-4580-9e35-77141697bbff,49,a18ac380-b2a3-40c9-a4c7-492d6648ea61,MCTS Heuristic 2,33,5,1
f5ebb4f7-9a18-4580-9e35-77141697bbff,49,41edcccd-99b6-408d-a428-f99775e68d51,Heuristic1,51,3,1
f5ebb4f7-9a18-4580-9e35-77141697bbff,49,0428ac1a-8bab-4d14-85b2-f62b56a38a31,MCTS1,100,8,1
f5ebb4f7-9a18-4580-9e35-77141697bbff,49,938d7697-d4c5-4005-8fc0-459224f41355,MCTS Heuristic 1,80,10,1
f5ebb4f7-9a18-4580-9e35-77141697bbff,49,a18ac380-b2a3-40c9-a4c7-492d6648ea61,MCTS Heuristic 2,33,5,1
f5ebb4f7-9a18-4580-9e35-77141697bbff,49,41edcccd-99b6-408d-a428-f99775e68d51,Heuristic1,51,3,1
f5ebb4f7-9a18-4580-9e35-77141697bbff,49,0428ac1a-8bab-4d14-85b2-f62b56a38a31,MCTS1,100,8,1
f5ebb4f7-9a18-4580-9e35-77141697bbff,49,938d7697-d4c5-4005-8fc0-459224f41355,MCTS Heuristic 1,80,10,1
f5ebb4f7-9a18-4580-9e35-77141697bbff,49,a18ac380-b2a3-40c9-a4c7-492d6648ea61,MCTS Heuristic 2,33,5,1
f5ebb4f7-9a18-4580-9e35-77141697bbff,49,41edcccd-99b6-408d-a428-f99775e68d51,Heuristic1,51,3,1
f5ebb4f7-9a18-4580-9e35-77141697bbff,50,0428ac1a-8bab-4d14-85b2-f62b56a38a31,MCTS1,99,8,1
f5ebb4f7-9a18-4580-9e35-77141697bbff,50,938d7697-d4c5-4005-8fc0-459224f41355,MCTS Heuristic 1,79,10,1
f5ebb4f7-9a18-4580-9e35-77141697bbff,50,a18ac380-b2a3-40c9-a4c7-492d6648ea61,MCTS Heuristic 2,32,5,1
f5ebb4f7-9a18-4580-9e35-77141697bbff,50,41edcccd-99b6-408d-a428-f99775e68d51,Heuristic1,50,3,1
f5ebb4f7-9a18-4580-9e35-77141697bbff,50,0428ac1a-8bab-4d14-85b2-f62b56a38a31,MCTS1,99,8,1
f5ebb4f7-9a18-4580-9e35-77141697bbff,50,938d7697-d4c5-4005-8fc0-459224f41355,MCTS Heuristic 1,79,10,1
f5ebb4f7-9a18-4580-9e35-77141697bbff,50,a18ac380-b2a3-40c9-a4c7-492d6648ea61,MCTS Heuristic 2,32,5,1
f5ebb4f7-9a18-4580-9e35-77141697bbff,50,41edcccd-99b6-408d-a428-f99775e68d51,Heuristic1,50,3,1
f5ebb4f7-9a18-4580-9e35-77141697bbff,50,0428ac1a-8bab-4d14-85b2-f62b56a38a31,MCTS1,99,8,1
f5ebb4f7-9a18-4580-9e35-77141697bbff,50,938d7697-d4c5-4005-8fc0-459224f41355,MCTS Heuristic 1,79,10,1
f5ebb4f7-9a18-4580-9e35-77141697bbff,50,a18ac380-b2a3-40c9-a4c7-492d6648ea61,MCTS Heuristic 2,32,5,1
f5ebb4f7-9a18-4580-9e35-77141697bbff,50,41edcccd-99b6-408d-a428-f99775e68d51,Heuristic1,50,3,1
f5ebb4f7-9a18-4580-9e35-77141697bbff,50,0428ac1a-8bab-4d14-85b2-f62b56a38a31,MCTS1,99,8,1
f5ebb4f7-9a18-4580-9e35-77141697bbff,50,938d7697-d4c5-4005-8fc0-459224f41355,MCTS Heuristic 1,79,10,1
f5ebb4f7-9a18-4580-9e35-77141697bbff,50,a18ac380-b2a3-40c9-a4c7-492d6648ea61,MCTS Heuristic 2,32,5,1
f5ebb4f7-9a18-4580-9e35-77141697bbff,50,41edcccd-99b6-408d-a428-f99775e68d51,Heuristic1,50,3,1
f5ebb4f7-9a18-4580-9e35-77141697bbff,51,0428ac1a-8bab-4d14-85b2-f62b56a38a31,MCTS1,98,8,1
f5ebb4f7-9a18-4580-9e35-77141697bbff,51,938d7697-d4c5-4005-8fc0-459224f41355,MCTS Heuristic 1,78,10,1
f5ebb4f7-9a18-4580-9e35-77141697bbff,51,a18ac380-b2a3-40c9-a4c7-492d6648ea61,MCTS Heuristic 2,31,5,1
f5ebb4f7-9a18-4580-9e35-77141697bbff,51,41edcccd-99b6-408d-a428-f99775e68d51,Heuristic1,49,3,1
f5ebb4f7-9a18-4580-9e35-77141697bbff,51,0428ac1a-8bab-4d14-85b2-f62b56a38a31,MCTS1,98,8,1
f5ebb4f7-9a18-4580-9e35-77141697bbff,51,938d7697-d4c5-4005-8fc0-459224f41355,MCTS Heuristic 1,78,10,1
f5ebb4f7-9a18-4580-9e35-77141697bbff,51,a18ac380-b2a3-40c9-a4c7-492d6648ea61,MCTS Heuristic 2,31,5,1
f5ebb4f7-9a18-4580-9e35-77141697bbff,51,41edcccd-99b6-408d-a428-f99775e68d51,Heuristic1,49,3,1
f5ebb4f7-9a18-4580-9e35-77141697bbff,51,0428ac1a-8bab-4d14-85b2-f62b56a38a31,MCTS1,98,8,1
f5ebb4f7-9a18-4580-9e35-77141697bbff,51,938d7697-d4c5-4005-8fc0-459224f41355,MCTS Heuristic 1,78,10,1
f5ebb4f7-9a18-4580-9e35-77141697bbff,51,a18ac380-b2a3-40c9-a4c7-492d6648ea61,MCTS Heuristic 2,31,5,1
f5ebb4f7-9a18-4580-9e35-77141697bbff,51,41edcccd-99b6-408d-a428-f99775e68d51,Heuristic1,49,3,1
f5ebb4f7-9a18-4580-9e35-77141697bbff,51,0428ac1a-8bab-4d14-85b2-f62b56a38a31,MCTS1,98,8,1
f5ebb4f7-9a18-4580-9e35-77141697bbff,51,938d7697-d4c5-4005-8fc0-459224f41355,MCTS Heuristic 1,78,10,1
f5ebb4f7-9a18-4580-9e35-77141697bbff,51,a18ac380-b2a3-40c9-a4c7-492d6648ea61,MCTS Heuristic 2,31,5,1
f5ebb4f7-9a18-4580-9e35-77141697bbff,51,41edcccd-99b6-408d-a428-f99775e68d51,Heuristic1,49,3,1
f5ebb4f7-9a18-4580-9e35-77141697bbff,52,0428ac1a-8bab-4d14-85b2-f62b56a38a31,MCTS1,97,8,1
f5ebb4f7-9a18-4580-9e35-77141697bbff,52,938d7697-d4c5-4005-8fc0-459224f41355,MCTS Heuristic 1,49,10,1
f5ebb4f7-9a18-4580-9e35-77141697bbff,52,a18ac380-b2a3-40c9-a4c7-492d6648ea61,MCTS Heuristic 2,30,5,1
f5ebb4f7-9a18-4580-9e35-77141697bbff,52,41edcccd-99b6-408d-a428-f99775e68d51,Heuristic1,48,3,1
f5ebb4f7-9a18-4580-9e35-77141697bbff,52,0428ac1a-8bab-4d14-85b2-f62b56a38a31,MCTS1,97,8,1
f5ebb4f7-9a18-4580-9e35-77141697bbff,52,938d7697-d4c5-4005-8fc0-459224f41355,MCTS Heuristic 1,49,10,1
f5ebb4f7-9a18-4580-9e35-77141697bbff,52,a18ac380-b2a3-40c9-a4c7-492d6648ea61,MCTS Heuristic 2,30,5,1
f5ebb4f7-9a18-4580-9e35-77141697bbff,52,41edcccd-99b6-408d-a428-f99775e68d51,Heuristic1,48,3,1
f5ebb4f7-9a18-4580-9e35-77141697bbff,52,0428ac1a-8bab-4d14-85b2-f62b56a38a31,MCTS1,97,8,1
f5ebb4f7-9a18-4580-9e35-77141697bbff,52,938d7697-d4c5-4005-8fc0-459224f41355,MCTS Heuristic 1,49,10,1
f5ebb4f7-9a18-4580-9e35-77141697bbff,52,a18ac380-b2a3-40c9-a4c7-492d6648ea61,MCTS Heuristic 2,30,5,1
f5ebb4f7-9a18-4580-9e35-77141697bbff,52,41edcccd-99b6-408d-a428-f99775e68d51,Heuristic1,48,3,1
f5ebb4f7-9a18-4580-9e35-77141697bbff,52,0428ac1a-8bab-4d14-85b2-f62b56a38a31,MCTS1,97,8,1
f5ebb4f7-9a18-4580-9e35-77141697bbff,52,938d7697-d4c5-4005-8fc0-459224f41355,MCTS Heuristic 1,49,10,1
f5ebb4f7-9a18-4580-9e35-77141697bbff,52,a18ac380-b2a3-40c9-a4c7-492d6648ea61,MCTS Heuristic 2,30,5,1
f5ebb4f7-9a18-4580-9e35-77141697bbff,52,41edcccd-99b6-408d-a428-f99775e68d51,Heuristic1,48,3,1
f5ebb4f7-9a18-4580-9e35-77141697bbff,53,0428ac1a-8bab-4d14-85b2-f62b56a38a31,MCTS1,96,8,1
f5ebb4f7-9a18-4580-9e35-77141697bbff,53,938d7697-d4c5-4005-8fc0-459224f41355,MCTS Heuristic 1,48,10,1
f5ebb4f7-9a18-4580-9e35-77141697bbff,53,a18ac380-b2a3-40c9-a4c7-492d6648ea61,MCTS Heuristic 2,29,5,1
f5ebb4f7-9a18-4580-9e35-77141697bbff,53,41edcccd-99b6-408d-a428-f99775e68d51,Heuristic1,47,3,1
f5ebb4f7-9a18-4580-9e35-77141697bbff,53,0428ac1a-8bab-4d14-85b2-f62b56a38a31,MCTS1,96,8,1
f5ebb4f7-9a18-4580-9e35-77141697bbff,53,938d7697-d4c5-4005-8fc0-459224f41355,MCTS Heuristic 1,48,10,1
f5ebb4f7-9a18-4580-9e35-77141697bbff,53,a18ac380-b2a3-40c9-a4c7-492d6648ea61,MCTS Heuristic 2,29,5,1
f5ebb4f7-9a18-4580-9e35-77141697bbff,53,41edcccd-99b6-408d-a428-f99775e68d51,Heuristic1,47,3,1
f5ebb4f7-9a18-4580-9e35-77141697bbff,53,0428ac1a-8bab-4d14-85b2-f62b56a38a31,MCTS1,96,8,1
f5ebb4f7-9a18-4580-9e35-77141697bbff,53,938d7697-d4c5-4005-8fc0-459224f41355,MCTS Heuristic 1,48,10,1
f5ebb4f7-9a18-4580-9e35-77141697bbff,53,a18ac380-b2a3-40c9-a4c7-492d6648ea61,MCTS Heuristic 2,29,5,1
f5ebb4f7-9a18-4580-9e35-77141697bbff,53,41edcccd-99b6-408d-a428-f99775e68d51,Heuristic1,47,3,1
f5ebb4f7-9a18-4580-9e35-77141697bbff,53,0428ac1a-8bab-4d14-85b2-f62b56a38a31,MCTS1,96,8,1
f5ebb4f7-9a18-4580-9e35-77141697bbff,53,938d7697-d4c5-4005-8fc0-459224f41355,MCTS Heuristic 1,48,10,1
f5ebb4f7-9a18-4580-9e35-77141697bbff,53,a18ac380-b2a3-40c9-a4c7-492d6648ea61,MCTS Heuristic 2,29,5,1
f5ebb4f7-9a18-4580-9e35-77141697bbff,53,41edcccd-99b6-408d-a428-f99775e68d51,Heuristic1,47,3,1
f5ebb4f7-9a18-4580-9e35-77141697bbff,54,0428ac1a-8bab-4d14-85b2-f62b56a38a31,MCTS1,95,8,1
f5ebb4f7-9a18-4580-9e35-77141697bbff,54,938d7697-d4c5-4005-8fc0-459224f41355,MCTS Heuristic 1,100,11,1
f5ebb4f7-9a18-4580-9e35-77141697bbff,54,41edcccd-99b6-408d-a428-f99775e68d51,Heuristic1,46,3,1
f5ebb4f7-9a18-4580-9e35-77141697bbff,54,a18ac380-b2a3-40c9-a4c7-492d6648ea61,MCTS Heuristic 2,29,5,0
f5ebb4f7-9a18-4580-9e35-77141697bbff,54,0428ac1a-8bab-4d14-85b2-f62b56a38a31,MCTS1,95,8,1
f5ebb4f7-9a18-4580-9e35-77141697bbff,54,938d7697-d4c5-4005-8fc0-459224f41355,MCTS Heuristic 1,100,11,1
f5ebb4f7-9a18-4580-9e35-77141697bbff,54,41edcccd-99b6-408d-a428-f99775e68d51,Heuristic1,46,3,1
f5ebb4f7-9a18-4580-9e35-77141697bbff,54,a18ac380-b2a3-40c9-a4c7-492d6648ea61,MCTS Heuristic 2,29,5,0
f5ebb4f7-9a18-4580-9e35-77141697bbff,54,0428ac1a-8bab-4d14-85b2-f62b56a38a31,MCTS1,95,8,1
f5ebb4f7-9a18-4580-9e35-77141697bbff,54,938d7697-d4c5-4005-8fc0-459224f41355,MCTS Heuristic 1,100,11,1
f5ebb4f7-9a18-4580-9e35-77141697bbff,54,41edcccd-99b6-408d-a428-f99775e68d51,Heuristic1,46,3,1
f5ebb4f7-9a18-4580-9e35-77141697bbff,54,a18ac380-b2a3-40c9-a4c7-492d6648ea61,MCTS Heuristic 2,29,5,0
f5ebb4f7-9a18-4580-9e35-77141697bbff,55,0428ac1a-8bab-4d14-85b2-f62b56a38a31,MCTS1,94,8,1
f5ebb4f7-9a18-4580-9e35-77141697bbff,55,938d7697-d4c5-4005-8fc0-459224f41355,MCTS Heuristic 1,99,11,1
f5ebb4f7-9a18-4580-9e35-77141697bbff,55,41edcccd-99b6-408d-a428-f99775e68d51,Heuristic1,45,3,1
f5ebb4f7-9a18-4580-9e35-77141697bbff,55,a18ac380-b2a3-40c9-a4c7-492d6648ea61,MCTS Heuristic 2,29,5,0
f5ebb4f7-9a18-4580-9e35-77141697bbff,55,0428ac1a-8bab-4d14-85b2-f62b56a38a31,MCTS1,94,8,1
f5ebb4f7-9a18-4580-9e35-77141697bbff,55,938d7697-d4c5-4005-8fc0-459224f41355,MCTS Heuristic 1,99,11,1
f5ebb4f7-9a18-4580-9e35-77141697bbff,55,41edcccd-99b6-408d-a428-f99775e68d51,Heuristic1,45,3,1
f5ebb4f7-9a18-4580-9e35-77141697bbff,55,a18ac380-b2a3-40c9-a4c7-492d6648ea61,MCTS Heuristic 2,29,5,0
f5ebb4f7-9a18-4580-9e35-77141697bbff,55,0428ac1a-8bab-4d14-85b2-f62b56a38a31,MCTS1,94,8,1
f5ebb4f7-9a18-4580-9e35-77141697bbff,55,938d7697-d4c5-4005-8fc0-459224f41355,MCTS Heuristic 1,99,11,1
f5ebb4f7-9a18-4580-9e35-77141697bbff,55,41edcccd-99b6-408d-a428-f99775e68d51,Heuristic1,45,3,1
f5ebb4f7-9a18-4580-9e35-77141697bbff,55,a18ac380-b2a3-40c9-a4c7-492d6648ea61,MCTS Heuristic 2,29,5,0
f5ebb4f7-9a18-4580-9e35-77141697bbff,56,0428ac1a-8bab-4d14-85b2-f62b56a38a31,MCTS1,65,8,1
f5ebb4f7-9a18-4580-9e35-77141697bbff,56,938d7697-d4c5-4005-8fc0-459224f41355,MCTS Heuristic 1,70,11,1
f5ebb4f7-9a18-4580-9e35-77141697bbff,56,41edcccd-99b6-408d-a428-f99775e68d51,Heuristic1,44,3,1
f5ebb4f7-9a18-4580-9e35-77141697bbff,56,a18ac380-b2a3-40c9-a4c7-492d6648ea61,MCTS Heuristic 2,29,5,0
f5ebb4f7-9a18-4580-9e35-77141697bbff,56,0428ac1a-8bab-4d14-85b2-f62b56a38a31,MCTS1,65,8,1
f5ebb4f7-9a18-4580-9e35-77141697bbff,56,938d7697-d4c5-4005-8fc0-459224f41355,MCTS Heuristic 1,70,11,1
f5ebb4f7-9a18-4580-9e35-77141697bbff,56,41edcccd-99b6-408d-a428-f99775e68d51,Heuristic1,44,3,1
f5ebb4f7-9a18-4580-9e35-77141697bbff,56,a18ac380-b2a3-40c9-a4c7-492d6648ea61,MCTS Heuristic 2,29,5,0
f5ebb4f7-9a18-4580-9e35-77141697bbff,56,0428ac1a-8bab-4d14-85b2-f62b56a38a31,MCTS1,65,8,1
f5ebb4f7-9a18-4580-9e35-77141697bbff,56,938d7697-d4c5-4005-8fc0-459224f41355,MCTS Heuristic 1,70,11,1
f5ebb4f7-9a18-4580-9e35-77141697bbff,56,41edcccd-99b6-408d-a428-f99775e68d51,Heuristic1,44,3,1
f5ebb4f7-9a18-4580-9e35-77141697bbff,56,a18ac380-b2a3-40c9-a4c7-492d6648ea61,MCTS Heuristic 2,29,5,0
f5ebb4f7-9a18-4580-9e35-77141697bbff,57,0428ac1a-8bab-4d14-85b2-f62b56a38a31,MCTS1,64,8,1
f5ebb4f7-9a18-4580-9e35-77141697bbff,57,938d7697-d4c5-4005-8fc0-459224f41355,MCTS Heuristic 1,69,11,1
f5ebb4f7-9a18-4580-9e35-77141697bbff,57,41edcccd-99b6-408d-a428-f99775e68d51,Heuristic1,43,3,1
f5ebb4f7-9a18-4580-9e35-77141697bbff,57,a18ac380-b2a3-40c9-a4c7-492d6648ea61,MCTS Heuristic 2,29,5,0
f5ebb4f7-9a18-4580-9e35-77141697bbff,57,0428ac1a-8bab-4d14-85b2-f62b56a38a31,MCTS1,64,8,1
f5ebb4f7-9a18-4580-9e35-77141697bbff,57,938d7697-d4c5-4005-8fc0-459224f41355,MCTS Heuristic 1,69,11,1
f5ebb4f7-9a18-4580-9e35-77141697bbff,57,41edcccd-99b6-408d-a428-f99775e68d51,Heuristic1,43,3,1
f5ebb4f7-9a18-4580-9e35-77141697bbff,57,a18ac380-b2a3-40c9-a4c7-492d6648ea61,MCTS Heuristic 2,29,5,0
f5ebb4f7-9a18-4580-9e35-77141697bbff,57,0428ac1a-8bab-4d14-85b2-f62b56a38a31,MCTS1,64,8,1
f5ebb4f7-9a18-4580-9e35-77141697bbff,57,938d7697-d4c5-4005-8fc0-459224f41355,MCTS Heuristic 1,69,11,1
f5ebb4f7-9a18-4580-9e35-77141697bbff,57,41edcccd-99b6-408d-a428-f99775e68d51,Heuristic1,43,3,1
f5ebb4f7-9a18-4580-9e35-77141697bbff,57,a18ac380-b2a3-40c9-a4c7-492d6648ea61,MCTS Heuristic 2,29,5,0
f5ebb4f7-9a18-4580-9e35-77141697bbff,58,0428ac1a-8bab-4d14-85b2-f62b56a38a31,MCTS1,63,8,1
f5ebb4f7-9a18-4580-9e35-77141697bbff,58,938d7697-d4c5-4005-8fc0-459224f41355,MCTS Heuristic 1,68,11,1
f5ebb4f7-9a18-4580-9e35-77141697bbff,58,41edcccd-99b6-408d-a428-f99775e68d51,Heuristic1,42,3,1
f5ebb4f7-9a18-4580-9e35-77141697bbff,58,a18ac380-b2a3-40c9-a4c7-492d6648ea61,MCTS Heuristic 2,29,5,0
f5ebb4f7-9a18-4580-9e35-77141697bbff,58,0428ac1a-8bab-4d14-85b2-f62b56a38a31,MCTS1,63,8,1
f5ebb4f7-9a18-4580-9e35-77141697bbff,58,938d7697-d4c5-4005-8fc0-459224f41355,MCTS Heuristic 1,68,11,1
f5ebb4f7-9a18-4580-9e35-77141697bbff,58,41edcccd-99b6-408d-a428-f99775e68d51,Heuristic1,42,3,1
f5ebb4f7-9a18-4580-9e35-77141697bbff,58,a18ac380-b2a3-40c9-a4c7-492d6648ea61,MCTS Heuristic 2,29,5,0
f5ebb4f7-9a18-4580-9e35-77141697bbff,58,0428ac1a-8bab-4d14-85b2-f62b56a38a31,MCTS1,63,8,1
f5ebb4f7-9a18-4580-9e35-77141697bbff,58,938d7697-d4c5-4005-8fc0-459224f41355,MCTS Heuristic 1,68,11,1
f5ebb4f7-9a18-4580-9e35-77141697bbff,58,41edcccd-99b6-408d-a428-f99775e68d51,Heuristic1,42,3,1
f5ebb4f7-9a18-4580-9e35-77141697bbff,58,a18ac380-b2a3-40c9-a4c7-492d6648ea61,MCTS Heuristic 2,29,5,0
f5ebb4f7-9a18-4580-9e35-77141697bbff,59,0428ac1a-8bab-4d14-85b2-f62b56a38a31,MCTS1,100,9,1
f5ebb4f7-9a18-4580-9e35-77141697bbff,59,938d7697-d4c5-4005-8fc0-459224f41355,MCTS Heuristic 1,67,11,1
f5ebb4f7-9a18-4580-9e35-77141697bbff,59,41edcccd-99b6-408d-a428-f99775e68d51,Heuristic1,41,3,1
f5ebb4f7-9a18-4580-9e35-77141697bbff,59,a18ac380-b2a3-40c9-a4c7-492d6648ea61,MCTS Heuristic 2,29,5,0
f5ebb4f7-9a18-4580-9e35-77141697bbff,59,0428ac1a-8bab-4d14-85b2-f62b56a38a31,MCTS1,100,9,1
f5ebb4f7-9a18-4580-9e35-77141697bbff,59,938d7697-d4c5-4005-8fc0-459224f41355,MCTS Heuristic 1,67,11,1
f5ebb4f7-9a18-4580-9e35-77141697bbff,59,41edcccd-99b6-408d-a428-f99775e68d51,Heuristic1,41,3,1
f5ebb4f7-9a18-4580-9e35-77141697bbff,59,a18ac380-b2a3-40c9-a4c7-492d6648ea61,MCTS Heuristic 2,29,5,0
f5ebb4f7-9a18-4580-9e35-77141697bbff,59,0428ac1a-8bab-4d14-85b2-f62b56a38a31,MCTS1,100,9,1
f5ebb4f7-9a18-4580-9e35-77141697bbff,59,938d7697-d4c5-4005-8fc0-459224f41355,MCTS Heuristic 1,67,11,1
f5ebb4f7-9a18-4580-9e35-77141697bbff,59,41edcccd-99b6-408d-a428-f99775e68d51,Heuristic1,41,3,1
f5ebb4f7-9a18-4580-9e35-77141697bbff,59,a18ac380-b2a3-40c9-a4c7-492d6648ea61,MCTS Heuristic 2,29,5,0
f5ebb4f7-9a18-4580-9e35-77141697bbff,60,0428ac1a-8bab-4d14-85b2-f62b56a38a31,MCTS1,99,9,1
f5ebb4f7-9a18-4580-9e35-77141697bbff,60,938d7697-d4c5-4005-8fc0-459224f41355,MCTS Heuristic 1,38,11,1
f5ebb4f7-9a18-4580-9e35-77141697bbff,60,41edcccd-99b6-408d-a428-f99775e68d51,Heuristic1,40,3,1
f5ebb4f7-9a18-4580-9e35-77141697bbff,60,a18ac380-b2a3-40c9-a4c7-492d6648ea61,MCTS Heuristic 2,29,5,0
f5ebb4f7-9a18-4580-9e35-77141697bbff,60,0428ac1a-8bab-4d14-85b2-f62b56a38a31,MCTS1,99,9,1
f5ebb4f7-9a18-4580-9e35-77141697bbff,60,938d7697-d4c5-4005-8fc0-459224f41355,MCTS Heuristic 1,38,11,1
f5ebb4f7-9a18-4580-9e35-77141697bbff,60,41edcccd-99b6-408d-a428-f99775e68d51,Heuristic1,40,3,1
f5ebb4f7-9a18-4580-9e35-77141697bbff,60,a18ac380-b2a3-40c9-a4c7-492d6648ea61,MCTS Heuristic 2,29,5,0
f5ebb4f7-9a18-4580-9e35-77141697bbff,60,0428ac1a-8bab-4d14-85b2-f62b56a38a31,MCTS1,99,9,1
f5ebb4f7-9a18-4580-9e35-77141697bbff,60,938d7697-d4c5-4005-8fc0-459224f41355,MCTS Heuristic 1,38,11,1
f5ebb4f7-9a18-4580-9e35-77141697bbff,60,41edcccd-99b6-408d-a428-f99775e68d51,Heuristic1,40,3,1
f5ebb4f7-9a18-4580-9e35-77141697bbff,60,a18ac380-b2a3-40c9-a4c7-492d6648ea61,MCTS Heuristic 2,29,5,0
f5ebb4f7-9a18-4580-9e35-77141697bbff,61,0428ac1a-8bab-4d14-85b2-f62b56a38a31,MCTS1,98,9,1
f5ebb4f7-9a18-4580-9e35-77141697bbff,61,938d7697-d4c5-4005-8fc0-459224f41355,MCTS Heuristic 1,37,11,1
f5ebb4f7-9a18-4580-9e35-77141697bbff,61,41edcccd-99b6-408d-a428-f99775e68d51,Heuristic1,39,3,1
f5ebb4f7-9a18-4580-9e35-77141697bbff,61,a18ac380-b2a3-40c9-a4c7-492d6648ea61,MCTS Heuristic 2,29,5,0
f5ebb4f7-9a18-4580-9e35-77141697bbff,61,0428ac1a-8bab-4d14-85b2-f62b56a38a31,MCTS1,98,9,1
f5ebb4f7-9a18-4580-9e35-77141697bbff,61,938d7697-d4c5-4005-8fc0-459224f41355,MCTS Heuristic 1,37,11,1
f5ebb4f7-9a18-4580-9e35-77141697bbff,61,41edcccd-99b6-408d-a428-f99775e68d51,Heuristic1,39,3,1
f5ebb4f7-9a18-4580-9e35-77141697bbff,61,a18ac380-b2a3-40c9-a4c7-492d6648ea61,MCTS Heuristic 2,29,5,0
f5ebb4f7-9a18-4580-9e35-77141697bbff,61,0428ac1a-8bab-4d14-85b2-f62b56a38a31,MCTS1,98,9,1
f5ebb4f7-9a18-4580-9e35-77141697bbff,61,938d7697-d4c5-4005-8fc0-459224f41355,MCTS Heuristic 1,37,11,1
f5ebb4f7-9a18-4580-9e35-77141697bbff,61,41edcccd-99b6-408d-a428-f99775e68d51,Heuristic1,39,3,1
f5ebb4f7-9a18-4580-9e35-77141697bbff,61,a18ac380-b2a3-40c9-a4c7-492d6648ea61,MCTS Heuristic 2,29,5,0
f5ebb4f7-9a18-4580-9e35-77141697bbff,62,0428ac1a-8bab-4d14-85b2-f62b56a38a31,MCTS1,97,9,1
f5ebb4f7-9a18-4580-9e35-77141697bbff,62,938d7697-d4c5-4005-8fc0-459224f41355,MCTS Heuristic 1,36,11,1
f5ebb4f7-9a18-4580-9e35-77141697bbff,62,41edcccd-99b6-408d-a428-f99775e68d51,Heuristic1,38,3,1
f5ebb4f7-9a18-4580-9e35-77141697bbff,62,a18ac380-b2a3-40c9-a4c7-492d6648ea61,MCTS Heuristic 2,29,5,0
f5ebb4f7-9a18-4580-9e35-77141697bbff,62,0428ac1a-8bab-4d14-85b2-f62b56a38a31,MCTS1,97,9,1
f5ebb4f7-9a18-4580-9e35-77141697bbff,62,938d7697-d4c5-4005-8fc0-459224f41355,MCTS Heuristic 1,36,11,1
f5ebb4f7-9a18-4580-9e35-77141697bbff,62,41edcccd-99b6-408d-a428-f99775e68d51,Heuristic1,38,3,1
f5ebb4f7-9a18-4580-9e35-77141697bbff,62,a18ac380-b2a3-40c9-a4c7-492d6648ea61,MCTS Heuristic 2,29,5,0
f5ebb4f7-9a18-4580-9e35-77141697bbff,62,0428ac1a-8bab-4d14-85b2-f62b56a38a31,MCTS1,97,9,1
f5ebb4f7-9a18-4580-9e35-77141697bbff,62,938d7697-d4c5-4005-8fc0-459224f41355,MCTS Heuristic 1,36,11,1
f5ebb4f7-9a18-4580-9e35-77141697bbff,62,41edcccd-99b6-408d-a428-f99775e68d51,Heuristic1,38,3,1
f5ebb4f7-9a18-4580-9e35-77141697bbff,62,a18ac380-b2a3-40c9-a4c7-492d6648ea61,MCTS Heuristic 2,29,5,0
f5ebb4f7-9a18-4580-9e35-77141697bbff,63,0428ac1a-8bab-4d14-85b2-f62b56a38a31,MCTS1,96,9,1
f5ebb4f7-9a18-4580-9e35-77141697bbff,63,938d7697-d4c5-4005-8fc0-459224f41355,MCTS Heuristic 1,35,11,1
f5ebb4f7-9a18-4580-9e35-77141697bbff,63,41edcccd-99b6-408d-a428-f99775e68d51,Heuristic1,37,3,1
f5ebb4f7-9a18-4580-9e35-77141697bbff,63,a18ac380-b2a3-40c9-a4c7-492d6648ea61,MCTS Heuristic 2,29,5,0
f5ebb4f7-9a18-4580-9e35-77141697bbff,63,0428ac1a-8bab-4d14-85b2-f62b56a38a31,MCTS1,96,9,1
f5ebb4f7-9a18-4580-9e35-77141697bbff,63,938d7697-d4c5-4005-8fc0-459224f41355,MCTS Heuristic 1,35,11,1
f5ebb4f7-9a18-4580-9e35-77141697bbff,63,41edcccd-99b6-408d-a428-f99775e68d51,Heuristic1,37,3,1
f5ebb4f7-9a18-4580-9e35-77141697bbff,63,a18ac380-b2a3-40c9-a4c7-492d6648ea61,MCTS Heuristic 2,29,5,0
f5ebb4f7-9a18-4580-9e35-77141697bbff,63,0428ac1a-8bab-4d14-85b2-f62b56a38a31,MCTS1,96,9,1
f5ebb4f7-9a18-4580-9e35-77141697bbff,63,938d7697-d4c5-4005-8fc0-459224f41355,MCTS Heuristic 1,35,11,1
f5ebb4f7-9a18-4580-9e35-77141697bbff,63,41edcccd-99b6-408d-a428-f99775e68d51,Heuristic1,37,3,1
f5ebb4f7-9a18-4580-9e35-77141697bbff,63,a18ac380-b2a3-40c9-a4c7-492d6648ea61,MCTS Heuristic 2,29,5,0
f5ebb4f7-9a18-4580-9e35-77141697bbff,64,0428ac1a-8bab-4d14-85b2-f62b56a38a31,MCTS1,95,9,1
f5ebb4f7-9a18-4580-9e35-77141697bbff,64,938d7697-d4c5-4005-8fc0-459224f41355,MCTS Heuristic 1,34,11,1
f5ebb4f7-9a18-4580-9e35-77141697bbff,64,41edcccd-99b6-408d-a428-f99775e68d51,Heuristic1,36,3,1
f5ebb4f7-9a18-4580-9e35-77141697bbff,64,a18ac380-b2a3-40c9-a4c7-492d6648ea61,MCTS Heuristic 2,29,5,0
f5ebb4f7-9a18-4580-9e35-77141697bbff,64,0428ac1a-8bab-4d14-85b2-f62b56a38a31,MCTS1,95,9,1
f5ebb4f7-9a18-4580-9e35-77141697bbff,64,938d7697-d4c5-4005-8fc0-459224f41355,MCTS Heuristic 1,34,11,1
f5ebb4f7-9a18-4580-9e35-77141697bbff,64,41edcccd-99b6-408d-a428-f99775e68d51,Heuristic1,36,3,1
f5ebb4f7-9a18-4580-9e35-77141697bbff,64,a18ac380-b2a3-40c9-a4c7-492d6648ea61,MCTS Heuristic 2,29,5,0
f5ebb4f7-9a18-4580-9e35-77141697bbff,64,0428ac1a-8bab-4d14-85b2-f62b56a38a31,MCTS1,95,9,1
f5ebb4f7-9a18-4580-9e35-77141697bbff,64,938d7697-d4c5-4005-8fc0-459224f41355,MCTS Heuristic 1,34,11,1
f5ebb4f7-9a18-4580-9e35-77141697bbff,64,41edcccd-99b6-408d-a428-f99775e68d51,Heuristic1,36,3,1
f5ebb4f7-9a18-4580-9e35-77141697bbff,64,a18ac380-b2a3-40c9-a4c7-492d6648ea61,MCTS Heuristic 2,29,5,0
f5ebb4f7-9a18-4580-9e35-77141697bbff,65,0428ac1a-8bab-4d14-85b2-f62b56a38a31,MCTS1,94,9,1
f5ebb4f7-9a18-4580-9e35-77141697bbff,65,938d7697-d4c5-4005-8fc0-459224f41355,MCTS Heuristic 1,33,11,1
f5ebb4f7-9a18-4580-9e35-77141697bbff,65,41edcccd-99b6-408d-a428-f99775e68d51,Heuristic1,35,3,1
f5ebb4f7-9a18-4580-9e35-77141697bbff,65,a18ac380-b2a3-40c9-a4c7-492d6648ea61,MCTS Heuristic 2,29,5,0
f5ebb4f7-9a18-4580-9e35-77141697bbff,65,0428ac1a-8bab-4d14-85b2-f62b56a38a31,MCTS1,94,9,1
f5ebb4f7-9a18-4580-9e35-77141697bbff,65,938d7697-d4c5-4005-8fc0-459224f41355,MCTS Heuristic 1,33,11,1
f5ebb4f7-9a18-4580-9e35-77141697bbff,65,41edcccd-99b6-408d-a428-f99775e68d51,Heuristic1,35,3,1
f5ebb4f7-9a18-4580-9e35-77141697bbff,65,a18ac380-b2a3-40c9-a4c7-492d6648ea61,MCTS Heuristic 2,29,5,0
f5ebb4f7-9a18-4580-9e35-77141697bbff,65,0428ac1a-8bab-4d14-85b2-f62b56a38a31,MCTS1,94,9,1
f5ebb4f7-9a18-4580-9e35-77141697bbff,65,938d7697-d4c5-4005-8fc0-459224f41355,MCTS Heuristic 1,33,11,1
f5ebb4f7-9a18-4580-9e35-77141697bbff,65,41edcccd-99b6-408d-a428-f99775e68d51,Heuristic1,35,3,1
f5ebb4f7-9a18-4580-9e35-77141697bbff,65,a18ac380-b2a3-40c9-a4c7-492d6648ea61,MCTS Heuristic 2,29,5,0
f5ebb4f7-9a18-4580-9e35-77141697bbff,66,0428ac1a-8bab-4d14-85b2-f62b56a38a31,MCTS1,93,9,1
f5ebb4f7-9a18-4580-9e35-77141697bbff,66,938d7697-d4c5-4005-8fc0-459224f41355,MCTS Heuristic 1,32,11,1
f5ebb4f7-9a18-4580-9e35-77141697bbff,66,41edcccd-99b6-408d-a428-f99775e68d51,Heuristic1,34,3,1
f5ebb4f7-9a18-4580-9e35-77141697bbff,66,a18ac380-b2a3-40c9-a4c7-492d6648ea61,MCTS Heuristic 2,29,5,0
f5ebb4f7-9a18-4580-9e35-77141697bbff,66,0428ac1a-8bab-4d14-85b2-f62b56a38a31,MCTS1,93,9,1
f5ebb4f7-9a18-4580-9e35-77141697bbff,66,938d7697-d4c5-4005-8fc0-459224f41355,MCTS Heuristic 1,32,11,1
f5ebb4f7-9a18-4580-9e35-77141697bbff,66,41edcccd-99b6-408d-a428-f99775e68d51,Heuristic1,34,3,1
f5ebb4f7-9a18-4580-9e35-77141697bbff,66,a18ac380-b2a3-40c9-a4c7-492d6648ea61,MCTS Heuristic 2,29,5,0
f5ebb4f7-9a18-4580-9e35-77141697bbff,66,0428ac1a-8bab-4d14-85b2-f62b56a38a31,MCTS1,93,9,1
f5ebb4f7-9a18-4580-9e35-77141697bbff,66,938d7697-d4c5-4005-8fc0-459224f41355,MCTS Heuristic 1,32,11,1
f5ebb4f7-9a18-4580-9e35-77141697bbff,66,41edcccd-99b6-408d-a428-f99775e68d51,Heuristic1,34,3,1
f5ebb4f7-9a18-4580-9e35-77141697bbff,66,a18ac380-b2a3-40c9-a4c7-492d6648ea61,MCTS Heuristic 2,29,5,0
f5ebb4f7-9a18-4580-9e35-77141697bbff,67,0428ac1a-8bab-4d14-85b2-f62b56a38a31,MCTS1,92,9,1
f5ebb4f7-9a18-4580-9e35-77141697bbff,67,938d7697-d4c5-4005-8fc0-459224f41355,MCTS Heuristic 1,31,11,1
f5ebb4f7-9a18-4580-9e35-77141697bbff,67,41edcccd-99b6-408d-a428-f99775e68d51,Heuristic1,33,3,1
f5ebb4f7-9a18-4580-9e35-77141697bbff,67,a18ac380-b2a3-40c9-a4c7-492d6648ea61,MCTS Heuristic 2,29,5,0
f5ebb4f7-9a18-4580-9e35-77141697bbff,67,0428ac1a-8bab-4d14-85b2-f62b56a38a31,MCTS1,92,9,1
f5ebb4f7-9a18-4580-9e35-77141697bbff,67,938d7697-d4c5-4005-8fc0-459224f41355,MCTS Heuristic 1,31,11,1
f5ebb4f7-9a18-4580-9e35-77141697bbff,67,41edcccd-99b6-408d-a428-f99775e68d51,Heuristic1,33,3,1
f5ebb4f7-9a18-4580-9e35-77141697bbff,67,a18ac380-b2a3-40c9-a4c7-492d6648ea61,MCTS Heuristic 2,29,5,0
f5ebb4f7-9a18-4580-9e35-77141697bbff,67,0428ac1a-8bab-4d14-85b2-f62b56a38a31,MCTS1,92,9,1
f5ebb4f7-9a18-4580-9e35-77141697bbff,67,938d7697-d4c5-4005-8fc0-459224f41355,MCTS Heuristic 1,31,11,1
f5ebb4f7-9a18-4580-9e35-77141697bbff,67,41edcccd-99b6-408d-a428-f99775e68d51,Heuristic1,33,3,1
f5ebb4f7-9a18-4580-9e35-77141697bbff,67,a18ac380-b2a3-40c9-a4c7-492d6648ea61,MCTS Heuristic 2,29,5,0
f5ebb4f7-9a18-4580-9e35-77141697bbff,68,0428ac1a-8bab-4d14-85b2-f62b56a38a31,MCTS1,91,9,1
f5ebb4f7-9a18-4580-9e35-77141697bbff,68,938d7697-d4c5-4005-8fc0-459224f41355,MCTS Heuristic 1,30,11,1
f5ebb4f7-9a18-4580-9e35-77141697bbff,68,41edcccd-99b6-408d-a428-f99775e68d51,Heuristic1,32,3,1
f5ebb4f7-9a18-4580-9e35-77141697bbff,68,a18ac380-b2a3-40c9-a4c7-492d6648ea61,MCTS Heuristic 2,29,5,0
f5ebb4f7-9a18-4580-9e35-77141697bbff,68,0428ac1a-8bab-4d14-85b2-f62b56a38a31,MCTS1,91,9,1
f5ebb4f7-9a18-4580-9e35-77141697bbff,68,938d7697-d4c5-4005-8fc0-459224f41355,MCTS Heuristic 1,30,11,1
f5ebb4f7-9a18-4580-9e35-77141697bbff,68,41edcccd-99b6-408d-a428-f99775e68d51,Heuristic1,32,3,1
f5ebb4f7-9a18-4580-9e35-77141697bbff,68,a18ac380-b2a3-40c9-a4c7-492d6648ea61,MCTS Heuristic 2,29,5,0
f5ebb4f7-9a18-4580-9e35-77141697bbff,68,0428ac1a-8bab-4d14-85b2-f62b56a38a31,MCTS1,91,9,1
f5ebb4f7-9a18-4580-9e35-77141697bbff,68,938d7697-d4c5-4005-8fc0-459224f41355,MCTS Heuristic 1,30,11,1
f5ebb4f7-9a18-4580-9e35-77141697bbff,68,41edcccd-99b6-408d-a428-f99775e68d51,Heuristic1,32,3,1
f5ebb4f7-9a18-4580-9e35-77141697bbff,68,a18ac380-b2a3-40c9-a4c7-492d6648ea61,MCTS Heuristic 2,29,5,0
f5ebb4f7-9a18-4580-9e35-77141697bbff,69,0428ac1a-8bab-4d14-85b2-f62b56a38a31,MCTS1,90,9,1
f5ebb4f7-9a18-4580-9e35-77141697bbff,69,938d7697-d4c5-4005-8fc0-459224f41355,MCTS Heuristic 1,29,11,1
f5ebb4f7-9a18-4580-9e35-77141697bbff,69,41edcccd-99b6-408d-a428-f99775e68d51,Heuristic1,31,3,1
f5ebb4f7-9a18-4580-9e35-77141697bbff,69,a18ac380-b2a3-40c9-a4c7-492d6648ea61,MCTS Heuristic 2,29,5,0
f5ebb4f7-9a18-4580-9e35-77141697bbff,69,0428ac1a-8bab-4d14-85b2-f62b56a38a31,MCTS1,90,9,1
f5ebb4f7-9a18-4580-9e35-77141697bbff,69,938d7697-d4c5-4005-8fc0-459224f41355,MCTS Heuristic 1,29,11,1
f5ebb4f7-9a18-4580-9e35-77141697bbff,69,41edcccd-99b6-408d-a428-f99775e68d51,Heuristic1,31,3,1
f5ebb4f7-9a18-4580-9e35-77141697bbff,69,a18ac380-b2a3-40c9-a4c7-492d6648ea61,MCTS Heuristic 2,29,5,0
f5ebb4f7-9a18-4580-9e35-77141697bbff,69,0428ac1a-8bab-4d14-85b2-f62b56a38a31,MCTS1,90,9,1
f5ebb4f7-9a18-4580-9e35-77141697bbff,69,938d7697-d4c5-4005-8fc0-459224f41355,MCTS Heuristic 1,29,11,1
f5ebb4f7-9a18-4580-9e35-77141697bbff,69,41edcccd-99b6-408d-a428-f99775e68d51,Heuristic1,31,3,1
f5ebb4f7-9a18-4580-9e35-77141697bbff,69,a18ac380-b2a3-40c9-a4c7-492d6648ea61,MCTS Heuristic 2,29,5,0
f5ebb4f7-9a18-4580-9e35-77141697bbff,70,0428ac1a-8bab-4d14-85b2-f62b56a38a31,MCTS1,61,9,1
f5ebb4f7-9a18-4580-9e35-77141697bbff,70,938d7697-d4c5-4005-8fc0-459224f41355,MCTS Heuristic 1,100,12,1
f5ebb4f7-9a18-4580-9e35-77141697bbff,70,41edcccd-99b6-408d-a428-f99775e68d51,Heuristic1,30,3,1
f5ebb4f7-9a18-4580-9e35-77141697bbff,70,a18ac380-b2a3-40c9-a4c7-492d6648ea61,MCTS Heuristic 2,29,5,0
f5ebb4f7-9a18-4580-9e35-77141697bbff,70,0428ac1a-8bab-4d14-85b2-f62b56a38a31,MCTS1,61,9,1
f5ebb4f7-9a18-4580-9e35-77141697bbff,70,938d7697-d4c5-4005-8fc0-459224f41355,MCTS Heuristic 1,100,12,1
f5ebb4f7-9a18-4580-9e35-77141697bbff,70,41edcccd-99b6-408d-a428-f99775e68d51,Heuristic1,30,3,1
f5ebb4f7-9a18-4580-9e35-77141697bbff,70,a18ac380-b2a3-40c9-a4c7-492d6648ea61,MCTS Heuristic 2,29,5,0
f5ebb4f7-9a18-4580-9e35-77141697bbff,70,0428ac1a-8bab-4d14-85b2-f62b56a38a31,MCTS1,61,9,1
f5ebb4f7-9a18-4580-9e35-77141697bbff,70,938d7697-d4c5-4005-8fc0-459224f41355,MCTS Heuristic 1,100,12,1
f5ebb4f7-9a18-4580-9e35-77141697bbff,70,41edcccd-99b6-408d-a428-f99775e68d51,Heuristic1,30,3,1
f5ebb4f7-9a18-4580-9e35-77141697bbff,70,a18ac380-b2a3-40c9-a4c7-492d6648ea61,MCTS Heuristic 2,29,5,0
f5ebb4f7-9a18-4580-9e35-77141697bbff,71,0428ac1a-8bab-4d14-85b2-f62b56a38a31,MCTS1,60,9,1
f5ebb4f7-9a18-4580-9e35-77141697bbff,71,938d7697-d4c5-4005-8fc0-459224f41355,MCTS Heuristic 1,99,12,1
f5ebb4f7-9a18-4580-9e35-77141697bbff,71,41edcccd-99b6-408d-a428-f99775e68d51,Heuristic1,29,3,1
f5ebb4f7-9a18-4580-9e35-77141697bbff,71,a18ac380-b2a3-40c9-a4c7-492d6648ea61,MCTS Heuristic 2,29,5,0
f5ebb4f7-9a18-4580-9e35-77141697bbff,71,0428ac1a-8bab-4d14-85b2-f62b56a38a31,MCTS1,60,9,1
f5ebb4f7-9a18-4580-9e35-77141697bbff,71,938d7697-d4c5-4005-8fc0-459224f41355,MCTS Heuristic 1,99,12,1
f5ebb4f7-9a18-4580-9e35-77141697bbff,71,41edcccd-99b6-408d-a428-f99775e68d51,Heuristic1,29,3,1
f5ebb4f7-9a18-4580-9e35-77141697bbff,71,a18ac380-b2a3-40c9-a4c7-492d6648ea61,MCTS Heuristic 2,29,5,0
f5ebb4f7-9a18-4580-9e35-77141697bbff,71,0428ac1a-8bab-4d14-85b2-f62b56a38a31,MCTS1,60,9,1
f5ebb4f7-9a18-4580-9e35-77141697bbff,71,938d7697-d4c5-4005-8fc0-459224f41355,MCTS Heuristic 1,99,12,1
f5ebb4f7-9a18-4580-9e35-77141697bbff,71,41edcccd-99b6-408d-a428-f99775e68d51,Heuristic1,29,3,1
f5ebb4f7-9a18-4580-9e35-77141697bbff,71,a18ac380-b2a3-40c9-a4c7-492d6648ea61,MCTS Heuristic 2,29,5,0
f5ebb4f7-9a18-4580-9e35-77141697bbff,72,0428ac1a-8bab-4d14-85b2-f62b56a38a31,MCTS1,59,9,1
f5ebb4f7-9a18-4580-9e35-77141697bbff,72,938d7697-d4c5-4005-8fc0-459224f41355,MCTS Heuristic 1,98,12,1
f5ebb4f7-9a18-4580-9e35-77141697bbff,72,41edcccd-99b6-408d-a428-f99775e68d51,Heuristic1,100,4,1
f5ebb4f7-9a18-4580-9e35-77141697bbff,72,a18ac380-b2a3-40c9-a4c7-492d6648ea61,MCTS Heuristic 2,29,5,0
f5ebb4f7-9a18-4580-9e35-77141697bbff,72,0428ac1a-8bab-4d14-85b2-f62b56a38a31,MCTS1,59,9,1
f5ebb4f7-9a18-4580-9e35-77141697bbff,72,938d7697-d4c5-4005-8fc0-459224f41355,MCTS Heuristic 1,98,12,1
f5ebb4f7-9a18-4580-9e35-77141697bbff,72,41edcccd-99b6-408d-a428-f99775e68d51,Heuristic1,100,4,1
f5ebb4f7-9a18-4580-9e35-77141697bbff,72,a18ac380-b2a3-40c9-a4c7-492d6648ea61,MCTS Heuristic 2,29,5,0
f5ebb4f7-9a18-4580-9e35-77141697bbff,72,0428ac1a-8bab-4d14-85b2-f62b56a38a31,MCTS1,59,9,1
f5ebb4f7-9a18-4580-9e35-77141697bbff,72,938d7697-d4c5-4005-8fc0-459224f41355,MCTS Heuristic 1,98,12,1
f5ebb4f7-9a18-4580-9e35-77141697bbff,72,41edcccd-99b6-408d-a428-f99775e68d51,Heuristic1,100,4,1
f5ebb4f7-9a18-4580-9e35-77141697bbff,72,a18ac380-b2a3-40c9-a4c7-492d6648ea61,MCTS Heuristic 2,29,5,0
f5ebb4f7-9a18-4580-9e35-77141697bbff,73,0428ac1a-8bab-4d14-85b2-f62b56a38a31,MCTS1,100,10,1
f5ebb4f7-9a18-4580-9e35-77141697bbff,73,938d7697-d4c5-4005-8fc0-459224f41355,MCTS Heuristic 1,97,12,1
f5ebb4f7-9a18-4580-9e35-77141697bbff,73,41edcccd-99b6-408d-a428-f99775e68d51,Heuristic1,99,4,1
f5ebb4f7-9a18-4580-9e35-77141697bbff,73,a18ac380-b2a3-40c9-a4c7-492d6648ea61,MCTS Heuristic 2,29,5,0
f5ebb4f7-9a18-4580-9e35-77141697bbff,73,0428ac1a-8bab-4d14-85b2-f62b56a38a31,MCTS1,100,10,1
f5ebb4f7-9a18-4580-9e35-77141697bbff,73,938d7697-d4c5-4005-8fc0-459224f41355,MCTS Heuristic 1,97,12,1
f5ebb4f7-9a18-4580-9e35-77141697bbff,73,41edcccd-99b6-408d-a428-f99775e68d51,Heuristic1,99,4,1
f5ebb4f7-9a18-4580-9e35-77141697bbff,73,a18ac380-b2a3-40c9-a4c7-492d6648ea61,MCTS Heuristic 2,29,5,0
f5ebb4f7-9a18-4580-9e35-77141697bbff,73,0428ac1a-8bab-4d14-85b2-f62b56a38a31,MCTS1,100,10,1
f5ebb4f7-9a18-4580-9e35-77141697bbff,73,938d7697-d4c5-4005-8fc0-459224f41355,MCTS Heuristic 1,97,12,1
f5ebb4f7-9a18-4580-9e35-77141697bbff,73,41edcccd-99b6-408d-a428-f99775e68d51,Heuristic1,99,4,1
f5ebb4f7-9a18-4580-9e35-77141697bbff,73,a18ac380-b2a3-40c9-a4c7-492d6648ea61,MCTS Heuristic 2,29,5,0
f5ebb4f7-9a18-4580-9e35-77141697bbff,74,0428ac1a-8bab-4d14-85b2-f62b56a38a31,MCTS1,71,10,1
f5ebb4f7-9a18-4580-9e35-77141697bbff,74,938d7697-d4c5-4005-8fc0-459224f41355,MCTS Heuristic 1,100,13,1
f5ebb4f7-9a18-4580-9e35-77141697bbff,74,41edcccd-99b6-408d-a428-f99775e68d51,Heuristic1,98,4,1
f5ebb4f7-9a18-4580-9e35-77141697bbff,74,a18ac380-b2a3-40c9-a4c7-492d6648ea61,MCTS Heuristic 2,29,5,0
f5ebb4f7-9a18-4580-9e35-77141697bbff,74,0428ac1a-8bab-4d14-85b2-f62b56a38a31,MCTS1,71,10,1
f5ebb4f7-9a18-4580-9e35-77141697bbff,74,938d7697-d4c5-4005-8fc0-459224f41355,MCTS Heuristic 1,100,13,1
f5ebb4f7-9a18-4580-9e35-77141697bbff,74,41edcccd-99b6-408d-a428-f99775e68d51,Heuristic1,98,4,1
f5ebb4f7-9a18-4580-9e35-77141697bbff,74,a18ac380-b2a3-40c9-a4c7-492d6648ea61,MCTS Heuristic 2,29,5,0
f5ebb4f7-9a18-4580-9e35-77141697bbff,74,0428ac1a-8bab-4d14-85b2-f62b56a38a31,MCTS1,71,10,1
f5ebb4f7-9a18-4580-9e35-77141697bbff,74,938d7697-d4c5-4005-8fc0-459224f41355,MCTS Heuristic 1,100,13,1
f5ebb4f7-9a18-4580-9e35-77141697bbff,74,41edcccd-99b6-408d-a428-f99775e68d51,Heuristic1,98,4,1
f5ebb4f7-9a18-4580-9e35-77141697bbff,74,a18ac380-b2a3-40c9-a4c7-492d6648ea61,MCTS Heuristic 2,29,5,0
f5ebb4f7-9a18-4580-9e35-77141697bbff,75,0428ac1a-8bab-4d14-85b2-f62b56a38a31,MCTS1,100,11,1
f5ebb4f7-9a18-4580-9e35-77141697bbff,75,938d7697-d4c5-4005-8fc0-459224f41355,MCTS Heuristic 1,99,13,1
f5ebb4f7-9a18-4580-9e35-77141697bbff,75,41edcccd-99b6-408d-a428-f99775e68d51,Heuristic1,97,4,1
f5ebb4f7-9a18-4580-9e35-77141697bbff,75,a18ac380-b2a3-40c9-a4c7-492d6648ea61,MCTS Heuristic 2,29,5,0
f5ebb4f7-9a18-4580-9e35-77141697bbff,75,0428ac1a-8bab-4d14-85b2-f62b56a38a31,MCTS1,100,11,1
f5ebb4f7-9a18-4580-9e35-77141697bbff,75,938d7697-d4c5-4005-8fc0-459224f41355,MCTS Heuristic 1,99,13,1
f5ebb4f7-9a18-4580-9e35-77141697bbff,75,41edcccd-99b6-408d-a428-f99775e68d51,Heuristic1,97,4,1
f5ebb4f7-9a18-4580-9e35-77141697bbff,75,a18ac380-b2a3-40c9-a4c7-492d6648ea61,MCTS Heuristic 2,29,5,0
f5ebb4f7-9a18-4580-9e35-77141697bbff,75,0428ac1a-8bab-4d14-85b2-f62b56a38a31,MCTS1,100,11,1
f5ebb4f7-9a18-4580-9e35-77141697bbff,75,938d7697-d4c5-4005-8fc0-459224f41355,MCTS Heuristic 1,99,13,1
f5ebb4f7-9a18-4580-9e35-77141697bbff,75,41edcccd-99b6-408d-a428-f99775e68d51,Heuristic1,97,4,1
f5ebb4f7-9a18-4580-9e35-77141697bbff,75,a18ac380-b2a3-40c9-a4c7-492d6648ea61,MCTS Heuristic 2,29,5,0
f5ebb4f7-9a18-4580-9e35-77141697bbff,76,0428ac1a-8bab-4d14-85b2-f62b56a38a31,MCTS1,99,11,1
f5ebb4f7-9a18-4580-9e35-77141697bbff,76,938d7697-d4c5-4005-8fc0-459224f41355,MCTS Heuristic 1,70,13,1
f5ebb4f7-9a18-4580-9e35-77141697bbff,76,41edcccd-99b6-408d-a428-f99775e68d51,Heuristic1,68,4,1
f5ebb4f7-9a18-4580-9e35-77141697bbff,76,a18ac380-b2a3-40c9-a4c7-492d6648ea61,MCTS Heuristic 2,29,5,0
f5ebb4f7-9a18-4580-9e35-77141697bbff,76,0428ac1a-8bab-4d14-85b2-f62b56a38a31,MCTS1,99,11,1
f5ebb4f7-9a18-4580-9e35-77141697bbff,76,938d7697-d4c5-4005-8fc0-459224f41355,MCTS Heuristic 1,70,13,1
f5ebb4f7-9a18-4580-9e35-77141697bbff,76,41edcccd-99b6-408d-a428-f99775e68d51,Heuristic1,68,4,1
f5ebb4f7-9a18-4580-9e35-77141697bbff,76,a18ac380-b2a3-40c9-a4c7-492d6648ea61,MCTS Heuristic 2,29,5,0
f5ebb4f7-9a18-4580-9e35-77141697bbff,76,0428ac1a-8bab-4d14-85b2-f62b56a38a31,MCTS1,99,11,1
f5ebb4f7-9a18-4580-9e35-77141697bbff,76,938d7697-d4c5-4005-8fc0-459224f41355,MCTS Heuristic 1,70,13,1
f5ebb4f7-9a18-4580-9e35-77141697bbff,76,41edcccd-99b6-408d-a428-f99775e68d51,Heuristic1,68,4,1
f5ebb4f7-9a18-4580-9e35-77141697bbff,76,a18ac380-b2a3-40c9-a4c7-492d6648ea61,MCTS Heuristic 2,29,5,0
f5ebb4f7-9a18-4580-9e35-77141697bbff,77,0428ac1a-8bab-4d14-85b2-f62b56a38a31,MCTS1,98,11,1
f5ebb4f7-9a18-4580-9e35-77141697bbff,77,938d7697-d4c5-4005-8fc0-459224f41355,MCTS Heuristic 1,69,13,1
f5ebb4f7-9a18-4580-9e35-77141697bbff,77,41edcccd-99b6-408d-a428-f99775e68d51,Heuristic1,67,4,1
f5ebb4f7-9a18-4580-9e35-77141697bbff,77,a18ac380-b2a3-40c9-a4c7-492d6648ea61,MCTS Heuristic 2,29,5,0
f5ebb4f7-9a18-4580-9e35-77141697bbff,77,0428ac1a-8bab-4d14-85b2-f62b56a38a31,MCTS1,98,11,1
f5ebb4f7-9a18-4580-9e35-77141697bbff,77,938d7697-d4c5-4005-8fc0-459224f41355,MCTS Heuristic 1,69,13,1
f5ebb4f7-9a18-4580-9e35-77141697bbff,77,41edcccd-99b6-408d-a428-f99775e68d51,Heuristic1,67,4,1
f5ebb4f7-9a18-4580-9e35-77141697bbff,77,a18ac380-b2a3-40c9-a4c7-492d6648ea61,MCTS Heuristic 2,29,5,0
f5ebb4f7-9a18-4580-9e35-77141697bbff,77,0428ac1a-8bab-4d14-85b2-f62b56a38a31,MCTS1,98,11,1
f5ebb4f7-9a18-4580-9e35-77141697bbff,77,938d7697-d4c5-4005-8fc0-459224f41355,MCTS Heuristic 1,69,13,1
f5ebb4f7-9a18-4580-9e35-77141697bbff,77,41edcccd-99b6-408d-a428-f99775e68d51,Heuristic1,67,4,1
f5ebb4f7-9a18-4580-9e35-77141697bbff,77,a18ac380-b2a3-40c9-a4c7-492d6648ea61,MCTS Heuristic 2,29,5,0
f5ebb4f7-9a18-4580-9e35-77141697bbff,78,0428ac1a-8bab-4d14-85b2-f62b56a38a31,MCTS1,55,11,1
f5ebb4f7-9a18-4580-9e35-77141697bbff,78,938d7697-d4c5-4005-8fc0-459224f41355,MCTS Heuristic 1,26,13,1
f5ebb4f7-9a18-4580-9e35-77141697bbff,78,41edcccd-99b6-408d-a428-f99775e68d51,Heuristic1,24,4,1
f5ebb4f7-9a18-4580-9e35-77141697bbff,78,a18ac380-b2a3-40c9-a4c7-492d6648ea61,MCTS Heuristic 2,29,5,0
f5ebb4f7-9a18-4580-9e35-77141697bbff,78,0428ac1a-8bab-4d14-85b2-f62b56a38a31,MCTS1,55,11,1
f5ebb4f7-9a18-4580-9e35-77141697bbff,78,938d7697-d4c5-4005-8fc0-459224f41355,MCTS Heuristic 1,26,13,1
f5ebb4f7-9a18-4580-9e35-77141697bbff,78,41edcccd-99b6-408d-a428-f99775e68d51,Heuristic1,24,4,1
f5ebb4f7-9a18-4580-9e35-77141697bbff,78,a18ac380-b2a3-40c9-a4c7-492d6648ea61,MCTS Heuristic 2,29,5,0
f5ebb4f7-9a18-4580-9e35-77141697bbff,78,0428ac1a-8bab-4d14-85b2-f62b56a38a31,MCTS1,55,11,1
f5ebb4f7-9a18-4580-9e35-77141697bbff,78,938d7697-d4c5-4005-8fc0-459224f41355,MCTS Heuristic 1,26,13,1
f5ebb4f7-9a18-4580-9e35-77141697bbff,78,41edcccd-99b6-408d-a428-f99775e68d51,Heuristic1,24,4,1
f5ebb4f7-9a18-4580-9e35-77141697bbff,78,a18ac380-b2a3-40c9-a4c7-492d6648ea61,MCTS Heuristic 2,29,5,0
f5ebb4f7-9a18-4580-9e35-77141697bbff,79,0428ac1a-8bab-4d14-85b2-f62b56a38a31,MCTS1,54,11,1
f5ebb4f7-9a18-4580-9e35-77141697bbff,79,938d7697-d4c5-4005-8fc0-459224f41355,MCTS Heuristic 1,25,13,1
f5ebb4f7-9a18-4580-9e35-77141697bbff,79,41edcccd-99b6-408d-a428-f99775e68d51,Heuristic1,100,5,1
f5ebb4f7-9a18-4580-9e35-77141697bbff,79,a18ac380-b2a3-40c9-a4c7-492d6648ea61,MCTS Heuristic 2,29,5,0
f5ebb4f7-9a18-4580-9e35-77141697bbff,79,0428ac1a-8bab-4d14-85b2-f62b56a38a31,MCTS1,54,11,1
f5ebb4f7-9a18-4580-9e35-77141697bbff,79,938d7697-d4c5-4005-8fc0-459224f41355,MCTS Heuristic 1,25,13,1
f5ebb4f7-9a18-4580-9e35-77141697bbff,79,41edcccd-99b6-408d-a428-f99775e68d51,Heuristic1,100,5,1
f5ebb4f7-9a18-4580-9e35-77141697bbff,79,a18ac380-b2a3-40c9-a4c7-492d6648ea61,MCTS Heuristic 2,29,5,0
f5ebb4f7-9a18-4580-9e35-77141697bbff,79,0428ac1a-8bab-4d14-85b2-f62b56a38a31,MCTS1,54,11,1
f5ebb4f7-9a18-4580-9e35-77141697bbff,79,938d7697-d4c5-4005-8fc0-459224f41355,MCTS Heuristic 1,25,13,1
f5ebb4f7-9a18-4580-9e35-77141697bbff,79,41edcccd-99b6-408d-a428-f99775e68d51,Heuristic1,100,5,1
f5ebb4f7-9a18-4580-9e35-77141697bbff,79,a18ac380-b2a3-40c9-a4c7-492d6648ea61,MCTS Heuristic 2,29,5,0
f5ebb4f7-9a18-4580-9e35-77141697bbff,80,0428ac1a-8bab-4d14-85b2-f62b56a38a31,MCTS1,53,11,1
f5ebb4f7-9a18-4580-9e35-77141697bbff,80,938d7697-d4c5-4005-8fc0-459224f41355,MCTS Heuristic 1,24,13,1
f5ebb4f7-9a18-4580-9e35-77141697bbff,80,41edcccd-99b6-408d-a428-f99775e68d51,Heuristic1,99,5,1
f5ebb4f7-9a18-4580-9e35-77141697bbff,80,a18ac380-b2a3-40c9-a4c7-492d6648ea61,MCTS Heuristic 2,29,5,0
f5ebb4f7-9a18-4580-9e35-77141697bbff,80,0428ac1a-8bab-4d14-85b2-f62b56a38a31,MCTS1,53,11,1
f5ebb4f7-9a18-4580-9e35-77141697bbff,80,938d7697-d4c5-4005-8fc0-459224f41355,MCTS Heuristic 1,24,13,1
f5ebb4f7-9a18-4580-9e35-77141697bbff,80,41edcccd-99b6-408d-a428-f99775e68d51,Heuristic1,99,5,1
f5ebb4f7-9a18-4580-9e35-77141697bbff,80,a18ac380-b2a3-40c9-a4c7-492d6648ea61,MCTS Heuristic 2,29,5,0
f5ebb4f7-9a18-4580-9e35-77141697bbff,80,0428ac1a-8bab-4d14-85b2-f62b56a38a31,MCTS1,53,11,1
f5ebb4f7-9a18-4580-9e35-77141697bbff,80,938d7697-d4c5-4005-8fc0-459224f41355,MCTS Heuristic 1,24,13,1
f5ebb4f7-9a18-4580-9e35-77141697bbff,80,41edcccd-99b6-408d-a428-f99775e68d51,Heuristic1,99,5,1
f5ebb4f7-9a18-4580-9e35-77141697bbff,80,a18ac380-b2a3-40c9-a4c7-492d6648ea61,MCTS Heuristic 2,29,5,0
f5ebb4f7-9a18-4580-9e35-77141697bbff,81,0428ac1a-8bab-4d14-85b2-f62b56a38a31,MCTS1,52,11,1
f5ebb4f7-9a18-4580-9e35-77141697bbff,81,938d7697-d4c5-4005-8fc0-459224f41355,MCTS Heuristic 1,23,13,1
f5ebb4f7-9a18-4580-9e35-77141697bbff,81,41edcccd-99b6-408d-a428-f99775e68d51,Heuristic1,98,5,1
f5ebb4f7-9a18-4580-9e35-77141697bbff,81,a18ac380-b2a3-40c9-a4c7-492d6648ea61,MCTS Heuristic 2,29,5,0
f5ebb4f7-9a18-4580-9e35-77141697bbff,81,0428ac1a-8bab-4d14-85b2-f62b56a38a31,MCTS1,52,11,1
f5ebb4f7-9a18-4580-9e35-77141697bbff,81,938d7697-d4c5-4005-8fc0-459224f41355,MCTS Heuristic 1,23,13,1
f5ebb4f7-9a18-4580-9e35-77141697bbff,81,41edcccd-99b6-408d-a428-f99775e68d51,Heuristic1,98,5,1
f5ebb4f7-9a18-4580-9e35-77141697bbff,81,a18ac380-b2a3-40c9-a4c7-492d6648ea61,MCTS Heuristic 2,29,5,0
f5ebb4f7-9a18-4580-9e35-77141697bbff,81,0428ac1a-8bab-4d14-85b2-f62b56a38a31,MCTS1,52,11,1
f5ebb4f7-9a18-4580-9e35-77141697bbff,81,938d7697-d4c5-4005-8fc0-459224f41355,MCTS Heuristic 1,23,13,1
f5ebb4f7-9a18-4580-9e35-77141697bbff,81,41edcccd-99b6-408d-a428-f99775e68d51,Heuristic1,98,5,1
f5ebb4f7-9a18-4580-9e35-77141697bbff,81,a18ac380-b2a3-40c9-a4c7-492d6648ea61,MCTS Heuristic 2,29,5,0
f5ebb4f7-9a18-4580-9e35-77141697bbff,82,0428ac1a-8bab-4d14-85b2-f62b56a38a31,MCTS1,51,11,1
f5ebb4f7-9a18-4580-9e35-77141697bbff,82,938d7697-d4c5-4005-8fc0-459224f41355,MCTS Heuristic 1,22,13,1
f5ebb4f7-9a18-4580-9e35-77141697bbff,82,41edcccd-99b6-408d-a428-f99775e68d51,Heuristic1,97,5,1
f5ebb4f7-9a18-4580-9e35-77141697bbff,82,a18ac380-b2a3-40c9-a4c7-492d6648ea61,MCTS Heuristic 2,29,5,0
f5ebb4f7-9a18-4580-9e35-77141697bbff,82,0428ac1a-8bab-4d14-85b2-f62b56a38a31,MCTS1,51,11,1
f5ebb4f7-9a18-4580-9e35-77141697bbff,82,938d7697-d4c5-4005-8fc0-459224f41355,MCTS Heuristic 1,22,13,1
f5ebb4f7-9a18-4580-9e35-77141697bbff,82,41edcccd-99b6-408d-a428-f99775e68d51,Heuristic1,97,5,1
f5ebb4f7-9a18-4580-9e35-77141697bbff,82,a18ac380-b2a3-40c9-a4c7-492d6648ea61,MCTS Heuristic 2,29,5,0
f5ebb4f7-9a18-4580-9e35-77141697bbff,82,0428ac1a-8bab-4d14-85b2-f62b56a38a31,MCTS1,51,11,1
f5ebb4f7-9a18-4580-9e35-77141697bbff,82,938d7697-d4c5-4005-8fc0-459224f41355,MCTS Heuristic 1,22,13,1
f5ebb4f7-9a18-4580-9e35-77141697bbff,82,41edcccd-99b6-408d-a428-f99775e68d51,Heuristic1,97,5,1
f5ebb4f7-9a18-4580-9e35-77141697bbff,82,a18ac380-b2a3-40c9-a4c7-492d6648ea61,MCTS Heuristic 2,29,5,0
f5ebb4f7-9a18-4580-9e35-77141697bbff,83,0428ac1a-8bab-4d14-85b2-f62b56a38a31,MCTS1,50,11,1
f5ebb4f7-9a18-4580-9e35-77141697bbff,83,938d7697-d4c5-4005-8fc0-459224f41355,MCTS Heuristic 1,21,13,1
f5ebb4f7-9a18-4580-9e35-77141697bbff,83,41edcccd-99b6-408d-a428-f99775e68d51,Heuristic1,96,5,1
f5ebb4f7-9a18-4580-9e35-77141697bbff,83,a18ac380-b2a3-40c9-a4c7-492d6648ea61,MCTS Heuristic 2,29,5,0
f5ebb4f7-9a18-4580-9e35-77141697bbff,83,0428ac1a-8bab-4d14-85b2-f62b56a38a31,MCTS1,50,11,1
f5ebb4f7-9a18-4580-9e35-77141697bbff,83,938d7697-d4c5-4005-8fc0-459224f41355,MCTS Heuristic 1,21,13,1
f5ebb4f7-9a18-4580-9e35-77141697bbff,83,41edcccd-99b6-408d-a428-f99775e68d51,Heuristic1,96,5,1
f5ebb4f7-9a18-4580-9e35-77141697bbff,83,a18ac380-b2a3-40c9-a4c7-492d6648ea61,MCTS Heuristic 2,29,5,0
f5ebb4f7-9a18-4580-9e35-77141697bbff,83,0428ac1a-8bab-4d14-85b2-f62b56a38a31,MCTS1,50,11,1
f5ebb4f7-9a18-4580-9e35-77141697bbff,83,938d7697-d4c5-4005-8fc0-459224f41355,MCTS Heuristic 1,21,13,1
f5ebb4f7-9a18-4580-9e35-77141697bbff,83,41edcccd-99b6-408d-a428-f99775e68d51,Heuristic1,96,5,1
f5ebb4f7-9a18-4580-9e35-77141697bbff,83,a18ac380-b2a3-40c9-a4c7-492d6648ea61,MCTS Heuristic 2,29,5,0
f5ebb4f7-9a18-4580-9e35-77141697bbff,84,0428ac1a-8bab-4d14-85b2-f62b56a38a31,MCTS1,49,11,1
f5ebb4f7-9a18-4580-9e35-77141697bbff,84,938d7697-d4c5-4005-8fc0-459224f41355,MCTS Heuristic 1,20,13,1
f5ebb4f7-9a18-4580-9e35-77141697bbff,84,41edcccd-99b6-408d-a428-f99775e68d51,Heuristic1,53,5,1
f5ebb4f7-9a18-4580-9e35-77141697bbff,84,a18ac380-b2a3-40c9-a4c7-492d6648ea61,MCTS Heuristic 2,29,5,0
f5ebb4f7-9a18-4580-9e35-77141697bbff,84,0428ac1a-8bab-4d14-85b2-f62b56a38a31,MCTS1,49,11,1
f5ebb4f7-9a18-4580-9e35-77141697bbff,84,938d7697-d4c5-4005-8fc0-459224f41355,MCTS Heuristic 1,20,13,1
f5ebb4f7-9a18-4580-9e35-77141697bbff,84,41edcccd-99b6-408d-a428-f99775e68d51,Heuristic1,53,5,1
f5ebb4f7-9a18-4580-9e35-77141697bbff,84,a18ac380-b2a3-40c9-a4c7-492d6648ea61,MCTS Heuristic 2,29,5,0
f5ebb4f7-9a18-4580-9e35-77141697bbff,84,0428ac1a-8bab-4d14-85b2-f62b56a38a31,MCTS1,49,11,1
f5ebb4f7-9a18-4580-9e35-77141697bbff,84,938d7697-d4c5-4005-8fc0-459224f41355,MCTS Heuristic 1,20,13,1
f5ebb4f7-9a18-4580-9e35-77141697bbff,84,41edcccd-99b6-408d-a428-f99775e68d51,Heuristic1,53,5,1
f5ebb4f7-9a18-4580-9e35-77141697bbff,84,a18ac380-b2a3-40c9-a4c7-492d6648ea61,MCTS Heuristic 2,29,5,0
f5ebb4f7-9a18-4580-9e35-77141697bbff,85,0428ac1a-8bab-4d14-85b2-f62b56a38a31,MCTS1,48,11,1
f5ebb4f7-9a18-4580-9e35-77141697bbff,85,938d7697-d4c5-4005-8fc0-459224f41355,MCTS Heuristic 1,100,14,1
f5ebb4f7-9a18-4580-9e35-77141697bbff,85,41edcccd-99b6-408d-a428-f99775e68d51,Heuristic1,52,5,1
f5ebb4f7-9a18-4580-9e35-77141697bbff,85,a18ac380-b2a3-40c9-a4c7-492d6648ea61,MCTS Heuristic 2,29,5,0
f5ebb4f7-9a18-4580-9e35-77141697bbff,85,0428ac1a-8bab-4d14-85b2-f62b56a38a31,MCTS1,48,11,1
f5ebb4f7-9a18-4580-9e35-77141697bbff,85,938d7697-d4c5-4005-8fc0-459224f41355,MCTS Heuristic 1,100,14,1
f5ebb4f7-9a18-4580-9e35-77141697bbff,85,41edcccd-99b6-408d-a428-f99775e68d51,Heuristic1,52,5,1
f5ebb4f7-9a18-4580-9e35-77141697bbff,85,a18ac380-b2a3-40c9-a4c7-492d6648ea61,MCTS Heuristic 2,29,5,0
f5ebb4f7-9a18-4580-9e35-77141697bbff,85,0428ac1a-8bab-4d14-85b2-f62b56a38a31,MCTS1,48,11,1
f5ebb4f7-9a18-4580-9e35-77141697bbff,85,938d7697-d4c5-4005-8fc0-459224f41355,MCTS Heuristic 1,100,14,1
f5ebb4f7-9a18-4580-9e35-77141697bbff,85,41edcccd-99b6-408d-a428-f99775e68d51,Heuristic1,52,5,1
f5ebb4f7-9a18-4580-9e35-77141697bbff,85,a18ac380-b2a3-40c9-a4c7-492d6648ea61,MCTS Heuristic 2,29,5,0
f5ebb4f7-9a18-4580-9e35-77141697bbff,86,0428ac1a-8bab-4d14-85b2-f62b56a38a31,MCTS1,47,11,1
f5ebb4f7-9a18-4580-9e35-77141697bbff,86,938d7697-d4c5-4005-8fc0-459224f41355,MCTS Heuristic 1,99,14,1
f5ebb4f7-9a18-4580-9e35-77141697bbff,86,41edcccd-99b6-408d-a428-f99775e68d51,Heuristic1,51,5,1
f5ebb4f7-9a18-4580-9e35-77141697bbff,86,a18ac380-b2a3-40c9-a4c7-492d6648ea61,MCTS Heuristic 2,29,5,0
f5ebb4f7-9a18-4580-9e35-77141697bbff,86,0428ac1a-8bab-4d14-85b2-f62b56a38a31,MCTS1,47,11,1
f5ebb4f7-9a18-4580-9e35-77141697bbff,86,938d7697-d4c5-4005-8fc0-459224f41355,MCTS Heuristic 1,99,14,1
f5ebb4f7-9a18-4580-9e35-77141697bbff,86,41edcccd-99b6-408d-a428-f99775e68d51,Heuristic1,51,5,1
f5ebb4f7-9a18-4580-9e35-77141697bbff,86,a18ac380-b2a3-40c9-a4c7-492d6648ea61,MCTS Heuristic 2,29,5,0
f5ebb4f7-9a18-4580-9e35-77141697bbff,86,0428ac1a-8bab-4d14-85b2-f62b56a38a31,MCTS1,47,11,1
f5ebb4f7-9a18-4580-9e35-77141697bbff,86,938d7697-d4c5-4005-8fc0-459224f41355,MCTS Heuristic 1,99,14,1
f5ebb4f7-9a18-4580-9e35-77141697bbff,86,41edcccd-99b6-408d-a428-f99775e68d51,Heuristic1,51,5,1
f5ebb4f7-9a18-4580-9e35-77141697bbff,86,a18ac380-b2a3-40c9-a4c7-492d6648ea61,MCTS Heuristic 2,29,5,0
f5ebb4f7-9a18-4580-9e35-77141697bbff,87,0428ac1a-8bab-4d14-85b2-f62b56a38a31,MCTS1,46,11,1
f5ebb4f7-9a18-4580-9e35-77141697bbff,87,938d7697-d4c5-4005-8fc0-459224f41355,MCTS Heuristic 1,98,14,1
f5ebb4f7-9a18-4580-9e35-77141697bbff,87,41edcccd-99b6-408d-a428-f99775e68d51,Heuristic1,50,5,1
f5ebb4f7-9a18-4580-9e35-77141697bbff,87,a18ac380-b2a3-40c9-a4c7-492d6648ea61,MCTS Heuristic 2,29,5,0
f5ebb4f7-9a18-4580-9e35-77141697bbff,87,0428ac1a-8bab-4d14-85b2-f62b56a38a31,MCTS1,46,11,1
f5ebb4f7-9a18-4580-9e35-77141697bbff,87,938d7697-d4c5-4005-8fc0-459224f41355,MCTS Heuristic 1,98,14,1
f5ebb4f7-9a18-4580-9e35-77141697bbff,87,41edcccd-99b6-408d-a428-f99775e68d51,Heuristic1,50,5,1
f5ebb4f7-9a18-4580-9e35-77141697bbff,87,a18ac380-b2a3-40c9-a4c7-492d6648ea61,MCTS Heuristic 2,29,5,0
f5ebb4f7-9a18-4580-9e35-77141697bbff,87,0428ac1a-8bab-4d14-85b2-f62b56a38a31,MCTS1,46,11,1
f5ebb4f7-9a18-4580-9e35-77141697bbff,87,938d7697-d4c5-4005-8fc0-459224f41355,MCTS Heuristic 1,98,14,1
f5ebb4f7-9a18-4580-9e35-77141697bbff,87,41edcccd-99b6-408d-a428-f99775e68d51,Heuristic1,50,5,1
f5ebb4f7-9a18-4580-9e35-77141697bbff,87,a18ac380-b2a3-40c9-a4c7-492d6648ea61,MCTS Heuristic 2,29,5,0
f5ebb4f7-9a18-4580-9e35-77141697bbff,88,0428ac1a-8bab-4d14-85b2-f62b56a38a31,MCTS1,45,11,1
f5ebb4f7-9a18-4580-9e35-77141697bbff,88,938d7697-d4c5-4005-8fc0-459224f41355,MCTS Heuristic 1,55,14,1
f5ebb4f7-9a18-4580-9e35-77141697bbff,88,41edcccd-99b6-408d-a428-f99775e68d51,Heuristic1,49,5,1
f5ebb4f7-9a18-4580-9e35-77141697bbff,88,a18ac380-b2a3-40c9-a4c7-492d6648ea61,MCTS Heuristic 2,29,5,0
f5ebb4f7-9a18-4580-9e35-77141697bbff,88,0428ac1a-8bab-4d14-85b2-f62b56a38a31,MCTS1,45,11,1
f5ebb4f7-9a18-4580-9e35-77141697bbff,88,938d7697-d4c5-4005-8fc0-459224f41355,MCTS Heuristic 1,55,14,1
f5ebb4f7-9a18-4580-9e35-77141697bbff,88,41edcccd-99b6-408d-a428-f99775e68d51,Heuristic1,49,5,1
f5ebb4f7-9a18-4580-9e35-77141697bbff,88,a18ac380-b2a3-40c9-a4c7-492d6648ea61,MCTS Heuristic 2,29,5,0
f5ebb4f7-9a18-4580-9e35-77141697bbff,88,0428ac1a-8bab-4d14-85b2-f62b56a38a31,MCTS1,45,11,1
f5ebb4f7-9a18-4580-9e35-77141697bbff,88,938d7697-d4c5-4005-8fc0-459224f41355,MCTS Heuristic 1,55,14,1
f5ebb4f7-9a18-4580-9e35-77141697bbff,88,41edcccd-99b6-408d-a428-f99775e68d51,Heuristic1,49,5,1
f5ebb4f7-9a18-4580-9e35-77141697bbff,88,a18ac380-b2a3-40c9-a4c7-492d6648ea61,MCTS Heuristic 2,29,5,0
f5ebb4f7-9a18-4580-9e35-77141697bbff,89,0428ac1a-8bab-4d14-85b2-f62b56a38a31,MCTS1,44,11,1
f5ebb4f7-9a18-4580-9e35-77141697bbff,89,938d7697-d4c5-4005-8fc0-459224f41355,MCTS Heuristic 1,54,14,1
f5ebb4f7-9a18-4580-9e35-77141697bbff,89,41edcccd-99b6-408d-a428-f99775e68d51,Heuristic1,48,5,1
f5ebb4f7-9a18-4580-9e35-77141697bbff,89,a18ac380-b2a3-40c9-a4c7-492d6648ea61,MCTS Heuristic 2,29,5,0
f5ebb4f7-9a18-4580-9e35-77141697bbff,89,0428ac1a-8bab-4d14-85b2-f62b56a38a31,MCTS1,44,11,1
f5ebb4f7-9a18-4580-9e35-77141697bbff,89,938d7697-d4c5-4005-8fc0-459224f41355,MCTS Heuristic 1,54,14,1
f5ebb4f7-9a18-4580-9e35-77141697bbff,89,41edcccd-99b6-408d-a428-f99775e68d51,Heuristic1,48,5,1
f5ebb4f7-9a18-4580-9e35-77141697bbff,89,a18ac380-b2a3-40c9-a4c7-492d6648ea61,MCTS Heuristic 2,29,5,0
f5ebb4f7-9a18-4580-9e35-77141697bbff,89,0428ac1a-8bab-4d14-85b2-f62b56a38a31,MCTS1,44,11,1
f5ebb4f7-9a18-4580-9e35-77141697bbff,89,938d7697-d4c5-4005-8fc0-459224f41355,MCTS Heuristic 1,54,14,1
f5ebb4f7-9a18-4580-9e35-77141697bbff,89,41edcccd-99b6-408d-a428-f99775e68d51,Heuristic1,48,5,1
f5ebb4f7-9a18-4580-9e35-77141697bbff,89,a18ac380-b2a3-40c9-a4c7-492d6648ea61,MCTS Heuristic 2,29,5,0
f5ebb4f7-9a18-4580-9e35-77141697bbff,90,0428ac1a-8bab-4d14-85b2-f62b56a38a31,MCTS1,1,11,1
f5ebb4f7-9a18-4580-9e35-77141697bbff,90,938d7697-d4c5-4005-8fc0-459224f41355,MCTS Heuristic 1,11,14,1
f5ebb4f7-9a18-4580-9e35-77141697bbff,90,41edcccd-99b6-408d-a428-f99775e68d51,Heuristic1,47,5,1
f5ebb4f7-9a18-4580-9e35-77141697bbff,90,a18ac380-b2a3-40c9-a4c7-492d6648ea61,MCTS Heuristic 2,29,5,0
f5ebb4f7-9a18-4580-9e35-77141697bbff,90,0428ac1a-8bab-4d14-85b2-f62b56a38a31,MCTS1,1,11,1
f5ebb4f7-9a18-4580-9e35-77141697bbff,90,938d7697-d4c5-4005-8fc0-459224f41355,MCTS Heuristic 1,11,14,1
f5ebb4f7-9a18-4580-9e35-77141697bbff,90,41edcccd-99b6-408d-a428-f99775e68d51,Heuristic1,47,5,1
f5ebb4f7-9a18-4580-9e35-77141697bbff,90,a18ac380-b2a3-40c9-a4c7-492d6648ea61,MCTS Heuristic 2,29,5,0
f5ebb4f7-9a18-4580-9e35-77141697bbff,90,0428ac1a-8bab-4d14-85b2-f62b56a38a31,MCTS1,1,11,1
f5ebb4f7-9a18-4580-9e35-77141697bbff,90,938d7697-d4c5-4005-8fc0-459224f41355,MCTS Heuristic 1,11,14,1
f5ebb4f7-9a18-4580-9e35-77141697bbff,90,41edcccd-99b6-408d-a428-f99775e68d51,Heuristic1,47,5,1
f5ebb4f7-9a18-4580-9e35-77141697bbff,90,a18ac380-b2a3-40c9-a4c7-492d6648ea61,MCTS Heuristic 2,29,5,0
f5ebb4f7-9a18-4580-9e35-77141697bbff,91,938d7697-d4c5-4005-8fc0-459224f41355,MCTS Heuristic 1,10,14,1
f5ebb4f7-9a18-4580-9e35-77141697bbff,91,41edcccd-99b6-408d-a428-f99775e68d51,Heuristic1,46,5,1
f5ebb4f7-9a18-4580-9e35-77141697bbff,91,0428ac1a-8bab-4d14-85b2-f62b56a38a31,MCTS1,1,11,0
f5ebb4f7-9a18-4580-9e35-77141697bbff,91,a18ac380-b2a3-40c9-a4c7-492d6648ea61,MCTS Heuristic 2,29,5,0
f5ebb4f7-9a18-4580-9e35-77141697bbff,91,938d7697-d4c5-4005-8fc0-459224f41355,MCTS Heuristic 1,10,14,1
f5ebb4f7-9a18-4580-9e35-77141697bbff,91,41edcccd-99b6-408d-a428-f99775e68d51,Heuristic1,46,5,1
f5ebb4f7-9a18-4580-9e35-77141697bbff,91,0428ac1a-8bab-4d14-85b2-f62b56a38a31,MCTS1,1,11,0
f5ebb4f7-9a18-4580-9e35-77141697bbff,91,a18ac380-b2a3-40c9-a4c7-492d6648ea61,MCTS Heuristic 2,29,5,0
f5ebb4f7-9a18-4580-9e35-77141697bbff,92,938d7697-d4c5-4005-8fc0-459224f41355,MCTS Heuristic 1,9,14,1
f5ebb4f7-9a18-4580-9e35-77141697bbff,92,41edcccd-99b6-408d-a428-f99775e68d51,Heuristic1,3,5,1
f5ebb4f7-9a18-4580-9e35-77141697bbff,92,0428ac1a-8bab-4d14-85b2-f62b56a38a31,MCTS1,1,11,0
f5ebb4f7-9a18-4580-9e35-77141697bbff,92,a18ac380-b2a3-40c9-a4c7-492d6648ea61,MCTS Heuristic 2,29,5,0
f5ebb4f7-9a18-4580-9e35-77141697bbff,92,938d7697-d4c5-4005-8fc0-459224f41355,MCTS Heuristic 1,9,14,1
f5ebb4f7-9a18-4580-9e35-77141697bbff,92,41edcccd-99b6-408d-a428-f99775e68d51,Heuristic1,3,5,1
f5ebb4f7-9a18-4580-9e35-77141697bbff,92,0428ac1a-8bab-4d14-85b2-f62b56a38a31,MCTS1,1,11,0
f5ebb4f7-9a18-4580-9e35-77141697bbff,92,a18ac380-b2a3-40c9-a4c7-492d6648ea61,MCTS Heuristic 2,29,5,0
f5ebb4f7-9a18-4580-9e35-77141697bbff,93,938d7697-d4c5-4005-8fc0-459224f41355,MCTS Heuristic 1,8,14,1
f5ebb4f7-9a18-4580-9e35-77141697bbff,93,41edcccd-99b6-408d-a428-f99775e68d51,Heuristic1,100,6,1
f5ebb4f7-9a18-4580-9e35-77141697bbff,93,0428ac1a-8bab-4d14-85b2-f62b56a38a31,MCTS1,1,11,0
f5ebb4f7-9a18-4580-9e35-77141697bbff,93,a18ac380-b2a3-40c9-a4c7-492d6648ea61,MCTS Heuristic 2,29,5,0
f5ebb4f7-9a18-4580-9e35-77141697bbff,93,938d7697-d4c5-4005-8fc0-459224f41355,MCTS Heuristic 1,8,14,1
f5ebb4f7-9a18-4580-9e35-77141697bbff,93,41edcccd-99b6-408d-a428-f99775e68d51,Heuristic1,100,6,1
f5ebb4f7-9a18-4580-9e35-77141697bbff,93,0428ac1a-8bab-4d14-85b2-f62b56a38a31,MCTS1,1,11,0
f5ebb4f7-9a18-4580-9e35-77141697bbff,93,a18ac380-b2a3-40c9-a4c7-492d6648ea61,MCTS Heuristic 2,29,5,0
f5ebb4f7-9a18-4580-9e35-77141697bbff,94,938d7697-d4c5-4005-8fc0-459224f41355,MCTS Heuristic 1,7,14,1
f5ebb4f7-9a18-4580-9e35-77141697bbff,94,41edcccd-99b6-408d-a428-f99775e68d51,Heuristic1,57,6,1
f5ebb4f7-9a18-4580-9e35-77141697bbff,94,0428ac1a-8bab-4d14-85b2-f62b56a38a31,MCTS1,1,11,0
f5ebb4f7-9a18-4580-9e35-77141697bbff,94,a18ac380-b2a3-40c9-a4c7-492d6648ea61,MCTS Heuristic 2,29,5,0
f5ebb4f7-9a18-4580-9e35-77141697bbff,94,938d7697-d4c5-4005-8fc0-459224f41355,MCTS Heuristic 1,7,14,1
f5ebb4f7-9a18-4580-9e35-77141697bbff,94,41edcccd-99b6-408d-a428-f99775e68d51,Heuristic1,57,6,1
f5ebb4f7-9a18-4580-9e35-77141697bbff,94,0428ac1a-8bab-4d14-85b2-f62b56a38a31,MCTS1,1,11,0
f5ebb4f7-9a18-4580-9e35-77141697bbff,94,a18ac380-b2a3-40c9-a4c7-492d6648ea61,MCTS Heuristic 2,29,5,0
f5ebb4f7-9a18-4580-9e35-77141697bbff,95,938d7697-d4c5-4005-8fc0-459224f41355,MCTS Heuristic 1,6,14,1
f5ebb4f7-9a18-4580-9e35-77141697bbff,95,41edcccd-99b6-408d-a428-f99775e68d51,Heuristic1,56,6,1
f5ebb4f7-9a18-4580-9e35-77141697bbff,95,0428ac1a-8bab-4d14-85b2-f62b56a38a31,MCTS1,1,11,0
f5ebb4f7-9a18-4580-9e35-77141697bbff,95,a18ac380-b2a3-40c9-a4c7-492d6648ea61,MCTS Heuristic 2,29,5,0
f5ebb4f7-9a18-4580-9e35-77141697bbff,95,938d7697-d4c5-4005-8fc0-459224f41355,MCTS Heuristic 1,6,14,1
f5ebb4f7-9a18-4580-9e35-77141697bbff,95,41edcccd-99b6-408d-a428-f99775e68d51,Heuristic1,56,6,1
f5ebb4f7-9a18-4580-9e35-77141697bbff,95,0428ac1a-8bab-4d14-85b2-f62b56a38a31,MCTS1,1,11,0
f5ebb4f7-9a18-4580-9e35-77141697bbff,95,a18ac380-b2a3-40c9-a4c7-492d6648ea61,MCTS Heuristic 2,29,5,0
f5ebb4f7-9a18-4580-9e35-77141697bbff,96,938d7697-d4c5-4005-8fc0-459224f41355,MCTS Heuristic 1,5,14,1
f5ebb4f7-9a18-4580-9e35-77141697bbff,96,41edcccd-99b6-408d-a428-f99775e68d51,Heuristic1,55,6,1
f5ebb4f7-9a18-4580-9e35-77141697bbff,96,0428ac1a-8bab-4d14-85b2-f62b56a38a31,MCTS1,1,11,0
f5ebb4f7-9a18-4580-9e35-77141697bbff,96,a18ac380-b2a3-40c9-a4c7-492d6648ea61,MCTS Heuristic 2,29,5,0
f5ebb4f7-9a18-4580-9e35-77141697bbff,96,938d7697-d4c5-4005-8fc0-459224f41355,MCTS Heuristic 1,5,14,1
f5ebb4f7-9a18-4580-9e35-77141697bbff,96,41edcccd-99b6-408d-a428-f99775e68d51,Heuristic1,55,6,1
f5ebb4f7-9a18-4580-9e35-77141697bbff,96,0428ac1a-8bab-4d14-85b2-f62b56a38a31,MCTS1,1,11,0
f5ebb4f7-9a18-4580-9e35-77141697bbff,96,a18ac380-b2a3-40c9-a4c7-492d6648ea61,MCTS Heuristic 2,29,5,0
f5ebb4f7-9a18-4580-9e35-77141697bbff,97,938d7697-d4c5-4005-8fc0-459224f41355,MCTS Heuristic 1,4,14,1
f5ebb4f7-9a18-4580-9e35-77141697bbff,97,41edcccd-99b6-408d-a428-f99775e68d51,Heuristic1,54,6,1
f5ebb4f7-9a18-4580-9e35-77141697bbff,97,0428ac1a-8bab-4d14-85b2-f62b56a38a31,MCTS1,1,11,0
f5ebb4f7-9a18-4580-9e35-77141697bbff,97,a18ac380-b2a3-40c9-a4c7-492d6648ea61,MCTS Heuristic 2,29,5,0
f5ebb4f7-9a18-4580-9e35-77141697bbff,97,938d7697-d4c5-4005-8fc0-459224f41355,MCTS Heuristic 1,4,14,1
f5ebb4f7-9a18-4580-9e35-77141697bbff,97,41edcccd-99b6-408d-a428-f99775e68d51,Heuristic1,54,6,1
f5ebb4f7-9a18-4580-9e35-77141697bbff,97,0428ac1a-8bab-4d14-85b2-f62b56a38a31,MCTS1,1,11,0
f5ebb4f7-9a18-4580-9e35-77141697bbff,97,a18ac380-b2a3-40c9-a4c7-492d6648ea61,MCTS Heuristic 2,29,5,0
f5ebb4f7-9a18-4580-9e35-77141697bbff,98,41edcccd-99b6-408d-a428-f99775e68d51,Heuristic1,53,6,1
f5ebb4f7-9a18-4580-9e35-77141697bbff,98,0428ac1a-8bab-4d14-85b2-f62b56a38a31,MCTS1,1,11,0
f5ebb4f7-9a18-4580-9e35-77141697bbff,98,938d7697-d4c5-4005-8fc0-459224f41355,MCTS Heuristic 1,4,14,0
f5ebb4f7-9a18-4580-9e35-77141697bbff,98,a18ac380-b2a3-40c9-a4c7-492d6648ea61,MCTS Heuristic 2,29,5,0
f5ebb4f7-9a18-4580-9e35-77141697bbff,99,41edcccd-99b6-408d-a428-f99775e68d51,Heuristic1,53,6,1
f5ebb4f7-9a18-4580-9e35-77141697bbff,99,0428ac1a-8bab-4d14-85b2-f62b56a38a31,MCTS1,1,11,0
f5ebb4f7-9a18-4580-9e35-77141697bbff,99,938d7697-d4c5-4005-8fc0-459224f41355,MCTS Heuristic 1,11,14,0
f5ebb4f7-9a18-4580-9e35-77141697bbff,99,a18ac380-b2a3-40c9-a4c7-492d6648ea61,MCTS Heuristic 2,29,5,0
f5ebb4f7-9a18-4580-9e35-77141697bbff,99,41edcccd-99b6-408d-a428-f99775e68d51,Heuristic1,53,6,1
f5ebb4f7-9a18-4580-9e35-77141697bbff,99,0428ac1a-8bab-4d14-85b2-f62b56a38a31,MCTS1,1,11,0
f5ebb4f7-9a18-4580-9e35-77141697bbff,99,938d7697-d4c5-4005-8fc0-459224f41355,MCTS Heuristic 1,4,14,0
f5ebb4f7-9a18-4580-9e35-77141697bbff,99,a18ac380-b2a3-40c9-a4c7-492d6648ea61,MCTS Heuristic 2,29,5,0
f5ebb4f7-9a18-4580-9e35-77141697bbff,99,41edcccd-99b6-408d-a428-f99775e68d51,Heuristic1,53,6,1
f5ebb4f7-9a18-4580-9e35-77141697bbff,99,0428ac1a-8bab-4d14-85b2-f62b56a38a31,MCTS1,96,8,0
f5ebb4f7-9a18-4580-9e35-77141697bbff,99,938d7697-d4c5-4005-8fc0-459224f41355,MCTS Heuristic 1,48,10,0
f5ebb4f7-9a18-4580-9e35-77141697bbff,99,a18ac380-b2a3-40c9-a4c7-492d6648ea61,MCTS Heuristic 2,29,5,0
f5ebb4f7-9a18-4580-9e35-77141697bbff,99,41edcccd-99b6-408d-a428-f99775e68d51,Heuristic1,53,6,1
f5ebb4f7-9a18-4580-9e35-77141697bbff,99,0428ac1a-8bab-4d14-85b2-f62b56a38a31,MCTS1,1,11,0
f5ebb4f7-9a18-4580-9e35-77141697bbff,99,938d7697-d4c5-4005-8fc0-459224f41355,MCTS Heuristic 1,4,14,0
f5ebb4f7-9a18-4580-9e35-77141697bbff,99,a18ac380-b2a3-40c9-a4c7-492d6648ea61,MCTS Heuristic 2,29,5,0
