game_id,turn,snake_id,snake_name,health,length,alive
f5cf812e-29ad-44f2-a93c-59ee7f86f0f8,0,061ece82-179b-4bbf-90e6-1d71b3eeef18,Snake3,100,3,1
f5cf812e-29ad-44f2-a93c-59ee7f86f0f8,0,9316cda9-69dc-490c-a72f-d0abbc0f27e4,Snake4,100,3,1
f5cf812e-29ad-44f2-a93c-59ee7f86f0f8,0,123c66b9-b2a7-4991-8494-0d510356bd8d,Snake1,100,3,1
f5cf812e-29ad-44f2-a93c-59ee7f86f0f8,0,9d57409e-8150-476c-83ff-932a08211a47,Snake2,100,3,1
f5cf812e-29ad-44f2-a93c-59ee7f86f0f8,1,061ece82-179b-4bbf-90e6-1d71b3eeef18,Snake3,99,3,1
f5cf812e-29ad-44f2-a93c-59ee7f86f0f8,1,9316cda9-69dc-490c-a72f-d0abbc0f27e4,Snake4,99,3,1
f5cf812e-29ad-44f2-a93c-59ee7f86f0f8,1,123c66b9-b2a7-4991-8494-0d510356bd8d,Snake1,99,3,1
f5cf812e-29ad-44f2-a93c-59ee7f86f0f8,1,9d57409e-8150-476c-83ff-932a08211a47,Snake2,99,3,1
f5cf812e-29ad-44f2-a93c-59ee7f86f0f8,1,061ece82-179b-4bbf-90e6-1d71b3eeef18,Snake3,99,3,1
f5cf812e-29ad-44f2-a93c-59ee7f86f0f8,1,9316cda9-69dc-490c-a72f-d0abbc0f27e4,Snake4,99,3,1
f5cf812e-29ad-44f2-a93c-59ee7f86f0f8,1,123c66b9-b2a7-4991-8494-0d510356bd8d,Snake1,99,3,1
f5cf812e-29ad-44f2-a93c-59ee7f86f0f8,1,9d57409e-8150-476c-83ff-932a08211a47,Snake2,99,3,1
f5cf812e-29ad-44f2-a93c-59ee7f86f0f8,1,061ece82-179b-4bbf-90e6-1d71b3eeef18,Snake3,99,3,1
f5cf812e-29ad-44f2-a93c-59ee7f86f0f8,1,9316cda9-69dc-490c-a72f-d0abbc0f27e4,Snake4,99,3,1
f5cf812e-29ad-44f2-a93c-59ee7f86f0f8,1,123c66b9-b2a7-4991-8494-0d510356bd8d,Snake1,99,3,1
f5cf812e-29ad-44f2-a93c-59ee7f86f0f8,1,9d57409e-8150-476c-83ff-932a08211a47,Snake2,99,3,1
f5cf812e-29ad-44f2-a93c-59ee7f86f0f8,1,061ece82-179b-4bbf-90e6-1d71b3eeef18,Snake3,99,3,1
f5cf812e-29ad-44f2-a93c-59ee7f86f0f8,1,9316cda9-69dc-490c-a72f-d0abbc0f27e4,Snake4,99,3,1
f5cf812e-29ad-44f2-a93c-59ee7f86f0f8,1,123c66b9-b2a7-4991-8494-0d510356bd8d,Snake1,99,3,1
f5cf812e-29ad-44f2-a93c-59ee7f86f0f8,1,9d57409e-8150-476c-83ff-932a08211a47,Snake2,99,3,1
f5cf812e-29ad-44f2-a93c-59ee7f86f0f8,2,061ece82-179b-4bbf-90e6-1d71b3eeef18,Snake3,100,4,1
f5cf812e-29ad-44f2-a93c-59ee7f86f0f8,2,9316cda9-69dc-490c-a72f-d0abbc0f27e4,Snake4,100,4,1
f5cf812e-29ad-44f2-a93c-59ee7f86f0f8,2,123c66b9-b2a7-4991-8494-0d510356bd8d,Snake1,100,4,1
f5cf812e-29ad-44f2-a93c-59ee7f86f0f8,2,9d57409e-8150-476c-83ff-932a08211a47,Snake2,100,4,1
f5cf812e-29ad-44f2-a93c-59ee7f86f0f8,2,061ece82-179b-4bbf-90e6-1d71b3eeef18,Snake3,100,4,1
f5cf812e-29ad-44f2-a93c-59ee7f86f0f8,2,9316cda9-69dc-490c-a72f-d0abbc0f27e4,Snake4,100,4,1
f5cf812e-29ad-44f2-a93c-59ee7f86f0f8,2,123c66b9-b2a7-4991-8494-0d510356bd8d,Snake1,100,4,1
f5cf812e-29ad-44f2-a93c-59ee7f86f0f8,2,9d57409e-8150-476c-83ff-932a08211a47,Snake2,100,4,1
f5cf812e-29ad-44f2-a93c-59ee7f86f0f8,2,061ece82-179b-4bbf-90e6-1d71b3eeef18,Snake3,100,4,1
f5cf812e-29ad-44f2-a93c-59ee7f86f0f8,2,9316cda9-69dc-490c-a72f-d0abbc0f27e4,Snake4,100,4,1
f5cf812e-29ad-44f2-a93c-59ee7f86f0f8,2,123c66b9-b2a7-4991-8494-0d510356bd8d,Snake1,100,4,1
f5cf812e-29ad-44f2-a93c-59ee7f86f0f8,2,9d57409e-8150-476c-83ff-932a08211a47,Snake2,100,4,1
f5cf812e-29ad-44f2-a93c-59ee7f86f0f8,3,061ece82-179b-4bbf-90e6-1d71b3eeef18,Snake3,99,4,1
f5cf812e-29ad-44f2-a93c-59ee7f86f0f8,3,9316cda9-69dc-490c-a72f-d0abbc0f27e4,Snake4,99,4,1
f5cf812e-29ad-44f2-a93c-59ee7f86f0f8,3,123c66b9-b2a7-4991-8494-0d510356bd8d,Snake1,99,4,1
f5cf812e-29ad-44f2-a93c-59ee7f86f0f8,3,9d57409e-8150-476c-83ff-932a08211a47,Snake2,99,4,1
f5cf812e-29ad-44f2-a93c-59ee7f86f0f8,3,061ece82-179b-4bbf-90e6-1d71b3eeef18,Snake3,99,4,1
f5cf812e-29ad-44f2-a93c-59ee7f86f0f8,3,9316cda9-69dc-490c-a72f-d0abbc0f27e4,Snake4,99,4,1
f5cf812e-29ad-44f2-a93c-59ee7f86f0f8,3,123c66b9-b2a7-4991-8494-0d510356bd8d,Snake1,99,4,1
f5cf812e-29ad-44f2-a93c-59ee7f86f0f8,3,9d57409e-8150-476c-83ff-932a08211a47,Snake2,99,4,1
f5cf812e-29ad-44f2-a93c-59ee7f86f0f8,3,061ece82-179b-4bbf-90e6-1d71b3eeef18,Snake3,99,4,1
f5cf812e-29ad-44f2-a93c-59ee7f86f0f8,3,9316cda9-69dc-490c-a72f-d0abbc0f27e4,Snake4,99,4,1
f5cf812e-29ad-44f2-a93c-59ee7f86f0f8,3,123c66b9-b2a7-4991-8494-0d510356bd8d,Snake1,99,4,1
f5cf812e-29ad-44f2-a93c-59ee7f86f0f8,3,9d57409e-8150-476c-83ff-932a08211a47,Snake2,99,4,1
f5cf812e-29ad-44f2-a93c-59ee7f86f0f8,4,061ece82-179b-4bbf-90e6-1d71b3eeef18,Snake3,98,4,1
f5cf812e-29ad-44f2-a93c-59ee7f86f0f8,4,9316cda9-69dc-490c-a72f-d0abbc0f27e4,Snake4,98,4,1
f5cf812e-29ad-44f2-a93c-59ee7f86f0f8,4,123c66b9-b2a7-4991-8494-0d510356bd8d,Snake1,98,4,1
f5cf812e-29ad-44f2-a93c-59ee7f86f0f8,4,9d57409e-8150-476c-83ff-932a08211a47,Snake2,98,4,1
f5cf812e-29ad-44f2-a93c-59ee7f86f0f8,4,061ece82-179b-4bbf-90e6-1d71b3eeef18,Snake3,98,4,1
f5cf812e-29ad-44f2-a93c-59ee7f86f0f8,4,9316cda9-69dc-490c-a72f-d0abbc0f27e4,Snake4,98,4,1
f5cf812e-29ad-44f2-a93c-59ee7f86f0f8,4,123c66b9-b2a7-4991-8494-0d510356bd8d,Snake1,98,4,1
f5cf812e-29ad-44f2-a93c-59ee7f86f0f8,4,9d57409e-8150-476c-83ff-932a08211a47,Snake2,98,4,1
f5cf812e-29ad-44f2-a93c-59ee7f86f0f8,4,061ece82-179b-4bbf-90e6-1d71b3eeef18,Snake3,98,4,1
f5cf812e-29ad-44f2-a93c-59ee7f86f0f8,4,9316cda9-69dc-490c-a72f-d0abbc0f27e4,Snake4,98,4,1
f5cf812e-29ad-44f2-a93c-59ee7f86f0f8,4,123c66b9-b2a7-4991-8494-0d510356bd8d,Snake1,98,4,1
f5cf812e-29ad-44f2-a93c-59ee7f86f0f8,4,9d57409e-8150-476c-83ff-932a08211a47,Snake2,98,4,1
f5cf812e-29ad-44f2-a93c-59ee7f86f0f8,4,061ece82-179b-4bbf-90e6-1d71b3eeef18,Snake3,98,4,1
f5cf812e-29ad-44f2-a93c-59ee7f86f0f8,4,9316cda9-69dc-490c-a72f-d0abbc0f27e4,Snake4,98,4,1
f5cf812e-29ad-44f2-a93c-59ee7f86f0f8,4,123c66b9-b2a7-4991-8494-0d510356bd8d,Snake1,98,4,1
f5cf812e-29ad-44f2-a93c-59ee7f86f0f8,4,9d57409e-8150-476c-83ff-932a08211a47,Snake2,98,4,1
f5cf812e-29ad-44f2-a93c-59ee7f86f0f8,5,061ece82-179b-4bbf-90e6-1d71b3eeef18,Snake3,97,4,1
f5cf812e-29ad-44f2-a93c-59ee7f86f0f8,5,9316cda9-69dc-490c-a72f-d0abbc0f27e4,Snake4,97,4,1
f5cf812e-29ad-44f2-a93c-59ee7f86f0f8,5,123c66b9-b2a7-4991-8494-0d510356bd8d,Snake1,97,4,1
f5cf812e-29ad-44f2-a93c-59ee7f86f0f8,5,9d57409e-8150-476c-83ff-932a08211a47,Snake2,97,4,1
f5cf812e-29ad-44f2-a93c-59ee7f86f0f8,5,061ece82-179b-4bbf-90e6-1d71b3eeef18,Snake3,97,4,1
f5cf812e-29ad-44f2-a93c-59ee7f86f0f8,5,9316cda9-69dc-490c-a72f-d0abbc0f27e4,Snake4,97,4,1
f5cf812e-29ad-44f2-a93c-59ee7f86f0f8,5,123c66b9-b2a7-4991-8494-0d510356bd8d,Snake1,97,4,1
f5cf812e-29ad-44f2-a93c-59ee7f86f0f8,5,9d57409e-8150-476c-83ff-932a08211a47,Snake2,97,4,1
f5cf812e-29ad-44f2-a93c-59ee7f86f0f8,5,061ece82-179b-4bbf-90e6-1d71b3eeef18,Snake3,97,4,1
f5cf812e-29ad-44f2-a93c-59ee7f86f0f8,5,9316cda9-69dc-490c-a72f-d0abbc0f27e4,Snake4,97,4,1
f5cf812e-29ad-44f2-a93c-59ee7f86f0f8,5,123c66b9-b2a7-4991-8494-0d510356bd8d,Snake1,97,4,1
f5cf812e-29ad-44f2-a93c-59ee7f86f0f8,5,9d57409e-8150-476c-83ff-932a08211a47,Snake2,97,4,1
f5cf812e-29ad-44f2-a93c-59ee7f86f0f8,6,061ece82-179b-4bbf-90e6-1d71b3eeef18,Snake3,96,4,1
f5cf812e-29ad-44f2-a93c-59ee7f86f0f8,6,9316cda9-69dc-490c-a72f-d0abbc0f27e4,Snake4,96,4,1
f5cf812e-29ad-44f2-a93c-59ee7f86f0f8,6,123c66b9-b2a7-4991-8494-0d510356bd8d,Snake1,100,5,1
f5cf812e-29ad-44f2-a93c-59ee7f86f0f8,6,9d57409e-8150-476c-83ff-932a08211a47,Snake2,96,4,1
f5cf812e-29ad-44f2-a93c-59ee7f86f0f8,6,061ece82-179b-4bbf-90e6-1d71b3eeef18,Snake3,96,4,1
f5cf812e-29ad-44f2-a93c-59ee7f86f0f8,6,9316cda9-69dc-490c-a72f-d0abbc0f27e4,Snake4,96,4,1
f5cf812e-29ad-44f2-a93c-59ee7f86f0f8,6,123c66b9-b2a7-4991-8494-0d510356bd8d,Snake1,100,5,1
f5cf812e-29ad-44f2-a93c-59ee7f86f0f8,6,9d57409e-8150-476c-83ff-932a08211a47,Snake2,96,4,1
f5cf812e-29ad-44f2-a93c-59ee7f86f0f8,7,061ece82-179b-4bbf-90e6-1d71b3eeef18,Snake3,95,4,1
f5cf812e-29ad-44f2-a93c-59ee7f86f0f8,7,9316cda9-69dc-490c-a72f-d0abbc0f27e4,Snake4,95,4,1
f5cf812e-29ad-44f2-a93c-59ee7f86f0f8,7,123c66b9-b2a7-4991-8494-0d510356bd8d,Snake1,99,5,1
f5cf812e-29ad-44f2-a93c-59ee7f86f0f8,7,9d57409e-8150-476c-83ff-932a08211a47,Snake2,95,4,1
f5cf812e-29ad-44f2-a93c-59ee7f86f0f8,7,061ece82-179b-4bbf-90e6-1d71b3eeef18,Snake3,95,4,1
f5cf812e-29ad-44f2-a93c-59ee7f86f0f8,7,9316cda9-69dc-490c-a72f-d0abbc0f27e4,Snake4,95,4,1
f5cf812e-29ad-44f2-a93c-59ee7f86f0f8,7,123c66b9-b2a7-4991-8494-0d510356bd8d,Snake1,99,5,1
f5cf812e-29ad-44f2-a93c-59ee7f86f0f8,7,9d57409e-8150-476c-83ff-932a08211a47,Snake2,95,4,1
f5cf812e-29ad-44f2-a93c-59ee7f86f0f8,7,061ece82-179b-4bbf-90e6-1d71b3eeef18,Snake3,95,4,1
f5cf812e-29ad-44f2-a93c-59ee7f86f0f8,7,9316cda9-69dc-490c-a72f-d0abbc0f27e4,Snake4,95,4,1
f5cf812e-29ad-44f2-a93c-59ee7f86f0f8,7,123c66b9-b2a7-4991-8494-0d510356bd8d,Snake1,99,5,1
f5cf812e-29ad-44f2-a93c-59ee7f86f0f8,7,9d57409e-8150-476c-83ff-932a08211a47,Snake2,95,4,1
f5cf812e-29ad-44f2-a93c-59ee7f86f0f8,8,061ece82-179b-4bbf-90e6-1d71b3eeef18,Snake3,94,4,1
f5cf812e-29ad-44f2-a93c-59ee7f86f0f8,8,9316cda9-69dc-490c-a72f-d0abbc0f27e4,Snake4,94,4,1
f5cf812e-29ad-44f2-a93c-59ee7f86f0f8,8,123c66b9-b2a7-4991-8494-0d510356bd8d,Snake1,98,5,1
f5cf812e-29ad-44f2-a93c-59ee7f86f0f8,8,9d57409e-8150-476c-83ff-932a08211a47,Snake2,94,4,1
f5cf812e-29ad-44f2-a93c-59ee7f86f0f8,8,061ece82-179b-4bbf-90e6-1d71b3eeef18,Snake3,94,4,1
f5cf812e-29ad-44f2-a93c-59ee7f86f0f8,8,9316cda9-69dc-490c-a72f-d0abbc0f27e4,Snake4,94,4,1
f5cf812e-29ad-44f2-a93c-59ee7f86f0f8,8,123c66b9-b2a7-4991-8494-0d510356bd8d,Snake1,98,5,1
f5cf812e-29ad-44f2-a93c-59ee7f86f0f8,8,9d57409e-8150-476c-83ff-932a08211a47,Snake2,94,4,1
f5cf812e-29ad-44f2-a93c-59ee7f86f0f8,8,061ece82-179b-4bbf-90e6-1d71b3eeef18,Snake3,94,4,1
f5cf812e-29ad-44f2-a93c-59ee7f86f0f8,8,9316cda9-69dc-490c-a72f-d0abbc0f27e4,Snake4,94,4,1
f5cf812e-29ad-44f2-a93c-59ee7f86f0f8,8,123c66b9-b2a7-4991-8494-0d510356bd8d,Snake1,98,5,1
f5cf812e-29ad-44f2-a93c-59ee7f86f0f8,8,9d57409e-8150-476c-83ff-932a08211a47,Snake2,94,4,1
f5cf812e-29ad-44f2-a93c-59ee7f86f0f8,9,061ece82-179b-4bbf-90e6-1d71b3eeef18,Snake3,100,5,1
f5cf812e-29ad-44f2-a93c-59ee7f86f0f8,9,9316cda9-69dc-490c-a72f-d0abbc0f27e4,Snake4,93,4,1
f5cf812e-29ad-44f2-a93c-59ee7f86f0f8,9,123c66b9-b2a7-4991-8494-0d510356bd8d,Snake1,97,5,1
f5cf812e-29ad-44f2-a93c-59ee7f86f0f8,9,9d57409e-8150-476c-83ff-932a08211a47,Snake2,93,4,1
f5cf812e-29ad-44f2-a93c-59ee7f86f0f8,9,061ece82-179b-4bbf-90e6-1d71b3eeef18,Snake3,100,5,1
f5cf812e-29ad-44f2-a93c-59ee7f86f0f8,9,9316cda9-69dc-490c-a72f-d0abbc0f27e4,Snake4,93,4,1
f5cf812e-29ad-44f2-a93c-59ee7f86f0f8,9,123c66b9-b2a7-4991-8494-0d510356bd8d,Snake1,97,5,1
f5cf812e-29ad-44f2-a93c-59ee7f86f0f8,9,9d57409e-8150-476c-83ff-932a08211a47,Snake2,93,4,1
f5cf812e-29ad-44f2-a93c-59ee7f86f0f8,9,061ece82-179b-4bbf-90e6-1d71b3eeef18,Snake3,100,5,1
f5cf812e-29ad-44f2-a93c-59ee7f86f0f8,9,9316cda9-69dc-490c-a72f-d0abbc0f27e4,Snake4,93,4,1
f5cf812e-29ad-44f2-a93c-59ee7f86f0f8,9,123c66b9-b2a7-4991-8494-0d510356bd8d,Snake1,97,5,1
f5cf812e-29ad-44f2-a93c-59ee7f86f0f8,9,9d57409e-8150-476c-83ff-932a08211a47,Snake2,93,4,1
f5cf812e-29ad-44f2-a93c-59ee7f86f0f8,9,061ece82-179b-4bbf-90e6-1d71b3eeef18,Snake3,100,5,1
f5cf812e-29ad-44f2-a93c-59ee7f86f0f8,9,9316cda9-69dc-490c-a72f-d0abbc0f27e4,Snake4,93,4,1
f5cf812e-29ad-44f2-a93c-59ee7f86f0f8,9,123c66b9-b2a7-4991-8494-0d510356bd8d,Snake1,97,5,1
f5cf812e-29ad-44f2-a93c-59ee7f86f0f8,9,9d57409e-8150-476c-83ff-932a08211a47,Snake2,93,4,1
f5cf812e-29ad-44f2-a93c-59ee7f86f0f8,10,061ece82-179b-4bbf-90e6-1d71b3eeef18,Snake3,99,5,1
f5cf812e-29ad-44f2-a93c-59ee7f86f0f8,10,9316cda9-69dc-490c-a72f-d0abbc0f27e4,Snake4,100,5,1
f5cf812e-29ad-44f2-a93c-59ee7f86f0f8,10,123c66b9-b2a7-4991-8494-0d510356bd8d,Snake1,100,6,1
f5cf812e-29ad-44f2-a93c-59ee7f86f0f8,10,9d57409e-8150-476c-83ff-932a08211a47,Snake2,92,4,1
f5cf812e-29ad-44f2-a93c-59ee7f86f0f8,10,061ece82-179b-4bbf-90e6-1d71b3eeef18,Snake3,99,5,1
f5cf812e-29ad-44f2-a93c-59ee7f86f0f8,10,9316cda9-69dc-490c-a72f-d0abbc0f27e4,Snake4,100,5,1
f5cf812e-29ad-44f2-a93c-59ee7f86f0f8,10,123c66b9-b2a7-4991-8494-0d510356bd8d,Snake1,100,6,1
f5cf812e-29ad-44f2-a93c-59ee7f86f0f8,10,9d57409e-8150-476c-83ff-932a08211a47,Snake2,92,4,1
f5cf812e-29ad-44f2-a93c-59ee7f86f0f8,10,061ece82-179b-4bbf-90e6-1d71b3eeef18,Snake3,99,5,1
f5cf812e-29ad-44f2-a93c-59ee7f86f0f8,10,9316cda9-69dc-490c-a72f-d0abbc0f27e4,Snake4,100,5,1
f5cf812e-29ad-44f2-a93c-59ee7f86f0f8,10,123c66b9-b2a7-4991-8494-0d510356bd8d,Snake1,100,6,1
f5cf812e-29ad-44f2-a93c-59ee7f86f0f8,10,9d57409e-8150-476c-83ff-932a08211a47,Snake2,92,4,1
f5cf812e-29ad-44f2-a93c-59ee7f86f0f8,11,061ece82-179b-4bbf-90e6-1d71b3eeef18,Snake3,98,5,1
f5cf812e-29ad-44f2-a93c-59ee7f86f0f8,11,9316cda9-69dc-490c-a72f-d0abbc0f27e4,Snake4,99,5,1
f5cf812e-29ad-44f2-a93c-59ee7f86f0f8,11,123c66b9-b2a7-4991-8494-0d510356bd8d,Snake1,99,6,1
f5cf812e-29ad-44f2-a93c-59ee7f86f0f8,11,9d57409e-8150-476c-83ff-932a08211a47,Snake2,91,4,1
f5cf812e-29ad-44f2-a93c-59ee7f86f0f8,11,061ece82-179b-4bbf-90e6-1d71b3eeef18,Snake3,98,5,1
f5cf812e-29ad-44f2-a93c-59ee7f86f0f8,11,9316cda9-69dc-490c-a72f-d0abbc0f27e4,Snake4,99,5,1
f5cf812e-29ad-44f2-a93c-59ee7f86f0f8,11,123c66b9-b2a7-4991-8494-0d510356bd8d,Snake1,99,6,1
f5cf812e-29ad-44f2-a93c-59ee7f86f0f8,11,9d57409e-8150-476c-83ff-932a08211a47,Snake2,91,4,1
f5cf812e-29ad-44f2-a93c-59ee7f86f0f8,11,061ece82-179b-4bbf-90e6-1d71b3eeef18,Snake3,98,5,1
f5cf812e-29ad-44f2-a93c-59ee7f86f0f8,11,9316cda9-69dc-490c-a72f-d0abbc0f27e4,Snake4,99,5,1
f5cf812e-29ad-44f2-a93c-59ee7f86f0f8,11,123c66b9-b2a7-4991-8494-0d510356bd8d,Snake1,99,6,1
f5cf812e-29ad-44f2-a93c-59ee7f86f0f8,11,9d57409e-8150-476c-83ff-932a08211a47,Snake2,91,4,1
f5cf812e-29ad-44f2-a93c-59ee7f86f0f8,12,061ece82-179b-4bbf-90e6-1d71b3eeef18,Snake3,97,5,1
f5cf812e-29ad-44f2-a93c-59ee7f86f0f8,12,9316cda9-69dc-490c-a72f-d0abbc0f27e4,Snake4,98,5,1
f5cf812e-29ad-44f2-a93c-59ee7f86f0f8,12,123c66b9-b2a7-4991-8494-0d510356bd8d,Snake1,98,6,1
f5cf812e-29ad-44f2-a93c-59ee7f86f0f8,12,9d57409e-8150-476c-83ff-932a08211a47,Snake2,100,5,1
f5cf812e-29ad-44f2-a93c-59ee7f86f0f8,12,061ece82-179b-4bbf-90e6-1d71b3eeef18,Snake3,97,5,1
f5cf812e-29ad-44f2-a93c-59ee7f86f0f8,12,9316cda9-69dc-490c-a72f-d0abbc0f27e4,Snake4,98,5,1
f5cf812e-29ad-44f2-a93c-59ee7f86f0f8,12,123c66b9-b2a7-4991-8494-0d510356bd8d,Snake1,98,6,1
f5cf812e-29ad-44f2-a93c-59ee7f86f0f8,12,9d57409e-8150-476c-83ff-932a08211a47,Snake2,100,5,1
f5cf812e-29ad-44f2-a93c-59ee7f86f0f8,12,061ece82-179b-4bbf-90e6-1d71b3eeef18,Snake3,97,5,1
f5cf812e-29ad-44f2-a93c-59ee7f86f0f8,12,9316cda9-69dc-490c-a72f-d0abbc0f27e4,Snake4,98,5,1
f5cf812e-29ad-44f2-a93c-59ee7f86f0f8,12,123c66b9-b2a7-4991-8494-0d510356bd8d,Snake1,98,6,1
f5cf812e-29ad-44f2-a93c-59ee7f86f0f8,12,9d57409e-8150-476c-83ff-932a08211a47,Snake2,100,5,1
f5cf812e-29ad-44f2-a93c-59ee7f86f0f8,13,061ece82-179b-4bbf-90e6-1d71b3eeef18,Snake3,96,5,1
f5cf812e-29ad-44f2-a93c-59ee7f86f0f8,13,9316cda9-69dc-490c-a72f-d0abbc0f27e4,Snake4,97,5,1
f5cf812e-29ad-44f2-a93c-59ee7f86f0f8,13,123c66b9-b2a7-4991-8494-0d510356bd8d,Snake1,97,6,1
f5cf812e-29ad-44f2-a93c-59ee7f86f0f8,13,9d57409e-8150-476c-83ff-932a08211a47,Snake2,99,5,1
f5cf812e-29ad-44f2-a93c-59ee7f86f0f8,13,061ece82-179b-4bbf-90e6-1d71b3eeef18,Snake3,96,5,1
f5cf812e-29ad-44f2-a93c-59ee7f86f0f8,13,9316cda9-69dc-490c-a72f-d0abbc0f27e4,Snake4,97,5,1
f5cf812e-29ad-44f2-a93c-59ee7f86f0f8,13,123c66b9-b2a7-4991-8494-0d510356bd8d,Snake1,97,6,1
f5cf812e-29ad-44f2-a93c-59ee7f86f0f8,13,9d57409e-8150-476c-83ff-932a08211a47,Snake2,99,5,1
f5cf812e-29ad-44f2-a93c-59ee7f86f0f8,13,061ece82-179b-4bbf-90e6-1d71b3eeef18,Snake3,96,5,1
f5cf812e-29ad-44f2-a93c-59ee7f86f0f8,13,9316cda9-69dc-490c-a72f-d0abbc0f27e4,Snake4,97,5,1
f5cf812e-29ad-44f2-a93c-59ee7f86f0f8,13,123c66b9-b2a7-4991-8494-0d510356bd8d,Snake1,97,6,1
f5cf812e-29ad-44f2-a93c-59ee7f86f0f8,13,9d57409e-8150-476c-83ff-932a08211a47,Snake2,99,5,1
f5cf812e-29ad-44f2-a93c-59ee7f86f0f8,14,061ece82-179b-4bbf-90e6-1d71b3eeef18,Snake3,95,5,1
f5cf812e-29ad-44f2-a93c-59ee7f86f0f8,14,9316cda9-69dc-490c-a72f-d0abbc0f27e4,Snake4,96,5,1
f5cf812e-29ad-44f2-a93c-59ee7f86f0f8,14,123c66b9-b2a7-4991-8494-0d510356bd8d,Snake1,96,6,1
f5cf812e-29ad-44f2-a93c-59ee7f86f0f8,14,9d57409e-8150-476c-83ff-932a08211a47,Snake2,100,6,1
f5cf812e-29ad-44f2-a93c-59ee7f86f0f8,14,061ece82-179b-4bbf-90e6-1d71b3eeef18,Snake3,95,5,1
f5cf812e-29ad-44f2-a93c-59ee7f86f0f8,14,9316cda9-69dc-490c-a72f-d0abbc0f27e4,Snake4,96,5,1
f5cf812e-29ad-44f2-a93c-59ee7f86f0f8,14,123c66b9-b2a7-4991-8494-0d510356bd8d,Snake1,96,6,1
f5cf812e-29ad-44f2-a93c-59ee7f86f0f8,14,9d57409e-8150-476c-83ff-932a08211a47,Snake2,100,6,1
f5cf812e-29ad-44f2-a93c-59ee7f86f0f8,14,061ece82-179b-4bbf-90e6-1d71b3eeef18,Snake3,95,5,1
f5cf812e-29ad-44f2-a93c-59ee7f86f0f8,14,9316cda9-69dc-490c-a72f-d0abbc0f27e4,Snake4,96,5,1
f5cf812e-29ad-44f2-a93c-59ee7f86f0f8,14,123c66b9-b2a7-4991-8494-0d510356bd8d,Snake1,96,6,1
f5cf812e-29ad-44f2-a93c-59ee7f86f0f8,14,9d57409e-8150-476c-83ff-932a08211a47,Snake2,100,6,1
f5cf812e-29ad-44f2-a93c-59ee7f86f0f8,15,061ece82-179b-4bbf-90e6-1d71b3eeef18,Snake3,94,5,1
f5cf812e-29ad-44f2-a93c-59ee7f86f0f8,15,9316cda9-69dc-490c-a72f-d0abbc0f27e4,Snake4,95,5,1
f5cf812e-29ad-44f2-a93c-59ee7f86f0f8,15,123c66b9-b2a7-4991-8494-0d510356bd8d,Snake1,95,6,1
f5cf812e-29ad-44f2-a93c-59ee7f86f0f8,15,9d57409e-8150-476c-83ff-932a08211a47,Snake2,99,6,1
f5cf812e-29ad-44f2-a93c-59ee7f86f0f8,15,061ece82-179b-4bbf-90e6-1d71b3eeef18,Snake3,94,5,1
f5cf812e-29ad-44f2-a93c-59ee7f86f0f8,15,9316cda9-69dc-490c-a72f-d0abbc0f27e4,Snake4,95,5,1
f5cf812e-29ad-44f2-a93c-59ee7f86f0f8,15,123c66b9-b2a7-4991-8494-0d510356bd8d,Snake1,95,6,1
f5cf812e-29ad-44f2-a93c-59ee7f86f0f8,15,9d57409e-8150-476c-83ff-932a08211a47,Snake2,99,6,1
f5cf812e-29ad-44f2-a93c-59ee7f86f0f8,15,061ece82-179b-4bbf-90e6-1d71b3eeef18,Snake3,94,5,1
f5cf812e-29ad-44f2-a93c-59ee7f86f0f8,15,9316cda9-69dc-490c-a72f-d0abbc0f27e4,Snake4,95,5,1
f5cf812e-29ad-44f2-a93c-59ee7f86f0f8,15,123c66b9-b2a7-4991-8494-0d510356bd8d,Snake1,95,6,1
f5cf812e-29ad-44f2-a93c-59ee7f86f0f8,15,9d57409e-8150-476c-83ff-932a08211a47,Snake2,99,6,1
f5cf812e-29ad-44f2-a93c-59ee7f86f0f8,16,061ece82-179b-4bbf-90e6-1d71b3eeef18,Snake3,93,5,1
f5cf812e-29ad-44f2-a93c-59ee7f86f0f8,16,9316cda9-69dc-490c-a72f-d0abbc0f27e4,Snake4,94,5,1
f5cf812e-29ad-44f2-a93c-59ee7f86f0f8,16,123c66b9-b2a7-4991-8494-0d510356bd8d,Snake1,100,7,1
f5cf812e-29ad-44f2-a93c-59ee7f86f0f8,16,9d57409e-8150-476c-83ff-932a08211a47,Snake2,98,6,1
f5cf812e-29ad-44f2-a93c-59ee7f86f0f8,16,061ece82-179b-4bbf-90e6-1d71b3eeef18,Snake3,93,5,1
f5cf812e-29ad-44f2-a93c-59ee7f86f0f8,16,9316cda9-69dc-490c-a72f-d0abbc0f27e4,Snake4,94,5,1
f5cf812e-29ad-44f2-a93c-59ee7f86f0f8,16,123c66b9-b2a7-4991-8494-0d510356bd8d,Snake1,100,7,1
f5cf812e-29ad-44f2-a93c-59ee7f86f0f8,16,9d57409e-8150-476c-83ff-932a08211a47,Snake2,98,6,1
f5cf812e-29ad-44f2-a93c-59ee7f86f0f8,16,061ece82-179b-4bbf-90e6-1d71b3eeef18,Snake3,93,5,1
f5cf812e-29ad-44f2-a93c-59ee7f86f0f8,16,9316cda9-69dc-490c-a72f-d0abbc0f27e4,Snake4,94,5,1
f5cf812e-29ad-44f2-a93c-59ee7f86f0f8,16,123c66b9-b2a7-4991-8494-0d510356bd8d,Snake1,100,7,1
f5cf812e-29ad-44f2-a93c-59ee7f86f0f8,16,9d57409e-8150-476c-83ff-932a08211a47,Snake2,98,6,1
f5cf812e-29ad-44f2-a93c-59ee7f86f0f8,16,061ece82-179b-4bbf-90e6-1d71b3eeef18,Snake3,93,5,1
f5cf812e-29ad-44f2-a93c-59ee7f86f0f8,16,9316cda9-69dc-490c-a72f-d0abbc0f27e4,Snake4,94,5,1
f5cf812e-29ad-44f2-a93c-59ee7f86f0f8,16,123c66b9-b2a7-4991-8494-0d510356bd8d,Snake1,100,7,1
f5cf812e-29ad-44f2-a93c-59ee7f86f0f8,16,9d57409e-8150-476c-83ff-932a08211a47,Snake2,98,6,1
f5cf812e-29ad-44f2-a93c-59ee7f86f0f8,17,061ece82-179b-4bbf-90e6-1d71b3eeef18,Snake3,92,5,1
f5cf812e-29ad-44f2-a93c-59ee7f86f0f8,17,9316cda9-69dc-490c-a72f-d0abbc0f27e4,Snake4,93,5,1
f5cf812e-29ad-44f2-a93c-59ee7f86f0f8,17,123c66b9-b2a7-4991-8494-0d510356bd8d,Snake1,99,7,1
f5cf812e-29ad-44f2-a93c-59ee7f86f0f8,17,9d57409e-8150-476c-83ff-932a08211a47,Snake2,97,6,1
f5cf812e-29ad-44f2-a93c-59ee7f86f0f8,17,061ece82-179b-4bbf-90e6-1d71b3eeef18,Snake3,92,5,1
f5cf812e-29ad-44f2-a93c-59ee7f86f0f8,17,9316cda9-69dc-490c-a72f-d0abbc0f27e4,Snake4,93,5,1
f5cf812e-29ad-44f2-a93c-59ee7f86f0f8,17,123c66b9-b2a7-4991-8494-0d510356bd8d,Snake1,99,7,1
f5cf812e-29ad-44f2-a93c-59ee7f86f0f8,17,9d57409e-8150-476c-83ff-932a08211a47,Snake2,97,6,1
f5cf812e-29ad-44f2-a93c-59ee7f86f0f8,17,061ece82-179b-4bbf-90e6-1d71b3eeef18,Snake3,92,5,1
f5cf812e-29ad-44f2-a93c-59ee7f86f0f8,17,9316cda9-69dc-490c-a72f-d0abbc0f27e4,Snake4,93,5,1
f5cf812e-29ad-44f2-a93c-59ee7f86f0f8,17,123c66b9-b2a7-4991-8494-0d510356bd8d,Snake1,99,7,1
f5cf812e-29ad-44f2-a93c-59ee7f86f0f8,17,9d57409e-8150-476c-83ff-932a08211a47,Snake2,97,6,1
f5cf812e-29ad-44f2-a93c-59ee7f86f0f8,18,061ece82-179b-4bbf-90e6-1d71b3eeef18,Snake3,91,5,1
f5cf812e-29ad-44f2-a93c-59ee7f86f0f8,18,9316cda9-69dc-490c-a72f-d0abbc0f27e4,Snake4,92,5,1
f5cf812e-29ad-44f2-a93c-59ee7f86f0f8,18,123c66b9-b2a7-4991-8494-0d510356bd8d,Snake1,98,7,1
f5cf812e-29ad-44f2-a93c-59ee7f86f0f8,18,9d57409e-8150-476c-83ff-932a08211a47,Snake2,96,6,1
f5cf812e-29ad-44f2-a93c-59ee7f86f0f8,18,061ece82-179b-4bbf-90e6-1d71b3eeef18,Snake3,91,5,1
f5cf812e-29ad-44f2-a93c-59ee7f86f0f8,18,9316cda9-69dc-490c-a72f-d0abbc0f27e4,Snake4,92,5,1
f5cf812e-29ad-44f2-a93c-59ee7f86f0f8,18,123c66b9-b2a7-4991-8494-0d510356bd8d,Snake1,98,7,1
f5cf812e-29ad-44f2-a93c-59ee7f86f0f8,18,9d57409e-8150-476c-83ff-932a08211a47,Snake2,96,6,1
f5cf812e-29ad-44f2-a93c-59ee7f86f0f8,19,061ece82-179b-4bbf-90e6-1d71b3eeef18,Snake3,100,6,1
f5cf812e-29ad-44f2-a93c-59ee7f86f0f8,19,9316cda9-69dc-490c-a72f-d0abbc0f27e4,Snake4,91,5,1
f5cf812e-29ad-44f2-a93c-59ee7f86f0f8,19,123c66b9-b2a7-4991-8494-0d510356bd8d,Snake1,97,7,1
f5cf812e-29ad-44f2-a93c-59ee7f86f0f8,19,9d57409e-8150-476c-83ff-932a08211a47,Snake2,95,6,1
f5cf812e-29ad-44f2-a93c-59ee7f86f0f8,19,061ece82-179b-4bbf-90e6-1d71b3eeef18,Snake3,100,6,1
f5cf812e-29ad-44f2-a93c-59ee7f86f0f8,19,9316cda9-69dc-490c-a72f-d0abbc0f27e4,Snake4,91,5,1
f5cf812e-29ad-44f2-a93c-59ee7f86f0f8,19,123c66b9-b2a7-4991-8494-0d510356bd8d,Snake1,97,7,1
f5cf812e-29ad-44f2-a93c-59ee7f86f0f8,19,9d57409e-8150-476c-83ff-932a08211a47,Snake2,95,6,1
f5cf812e-29ad-44f2-a93c-59ee7f86f0f8,19,061ece82-179b-4bbf-90e6-1d71b3eeef18,Snake3,100,6,1
f5cf812e-29ad-44f2-a93c-59ee7f86f0f8,19,9316cda9-69dc-490c-a72f-d0abbc0f27e4,Snake4,91,5,1
f5cf812e-29ad-44f2-a93c-59ee7f86f0f8,19,123c66b9-b2a7-4991-8494-0d510356bd8d,Snake1,97,7,1
f5cf812e-29ad-44f2-a93c-59ee7f86f0f8,19,9d57409e-8150-476c-83ff-932a08211a47,Snake2,95,6,1
f5cf812e-29ad-44f2-a93c-59ee7f86f0f8,19,061ece82-179b-4bbf-90e6-1d71b3eeef18,Snake3,100,6,1
f5cf812e-29ad-44f2-a93c-59ee7f86f0f8,19,9316cda9-69dc-490c-a72f-d0abbc0f27e4,Snake4,91,5,1
f5cf812e-29ad-44f2-a93c-59ee7f86f0f8,19,123c66b9-b2a7-4991-8494-0d510356bd8d,Snake1,97,7,1
f5cf812e-29ad-44f2-a93c-59ee7f86f0f8,19,9d57409e-8150-476c-83ff-932a08211a47,Snake2,95,6,1
f5cf812e-29ad-44f2-a93c-59ee7f86f0f8,20,061ece82-179b-4bbf-90e6-1d71b3eeef18,Snake3,99,6,1
f5cf812e-29ad-44f2-a93c-59ee7f86f0f8,20,9316cda9-69dc-490c-a72f-d0abbc0f27e4,Snake4,90,5,1
f5cf812e-29ad-44f2-a93c-59ee7f86f0f8,20,123c66b9-b2a7-4991-8494-0d510356bd8d,Snake1,96,7,1
f5cf812e-29ad-44f2-a93c-59ee7f86f0f8,20,9d57409e-8150-476c-83ff-932a08211a47,Snake2,94,6,1
f5cf812e-29ad-44f2-a93c-59ee7f86f0f8,20,061ece82-179b-4bbf-90e6-1d71b3eeef18,Snake3,99,6,1
f5cf812e-29ad-44f2-a93c-59ee7f86f0f8,20,9316cda9-69dc-490c-a72f-d0abbc0f27e4,Snake4,90,5,1
f5cf812e-29ad-44f2-a93c-59ee7f86f0f8,20,123c66b9-b2a7-4991-8494-0d510356bd8d,Snake1,96,7,1
f5cf812e-29ad-44f2-a93c-59ee7f86f0f8,20,9d57409e-8150-476c-83ff-932a08211a47,Snake2,94,6,1
f5cf812e-29ad-44f2-a93c-59ee7f86f0f8,20,061ece82-179b-4bbf-90e6-1d71b3eeef18,Snake3,99,6,1
f5cf812e-29ad-44f2-a93c-59ee7f86f0f8,20,9316cda9-69dc-490c-a72f-d0abbc0f27e4,Snake4,90,5,1
f5cf812e-29ad-44f2-a93c-59ee7f86f0f8,20,123c66b9-b2a7-4991-8494-0d510356bd8d,Snake1,96,7,1
f5cf812e-29ad-44f2-a93c-59ee7f86f0f8,20,9d57409e-8150-476c-83ff-932a08211a47,Snake2,94,6,1
f5cf812e-29ad-44f2-a93c-59ee7f86f0f8,20,061ece82-179b-4bbf-90e6-1d71b3eeef18,Snake3,99,6,1
f5cf812e-29ad-44f2-a93c-59ee7f86f0f8,20,9316cda9-69dc-490c-a72f-d0abbc0f27e4,Snake4,90,5,1
f5cf812e-29ad-44f2-a93c-59ee7f86f0f8,20,123c66b9-b2a7-4991-8494-0d510356bd8d,Snake1,96,7,1
f5cf812e-29ad-44f2-a93c-59ee7f86f0f8,20,9d57409e-8150-476c-83ff-932a08211a47,Snake2,94,6,1
f5cf812e-29ad-44f2-a93c-59ee7f86f0f8,21,061ece82-179b-4bbf-90e6-1d71b3eeef18,Snake3,98,6,1
f5cf812e-29ad-44f2-a93c-59ee7f86f0f8,21,9316cda9-69dc-490c-a72f-d0abbc0f27e4,Snake4,89,5,1
f5cf812e-29ad-44f2-a93c-59ee7f86f0f8,21,123c66b9-b2a7-4991-8494-0d510356bd8d,Snake1,95,7,1
f5cf812e-29ad-44f2-a93c-59ee7f86f0f8,21,9d57409e-8150-476c-83ff-932a08211a47,Snake2,93,6,1
f5cf812e-29ad-44f2-a93c-59ee7f86f0f8,21,061ece82-179b-4bbf-90e6-1d71b3eeef18,Snake3,98,6,1
f5cf812e-29ad-44f2-a93c-59ee7f86f0f8,21,9316cda9-69dc-490c-a72f-d0abbc0f27e4,Snake4,89,5,1
f5cf812e-29ad-44f2-a93c-59ee7f86f0f8,21,123c66b9-b2a7-4991-8494-0d510356bd8d,Snake1,95,7,1
f5cf812e-29ad-44f2-a93c-59ee7f86f0f8,21,9d57409e-8150-476c-83ff-932a08211a47,Snake2,93,6,1
f5cf812e-29ad-44f2-a93c-59ee7f86f0f8,21,061ece82-179b-4bbf-90e6-1d71b3eeef18,Snake3,98,6,1
f5cf812e-29ad-44f2-a93c-59ee7f86f0f8,21,9316cda9-69dc-490c-a72f-d0abbc0f27e4,Snake4,89,5,1
f5cf812e-29ad-44f2-a93c-59ee7f86f0f8,21,123c66b9-b2a7-4991-8494-0d510356bd8d,Snake1,95,7,1
f5cf812e-29ad-44f2-a93c-59ee7f86f0f8,21,9d57409e-8150-476c-83ff-932a08211a47,Snake2,93,6,1
f5cf812e-29ad-44f2-a93c-59ee7f86f0f8,22,061ece82-179b-4bbf-90e6-1d71b3eeef18,Snake3,97,6,1
f5cf812e-29ad-44f2-a93c-59ee7f86f0f8,22,9316cda9-69dc-490c-a72f-d0abbc0f27e4,Snake4,88,5,1
f5cf812e-29ad-44f2-a93c-59ee7f86f0f8,22,123c66b9-b2a7-4991-8494-0d510356bd8d,Snake1,94,7,1
f5cf812e-29ad-44f2-a93c-59ee7f86f0f8,22,9d57409e-8150-476c-83ff-932a08211a47,Snake2,92,6,1
f5cf812e-29ad-44f2-a93c-59ee7f86f0f8,22,061ece82-179b-4bbf-90e6-1d71b3eeef18,Snake3,97,6,1
f5cf812e-29ad-44f2-a93c-59ee7f86f0f8,22,9316cda9-69dc-490c-a72f-d0abbc0f27e4,Snake4,88,5,1
f5cf812e-29ad-44f2-a93c-59ee7f86f0f8,22,123c66b9-b2a7-4991-8494-0d510356bd8d,Snake1,94,7,1
f5cf812e-29ad-44f2-a93c-59ee7f86f0f8,22,9d57409e-8150-476c-83ff-932a08211a47,Snake2,92,6,1
f5cf812e-29ad-44f2-a93c-59ee7f86f0f8,23,061ece82-179b-4bbf-90e6-1d71b3eeef18,Snake3,96,6,1
f5cf812e-29ad-44f2-a93c-59ee7f86f0f8,23,9316cda9-69dc-490c-a72f-d0abbc0f27e4,Snake4,87,5,1
f5cf812e-29ad-44f2-a93c-59ee7f86f0f8,23,123c66b9-b2a7-4991-8494-0d510356bd8d,Snake1,93,7,1
f5cf812e-29ad-44f2-a93c-59ee7f86f0f8,23,9d57409e-8150-476c-83ff-932a08211a47,Snake2,91,6,1
f5cf812e-29ad-44f2-a93c-59ee7f86f0f8,23,061ece82-179b-4bbf-90e6-1d71b3eeef18,Snake3,96,6,1
f5cf812e-29ad-44f2-a93c-59ee7f86f0f8,23,9316cda9-69dc-490c-a72f-d0abbc0f27e4,Snake4,87,5,1
f5cf812e-29ad-44f2-a93c-59ee7f86f0f8,23,123c66b9-b2a7-4991-8494-0d510356bd8d,Snake1,93,7,1
f5cf812e-29ad-44f2-a93c-59ee7f86f0f8,23,9d57409e-8150-476c-83ff-932a08211a47,Snake2,91,6,1
f5cf812e-29ad-44f2-a93c-59ee7f86f0f8,23,061ece82-179b-4bbf-90e6-1d71b3eeef18,Snake3,96,6,1
f5cf812e-29ad-44f2-a93c-59ee7f86f0f8,23,9316cda9-69dc-490c-a72f-d0abbc0f27e4,Snake4,87,5,1
f5cf812e-29ad-44f2-a93c-59ee7f86f0f8,23,123c66b9-b2a7-4991-8494-0d510356bd8d,Snake1,93,7,1
f5cf812e-29ad-44f2-a93c-59ee7f86f0f8,23,9d57409e-8150-476c-83ff-932a08211a47,Snake2,91,6,1
f5cf812e-29ad-44f2-a93c-59ee7f86f0f8,23,061ece82-179b-4bbf-90e6-1d71b3eeef18,Snake3,96,6,1
f5cf812e-29ad-44f2-a93c-59ee7f86f0f8,23,9316cda9-69dc-490c-a72f-d0abbc0f27e4,Snake4,87,5,1
f5cf812e-29ad-44f2-a93c-59ee7f86f0f8,23,123c66b9-b2a7-4991-8494-0d510356bd8d,Snake1,93,7,1
f5cf812e-29ad-44f2-a93c-59ee7f86f0f8,23,9d57409e-8150-476c-83ff-932a08211a47,Snake2,91,6,1
f5cf812e-29ad-44f2-a93c-59ee7f86f0f8,24,061ece82-179b-4bbf-90e6-1d71b3eeef18,Snake3,100,7,1
f5cf812e-29ad-44f2-a93c-59ee7f86f0f8,24,9316cda9-69dc-490c-a72f-d0abbc0f27e4,Snake4,86,5,1
f5cf812e-29ad-44f2-a93c-59ee7f86f0f8,24,123c66b9-b2a7-4991-8494-0d510356bd8d,Snake1,92,7,1
f5cf812e-29ad-44f2-a93c-59ee7f86f0f8,24,9d57409e-8150-476c-83ff-932a08211a47,Snake2,90,6,1
f5cf812e-29ad-44f2-a93c-59ee7f86f0f8,24,061ece82-179b-4bbf-90e6-1d71b3eeef18,Snake3,100,7,1
f5cf812e-29ad-44f2-a93c-59ee7f86f0f8,24,9316cda9-69dc-490c-a72f-d0abbc0f27e4,Snake4,86,5,1
f5cf812e-29ad-44f2-a93c-59ee7f86f0f8,24,123c66b9-b2a7-4991-8494-0d510356bd8d,Snake1,92,7,1
f5cf812e-29ad-44f2-a93c-59ee7f86f0f8,24,9d57409e-8150-476c-83ff-932a08211a47,Snake2,90,6,1
f5cf812e-29ad-44f2-a93c-59ee7f86f0f8,25,061ece82-179b-4bbf-90e6-1d71b3eeef18,Snake3,99,7,1
f5cf812e-29ad-44f2-a93c-59ee7f86f0f8,25,9316cda9-69dc-490c-a72f-d0abbc0f27e4,Snake4,85,5,1
f5cf812e-29ad-44f2-a93c-59ee7f86f0f8,25,123c66b9-b2a7-4991-8494-0d510356bd8d,Snake1,91,7,1
f5cf812e-29ad-44f2-a93c-59ee7f86f0f8,25,9d57409e-8150-476c-83ff-932a08211a47,Snake2,89,6,1
f5cf812e-29ad-44f2-a93c-59ee7f86f0f8,25,061ece82-179b-4bbf-90e6-1d71b3eeef18,Snake3,99,7,1
f5cf812e-29ad-44f2-a93c-59ee7f86f0f8,25,9316cda9-69dc-490c-a72f-d0abbc0f27e4,Snake4,85,5,1
f5cf812e-29ad-44f2-a93c-59ee7f86f0f8,25,123c66b9-b2a7-4991-8494-0d510356bd8d,Snake1,91,7,1
f5cf812e-29ad-44f2-a93c-59ee7f86f0f8,25,9d57409e-8150-476c-83ff-932a08211a47,Snake2,89,6,1
f5cf812e-29ad-44f2-a93c-59ee7f86f0f8,25,061ece82-179b-4bbf-90e6-1d71b3eeef18,Snake3,99,7,1
f5cf812e-29ad-44f2-a93c-59ee7f86f0f8,25,9316cda9-69dc-490c-a72f-d0abbc0f27e4,Snake4,85,5,1
f5cf812e-29ad-44f2-a93c-59ee7f86f0f8,25,123c66b9-b2a7-4991-8494-0d510356bd8d,Snake1,91,7,1
f5cf812e-29ad-44f2-a93c-59ee7f86f0f8,25,9d57409e-8150-476c-83ff-932a08211a47,Snake2,89,6,1
f5cf812e-29ad-44f2-a93c-59ee7f86f0f8,25,061ece82-179b-4bbf-90e6-1d71b3eeef18,Snake3,99,7,1
f5cf812e-29ad-44f2-a93c-59ee7f86f0f8,25,9316cda9-69dc-490c-a72f-d0abbc0f27e4,Snake4,85,5,1
f5cf812e-29ad-44f2-a93c-59ee7f86f0f8,25,123c66b9-b2a7-4991-8494-0d510356bd8d,Snake1,91,7,1
f5cf812e-29ad-44f2-a93c-59ee7f86f0f8,25,9d57409e-8150-476c-83ff-932a08211a47,Snake2,89,6,1
f5cf812e-29ad-44f2-a93c-59ee7f86f0f8,26,061ece82-179b-4bbf-90e6-1d71b3eeef18,Snake3,98,7,1
f5cf812e-29ad-44f2-a93c-59ee7f86f0f8,26,9316cda9-69dc-490c-a72f-d0abbc0f27e4,Snake4,84,5,1
f5cf812e-29ad-44f2-a93c-59ee7f86f0f8,26,123c66b9-b2a7-4991-8494-0d510356bd8d,Snake1,90,7,1
f5cf812e-29ad-44f2-a93c-59ee7f86f0f8,26,9d57409e-8150-476c-83ff-932a08211a47,Snake2,88,6,1
f5cf812e-29ad-44f2-a93c-59ee7f86f0f8,26,061ece82-179b-4bbf-90e6-1d71b3eeef18,Snake3,98,7,1
f5cf812e-29ad-44f2-a93c-59ee7f86f0f8,26,9316cda9-69dc-490c-a72f-d0abbc0f27e4,Snake4,84,5,1
f5cf812e-29ad-44f2-a93c-59ee7f86f0f8,26,123c66b9-b2a7-4991-8494-0d510356bd8d,Snake1,90,7,1
f5cf812e-29ad-44f2-a93c-59ee7f86f0f8,26,9d57409e-8150-476c-83ff-932a08211a47,Snake2,88,6,1
f5cf812e-29ad-44f2-a93c-59ee7f86f0f8,26,061ece82-179b-4bbf-90e6-1d71b3eeef18,Snake3,98,7,1
f5cf812e-29ad-44f2-a93c-59ee7f86f0f8,26,9316cda9-69dc-490c-a72f-d0abbc0f27e4,Snake4,84,5,1
f5cf812e-29ad-44f2-a93c-59ee7f86f0f8,26,123c66b9-b2a7-4991-8494-0d510356bd8d,Snake1,90,7,1
f5cf812e-29ad-44f2-a93c-59ee7f86f0f8,26,9d57409e-8150-476c-83ff-932a08211a47,Snake2,88,6,1
f5cf812e-29ad-44f2-a93c-59ee7f86f0f8,27,061ece82-179b-4bbf-90e6-1d71b3eeef18,Snake3,97,7,1
f5cf812e-29ad-44f2-a93c-59ee7f86f0f8,27,9316cda9-69dc-490c-a72f-d0abbc0f27e4,Snake4,83,5,1
f5cf812e-29ad-44f2-a93c-59ee7f86f0f8,27,123c66b9-b2a7-4991-8494-0d510356bd8d,Snake1,89,7,1
f5cf812e-29ad-44f2-a93c-59ee7f86f0f8,27,9d57409e-8150-476c-83ff-932a08211a47,Snake2,87,6,1
f5cf812e-29ad-44f2-a93c-59ee7f86f0f8,27,061ece82-179b-4bbf-90e6-1d71b3eeef18,Snake3,97,7,1
f5cf812e-29ad-44f2-a93c-59ee7f86f0f8,27,9316cda9-69dc-490c-a72f-d0abbc0f27e4,Snake4,83,5,1
f5cf812e-29ad-44f2-a93c-59ee7f86f0f8,27,123c66b9-b2a7-4991-8494-0d510356bd8d,Snake1,89,7,1
f5cf812e-29ad-44f2-a93c-59ee7f86f0f8,27,9d57409e-8150-476c-83ff-932a08211a47,Snake2,87,6,1
f5cf812e-29ad-44f2-a93c-59ee7f86f0f8,27,061ece82-179b-4bbf-90e6-1d71b3eeef18,Snake3,97,7,1
f5cf812e-29ad-44f2-a93c-59ee7f86f0f8,27,9316cda9-69dc-490c-a72f-d0abbc0f27e4,Snake4,83,5,1
f5cf812e-29ad-44f2-a93c-59ee7f86f0f8,27,123c66b9-b2a7-4991-8494-0d510356bd8d,Snake1,89,7,1
f5cf812e-29ad-44f2-a93c-59ee7f86f0f8,27,9d57409e-8150-476c-83ff-932a08211a47,Snake2,87,6,1
f5cf812e-29ad-44f2-a93c-59ee7f86f0f8,27,061ece82-179b-4bbf-90e6-1d71b3eeef18,Snake3,97,7,1
f5cf812e-29ad-44f2-a93c-59ee7f86f0f8,27,9316cda9-69dc-490c-a72f-d0abbc0f27e4,Snake4,83,5,1
f5cf812e-29ad-44f2-a93c-59ee7f86f0f8,27,123c66b9-b2a7-4991-8494-0d510356bd8d,Snake1,89,7,1
f5cf812e-29ad-44f2-a93c-59ee7f86f0f8,27,9d57409e-8150-476c-83ff-932a08211a47,Snake2,87,6,1
f5cf812e-29ad-44f2-a93c-59ee7f86f0f8,28,061ece82-179b-4bbf-90e6-1d71b3eeef18,Snake3,96,7,1
f5cf812e-29ad-44f2-a93c-59ee7f86f0f8,28,9316cda9-69dc-490c-a72f-d0abbc0f27e4,Snake4,82,5,1
f5cf812e-29ad-44f2-a93c-59ee7f86f0f8,28,123c66b9-b2a7-4991-8494-0d510356bd8d,Snake1,100,8,1
f5cf812e-29ad-44f2-a93c-59ee7f86f0f8,28,9d57409e-8150-476c-83ff-932a08211a47,Snake2,86,6,1
f5cf812e-29ad-44f2-a93c-59ee7f86f0f8,28,061ece82-179b-4bbf-90e6-1d71b3eeef18,Snake3,96,7,1
f5cf812e-29ad-44f2-a93c-59ee7f86f0f8,28,9316cda9-69dc-490c-a72f-d0abbc0f27e4,Snake4,82,5,1
f5cf812e-29ad-44f2-a93c-59ee7f86f0f8,28,123c66b9-b2a7-4991-8494-0d510356bd8d,Snake1,100,8,1
f5cf812e-29ad-44f2-a93c-59ee7f86f0f8,28,9d57409e-8150-476c-83ff-932a08211a47,Snake2,86,6,1
f5cf812e-29ad-44f2-a93c-59ee7f86f0f8,28,061ece82-179b-4bbf-90e6-1d71b3eeef18,Snake3,96,7,1
f5cf812e-29ad-44f2-a93c-59ee7f86f0f8,28,9316cda9-69dc-490c-a72f-d0abbc0f27e4,Snake4,82,5,1
f5cf812e-29ad-44f2-a93c-59ee7f86f0f8,28,123c66b9-b2a7-4991-8494-0d510356bd8d,Snake1,100,8,1
f5cf812e-29ad-44f2-a93c-59ee7f86f0f8,28,9d57409e-8150-476c-83ff-932a08211a47,Snake2,86,6,1
f5cf812e-29ad-44f2-a93c-59ee7f86f0f8,28,061ece82-179b-4bbf-90e6-1d71b3eeef18,Snake3,96,7,1
f5cf812e-29ad-44f2-a93c-59ee7f86f0f8,28,9316cda9-69dc-490c-a72f-d0abbc0f27e4,Snake4,82,5,1
f5cf812e-29ad-44f2-a93c-59ee7f86f0f8,28,123c66b9-b2a7-4991-8494-0d510356bd8d,Snake1,100,8,1
f5cf812e-29ad-44f2-a93c-59ee7f86f0f8,28,9d57409e-8150-476c-83ff-932a08211a47,Snake2,86,6,1
f5cf812e-29ad-44f2-a93c-59ee7f86f0f8,29,061ece82-179b-4bbf-90e6-1d71b3eeef18,Snake3,95,7,1
f5cf812e-29ad-44f2-a93c-59ee7f86f0f8,29,9316cda9-69dc-490c-a72f-d0abbc0f27e4,Snake4,81,5,1
f5cf812e-29ad-44f2-a93c-59ee7f86f0f8,29,123c66b9-b2a7-4991-8494-0d510356bd8d,Snake1,99,8,1
f5cf812e-29ad-44f2-a93c-59ee7f86f0f8,29,9d57409e-8150-476c-83ff-932a08211a47,Snake2,85,6,1
f5cf812e-29ad-44f2-a93c-59ee7f86f0f8,29,061ece82-179b-4bbf-90e6-1d71b3eeef18,Snake3,95,7,1
f5cf812e-29ad-44f2-a93c-59ee7f86f0f8,29,9316cda9-69dc-490c-a72f-d0abbc0f27e4,Snake4,81,5,1
f5cf812e-29ad-44f2-a93c-59ee7f86f0f8,29,123c66b9-b2a7-4991-8494-0d510356bd8d,Snake1,99,8,1
f5cf812e-29ad-44f2-a93c-59ee7f86f0f8,29,9d57409e-8150-476c-83ff-932a08211a47,Snake2,85,6,1
f5cf812e-29ad-44f2-a93c-59ee7f86f0f8,29,061ece82-179b-4bbf-90e6-1d71b3eeef18,Snake3,95,7,1
f5cf812e-29ad-44f2-a93c-59ee7f86f0f8,29,9316cda9-69dc-490c-a72f-d0abbc0f27e4,Snake4,81,5,1
f5cf812e-29ad-44f2-a93c-59ee7f86f0f8,29,123c66b9-b2a7-4991-8494-0d510356bd8d,Snake1,99,8,1
f5cf812e-29ad-44f2-a93c-59ee7f86f0f8,29,9d57409e-8150-476c-83ff-932a08211a47,Snake2,85,6,1
f5cf812e-29ad-44f2-a93c-59ee7f86f0f8,30,061ece82-179b-4bbf-90e6-1d71b3eeef18,Snake3,94,7,1
f5cf812e-29ad-44f2-a93c-59ee7f86f0f8,30,9316cda9-69dc-490c-a72f-d0abbc0f27e4,Snake4,80,5,1
f5cf812e-29ad-44f2-a93c-59ee7f86f0f8,30,123c66b9-b2a7-4991-8494-0d510356bd8d,Snake1,98,8,1
f5cf812e-29ad-44f2-a93c-59ee7f86f0f8,30,9d57409e-8150-476c-83ff-932a08211a47,Snake2,84,6,1
f5cf812e-29ad-44f2-a93c-59ee7f86f0f8,30,061ece82-179b-4bbf-90e6-1d71b3eeef18,Snake3,94,7,1
f5cf812e-29ad-44f2-a93c-59ee7f86f0f8,30,9316cda9-69dc-490c-a72f-d0abbc0f27e4,Snake4,80,5,1
f5cf812e-29ad-44f2-a93c-59ee7f86f0f8,30,123c66b9-b2a7-4991-8494-0d510356bd8d,Snake1,98,8,1
f5cf812e-29ad-44f2-a93c-59ee7f86f0f8,30,9d57409e-8150-476c-83ff-932a08211a47,Snake2,84,6,1
f5cf812e-29ad-44f2-a93c-59ee7f86f0f8,30,061ece82-179b-4bbf-90e6-1d71b3eeef18,Snake3,94,7,1
f5cf812e-29ad-44f2-a93c-59ee7f86f0f8,30,9316cda9-69dc-490c-a72f-d0abbc0f27e4,Snake4,80,5,1
f5cf812e-29ad-44f2-a93c-59ee7f86f0f8,30,123c66b9-b2a7-4991-8494-0d510356bd8d,Snake1,98,8,1
f5cf812e-29ad-44f2-a93c-59ee7f86f0f8,30,9d57409e-8150-476c-83ff-932a08211a47,Snake2,84,6,1
f5cf812e-29ad-44f2-a93c-59ee7f86f0f8,30,061ece82-179b-4bbf-90e6-1d71b3eeef18,Snake3,94,7,1
f5cf812e-29ad-44f2-a93c-59ee7f86f0f8,30,9316cda9-69dc-490c-a72f-d0abbc0f27e4,Snake4,80,5,1
f5cf812e-29ad-44f2-a93c-59ee7f86f0f8,30,123c66b9-b2a7-4991-8494-0d510356bd8d,Snake1,98,8,1
f5cf812e-29ad-44f2-a93c-59ee7f86f0f8,30,9d57409e-8150-476c-83ff-932a08211a47,Snake2,84,6,1
f5cf812e-29ad-44f2-a93c-59ee7f86f0f8,31,061ece82-179b-4bbf-90e6-1d71b3eeef18,Snake3,93,7,1
f5cf812e-29ad-44f2-a93c-59ee7f86f0f8,31,9316cda9-69dc-490c-a72f-d0abbc0f27e4,Snake4,79,5,1
f5cf812e-29ad-44f2-a93c-59ee7f86f0f8,31,123c66b9-b2a7-4991-8494-0d510356bd8d,Snake1,97,8,1
f5cf812e-29ad-44f2-a93c-59ee7f86f0f8,31,9d57409e-8150-476c-83ff-932a08211a47,Snake2,83,6,1
f5cf812e-29ad-44f2-a93c-59ee7f86f0f8,31,061ece82-179b-4bbf-90e6-1d71b3eeef18,Snake3,93,7,1
f5cf812e-29ad-44f2-a93c-59ee7f86f0f8,31,9316cda9-69dc-490c-a72f-d0abbc0f27e4,Snake4,79,5,1
f5cf812e-29ad-44f2-a93c-59ee7f86f0f8,31,123c66b9-b2a7-4991-8494-0d510356bd8d,Snake1,97,8,1
f5cf812e-29ad-44f2-a93c-59ee7f86f0f8,31,9d57409e-8150-476c-83ff-932a08211a47,Snake2,83,6,1
f5cf812e-29ad-44f2-a93c-59ee7f86f0f8,31,061ece82-179b-4bbf-90e6-1d71b3eeef18,Snake3,93,7,1
f5cf812e-29ad-44f2-a93c-59ee7f86f0f8,31,9316cda9-69dc-490c-a72f-d0abbc0f27e4,Snake4,79,5,1
f5cf812e-29ad-44f2-a93c-59ee7f86f0f8,31,123c66b9-b2a7-4991-8494-0d510356bd8d,Snake1,97,8,1
f5cf812e-29ad-44f2-a93c-59ee7f86f0f8,31,9d57409e-8150-476c-83ff-932a08211a47,Snake2,83,6,1
f5cf812e-29ad-44f2-a93c-59ee7f86f0f8,32,061ece82-179b-4bbf-90e6-1d71b3eeef18,Snake3,92,7,1
f5cf812e-29ad-44f2-a93c-59ee7f86f0f8,32,9316cda9-69dc-490c-a72f-d0abbc0f27e4,Snake4,78,5,1
f5cf812e-29ad-44f2-a93c-59ee7f86f0f8,32,123c66b9-b2a7-4991-8494-0d510356bd8d,Snake1,100,9,1
f5cf812e-29ad-44f2-a93c-59ee7f86f0f8,32,9d57409e-8150-476c-83ff-932a08211a47,Snake2,82,6,1
f5cf812e-29ad-44f2-a93c-59ee7f86f0f8,32,061ece82-179b-4bbf-90e6-1d71b3eeef18,Snake3,92,7,1
f5cf812e-29ad-44f2-a93c-59ee7f86f0f8,32,9316cda9-69dc-490c-a72f-d0abbc0f27e4,Snake4,78,5,1
f5cf812e-29ad-44f2-a93c-59ee7f86f0f8,32,123c66b9-b2a7-4991-8494-0d510356bd8d,Snake1,100,9,1
f5cf812e-29ad-44f2-a93c-59ee7f86f0f8,32,9d57409e-8150-476c-83ff-932a08211a47,Snake2,82,6,1
f5cf812e-29ad-44f2-a93c-59ee7f86f0f8,32,061ece82-179b-4bbf-90e6-1d71b3eeef18,Snake3,92,7,1
f5cf812e-29ad-44f2-a93c-59ee7f86f0f8,32,9316cda9-69dc-490c-a72f-d0abbc0f27e4,Snake4,78,5,1
f5cf812e-29ad-44f2-a93c-59ee7f86f0f8,32,123c66b9-b2a7-4991-8494-0d510356bd8d,Snake1,100,9,1
f5cf812e-29ad-44f2-a93c-59ee7f86f0f8,32,9d57409e-8150-476c-83ff-932a08211a47,Snake2,82,6,1
f5cf812e-29ad-44f2-a93c-59ee7f86f0f8,32,061ece82-179b-4bbf-90e6-1d71b3eeef18,Snake3,92,7,1
f5cf812e-29ad-44f2-a93c-59ee7f86f0f8,32,9316cda9-69dc-490c-a72f-d0abbc0f27e4,Snake4,78,5,1
f5cf812e-29ad-44f2-a93c-59ee7f86f0f8,32,123c66b9-b2a7-4991-8494-0d510356bd8d,Snake1,100,9,1
f5cf812e-29ad-44f2-a93c-59ee7f86f0f8,32,9d57409e-8150-476c-83ff-932a08211a47,Snake2,82,6,1
f5cf812e-29ad-44f2-a93c-59ee7f86f0f8,33,061ece82-179b-4bbf-90e6-1d71b3eeef18,Snake3,91,7,1
f5cf812e-29ad-44f2-a93c-59ee7f86f0f8,33,9316cda9-69dc-490c-a72f-d0abbc0f27e4,Snake4,77,5,1
f5cf812e-29ad-44f2-a93c-59ee7f86f0f8,33,123c66b9-b2a7-4991-8494-0d510356bd8d,Snake1,99,9,1
f5cf812e-29ad-44f2-a93c-59ee7f86f0f8,33,9d57409e-8150-476c-83ff-932a08211a47,Snake2,81,6,1
f5cf812e-29ad-44f2-a93c-59ee7f86f0f8,33,061ece82-179b-4bbf-90e6-1d71b3eeef18,Snake3,91,7,1
f5cf812e-29ad-44f2-a93c-59ee7f86f0f8,33,9316cda9-69dc-490c-a72f-d0abbc0f27e4,Snake4,77,5,1
f5cf812e-29ad-44f2-a93c-59ee7f86f0f8,33,123c66b9-b2a7-4991-8494-0d510356bd8d,Snake1,99,9,1
f5cf812e-29ad-44f2-a93c-59ee7f86f0f8,33,9d57409e-8150-476c-83ff-932a08211a47,Snake2,81,6,1
f5cf812e-29ad-44f2-a93c-59ee7f86f0f8,33,061ece82-179b-4bbf-90e6-1d71b3eeef18,Snake3,91,7,1
f5cf812e-29ad-44f2-a93c-59ee7f86f0f8,33,9316cda9-69dc-490c-a72f-d0abbc0f27e4,Snake4,77,5,1
f5cf812e-29ad-44f2-a93c-59ee7f86f0f8,33,123c66b9-b2a7-4991-8494-0d510356bd8d,Snake1,99,9,1
f5cf812e-29ad-44f2-a93c-59ee7f86f0f8,33,9d57409e-8150-476c-83ff-932a08211a47,Snake2,81,6,1
f5cf812e-29ad-44f2-a93c-59ee7f86f0f8,34,061ece82-179b-4bbf-90e6-1d71b3eeef18,Snake3,90,7,1
f5cf812e-29ad-44f2-a93c-59ee7f86f0f8,34,9316cda9-69dc-490c-a72f-d0abbc0f27e4,Snake4,76,5,1
f5cf812e-29ad-44f2-a93c-59ee7f86f0f8,34,123c66b9-b2a7-4991-8494-0d510356bd8d,Snake1,98,9,1
f5cf812e-29ad-44f2-a93c-59ee7f86f0f8,34,9d57409e-8150-476c-83ff-932a08211a47,Snake2,80,6,1
f5cf812e-29ad-44f2-a93c-59ee7f86f0f8,34,061ece82-179b-4bbf-90e6-1d71b3eeef18,Snake3,90,7,1
f5cf812e-29ad-44f2-a93c-59ee7f86f0f8,34,9316cda9-69dc-490c-a72f-d0abbc0f27e4,Snake4,76,5,1
f5cf812e-29ad-44f2-a93c-59ee7f86f0f8,34,123c66b9-b2a7-4991-8494-0d510356bd8d,Snake1,98,9,1
f5cf812e-29ad-44f2-a93c-59ee7f86f0f8,34,9d57409e-8150-476c-83ff-932a08211a47,Snake2,80,6,1
f5cf812e-29ad-44f2-a93c-59ee7f86f0f8,34,061ece82-179b-4bbf-90e6-1d71b3eeef18,Snake3,90,7,1
f5cf812e-29ad-44f2-a93c-59ee7f86f0f8,34,9316cda9-69dc-490c-a72f-d0abbc0f27e4,Snake4,76,5,1
f5cf812e-29ad-44f2-a93c-59ee7f86f0f8,34,123c66b9-b2a7-4991-8494-0d510356bd8d,Snake1,98,9,1
f5cf812e-29ad-44f2-a93c-59ee7f86f0f8,34,9d57409e-8150-476c-83ff-932a08211a47,Snake2,80,6,1
f5cf812e-29ad-44f2-a93c-59ee7f86f0f8,35,061ece82-179b-4bbf-90e6-1d71b3eeef18,Snake3,89,7,1
f5cf812e-29ad-44f2-a93c-59ee7f86f0f8,35,9316cda9-69dc-490c-a72f-d0abbc0f27e4,Snake4,75,5,1
f5cf812e-29ad-44f2-a93c-59ee7f86f0f8,35,123c66b9-b2a7-4991-8494-0d510356bd8d,Snake1,97,9,1
f5cf812e-29ad-44f2-a93c-59ee7f86f0f8,35,9d57409e-8150-476c-83ff-932a08211a47,Snake2,79,6,1
f5cf812e-29ad-44f2-a93c-59ee7f86f0f8,35,061ece82-179b-4bbf-90e6-1d71b3eeef18,Snake3,89,7,1
f5cf812e-29ad-44f2-a93c-59ee7f86f0f8,35,9316cda9-69dc-490c-a72f-d0abbc0f27e4,Snake4,75,5,1
f5cf812e-29ad-44f2-a93c-59ee7f86f0f8,35,123c66b9-b2a7-4991-8494-0d510356bd8d,Snake1,97,9,1
f5cf812e-29ad-44f2-a93c-59ee7f86f0f8,35,9d57409e-8150-476c-83ff-932a08211a47,Snake2,79,6,1
f5cf812e-29ad-44f2-a93c-59ee7f86f0f8,35,061ece82-179b-4bbf-90e6-1d71b3eeef18,Snake3,89,7,1
f5cf812e-29ad-44f2-a93c-59ee7f86f0f8,35,9316cda9-69dc-490c-a72f-d0abbc0f27e4,Snake4,75,5,1
f5cf812e-29ad-44f2-a93c-59ee7f86f0f8,35,123c66b9-b2a7-4991-8494-0d510356bd8d,Snake1,97,9,1
f5cf812e-29ad-44f2-a93c-59ee7f86f0f8,35,9d57409e-8150-476c-83ff-932a08211a47,Snake2,79,6,1
f5cf812e-29ad-44f2-a93c-59ee7f86f0f8,35,061ece82-179b-4bbf-90e6-1d71b3eeef18,Snake3,89,7,1
f5cf812e-29ad-44f2-a93c-59ee7f86f0f8,35,9316cda9-69dc-490c-a72f-d0abbc0f27e4,Snake4,75,5,1
f5cf812e-29ad-44f2-a93c-59ee7f86f0f8,35,123c66b9-b2a7-4991-8494-0d510356bd8d,Snake1,97,9,1
f5cf812e-29ad-44f2-a93c-59ee7f86f0f8,35,9d57409e-8150-476c-83ff-932a08211a47,Snake2,79,6,1
f5cf812e-29ad-44f2-a93c-59ee7f86f0f8,36,061ece82-179b-4bbf-90e6-1d71b3eeef18,Snake3,88,7,1
f5cf812e-29ad-44f2-a93c-59ee7f86f0f8,36,9316cda9-69dc-490c-a72f-d0abbc0f27e4,Snake4,74,5,1
f5cf812e-29ad-44f2-a93c-59ee7f86f0f8,36,123c66b9-b2a7-4991-8494-0d510356bd8d,Snake1,96,9,1
f5cf812e-29ad-44f2-a93c-59ee7f86f0f8,36,9d57409e-8150-476c-83ff-932a08211a47,Snake2,78,6,1
f5cf812e-29ad-44f2-a93c-59ee7f86f0f8,36,061ece82-179b-4bbf-90e6-1d71b3eeef18,Snake3,88,7,1
f5cf812e-29ad-44f2-a93c-59ee7f86f0f8,36,9316cda9-69dc-490c-a72f-d0abbc0f27e4,Snake4,74,5,1
f5cf812e-29ad-44f2-a93c-59ee7f86f0f8,36,123c66b9-b2a7-4991-8494-0d510356bd8d,Snake1,96,9,1
f5cf812e-29ad-44f2-a93c-59ee7f86f0f8,36,9d57409e-8150-476c-83ff-932a08211a47,Snake2,78,6,1
f5cf812e-29ad-44f2-a93c-59ee7f86f0f8,36,061ece82-179b-4bbf-90e6-1d71b3eeef18,Snake3,88,7,1
f5cf812e-29ad-44f2-a93c-59ee7f86f0f8,36,9316cda9-69dc-490c-a72f-d0abbc0f27e4,Snake4,74,5,1
f5cf812e-29ad-44f2-a93c-59ee7f86f0f8,36,123c66b9-b2a7-4991-8494-0d510356bd8d,Snake1,96,9,1
f5cf812e-29ad-44f2-a93c-59ee7f86f0f8,36,9d57409e-8150-476c-83ff-932a08211a47,Snake2,78,6,1
f5cf812e-29ad-44f2-a93c-59ee7f86f0f8,37,061ece82-179b-4bbf-90e6-1d71b3eeef18,Snake3,87,7,1
f5cf812e-29ad-44f2-a93c-59ee7f86f0f8,37,9316cda9-69dc-490c-a72f-d0abbc0f27e4,Snake4,73,5,1
f5cf812e-29ad-44f2-a93c-59ee7f86f0f8,37,123c66b9-b2a7-4991-8494-0d510356bd8d,Snake1,95,9,1
f5cf812e-29ad-44f2-a93c-59ee7f86f0f8,37,9d57409e-8150-476c-83ff-932a08211a47,Snake2,77,6,1
f5cf812e-29ad-44f2-a93c-59ee7f86f0f8,37,061ece82-179b-4bbf-90e6-1d71b3eeef18,Snake3,87,7,1
f5cf812e-29ad-44f2-a93c-59ee7f86f0f8,37,9316cda9-69dc-490c-a72f-d0abbc0f27e4,Snake4,73,5,1
f5cf812e-29ad-44f2-a93c-59ee7f86f0f8,37,123c66b9-b2a7-4991-8494-0d510356bd8d,Snake1,95,9,1
f5cf812e-29ad-44f2-a93c-59ee7f86f0f8,37,9d57409e-8150-476c-83ff-932a08211a47,Snake2,77,6,1
f5cf812e-29ad-44f2-a93c-59ee7f86f0f8,37,061ece82-179b-4bbf-90e6-1d71b3eeef18,Snake3,87,7,1
f5cf812e-29ad-44f2-a93c-59ee7f86f0f8,37,9316cda9-69dc-490c-a72f-d0abbc0f27e4,Snake4,73,5,1
f5cf812e-29ad-44f2-a93c-59ee7f86f0f8,37,123c66b9-b2a7-4991-8494-0d510356bd8d,Snake1,95,9,1
f5cf812e-29ad-44f2-a93c-59ee7f86f0f8,37,9d57409e-8150-476c-83ff-932a08211a47,Snake2,77,6,1
f5cf812e-29ad-44f2-a93c-59ee7f86f0f8,38,061ece82-179b-4bbf-90e6-1d71b3eeef18,Snake3,86,7,1
f5cf812e-29ad-44f2-a93c-59ee7f86f0f8,38,9316cda9-69dc-490c-a72f-d0abbc0f27e4,Snake4,72,5,1
f5cf812e-29ad-44f2-a93c-59ee7f86f0f8,38,123c66b9-b2a7-4991-8494-0d510356bd8d,Snake1,94,9,1
f5cf812e-29ad-44f2-a93c-59ee7f86f0f8,38,9d57409e-8150-476c-83ff-932a08211a47,Snake2,76,6,1
f5cf812e-29ad-44f2-a93c-59ee7f86f0f8,38,061ece82-179b-4bbf-90e6-1d71b3eeef18,Snake3,86,7,1
f5cf812e-29ad-44f2-a93c-59ee7f86f0f8,38,9316cda9-69dc-490c-a72f-d0abbc0f27e4,Snake4,72,5,1
f5cf812e-29ad-44f2-a93c-59ee7f86f0f8,38,123c66b9-b2a7-4991-8494-0d510356bd8d,Snake1,94,9,1
f5cf812e-29ad-44f2-a93c-59ee7f86f0f8,38,9d57409e-8150-476c-83ff-932a08211a47,Snake2,76,6,1
f5cf812e-29ad-44f2-a93c-59ee7f86f0f8,39,061ece82-179b-4bbf-90e6-1d71b3eeef18,Snake3,100,8,1
f5cf812e-29ad-44f2-a93c-59ee7f86f0f8,39,9316cda9-69dc-490c-a72f-d0abbc0f27e4,Snake4,71,5,1
f5cf812e-29ad-44f2-a93c-59ee7f86f0f8,39,123c66b9-b2a7-4991-8494-0d510356bd8d,Snake1,93,9,1
f5cf812e-29ad-44f2-a93c-59ee7f86f0f8,39,9d57409e-8150-476c-83ff-932a08211a47,Snake2,75,6,1
f5cf812e-29ad-44f2-a93c-59ee7f86f0f8,39,061ece82-179b-4bbf-90e6-1d71b3eeef18,Snake3,100,8,1
f5cf812e-29ad-44f2-a93c-59ee7f86f0f8,39,9316cda9-69dc-490c-a72f-d0abbc0f27e4,Snake4,71,5,1
f5cf812e-29ad-44f2-a93c-59ee7f86f0f8,39,123c66b9-b2a7-4991-8494-0d510356bd8d,Snake1,93,9,1
f5cf812e-29ad-44f2-a93c-59ee7f86f0f8,39,9d57409e-8150-476c-83ff-932a08211a47,Snake2,75,6,1
f5cf812e-29ad-44f2-a93c-59ee7f86f0f8,39,061ece82-179b-4bbf-90e6-1d71b3eeef18,Snake3,100,8,1
f5cf812e-29ad-44f2-a93c-59ee7f86f0f8,39,9316cda9-69dc-490c-a72f-d0abbc0f27e4,Snake4,71,5,1
f5cf812e-29ad-44f2-a93c-59ee7f86f0f8,39,123c66b9-b2a7-4991-8494-0d510356bd8d,Snake1,93,9,1
f5cf812e-29ad-44f2-a93c-59ee7f86f0f8,39,9d57409e-8150-476c-83ff-932a08211a47,Snake2,75,6,1
f5cf812e-29ad-44f2-a93c-59ee7f86f0f8,40,061ece82-179b-4bbf-90e6-1d71b3eeef18,Snake3,99,8,1
f5cf812e-29ad-44f2-a93c-59ee7f86f0f8,40,9316cda9-69dc-490c-a72f-d0abbc0f27e4,Snake4,70,5,1
f5cf812e-29ad-44f2-a93c-59ee7f86f0f8,40,123c66b9-b2a7-4991-8494-0d510356bd8d,Snake1,92,9,1
f5cf812e-29ad-44f2-a93c-59ee7f86f0f8,40,9d57409e-8150-476c-83ff-932a08211a47,Snake2,74,6,1
f5cf812e-29ad-44f2-a93c-59ee7f86f0f8,40,061ece82-179b-4bbf-90e6-1d71b3eeef18,Snake3,99,8,1
f5cf812e-29ad-44f2-a93c-59ee7f86f0f8,40,9316cda9-69dc-490c-a72f-d0abbc0f27e4,Snake4,70,5,1
f5cf812e-29ad-44f2-a93c-59ee7f86f0f8,40,123c66b9-b2a7-4991-8494-0d510356bd8d,Snake1,92,9,1
f5cf812e-29ad-44f2-a93c-59ee7f86f0f8,40,9d57409e-8150-476c-83ff-932a08211a47,Snake2,74,6,1
f5cf812e-29ad-44f2-a93c-59ee7f86f0f8,40,061ece82-179b-4bbf-90e6-1d71b3eeef18,Snake3,99,8,1
f5cf812e-29ad-44f2-a93c-59ee7f86f0f8,40,9316cda9-69dc-490c-a72f-d0abbc0f27e4,Snake4,70,5,1
f5cf812e-29ad-44f2-a93c-59ee7f86f0f8,40,123c66b9-b2a7-4991-8494-0d510356bd8d,Snake1,92,9,1
f5cf812e-29ad-44f2-a93c-59ee7f86f0f8,40,9d57409e-8150-476c-83ff-932a08211a47,Snake2,74,6,1
f5cf812e-29ad-44f2-a93c-59ee7f86f0f8,41,061ece82-179b-4bbf-90e6-1d71b3eeef18,Snake3,98,8,1
f5cf812e-29ad-44f2-a93c-59ee7f86f0f8,41,9316cda9-69dc-490c-a72f-d0abbc0f27e4,Snake4,100,6,1
f5cf812e-29ad-44f2-a93c-59ee7f86f0f8,41,123c66b9-b2a7-4991-8494-0d510356bd8d,Snake1,91,9,1
f5cf812e-29ad-44f2-a93c-59ee7f86f0f8,41,9d57409e-8150-476c-83ff-932a08211a47,Snake2,73,6,1
f5cf812e-29ad-44f2-a93c-59ee7f86f0f8,41,061ece82-179b-4bbf-90e6-1d71b3eeef18,Snake3,98,8,1
f5cf812e-29ad-44f2-a93c-59ee7f86f0f8,41,9316cda9-69dc-490c-a72f-d0abbc0f27e4,Snake4,100,6,1
f5cf812e-29ad-44f2-a93c-59ee7f86f0f8,41,123c66b9-b2a7-4991-8494-0d510356bd8d,Snake1,91,9,1
f5cf812e-29ad-44f2-a93c-59ee7f86f0f8,41,9d57409e-8150-476c-83ff-932a08211a47,Snake2,73,6,1
f5cf812e-29ad-44f2-a93c-59ee7f86f0f8,41,061ece82-179b-4bbf-90e6-1d71b3eeef18,Snake3,98,8,1
f5cf812e-29ad-44f2-a93c-59ee7f86f0f8,41,9316cda9-69dc-490c-a72f-d0abbc0f27e4,Snake4,100,6,1
f5cf812e-29ad-44f2-a93c-59ee7f86f0f8,41,123c66b9-b2a7-4991-8494-0d510356bd8d,Snake1,91,9,1
f5cf812e-29ad-44f2-a93c-59ee7f86f0f8,41,9d57409e-8150-476c-83ff-932a08211a47,Snake2,73,6,1
f5cf812e-29ad-44f2-a93c-59ee7f86f0f8,41,061ece82-179b-4bbf-90e6-1d71b3eeef18,Snake3,98,8,1
f5cf812e-29ad-44f2-a93c-59ee7f86f0f8,41,9316cda9-69dc-490c-a72f-d0abbc0f27e4,Snake4,100,6,1
f5cf812e-29ad-44f2-a93c-59ee7f86f0f8,41,123c66b9-b2a7-4991-8494-0d510356bd8d,Snake1,91,9,1
f5cf812e-29ad-44f2-a93c-59ee7f86f0f8,41,9d57409e-8150-476c-83ff-932a08211a47,Snake2,73,6,1
f5cf812e-29ad-44f2-a93c-59ee7f86f0f8,42,061ece82-179b-4bbf-90e6-1d71b3eeef18,Snake3,97,8,1
f5cf812e-29ad-44f2-a93c-59ee7f86f0f8,42,9316cda9-69dc-490c-a72f-d0abbc0f27e4,Snake4,99,6,1
f5cf812e-29ad-44f2-a93c-59ee7f86f0f8,42,123c66b9-b2a7-4991-8494-0d510356bd8d,Snake1,90,9,1
f5cf812e-29ad-44f2-a93c-59ee7f86f0f8,42,9d57409e-8150-476c-83ff-932a08211a47,Snake2,72,6,1
f5cf812e-29ad-44f2-a93c-59ee7f86f0f8,42,061ece82-179b-4bbf-90e6-1d71b3eeef18,Snake3,97,8,1
f5cf812e-29ad-44f2-a93c-59ee7f86f0f8,42,9316cda9-69dc-490c-a72f-d0abbc0f27e4,Snake4,99,6,1
f5cf812e-29ad-44f2-a93c-59ee7f86f0f8,42,123c66b9-b2a7-4991-8494-0d510356bd8d,Snake1,90,9,1
f5cf812e-29ad-44f2-a93c-59ee7f86f0f8,42,9d57409e-8150-476c-83ff-932a08211a47,Snake2,72,6,1
f5cf812e-29ad-44f2-a93c-59ee7f86f0f8,42,061ece82-179b-4bbf-90e6-1d71b3eeef18,Snake3,97,8,1
f5cf812e-29ad-44f2-a93c-59ee7f86f0f8,42,9316cda9-69dc-490c-a72f-d0abbc0f27e4,Snake4,99,6,1
f5cf812e-29ad-44f2-a93c-59ee7f86f0f8,42,123c66b9-b2a7-4991-8494-0d510356bd8d,Snake1,90,9,1
f5cf812e-29ad-44f2-a93c-59ee7f86f0f8,42,9d57409e-8150-476c-83ff-932a08211a47,Snake2,72,6,1
f5cf812e-29ad-44f2-a93c-59ee7f86f0f8,43,061ece82-179b-4bbf-90e6-1d71b3eeef18,Snake3,96,8,1
f5cf812e-29ad-44f2-a93c-59ee7f86f0f8,43,9316cda9-69dc-490c-a72f-d0abbc0f27e4,Snake4,98,6,1
f5cf812e-29ad-44f2-a93c-59ee7f86f0f8,43,123c66b9-b2a7-4991-8494-0d510356bd8d,Snake1,89,9,1
f5cf812e-29ad-44f2-a93c-59ee7f86f0f8,43,9d57409e-8150-476c-83ff-932a08211a47,Snake2,71,6,1
f5cf812e-29ad-44f2-a93c-59ee7f86f0f8,43,061ece82-179b-4bbf-90e6-1d71b3eeef18,Snake3,96,8,1
f5cf812e-29ad-44f2-a93c-59ee7f86f0f8,43,9316cda9-69dc-490c-a72f-d0abbc0f27e4,Snake4,98,6,1
f5cf812e-29ad-44f2-a93c-59ee7f86f0f8,43,123c66b9-b2a7-4991-8494-0d510356bd8d,Snake1,89,9,1
f5cf812e-29ad-44f2-a93c-59ee7f86f0f8,43,9d57409e-8150-476c-83ff-932a08211a47,Snake2,71,6,1
f5cf812e-29ad-44f2-a93c-59ee7f86f0f8,43,061ece82-179b-4bbf-90e6-1d71b3eeef18,Snake3,96,8,1
f5cf812e-29ad-44f2-a93c-59ee7f86f0f8,43,9316cda9-69dc-490c-a72f-d0abbc0f27e4,Snake4,98,6,1
f5cf812e-29ad-44f2-a93c-59ee7f86f0f8,43,123c66b9-b2a7-4991-8494-0d510356bd8d,Snake1,89,9,1
f5cf812e-29ad-44f2-a93c-59ee7f86f0f8,43,9d57409e-8150-476c-83ff-932a08211a47,Snake2,71,6,1
f5cf812e-29ad-44f2-a93c-59ee7f86f0f8,44,061ece82-179b-4bbf-90e6-1d71b3eeef18,Snake3,95,8,1
f5cf812e-29ad-44f2-a93c-59ee7f86f0f8,44,9316cda9-69dc-490c-a72f-d0abbc0f27e4,Snake4,97,6,1
f5cf812e-29ad-44f2-a93c-59ee7f86f0f8,44,123c66b9-b2a7-4991-8494-0d510356bd8d,Snake1,88,9,1
f5cf812e-29ad-44f2-a93c-59ee7f86f0f8,44,9d57409e-8150-476c-83ff-932a08211a47,Snake2,70,6,1
f5cf812e-29ad-44f2-a93c-59ee7f86f0f8,44,061ece82-179b-4bbf-90e6-1d71b3eeef18,Snake3,95,8,1
f5cf812e-29ad-44f2-a93c-59ee7f86f0f8,44,9316cda9-69dc-490c-a72f-d0abbc0f27e4,Snake4,97,6,1
f5cf812e-29ad-44f2-a93c-59ee7f86f0f8,44,123c66b9-b2a7-4991-8494-0d510356bd8d,Snake1,88,9,1
f5cf812e-29ad-44f2-a93c-59ee7f86f0f8,44,9d57409e-8150-476c-83ff-932a08211a47,Snake2,70,6,1
f5cf812e-29ad-44f2-a93c-59ee7f86f0f8,44,061ece82-179b-4bbf-90e6-1d71b3eeef18,Snake3,95,8,1
f5cf812e-29ad-44f2-a93c-59ee7f86f0f8,44,9316cda9-69dc-490c-a72f-d0abbc0f27e4,Snake4,97,6,1
f5cf812e-29ad-44f2-a93c-59ee7f86f0f8,44,123c66b9-b2a7-4991-8494-0d510356bd8d,Snake1,88,9,1
f5cf812e-29ad-44f2-a93c-59ee7f86f0f8,44,9d57409e-8150-476c-83ff-932a08211a47,Snake2,70,6,1
f5cf812e-29ad-44f2-a93c-59ee7f86f0f8,45,061ece82-179b-4bbf-90e6-1d71b3eeef18,Snake3,94,8,1
f5cf812e-29ad-44f2-a93c-59ee7f86f0f8,45,9316cda9-69dc-490c-a72f-d0abbc0f27e4,Snake4,96,6,1
f5cf812e-29ad-44f2-a93c-59ee7f86f0f8,45,123c66b9-b2a7-4991-8494-0d510356bd8d,Snake1,87,9,1
f5cf812e-29ad-44f2-a93c-59ee7f86f0f8,45,9d57409e-8150-476c-83ff-932a08211a47,Snake2,69,6,1
f5cf812e-29ad-44f2-a93c-59ee7f86f0f8,45,061ece82-179b-4bbf-90e6-1d71b3eeef18,Snake3,94,8,1
f5cf812e-29ad-44f2-a93c-59ee7f86f0f8,45,9316cda9-69dc-490c-a72f-d0abbc0f27e4,Snake4,96,6,1
f5cf812e-29ad-44f2-a93c-59ee7f86f0f8,45,123c66b9-b2a7-4991-8494-0d510356bd8d,Snake1,87,9,1
f5cf812e-29ad-44f2-a93c-59ee7f86f0f8,45,9d57409e-8150-476c-83ff-932a08211a47,Snake2,69,6,1
f5cf812e-29ad-44f2-a93c-59ee7f86f0f8,46,061ece82-179b-4bbf-90e6-1d71b3eeef18,Snake3,93,8,1
f5cf812e-29ad-44f2-a93c-59ee7f86f0f8,46,9316cda9-69dc-490c-a72f-d0abbc0f27e4,Snake4,95,6,1
f5cf812e-29ad-44f2-a93c-59ee7f86f0f8,46,123c66b9-b2a7-4991-8494-0d510356bd8d,Snake1,86,9,1
f5cf812e-29ad-44f2-a93c-59ee7f86f0f8,46,9d57409e-8150-476c-83ff-932a08211a47,Snake2,68,6,1
f5cf812e-29ad-44f2-a93c-59ee7f86f0f8,46,061ece82-179b-4bbf-90e6-1d71b3eeef18,Snake3,93,8,1
f5cf812e-29ad-44f2-a93c-59ee7f86f0f8,46,9316cda9-69dc-490c-a72f-d0abbc0f27e4,Snake4,95,6,1
f5cf812e-29ad-44f2-a93c-59ee7f86f0f8,46,123c66b9-b2a7-4991-8494-0d510356bd8d,Snake1,86,9,1
f5cf812e-29ad-44f2-a93c-59ee7f86f0f8,46,9d57409e-8150-476c-83ff-932a08211a47,Snake2,68,6,1
f5cf812e-29ad-44f2-a93c-59ee7f86f0f8,46,061ece82-179b-4bbf-90e6-1d71b3eeef18,Snake3,93,8,1
f5cf812e-29ad-44f2-a93c-59ee7f86f0f8,46,9316cda9-69dc-490c-a72f-d0abbc0f27e4,Snake4,95,6,1
f5cf812e-29ad-44f2-a93c-59ee7f86f0f8,46,123c66b9-b2a7-4991-8494-0d510356bd8d,Snake1,86,9,1
f5cf812e-29ad-44f2-a93c-59ee7f86f0f8,46,9d57409e-8150-476c-83ff-932a08211a47,Snake2,68,6,1
f5cf812e-29ad-44f2-a93c-59ee7f86f0f8,47,061ece82-179b-4bbf-90e6-1d71b3eeef18,Snake3,92,8,1
f5cf812e-29ad-44f2-a93c-59ee7f86f0f8,47,9316cda9-69dc-490c-a72f-d0abbc0f27e4,Snake4,94,6,1
f5cf812e-29ad-44f2-a93c-59ee7f86f0f8,47,123c66b9-b2a7-4991-8494-0d510356bd8d,Snake1,85,9,1
f5cf812e-29ad-44f2-a93c-59ee7f86f0f8,47,9d57409e-8150-476c-83ff-932a08211a47,Snake2,67,6,1
f5cf812e-29ad-44f2-a93c-59ee7f86f0f8,47,061ece82-179b-4bbf-90e6-1d71b3eeef18,Snake3,92,8,1
f5cf812e-29ad-44f2-a93c-59ee7f86f0f8,47,9316cda9-69dc-490c-a72f-d0abbc0f27e4,Snake4,94,6,1
f5cf812e-29ad-44f2-a93c-59ee7f86f0f8,47,123c66b9-b2a7-4991-8494-0d510356bd8d,Snake1,85,9,1
f5cf812e-29ad-44f2-a93c-59ee7f86f0f8,47,9d57409e-8150-476c-83ff-932a08211a47,Snake2,67,6,1
f5cf812e-29ad-44f2-a93c-59ee7f86f0f8,47,061ece82-179b-4bbf-90e6-1d71b3eeef18,Snake3,92,8,1
f5cf812e-29ad-44f2-a93c-59ee7f86f0f8,47,9316cda9-69dc-490c-a72f-d0abbc0f27e4,Snake4,94,6,1
f5cf812e-29ad-44f2-a93c-59ee7f86f0f8,47,123c66b9-b2a7-4991-8494-0d510356bd8d,Snake1,85,9,1
f5cf812e-29ad-44f2-a93c-59ee7f86f0f8,47,9d57409e-8150-476c-83ff-932a08211a47,Snake2,67,6,1
f5cf812e-29ad-44f2-a93c-59ee7f86f0f8,48,061ece82-179b-4bbf-90e6-1d71b3eeef18,Snake3,91,8,1
f5cf812e-29ad-44f2-a93c-59ee7f86f0f8,48,9316cda9-69dc-490c-a72f-d0abbc0f27e4,Snake4,93,6,1
f5cf812e-29ad-44f2-a93c-59ee7f86f0f8,48,123c66b9-b2a7-4991-8494-0d510356bd8d,Snake1,84,9,1
f5cf812e-29ad-44f2-a93c-59ee7f86f0f8,48,9d57409e-8150-476c-83ff-932a08211a47,Snake2,66,6,1
f5cf812e-29ad-44f2-a93c-59ee7f86f0f8,48,061ece82-179b-4bbf-90e6-1d71b3eeef18,Snake3,91,8,1
f5cf812e-29ad-44f2-a93c-59ee7f86f0f8,48,9316cda9-69dc-490c-a72f-d0abbc0f27e4,Snake4,93,6,1
f5cf812e-29ad-44f2-a93c-59ee7f86f0f8,48,123c66b9-b2a7-4991-8494-0d510356bd8d,Snake1,84,9,1
f5cf812e-29ad-44f2-a93c-59ee7f86f0f8,48,9d57409e-8150-476c-83ff-932a08211a47,Snake2,66,6,1
f5cf812e-29ad-44f2-a93c-59ee7f86f0f8,48,061ece82-179b-4bbf-90e6-1d71b3eeef18,Snake3,91,8,1
f5cf812e-29ad-44f2-a93c-59ee7f86f0f8,48,9316cda9-69dc-490c-a72f-d0abbc0f27e4,Snake4,93,6,1
f5cf812e-29ad-44f2-a93c-59ee7f86f0f8,48,123c66b9-b2a7-4991-8494-0d510356bd8d,Snake1,84,9,1
f5cf812e-29ad-44f2-a93c-59ee7f86f0f8,48,9d57409e-8150-476c-83ff-932a08211a47,Snake2,66,6,1
f5cf812e-29ad-44f2-a93c-59ee7f86f0f8,48,061ece82-179b-4bbf-90e6-1d71b3eeef18,Snake3,91,8,1
f5cf812e-29ad-44f2-a93c-59ee7f86f0f8,48,9316cda9-69dc-490c-a72f-d0abbc0f27e4,Snake4,93,6,1
f5cf812e-29ad-44f2-a93c-59ee7f86f0f8,48,123c66b9-b2a7-4991-8494-0d510356bd8d,Snake1,84,9,1
f5cf812e-29ad-44f2-a93c-59ee7f86f0f8,48,9d57409e-8150-476c-83ff-932a08211a47,Snake2,66,6,1
f5cf812e-29ad-44f2-a93c-59ee7f86f0f8,49,061ece82-179b-4bbf-90e6-1d71b3eeef18,Snake3,90,8,1
f5cf812e-29ad-44f2-a93c-59ee7f86f0f8,49,9316cda9-69dc-490c-a72f-d0abbc0f27e4,Snake4,92,6,1
f5cf812e-29ad-44f2-a93c-59ee7f86f0f8,49,123c66b9-b2a7-4991-8494-0d510356bd8d,Snake1,83,9,1
f5cf812e-29ad-44f2-a93c-59ee7f86f0f8,49,9d57409e-8150-476c-83ff-932a08211a47,Snake2,65,6,1
f5cf812e-29ad-44f2-a93c-59ee7f86f0f8,49,061ece82-179b-4bbf-90e6-1d71b3eeef18,Snake3,90,8,1
f5cf812e-29ad-44f2-a93c-59ee7f86f0f8,49,9316cda9-69dc-490c-a72f-d0abbc0f27e4,Snake4,92,6,1
f5cf812e-29ad-44f2-a93c-59ee7f86f0f8,49,123c66b9-b2a7-4991-8494-0d510356bd8d,Snake1,83,9,1
f5cf812e-29ad-44f2-a93c-59ee7f86f0f8,49,9d57409e-8150-476c-83ff-932a08211a47,Snake2,65,6,1
f5cf812e-29ad-44f2-a93c-59ee7f86f0f8,49,061ece82-179b-4bbf-90e6-1d71b3eeef18,Snake3,90,8,1
f5cf812e-29ad-44f2-a93c-59ee7f86f0f8,49,9316cda9-69dc-490c-a72f-d0abbc0f27e4,Snake4,92,6,1
f5cf812e-29ad-44f2-a93c-59ee7f86f0f8,49,123c66b9-b2a7-4991-8494-0d510356bd8d,Snake1,83,9,1
f5cf812e-29ad-44f2-a93c-59ee7f86f0f8,49,9d57409e-8150-476c-83ff-932a08211a47,Snake2,65,6,1
f5cf812e-29ad-44f2-a93c-59ee7f86f0f8,50,061ece82-179b-4bbf-90e6-1d71b3eeef18,Snake3,89,8,1
f5cf812e-29ad-44f2-a93c-59ee7f86f0f8,50,9316cda9-69dc-490c-a72f-d0abbc0f27e4,Snake4,91,6,1
f5cf812e-29ad-44f2-a93c-59ee7f86f0f8,50,123c66b9-b2a7-4991-8494-0d510356bd8d,Snake1,82,9,1
f5cf812e-29ad-44f2-a93c-59ee7f86f0f8,50,9d57409e-8150-476c-83ff-932a08211a47,Snake2,64,6,1
f5cf812e-29ad-44f2-a93c-59ee7f86f0f8,50,061ece82-179b-4bbf-90e6-1d71b3eeef18,Snake3,89,8,1
f5cf812e-29ad-44f2-a93c-59ee7f86f0f8,50,9316cda9-69dc-490c-a72f-d0abbc0f27e4,Snake4,91,6,1
f5cf812e-29ad-44f2-a93c-59ee7f86f0f8,50,123c66b9-b2a7-4991-8494-0d510356bd8d,Snake1,82,9,1
f5cf812e-29ad-44f2-a93c-59ee7f86f0f8,50,9d57409e-8150-476c-83ff-932a08211a47,Snake2,64,6,1
f5cf812e-29ad-44f2-a93c-59ee7f86f0f8,50,061ece82-179b-4bbf-90e6-1d71b3eeef18,Snake3,89,8,1
f5cf812e-29ad-44f2-a93c-59ee7f86f0f8,50,9316cda9-69dc-490c-a72f-d0abbc0f27e4,Snake4,91,6,1
f5cf812e-29ad-44f2-a93c-59ee7f86f0f8,50,123c66b9-b2a7-4991-8494-0d510356bd8d,Snake1,82,9,1
f5cf812e-29ad-44f2-a93c-59ee7f86f0f8,50,9d57409e-8150-476c-83ff-932a08211a47,Snake2,64,6,1
f5cf812e-29ad-44f2-a93c-59ee7f86f0f8,51,061ece82-179b-4bbf-90e6-1d71b3eeef18,Snake3,88,8,1
f5cf812e-29ad-44f2-a93c-59ee7f86f0f8,51,9316cda9-69dc-490c-a72f-d0abbc0f27e4,Snake4,90,6,1
f5cf812e-29ad-44f2-a93c-59ee7f86f0f8,51,123c66b9-b2a7-4991-8494-0d510356bd8d,Snake1,81,9,1
f5cf812e-29ad-44f2-a93c-59ee7f86f0f8,51,9d57409e-8150-476c-83ff-932a08211a47,Snake2,63,6,1
f5cf812e-29ad-44f2-a93c-59ee7f86f0f8,51,061ece82-179b-4bbf-90e6-1d71b3eeef18,Snake3,88,8,1
f5cf812e-29ad-44f2-a93c-59ee7f86f0f8,51,9316cda9-69dc-490c-a72f-d0abbc0f27e4,Snake4,90,6,1
f5cf812e-29ad-44f2-a93c-59ee7f86f0f8,51,123c66b9-b2a7-4991-8494-0d510356bd8d,Snake1,81,9,1
f5cf812e-29ad-44f2-a93c-59ee7f86f0f8,51,9d57409e-8150-476c-83ff-932a08211a47,Snake2,63,6,1
f5cf812e-29ad-44f2-a93c-59ee7f86f0f8,51,061ece82-179b-4bbf-90e6-1d71b3eeef18,Snake3,88,8,1
f5cf812e-29ad-44f2-a93c-59ee7f86f0f8,51,9316cda9-69dc-490c-a72f-d0abbc0f27e4,Snake4,90,6,1
f5cf812e-29ad-44f2-a93c-59ee7f86f0f8,51,123c66b9-b2a7-4991-8494-0d510356bd8d,Snake1,81,9,1
f5cf812e-29ad-44f2-a93c-59ee7f86f0f8,51,9d57409e-8150-476c-83ff-932a08211a47,Snake2,63,6,1
f5cf812e-29ad-44f2-a93c-59ee7f86f0f8,51,061ece82-179b-4bbf-90e6-1d71b3eeef18,Snake3,88,8,1
f5cf812e-29ad-44f2-a93c-59ee7f86f0f8,51,9316cda9-69dc-490c-a72f-d0abbc0f27e4,Snake4,90,6,1
f5cf812e-29ad-44f2-a93c-59ee7f86f0f8,51,123c66b9-b2a7-4991-8494-0d510356bd8d,Snake1,81,9,1
f5cf812e-29ad-44f2-a93c-59ee7f86f0f8,51,9d57409e-8150-476c-83ff-932a08211a47,Snake2,63,6,1
f5cf812e-29ad-44f2-a93c-59ee7f86f0f8,52,061ece82-179b-4bbf-90e6-1d71b3eeef18,Snake3,87,8,1
f5cf812e-29ad-44f2-a93c-59ee7f86f0f8,52,9316cda9-69dc-490c-a72f-d0abbc0f27e4,Snake4,89,6,1
f5cf812e-29ad-44f2-a93c-59ee7f86f0f8,52,123c66b9-b2a7-4991-8494-0d510356bd8d,Snake1,80,9,1
f5cf812e-29ad-44f2-a93c-59ee7f86f0f8,52,9d57409e-8150-476c-83ff-932a08211a47,Snake2,62,6,1
f5cf812e-29ad-44f2-a93c-59ee7f86f0f8,52,061ece82-179b-4bbf-90e6-1d71b3eeef18,Snake3,87,8,1
f5cf812e-29ad-44f2-a93c-59ee7f86f0f8,52,9316cda9-69dc-490c-a72f-d0abbc0f27e4,Snake4,89,6,1
f5cf812e-29ad-44f2-a93c-59ee7f86f0f8,52,123c66b9-b2a7-4991-8494-0d510356bd8d,Snake1,80,9,1
f5cf812e-29ad-44f2-a93c-59ee7f86f0f8,52,9d57409e-8150-476c-83ff-932a08211a47,Snake2,62,6,1
f5cf812e-29ad-44f2-a93c-59ee7f86f0f8,52,061ece82-179b-4bbf-90e6-1d71b3eeef18,Snake3,87,8,1
f5cf812e-29ad-44f2-a93c-59ee7f86f0f8,52,9316cda9-69dc-490c-a72f-d0abbc0f27e4,Snake4,89,6,1
f5cf812e-29ad-44f2-a93c-59ee7f86f0f8,52,123c66b9-b2a7-4991-8494-0d510356bd8d,Snake1,80,9,1
f5cf812e-29ad-44f2-a93c-59ee7f86f0f8,52,9d57409e-8150-476c-83ff-932a08211a47,Snake2,62,6,1
f5cf812e-29ad-44f2-a93c-59ee7f86f0f8,52,061ece82-179b-4bbf-90e6-1d71b3eeef18,Snake3,87,8,1
f5cf812e-29ad-44f2-a93c-59ee7f86f0f8,52,9316cda9-69dc-490c-a72f-d0abbc0f27e4,Snake4,89,6,1
f5cf812e-29ad-44f2-a93c-59ee7f86f0f8,52,123c66b9-b2a7-4991-8494-0d510356bd8d,Snake1,80,9,1
f5cf812e-29ad-44f2-a93c-59ee7f86f0f8,52,9d57409e-8150-476c-83ff-932a08211a47,Snake2,62,6,1
f5cf812e-29ad-44f2-a93c-59ee7f86f0f8,53,061ece82-179b-4bbf-90e6-1d71b3eeef18,Snake3,86,8,1
f5cf812e-29ad-44f2-a93c-59ee7f86f0f8,53,9316cda9-69dc-490c-a72f-d0abbc0f27e4,Snake4,88,6,1
f5cf812e-29ad-44f2-a93c-59ee7f86f0f8,53,123c66b9-b2a7-4991-8494-0d510356bd8d,Snake1,79,9,1
f5cf812e-29ad-44f2-a93c-59ee7f86f0f8,53,9d57409e-8150-476c-83ff-932a08211a47,Snake2,61,6,1
f5cf812e-29ad-44f2-a93c-59ee7f86f0f8,53,061ece82-179b-4bbf-90e6-1d71b3eeef18,Snake3,86,8,1
f5cf812e-29ad-44f2-a93c-59ee7f86f0f8,53,9316cda9-69dc-490c-a72f-d0abbc0f27e4,Snake4,88,6,1
f5cf812e-29ad-44f2-a93c-59ee7f86f0f8,53,123c66b9-b2a7-4991-8494-0d510356bd8d,Snake1,79,9,1
f5cf812e-29ad-44f2-a93c-59ee7f86f0f8,53,9d57409e-8150-476c-83ff-932a08211a47,Snake2,61,6,1
f5cf812e-29ad-44f2-a93c-59ee7f86f0f8,53,061ece82-179b-4bbf-90e6-1d71b3eeef18,Snake3,86,8,1
f5cf812e-29ad-44f2-a93c-59ee7f86f0f8,53,9316cda9-69dc-490c-a72f-d0abbc0f27e4,Snake4,88,6,1
f5cf812e-29ad-44f2-a93c-59ee7f86f0f8,53,123c66b9-b2a7-4991-8494-0d510356bd8d,Snake1,79,9,1
f5cf812e-29ad-44f2-a93c-59ee7f86f0f8,53,9d57409e-8150-476c-83ff-932a08211a47,Snake2,61,6,1
f5cf812e-29ad-44f2-a93c-59ee7f86f0f8,53,061ece82-179b-4bbf-90e6-1d71b3eeef18,Snake3,86,8,1
f5cf812e-29ad-44f2-a93c-59ee7f86f0f8,53,9316cda9-69dc-490c-a72f-d0abbc0f27e4,Snake4,88,6,1
f5cf812e-29ad-44f2-a93c-59ee7f86f0f8,53,123c66b9-b2a7-4991-8494-0d510356bd8d,Snake1,79,9,1
f5cf812e-29ad-44f2-a93c-59ee7f86f0f8,53,9d57409e-8150-476c-83ff-932a08211a47,Snake2,61,6,1
f5cf812e-29ad-44f2-a93c-59ee7f86f0f8,54,061ece82-179b-4bbf-90e6-1d71b3eeef18,Snake3,100,9,1
f5cf812e-29ad-44f2-a93c-59ee7f86f0f8,54,9316cda9-69dc-490c-a72f-d0abbc0f27e4,Snake4,87,6,1
f5cf812e-29ad-44f2-a93c-59ee7f86f0f8,54,123c66b9-b2a7-4991-8494-0d510356bd8d,Snake1,50,9,1
f5cf812e-29ad-44f2-a93c-59ee7f86f0f8,54,9d57409e-8150-476c-83ff-932a08211a47,Snake2,60,6,1
f5cf812e-29ad-44f2-a93c-59ee7f86f0f8,54,061ece82-179b-4bbf-90e6-1d71b3eeef18,Snake3,100,9,1
f5cf812e-29ad-44f2-a93c-59ee7f86f0f8,54,9316cda9-69dc-490c-a72f-d0abbc0f27e4,Snake4,87,6,1
f5cf812e-29ad-44f2-a93c-59ee7f86f0f8,54,123c66b9-b2a7-4991-8494-0d510356bd8d,Snake1,50,9,1
f5cf812e-29ad-44f2-a93c-59ee7f86f0f8,54,9d57409e-8150-476c-83ff-932a08211a47,Snake2,60,6,1
f5cf812e-29ad-44f2-a93c-59ee7f86f0f8,54,061ece82-179b-4bbf-90e6-1d71b3eeef18,Snake3,100,9,1
f5cf812e-29ad-44f2-a93c-59ee7f86f0f8,54,9316cda9-69dc-490c-a72f-d0abbc0f27e4,Snake4,87,6,1
f5cf812e-29ad-44f2-a93c-59ee7f86f0f8,54,123c66b9-b2a7-4991-8494-0d510356bd8d,Snake1,50,9,1
f5cf812e-29ad-44f2-a93c-59ee7f86f0f8,54,9d57409e-8150-476c-83ff-932a08211a47,Snake2,60,6,1
f5cf812e-29ad-44f2-a93c-59ee7f86f0f8,55,061ece82-179b-4bbf-90e6-1d71b3eeef18,Snake3,99,9,1
f5cf812e-29ad-44f2-a93c-59ee7f86f0f8,55,9316cda9-69dc-490c-a72f-d0abbc0f27e4,Snake4,86,6,1
f5cf812e-29ad-44f2-a93c-59ee7f86f0f8,55,123c66b9-b2a7-4991-8494-0d510356bd8d,Snake1,49,9,1
f5cf812e-29ad-44f2-a93c-59ee7f86f0f8,55,9d57409e-8150-476c-83ff-932a08211a47,Snake2,59,6,1
f5cf812e-29ad-44f2-a93c-59ee7f86f0f8,55,061ece82-179b-4bbf-90e6-1d71b3eeef18,Snake3,99,9,1
f5cf812e-29ad-44f2-a93c-59ee7f86f0f8,55,9316cda9-69dc-490c-a72f-d0abbc0f27e4,Snake4,86,6,1
f5cf812e-29ad-44f2-a93c-59ee7f86f0f8,55,123c66b9-b2a7-4991-8494-0d510356bd8d,Snake1,49,9,1
f5cf812e-29ad-44f2-a93c-59ee7f86f0f8,55,9d57409e-8150-476c-83ff-932a08211a47,Snake2,59,6,1
f5cf812e-29ad-44f2-a93c-59ee7f86f0f8,55,061ece82-179b-4bbf-90e6-1d71b3eeef18,Snake3,99,9,1
f5cf812e-29ad-44f2-a93c-59ee7f86f0f8,55,9316cda9-69dc-490c-a72f-d0abbc0f27e4,Snake4,86,6,1
f5cf812e-29ad-44f2-a93c-59ee7f86f0f8,55,123c66b9-b2a7-4991-8494-0d510356bd8d,Snake1,49,9,1
f5cf812e-29ad-44f2-a93c-59ee7f86f0f8,55,9d57409e-8150-476c-83ff-932a08211a47,Snake2,59,6,1
f5cf812e-29ad-44f2-a93c-59ee7f86f0f8,56,061ece82-179b-4bbf-90e6-1d71b3eeef18,Snake3,98,9,1
f5cf812e-29ad-44f2-a93c-59ee7f86f0f8,56,9316cda9-69dc-490c-a72f-d0abbc0f27e4,Snake4,85,6,1
f5cf812e-29ad-44f2-a93c-59ee7f86f0f8,56,123c66b9-b2a7-4991-8494-0d510356bd8d,Snake1,48,9,1
f5cf812e-29ad-44f2-a93c-59ee7f86f0f8,56,9d57409e-8150-476c-83ff-932a08211a47,Snake2,58,6,1
f5cf812e-29ad-44f2-a93c-59ee7f86f0f8,56,061ece82-179b-4bbf-90e6-1d71b3eeef18,Snake3,98,9,1
f5cf812e-29ad-44f2-a93c-59ee7f86f0f8,56,9316cda9-69dc-490c-a72f-d0abbc0f27e4,Snake4,85,6,1
f5cf812e-29ad-44f2-a93c-59ee7f86f0f8,56,123c66b9-b2a7-4991-8494-0d510356bd8d,Snake1,48,9,1
f5cf812e-29ad-44f2-a93c-59ee7f86f0f8,56,9d57409e-8150-476c-83ff-932a08211a47,Snake2,58,6,1
f5cf812e-29ad-44f2-a93c-59ee7f86f0f8,56,061ece82-179b-4bbf-90e6-1d71b3eeef18,Snake3,98,9,1
f5cf812e-29ad-44f2-a93c-59ee7f86f0f8,56,9316cda9-69dc-490c-a72f-d0abbc0f27e4,Snake4,85,6,1
f5cf812e-29ad-44f2-a93c-59ee7f86f0f8,56,123c66b9-b2a7-4991-8494-0d510356bd8d,Snake1,48,9,1
f5cf812e-29ad-44f2-a93c-59ee7f86f0f8,56,9d57409e-8150-476c-83ff-932a08211a47,Snake2,58,6,1
f5cf812e-29ad-44f2-a93c-59ee7f86f0f8,57,061ece82-179b-4bbf-90e6-1d71b3eeef18,Snake3,97,9,1
f5cf812e-29ad-44f2-a93c-59ee7f86f0f8,57,9316cda9-69dc-490c-a72f-d0abbc0f27e4,Snake4,84,6,1
f5cf812e-29ad-44f2-a93c-59ee7f86f0f8,57,123c66b9-b2a7-4991-8494-0d510356bd8d,Snake1,47,9,1
f5cf812e-29ad-44f2-a93c-59ee7f86f0f8,57,9d57409e-8150-476c-83ff-932a08211a47,Snake2,57,6,1
f5cf812e-29ad-44f2-a93c-59ee7f86f0f8,57,061ece82-179b-4bbf-90e6-1d71b3eeef18,Snake3,97,9,1
f5cf812e-29ad-44f2-a93c-59ee7f86f0f8,57,9316cda9-69dc-490c-a72f-d0abbc0f27e4,Snake4,84,6,1
f5cf812e-29ad-44f2-a93c-59ee7f86f0f8,57,123c66b9-b2a7-4991-8494-0d510356bd8d,Snake1,47,9,1
f5cf812e-29ad-44f2-a93c-59ee7f86f0f8,57,9d57409e-8150-476c-83ff-932a08211a47,Snake2,57,6,1
f5cf812e-29ad-44f2-a93c-59ee7f86f0f8,57,061ece82-179b-4bbf-90e6-1d71b3eeef18,Snake3,97,9,1
f5cf812e-29ad-44f2-a93c-59ee7f86f0f8,57,9316cda9-69dc-490c-a72f-d0abbc0f27e4,Snake4,84,6,1
f5cf812e-29ad-44f2-a93c-59ee7f86f0f8,57,123c66b9-b2a7-4991-8494-0d510356bd8d,Snake1,47,9,1
f5cf812e-29ad-44f2-a93c-59ee7f86f0f8,57,9d57409e-8150-476c-83ff-932a08211a47,Snake2,57,6,1
f5cf812e-29ad-44f2-a93c-59ee7f86f0f8,57,061ece82-179b-4bbf-90e6-1d71b3eeef18,Snake3,97,9,1
f5cf812e-29ad-44f2-a93c-59ee7f86f0f8,57,9316cda9-69dc-490c-a72f-d0abbc0f27e4,Snake4,84,6,1
f5cf812e-29ad-44f2-a93c-59ee7f86f0f8,57,123c66b9-b2a7-4991-8494-0d510356bd8d,Snake1,47,9,1
f5cf812e-29ad-44f2-a93c-59ee7f86f0f8,57,9d57409e-8150-476c-83ff-932a08211a47,Snake2,57,6,1
f5cf812e-29ad-44f2-a93c-59ee7f86f0f8,58,061ece82-179b-4bbf-90e6-1d71b3eeef18,Snake3,96,9,1
f5cf812e-29ad-44f2-a93c-59ee7f86f0f8,58,9316cda9-69dc-490c-a72f-d0abbc0f27e4,Snake4,83,6,1
f5cf812e-29ad-44f2-a93c-59ee7f86f0f8,58,123c66b9-b2a7-4991-8494-0d510356bd8d,Snake1,46,9,1
f5cf812e-29ad-44f2-a93c-59ee7f86f0f8,58,9d57409e-8150-476c-83ff-932a08211a47,Snake2,100,7,1
f5cf812e-29ad-44f2-a93c-59ee7f86f0f8,58,061ece82-179b-4bbf-90e6-1d71b3eeef18,Snake3,96,9,1
f5cf812e-29ad-44f2-a93c-59ee7f86f0f8,58,9316cda9-69dc-490c-a72f-d0abbc0f27e4,Snake4,83,6,1
f5cf812e-29ad-44f2-a93c-59ee7f86f0f8,58,123c66b9-b2a7-4991-8494-0d510356bd8d,Snake1,46,9,1
f5cf812e-29ad-44f2-a93c-59ee7f86f0f8,58,9d57409e-8150-476c-83ff-932a08211a47,Snake2,100,7,1
f5cf812e-29ad-44f2-a93c-59ee7f86f0f8,58,061ece82-179b-4bbf-90e6-1d71b3eeef18,Snake3,96,9,1
f5cf812e-29ad-44f2-a93c-59ee7f86f0f8,58,9316cda9-69dc-490c-a72f-d0abbc0f27e4,Snake4,83,6,1
f5cf812e-29ad-44f2-a93c-59ee7f86f0f8,58,123c66b9-b2a7-4991-8494-0d510356bd8d,Snake1,46,9,1
f5cf812e-29ad-44f2-a93c-59ee7f86f0f8,58,9d57409e-8150-476c-83ff-932a08211a47,Snake2,100,7,1
f5cf812e-29ad-44f2-a93c-59ee7f86f0f8,58,061ece82-179b-4bbf-90e6-1d71b3eeef18,Snake3,96,9,1
f5cf812e-29ad-44f2-a93c-59ee7f86f0f8,58,9316cda9-69dc-490c-a72f-d0abbc0f27e4,Snake4,83,6,1
f5cf812e-29ad-44f2-a93c-59ee7f86f0f8,58,123c66b9-b2a7-4991-8494-0d510356bd8d,Snake1,46,9,1
f5cf812e-29ad-44f2-a93c-59ee7f86f0f8,58,9d57409e-8150-476c-83ff-932a08211a47,Snake2,100,7,1
f5cf812e-29ad-44f2-a93c-59ee7f86f0f8,59,061ece82-179b-4bbf-90e6-1d71b3eeef18,Snake3,95,9,1
f5cf812e-29ad-44f2-a93c-59ee7f86f0f8,59,9316cda9-69dc-490c-a72f-d0abbc0f27e4,Snake4,82,6,1
f5cf812e-29ad-44f2-a93c-59ee7f86f0f8,59,123c66b9-b2a7-4991-8494-0d510356bd8d,Snake1,45,9,1
f5cf812e-29ad-44f2-a93c-59ee7f86f0f8,59,9d57409e-8150-476c-83ff-932a08211a47,Snake2,99,7,1
f5cf812e-29ad-44f2-a93c-59ee7f86f0f8,60,061ece82-179b-4bbf-90e6-1d71b3eeef18,Snake3,94,9,1
f5cf812e-29ad-44f2-a93c-59ee7f86f0f8,60,9316cda9-69dc-490c-a72f-d0abbc0f27e4,Snake4,81,6,1
f5cf812e-29ad-44f2-a93c-59ee7f86f0f8,60,123c66b9-b2a7-4991-8494-0d510356bd8d,Snake1,44,9,1
f5cf812e-29ad-44f2-a93c-59ee7f86f0f8,60,9d57409e-8150-476c-83ff-932a08211a47,Snake2,98,7,1
f5cf812e-29ad-44f2-a93c-59ee7f86f0f8,60,061ece82-179b-4bbf-90e6-1d71b3eeef18,Snake3,94,9,1
f5cf812e-29ad-44f2-a93c-59ee7f86f0f8,60,9316cda9-69dc-490c-a72f-d0abbc0f27e4,Snake4,81,6,1
f5cf812e-29ad-44f2-a93c-59ee7f86f0f8,60,123c66b9-b2a7-4991-8494-0d510356bd8d,Snake1,44,9,1
f5cf812e-29ad-44f2-a93c-59ee7f86f0f8,60,9d57409e-8150-476c-83ff-932a08211a47,Snake2,98,7,1
f5cf812e-29ad-44f2-a93c-59ee7f86f0f8,60,061ece82-179b-4bbf-90e6-1d71b3eeef18,Snake3,94,9,1
f5cf812e-29ad-44f2-a93c-59ee7f86f0f8,60,9316cda9-69dc-490c-a72f-d0abbc0f27e4,Snake4,81,6,1
f5cf812e-29ad-44f2-a93c-59ee7f86f0f8,60,123c66b9-b2a7-4991-8494-0d510356bd8d,Snake1,44,9,1
f5cf812e-29ad-44f2-a93c-59ee7f86f0f8,60,9d57409e-8150-476c-83ff-932a08211a47,Snake2,98,7,1
f5cf812e-29ad-44f2-a93c-59ee7f86f0f8,61,061ece82-179b-4bbf-90e6-1d71b3eeef18,Snake3,100,10,1
f5cf812e-29ad-44f2-a93c-59ee7f86f0f8,61,9316cda9-69dc-490c-a72f-d0abbc0f27e4,Snake4,80,6,1
f5cf812e-29ad-44f2-a93c-59ee7f86f0f8,61,123c66b9-b2a7-4991-8494-0d510356bd8d,Snake1,43,9,1
f5cf812e-29ad-44f2-a93c-59ee7f86f0f8,61,9d57409e-8150-476c-83ff-932a08211a47,Snake2,97,7,1
f5cf812e-29ad-44f2-a93c-59ee7f86f0f8,62,061ece82-179b-4bbf-90e6-1d71b3eeef18,Snake3,99,10,1
f5cf812e-29ad-44f2-a93c-59ee7f86f0f8,62,9316cda9-69dc-490c-a72f-d0abbc0f27e4,Snake4,79,6,1
f5cf812e-29ad-44f2-a93c-59ee7f86f0f8,62,123c66b9-b2a7-4991-8494-0d510356bd8d,Snake1,42,9,1
f5cf812e-29ad-44f2-a93c-59ee7f86f0f8,62,9d57409e-8150-476c-83ff-932a08211a47,Snake2,96,7,1
f5cf812e-29ad-44f2-a93c-59ee7f86f0f8,62,061ece82-179b-4bbf-90e6-1d71b3eeef18,Snake3,99,10,1
f5cf812e-29ad-44f2-a93c-59ee7f86f0f8,62,9316cda9-69dc-490c-a72f-d0abbc0f27e4,Snake4,79,6,1
f5cf812e-29ad-44f2-a93c-59ee7f86f0f8,62,123c66b9-b2a7-4991-8494-0d510356bd8d,Snake1,42,9,1
f5cf812e-29ad-44f2-a93c-59ee7f86f0f8,62,9d57409e-8150-476c-83ff-932a08211a47,Snake2,96,7,1
f5cf812e-29ad-44f2-a93c-59ee7f86f0f8,62,061ece82-179b-4bbf-90e6-1d71b3eeef18,Snake3,99,10,1
f5cf812e-29ad-44f2-a93c-59ee7f86f0f8,62,9316cda9-69dc-490c-a72f-d0abbc0f27e4,Snake4,79,6,1
f5cf812e-29ad-44f2-a93c-59ee7f86f0f8,62,123c66b9-b2a7-4991-8494-0d510356bd8d,Snake1,42,9,1
f5cf812e-29ad-44f2-a93c-59ee7f86f0f8,62,9d57409e-8150-476c-83ff-932a08211a47,Snake2,96,7,1
f5cf812e-29ad-44f2-a93c-59ee7f86f0f8,63,061ece82-179b-4bbf-90e6-1d71b3eeef18,Snake3,98,10,1
f5cf812e-29ad-44f2-a93c-59ee7f86f0f8,63,9316cda9-69dc-490c-a72f-d0abbc0f27e4,Snake4,78,6,1
f5cf812e-29ad-44f2-a93c-59ee7f86f0f8,63,123c66b9-b2a7-4991-8494-0d510356bd8d,Snake1,41,9,1
f5cf812e-29ad-44f2-a93c-59ee7f86f0f8,63,9d57409e-8150-476c-83ff-932a08211a47,Snake2,95,7,1
f5cf812e-29ad-44f2-a93c-59ee7f86f0f8,63,061ece82-179b-4bbf-90e6-1d71b3eeef18,Snake3,98,10,1
f5cf812e-29ad-44f2-a93c-59ee7f86f0f8,63,9316cda9-69dc-490c-a72f-d0abbc0f27e4,Snake4,78,6,1
f5cf812e-29ad-44f2-a93c-59ee7f86f0f8,63,123c66b9-b2a7-4991-8494-0d510356bd8d,Snake1,41,9,1
f5cf812e-29ad-44f2-a93c-59ee7f86f0f8,63,9d57409e-8150-476c-83ff-932a08211a47,Snake2,95,7,1
f5cf812e-29ad-44f2-a93c-59ee7f86f0f8,63,061ece82-179b-4bbf-90e6-1d71b3eeef18,Snake3,98,10,1
f5cf812e-29ad-44f2-a93c-59ee7f86f0f8,63,9316cda9-69dc-490c-a72f-d0abbc0f27e4,Snake4,78,6,1
f5cf812e-29ad-44f2-a93c-59ee7f86f0f8,63,123c66b9-b2a7-4991-8494-0d510356bd8d,Snake1,41,9,1
f5cf812e-29ad-44f2-a93c-59ee7f86f0f8,63,9d57409e-8150-476c-83ff-932a08211a47,Snake2,95,7,1
f5cf812e-29ad-44f2-a93c-59ee7f86f0f8,63,061ece82-179b-4bbf-90e6-1d71b3eeef18,Snake3,98,10,1
f5cf812e-29ad-44f2-a93c-59ee7f86f0f8,63,9316cda9-69dc-490c-a72f-d0abbc0f27e4,Snake4,78,6,1
f5cf812e-29ad-44f2-a93c-59ee7f86f0f8,63,123c66b9-b2a7-4991-8494-0d510356bd8d,Snake1,41,9,1
f5cf812e-29ad-44f2-a93c-59ee7f86f0f8,63,9d57409e-8150-476c-83ff-932a08211a47,Snake2,95,7,1
f5cf812e-29ad-44f2-a93c-59ee7f86f0f8,64,061ece82-179b-4bbf-90e6-1d71b3eeef18,Snake3,100,11,1
f5cf812e-29ad-44f2-a93c-59ee7f86f0f8,64,9316cda9-69dc-490c-a72f-d0abbc0f27e4,Snake4,77,6,1
f5cf812e-29ad-44f2-a93c-59ee7f86f0f8,64,123c66b9-b2a7-4991-8494-0d510356bd8d,Snake1,40,9,1
f5cf812e-29ad-44f2-a93c-59ee7f86f0f8,64,9d57409e-8150-476c-83ff-932a08211a47,Snake2,94,7,1
f5cf812e-29ad-44f2-a93c-59ee7f86f0f8,65,061ece82-179b-4bbf-90e6-1d71b3eeef18,Snake3,99,11,1
f5cf812e-29ad-44f2-a93c-59ee7f86f0f8,65,9316cda9-69dc-490c-a72f-d0abbc0f27e4,Snake4,76,6,1
f5cf812e-29ad-44f2-a93c-59ee7f86f0f8,65,123c66b9-b2a7-4991-8494-0d510356bd8d,Snake1,39,9,1
f5cf812e-29ad-44f2-a93c-59ee7f86f0f8,65,9d57409e-8150-476c-83ff-932a08211a47,Snake2,93,7,1
f5cf812e-29ad-44f2-a93c-59ee7f86f0f8,66,061ece82-179b-4bbf-90e6-1d71b3eeef18,Snake3,98,11,1
f5cf812e-29ad-44f2-a93c-59ee7f86f0f8,66,9316cda9-69dc-490c-a72f-d0abbc0f27e4,Snake4,75,6,1
f5cf812e-29ad-44f2-a93c-59ee7f86f0f8,66,123c66b9-b2a7-4991-8494-0d510356bd8d,Snake1,38,9,1
f5cf812e-29ad-44f2-a93c-59ee7f86f0f8,66,9d57409e-8150-476c-83ff-932a08211a47,Snake2,92,7,1
f5cf812e-29ad-44f2-a93c-59ee7f86f0f8,66,061ece82-179b-4bbf-90e6-1d71b3eeef18,Snake3,98,11,1
f5cf812e-29ad-44f2-a93c-59ee7f86f0f8,66,9316cda9-69dc-490c-a72f-d0abbc0f27e4,Snake4,75,6,1
f5cf812e-29ad-44f2-a93c-59ee7f86f0f8,66,123c66b9-b2a7-4991-8494-0d510356bd8d,Snake1,38,9,1
f5cf812e-29ad-44f2-a93c-59ee7f86f0f8,66,9d57409e-8150-476c-83ff-932a08211a47,Snake2,92,7,1
f5cf812e-29ad-44f2-a93c-59ee7f86f0f8,67,061ece82-179b-4bbf-90e6-1d71b3eeef18,Snake3,97,11,1
f5cf812e-29ad-44f2-a93c-59ee7f86f0f8,67,9316cda9-69dc-490c-a72f-d0abbc0f27e4,Snake4,74,6,1
f5cf812e-29ad-44f2-a93c-59ee7f86f0f8,67,123c66b9-b2a7-4991-8494-0d510356bd8d,Snake1,37,9,1
f5cf812e-29ad-44f2-a93c-59ee7f86f0f8,67,9d57409e-8150-476c-83ff-932a08211a47,Snake2,91,7,1
f5cf812e-29ad-44f2-a93c-59ee7f86f0f8,67,061ece82-179b-4bbf-90e6-1d71b3eeef18,Snake3,97,11,1
f5cf812e-29ad-44f2-a93c-59ee7f86f0f8,67,9316cda9-69dc-490c-a72f-d0abbc0f27e4,Snake4,74,6,1
f5cf812e-29ad-44f2-a93c-59ee7f86f0f8,67,123c66b9-b2a7-4991-8494-0d510356bd8d,Snake1,37,9,1
f5cf812e-29ad-44f2-a93c-59ee7f86f0f8,67,9d57409e-8150-476c-83ff-932a08211a47,Snake2,91,7,1
f5cf812e-29ad-44f2-a93c-59ee7f86f0f8,67,061ece82-179b-4bbf-90e6-1d71b3eeef18,Snake3,97,11,1
f5cf812e-29ad-44f2-a93c-59ee7f86f0f8,67,9316cda9-69dc-490c-a72f-d0abbc0f27e4,Snake4,74,6,1
f5cf812e-29ad-44f2-a93c-59ee7f86f0f8,67,123c66b9-b2a7-4991-8494-0d510356bd8d,Snake1,37,9,1
f5cf812e-29ad-44f2-a93c-59ee7f86f0f8,67,9d57409e-8150-476c-83ff-932a08211a47,Snake2,91,7,1
f5cf812e-29ad-44f2-a93c-59ee7f86f0f8,68,061ece82-179b-4bbf-90e6-1d71b3eeef18,Snake3,96,11,1
f5cf812e-29ad-44f2-a93c-59ee7f86f0f8,68,9316cda9-69dc-490c-a72f-d0abbc0f27e4,Snake4,73,6,1
f5cf812e-29ad-44f2-a93c-59ee7f86f0f8,68,123c66b9-b2a7-4991-8494-0d510356bd8d,Snake1,36,9,1
f5cf812e-29ad-44f2-a93c-59ee7f86f0f8,68,9d57409e-8150-476c-83ff-932a08211a47,Snake2,90,7,1
f5cf812e-29ad-44f2-a93c-59ee7f86f0f8,68,061ece82-179b-4bbf-90e6-1d71b3eeef18,Snake3,96,11,1
f5cf812e-29ad-44f2-a93c-59ee7f86f0f8,68,9316cda9-69dc-490c-a72f-d0abbc0f27e4,Snake4,73,6,1
f5cf812e-29ad-44f2-a93c-59ee7f86f0f8,68,123c66b9-b2a7-4991-8494-0d510356bd8d,Snake1,36,9,1
f5cf812e-29ad-44f2-a93c-59ee7f86f0f8,68,9d57409e-8150-476c-83ff-932a08211a47,Snake2,90,7,1
f5cf812e-29ad-44f2-a93c-59ee7f86f0f8,68,061ece82-179b-4bbf-90e6-1d71b3eeef18,Snake3,96,11,1
f5cf812e-29ad-44f2-a93c-59ee7f86f0f8,68,9316cda9-69dc-490c-a72f-d0abbc0f27e4,Snake4,73,6,1
f5cf812e-29ad-44f2-a93c-59ee7f86f0f8,68,123c66b9-b2a7-4991-8494-0d510356bd8d,Snake1,36,9,1
f5cf812e-29ad-44f2-a93c-59ee7f86f0f8,68,9d57409e-8150-476c-83ff-932a08211a47,Snake2,90,7,1
f5cf812e-29ad-44f2-a93c-59ee7f86f0f8,69,061ece82-179b-4bbf-90e6-1d71b3eeef18,Snake3,95,11,1
f5cf812e-29ad-44f2-a93c-59ee7f86f0f8,69,9316cda9-69dc-490c-a72f-d0abbc0f27e4,Snake4,72,6,1
f5cf812e-29ad-44f2-a93c-59ee7f86f0f8,69,123c66b9-b2a7-4991-8494-0d510356bd8d,Snake1,35,9,1
f5cf812e-29ad-44f2-a93c-59ee7f86f0f8,69,9d57409e-8150-476c-83ff-932a08211a47,Snake2,89,7,1
f5cf812e-29ad-44f2-a93c-59ee7f86f0f8,69,061ece82-179b-4bbf-90e6-1d71b3eeef18,Snake3,95,11,1
f5cf812e-29ad-44f2-a93c-59ee7f86f0f8,69,9316cda9-69dc-490c-a72f-d0abbc0f27e4,Snake4,72,6,1
f5cf812e-29ad-44f2-a93c-59ee7f86f0f8,69,123c66b9-b2a7-4991-8494-0d510356bd8d,Snake1,35,9,1
f5cf812e-29ad-44f2-a93c-59ee7f86f0f8,69,9d57409e-8150-476c-83ff-932a08211a47,Snake2,89,7,1
f5cf812e-29ad-44f2-a93c-59ee7f86f0f8,69,061ece82-179b-4bbf-90e6-1d71b3eeef18,Snake3,95,11,1
f5cf812e-29ad-44f2-a93c-59ee7f86f0f8,69,9316cda9-69dc-490c-a72f-d0abbc0f27e4,Snake4,72,6,1
f5cf812e-29ad-44f2-a93c-59ee7f86f0f8,69,123c66b9-b2a7-4991-8494-0d510356bd8d,Snake1,35,9,1
f5cf812e-29ad-44f2-a93c-59ee7f86f0f8,69,9d57409e-8150-476c-83ff-932a08211a47,Snake2,89,7,1
f5cf812e-29ad-44f2-a93c-59ee7f86f0f8,69,061ece82-179b-4bbf-90e6-1d71b3eeef18,Snake3,95,11,1
f5cf812e-29ad-44f2-a93c-59ee7f86f0f8,69,9316cda9-69dc-490c-a72f-d0abbc0f27e4,Snake4,72,6,1
f5cf812e-29ad-44f2-a93c-59ee7f86f0f8,69,123c66b9-b2a7-4991-8494-0d510356bd8d,Snake1,35,9,1
f5cf812e-29ad-44f2-a93c-59ee7f86f0f8,69,9d57409e-8150-476c-83ff-932a08211a47,Snake2,89,7,1
f5cf812e-29ad-44f2-a93c-59ee7f86f0f8,70,061ece82-179b-4bbf-90e6-1d71b3eeef18,Snake3,94,11,1
f5cf812e-29ad-44f2-a93c-59ee7f86f0f8,70,9316cda9-69dc-490c-a72f-d0abbc0f27e4,Snake4,71,6,1
f5cf812e-29ad-44f2-a93c-59ee7f86f0f8,70,123c66b9-b2a7-4991-8494-0d510356bd8d,Snake1,34,9,1
f5cf812e-29ad-44f2-a93c-59ee7f86f0f8,70,9d57409e-8150-476c-83ff-932a08211a47,Snake2,88,7,1
f5cf812e-29ad-44f2-a93c-59ee7f86f0f8,70,061ece82-179b-4bbf-90e6-1d71b3eeef18,Snake3,94,11,1
f5cf812e-29ad-44f2-a93c-59ee7f86f0f8,70,9316cda9-69dc-490c-a72f-d0abbc0f27e4,Snake4,71,6,1
f5cf812e-29ad-44f2-a93c-59ee7f86f0f8,70,123c66b9-b2a7-4991-8494-0d510356bd8d,Snake1,34,9,1
f5cf812e-29ad-44f2-a93c-59ee7f86f0f8,70,9d57409e-8150-476c-83ff-932a08211a47,Snake2,88,7,1
f5cf812e-29ad-44f2-a93c-59ee7f86f0f8,70,061ece82-179b-4bbf-90e6-1d71b3eeef18,Snake3,94,11,1
f5cf812e-29ad-44f2-a93c-59ee7f86f0f8,70,9316cda9-69dc-490c-a72f-d0abbc0f27e4,Snake4,71,6,1
f5cf812e-29ad-44f2-a93c-59ee7f86f0f8,70,123c66b9-b2a7-4991-8494-0d510356bd8d,Snake1,34,9,1
f5cf812e-29ad-44f2-a93c-59ee7f86f0f8,70,9d57409e-8150-476c-83ff-932a08211a47,Snake2,88,7,1
f5cf812e-29ad-44f2-a93c-59ee7f86f0f8,71,061ece82-179b-4bbf-90e6-1d71b3eeef18,Snake3,93,11,1
f5cf812e-29ad-44f2-a93c-59ee7f86f0f8,71,9316cda9-69dc-490c-a72f-d0abbc0f27e4,Snake4,70,6,1
f5cf812e-29ad-44f2-a93c-59ee7f86f0f8,71,123c66b9-b2a7-4991-8494-0d510356bd8d,Snake1,33,9,1
f5cf812e-29ad-44f2-a93c-59ee7f86f0f8,71,9d57409e-8150-476c-83ff-932a08211a47,Snake2,87,7,1
f5cf812e-29ad-44f2-a93c-59ee7f86f0f8,71,061ece82-179b-4bbf-90e6-1d71b3eeef18,Snake3,93,11,1
f5cf812e-29ad-44f2-a93c-59ee7f86f0f8,71,9316cda9-69dc-490c-a72f-d0abbc0f27e4,Snake4,70,6,1
f5cf812e-29ad-44f2-a93c-59ee7f86f0f8,71,123c66b9-b2a7-4991-8494-0d510356bd8d,Snake1,33,9,1
f5cf812e-29ad-44f2-a93c-59ee7f86f0f8,71,9d57409e-8150-476c-83ff-932a08211a47,Snake2,87,7,1
f5cf812e-29ad-44f2-a93c-59ee7f86f0f8,72,061ece82-179b-4bbf-90e6-1d71b3eeef18,Snake3,92,11,1
f5cf812e-29ad-44f2-a93c-59ee7f86f0f8,72,9316cda9-69dc-490c-a72f-d0abbc0f27e4,Snake4,69,6,1
f5cf812e-29ad-44f2-a93c-59ee7f86f0f8,72,123c66b9-b2a7-4991-8494-0d510356bd8d,Snake1,32,9,1
f5cf812e-29ad-44f2-a93c-59ee7f86f0f8,72,9d57409e-8150-476c-83ff-932a08211a47,Snake2,86,7,1
f5cf812e-29ad-44f2-a93c-59ee7f86f0f8,72,061ece82-179b-4bbf-90e6-1d71b3eeef18,Snake3,92,11,1
f5cf812e-29ad-44f2-a93c-59ee7f86f0f8,72,9316cda9-69dc-490c-a72f-d0abbc0f27e4,Snake4,69,6,1
f5cf812e-29ad-44f2-a93c-59ee7f86f0f8,72,123c66b9-b2a7-4991-8494-0d510356bd8d,Snake1,32,9,1
f5cf812e-29ad-44f2-a93c-59ee7f86f0f8,72,9d57409e-8150-476c-83ff-932a08211a47,Snake2,86,7,1
f5cf812e-29ad-44f2-a93c-59ee7f86f0f8,72,061ece82-179b-4bbf-90e6-1d71b3eeef18,Snake3,92,11,1
f5cf812e-29ad-44f2-a93c-59ee7f86f0f8,72,9316cda9-69dc-490c-a72f-d0abbc0f27e4,Snake4,69,6,1
f5cf812e-29ad-44f2-a93c-59ee7f86f0f8,72,123c66b9-b2a7-4991-8494-0d510356bd8d,Snake1,32,9,1
f5cf812e-29ad-44f2-a93c-59ee7f86f0f8,72,9d57409e-8150-476c-83ff-932a08211a47,Snake2,86,7,1
f5cf812e-29ad-44f2-a93c-59ee7f86f0f8,72,061ece82-179b-4bbf-90e6-1d71b3eeef18,Snake3,92,11,1
f5cf812e-29ad-44f2-a93c-59ee7f86f0f8,72,9316cda9-69dc-490c-a72f-d0abbc0f27e4,Snake4,69,6,1
f5cf812e-29ad-44f2-a93c-59ee7f86f0f8,72,123c66b9-b2a7-4991-8494-0d510356bd8d,Snake1,32,9,1
f5cf812e-29ad-44f2-a93c-59ee7f86f0f8,72,9d57409e-8150-476c-83ff-932a08211a47,Snake2,86,7,1
f5cf812e-29ad-44f2-a93c-59ee7f86f0f8,73,061ece82-179b-4bbf-90e6-1d71b3eeef18,Snake3,91,11,1
f5cf812e-29ad-44f2-a93c-59ee7f86f0f8,73,9316cda9-69dc-490c-a72f-d0abbc0f27e4,Snake4,68,6,1
f5cf812e-29ad-44f2-a93c-59ee7f86f0f8,73,123c66b9-b2a7-4991-8494-0d510356bd8d,Snake1,31,9,1
f5cf812e-29ad-44f2-a93c-59ee7f86f0f8,73,9d57409e-8150-476c-83ff-932a08211a47,Snake2,85,7,1
f5cf812e-29ad-44f2-a93c-59ee7f86f0f8,73,061ece82-179b-4bbf-90e6-1d71b3eeef18,Snake3,91,11,1
f5cf812e-29ad-44f2-a93c-59ee7f86f0f8,73,9316cda9-69dc-490c-a72f-d0abbc0f27e4,Snake4,68,6,1
f5cf812e-29ad-44f2-a93c-59ee7f86f0f8,73,123c66b9-b2a7-4991-8494-0d510356bd8d,Snake1,31,9,1
f5cf812e-29ad-44f2-a93c-59ee7f86f0f8,73,9d57409e-8150-476c-83ff-932a08211a47,Snake2,85,7,1
f5cf812e-29ad-44f2-a93c-59ee7f86f0f8,73,061ece82-179b-4bbf-90e6-1d71b3eeef18,Snake3,91,11,1
f5cf812e-29ad-44f2-a93c-59ee7f86f0f8,73,9316cda9-69dc-490c-a72f-d0abbc0f27e4,Snake4,68,6,1
f5cf812e-29ad-44f2-a93c-59ee7f86f0f8,73,123c66b9-b2a7-4991-8494-0d510356bd8d,Snake1,31,9,1
f5cf812e-29ad-44f2-a93c-59ee7f86f0f8,73,9d57409e-8150-476c-83ff-932a08211a47,Snake2,85,7,1
f5cf812e-29ad-44f2-a93c-59ee7f86f0f8,73,061ece82-179b-4bbf-90e6-1d71b3eeef18,Snake3,91,11,1
f5cf812e-29ad-44f2-a93c-59ee7f86f0f8,73,9316cda9-69dc-490c-a72f-d0abbc0f27e4,Snake4,68,6,1
f5cf812e-29ad-44f2-a93c-59ee7f86f0f8,73,123c66b9-b2a7-4991-8494-0d510356bd8d,Snake1,31,9,1
f5cf812e-29ad-44f2-a93c-59ee7f86f0f8,73,9d57409e-8150-476c-83ff-932a08211a47,Snake2,85,7,1
f5cf812e-29ad-44f2-a93c-59ee7f86f0f8,74,061ece82-179b-4bbf-90e6-1d71b3eeef18,Snake3,90,11,1
f5cf812e-29ad-44f2-a93c-59ee7f86f0f8,74,9316cda9-69dc-490c-a72f-d0abbc0f27e4,Snake4,67,6,1
f5cf812e-29ad-44f2-a93c-59ee7f86f0f8,74,9d57409e-8150-476c-83ff-932a08211a47,Snake2,84,7,1
f5cf812e-29ad-44f2-a93c-59ee7f86f0f8,74,123c66b9-b2a7-4991-8494-0d510356bd8d,Snake1,31,9,0
f5cf812e-29ad-44f2-a93c-59ee7f86f0f8,74,061ece82-179b-4bbf-90e6-1d71b3eeef18,Snake3,90,11,1
f5cf812e-29ad-44f2-a93c-59ee7f86f0f8,74,9316cda9-69dc-490c-a72f-d0abbc0f27e4,Snake4,67,6,1
f5cf812e-29ad-44f2-a93c-59ee7f86f0f8,74,9d57409e-8150-476c-83ff-932a08211a47,Snake2,84,7,1
f5cf812e-29ad-44f2-a93c-59ee7f86f0f8,74,123c66b9-b2a7-4991-8494-0d510356bd8d,Snake1,31,9,0
f5cf812e-29ad-44f2-a93c-59ee7f86f0f8,74,061ece82-179b-4bbf-90e6-1d71b3eeef18,Snake3,90,11,1
f5cf812e-29ad-44f2-a93c-59ee7f86f0f8,74,9316cda9-69dc-490c-a72f-d0abbc0f27e4,Snake4,67,6,1
f5cf812e-29ad-44f2-a93c-59ee7f86f0f8,74,9d57409e-8150-476c-83ff-932a08211a47,Snake2,84,7,1
f5cf812e-29ad-44f2-a93c-59ee7f86f0f8,74,123c66b9-b2a7-4991-8494-0d510356bd8d,Snake1,31,9,0
f5cf812e-29ad-44f2-a93c-59ee7f86f0f8,75,061ece82-179b-4bbf-90e6-1d71b3eeef18,Snake3,89,11,1
f5cf812e-29ad-44f2-a93c-59ee7f86f0f8,75,9316cda9-69dc-490c-a72f-d0abbc0f27e4,Snake4,66,6,1
f5cf812e-29ad-44f2-a93c-59ee7f86f0f8,75,9d57409e-8150-476c-83ff-932a08211a47,Snake2,83,7,1
f5cf812e-29ad-44f2-a93c-59ee7f86f0f8,75,123c66b9-b2a7-4991-8494-0d510356bd8d,Snake1,31,9,0
f5cf812e-29ad-44f2-a93c-59ee7f86f0f8,75,061ece82-179b-4bbf-90e6-1d71b3eeef18,Snake3,89,11,1
f5cf812e-29ad-44f2-a93c-59ee7f86f0f8,75,9316cda9-69dc-490c-a72f-d0abbc0f27e4,Snake4,66,6,1
f5cf812e-29ad-44f2-a93c-59ee7f86f0f8,75,9d57409e-8150-476c-83ff-932a08211a47,Snake2,83,7,1
f5cf812e-29ad-44f2-a93c-59ee7f86f0f8,75,123c66b9-b2a7-4991-8494-0d510356bd8d,Snake1,31,9,0
f5cf812e-29ad-44f2-a93c-59ee7f86f0f8,75,061ece82-179b-4bbf-90e6-1d71b3eeef18,Snake3,89,11,1
f5cf812e-29ad-44f2-a93c-59ee7f86f0f8,75,9316cda9-69dc-490c-a72f-d0abbc0f27e4,Snake4,66,6,1
f5cf812e-29ad-44f2-a93c-59ee7f86f0f8,75,9d57409e-8150-476c-83ff-932a08211a47,Snake2,83,7,1
f5cf812e-29ad-44f2-a93c-59ee7f86f0f8,75,123c66b9-b2a7-4991-8494-0d510356bd8d,Snake1,31,9,0
f5cf812e-29ad-44f2-a93c-59ee7f86f0f8,76,061ece82-179b-4bbf-90e6-1d71b3eeef18,Snake3,88,11,1
f5cf812e-29ad-44f2-a93c-59ee7f86f0f8,76,9316cda9-69dc-490c-a72f-d0abbc0f27e4,Snake4,65,6,1
f5cf812e-29ad-44f2-a93c-59ee7f86f0f8,76,9d57409e-8150-476c-83ff-932a08211a47,Snake2,82,7,1
f5cf812e-29ad-44f2-a93c-59ee7f86f0f8,76,123c66b9-b2a7-4991-8494-0d510356bd8d,Snake1,31,9,0
f5cf812e-29ad-44f2-a93c-59ee7f86f0f8,76,061ece82-179b-4bbf-90e6-1d71b3eeef18,Snake3,88,11,1
f5cf812e-29ad-44f2-a93c-59ee7f86f0f8,76,9316cda9-69dc-490c-a72f-d0abbc0f27e4,Snake4,65,6,1
f5cf812e-29ad-44f2-a93c-59ee7f86f0f8,76,9d57409e-8150-476c-83ff-932a08211a47,Snake2,82,7,1
f5cf812e-29ad-44f2-a93c-59ee7f86f0f8,76,123c66b9-b2a7-4991-8494-0d510356bd8d,Snake1,31,9,0
f5cf812e-29ad-44f2-a93c-59ee7f86f0f8,76,061ece82-179b-4bbf-90e6-1d71b3eeef18,Snake3,88,11,1
f5cf812e-29ad-44f2-a93c-59ee7f86f0f8,76,9316cda9-69dc-490c-a72f-d0abbc0f27e4,Snake4,65,6,1
f5cf812e-29ad-44f2-a93c-59ee7f86f0f8,76,9d57409e-8150-476c-83ff-932a08211a47,Snake2,82,7,1
f5cf812e-29ad-44f2-a93c-59ee7f86f0f8,76,123c66b9-b2a7-4991-8494-0d510356bd8d,Snake1,31,9,0
f5cf812e-29ad-44f2-a93c-59ee7f86f0f8,77,061ece82-179b-4bbf-90e6-1d71b3eeef18,Snake3,87,11,1
f5cf812e-29ad-44f2-a93c-59ee7f86f0f8,77,9316cda9-69dc-490c-a72f-d0abbc0f27e4,Snake4,64,6,1
f5cf812e-29ad-44f2-a93c-59ee7f86f0f8,77,9d57409e-8150-476c-83ff-932a08211a47,Snake2,81,7,1
f5cf812e-29ad-44f2-a93c-59ee7f86f0f8,77,123c66b9-b2a7-4991-8494-0d510356bd8d,Snake1,31,9,0
f5cf812e-29ad-44f2-a93c-59ee7f86f0f8,77,061ece82-179b-4bbf-90e6-1d71b3eeef18,Snake3,87,11,1
f5cf812e-29ad-44f2-a93c-59ee7f86f0f8,77,9316cda9-69dc-490c-a72f-d0abbc0f27e4,Snake4,64,6,1
f5cf812e-29ad-44f2-a93c-59ee7f86f0f8,77,9d57409e-8150-476c-83ff-932a08211a47,Snake2,81,7,1
f5cf812e-29ad-44f2-a93c-59ee7f86f0f8,77,123c66b9-b2a7-4991-8494-0d510356bd8d,Snake1,31,9,0
f5cf812e-29ad-44f2-a93c-59ee7f86f0f8,77,061ece82-179b-4bbf-90e6-1d71b3eeef18,Snake3,87,11,1
f5cf812e-29ad-44f2-a93c-59ee7f86f0f8,77,9316cda9-69dc-490c-a72f-d0abbc0f27e4,Snake4,64,6,1
f5cf812e-29ad-44f2-a93c-59ee7f86f0f8,77,9d57409e-8150-476c-83ff-932a08211a47,Snake2,81,7,1
f5cf812e-29ad-44f2-a93c-59ee7f86f0f8,77,123c66b9-b2a7-4991-8494-0d510356bd8d,Snake1,31,9,0
f5cf812e-29ad-44f2-a93c-59ee7f86f0f8,78,061ece82-179b-4bbf-90e6-1d71b3eeef18,Snake3,86,11,1
f5cf812e-29ad-44f2-a93c-59ee7f86f0f8,78,9316cda9-69dc-490c-a72f-d0abbc0f27e4,Snake4,63,6,1
f5cf812e-29ad-44f2-a93c-59ee7f86f0f8,78,9d57409e-8150-476c-83ff-932a08211a47,Snake2,80,7,1
f5cf812e-29ad-44f2-a93c-59ee7f86f0f8,78,123c66b9-b2a7-4991-8494-0d510356bd8d,Snake1,31,9,0
f5cf812e-29ad-44f2-a93c-59ee7f86f0f8,78,061ece82-179b-4bbf-90e6-1d71b3eeef18,Snake3,86,11,1
f5cf812e-29ad-44f2-a93c-59ee7f86f0f8,78,9316cda9-69dc-490c-a72f-d0abbc0f27e4,Snake4,63,6,1
f5cf812e-29ad-44f2-a93c-59ee7f86f0f8,78,9d57409e-8150-476c-83ff-932a08211a47,Snake2,80,7,1
f5cf812e-29ad-44f2-a93c-59ee7f86f0f8,78,123c66b9-b2a7-4991-8494-0d510356bd8d,Snake1,31,9,0
f5cf812e-29ad-44f2-a93c-59ee7f86f0f8,79,061ece82-179b-4bbf-90e6-1d71b3eeef18,Snake3,85,11,1
f5cf812e-29ad-44f2-a93c-59ee7f86f0f8,79,9316cda9-69dc-490c-a72f-d0abbc0f27e4,Snake4,62,6,1
f5cf812e-29ad-44f2-a93c-59ee7f86f0f8,79,9d57409e-8150-476c-83ff-932a08211a47,Snake2,79,7,1
f5cf812e-29ad-44f2-a93c-59ee7f86f0f8,79,123c66b9-b2a7-4991-8494-0d510356bd8d,Snake1,31,9,0
f5cf812e-29ad-44f2-a93c-59ee7f86f0f8,79,061ece82-179b-4bbf-90e6-1d71b3eeef18,Snake3,85,11,1
f5cf812e-29ad-44f2-a93c-59ee7f86f0f8,79,9316cda9-69dc-490c-a72f-d0abbc0f27e4,Snake4,62,6,1
f5cf812e-29ad-44f2-a93c-59ee7f86f0f8,79,9d57409e-8150-476c-83ff-932a08211a47,Snake2,79,7,1
f5cf812e-29ad-44f2-a93c-59ee7f86f0f8,79,123c66b9-b2a7-4991-8494-0d510356bd8d,Snake1,31,9,0
f5cf812e-29ad-44f2-a93c-59ee7f86f0f8,79,061ece82-179b-4bbf-90e6-1d71b3eeef18,Snake3,85,11,1
f5cf812e-29ad-44f2-a93c-59ee7f86f0f8,79,9316cda9-69dc-490c-a72f-d0abbc0f27e4,Snake4,62,6,1
f5cf812e-29ad-44f2-a93c-59ee7f86f0f8,79,9d57409e-8150-476c-83ff-932a08211a47,Snake2,79,7,1
f5cf812e-29ad-44f2-a93c-59ee7f86f0f8,79,123c66b9-b2a7-4991-8494-0d510356bd8d,Snake1,31,9,0
f5cf812e-29ad-44f2-a93c-59ee7f86f0f8,80,061ece82-179b-4bbf-90e6-1d71b3eeef18,Snake3,84,11,1
f5cf812e-29ad-44f2-a93c-59ee7f86f0f8,80,9316cda9-69dc-490c-a72f-d0abbc0f27e4,Snake4,61,6,1
f5cf812e-29ad-44f2-a93c-59ee7f86f0f8,80,9d57409e-8150-476c-83ff-932a08211a47,Snake2,78,7,1
f5cf812e-29ad-44f2-a93c-59ee7f86f0f8,80,123c66b9-b2a7-4991-8494-0d510356bd8d,Snake1,31,9,0
f5cf812e-29ad-44f2-a93c-59ee7f86f0f8,80,061ece82-179b-4bbf-90e6-1d71b3eeef18,Snake3,84,11,1
f5cf812e-29ad-44f2-a93c-59ee7f86f0f8,80,9316cda9-69dc-490c-a72f-d0abbc0f27e4,Snake4,61,6,1
f5cf812e-29ad-44f2-a93c-59ee7f86f0f8,80,9d57409e-8150-476c-83ff-932a08211a47,Snake2,78,7,1
f5cf812e-29ad-44f2-a93c-59ee7f86f0f8,80,123c66b9-b2a7-4991-8494-0d510356bd8d,Snake1,31,9,0
f5cf812e-29ad-44f2-a93c-59ee7f86f0f8,81,061ece82-179b-4bbf-90e6-1d71b3eeef18,Snake3,83,11,1
f5cf812e-29ad-44f2-a93c-59ee7f86f0f8,81,9316cda9-69dc-490c-a72f-d0abbc0f27e4,Snake4,60,6,1
f5cf812e-29ad-44f2-a93c-59ee7f86f0f8,81,9d57409e-8150-476c-83ff-932a08211a47,Snake2,77,7,1
f5cf812e-29ad-44f2-a93c-59ee7f86f0f8,81,123c66b9-b2a7-4991-8494-0d510356bd8d,Snake1,31,9,0
f5cf812e-29ad-44f2-a93c-59ee7f86f0f8,81,061ece82-179b-4bbf-90e6-1d71b3eeef18,Snake3,83,11,1
f5cf812e-29ad-44f2-a93c-59ee7f86f0f8,81,9316cda9-69dc-490c-a72f-d0abbc0f27e4,Snake4,60,6,1
f5cf812e-29ad-44f2-a93c-59ee7f86f0f8,81,9d57409e-8150-476c-83ff-932a08211a47,Snake2,77,7,1
f5cf812e-29ad-44f2-a93c-59ee7f86f0f8,81,123c66b9-b2a7-4991-8494-0d510356bd8d,Snake1,31,9,0
f5cf812e-29ad-44f2-a93c-59ee7f86f0f8,81,061ece82-179b-4bbf-90e6-1d71b3eeef18,Snake3,83,11,1
f5cf812e-29ad-44f2-a93c-59ee7f86f0f8,81,9316cda9-69dc-490c-a72f-d0abbc0f27e4,Snake4,60,6,1
f5cf812e-29ad-44f2-a93c-59ee7f86f0f8,81,9d57409e-8150-476c-83ff-932a08211a47,Snake2,77,7,1
f5cf812e-29ad-44f2-a93c-59ee7f86f0f8,81,123c66b9-b2a7-4991-8494-0d510356bd8d,Snake1,31,9,0
f5cf812e-29ad-44f2-a93c-59ee7f86f0f8,82,061ece82-179b-4bbf-90e6-1d71b3eeef18,Snake3,82,11,1
f5cf812e-29ad-44f2-a93c-59ee7f86f0f8,82,9316cda9-69dc-490c-a72f-d0abbc0f27e4,Snake4,59,6,1
f5cf812e-29ad-44f2-a93c-59ee7f86f0f8,82,9d57409e-8150-476c-83ff-932a08211a47,Snake2,76,7,1
f5cf812e-29ad-44f2-a93c-59ee7f86f0f8,82,123c66b9-b2a7-4991-8494-0d510356bd8d,Snake1,31,9,0
f5cf812e-29ad-44f2-a93c-59ee7f86f0f8,82,061ece82-179b-4bbf-90e6-1d71b3eeef18,Snake3,82,11,1
f5cf812e-29ad-44f2-a93c-59ee7f86f0f8,82,9316cda9-69dc-490c-a72f-d0abbc0f27e4,Snake4,59,6,1
f5cf812e-29ad-44f2-a93c-59ee7f86f0f8,82,9d57409e-8150-476c-83ff-932a08211a47,Snake2,76,7,1
f5cf812e-29ad-44f2-a93c-59ee7f86f0f8,82,123c66b9-b2a7-4991-8494-0d510356bd8d,Snake1,31,9,0
f5cf812e-29ad-44f2-a93c-59ee7f86f0f8,82,061ece82-179b-4bbf-90e6-1d71b3eeef18,Snake3,82,11,1
f5cf812e-29ad-44f2-a93c-59ee7f86f0f8,82,9316cda9-69dc-490c-a72f-d0abbc0f27e4,Snake4,59,6,1
f5cf812e-29ad-44f2-a93c-59ee7f86f0f8,82,9d57409e-8150-476c-83ff-932a08211a47,Snake2,76,7,1
f5cf812e-29ad-44f2-a93c-59ee7f86f0f8,82,123c66b9-b2a7-4991-8494-0d510356bd8d,Snake1,31,9,0
f5cf812e-29ad-44f2-a93c-59ee7f86f0f8,83,061ece82-179b-4bbf-90e6-1d71b3eeef18,Snake3,81,11,1
f5cf812e-29ad-44f2-a93c-59ee7f86f0f8,83,9316cda9-69dc-490c-a72f-d0abbc0f27e4,Snake4,58,6,1
f5cf812e-29ad-44f2-a93c-59ee7f86f0f8,83,9d57409e-8150-476c-83ff-932a08211a47,Snake2,75,7,1
f5cf812e-29ad-44f2-a93c-59ee7f86f0f8,83,123c66b9-b2a7-4991-8494-0d510356bd8d,Snake1,31,9,0
f5cf812e-29ad-44f2-a93c-59ee7f86f0f8,83,061ece82-179b-4bbf-90e6-1d71b3eeef18,Snake3,81,11,1
f5cf812e-29ad-44f2-a93c-59ee7f86f0f8,83,9316cda9-69dc-490c-a72f-d0abbc0f27e4,Snake4,58,6,1
f5cf812e-29ad-44f2-a93c-59ee7f86f0f8,83,9d57409e-8150-476c-83ff-932a08211a47,Snake2,75,7,1
f5cf812e-29ad-44f2-a93c-59ee7f86f0f8,83,123c66b9-b2a7-4991-8494-0d510356bd8d,Snake1,31,9,0
f5cf812e-29ad-44f2-a93c-59ee7f86f0f8,84,061ece82-179b-4bbf-90e6-1d71b3eeef18,Snake3,80,11,1
f5cf812e-29ad-44f2-a93c-59ee7f86f0f8,84,9316cda9-69dc-490c-a72f-d0abbc0f27e4,Snake4,57,6,1
f5cf812e-29ad-44f2-a93c-59ee7f86f0f8,84,9d57409e-8150-476c-83ff-932a08211a47,Snake2,74,7,1
f5cf812e-29ad-44f2-a93c-59ee7f86f0f8,84,123c66b9-b2a7-4991-8494-0d510356bd8d,Snake1,31,9,0
f5cf812e-29ad-44f2-a93c-59ee7f86f0f8,84,061ece82-179b-4bbf-90e6-1d71b3eeef18,Snake3,80,11,1
f5cf812e-29ad-44f2-a93c-59ee7f86f0f8,84,9316cda9-69dc-490c-a72f-d0abbc0f27e4,Snake4,57,6,1
f5cf812e-29ad-44f2-a93c-59ee7f86f0f8,84,9d57409e-8150-476c-83ff-932a08211a47,Snake2,74,7,1
f5cf812e-29ad-44f2-a93c-59ee7f86f0f8,84,123c66b9-b2a7-4991-8494-0d510356bd8d,Snake1,31,9,0
f5cf812e-29ad-44f2-a93c-59ee7f86f0f8,84,061ece82-179b-4bbf-90e6-1d71b3eeef18,Snake3,80,11,1
f5cf812e-29ad-44f2-a93c-59ee7f86f0f8,84,9316cda9-69dc-490c-a72f-d0abbc0f27e4,Snake4,57,6,1
f5cf812e-29ad-44f2-a93c-59ee7f86f0f8,84,9d57409e-8150-476c-83ff-932a08211a47,Snake2,74,7,1
f5cf812e-29ad-44f2-a93c-59ee7f86f0f8,84,123c66b9-b2a7-4991-8494-0d510356bd8d,Snake1,31,9,0
f5cf812e-29ad-44f2-a93c-59ee7f86f0f8,85,061ece82-179b-4bbf-90e6-1d71b3eeef18,Snake3,79,11,1
f5cf812e-29ad-44f2-a93c-59ee7f86f0f8,85,9316cda9-69dc-490c-a72f-d0abbc0f27e4,Snake4,56,6,1
f5cf812e-29ad-44f2-a93c-59ee7f86f0f8,85,9d57409e-8150-476c-83ff-932a08211a47,Snake2,73,7,1
f5cf812e-29ad-44f2-a93c-59ee7f86f0f8,85,123c66b9-b2a7-4991-8494-0d510356bd8d,Snake1,31,9,0
f5cf812e-29ad-44f2-a93c-59ee7f86f0f8,85,061ece82-179b-4bbf-90e6-1d71b3eeef18,Snake3,79,11,1
f5cf812e-29ad-44f2-a93c-59ee7f86f0f8,85,9316cda9-69dc-490c-a72f-d0abbc0f27e4,Snake4,56,6,1
f5cf812e-29ad-44f2-a93c-59ee7f86f0f8,85,9d57409e-8150-476c-83ff-932a08211a47,Snake2,73,7,1
f5cf812e-29ad-44f2-a93c-59ee7f86f0f8,85,123c66b9-b2a7-4991-8494-0d510356bd8d,Snake1,31,9,0
f5cf812e-29ad-44f2-a93c-59ee7f86f0f8,86,061ece82-179b-4bbf-90e6-1d71b3eeef18,Snake3,78,11,1
f5cf812e-29ad-44f2-a93c-59ee7f86f0f8,86,9d57409e-8150-476c-83ff-932a08211a47,Snake2,72,7,1
f5cf812e-29ad-44f2-a93c-59ee7f86f0f8,86,9316cda9-69dc-490c-a72f-d0abbc0f27e4,Snake4,56,6,0
f5cf812e-29ad-44f2-a93c-59ee7f86f0f8,86,123c66b9-b2a7-4991-8494-0d510356bd8d,Snake1,31,9,0
f5cf812e-29ad-44f2-a93c-59ee7f86f0f8,86,061ece82-179b-4bbf-90e6-1d71b3eeef18,Snake3,78,11,1
f5cf812e-29ad-44f2-a93c-59ee7f86f0f8,86,9d57409e-8150-476c-83ff-932a08211a47,Snake2,72,7,1
f5cf812e-29ad-44f2-a93c-59ee7f86f0f8,86,9316cda9-69dc-490c-a72f-d0abbc0f27e4,Snake4,56,6,0
f5cf812e-29ad-44f2-a93c-59ee7f86f0f8,86,123c66b9-b2a7-4991-8494-0d510356bd8d,Snake1,31,9,0
f5cf812e-29ad-44f2-a93c-59ee7f86f0f8,87,061ece82-179b-4bbf-90e6-1d71b3eeef18,Snake3,77,11,1
f5cf812e-29ad-44f2-a93c-59ee7f86f0f8,87,9d57409e-8150-476c-83ff-932a08211a47,Snake2,71,7,1
f5cf812e-29ad-44f2-a93c-59ee7f86f0f8,87,9316cda9-69dc-490c-a72f-d0abbc0f27e4,Snake4,56,6,0
f5cf812e-29ad-44f2-a93c-59ee7f86f0f8,87,123c66b9-b2a7-4991-8494-0d510356bd8d,Snake1,31,9,0
f5cf812e-29ad-44f2-a93c-59ee7f86f0f8,87,061ece82-179b-4bbf-90e6-1d71b3eeef18,Snake3,77,11,1
f5cf812e-29ad-44f2-a93c-59ee7f86f0f8,87,9d57409e-8150-476c-83ff-932a08211a47,Snake2,71,7,1
f5cf812e-29ad-44f2-a93c-59ee7f86f0f8,87,9316cda9-69dc-490c-a72f-d0abbc0f27e4,Snake4,56,6,0
f5cf812e-29ad-44f2-a93c-59ee7f86f0f8,87,123c66b9-b2a7-4991-8494-0d510356bd8d,Snake1,31,9,0
f5cf812e-29ad-44f2-a93c-59ee7f86f0f8,88,061ece82-179b-4bbf-90e6-1d71b3eeef18,Snake3,76,11,1
f5cf812e-29ad-44f2-a93c-59ee7f86f0f8,88,9d57409e-8150-476c-83ff-932a08211a47,Snake2,100,8,1
f5cf812e-29ad-44f2-a93c-59ee7f86f0f8,88,9316cda9-69dc-490c-a72f-d0abbc0f27e4,Snake4,56,6,0
f5cf812e-29ad-44f2-a93c-59ee7f86f0f8,88,123c66b9-b2a7-4991-8494-0d510356bd8d,Snake1,31,9,0
f5cf812e-29ad-44f2-a93c-59ee7f86f0f8,88,061ece82-179b-4bbf-90e6-1d71b3eeef18,Snake3,76,11,1
f5cf812e-29ad-44f2-a93c-59ee7f86f0f8,88,9d57409e-8150-476c-83ff-932a08211a47,Snake2,100,8,1
f5cf812e-29ad-44f2-a93c-59ee7f86f0f8,88,9316cda9-69dc-490c-a72f-d0abbc0f27e4,Snake4,56,6,0
f5cf812e-29ad-44f2-a93c-59ee7f86f0f8,88,123c66b9-b2a7-4991-8494-0d510356bd8d,Snake1,31,9,0
f5cf812e-29ad-44f2-a93c-59ee7f86f0f8,89,061ece82-179b-4bbf-90e6-1d71b3eeef18,Snake3,75,11,1
f5cf812e-29ad-44f2-a93c-59ee7f86f0f8,89,9d57409e-8150-476c-83ff-932a08211a47,Snake2,99,8,1
f5cf812e-29ad-44f2-a93c-59ee7f86f0f8,89,9316cda9-69dc-490c-a72f-d0abbc0f27e4,Snake4,56,6,0
f5cf812e-29ad-44f2-a93c-59ee7f86f0f8,89,123c66b9-b2a7-4991-8494-0d510356bd8d,Snake1,31,9,0
f5cf812e-29ad-44f2-a93c-59ee7f86f0f8,90,061ece82-179b-4bbf-90e6-1d71b3eeef18,Snake3,74,11,1
f5cf812e-29ad-44f2-a93c-59ee7f86f0f8,90,9d57409e-8150-476c-83ff-932a08211a47,Snake2,98,8,1
f5cf812e-29ad-44f2-a93c-59ee7f86f0f8,90,9316cda9-69dc-490c-a72f-d0abbc0f27e4,Snake4,56,6,0
f5cf812e-29ad-44f2-a93c-59ee7f86f0f8,90,123c66b9-b2a7-4991-8494-0d510356bd8d,Snake1,31,9,0
f5cf812e-29ad-44f2-a93c-59ee7f86f0f8,90,061ece82-179b-4bbf-90e6-1d71b3eeef18,Snake3,74,11,1
f5cf812e-29ad-44f2-a93c-59ee7f86f0f8,90,9d57409e-8150-476c-83ff-932a08211a47,Snake2,98,8,1
f5cf812e-29ad-44f2-a93c-59ee7f86f0f8,90,9316cda9-69dc-490c-a72f-d0abbc0f27e4,Snake4,56,6,0
f5cf812e-29ad-44f2-a93c-59ee7f86f0f8,90,123c66b9-b2a7-4991-8494-0d510356bd8d,Snake1,31,9,0
f5cf812e-29ad-44f2-a93c-59ee7f86f0f8,91,061ece82-179b-4bbf-90e6-1d71b3eeef18,Snake3,73,11,1
f5cf812e-29ad-44f2-a93c-59ee7f86f0f8,91,9d57409e-8150-476c-83ff-932a08211a47,Snake2,97,8,1
f5cf812e-29ad-44f2-a93c-59ee7f86f0f8,91,9316cda9-69dc-490c-a72f-d0abbc0f27e4,Snake4,56,6,0
f5cf812e-29ad-44f2-a93c-59ee7f86f0f8,91,123c66b9-b2a7-4991-8494-0d510356bd8d,Snake1,31,9,0
f5cf812e-29ad-44f2-a93c-59ee7f86f0f8,92,061ece82-179b-4bbf-90e6-1d71b3eeef18,Snake3,72,11,1
f5cf812e-29ad-44f2-a93c-59ee7f86f0f8,92,9d57409e-8150-476c-83ff-932a08211a47,Snake2,96,8,1
f5cf812e-29ad-44f2-a93c-59ee7f86f0f8,92,9316cda9-69dc-490c-a72f-d0abbc0f27e4,Snake4,56,6,0
f5cf812e-29ad-44f2-a93c-59ee7f86f0f8,92,123c66b9-b2a7-4991-8494-0d510356bd8d,Snake1,31,9,0
f5cf812e-29ad-44f2-a93c-59ee7f86f0f8,92,061ece82-179b-4bbf-90e6-1d71b3eeef18,Snake3,72,11,1
f5cf812e-29ad-44f2-a93c-59ee7f86f0f8,92,9d57409e-8150-476c-83ff-932a08211a47,Snake2,96,8,1
f5cf812e-29ad-44f2-a93c-59ee7f86f0f8,92,9316cda9-69dc-490c-a72f-d0abbc0f27e4,Snake4,56,6,0
f5cf812e-29ad-44f2-a93c-59ee7f86f0f8,92,123c66b9-b2a7-4991-8494-0d510356bd8d,Snake1,31,9,0
f5cf812e-29ad-44f2-a93c-59ee7f86f0f8,93,061ece82-179b-4bbf-90e6-1d71b3eeef18,Snake3,71,11,1
f5cf812e-29ad-44f2-a93c-59ee7f86f0f8,93,9d57409e-8150-476c-83ff-932a08211a47,Snake2,95,8,1
f5cf812e-29ad-44f2-a93c-59ee7f86f0f8,93,9316cda9-69dc-490c-a72f-d0abbc0f27e4,Snake4,56,6,0
f5cf812e-29ad-44f2-a93c-59ee7f86f0f8,93,123c66b9-b2a7-4991-8494-0d510356bd8d,Snake1,31,9,0
f5cf812e-29ad-44f2-a93c-59ee7f86f0f8,93,061ece82-179b-4bbf-90e6-1d71b3eeef18,Snake3,71,11,1
f5cf812e-29ad-44f2-a93c-59ee7f86f0f8,93,9d57409e-8150-476c-83ff-932a08211a47,Snake2,95,8,1
f5cf812e-29ad-44f2-a93c-59ee7f86f0f8,93,9316cda9-69dc-490c-a72f-d0abbc0f27e4,Snake4,56,6,0
f5cf812e-29ad-44f2-a93c-59ee7f86f0f8,93,123c66b9-b2a7-4991-8494-0d510356bd8d,Snake1,31,9,0
f5cf812e-29ad-44f2-a93c-59ee7f86f0f8,94,061ece82-179b-4bbf-90e6-1d71b3eeef18,Snake3,70,11,1
f5cf812e-29ad-44f2-a93c-59ee7f86f0f8,94,9d57409e-8150-476c-83ff-932a08211a47,Snake2,94,8,1
f5cf812e-29ad-44f2-a93c-59ee7f86f0f8,94,9316cda9-69dc-490c-a72f-d0abbc0f27e4,Snake4,56,6,0
f5cf812e-29ad-44f2-a93c-59ee7f86f0f8,94,123c66b9-b2a7-4991-8494-0d510356bd8d,Snake1,31,9,0
f5cf812e-29ad-44f2-a93c-59ee7f86f0f8,94,061ece82-179b-4bbf-90e6-1d71b3eeef18,Snake3,70,11,1
f5cf812e-29ad-44f2-a93c-59ee7f86f0f8,94,9d57409e-8150-476c-83ff-932a08211a47,Snake2,94,8,1
f5cf812e-29ad-44f2-a93c-59ee7f86f0f8,94,9316cda9-69dc-490c-a72f-d0abbc0f27e4,Snake4,56,6,0
f5cf812e-29ad-44f2-a93c-59ee7f86f0f8,94,123c66b9-b2a7-4991-8494-0d510356bd8d,Snake1,31,9,0
f5cf812e-29ad-44f2-a93c-59ee7f86f0f8,95,061ece82-179b-4bbf-90e6-1d71b3eeef18,Snake3,69,11,1
f5cf812e-29ad-44f2-a93c-59ee7f86f0f8,95,9d57409e-8150-476c-83ff-932a08211a47,Snake2,93,8,1
f5cf812e-29ad-44f2-a93c-59ee7f86f0f8,95,9316cda9-69dc-490c-a72f-d0abbc0f27e4,Snake4,56,6,0
f5cf812e-29ad-44f2-a93c-59ee7f86f0f8,95,123c66b9-b2a7-4991-8494-0d510356bd8d,Snake1,31,9,0
f5cf812e-29ad-44f2-a93c-59ee7f86f0f8,96,061ece82-179b-4bbf-90e6-1d71b3eeef18,Snake3,68,11,1
f5cf812e-29ad-44f2-a93c-59ee7f86f0f8,96,9d57409e-8150-476c-83ff-932a08211a47,Snake2,92,8,1
f5cf812e-29ad-44f2-a93c-59ee7f86f0f8,96,9316cda9-69dc-490c-a72f-d0abbc0f27e4,Snake4,56,6,0
f5cf812e-29ad-44f2-a93c-59ee7f86f0f8,96,123c66b9-b2a7-4991-8494-0d510356bd8d,Snake1,31,9,0
f5cf812e-29ad-44f2-a93c-59ee7f86f0f8,97,061ece82-179b-4bbf-90e6-1d71b3eeef18,Snake3,67,11,1
f5cf812e-29ad-44f2-a93c-59ee7f86f0f8,97,9d57409e-8150-476c-83ff-932a08211a47,Snake2,91,8,1
f5cf812e-29ad-44f2-a93c-59ee7f86f0f8,97,9316cda9-69dc-490c-a72f-d0abbc0f27e4,Snake4,56,6,0
f5cf812e-29ad-44f2-a93c-59ee7f86f0f8,97,123c66b9-b2a7-4991-8494-0d510356bd8d,Snake1,31,9,0
f5cf812e-29ad-44f2-a93c-59ee7f86f0f8,98,061ece82-179b-4bbf-90e6-1d71b3eeef18,Snake3,66,11,1
f5cf812e-29ad-44f2-a93c-59ee7f86f0f8,98,9d57409e-8150-476c-83ff-932a08211a47,Snake2,90,8,1
f5cf812e-29ad-44f2-a93c-59ee7f86f0f8,98,9316cda9-69dc-490c-a72f-d0abbc0f27e4,Snake4,56,6,0
f5cf812e-29ad-44f2-a93c-59ee7f86f0f8,98,123c66b9-b2a7-4991-8494-0d510356bd8d,Snake1,31,9,0
f5cf812e-29ad-44f2-a93c-59ee7f86f0f8,98,061ece82-179b-4bbf-90e6-1d71b3eeef18,Snake3,66,11,1
f5cf812e-29ad-44f2-a93c-59ee7f86f0f8,98,9d57409e-8150-476c-83ff-932a08211a47,Snake2,90,8,1
f5cf812e-29ad-44f2-a93c-59ee7f86f0f8,98,9316cda9-69dc-490c-a72f-d0abbc0f27e4,Snake4,56,6,0
f5cf812e-29ad-44f2-a93c-59ee7f86f0f8,98,123c66b9-b2a7-4991-8494-0d510356bd8d,Snake1,31,9,0
f5cf812e-29ad-44f2-a93c-59ee7f86f0f8,99,061ece82-179b-4bbf-90e6-1d71b3eeef18,Snake3,65,11,1
f5cf812e-29ad-44f2-a93c-59ee7f86f0f8,99,9d57409e-8150-476c-83ff-932a08211a47,Snake2,89,8,1
f5cf812e-29ad-44f2-a93c-59ee7f86f0f8,99,9316cda9-69dc-490c-a72f-d0abbc0f27e4,Snake4,56,6,0
f5cf812e-29ad-44f2-a93c-59ee7f86f0f8,99,123c66b9-b2a7-4991-8494-0d510356bd8d,Snake1,31,9,0
f5cf812e-29ad-44f2-a93c-59ee7f86f0f8,99,061ece82-179b-4bbf-90e6-1d71b3eeef18,Snake3,65,11,1
f5cf812e-29ad-44f2-a93c-59ee7f86f0f8,99,9d57409e-8150-476c-83ff-932a08211a47,Snake2,89,8,1
f5cf812e-29ad-44f2-a93c-59ee7f86f0f8,99,9316cda9-69dc-490c-a72f-d0abbc0f27e4,Snake4,56,6,0
f5cf812e-29ad-44f2-a93c-59ee7f86f0f8,99,123c66b9-b2a7-4991-8494-0d510356bd8d,Snake1,31,9,0
f5cf812e-29ad-44f2-a93c-59ee7f86f0f8,100,061ece82-179b-4bbf-90e6-1d71b3eeef18,Snake3,64,11,1
f5cf812e-29ad-44f2-a93c-59ee7f86f0f8,100,9d57409e-8150-476c-83ff-932a08211a47,Snake2,88,8,1
f5cf812e-29ad-44f2-a93c-59ee7f86f0f8,100,9316cda9-69dc-490c-a72f-d0abbc0f27e4,Snake4,56,6,0
f5cf812e-29ad-44f2-a93c-59ee7f86f0f8,100,123c66b9-b2a7-4991-8494-0d510356bd8d,Snake1,31,9,0
f5cf812e-29ad-44f2-a93c-59ee7f86f0f8,101,061ece82-179b-4bbf-90e6-1d71b3eeef18,Snake3,63,11,1
f5cf812e-29ad-44f2-a93c-59ee7f86f0f8,101,9d57409e-8150-476c-83ff-932a08211a47,Snake2,87,8,1
f5cf812e-29ad-44f2-a93c-59ee7f86f0f8,101,9316cda9-69dc-490c-a72f-d0abbc0f27e4,Snake4,56,6,0
f5cf812e-29ad-44f2-a93c-59ee7f86f0f8,101,123c66b9-b2a7-4991-8494-0d510356bd8d,Snake1,31,9,0
f5cf812e-29ad-44f2-a93c-59ee7f86f0f8,101,061ece82-179b-4bbf-90e6-1d71b3eeef18,Snake3,63,11,1
f5cf812e-29ad-44f2-a93c-59ee7f86f0f8,101,9d57409e-8150-476c-83ff-932a08211a47,Snake2,87,8,1
f5cf812e-29ad-44f2-a93c-59ee7f86f0f8,101,9316cda9-69dc-490c-a72f-d0abbc0f27e4,Snake4,56,6,0
f5cf812e-29ad-44f2-a93c-59ee7f86f0f8,101,123c66b9-b2a7-4991-8494-0d510356bd8d,Snake1,31,9,0
f5cf812e-29ad-44f2-a93c-59ee7f86f0f8,102,061ece82-179b-4bbf-90e6-1d71b3eeef18,Snake3,62,11,1
f5cf812e-29ad-44f2-a93c-59ee7f86f0f8,102,9d57409e-8150-476c-83ff-932a08211a47,Snake2,86,8,1
f5cf812e-29ad-44f2-a93c-59ee7f86f0f8,102,9316cda9-69dc-490c-a72f-d0abbc0f27e4,Snake4,56,6,0
f5cf812e-29ad-44f2-a93c-59ee7f86f0f8,102,123c66b9-b2a7-4991-8494-0d510356bd8d,Snake1,31,9,0
f5cf812e-29ad-44f2-a93c-59ee7f86f0f8,102,061ece82-179b-4bbf-90e6-1d71b3eeef18,Snake3,62,11,1
f5cf812e-29ad-44f2-a93c-59ee7f86f0f8,102,9d57409e-8150-476c-83ff-932a08211a47,Snake2,86,8,1
f5cf812e-29ad-44f2-a93c-59ee7f86f0f8,102,9316cda9-69dc-490c-a72f-d0abbc0f27e4,Snake4,56,6,0
f5cf812e-29ad-44f2-a93c-59ee7f86f0f8,102,123c66b9-b2a7-4991-8494-0d510356bd8d,Snake1,31,9,0
f5cf812e-29ad-44f2-a93c-59ee7f86f0f8,103,061ece82-179b-4bbf-90e6-1d71b3eeef18,Snake3,61,11,1
f5cf812e-29ad-44f2-a93c-59ee7f86f0f8,103,9d57409e-8150-476c-83ff-932a08211a47,Snake2,85,8,1
f5cf812e-29ad-44f2-a93c-59ee7f86f0f8,103,9316cda9-69dc-490c-a72f-d0abbc0f27e4,Snake4,56,6,0
f5cf812e-29ad-44f2-a93c-59ee7f86f0f8,103,123c66b9-b2a7-4991-8494-0d510356bd8d,Snake1,31,9,0
f5cf812e-29ad-44f2-a93c-59ee7f86f0f8,103,061ece82-179b-4bbf-90e6-1d71b3eeef18,Snake3,61,11,1
f5cf812e-29ad-44f2-a93c-59ee7f86f0f8,103,9d57409e-8150-476c-83ff-932a08211a47,Snake2,85,8,1
f5cf812e-29ad-44f2-a93c-59ee7f86f0f8,103,9316cda9-69dc-490c-a72f-d0abbc0f27e4,Snake4,56,6,0
f5cf812e-29ad-44f2-a93c-59ee7f86f0f8,103,123c66b9-b2a7-4991-8494-0d510356bd8d,Snake1,31,9,0
f5cf812e-29ad-44f2-a93c-59ee7f86f0f8,104,061ece82-179b-4bbf-90e6-1d71b3eeef18,Snake3,60,11,1
f5cf812e-29ad-44f2-a93c-59ee7f86f0f8,104,9d57409e-8150-476c-83ff-932a08211a47,Snake2,84,8,1
f5cf812e-29ad-44f2-a93c-59ee7f86f0f8,104,9316cda9-69dc-490c-a72f-d0abbc0f27e4,Snake4,56,6,0
f5cf812e-29ad-44f2-a93c-59ee7f86f0f8,104,123c66b9-b2a7-4991-8494-0d510356bd8d,Snake1,31,9,0
f5cf812e-29ad-44f2-a93c-59ee7f86f0f8,104,061ece82-179b-4bbf-90e6-1d71b3eeef18,Snake3,60,11,1
f5cf812e-29ad-44f2-a93c-59ee7f86f0f8,104,9d57409e-8150-476c-83ff-932a08211a47,Snake2,84,8,1
f5cf812e-29ad-44f2-a93c-59ee7f86f0f8,104,9316cda9-69dc-490c-a72f-d0abbc0f27e4,Snake4,56,6,0
f5cf812e-29ad-44f2-a93c-59ee7f86f0f8,104,123c66b9-b2a7-4991-8494-0d510356bd8d,Snake1,31,9,0
f5cf812e-29ad-44f2-a93c-59ee7f86f0f8,105,061ece82-179b-4bbf-90e6-1d71b3eeef18,Snake3,59,11,1
f5cf812e-29ad-44f2-a93c-59ee7f86f0f8,105,9d57409e-8150-476c-83ff-932a08211a47,Snake2,83,8,1
f5cf812e-29ad-44f2-a93c-59ee7f86f0f8,105,9316cda9-69dc-490c-a72f-d0abbc0f27e4,Snake4,56,6,0
f5cf812e-29ad-44f2-a93c-59ee7f86f0f8,105,123c66b9-b2a7-4991-8494-0d510356bd8d,Snake1,31,9,0
f5cf812e-29ad-44f2-a93c-59ee7f86f0f8,105,061ece82-179b-4bbf-90e6-1d71b3eeef18,Snake3,59,11,1
f5cf812e-29ad-44f2-a93c-59ee7f86f0f8,105,9d57409e-8150-476c-83ff-932a08211a47,Snake2,83,8,1
f5cf812e-29ad-44f2-a93c-59ee7f86f0f8,105,9316cda9-69dc-490c-a72f-d0abbc0f27e4,Snake4,56,6,0
f5cf812e-29ad-44f2-a93c-59ee7f86f0f8,105,123c66b9-b2a7-4991-8494-0d510356bd8d,Snake1,31,9,0
f5cf812e-29ad-44f2-a93c-59ee7f86f0f8,106,061ece82-179b-4bbf-90e6-1d71b3eeef18,Snake3,58,11,1
f5cf812e-29ad-44f2-a93c-59ee7f86f0f8,106,9d57409e-8150-476c-83ff-932a08211a47,Snake2,82,8,1
f5cf812e-29ad-44f2-a93c-59ee7f86f0f8,106,9316cda9-69dc-490c-a72f-d0abbc0f27e4,Snake4,56,6,0
f5cf812e-29ad-44f2-a93c-59ee7f86f0f8,106,123c66b9-b2a7-4991-8494-0d510356bd8d,Snake1,31,9,0
f5cf812e-29ad-44f2-a93c-59ee7f86f0f8,107,061ece82-179b-4bbf-90e6-1d71b3eeef18,Snake3,57,11,1
f5cf812e-29ad-44f2-a93c-59ee7f86f0f8,107,9d57409e-8150-476c-83ff-932a08211a47,Snake2,81,8,1
f5cf812e-29ad-44f2-a93c-59ee7f86f0f8,107,9316cda9-69dc-490c-a72f-d0abbc0f27e4,Snake4,56,6,0
f5cf812e-29ad-44f2-a93c-59ee7f86f0f8,107,123c66b9-b2a7-4991-8494-0d510356bd8d,Snake1,31,9,0
f5cf812e-29ad-44f2-a93c-59ee7f86f0f8,108,061ece82-179b-4bbf-90e6-1d71b3eeef18,Snake3,56,11,1
f5cf812e-29ad-44f2-a93c-59ee7f86f0f8,108,9d57409e-8150-476c-83ff-932a08211a47,Snake2,80,8,1
f5cf812e-29ad-44f2-a93c-59ee7f86f0f8,108,9316cda9-69dc-490c-a72f-d0abbc0f27e4,Snake4,56,6,0
f5cf812e-29ad-44f2-a93c-59ee7f86f0f8,108,123c66b9-b2a7-4991-8494-0d510356bd8d,Snake1,31,9,0
f5cf812e-29ad-44f2-a93c-59ee7f86f0f8,108,061ece82-179b-4bbf-90e6-1d71b3eeef18,Snake3,56,11,1
f5cf812e-29ad-44f2-a93c-59ee7f86f0f8,108,9d57409e-8150-476c-83ff-932a08211a47,Snake2,80,8,1
f5cf812e-29ad-44f2-a93c-59ee7f86f0f8,108,9316cda9-69dc-490c-a72f-d0abbc0f27e4,Snake4,56,6,0
f5cf812e-29ad-44f2-a93c-59ee7f86f0f8,108,123c66b9-b2a7-4991-8494-0d510356bd8d,Snake1,31,9,0
f5cf812e-29ad-44f2-a93c-59ee7f86f0f8,109,061ece82-179b-4bbf-90e6-1d71b3eeef18,Snake3,55,11,1
f5cf812e-29ad-44f2-a93c-59ee7f86f0f8,109,9d57409e-8150-476c-83ff-932a08211a47,Snake2,79,8,1
f5cf812e-29ad-44f2-a93c-59ee7f86f0f8,109,9316cda9-69dc-490c-a72f-d0abbc0f27e4,Snake4,56,6,0
f5cf812e-29ad-44f2-a93c-59ee7f86f0f8,109,123c66b9-b2a7-4991-8494-0d510356bd8d,Snake1,31,9,0
f5cf812e-29ad-44f2-a93c-59ee7f86f0f8,110,061ece82-179b-4bbf-90e6-1d71b3eeef18,Snake3,54,11,1
f5cf812e-29ad-44f2-a93c-59ee7f86f0f8,110,9d57409e-8150-476c-83ff-932a08211a47,Snake2,100,9,1
f5cf812e-29ad-44f2-a93c-59ee7f86f0f8,110,9316cda9-69dc-490c-a72f-d0abbc0f27e4,Snake4,56,6,0
f5cf812e-29ad-44f2-a93c-59ee7f86f0f8,110,123c66b9-b2a7-4991-8494-0d510356bd8d,Snake1,31,9,0
f5cf812e-29ad-44f2-a93c-59ee7f86f0f8,110,061ece82-179b-4bbf-90e6-1d71b3eeef18,Snake3,54,11,1
f5cf812e-29ad-44f2-a93c-59ee7f86f0f8,110,9d57409e-8150-476c-83ff-932a08211a47,Snake2,100,9,1
f5cf812e-29ad-44f2-a93c-59ee7f86f0f8,110,9316cda9-69dc-490c-a72f-d0abbc0f27e4,Snake4,56,6,0
f5cf812e-29ad-44f2-a93c-59ee7f86f0f8,110,123c66b9-b2a7-4991-8494-0d510356bd8d,Snake1,31,9,0
f5cf812e-29ad-44f2-a93c-59ee7f86f0f8,111,061ece82-179b-4bbf-90e6-1d71b3eeef18,Snake3,53,11,1
f5cf812e-29ad-44f2-a93c-59ee7f86f0f8,111,9d57409e-8150-476c-83ff-932a08211a47,Snake2,99,9,1
f5cf812e-29ad-44f2-a93c-59ee7f86f0f8,111,9316cda9-69dc-490c-a72f-d0abbc0f27e4,Snake4,56,6,0
f5cf812e-29ad-44f2-a93c-59ee7f86f0f8,111,123c66b9-b2a7-4991-8494-0d510356bd8d,Snake1,31,9,0
f5cf812e-29ad-44f2-a93c-59ee7f86f0f8,112,9d57409e-8150-476c-83ff-932a08211a47,Snake2,98,9,1
f5cf812e-29ad-44f2-a93c-59ee7f86f0f8,112,061ece82-179b-4bbf-90e6-1d71b3eeef18,Snake3,53,11,0
f5cf812e-29ad-44f2-a93c-59ee7f86f0f8,112,9316cda9-69dc-490c-a72f-d0abbc0f27e4,Snake4,56,6,0
f5cf812e-29ad-44f2-a93c-59ee7f86f0f8,112,123c66b9-b2a7-4991-8494-0d510356bd8d,Snake1,31,9,0
f5cf812e-29ad-44f2-a93c-59ee7f86f0f8,113,9d57409e-8150-476c-83ff-932a08211a47,Snake2,98,9,1
f5cf812e-29ad-44f2-a93c-59ee7f86f0f8,113,061ece82-179b-4bbf-90e6-1d71b3eeef18,Snake3,53,11,0
f5cf812e-29ad-44f2-a93c-59ee7f86f0f8,113,9316cda9-69dc-490c-a72f-d0abbc0f27e4,Snake4,56,6,0
f5cf812e-29ad-44f2-a93c-59ee7f86f0f8,113,123c66b9-b2a7-4991-8494-0d510356bd8d,Snake1,31,9,0
f5cf812e-29ad-44f2-a93c-59ee7f86f0f8,113,9d57409e-8150-476c-83ff-932a08211a47,Snake2,98,9,1
f5cf812e-29ad-44f2-a93c-59ee7f86f0f8,113,061ece82-179b-4bbf-90e6-1d71b3eeef18,Snake3,79,11,0
f5cf812e-29ad-44f2-a93c-59ee7f86f0f8,113,9316cda9-69dc-490c-a72f-d0abbc0f27e4,Snake4,56,6,0
f5cf812e-29ad-44f2-a93c-59ee7f86f0f8,113,123c66b9-b2a7-4991-8494-0d510356bd8d,Snake1,31,9,0
f5cf812e-29ad-44f2-a93c-59ee7f86f0f8,113,9d57409e-8150-476c-83ff-932a08211a47,Snake2,98,9,1
f5cf812e-29ad-44f2-a93c-59ee7f86f0f8,113,061ece82-179b-4bbf-90e6-1d71b3eeef18,Snake3,91,11,0
f5cf812e-29ad-44f2-a93c-59ee7f86f0f8,113,9316cda9-69dc-490c-a72f-d0abbc0f27e4,Snake4,68,6,0
f5cf812e-29ad-44f2-a93c-59ee7f86f0f8,113,123c66b9-b2a7-4991-8494-0d510356bd8d,Snake1,31,9,0
f5cf812e-29ad-44f2-a93c-59ee7f86f0f8,113,9d57409e-8150-476c-83ff-932a08211a47,Snake2,98,9,1
f5cf812e-29ad-44f2-a93c-59ee7f86f0f8,113,061ece82-179b-4bbf-90e6-1d71b3eeef18,Snake3,53,11,0
f5cf812e-29ad-44f2-a93c-59ee7f86f0f8,113,9316cda9-69dc-490c-a72f-d0abbc0f27e4,Snake4,56,6,0
f5cf812e-29ad-44f2-a93c-59ee7f86f0f8,113,123c66b9-b2a7-4991-8494-0d510356bd8d,Snake1,31,9,0
