game_id,turn,snake_id,snake_name,health,length,alive
1d7fbdc1-b108-4d06-99c4-d900cc089d9d,0,5b27ed49-1abe-490c-9398-1f19ae7e68c2,Snake1,100,3,1
1d7fbdc1-b108-4d06-99c4-d900cc089d9d,0,2d2dd33b-464f-42d1-9d96-d0e0a3ab0eb3,Snake2,100,3,1
1d7fbdc1-b108-4d06-99c4-d900cc089d9d,0,16ac3ff4-a471-4e5c-9893-4edd0fdb5b59,Snake3,100,3,1
1d7fbdc1-b108-4d06-99c4-d900cc089d9d,0,76bb60ca-7481-4e6a-933b-1c811554bae3,Snake4,100,3,1
1d7fbdc1-b108-4d06-99c4-d900cc089d9d,1,5b27ed49-1abe-490c-9398-1f19ae7e68c2,Snake1,99,3,1
1d7fbdc1-b108-4d06-99c4-d900cc089d9d,1,2d2dd33b-464f-42d1-9d96-d0e0a3ab0eb3,Snake2,99,3,1
1d7fbdc1-b108-4d06-99c4-d900cc089d9d,1,16ac3ff4-a471-4e5c-9893-4edd0fdb5b59,Snake3,99,3,1
1d7fbdc1-b108-4d06-99c4-d900cc089d9d,1,76bb60ca-7481-4e6a-933b-1c811554bae3,Snake4,99,3,1
1d7fbdc1-b108-4d06-99c4-d900cc089d9d,1,5b27ed49-1abe-490c-9398-1f19ae7e68c2,Snake1,99,3,1
1d7fbdc1-b108-4d06-99c4-d900cc089d9d,1,2d2dd33b-464f-42d1-9d96-d0e0a3ab0eb3,Snake2,99,3,1
1d7fbdc1-b108-4d06-99c4-d900cc089d9d,1,16ac3ff4-a471-4e5c-9893-4edd0fdb5b59,Snake3,99,3,1
1d7fbdc1-b108-4d06-99c4-d900cc089d9d,1,76bb60ca-7481-4e6a-933b-1c811554bae3,Snake4,99,3,1
1d7fbdc1-b108-4d06-99c4-d900cc089d9d,1,5b27ed49-1abe-490c-9398-1f19ae7e68c2,Snake1,99,3,1
1d7fbdc1-b108-4d06-99c4-d900cc089d9d,1,2d2dd33b-464f-42d1-9d96-d0e0a3ab0eb3,Snake2,99,3,1
1d7fbdc1-b108-4d06-99c4-d900cc089d9d,1,16ac3ff4-a471-4e5c-9893-4edd0fdb5b59,Snake3,99,3,1
1d7fbdc1-b108-4d06-99c4-d900cc089d9d,1,76bb60ca-7481-4e6a-933b-1c811554bae3,Snake4,99,3,1
1d7fbdc1-b108-4d06-99c4-d900cc089d9d,2,5b27ed49-1abe-490c-9398-1f19ae7e68c2,Snake1,100,4,1
1d7fbdc1-b108-4d06-99c4-d900cc089d9d,2,2d2dd33b-464f-42d1-9d96-d0e0a3ab0eb3,Snake2,100,4,1
1d7fbdc1-b108-4d06-99c4-d900cc089d9d,2,16ac3ff4-a471-4e5c-9893-4edd0fdb5b59,Snake3,100,4,1
1d7fbdc1-b108-4d06-99c4-d900cc089d9d,2,76bb60ca-7481-4e6a-933b-1c811554bae3,Snake4,100,4,1
1d7fbdc1-b108-4d06-99c4-d900cc089d9d,2,5b27ed49-1abe-490c-9398-1f19ae7e68c2,Snake1,100,4,1
1d7fbdc1-b108-4d06-99c4-d900cc089d9d,2,2d2dd33b-464f-42d1-9d96-d0e0a3ab0eb3,Snake2,100,4,1
1d7fbdc1-b108-4d06-99c4-d900cc089d9d,2,16ac3ff4-a471-4e5c-9893-4edd0fdb5b59,Snake3,100,4,1
1d7fbdc1-b108-4d06-99c4-d900cc089d9d,2,76bb60ca-7481-4e6a-933b-1c811554bae3,Snake4,100,4,1
1d7fbdc1-b108-4d06-99c4-d900cc089d9d,2,5b27ed49-1abe-490c-9398-1f19ae7e68c2,Snake1,100,4,1
1d7fbdc1-b108-4d06-99c4-d900cc089d9d,2,2d2dd33b-464f-42d1-9d96-d0e0a3ab0eb3,Snake2,100,4,1
1d7fbdc1-b108-4d06-99c4-d900cc089d9d,2,16ac3ff4-a471-4e5c-9893-4edd0fdb5b59,Snake3,100,4,1
1d7fbdc1-b108-4d06-99c4-d900cc089d9d,2,76bb60ca-7481-4e6a-933b-1c811554bae3,Snake4,100,4,1
1d7fbdc1-b108-4d06-99c4-d900cc089d9d,2,5b27ed49-1abe-490c-9398-1f19ae7e68c2,Snake1,100,4,1
1d7fbdc1-b108-4d06-99c4-d900cc089d9d,2,2d2dd33b-464f-42d1-9d96-d0e0a3ab0eb3,Snake2,100,4,1
1d7fbdc1-b108-4d06-99c4-d900cc089d9d,2,16ac3ff4-a471-4e5c-9893-4edd0fdb5b59,Snake3,100,4,1
1d7fbdc1-b108-4d06-99c4-d900cc089d9d,2,76bb60ca-7481-4e6a-933b-1c811554bae3,Snake4,100,4,1
1d7fbdc1-b108-4d06-99c4-d900cc089d9d,3,5b27ed49-1abe-490c-9398-1f19ae7e68c2,Snake1,99,4,1
1d7fbdc1-b108-4d06-99c4-d900cc089d9d,3,2d2dd33b-464f-42d1-9d96-d0e0a3ab0eb3,Snake2,99,4,1
1d7fbdc1-b108-4d06-99c4-d900cc089d9d,3,16ac3ff4-a471-4e5c-9893-4edd0fdb5b59,Snake3,99,4,1
1d7fbdc1-b108-4d06-99c4-d900cc089d9d,3,76bb60ca-7481-4e6a-933b-1c811554bae3,Snake4,99,4,1
1d7fbdc1-b108-4d06-99c4-d900cc089d9d,3,5b27ed49-1abe-490c-9398-1f19ae7e68c2,Snake1,99,4,1
1d7fbdc1-b108-4d06-99c4-d900cc089d9d,3,2d2dd33b-464f-42d1-9d96-d0e0a3ab0eb3,Snake2,99,4,1
1d7fbdc1-b108-4d06-99c4-d900cc089d9d,3,16ac3ff4-a471-4e5c-9893-4edd0fdb5b59,Snake3,99,4,1
1d7fbdc1-b108-4d06-99c4-d900cc089d9d,3,76bb60ca-7481-4e6a-933b-1c811554bae3,Snake4,99,4,1
1d7fbdc1-b108-4d06-99c4-d900cc089d9d,3,5b27ed49-1abe-490c-9398-1f19ae7e68c2,Snake1,99,4,1
1d7fbdc1-b108-4d06-99c4-d900cc089d9d,3,2d2dd33b-464f-42d1-9d96-d0e0a3ab0eb3,Snake2,99,4,1
1d7fbdc1-b108-4d06-99c4-d900cc089d9d,3,16ac3ff4-a471-4e5c-9893-4edd0fdb5b59,Snake3,99,4,1
1d7fbdc1-b108-4d06-99c4-d900cc089d9d,3,76bb60ca-7481-4e6a-933b-1c811554bae3,Snake4,99,4,1
1d7fbdc1-b108-4d06-99c4-d900cc089d9d,4,5b27ed49-1abe-490c-9398-1f19ae7e68c2,Snake1,98,4,1
1d7fbdc1-b108-4d06-99c4-d900cc089d9d,4,2d2dd33b-464f-42d1-9d96-d0e0a3ab0eb3,Snake2,98,4,1
1d7fbdc1-b108-4d06-99c4-d900cc089d9d,4,16ac3ff4-a471-4e5c-9893-4edd0fdb5b59,Snake3,98,4,1
1d7fbdc1-b108-4d06-99c4-d900cc089d9d,4,76bb60ca-7481-4e6a-933b-1c811554bae3,Snake4,98,4,1
1d7fbdc1-b108-4d06-99c4-d900cc089d9d,4,5b27ed49-1abe-490c-9398-1f19ae7e68c2,Snake1,98,4,1
1d7fbdc1-b108-4d06-99c4-d900cc089d9d,4,2d2dd33b-464f-42d1-9d96-d0e0a3ab0eb3,Snake2,98,4,1
1d7fbdc1-b108-4d06-99c4-d900cc089d9d,4,16ac3ff4-a471-4e5c-9893-4edd0fdb5b59,Snake3,98,4,1
1d7fbdc1-b108-4d06-99c4-d900cc089d9d,4,76bb60ca-7481-4e6a-933b-1c811554bae3,Snake4,98,4,1
1d7fbdc1-b108-4d06-99c4-d900cc089d9d,4,5b27ed49-1abe-490c-9398-1f19ae7e68c2,Snake1,98,4,1
1d7fbdc1-b108-4d06-99c4-d900cc089d9d,4,2d2dd33b-464f-42d1-9d96-d0e0a3ab0eb3,Snake2,98,4,1
1d7fbdc1-b108-4d06-99c4-d900cc089d9d,4,16ac3ff4-a471-4e5c-9893-4edd0fdb5b59,Snake3,98,4,1
1d7fbdc1-b108-4d06-99c4-d900cc089d9d,4,76bb60ca-7481-4e6a-933b-1c811554bae3,Snake4,98,4,1
1d7fbdc1-b108-4d06-99c4-d900cc089d9d,5,5b27ed49-1abe-490c-9398-1f19ae7e68c2,Snake1,97,4,1
1d7fbdc1-b108-4d06-99c4-d900cc089d9d,5,2d2dd33b-464f-42d1-9d96-d0e0a3ab0eb3,Snake2,97,4,1
1d7fbdc1-b108-4d06-99c4-d900cc089d9d,5,16ac3ff4-a471-4e5c-9893-4edd0fdb5b59,Snake3,97,4,1
1d7fbdc1-b108-4d06-99c4-d900cc089d9d,5,76bb60ca-7481-4e6a-933b-1c811554bae3,Snake4,100,5,1
1d7fbdc1-b108-4d06-99c4-d900cc089d9d,5,5b27ed49-1abe-490c-9398-1f19ae7e68c2,Snake1,97,4,1
1d7fbdc1-b108-4d06-99c4-d900cc089d9d,5,2d2dd33b-464f-42d1-9d96-d0e0a3ab0eb3,Snake2,97,4,1
1d7fbdc1-b108-4d06-99c4-d900cc089d9d,5,16ac3ff4-a471-4e5c-9893-4edd0fdb5b59,Snake3,97,4,1
1d7fbdc1-b108-4d06-99c4-d900cc089d9d,5,76bb60ca-7481-4e6a-933b-1c811554bae3,Snake4,100,5,1
1d7fbdc1-b108-4d06-99c4-d900cc089d9d,5,5b27ed49-1abe-490c-9398-1f19ae7e68c2,Snake1,97,4,1
1d7fbdc1-b108-4d06-99c4-d900cc089d9d,5,2d2dd33b-464f-42d1-9d96-d0e0a3ab0eb3,Snake2,97,4,1
1d7fbdc1-b108-4d06-99c4-d900cc089d9d,5,16ac3ff4-a471-4e5c-9893-4edd0fdb5b59,Snake3,97,4,1
1d7fbdc1-b108-4d06-99c4-d900cc089d9d,5,76bb60ca-7481-4e6a-933b-1c811554bae3,Snake4,100,5,1
1d7fbdc1-b108-4d06-99c4-d900cc089d9d,5,5b27ed49-1abe-490c-9398-1f19ae7e68c2,Snake1,97,4,1
1d7fbdc1-b108-4d06-99c4-d900cc089d9d,5,2d2dd33b-464f-42d1-9d96-d0e0a3ab0eb3,Snake2,97,4,1
1d7fbdc1-b108-4d06-99c4-d900cc089d9d,5,16ac3ff4-a471-4e5c-9893-4edd0fdb5b59,Snake3,97,4,1
1d7fbdc1-b108-4d06-99c4-d900cc089d9d,5,76bb60ca-7481-4e6a-933b-1c811554bae3,Snake4,100,5,1
1d7fbdc1-b108-4d06-99c4-d900cc089d9d,6,5b27ed49-1abe-490c-9398-1f19ae7e68c2,Snake1,96,4,1
1d7fbdc1-b108-4d06-99c4-d900cc089d9d,6,2d2dd33b-464f-42d1-9d96-d0e0a3ab0eb3,Snake2,96,4,1
1d7fbdc1-b108-4d06-99c4-d900cc089d9d,6,16ac3ff4-a471-4e5c-9893-4edd0fdb5b59,Snake3,96,4,1
1d7fbdc1-b108-4d06-99c4-d900cc089d9d,6,76bb60ca-7481-4e6a-933b-1c811554bae3,Snake4,99,5,1
1d7fbdc1-b108-4d06-99c4-d900cc089d9d,6,5b27ed49-1abe-490c-9398-1f19ae7e68c2,Snake1,96,4,1
1d7fbdc1-b108-4d06-99c4-d900cc089d9d,6,2d2dd33b-464f-42d1-9d96-d0e0a3ab0eb3,Snake2,96,4,1
1d7fbdc1-b108-4d06-99c4-d900cc089d9d,6,16ac3ff4-a471-4e5c-9893-4edd0fdb5b59,Snake3,96,4,1
1d7fbdc1-b108-4d06-99c4-d900cc089d9d,6,76bb60ca-7481-4e6a-933b-1c811554bae3,Snake4,99,5,1
1d7fbdc1-b108-4d06-99c4-d900cc089d9d,7,5b27ed49-1abe-490c-9398-1f19ae7e68c2,Snake1,100,5,1
1d7fbdc1-b108-4d06-99c4-d900cc089d9d,7,2d2dd33b-464f-42d1-9d96-d0e0a3ab0eb3,Snake2,95,4,1
1d7fbdc1-b108-4d06-99c4-d900cc089d9d,7,16ac3ff4-a471-4e5c-9893-4edd0fdb5b59,Snake3,95,4,1
1d7fbdc1-b108-4d06-99c4-d900cc089d9d,7,76bb60ca-7481-4e6a-933b-1c811554bae3,Snake4,98,5,1
1d7fbdc1-b108-4d06-99c4-d900cc089d9d,7,5b27ed49-1abe-490c-9398-1f19ae7e68c2,Snake1,100,5,1
1d7fbdc1-b108-4d06-99c4-d900cc089d9d,7,2d2dd33b-464f-42d1-9d96-d0e0a3ab0eb3,Snake2,95,4,1
1d7fbdc1-b108-4d06-99c4-d900cc089d9d,7,16ac3ff4-a471-4e5c-9893-4edd0fdb5b59,Snake3,95,4,1
1d7fbdc1-b108-4d06-99c4-d900cc089d9d,7,76bb60ca-7481-4e6a-933b-1c811554bae3,Snake4,98,5,1
1d7fbdc1-b108-4d06-99c4-d900cc089d9d,7,5b27ed49-1abe-490c-9398-1f19ae7e68c2,Snake1,100,5,1
1d7fbdc1-b108-4d06-99c4-d900cc089d9d,7,2d2dd33b-464f-42d1-9d96-d0e0a3ab0eb3,Snake2,95,4,1
1d7fbdc1-b108-4d06-99c4-d900cc089d9d,7,16ac3ff4-a471-4e5c-9893-4edd0fdb5b59,Snake3,95,4,1
1d7fbdc1-b108-4d06-99c4-d900cc089d9d,7,76bb60ca-7481-4e6a-933b-1c811554bae3,Snake4,98,5,1
1d7fbdc1-b108-4d06-99c4-d900cc089d9d,7,5b27ed49-1abe-490c-9398-1f19ae7e68c2,Snake1,100,5,1
1d7fbdc1-b108-4d06-99c4-d900cc089d9d,7,2d2dd33b-464f-42d1-9d96-d0e0a3ab0eb3,Snake2,95,4,1
1d7fbdc1-b108-4d06-99c4-d900cc089d9d,7,16ac3ff4-a471-4e5c-9893-4edd0fdb5b59,Snake3,95,4,1
1d7fbdc1-b108-4d06-99c4-d900cc089d9d,7,76bb60ca-7481-4e6a-933b-1c811554bae3,Snake4,98,5,1
1d7fbdc1-b108-4d06-99c4-d900cc089d9d,8,5b27ed49-1abe-490c-9398-1f19ae7e68c2,Snake1,99,5,1
1d7fbdc1-b108-4d06-99c4-d900cc089d9d,8,2d2dd33b-464f-42d1-9d96-d0e0a3ab0eb3,Snake2,100,5,1
1d7fbdc1-b108-4d06-99c4-d900cc089d9d,8,16ac3ff4-a471-4e5c-9893-4edd0fdb5b59,Snake3,94,4,1
1d7fbdc1-b108-4d06-99c4-d900cc089d9d,8,76bb60ca-7481-4e6a-933b-1c811554bae3,Snake4,97,5,1
1d7fbdc1-b108-4d06-99c4-d900cc089d9d,8,5b27ed49-1abe-490c-9398-1f19ae7e68c2,Snake1,99,5,1
1d7fbdc1-b108-4d06-99c4-d900cc089d9d,8,2d2dd33b-464f-42d1-9d96-d0e0a3ab0eb3,Snake2,100,5,1
1d7fbdc1-b108-4d06-99c4-d900cc089d9d,8,16ac3ff4-a471-4e5c-9893-4edd0fdb5b59,Snake3,94,4,1
1d7fbdc1-b108-4d06-99c4-d900cc089d9d,8,76bb60ca-7481-4e6a-933b-1c811554bae3,Snake4,97,5,1
1d7fbdc1-b108-4d06-99c4-d900cc089d9d,8,5b27ed49-1abe-490c-9398-1f19ae7e68c2,Snake1,99,5,1
1d7fbdc1-b108-4d06-99c4-d900cc089d9d,8,2d2dd33b-464f-42d1-9d96-d0e0a3ab0eb3,Snake2,100,5,1
1d7fbdc1-b108-4d06-99c4-d900cc089d9d,8,16ac3ff4-a471-4e5c-9893-4edd0fdb5b59,Snake3,94,4,1
1d7fbdc1-b108-4d06-99c4-d900cc089d9d,8,76bb60ca-7481-4e6a-933b-1c811554bae3,Snake4,97,5,1
1d7fbdc1-b108-4d06-99c4-d900cc089d9d,8,5b27ed49-1abe-490c-9398-1f19ae7e68c2,Snake1,99,5,1
1d7fbdc1-b108-4d06-99c4-d900cc089d9d,8,2d2dd33b-464f-42d1-9d96-d0e0a3ab0eb3,Snake2,100,5,1
1d7fbdc1-b108-4d06-99c4-d900cc089d9d,8,16ac3ff4-a471-4e5c-9893-4edd0fdb5b59,Snake3,94,4,1
1d7fbdc1-b108-4d06-99c4-d900cc089d9d,8,76bb60ca-7481-4e6a-933b-1c811554bae3,Snake4,97,5,1
1d7fbdc1-b108-4d06-99c4-d900cc089d9d,9,5b27ed49-1abe-490c-9398-1f19ae7e68c2,Snake1,98,5,1
1d7fbdc1-b108-4d06-99c4-d900cc089d9d,9,2d2dd33b-464f-42d1-9d96-d0e0a3ab0eb3,Snake2,99,5,1
1d7fbdc1-b108-4d06-99c4-d900cc089d9d,9,16ac3ff4-a471-4e5c-9893-4edd0fdb5b59,Snake3,93,4,1
1d7fbdc1-b108-4d06-99c4-d900cc089d9d,9,76bb60ca-7481-4e6a-933b-1c811554bae3,Snake4,96,5,1
1d7fbdc1-b108-4d06-99c4-d900cc089d9d,9,5b27ed49-1abe-490c-9398-1f19ae7e68c2,Snake1,98,5,1
1d7fbdc1-b108-4d06-99c4-d900cc089d9d,9,2d2dd33b-464f-42d1-9d96-d0e0a3ab0eb3,Snake2,99,5,1
1d7fbdc1-b108-4d06-99c4-d900cc089d9d,9,16ac3ff4-a471-4e5c-9893-4edd0fdb5b59,Snake3,93,4,1
1d7fbdc1-b108-4d06-99c4-d900cc089d9d,9,76bb60ca-7481-4e6a-933b-1c811554bae3,Snake4,96,5,1
1d7fbdc1-b108-4d06-99c4-d900cc089d9d,9,5b27ed49-1abe-490c-9398-1f19ae7e68c2,Snake1,98,5,1
1d7fbdc1-b108-4d06-99c4-d900cc089d9d,9,2d2dd33b-464f-42d1-9d96-d0e0a3ab0eb3,Snake2,99,5,1
1d7fbdc1-b108-4d06-99c4-d900cc089d9d,9,16ac3ff4-a471-4e5c-9893-4edd0fdb5b59,Snake3,93,4,1
1d7fbdc1-b108-4d06-99c4-d900cc089d9d,9,76bb60ca-7481-4e6a-933b-1c811554bae3,Snake4,96,5,1
1d7fbdc1-b108-4d06-99c4-d900cc089d9d,9,5b27ed49-1abe-490c-9398-1f19ae7e68c2,Snake1,98,5,1
1d7fbdc1-b108-4d06-99c4-d900cc089d9d,9,2d2dd33b-464f-42d1-9d96-d0e0a3ab0eb3,Snake2,99,5,1
1d7fbdc1-b108-4d06-99c4-d900cc089d9d,9,16ac3ff4-a471-4e5c-9893-4edd0fdb5b59,Snake3,93,4,1
1d7fbdc1-b108-4d06-99c4-d900cc089d9d,9,76bb60ca-7481-4e6a-933b-1c811554bae3,Snake4,96,5,1
1d7fbdc1-b108-4d06-99c4-d900cc089d9d,10,5b27ed49-1abe-490c-9398-1f19ae7e68c2,Snake1,100,6,1
1d7fbdc1-b108-4d06-99c4-d900cc089d9d,10,2d2dd33b-464f-42d1-9d96-d0e0a3ab0eb3,Snake2,98,5,1
1d7fbdc1-b108-4d06-99c4-d900cc089d9d,10,16ac3ff4-a471-4e5c-9893-4edd0fdb5b59,Snake3,100,5,1
1d7fbdc1-b108-4d06-99c4-d900cc089d9d,10,76bb60ca-7481-4e6a-933b-1c811554bae3,Snake4,95,5,1
1d7fbdc1-b108-4d06-99c4-d900cc089d9d,10,5b27ed49-1abe-490c-9398-1f19ae7e68c2,Snake1,100,6,1
1d7fbdc1-b108-4d06-99c4-d900cc089d9d,10,2d2dd33b-464f-42d1-9d96-d0e0a3ab0eb3,Snake2,98,5,1
1d7fbdc1-b108-4d06-99c4-d900cc089d9d,10,16ac3ff4-a471-4e5c-9893-4edd0fdb5b59,Snake3,100,5,1
1d7fbdc1-b108-4d06-99c4-d900cc089d9d,10,76bb60ca-7481-4e6a-933b-1c811554bae3,Snake4,95,5,1
1d7fbdc1-b108-4d06-99c4-d900cc089d9d,10,5b27ed49-1abe-490c-9398-1f19ae7e68c2,Snake1,100,6,1
1d7fbdc1-b108-4d06-99c4-d900cc089d9d,10,2d2dd33b-464f-42d1-9d96-d0e0a3ab0eb3,Snake2,98,5,1
1d7fbdc1-b108-4d06-99c4-d900cc089d9d,10,16ac3ff4-a471-4e5c-9893-4edd0fdb5b59,Snake3,100,5,1
1d7fbdc1-b108-4d06-99c4-d900cc089d9d,10,76bb60ca-7481-4e6a-933b-1c811554bae3,Snake4,95,5,1
1d7fbdc1-b108-4d06-99c4-d900cc089d9d,11,5b27ed49-1abe-490c-9398-1f19ae7e68c2,Snake1,99,6,1
1d7fbdc1-b108-4d06-99c4-d900cc089d9d,11,2d2dd33b-464f-42d1-9d96-d0e0a3ab0eb3,Snake2,97,5,1
1d7fbdc1-b108-4d06-99c4-d900cc089d9d,11,16ac3ff4-a471-4e5c-9893-4edd0fdb5b59,Snake3,99,5,1
1d7fbdc1-b108-4d06-99c4-d900cc089d9d,11,76bb60ca-7481-4e6a-933b-1c811554bae3,Snake4,94,5,1
1d7fbdc1-b108-4d06-99c4-d900cc089d9d,11,5b27ed49-1abe-490c-9398-1f19ae7e68c2,Snake1,99,6,1
1d7fbdc1-b108-4d06-99c4-d900cc089d9d,11,2d2dd33b-464f-42d1-9d96-d0e0a3ab0eb3,Snake2,97,5,1
1d7fbdc1-b108-4d06-99c4-d900cc089d9d,11,16ac3ff4-a471-4e5c-9893-4edd0fdb5b59,Snake3,99,5,1
1d7fbdc1-b108-4d06-99c4-d900cc089d9d,11,76bb60ca-7481-4e6a-933b-1c811554bae3,Snake4,94,5,1
1d7fbdc1-b108-4d06-99c4-d900cc089d9d,11,5b27ed49-1abe-490c-9398-1f19ae7e68c2,Snake1,99,6,1
1d7fbdc1-b108-4d06-99c4-d900cc089d9d,11,2d2dd33b-464f-42d1-9d96-d0e0a3ab0eb3,Snake2,97,5,1
1d7fbdc1-b108-4d06-99c4-d900cc089d9d,11,16ac3ff4-a471-4e5c-9893-4edd0fdb5b59,Snake3,99,5,1
1d7fbdc1-b108-4d06-99c4-d900cc089d9d,11,76bb60ca-7481-4e6a-933b-1c811554bae3,Snake4,94,5,1
1d7fbdc1-b108-4d06-99c4-d900cc089d9d,12,5b27ed49-1abe-490c-9398-1f19ae7e68c2,Snake1,98,6,1
1d7fbdc1-b108-4d06-99c4-d900cc089d9d,12,2d2dd33b-464f-42d1-9d96-d0e0a3ab0eb3,Snake2,96,5,1
1d7fbdc1-b108-4d06-99c4-d900cc089d9d,12,16ac3ff4-a471-4e5c-9893-4edd0fdb5b59,Snake3,98,5,1
1d7fbdc1-b108-4d06-99c4-d900cc089d9d,12,76bb60ca-7481-4e6a-933b-1c811554bae3,Snake4,93,5,1
1d7fbdc1-b108-4d06-99c4-d900cc089d9d,12,5b27ed49-1abe-490c-9398-1f19ae7e68c2,Snake1,98,6,1
1d7fbdc1-b108-4d06-99c4-d900cc089d9d,12,2d2dd33b-464f-42d1-9d96-d0e0a3ab0eb3,Snake2,96,5,1
1d7fbdc1-b108-4d06-99c4-d900cc089d9d,12,16ac3ff4-a471-4e5c-9893-4edd0fdb5b59,Snake3,98,5,1
1d7fbdc1-b108-4d06-99c4-d900cc089d9d,12,76bb60ca-7481-4e6a-933b-1c811554bae3,Snake4,93,5,1
1d7fbdc1-b108-4d06-99c4-d900cc089d9d,12,5b27ed49-1abe-490c-9398-1f19ae7e68c2,Snake1,98,6,1
1d7fbdc1-b108-4d06-99c4-d900cc089d9d,12,2d2dd33b-464f-42d1-9d96-d0e0a3ab0eb3,Snake2,96,5,1
1d7fbdc1-b108-4d06-99c4-d900cc089d9d,12,16ac3ff4-a471-4e5c-9893-4edd0fdb5b59,Snake3,98,5,1
1d7fbdc1-b108-4d06-99c4-d900cc089d9d,12,76bb60ca-7481-4e6a-933b-1c811554bae3,Snake4,93,5,1
1d7fbdc1-b108-4d06-99c4-d900cc089d9d,13,5b27ed49-1abe-490c-9398-1f19ae7e68c2,Snake1,97,6,1
1d7fbdc1-b108-4d06-99c4-d900cc089d9d,13,2d2dd33b-464f-42d1-9d96-d0e0a3ab0eb3,Snake2,95,5,1
1d7fbdc1-b108-4d06-99c4-d900cc089d9d,13,16ac3ff4-a471-4e5c-9893-4edd0fdb5b59,Snake3,97,5,1
1d7fbdc1-b108-4d06-99c4-d900cc089d9d,13,76bb60ca-7481-4e6a-933b-1c811554bae3,Snake4,92,5,1
1d7fbdc1-b108-4d06-99c4-d900cc089d9d,13,5b27ed49-1abe-490c-9398-1f19ae7e68c2,Snake1,97,6,1
1d7fbdc1-b108-4d06-99c4-d900cc089d9d,13,2d2dd33b-464f-42d1-9d96-d0e0a3ab0eb3,Snake2,95,5,1
1d7fbdc1-b108-4d06-99c4-d900cc089d9d,13,16ac3ff4-a471-4e5c-9893-4edd0fdb5b59,Snake3,97,5,1
1d7fbdc1-b108-4d06-99c4-d900cc089d9d,13,76bb60ca-7481-4e6a-933b-1c811554bae3,Snake4,92,5,1
1d7fbdc1-b108-4d06-99c4-d900cc089d9d,13,5b27ed49-1abe-490c-9398-1f19ae7e68c2,Snake1,97,6,1
1d7fbdc1-b108-4d06-99c4-d900cc089d9d,13,2d2dd33b-464f-42d1-9d96-d0e0a3ab0eb3,Snake2,95,5,1
1d7fbdc1-b108-4d06-99c4-d900cc089d9d,13,16ac3ff4-a471-4e5c-9893-4edd0fdb5b59,Snake3,97,5,1
1d7fbdc1-b108-4d06-99c4-d900cc089d9d,13,76bb60ca-7481-4e6a-933b-1c811554bae3,Snake4,92,5,1
1d7fbdc1-b108-4d06-99c4-d900cc089d9d,13,5b27ed49-1abe-490c-9398-1f19ae7e68c2,Snake1,97,6,1
1d7fbdc1-b108-4d06-99c4-d900cc089d9d,13,2d2dd33b-464f-42d1-9d96-d0e0a3ab0eb3,Snake2,95,5,1
1d7fbdc1-b108-4d06-99c4-d900cc089d9d,13,16ac3ff4-a471-4e5c-9893-4edd0fdb5b59,Snake3,97,5,1
1d7fbdc1-b108-4d06-99c4-d900cc089d9d,13,76bb60ca-7481-4e6a-933b-1c811554bae3,Snake4,92,5,1
1d7fbdc1-b108-4d06-99c4-d900cc089d9d,14,5b27ed49-1abe-490c-9398-1f19ae7e68c2,Snake1,100,7,1
1d7fbdc1-b108-4d06-99c4-d900cc089d9d,14,2d2dd33b-464f-42d1-9d96-d0e0a3ab0eb3,Snake2,94,5,1
1d7fbdc1-b108-4d06-99c4-d900cc089d9d,14,16ac3ff4-a471-4e5c-9893-4edd0fdb5b59,Snake3,96,5,1
1d7fbdc1-b108-4d06-99c4-d900cc089d9d,14,76bb60ca-7481-4e6a-933b-1c811554bae3,Snake4,100,6,1
1d7fbdc1-b108-4d06-99c4-d900cc089d9d,14,5b27ed49-1abe-490c-9398-1f19ae7e68c2,Snake1,100,7,1
1d7fbdc1-b108-4d06-99c4-d900cc089d9d,14,2d2dd33b-464f-42d1-9d96-d0e0a3ab0eb3,Snake2,94,5,1
1d7fbdc1-b108-4d06-99c4-d900cc089d9d,14,16ac3ff4-a471-4e5c-9893-4edd0fdb5b59,Snake3,96,5,1
1d7fbdc1-b108-4d06-99c4-d900cc089d9d,14,76bb60ca-7481-4e6a-933b-1c811554bae3,Snake4,100,6,1
1d7fbdc1-b108-4d06-99c4-d900cc089d9d,14,5b27ed49-1abe-490c-9398-1f19ae7e68c2,Snake1,100,7,1
1d7fbdc1-b108-4d06-99c4-d900cc089d9d,14,2d2dd33b-464f-42d1-9d96-d0e0a3ab0eb3,Snake2,94,5,1
1d7fbdc1-b108-4d06-99c4-d900cc089d9d,14,16ac3ff4-a471-4e5c-9893-4edd0fdb5b59,Snake3,96,5,1
1d7fbdc1-b108-4d06-99c4-d900cc089d9d,14,76bb60ca-7481-4e6a-933b-1c811554bae3,Snake4,100,6,1
1d7fbdc1-b108-4d06-99c4-d900cc089d9d,15,5b27ed49-1abe-490c-9398-1f19ae7e68c2,Snake1,99,7,1
1d7fbdc1-b108-4d06-99c4-d900cc089d9d,15,2d2dd33b-464f-42d1-9d96-d0e0a3ab0eb3,Snake2,93,5,1
1d7fbdc1-b108-4d06-99c4-d900cc089d9d,15,16ac3ff4-a471-4e5c-9893-4edd0fdb5b59,Snake3,95,5,1
1d7fbdc1-b108-4d06-99c4-d900cc089d9d,15,76bb60ca-7481-4e6a-933b-1c811554bae3,Snake4,99,6,1
1d7fbdc1-b108-4d06-99c4-d900cc089d9d,15,5b27ed49-1abe-490c-9398-1f19ae7e68c2,Snake1,99,7,1
1d7fbdc1-b108-4d06-99c4-d900cc089d9d,15,2d2dd33b-464f-42d1-9d96-d0e0a3ab0eb3,Snake2,93,5,1
1d7fbdc1-b108-4d06-99c4-d900cc089d9d,15,16ac3ff4-a471-4e5c-9893-4edd0fdb5b59,Snake3,95,5,1
1d7fbdc1-b108-4d06-99c4-d900cc089d9d,15,76bb60ca-7481-4e6a-933b-1c811554bae3,Snake4,99,6,1
1d7fbdc1-b108-4d06-99c4-d900cc089d9d,15,5b27ed49-1abe-490c-9398-1f19ae7e68c2,Snake1,99,7,1
1d7fbdc1-b108-4d06-99c4-d900cc089d9d,15,2d2dd33b-464f-42d1-9d96-d0e0a3ab0eb3,Snake2,93,5,1
1d7fbdc1-b108-4d06-99c4-d900cc089d9d,15,16ac3ff4-a471-4e5c-9893-4edd0fdb5b59,Snake3,95,5,1
1d7fbdc1-b108-4d06-99c4-d900cc089d9d,15,76bb60ca-7481-4e6a-933b-1c811554bae3,Snake4,99,6,1
1d7fbdc1-b108-4d06-99c4-d900cc089d9d,15,5b27ed49-1abe-490c-9398-1f19ae7e68c2,Snake1,99,7,1
1d7fbdc1-b108-4d06-99c4-d900cc089d9d,15,2d2dd33b-464f-42d1-9d96-d0e0a3ab0eb3,Snake2,93,5,1
1d7fbdc1-b108-4d06-99c4-d900cc089d9d,15,16ac3ff4-a471-4e5c-9893-4edd0fdb5b59,Snake3,95,5,1
1d7fbdc1-b108-4d06-99c4-d900cc089d9d,15,76bb60ca-7481-4e6a-933b-1c811554bae3,Snake4,99,6,1
1d7fbdc1-b108-4d06-99c4-d900cc089d9d,16,5b27ed49-1abe-490c-9398-1f19ae7e68c2,Snake1,98,7,1
1d7fbdc1-b108-4d06-99c4-d900cc089d9d,16,2d2dd33b-464f-42d1-9d96-d0e0a3ab0eb3,Snake2,92,5,1
1d7fbdc1-b108-4d06-99c4-d900cc089d9d,16,16ac3ff4-a471-4e5c-9893-4edd0fdb5b59,Snake3,94,5,1
1d7fbdc1-b108-4d06-99c4-d900cc089d9d,16,76bb60ca-7481-4e6a-933b-1c811554bae3,Snake4,98,6,1
1d7fbdc1-b108-4d06-99c4-d900cc089d9d,16,5b27ed49-1abe-490c-9398-1f19ae7e68c2,Snake1,98,7,1
1d7fbdc1-b108-4d06-99c4-d900cc089d9d,16,2d2dd33b-464f-42d1-9d96-d0e0a3ab0eb3,Snake2,92,5,1
1d7fbdc1-b108-4d06-99c4-d900cc089d9d,16,16ac3ff4-a471-4e5c-9893-4edd0fdb5b59,Snake3,94,5,1
1d7fbdc1-b108-4d06-99c4-d900cc089d9d,16,76bb60ca-7481-4e6a-933b-1c811554bae3,Snake4,98,6,1
1d7fbdc1-b108-4d06-99c4-d900cc089d9d,16,5b27ed49-1abe-490c-9398-1f19ae7e68c2,Snake1,98,7,1
1d7fbdc1-b108-4d06-99c4-d900cc089d9d,16,2d2dd33b-464f-42d1-9d96-d0e0a3ab0eb3,Snake2,92,5,1
1d7fbdc1-b108-4d06-99c4-d900cc089d9d,16,16ac3ff4-a471-4e5c-9893-4edd0fdb5b59,Snake3,94,5,1
1d7fbdc1-b108-4d06-99c4-d900cc089d9d,16,76bb60ca-7481-4e6a-933b-1c811554bae3,Snake4,98,6,1
1d7fbdc1-b108-4d06-99c4-d900cc089d9d,16,5b27ed49-1abe-490c-9398-1f19ae7e68c2,Snake1,98,7,1
1d7fbdc1-b108-4d06-99c4-d900cc089d9d,16,2d2dd33b-464f-42d1-9d96-d0e0a3ab0eb3,Snake2,92,5,1
1d7fbdc1-b108-4d06-99c4-d900cc089d9d,16,16ac3ff4-a471-4e5c-9893-4edd0fdb5b59,Snake3,94,5,1
1d7fbdc1-b108-4d06-99c4-d900cc089d9d,16,76bb60ca-7481-4e6a-933b-1c811554bae3,Snake4,98,6,1
1d7fbdc1-b108-4d06-99c4-d900cc089d9d,17,5b27ed49-1abe-490c-9398-1f19ae7e68c2,Snake1,97,7,1
1d7fbdc1-b108-4d06-99c4-d900cc089d9d,17,2d2dd33b-464f-42d1-9d96-d0e0a3ab0eb3,Snake2,91,5,1
1d7fbdc1-b108-4d06-99c4-d900cc089d9d,17,16ac3ff4-a471-4e5c-9893-4edd0fdb5b59,Snake3,93,5,1
1d7fbdc1-b108-4d06-99c4-d900cc089d9d,17,76bb60ca-7481-4e6a-933b-1c811554bae3,Snake4,97,6,1
1d7fbdc1-b108-4d06-99c4-d900cc089d9d,17,5b27ed49-1abe-490c-9398-1f19ae7e68c2,Snake1,97,7,1
1d7fbdc1-b108-4d06-99c4-d900cc089d9d,17,2d2dd33b-464f-42d1-9d96-d0e0a3ab0eb3,Snake2,91,5,1
1d7fbdc1-b108-4d06-99c4-d900cc089d9d,17,16ac3ff4-a471-4e5c-9893-4edd0fdb5b59,Snake3,93,5,1
1d7fbdc1-b108-4d06-99c4-d900cc089d9d,17,76bb60ca-7481-4e6a-933b-1c811554bae3,Snake4,97,6,1
1d7fbdc1-b108-4d06-99c4-d900cc089d9d,17,5b27ed49-1abe-490c-9398-1f19ae7e68c2,Snake1,97,7,1
1d7fbdc1-b108-4d06-99c4-d900cc089d9d,17,2d2dd33b-464f-42d1-9d96-d0e0a3ab0eb3,Snake2,91,5,1
1d7fbdc1-b108-4d06-99c4-d900cc089d9d,17,16ac3ff4-a471-4e5c-9893-4edd0fdb5b59,Snake3,93,5,1
1d7fbdc1-b108-4d06-99c4-d900cc089d9d,17,76bb60ca-7481-4e6a-933b-1c811554bae3,Snake4,97,6,1
1d7fbdc1-b108-4d06-99c4-d900cc089d9d,18,5b27ed49-1abe-490c-9398-1f19ae7e68c2,Snake1,96,7,1
1d7fbdc1-b108-4d06-99c4-d900cc089d9d,18,16ac3ff4-a471-4e5c-9893-4edd0fdb5b59,Snake3,92,5,1
1d7fbdc1-b108-4d06-99c4-d900cc089d9d,18,76bb60ca-7481-4e6a-933b-1c811554bae3,Snake4,96,6,1
1d7fbdc1-b108-4d06-99c4-d900cc089d9d,18,2d2dd33b-464f-42d1-9d96-d0e0a3ab0eb3,Snake2,91,5,0
1d7fbdc1-b108-4d06-99c4-d900cc089d9d,18,5b27ed49-1abe-490c-9398-1f19ae7e68c2,Snake1,96,7,1
1d7fbdc1-b108-4d06-99c4-d900cc089d9d,18,16ac3ff4-a471-4e5c-9893-4edd0fdb5b59,Snake3,92,5,1
1d7fbdc1-b108-4d06-99c4-d900cc089d9d,18,76bb60ca-7481-4e6a-933b-1c811554bae3,Snake4,96,6,1
1d7fbdc1-b108-4d06-99c4-d900cc089d9d,18,2d2dd33b-464f-42d1-9d96-d0e0a3ab0eb3,Snake2,91,5,0
1d7fbdc1-b108-4d06-99c4-d900cc089d9d,18,5b27ed49-1abe-490c-9398-1f19ae7e68c2,Snake1,96,7,1
1d7fbdc1-b108-4d06-99c4-d900cc089d9d,18,16ac3ff4-a471-4e5c-9893-4edd0fdb5b59,Snake3,92,5,1
1d7fbdc1-b108-4d06-99c4-d900cc089d9d,18,76bb60ca-7481-4e6a-933b-1c811554bae3,Snake4,96,6,1
1d7fbdc1-b108-4d06-99c4-d900cc089d9d,18,2d2dd33b-464f-42d1-9d96-d0e0a3ab0eb3,Snake2,91,5,0
1d7fbdc1-b108-4d06-99c4-d900cc089d9d,19,5b27ed49-1abe-490c-9398-1f19ae7e68c2,Snake1,95,7,1
1d7fbdc1-b108-4d06-99c4-d900cc089d9d,19,16ac3ff4-a471-4e5c-9893-4edd0fdb5b59,Snake3,91,5,1
1d7fbdc1-b108-4d06-99c4-d900cc089d9d,19,76bb60ca-7481-4e6a-933b-1c811554bae3,Snake4,95,6,1
1d7fbdc1-b108-4d06-99c4-d900cc089d9d,19,2d2dd33b-464f-42d1-9d96-d0e0a3ab0eb3,Snake2,91,5,0
1d7fbdc1-b108-4d06-99c4-d900cc089d9d,19,5b27ed49-1abe-490c-9398-1f19ae7e68c2,Snake1,95,7,1
1d7fbdc1-b108-4d06-99c4-d900cc089d9d,19,16ac3ff4-a471-4e5c-9893-4edd0fdb5b59,Snake3,91,5,1
1d7fbdc1-b108-4d06-99c4-d900cc089d9d,19,76bb60ca-7481-4e6a-933b-1c811554bae3,Snake4,95,6,1
1d7fbdc1-b108-4d06-99c4-d900cc089d9d,19,2d2dd33b-464f-42d1-9d96-d0e0a3ab0eb3,Snake2,91,5,0
1d7fbdc1-b108-4d06-99c4-d900cc089d9d,19,5b27ed49-1abe-490c-9398-1f19ae7e68c2,Snake1,95,7,1
1d7fbdc1-b108-4d06-99c4-d900cc089d9d,19,16ac3ff4-a471-4e5c-9893-4edd0fdb5b59,Snake3,91,5,1
1d7fbdc1-b108-4d06-99c4-d900cc089d9d,19,76bb60ca-7481-4e6a-933b-1c811554bae3,Snake4,95,6,1
1d7fbdc1-b108-4d06-99c4-d900cc089d9d,19,2d2dd33b-464f-42d1-9d96-d0e0a3ab0eb3,Snake2,91,5,0
1d7fbdc1-b108-4d06-99c4-d900cc089d9d,20,5b27ed49-1abe-490c-9398-1f19ae7e68c2,Snake1,94,7,1
1d7fbdc1-b108-4d06-99c4-d900cc089d9d,20,16ac3ff4-a471-4e5c-9893-4edd0fdb5b59,Snake3,90,5,1
1d7fbdc1-b108-4d06-99c4-d900cc089d9d,20,76bb60ca-7481-4e6a-933b-1c811554bae3,Snake4,94,6,1
1d7fbdc1-b108-4d06-99c4-d900cc089d9d,20,2d2dd33b-464f-42d1-9d96-d0e0a3ab0eb3,Snake2,91,5,0
1d7fbdc1-b108-4d06-99c4-d900cc089d9d,20,5b27ed49-1abe-490c-9398-1f19ae7e68c2,Snake1,94,7,1
1d7fbdc1-b108-4d06-99c4-d900cc089d9d,20,16ac3ff4-a471-4e5c-9893-4edd0fdb5b59,Snake3,90,5,1
1d7fbdc1-b108-4d06-99c4-d900cc089d9d,20,76bb60ca-7481-4e6a-933b-1c811554bae3,Snake4,94,6,1
1d7fbdc1-b108-4d06-99c4-d900cc089d9d,20,2d2dd33b-464f-42d1-9d96-d0e0a3ab0eb3,Snake2,91,5,0
1d7fbdc1-b108-4d06-99c4-d900cc089d9d,20,5b27ed49-1abe-490c-9398-1f19ae7e68c2,Snake1,94,7,1
1d7fbdc1-b108-4d06-99c4-d900cc089d9d,20,16ac3ff4-a471-4e5c-9893-4edd0fdb5b59,Snake3,90,5,1
1d7fbdc1-b108-4d06-99c4-d900cc089d9d,20,76bb60ca-7481-4e6a-933b-1c811554bae3,Snake4,94,6,1
1d7fbdc1-b108-4d06-99c4-d900cc089d9d,20,2d2dd33b-464f-42d1-9d96-d0e0a3ab0eb3,Snake2,91,5,0
1d7fbdc1-b108-4d06-99c4-d900cc089d9d,21,5b27ed49-1abe-490c-9398-1f19ae7e68c2,Snake1,100,8,1
1d7fbdc1-b108-4d06-99c4-d900cc089d9d,21,16ac3ff4-a471-4e5c-9893-4edd0fdb5b59,Snake3,89,5,1
1d7fbdc1-b108-4d06-99c4-d900cc089d9d,21,76bb60ca-7481-4e6a-933b-1c811554bae3,Snake4,100,7,1
1d7fbdc1-b108-4d06-99c4-d900cc089d9d,21,2d2dd33b-464f-42d1-9d96-d0e0a3ab0eb3,Snake2,91,5,0
1d7fbdc1-b108-4d06-99c4-d900cc089d9d,21,5b27ed49-1abe-490c-9398-1f19ae7e68c2,Snake1,100,8,1
1d7fbdc1-b108-4d06-99c4-d900cc089d9d,21,16ac3ff4-a471-4e5c-9893-4edd0fdb5b59,Snake3,89,5,1
1d7fbdc1-b108-4d06-99c4-d900cc089d9d,21,76bb60ca-7481-4e6a-933b-1c811554bae3,Snake4,100,7,1
1d7fbdc1-b108-4d06-99c4-d900cc089d9d,21,2d2dd33b-464f-42d1-9d96-d0e0a3ab0eb3,Snake2,91,5,0
1d7fbdc1-b108-4d06-99c4-d900cc089d9d,21,5b27ed49-1abe-490c-9398-1f19ae7e68c2,Snake1,100,8,1
1d7fbdc1-b108-4d06-99c4-d900cc089d9d,21,16ac3ff4-a471-4e5c-9893-4edd0fdb5b59,Snake3,89,5,1
1d7fbdc1-b108-4d06-99c4-d900cc089d9d,21,76bb60ca-7481-4e6a-933b-1c811554bae3,Snake4,100,7,1
1d7fbdc1-b108-4d06-99c4-d900cc089d9d,21,2d2dd33b-464f-42d1-9d96-d0e0a3ab0eb3,Snake2,91,5,0
1d7fbdc1-b108-4d06-99c4-d900cc089d9d,22,5b27ed49-1abe-490c-9398-1f19ae7e68c2,Snake1,99,8,1
1d7fbdc1-b108-4d06-99c4-d900cc089d9d,22,16ac3ff4-a471-4e5c-9893-4edd0fdb5b59,Snake3,88,5,1
1d7fbdc1-b108-4d06-99c4-d900cc089d9d,22,76bb60ca-7481-4e6a-933b-1c811554bae3,Snake4,99,7,1
1d7fbdc1-b108-4d06-99c4-d900cc089d9d,22,2d2dd33b-464f-42d1-9d96-d0e0a3ab0eb3,Snake2,91,5,0
1d7fbdc1-b108-4d06-99c4-d900cc089d9d,22,5b27ed49-1abe-490c-9398-1f19ae7e68c2,Snake1,99,8,1
1d7fbdc1-b108-4d06-99c4-d900cc089d9d,22,16ac3ff4-a471-4e5c-9893-4edd0fdb5b59,Snake3,88,5,1
1d7fbdc1-b108-4d06-99c4-d900cc089d9d,22,76bb60ca-7481-4e6a-933b-1c811554bae3,Snake4,99,7,1
1d7fbdc1-b108-4d06-99c4-d900cc089d9d,22,2d2dd33b-464f-42d1-9d96-d0e0a3ab0eb3,Snake2,91,5,0
1d7fbdc1-b108-4d06-99c4-d900cc089d9d,22,5b27ed49-1abe-490c-9398-1f19ae7e68c2,Snake1,99,8,1
1d7fbdc1-b108-4d06-99c4-d900cc089d9d,22,16ac3ff4-a471-4e5c-9893-4edd0fdb5b59,Snake3,88,5,1
1d7fbdc1-b108-4d06-99c4-d900cc089d9d,22,76bb60ca-7481-4e6a-933b-1c811554bae3,Snake4,99,7,1
1d7fbdc1-b108-4d06-99c4-d900cc089d9d,22,2d2dd33b-464f-42d1-9d96-d0e0a3ab0eb3,Snake2,91,5,0
1d7fbdc1-b108-4d06-99c4-d900cc089d9d,23,5b27ed49-1abe-490c-9398-1f19ae7e68c2,Snake1,98,8,1
1d7fbdc1-b108-4d06-99c4-d900cc089d9d,23,16ac3ff4-a471-4e5c-9893-4edd0fdb5b59,Snake3,87,5,1
1d7fbdc1-b108-4d06-99c4-d900cc089d9d,23,76bb60ca-7481-4e6a-933b-1c811554bae3,Snake4,98,7,1
1d7fbdc1-b108-4d06-99c4-d900cc089d9d,23,2d2dd33b-464f-42d1-9d96-d0e0a3ab0eb3,Snake2,91,5,0
1d7fbdc1-b108-4d06-99c4-d900cc089d9d,23,5b27ed49-1abe-490c-9398-1f19ae7e68c2,Snake1,98,8,1
1d7fbdc1-b108-4d06-99c4-d900cc089d9d,23,16ac3ff4-a471-4e5c-9893-4edd0fdb5b59,Snake3,87,5,1
1d7fbdc1-b108-4d06-99c4-d900cc089d9d,23,76bb60ca-7481-4e6a-933b-1c811554bae3,Snake4,98,7,1
1d7fbdc1-b108-4d06-99c4-d900cc089d9d,23,2d2dd33b-464f-42d1-9d96-d0e0a3ab0eb3,Snake2,91,5,0
1d7fbdc1-b108-4d06-99c4-d900cc089d9d,23,5b27ed49-1abe-490c-9398-1f19ae7e68c2,Snake1,98,8,1
1d7fbdc1-b108-4d06-99c4-d900cc089d9d,23,16ac3ff4-a471-4e5c-9893-4edd0fdb5b59,Snake3,87,5,1
1d7fbdc1-b108-4d06-99c4-d900cc089d9d,23,76bb60ca-7481-4e6a-933b-1c811554bae3,Snake4,98,7,1
1d7fbdc1-b108-4d06-99c4-d900cc089d9d,23,2d2dd33b-464f-42d1-9d96-d0e0a3ab0eb3,Snake2,91,5,0
1d7fbdc1-b108-4d06-99c4-d900cc089d9d,24,5b27ed49-1abe-490c-9398-1f19ae7e68c2,Snake1,97,8,1
1d7fbdc1-b108-4d06-99c4-d900cc089d9d,24,16ac3ff4-a471-4e5c-9893-4edd0fdb5b59,Snake3,86,5,1
1d7fbdc1-b108-4d06-99c4-d900cc089d9d,24,76bb60ca-7481-4e6a-933b-1c811554bae3,Snake4,100,8,1
1d7fbdc1-b108-4d06-99c4-d900cc089d9d,24,2d2dd33b-464f-42d1-9d96-d0e0a3ab0eb3,Snake2,91,5,0
1d7fbdc1-b108-4d06-99c4-d900cc089d9d,24,5b27ed49-1abe-490c-9398-1f19ae7e68c2,Snake1,97,8,1
1d7fbdc1-b108-4d06-99c4-d900cc089d9d,24,16ac3ff4-a471-4e5c-9893-4edd0fdb5b59,Snake3,86,5,1
1d7fbdc1-b108-4d06-99c4-d900cc089d9d,24,76bb60ca-7481-4e6a-933b-1c811554bae3,Snake4,100,8,1
1d7fbdc1-b108-4d06-99c4-d900cc089d9d,24,2d2dd33b-464f-42d1-9d96-d0e0a3ab0eb3,Snake2,91,5,0
1d7fbdc1-b108-4d06-99c4-d900cc089d9d,24,5b27ed49-1abe-490c-9398-1f19ae7e68c2,Snake1,97,8,1
1d7fbdc1-b108-4d06-99c4-d900cc089d9d,24,16ac3ff4-a471-4e5c-9893-4edd0fdb5b59,Snake3,86,5,1
1d7fbdc1-b108-4d06-99c4-d900cc089d9d,24,76bb60ca-7481-4e6a-933b-1c811554bae3,Snake4,100,8,1
1d7fbdc1-b108-4d06-99c4-d900cc089d9d,24,2d2dd33b-464f-42d1-9d96-d0e0a3ab0eb3,Snake2,91,5,0
1d7fbdc1-b108-4d06-99c4-d900cc089d9d,25,5b27ed49-1abe-490c-9398-1f19ae7e68c2,Snake1,100,9,1
1d7fbdc1-b108-4d06-99c4-d900cc089d9d,25,16ac3ff4-a471-4e5c-9893-4edd0fdb5b59,Snake3,85,5,1
1d7fbdc1-b108-4d06-99c4-d900cc089d9d,25,76bb60ca-7481-4e6a-933b-1c811554bae3,Snake4,99,8,1
1d7fbdc1-b108-4d06-99c4-d900cc089d9d,25,2d2dd33b-464f-42d1-9d96-d0e0a3ab0eb3,Snake2,91,5,0
1d7fbdc1-b108-4d06-99c4-d900cc089d9d,25,5b27ed49-1abe-490c-9398-1f19ae7e68c2,Snake1,100,9,1
1d7fbdc1-b108-4d06-99c4-d900cc089d9d,25,16ac3ff4-a471-4e5c-9893-4edd0fdb5b59,Snake3,85,5,1
1d7fbdc1-b108-4d06-99c4-d900cc089d9d,25,76bb60ca-7481-4e6a-933b-1c811554bae3,Snake4,99,8,1
1d7fbdc1-b108-4d06-99c4-d900cc089d9d,25,2d2dd33b-464f-42d1-9d96-d0e0a3ab0eb3,Snake2,91,5,0
1d7fbdc1-b108-4d06-99c4-d900cc089d9d,25,5b27ed49-1abe-490c-9398-1f19ae7e68c2,Snake1,100,9,1
1d7fbdc1-b108-4d06-99c4-d900cc089d9d,25,16ac3ff4-a471-4e5c-9893-4edd0fdb5b59,Snake3,85,5,1
1d7fbdc1-b108-4d06-99c4-d900cc089d9d,25,76bb60ca-7481-4e6a-933b-1c811554bae3,Snake4,99,8,1
1d7fbdc1-b108-4d06-99c4-d900cc089d9d,25,2d2dd33b-464f-42d1-9d96-d0e0a3ab0eb3,Snake2,91,5,0
1d7fbdc1-b108-4d06-99c4-d900cc089d9d,26,5b27ed49-1abe-490c-9398-1f19ae7e68c2,Snake1,99,9,1
1d7fbdc1-b108-4d06-99c4-d900cc089d9d,26,16ac3ff4-a471-4e5c-9893-4edd0fdb5b59,Snake3,84,5,1
1d7fbdc1-b108-4d06-99c4-d900cc089d9d,26,76bb60ca-7481-4e6a-933b-1c811554bae3,Snake4,98,8,1
1d7fbdc1-b108-4d06-99c4-d900cc089d9d,26,2d2dd33b-464f-42d1-9d96-d0e0a3ab0eb3,Snake2,91,5,0
1d7fbdc1-b108-4d06-99c4-d900cc089d9d,26,5b27ed49-1abe-490c-9398-1f19ae7e68c2,Snake1,99,9,1
1d7fbdc1-b108-4d06-99c4-d900cc089d9d,26,16ac3ff4-a471-4e5c-9893-4edd0fdb5b59,Snake3,84,5,1
1d7fbdc1-b108-4d06-99c4-d900cc089d9d,26,76bb60ca-7481-4e6a-933b-1c811554bae3,Snake4,98,8,1
1d7fbdc1-b108-4d06-99c4-d900cc089d9d,26,2d2dd33b-464f-42d1-9d96-d0e0a3ab0eb3,Snake2,91,5,0
1d7fbdc1-b108-4d06-99c4-d900cc089d9d,26,5b27ed49-1abe-490c-9398-1f19ae7e68c2,Snake1,99,9,1
1d7fbdc1-b108-4d06-99c4-d900cc089d9d,26,16ac3ff4-a471-4e5c-9893-4edd0fdb5b59,Snake3,84,5,1
1d7fbdc1-b108-4d06-99c4-d900cc089d9d,26,76bb60ca-7481-4e6a-933b-1c811554bae3,Snake4,98,8,1
1d7fbdc1-b108-4d06-99c4-d900cc089d9d,26,2d2dd33b-464f-42d1-9d96-d0e0a3ab0eb3,Snake2,91,5,0
1d7fbdc1-b108-4d06-99c4-d900cc089d9d,27,5b27ed49-1abe-490c-9398-1f19ae7e68c2,Snake1,98,9,1
1d7fbdc1-b108-4d06-99c4-d900cc089d9d,27,16ac3ff4-a471-4e5c-9893-4edd0fdb5b59,Snake3,83,5,1
1d7fbdc1-b108-4d06-99c4-d900cc089d9d,27,76bb60ca-7481-4e6a-933b-1c811554bae3,Snake4,97,8,1
1d7fbdc1-b108-4d06-99c4-d900cc089d9d,27,2d2dd33b-464f-42d1-9d96-d0e0a3ab0eb3,Snake2,91,5,0
1d7fbdc1-b108-4d06-99c4-d900cc089d9d,27,5b27ed49-1abe-490c-9398-1f19ae7e68c2,Snake1,98,9,1
1d7fbdc1-b108-4d06-99c4-d900cc089d9d,27,16ac3ff4-a471-4e5c-9893-4edd0fdb5b59,Snake3,83,5,1
1d7fbdc1-b108-4d06-99c4-d900cc089d9d,27,76bb60ca-7481-4e6a-933b-1c811554bae3,Snake4,97,8,1
1d7fbdc1-b108-4d06-99c4-d900cc089d9d,27,2d2dd33b-464f-42d1-9d96-d0e0a3ab0eb3,Snake2,91,5,0
1d7fbdc1-b108-4d06-99c4-d900cc089d9d,27,5b27ed49-1abe-490c-9398-1f19ae7e68c2,Snake1,98,9,1
1d7fbdc1-b108-4d06-99c4-d900cc089d9d,27,16ac3ff4-a471-4e5c-9893-4edd0fdb5b59,Snake3,83,5,1
1d7fbdc1-b108-4d06-99c4-d900cc089d9d,27,76bb60ca-7481-4e6a-933b-1c811554bae3,Snake4,97,8,1
1d7fbdc1-b108-4d06-99c4-d900cc089d9d,27,2d2dd33b-464f-42d1-9d96-d0e0a3ab0eb3,Snake2,91,5,0
1d7fbdc1-b108-4d06-99c4-d900cc089d9d,28,5b27ed49-1abe-490c-9398-1f19ae7e68c2,Snake1,97,9,1
1d7fbdc1-b108-4d06-99c4-d900cc089d9d,28,16ac3ff4-a471-4e5c-9893-4edd0fdb5b59,Snake3,82,5,1
1d7fbdc1-b108-4d06-99c4-d900cc089d9d,28,76bb60ca-7481-4e6a-933b-1c811554bae3,Snake4,96,8,1
1d7fbdc1-b108-4d06-99c4-d900cc089d9d,28,2d2dd33b-464f-42d1-9d96-d0e0a3ab0eb3,Snake2,91,5,0
1d7fbdc1-b108-4d06-99c4-d900cc089d9d,28,5b27ed49-1abe-490c-9398-1f19ae7e68c2,Snake1,97,9,1
1d7fbdc1-b108-4d06-99c4-d900cc089d9d,28,16ac3ff4-a471-4e5c-9893-4edd0fdb5b59,Snake3,82,5,1
1d7fbdc1-b108-4d06-99c4-d900cc089d9d,28,76bb60ca-7481-4e6a-933b-1c811554bae3,Snake4,96,8,1
1d7fbdc1-b108-4d06-99c4-d900cc089d9d,28,2d2dd33b-464f-42d1-9d96-d0e0a3ab0eb3,Snake2,91,5,0
1d7fbdc1-b108-4d06-99c4-d900cc089d9d,28,5b27ed49-1abe-490c-9398-1f19ae7e68c2,Snake1,97,9,1
1d7fbdc1-b108-4d06-99c4-d900cc089d9d,28,16ac3ff4-a471-4e5c-9893-4edd0fdb5b59,Snake3,82,5,1
1d7fbdc1-b108-4d06-99c4-d900cc089d9d,28,76bb60ca-7481-4e6a-933b-1c811554bae3,Snake4,96,8,1
1d7fbdc1-b108-4d06-99c4-d900cc089d9d,28,2d2dd33b-464f-42d1-9d96-d0e0a3ab0eb3,Snake2,91,5,0
1d7fbdc1-b108-4d06-99c4-d900cc089d9d,29,5b27ed49-1abe-490c-9398-1f19ae7e68c2,Snake1,96,9,1
1d7fbdc1-b108-4d06-99c4-d900cc089d9d,29,16ac3ff4-a471-4e5c-9893-4edd0fdb5b59,Snake3,81,5,1
1d7fbdc1-b108-4d06-99c4-d900cc089d9d,29,76bb60ca-7481-4e6a-933b-1c811554bae3,Snake4,95,8,1
1d7fbdc1-b108-4d06-99c4-d900cc089d9d,29,2d2dd33b-464f-42d1-9d96-d0e0a3ab0eb3,Snake2,91,5,0
1d7fbdc1-b108-4d06-99c4-d900cc089d9d,29,5b27ed49-1abe-490c-9398-1f19ae7e68c2,Snake1,96,9,1
1d7fbdc1-b108-4d06-99c4-d900cc089d9d,29,16ac3ff4-a471-4e5c-9893-4edd0fdb5b59,Snake3,81,5,1
1d7fbdc1-b108-4d06-99c4-d900cc089d9d,29,76bb60ca-7481-4e6a-933b-1c811554bae3,Snake4,95,8,1
1d7fbdc1-b108-4d06-99c4-d900cc089d9d,29,2d2dd33b-464f-42d1-9d96-d0e0a3ab0eb3,Snake2,91,5,0
1d7fbdc1-b108-4d06-99c4-d900cc089d9d,29,5b27ed49-1abe-490c-9398-1f19ae7e68c2,Snake1,96,9,1
1d7fbdc1-b108-4d06-99c4-d900cc089d9d,29,16ac3ff4-a471-4e5c-9893-4edd0fdb5b59,Snake3,81,5,1
1d7fbdc1-b108-4d06-99c4-d900cc089d9d,29,76bb60ca-7481-4e6a-933b-1c811554bae3,Snake4,95,8,1
1d7fbdc1-b108-4d06-99c4-d900cc089d9d,29,2d2dd33b-464f-42d1-9d96-d0e0a3ab0eb3,Snake2,91,5,0
1d7fbdc1-b108-4d06-99c4-d900cc089d9d,30,5b27ed49-1abe-490c-9398-1f19ae7e68c2,Snake1,95,9,1
1d7fbdc1-b108-4d06-99c4-d900cc089d9d,30,16ac3ff4-a471-4e5c-9893-4edd0fdb5b59,Snake3,80,5,1
1d7fbdc1-b108-4d06-99c4-d900cc089d9d,30,76bb60ca-7481-4e6a-933b-1c811554bae3,Snake4,94,8,1
1d7fbdc1-b108-4d06-99c4-d900cc089d9d,30,2d2dd33b-464f-42d1-9d96-d0e0a3ab0eb3,Snake2,91,5,0
1d7fbdc1-b108-4d06-99c4-d900cc089d9d,30,5b27ed49-1abe-490c-9398-1f19ae7e68c2,Snake1,95,9,1
1d7fbdc1-b108-4d06-99c4-d900cc089d9d,30,16ac3ff4-a471-4e5c-9893-4edd0fdb5b59,Snake3,80,5,1
1d7fbdc1-b108-4d06-99c4-d900cc089d9d,30,76bb60ca-7481-4e6a-933b-1c811554bae3,Snake4,94,8,1
1d7fbdc1-b108-4d06-99c4-d900cc089d9d,30,2d2dd33b-464f-42d1-9d96-d0e0a3ab0eb3,Snake2,91,5,0
1d7fbdc1-b108-4d06-99c4-d900cc089d9d,30,5b27ed49-1abe-490c-9398-1f19ae7e68c2,Snake1,95,9,1
1d7fbdc1-b108-4d06-99c4-d900cc089d9d,30,16ac3ff4-a471-4e5c-9893-4edd0fdb5b59,Snake3,80,5,1
1d7fbdc1-b108-4d06-99c4-d900cc089d9d,30,76bb60ca-7481-4e6a-933b-1c811554bae3,Snake4,94,8,1
1d7fbdc1-b108-4d06-99c4-d900cc089d9d,30,2d2dd33b-464f-42d1-9d96-d0e0a3ab0eb3,Snake2,91,5,0
1d7fbdc1-b108-4d06-99c4-d900cc089d9d,31,5b27ed49-1abe-490c-9398-1f19ae7e68c2,Snake1,94,9,1
1d7fbdc1-b108-4d06-99c4-d900cc089d9d,31,16ac3ff4-a471-4e5c-9893-4edd0fdb5b59,Snake3,79,5,1
1d7fbdc1-b108-4d06-99c4-d900cc089d9d,31,76bb60ca-7481-4e6a-933b-1c811554bae3,Snake4,93,8,1
1d7fbdc1-b108-4d06-99c4-d900cc089d9d,31,2d2dd33b-464f-42d1-9d96-d0e0a3ab0eb3,Snake2,91,5,0
1d7fbdc1-b108-4d06-99c4-d900cc089d9d,31,5b27ed49-1abe-490c-9398-1f19ae7e68c2,Snake1,94,9,1
1d7fbdc1-b108-4d06-99c4-d900cc089d9d,31,16ac3ff4-a471-4e5c-9893-4edd0fdb5b59,Snake3,79,5,1
1d7fbdc1-b108-4d06-99c4-d900cc089d9d,31,76bb60ca-7481-4e6a-933b-1c811554bae3,Snake4,93,8,1
1d7fbdc1-b108-4d06-99c4-d900cc089d9d,31,2d2dd33b-464f-42d1-9d96-d0e0a3ab0eb3,Snake2,91,5,0
1d7fbdc1-b108-4d06-99c4-d900cc089d9d,31,5b27ed49-1abe-490c-9398-1f19ae7e68c2,Snake1,94,9,1
1d7fbdc1-b108-4d06-99c4-d900cc089d9d,31,16ac3ff4-a471-4e5c-9893-4edd0fdb5b59,Snake3,79,5,1
1d7fbdc1-b108-4d06-99c4-d900cc089d9d,31,76bb60ca-7481-4e6a-933b-1c811554bae3,Snake4,93,8,1
1d7fbdc1-b108-4d06-99c4-d900cc089d9d,31,2d2dd33b-464f-42d1-9d96-d0e0a3ab0eb3,Snake2,91,5,0
1d7fbdc1-b108-4d06-99c4-d900cc089d9d,32,5b27ed49-1abe-490c-9398-1f19ae7e68c2,Snake1,93,9,1
1d7fbdc1-b108-4d06-99c4-d900cc089d9d,32,16ac3ff4-a471-4e5c-9893-4edd0fdb5b59,Snake3,78,5,1
1d7fbdc1-b108-4d06-99c4-d900cc089d9d,32,76bb60ca-7481-4e6a-933b-1c811554bae3,Snake4,92,8,1
1d7fbdc1-b108-4d06-99c4-d900cc089d9d,32,2d2dd33b-464f-42d1-9d96-d0e0a3ab0eb3,Snake2,91,5,0
1d7fbdc1-b108-4d06-99c4-d900cc089d9d,32,5b27ed49-1abe-490c-9398-1f19ae7e68c2,Snake1,93,9,1
1d7fbdc1-b108-4d06-99c4-d900cc089d9d,32,16ac3ff4-a471-4e5c-9893-4edd0fdb5b59,Snake3,78,5,1
1d7fbdc1-b108-4d06-99c4-d900cc089d9d,32,76bb60ca-7481-4e6a-933b-1c811554bae3,Snake4,92,8,1
1d7fbdc1-b108-4d06-99c4-d900cc089d9d,32,2d2dd33b-464f-42d1-9d96-d0e0a3ab0eb3,Snake2,91,5,0
1d7fbdc1-b108-4d06-99c4-d900cc089d9d,32,5b27ed49-1abe-490c-9398-1f19ae7e68c2,Snake1,93,9,1
1d7fbdc1-b108-4d06-99c4-d900cc089d9d,32,16ac3ff4-a471-4e5c-9893-4edd0fdb5b59,Snake3,78,5,1
1d7fbdc1-b108-4d06-99c4-d900cc089d9d,32,76bb60ca-7481-4e6a-933b-1c811554bae3,Snake4,92,8,1
1d7fbdc1-b108-4d06-99c4-d900cc089d9d,32,2d2dd33b-464f-42d1-9d96-d0e0a3ab0eb3,Snake2,91,5,0
1d7fbdc1-b108-4d06-99c4-d900cc089d9d,33,5b27ed49-1abe-490c-9398-1f19ae7e68c2,Snake1,92,9,1
1d7fbdc1-b108-4d06-99c4-d900cc089d9d,33,16ac3ff4-a471-4e5c-9893-4edd0fdb5b59,Snake3,77,5,1
1d7fbdc1-b108-4d06-99c4-d900cc089d9d,33,76bb60ca-7481-4e6a-933b-1c811554bae3,Snake4,91,8,1
1d7fbdc1-b108-4d06-99c4-d900cc089d9d,33,2d2dd33b-464f-42d1-9d96-d0e0a3ab0eb3,Snake2,91,5,0
1d7fbdc1-b108-4d06-99c4-d900cc089d9d,33,5b27ed49-1abe-490c-9398-1f19ae7e68c2,Snake1,92,9,1
1d7fbdc1-b108-4d06-99c4-d900cc089d9d,33,16ac3ff4-a471-4e5c-9893-4edd0fdb5b59,Snake3,77,5,1
1d7fbdc1-b108-4d06-99c4-d900cc089d9d,33,76bb60ca-7481-4e6a-933b-1c811554bae3,Snake4,91,8,1
1d7fbdc1-b108-4d06-99c4-d900cc089d9d,33,2d2dd33b-464f-42d1-9d96-d0e0a3ab0eb3,Snake2,91,5,0
1d7fbdc1-b108-4d06-99c4-d900cc089d9d,33,5b27ed49-1abe-490c-9398-1f19ae7e68c2,Snake1,92,9,1
1d7fbdc1-b108-4d06-99c4-d900cc089d9d,33,16ac3ff4-a471-4e5c-9893-4edd0fdb5b59,Snake3,77,5,1
1d7fbdc1-b108-4d06-99c4-d900cc089d9d,33,76bb60ca-7481-4e6a-933b-1c811554bae3,Snake4,91,8,1
1d7fbdc1-b108-4d06-99c4-d900cc089d9d,33,2d2dd33b-464f-42d1-9d96-d0e0a3ab0eb3,Snake2,91,5,0
1d7fbdc1-b108-4d06-99c4-d900cc089d9d,34,5b27ed49-1abe-490c-9398-1f19ae7e68c2,Snake1,91,9,1
1d7fbdc1-b108-4d06-99c4-d900cc089d9d,34,16ac3ff4-a471-4e5c-9893-4edd0fdb5b59,Snake3,76,5,1
1d7fbdc1-b108-4d06-99c4-d900cc089d9d,34,76bb60ca-7481-4e6a-933b-1c811554bae3,Snake4,90,8,1
1d7fbdc1-b108-4d06-99c4-d900cc089d9d,34,2d2dd33b-464f-42d1-9d96-d0e0a3ab0eb3,Snake2,91,5,0
1d7fbdc1-b108-4d06-99c4-d900cc089d9d,34,5b27ed49-1abe-490c-9398-1f19ae7e68c2,Snake1,91,9,1
1d7fbdc1-b108-4d06-99c4-d900cc089d9d,34,16ac3ff4-a471-4e5c-9893-4edd0fdb5b59,Snake3,76,5,1
1d7fbdc1-b108-4d06-99c4-d900cc089d9d,34,76bb60ca-7481-4e6a-933b-1c811554bae3,Snake4,90,8,1
1d7fbdc1-b108-4d06-99c4-d900cc089d9d,34,2d2dd33b-464f-42d1-9d96-d0e0a3ab0eb3,Snake2,91,5,0
1d7fbdc1-b108-4d06-99c4-d900cc089d9d,34,5b27ed49-1abe-490c-9398-1f19ae7e68c2,Snake1,91,9,1
1d7fbdc1-b108-4d06-99c4-d900cc089d9d,34,16ac3ff4-a471-4e5c-9893-4edd0fdb5b59,Snake3,76,5,1
1d7fbdc1-b108-4d06-99c4-d900cc089d9d,34,76bb60ca-7481-4e6a-933b-1c811554bae3,Snake4,90,8,1
1d7fbdc1-b108-4d06-99c4-d900cc089d9d,34,2d2dd33b-464f-42d1-9d96-d0e0a3ab0eb3,Snake2,91,5,0
1d7fbdc1-b108-4d06-99c4-d900cc089d9d,35,5b27ed49-1abe-490c-9398-1f19ae7e68c2,Snake1,100,10,1
1d7fbdc1-b108-4d06-99c4-d900cc089d9d,35,16ac3ff4-a471-4e5c-9893-4edd0fdb5b59,Snake3,75,5,1
1d7fbdc1-b108-4d06-99c4-d900cc089d9d,35,76bb60ca-7481-4e6a-933b-1c811554bae3,Snake4,89,8,1
1d7fbdc1-b108-4d06-99c4-d900cc089d9d,35,2d2dd33b-464f-42d1-9d96-d0e0a3ab0eb3,Snake2,91,5,0
1d7fbdc1-b108-4d06-99c4-d900cc089d9d,35,5b27ed49-1abe-490c-9398-1f19ae7e68c2,Snake1,100,10,1
1d7fbdc1-b108-4d06-99c4-d900cc089d9d,35,16ac3ff4-a471-4e5c-9893-4edd0fdb5b59,Snake3,75,5,1
1d7fbdc1-b108-4d06-99c4-d900cc089d9d,35,76bb60ca-7481-4e6a-933b-1c811554bae3,Snake4,89,8,1
1d7fbdc1-b108-4d06-99c4-d900cc089d9d,35,2d2dd33b-464f-42d1-9d96-d0e0a3ab0eb3,Snake2,91,5,0
1d7fbdc1-b108-4d06-99c4-d900cc089d9d,36,5b27ed49-1abe-490c-9398-1f19ae7e68c2,Snake1,99,10,1
1d7fbdc1-b108-4d06-99c4-d900cc089d9d,36,16ac3ff4-a471-4e5c-9893-4edd0fdb5b59,Snake3,74,5,1
1d7fbdc1-b108-4d06-99c4-d900cc089d9d,36,76bb60ca-7481-4e6a-933b-1c811554bae3,Snake4,88,8,1
1d7fbdc1-b108-4d06-99c4-d900cc089d9d,36,2d2dd33b-464f-42d1-9d96-d0e0a3ab0eb3,Snake2,91,5,0
1d7fbdc1-b108-4d06-99c4-d900cc089d9d,36,5b27ed49-1abe-490c-9398-1f19ae7e68c2,Snake1,99,10,1
1d7fbdc1-b108-4d06-99c4-d900cc089d9d,36,16ac3ff4-a471-4e5c-9893-4edd0fdb5b59,Snake3,74,5,1
1d7fbdc1-b108-4d06-99c4-d900cc089d9d,36,76bb60ca-7481-4e6a-933b-1c811554bae3,Snake4,88,8,1
1d7fbdc1-b108-4d06-99c4-d900cc089d9d,36,2d2dd33b-464f-42d1-9d96-d0e0a3ab0eb3,Snake2,91,5,0
1d7fbdc1-b108-4d06-99c4-d900cc089d9d,37,5b27ed49-1abe-490c-9398-1f19ae7e68c2,Snake1,98,10,1
1d7fbdc1-b108-4d06-99c4-d900cc089d9d,37,16ac3ff4-a471-4e5c-9893-4edd0fdb5b59,Snake3,73,5,1
1d7fbdc1-b108-4d06-99c4-d900cc089d9d,37,76bb60ca-7481-4e6a-933b-1c811554bae3,Snake4,87,8,1
1d7fbdc1-b108-4d06-99c4-d900cc089d9d,37,2d2dd33b-464f-42d1-9d96-d0e0a3ab0eb3,Snake2,91,5,0
1d7fbdc1-b108-4d06-99c4-d900cc089d9d,37,5b27ed49-1abe-490c-9398-1f19ae7e68c2,Snake1,98,10,1
1d7fbdc1-b108-4d06-99c4-d900cc089d9d,37,16ac3ff4-a471-4e5c-9893-4edd0fdb5b59,Snake3,73,5,1
1d7fbdc1-b108-4d06-99c4-d900cc089d9d,37,76bb60ca-7481-4e6a-933b-1c811554bae3,Snake4,87,8,1
1d7fbdc1-b108-4d06-99c4-d900cc089d9d,37,2d2dd33b-464f-42d1-9d96-d0e0a3ab0eb3,Snake2,91,5,0
1d7fbdc1-b108-4d06-99c4-d900cc089d9d,37,5b27ed49-1abe-490c-9398-1f19ae7e68c2,Snake1,98,10,1
1d7fbdc1-b108-4d06-99c4-d900cc089d9d,37,16ac3ff4-a471-4e5c-9893-4edd0fdb5b59,Snake3,73,5,1
1d7fbdc1-b108-4d06-99c4-d900cc089d9d,37,76bb60ca-7481-4e6a-933b-1c811554bae3,Snake4,87,8,1
1d7fbdc1-b108-4d06-99c4-d900cc089d9d,37,2d2dd33b-464f-42d1-9d96-d0e0a3ab0eb3,Snake2,91,5,0
1d7fbdc1-b108-4d06-99c4-d900cc089d9d,38,5b27ed49-1abe-490c-9398-1f19ae7e68c2,Snake1,97,10,1
1d7fbdc1-b108-4d06-99c4-d900cc089d9d,38,16ac3ff4-a471-4e5c-9893-4edd0fdb5b59,Snake3,72,5,1
1d7fbdc1-b108-4d06-99c4-d900cc089d9d,38,76bb60ca-7481-4e6a-933b-1c811554bae3,Snake4,86,8,1
1d7fbdc1-b108-4d06-99c4-d900cc089d9d,38,2d2dd33b-464f-42d1-9d96-d0e0a3ab0eb3,Snake2,91,5,0
1d7fbdc1-b108-4d06-99c4-d900cc089d9d,38,5b27ed49-1abe-490c-9398-1f19ae7e68c2,Snake1,97,10,1
1d7fbdc1-b108-4d06-99c4-d900cc089d9d,38,16ac3ff4-a471-4e5c-9893-4edd0fdb5b59,Snake3,72,5,1
1d7fbdc1-b108-4d06-99c4-d900cc089d9d,38,76bb60ca-7481-4e6a-933b-1c811554bae3,Snake4,86,8,1
1d7fbdc1-b108-4d06-99c4-d900cc089d9d,38,2d2dd33b-464f-42d1-9d96-d0e0a3ab0eb3,Snake2,91,5,0
1d7fbdc1-b108-4d06-99c4-d900cc089d9d,38,5b27ed49-1abe-490c-9398-1f19ae7e68c2,Snake1,97,10,1
1d7fbdc1-b108-4d06-99c4-d900cc089d9d,38,16ac3ff4-a471-4e5c-9893-4edd0fdb5b59,Snake3,72,5,1
1d7fbdc1-b108-4d06-99c4-d900cc089d9d,38,76bb60ca-7481-4e6a-933b-1c811554bae3,Snake4,86,8,1
1d7fbdc1-b108-4d06-99c4-d900cc089d9d,38,2d2dd33b-464f-42d1-9d96-d0e0a3ab0eb3,Snake2,91,5,0
1d7fbdc1-b108-4d06-99c4-d900cc089d9d,39,5b27ed49-1abe-490c-9398-1f19ae7e68c2,Snake1,96,10,1
1d7fbdc1-b108-4d06-99c4-d900cc089d9d,39,16ac3ff4-a471-4e5c-9893-4edd0fdb5b59,Snake3,71,5,1
1d7fbdc1-b108-4d06-99c4-d900cc089d9d,39,76bb60ca-7481-4e6a-933b-1c811554bae3,Snake4,85,8,1
1d7fbdc1-b108-4d06-99c4-d900cc089d9d,39,2d2dd33b-464f-42d1-9d96-d0e0a3ab0eb3,Snake2,91,5,0
1d7fbdc1-b108-4d06-99c4-d900cc089d9d,39,5b27ed49-1abe-490c-9398-1f19ae7e68c2,Snake1,96,10,1
1d7fbdc1-b108-4d06-99c4-d900cc089d9d,39,16ac3ff4-a471-4e5c-9893-4edd0fdb5b59,Snake3,71,5,1
1d7fbdc1-b108-4d06-99c4-d900cc089d9d,39,76bb60ca-7481-4e6a-933b-1c811554bae3,Snake4,85,8,1
1d7fbdc1-b108-4d06-99c4-d900cc089d9d,39,2d2dd33b-464f-42d1-9d96-d0e0a3ab0eb3,Snake2,91,5,0
1d7fbdc1-b108-4d06-99c4-d900cc089d9d,39,5b27ed49-1abe-490c-9398-1f19ae7e68c2,Snake1,96,10,1
1d7fbdc1-b108-4d06-99c4-d900cc089d9d,39,16ac3ff4-a471-4e5c-9893-4edd0fdb5b59,Snake3,71,5,1
1d7fbdc1-b108-4d06-99c4-d900cc089d9d,39,76bb60ca-7481-4e6a-933b-1c811554bae3,Snake4,85,8,1
1d7fbdc1-b108-4d06-99c4-d900cc089d9d,39,2d2dd33b-464f-42d1-9d96-d0e0a3ab0eb3,Snake2,91,5,0
1d7fbdc1-b108-4d06-99c4-d900cc089d9d,40,5b27ed49-1abe-490c-9398-1f19ae7e68c2,Snake1,95,10,1
1d7fbdc1-b108-4d06-99c4-d900cc089d9d,40,16ac3ff4-a471-4e5c-9893-4edd0fdb5b59,Snake3,70,5,1
1d7fbdc1-b108-4d06-99c4-d900cc089d9d,40,76bb60ca-7481-4e6a-933b-1c811554bae3,Snake4,84,8,1
1d7fbdc1-b108-4d06-99c4-d900cc089d9d,40,2d2dd33b-464f-42d1-9d96-d0e0a3ab0eb3,Snake2,91,5,0
1d7fbdc1-b108-4d06-99c4-d900cc089d9d,40,5b27ed49-1abe-490c-9398-1f19ae7e68c2,Snake1,95,10,1
1d7fbdc1-b108-4d06-99c4-d900cc089d9d,40,16ac3ff4-a471-4e5c-9893-4edd0fdb5b59,Snake3,70,5,1
1d7fbdc1-b108-4d06-99c4-d900cc089d9d,40,76bb60ca-7481-4e6a-933b-1c811554bae3,Snake4,84,8,1
1d7fbdc1-b108-4d06-99c4-d900cc089d9d,40,2d2dd33b-464f-42d1-9d96-d0e0a3ab0eb3,Snake2,91,5,0
1d7fbdc1-b108-4d06-99c4-d900cc089d9d,40,5b27ed49-1abe-490c-9398-1f19ae7e68c2,Snake1,95,10,1
1d7fbdc1-b108-4d06-99c4-d900cc089d9d,40,16ac3ff4-a471-4e5c-9893-4edd0fdb5b59,Snake3,70,5,1
1d7fbdc1-b108-4d06-99c4-d900cc089d9d,40,76bb60ca-7481-4e6a-933b-1c811554bae3,Snake4,84,8,1
1d7fbdc1-b108-4d06-99c4-d900cc089d9d,40,2d2dd33b-464f-42d1-9d96-d0e0a3ab0eb3,Snake2,91,5,0
1d7fbdc1-b108-4d06-99c4-d900cc089d9d,41,5b27ed49-1abe-490c-9398-1f19ae7e68c2,Snake1,94,10,1
1d7fbdc1-b108-4d06-99c4-d900cc089d9d,41,16ac3ff4-a471-4e5c-9893-4edd0fdb5b59,Snake3,69,5,1
1d7fbdc1-b108-4d06-99c4-d900cc089d9d,41,76bb60ca-7481-4e6a-933b-1c811554bae3,Snake4,83,8,1
1d7fbdc1-b108-4d06-99c4-d900cc089d9d,41,2d2dd33b-464f-42d1-9d96-d0e0a3ab0eb3,Snake2,91,5,0
1d7fbdc1-b108-4d06-99c4-d900cc089d9d,41,5b27ed49-1abe-490c-9398-1f19ae7e68c2,Snake1,94,10,1
1d7fbdc1-b108-4d06-99c4-d900cc089d9d,41,16ac3ff4-a471-4e5c-9893-4edd0fdb5b59,Snake3,69,5,1
1d7fbdc1-b108-4d06-99c4-d900cc089d9d,41,76bb60ca-7481-4e6a-933b-1c811554bae3,Snake4,83,8,1
1d7fbdc1-b108-4d06-99c4-d900cc089d9d,41,2d2dd33b-464f-42d1-9d96-d0e0a3ab0eb3,Snake2,91,5,0
1d7fbdc1-b108-4d06-99c4-d900cc089d9d,41,5b27ed49-1abe-490c-9398-1f19ae7e68c2,Snake1,94,10,1
1d7fbdc1-b108-4d06-99c4-d900cc089d9d,41,16ac3ff4-a471-4e5c-9893-4edd0fdb5b59,Snake3,69,5,1
1d7fbdc1-b108-4d06-99c4-d900cc089d9d,41,76bb60ca-7481-4e6a-933b-1c811554bae3,Snake4,83,8,1
1d7fbdc1-b108-4d06-99c4-d900cc089d9d,41,2d2dd33b-464f-42d1-9d96-d0e0a3ab0eb3,Snake2,91,5,0
1d7fbdc1-b108-4d06-99c4-d900cc089d9d,42,5b27ed49-1abe-490c-9398-1f19ae7e68c2,Snake1,93,10,1
1d7fbdc1-b108-4d06-99c4-d900cc089d9d,42,16ac3ff4-a471-4e5c-9893-4edd0fdb5b59,Snake3,68,5,1
1d7fbdc1-b108-4d06-99c4-d900cc089d9d,42,76bb60ca-7481-4e6a-933b-1c811554bae3,Snake4,82,8,1
1d7fbdc1-b108-4d06-99c4-d900cc089d9d,42,2d2dd33b-464f-42d1-9d96-d0e0a3ab0eb3,Snake2,91,5,0
1d7fbdc1-b108-4d06-99c4-d900cc089d9d,42,5b27ed49-1abe-490c-9398-1f19ae7e68c2,Snake1,93,10,1
1d7fbdc1-b108-4d06-99c4-d900cc089d9d,42,16ac3ff4-a471-4e5c-9893-4edd0fdb5b59,Snake3,68,5,1
1d7fbdc1-b108-4d06-99c4-d900cc089d9d,42,76bb60ca-7481-4e6a-933b-1c811554bae3,Snake4,82,8,1
1d7fbdc1-b108-4d06-99c4-d900cc089d9d,42,2d2dd33b-464f-42d1-9d96-d0e0a3ab0eb3,Snake2,91,5,0
1d7fbdc1-b108-4d06-99c4-d900cc089d9d,42,5b27ed49-1abe-490c-9398-1f19ae7e68c2,Snake1,93,10,1
1d7fbdc1-b108-4d06-99c4-d900cc089d9d,42,16ac3ff4-a471-4e5c-9893-4edd0fdb5b59,Snake3,68,5,1
1d7fbdc1-b108-4d06-99c4-d900cc089d9d,42,76bb60ca-7481-4e6a-933b-1c811554bae3,Snake4,82,8,1
1d7fbdc1-b108-4d06-99c4-d900cc089d9d,42,2d2dd33b-464f-42d1-9d96-d0e0a3ab0eb3,Snake2,91,5,0
1d7fbdc1-b108-4d06-99c4-d900cc089d9d,43,5b27ed49-1abe-490c-9398-1f19ae7e68c2,Snake1,92,10,1
1d7fbdc1-b108-4d06-99c4-d900cc089d9d,43,16ac3ff4-a471-4e5c-9893-4edd0fdb5b59,Snake3,67,5,1
1d7fbdc1-b108-4d06-99c4-d900cc089d9d,43,76bb60ca-7481-4e6a-933b-1c811554bae3,Snake4,81,8,1
1d7fbdc1-b108-4d06-99c4-d900cc089d9d,43,2d2dd33b-464f-42d1-9d96-d0e0a3ab0eb3,Snake2,91,5,0
1d7fbdc1-b108-4d06-99c4-d900cc089d9d,43,5b27ed49-1abe-490c-9398-1f19ae7e68c2,Snake1,92,10,1
1d7fbdc1-b108-4d06-99c4-d900cc089d9d,43,16ac3ff4-a471-4e5c-9893-4edd0fdb5b59,Snake3,67,5,1
1d7fbdc1-b108-4d06-99c4-d900cc089d9d,43,76bb60ca-7481-4e6a-933b-1c811554bae3,Snake4,81,8,1
1d7fbdc1-b108-4d06-99c4-d900cc089d9d,43,2d2dd33b-464f-42d1-9d96-d0e0a3ab0eb3,Snake2,91,5,0
1d7fbdc1-b108-4d06-99c4-d900cc089d9d,43,5b27ed49-1abe-490c-9398-1f19ae7e68c2,Snake1,92,10,1
1d7fbdc1-b108-4d06-99c4-d900cc089d9d,43,16ac3ff4-a471-4e5c-9893-4edd0fdb5b59,Snake3,67,5,1
1d7fbdc1-b108-4d06-99c4-d900cc089d9d,43,76bb60ca-7481-4e6a-933b-1c811554bae3,Snake4,81,8,1
1d7fbdc1-b108-4d06-99c4-d900cc089d9d,43,2d2dd33b-464f-42d1-9d96-d0e0a3ab0eb3,Snake2,91,5,0
1d7fbdc1-b108-4d06-99c4-d900cc089d9d,44,5b27ed49-1abe-490c-9398-1f19ae7e68c2,Snake1,91,10,1
1d7fbdc1-b108-4d06-99c4-d900cc089d9d,44,16ac3ff4-a471-4e5c-9893-4edd0fdb5b59,Snake3,66,5,1
1d7fbdc1-b108-4d06-99c4-d900cc089d9d,44,76bb60ca-7481-4e6a-933b-1c811554bae3,Snake4,80,8,1
1d7fbdc1-b108-4d06-99c4-d900cc089d9d,44,2d2dd33b-464f-42d1-9d96-d0e0a3ab0eb3,Snake2,91,5,0
1d7fbdc1-b108-4d06-99c4-d900cc089d9d,44,5b27ed49-1abe-490c-9398-1f19ae7e68c2,Snake1,91,10,1
1d7fbdc1-b108-4d06-99c4-d900cc089d9d,44,16ac3ff4-a471-4e5c-9893-4edd0fdb5b59,Snake3,66,5,1
1d7fbdc1-b108-4d06-99c4-d900cc089d9d,44,76bb60ca-7481-4e6a-933b-1c811554bae3,Snake4,80,8,1
1d7fbdc1-b108-4d06-99c4-d900cc089d9d,44,2d2dd33b-464f-42d1-9d96-d0e0a3ab0eb3,Snake2,91,5,0
1d7fbdc1-b108-4d06-99c4-d900cc089d9d,44,5b27ed49-1abe-490c-9398-1f19ae7e68c2,Snake1,91,10,1
1d7fbdc1-b108-4d06-99c4-d900cc089d9d,44,16ac3ff4-a471-4e5c-9893-4edd0fdb5b59,Snake3,66,5,1
1d7fbdc1-b108-4d06-99c4-d900cc089d9d,44,76bb60ca-7481-4e6a-933b-1c811554bae3,Snake4,80,8,1
1d7fbdc1-b108-4d06-99c4-d900cc089d9d,44,2d2dd33b-464f-42d1-9d96-d0e0a3ab0eb3,Snake2,91,5,0
1d7fbdc1-b108-4d06-99c4-d900cc089d9d,45,5b27ed49-1abe-490c-9398-1f19ae7e68c2,Snake1,90,10,1
1d7fbdc1-b108-4d06-99c4-d900cc089d9d,45,16ac3ff4-a471-4e5c-9893-4edd0fdb5b59,Snake3,65,5,1
1d7fbdc1-b108-4d06-99c4-d900cc089d9d,45,76bb60ca-7481-4e6a-933b-1c811554bae3,Snake4,79,8,1
1d7fbdc1-b108-4d06-99c4-d900cc089d9d,45,2d2dd33b-464f-42d1-9d96-d0e0a3ab0eb3,Snake2,91,5,0
1d7fbdc1-b108-4d06-99c4-d900cc089d9d,45,5b27ed49-1abe-490c-9398-1f19ae7e68c2,Snake1,90,10,1
1d7fbdc1-b108-4d06-99c4-d900cc089d9d,45,16ac3ff4-a471-4e5c-9893-4edd0fdb5b59,Snake3,65,5,1
1d7fbdc1-b108-4d06-99c4-d900cc089d9d,45,76bb60ca-7481-4e6a-933b-1c811554bae3,Snake4,79,8,1
1d7fbdc1-b108-4d06-99c4-d900cc089d9d,45,2d2dd33b-464f-42d1-9d96-d0e0a3ab0eb3,Snake2,91,5,0
1d7fbdc1-b108-4d06-99c4-d900cc089d9d,45,5b27ed49-1abe-490c-9398-1f19ae7e68c2,Snake1,90,10,1
1d7fbdc1-b108-4d06-99c4-d900cc089d9d,45,16ac3ff4-a471-4e5c-9893-4edd0fdb5b59,Snake3,65,5,1
1d7fbdc1-b108-4d06-99c4-d900cc089d9d,45,76bb60ca-7481-4e6a-933b-1c811554bae3,Snake4,79,8,1
1d7fbdc1-b108-4d06-99c4-d900cc089d9d,45,2d2dd33b-464f-42d1-9d96-d0e0a3ab0eb3,Snake2,91,5,0
1d7fbdc1-b108-4d06-99c4-d900cc089d9d,46,5b27ed49-1abe-490c-9398-1f19ae7e68c2,Snake1,89,10,1
1d7fbdc1-b108-4d06-99c4-d900cc089d9d,46,16ac3ff4-a471-4e5c-9893-4edd0fdb5b59,Snake3,64,5,1
1d7fbdc1-b108-4d06-99c4-d900cc089d9d,46,76bb60ca-7481-4e6a-933b-1c811554bae3,Snake4,78,8,1
1d7fbdc1-b108-4d06-99c4-d900cc089d9d,46,2d2dd33b-464f-42d1-9d96-d0e0a3ab0eb3,Snake2,91,5,0
1d7fbdc1-b108-4d06-99c4-d900cc089d9d,46,5b27ed49-1abe-490c-9398-1f19ae7e68c2,Snake1,89,10,1
1d7fbdc1-b108-4d06-99c4-d900cc089d9d,46,16ac3ff4-a471-4e5c-9893-4edd0fdb5b59,Snake3,64,5,1
1d7fbdc1-b108-4d06-99c4-d900cc089d9d,46,76bb60ca-7481-4e6a-933b-1c811554bae3,Snake4,78,8,1
1d7fbdc1-b108-4d06-99c4-d900cc089d9d,46,2d2dd33b-464f-42d1-9d96-d0e0a3ab0eb3,Snake2,91,5,0
1d7fbdc1-b108-4d06-99c4-d900cc089d9d,46,5b27ed49-1abe-490c-9398-1f19ae7e68c2,Snake1,89,10,1
1d7fbdc1-b108-4d06-99c4-d900cc089d9d,46,16ac3ff4-a471-4e5c-9893-4edd0fdb5b59,Snake3,64,5,1
1d7fbdc1-b108-4d06-99c4-d900cc089d9d,46,76bb60ca-7481-4e6a-933b-1c811554bae3,Snake4,78,8,1
1d7fbdc1-b108-4d06-99c4-d900cc089d9d,46,2d2dd33b-464f-42d1-9d96-d0e0a3ab0eb3,Snake2,91,5,0
1d7fbdc1-b108-4d06-99c4-d900cc089d9d,47,5b27ed49-1abe-490c-9398-1f19ae7e68c2,Snake1,88,10,1
1d7fbdc1-b108-4d06-99c4-d900cc089d9d,47,16ac3ff4-a471-4e5c-9893-4edd0fdb5b59,Snake3,63,5,1
1d7fbdc1-b108-4d06-99c4-d900cc089d9d,47,76bb60ca-7481-4e6a-933b-1c811554bae3,Snake4,77,8,1
1d7fbdc1-b108-4d06-99c4-d900cc089d9d,47,2d2dd33b-464f-42d1-9d96-d0e0a3ab0eb3,Snake2,91,5,0
1d7fbdc1-b108-4d06-99c4-d900cc089d9d,47,5b27ed49-1abe-490c-9398-1f19ae7e68c2,Snake1,88,10,1
1d7fbdc1-b108-4d06-99c4-d900cc089d9d,47,16ac3ff4-a471-4e5c-9893-4edd0fdb5b59,Snake3,63,5,1
1d7fbdc1-b108-4d06-99c4-d900cc089d9d,47,76bb60ca-7481-4e6a-933b-1c811554bae3,Snake4,77,8,1
1d7fbdc1-b108-4d06-99c4-d900cc089d9d,47,2d2dd33b-464f-42d1-9d96-d0e0a3ab0eb3,Snake2,91,5,0
1d7fbdc1-b108-4d06-99c4-d900cc089d9d,47,5b27ed49-1abe-490c-9398-1f19ae7e68c2,Snake1,88,10,1
1d7fbdc1-b108-4d06-99c4-d900cc089d9d,47,16ac3ff4-a471-4e5c-9893-4edd0fdb5b59,Snake3,63,5,1
1d7fbdc1-b108-4d06-99c4-d900cc089d9d,47,76bb60ca-7481-4e6a-933b-1c811554bae3,Snake4,77,8,1
1d7fbdc1-b108-4d06-99c4-d900cc089d9d,47,2d2dd33b-464f-42d1-9d96-d0e0a3ab0eb3,Snake2,91,5,0
1d7fbdc1-b108-4d06-99c4-d900cc089d9d,48,5b27ed49-1abe-490c-9398-1f19ae7e68c2,Snake1,87,10,1
1d7fbdc1-b108-4d06-99c4-d900cc089d9d,48,16ac3ff4-a471-4e5c-9893-4edd0fdb5b59,Snake3,62,5,1
1d7fbdc1-b108-4d06-99c4-d900cc089d9d,48,76bb60ca-7481-4e6a-933b-1c811554bae3,Snake4,76,8,1
1d7fbdc1-b108-4d06-99c4-d900cc089d9d,48,2d2dd33b-464f-42d1-9d96-d0e0a3ab0eb3,Snake2,91,5,0
1d7fbdc1-b108-4d06-99c4-d900cc089d9d,48,5b27ed49-1abe-490c-9398-1f19ae7e68c2,Snake1,87,10,1
1d7fbdc1-b108-4d06-99c4-d900cc089d9d,48,16ac3ff4-a471-4e5c-9893-4edd0fdb5b59,Snake3,62,5,1
1d7fbdc1-b108-4d06-99c4-d900cc089d9d,48,76bb60ca-7481-4e6a-933b-1c811554bae3,Snake4,76,8,1
1d7fbdc1-b108-4d06-99c4-d900cc089d9d,48,2d2dd33b-464f-42d1-9d96-d0e0a3ab0eb3,Snake2,91,5,0
1d7fbdc1-b108-4d06-99c4-d900cc089d9d,48,5b27ed49-1abe-490c-9398-1f19ae7e68c2,Snake1,87,10,1
1d7fbdc1-b108-4d06-99c4-d900cc089d9d,48,16ac3ff4-a471-4e5c-9893-4edd0fdb5b59,Snake3,62,5,1
1d7fbdc1-b108-4d06-99c4-d900cc089d9d,48,76bb60ca-7481-4e6a-933b-1c811554bae3,Snake4,76,8,1
1d7fbdc1-b108-4d06-99c4-d900cc089d9d,48,2d2dd33b-464f-42d1-9d96-d0e0a3ab0eb3,Snake2,91,5,0
1d7fbdc1-b108-4d06-99c4-d900cc089d9d,49,5b27ed49-1abe-490c-9398-1f19ae7e68c2,Snake1,86,10,1
1d7fbdc1-b108-4d06-99c4-d900cc089d9d,49,16ac3ff4-a471-4e5c-9893-4edd0fdb5b59,Snake3,61,5,1
1d7fbdc1-b108-4d06-99c4-d900cc089d9d,49,76bb60ca-7481-4e6a-933b-1c811554bae3,Snake4,75,8,1
1d7fbdc1-b108-4d06-99c4-d900cc089d9d,49,2d2dd33b-464f-42d1-9d96-d0e0a3ab0eb3,Snake2,91,5,0
1d7fbdc1-b108-4d06-99c4-d900cc089d9d,49,5b27ed49-1abe-490c-9398-1f19ae7e68c2,Snake1,86,10,1
1d7fbdc1-b108-4d06-99c4-d900cc089d9d,49,16ac3ff4-a471-4e5c-9893-4edd0fdb5b59,Snake3,61,5,1
1d7fbdc1-b108-4d06-99c4-d900cc089d9d,49,76bb60ca-7481-4e6a-933b-1c811554bae3,Snake4,75,8,1
1d7fbdc1-b108-4d06-99c4-d900cc089d9d,49,2d2dd33b-464f-42d1-9d96-d0e0a3ab0eb3,Snake2,91,5,0
1d7fbdc1-b108-4d06-99c4-d900cc089d9d,49,5b27ed49-1abe-490c-9398-1f19ae7e68c2,Snake1,86,10,1
1d7fbdc1-b108-4d06-99c4-d900cc089d9d,49,16ac3ff4-a471-4e5c-9893-4edd0fdb5b59,Snake3,61,5,1
1d7fbdc1-b108-4d06-99c4-d900cc089d9d,49,76bb60ca-7481-4e6a-933b-1c811554bae3,Snake4,75,8,1
1d7fbdc1-b108-4d06-99c4-d900cc089d9d,49,2d2dd33b-464f-42d1-9d96-d0e0a3ab0eb3,Snake2,91,5,0
1d7fbdc1-b108-4d06-99c4-d900cc089d9d,50,5b27ed49-1abe-490c-9398-1f19ae7e68c2,Snake1,85,10,1
1d7fbdc1-b108-4d06-99c4-d900cc089d9d,50,16ac3ff4-a471-4e5c-9893-4edd0fdb5b59,Snake3,60,5,1
1d7fbdc1-b108-4d06-99c4-d900cc089d9d,50,76bb60ca-7481-4e6a-933b-1c811554bae3,Snake4,74,8,1
1d7fbdc1-b108-4d06-99c4-d900cc089d9d,50,2d2dd33b-464f-42d1-9d96-d0e0a3ab0eb3,Snake2,91,5,0
1d7fbdc1-b108-4d06-99c4-d900cc089d9d,50,5b27ed49-1abe-490c-9398-1f19ae7e68c2,Snake1,85,10,1
1d7fbdc1-b108-4d06-99c4-d900cc089d9d,50,16ac3ff4-a471-4e5c-9893-4edd0fdb5b59,Snake3,60,5,1
1d7fbdc1-b108-4d06-99c4-d900cc089d9d,50,76bb60ca-7481-4e6a-933b-1c811554bae3,Snake4,74,8,1
1d7fbdc1-b108-4d06-99c4-d900cc089d9d,50,2d2dd33b-464f-42d1-9d96-d0e0a3ab0eb3,Snake2,91,5,0
1d7fbdc1-b108-4d06-99c4-d900cc089d9d,50,5b27ed49-1abe-490c-9398-1f19ae7e68c2,Snake1,85,10,1
1d7fbdc1-b108-4d06-99c4-d900cc089d9d,50,16ac3ff4-a471-4e5c-9893-4edd0fdb5b59,Snake3,60,5,1
1d7fbdc1-b108-4d06-99c4-d900cc089d9d,50,76bb60ca-7481-4e6a-933b-1c811554bae3,Snake4,74,8,1
1d7fbdc1-b108-4d06-99c4-d900cc089d9d,50,2d2dd33b-464f-42d1-9d96-d0e0a3ab0eb3,Snake2,91,5,0
1d7fbdc1-b108-4d06-99c4-d900cc089d9d,51,5b27ed49-1abe-490c-9398-1f19ae7e68c2,Snake1,84,10,1
1d7fbdc1-b108-4d06-99c4-d900cc089d9d,51,16ac3ff4-a471-4e5c-9893-4edd0fdb5b59,Snake3,59,5,1
1d7fbdc1-b108-4d06-99c4-d900cc089d9d,51,76bb60ca-7481-4e6a-933b-1c811554bae3,Snake4,73,8,1
1d7fbdc1-b108-4d06-99c4-d900cc089d9d,51,2d2dd33b-464f-42d1-9d96-d0e0a3ab0eb3,Snake2,91,5,0
1d7fbdc1-b108-4d06-99c4-d900cc089d9d,51,5b27ed49-1abe-490c-9398-1f19ae7e68c2,Snake1,84,10,1
1d7fbdc1-b108-4d06-99c4-d900cc089d9d,51,16ac3ff4-a471-4e5c-9893-4edd0fdb5b59,Snake3,59,5,1
1d7fbdc1-b108-4d06-99c4-d900cc089d9d,51,76bb60ca-7481-4e6a-933b-1c811554bae3,Snake4,73,8,1
1d7fbdc1-b108-4d06-99c4-d900cc089d9d,51,2d2dd33b-464f-42d1-9d96-d0e0a3ab0eb3,Snake2,91,5,0
1d7fbdc1-b108-4d06-99c4-d900cc089d9d,51,5b27ed49-1abe-490c-9398-1f19ae7e68c2,Snake1,84,10,1
1d7fbdc1-b108-4d06-99c4-d900cc089d9d,51,16ac3ff4-a471-4e5c-9893-4edd0fdb5b59,Snake3,59,5,1
1d7fbdc1-b108-4d06-99c4-d900cc089d9d,51,76bb60ca-7481-4e6a-933b-1c811554bae3,Snake4,73,8,1
1d7fbdc1-b108-4d06-99c4-d900cc089d9d,51,2d2dd33b-464f-42d1-9d96-d0e0a3ab0eb3,Snake2,91,5,0
1d7fbdc1-b108-4d06-99c4-d900cc089d9d,52,5b27ed49-1abe-490c-9398-1f19ae7e68c2,Snake1,83,10,1
1d7fbdc1-b108-4d06-99c4-d900cc089d9d,52,16ac3ff4-a471-4e5c-9893-4edd0fdb5b59,Snake3,58,5,1
1d7fbdc1-b108-4d06-99c4-d900cc089d9d,52,76bb60ca-7481-4e6a-933b-1c811554bae3,Snake4,72,8,1
1d7fbdc1-b108-4d06-99c4-d900cc089d9d,52,2d2dd33b-464f-42d1-9d96-d0e0a3ab0eb3,Snake2,91,5,0
1d7fbdc1-b108-4d06-99c4-d900cc089d9d,52,5b27ed49-1abe-490c-9398-1f19ae7e68c2,Snake1,83,10,1
1d7fbdc1-b108-4d06-99c4-d900cc089d9d,52,16ac3ff4-a471-4e5c-9893-4edd0fdb5b59,Snake3,58,5,1
1d7fbdc1-b108-4d06-99c4-d900cc089d9d,52,76bb60ca-7481-4e6a-933b-1c811554bae3,Snake4,72,8,1
1d7fbdc1-b108-4d06-99c4-d900cc089d9d,52,2d2dd33b-464f-42d1-9d96-d0e0a3ab0eb3,Snake2,91,5,0
1d7fbdc1-b108-4d06-99c4-d900cc089d9d,52,5b27ed49-1abe-490c-9398-1f19ae7e68c2,Snake1,83,10,1
1d7fbdc1-b108-4d06-99c4-d900cc089d9d,52,16ac3ff4-a471-4e5c-9893-4edd0fdb5b59,Snake3,58,5,1
1d7fbdc1-b108-4d06-99c4-d900cc089d9d,52,76bb60ca-7481-4e6a-933b-1c811554bae3,Snake4,72,8,1
1d7fbdc1-b108-4d06-99c4-d900cc089d9d,52,2d2dd33b-464f-42d1-9d96-d0e0a3ab0eb3,Snake2,91,5,0
1d7fbdc1-b108-4d06-99c4-d900cc089d9d,53,5b27ed49-1abe-490c-9398-1f19ae7e68c2,Snake1,82,10,1
1d7fbdc1-b108-4d06-99c4-d900cc089d9d,53,16ac3ff4-a471-4e5c-9893-4edd0fdb5b59,Snake3,57,5,1
1d7fbdc1-b108-4d06-99c4-d900cc089d9d,53,76bb60ca-7481-4e6a-933b-1c811554bae3,Snake4,71,8,1
1d7fbdc1-b108-4d06-99c4-d900cc089d9d,53,2d2dd33b-464f-42d1-9d96-d0e0a3ab0eb3,Snake2,91,5,0
1d7fbdc1-b108-4d06-99c4-d900cc089d9d,53,5b27ed49-1abe-490c-9398-1f19ae7e68c2,Snake1,82,10,1
1d7fbdc1-b108-4d06-99c4-d900cc089d9d,53,16ac3ff4-a471-4e5c-9893-4edd0fdb5b59,Snake3,57,5,1
1d7fbdc1-b108-4d06-99c4-d900cc089d9d,53,76bb60ca-7481-4e6a-933b-1c811554bae3,Snake4,71,8,1
1d7fbdc1-b108-4d06-99c4-d900cc089d9d,53,2d2dd33b-464f-42d1-9d96-d0e0a3ab0eb3,Snake2,91,5,0
1d7fbdc1-b108-4d06-99c4-d900cc089d9d,53,5b27ed49-1abe-490c-9398-1f19ae7e68c2,Snake1,82,10,1
1d7fbdc1-b108-4d06-99c4-d900cc089d9d,53,16ac3ff4-a471-4e5c-9893-4edd0fdb5b59,Snake3,57,5,1
1d7fbdc1-b108-4d06-99c4-d900cc089d9d,53,76bb60ca-7481-4e6a-933b-1c811554bae3,Snake4,71,8,1
1d7fbdc1-b108-4d06-99c4-d900cc089d9d,53,2d2dd33b-464f-42d1-9d96-d0e0a3ab0eb3,Snake2,91,5,0
1d7fbdc1-b108-4d06-99c4-d900cc089d9d,54,5b27ed49-1abe-490c-9398-1f19ae7e68c2,Snake1,81,10,1
1d7fbdc1-b108-4d06-99c4-d900cc089d9d,54,16ac3ff4-a471-4e5c-9893-4edd0fdb5b59,Snake3,56,5,1
1d7fbdc1-b108-4d06-99c4-d900cc089d9d,54,76bb60ca-7481-4e6a-933b-1c811554bae3,Snake4,100,9,1
1d7fbdc1-b108-4d06-99c4-d900cc089d9d,54,2d2dd33b-464f-42d1-9d96-d0e0a3ab0eb3,Snake2,91,5,0
1d7fbdc1-b108-4d06-99c4-d900cc089d9d,54,5b27ed49-1abe-490c-9398-1f19ae7e68c2,Snake1,81,10,1
1d7fbdc1-b108-4d06-99c4-d900cc089d9d,54,16ac3ff4-a471-4e5c-9893-4edd0fdb5b59,Snake3,56,5,1
1d7fbdc1-b108-4d06-99c4-d900cc089d9d,54,76bb60ca-7481-4e6a-933b-1c811554bae3,Snake4,100,9,1
1d7fbdc1-b108-4d06-99c4-d900cc089d9d,54,2d2dd33b-464f-42d1-9d96-d0e0a3ab0eb3,Snake2,91,5,0
1d7fbdc1-b108-4d06-99c4-d900cc089d9d,54,5b27ed49-1abe-490c-9398-1f19ae7e68c2,Snake1,81,10,1
1d7fbdc1-b108-4d06-99c4-d900cc089d9d,54,16ac3ff4-a471-4e5c-9893-4edd0fdb5b59,Snake3,56,5,1
1d7fbdc1-b108-4d06-99c4-d900cc089d9d,54,76bb60ca-7481-4e6a-933b-1c811554bae3,Snake4,100,9,1
1d7fbdc1-b108-4d06-99c4-d900cc089d9d,54,2d2dd33b-464f-42d1-9d96-d0e0a3ab0eb3,Snake2,91,5,0
1d7fbdc1-b108-4d06-99c4-d900cc089d9d,55,5b27ed49-1abe-490c-9398-1f19ae7e68c2,Snake1,80,10,1
1d7fbdc1-b108-4d06-99c4-d900cc089d9d,55,16ac3ff4-a471-4e5c-9893-4edd0fdb5b59,Snake3,55,5,1
1d7fbdc1-b108-4d06-99c4-d900cc089d9d,55,76bb60ca-7481-4e6a-933b-1c811554bae3,Snake4,100,10,1
1d7fbdc1-b108-4d06-99c4-d900cc089d9d,55,2d2dd33b-464f-42d1-9d96-d0e0a3ab0eb3,Snake2,91,5,0
1d7fbdc1-b108-4d06-99c4-d900cc089d9d,55,5b27ed49-1abe-490c-9398-1f19ae7e68c2,Snake1,80,10,1
1d7fbdc1-b108-4d06-99c4-d900cc089d9d,55,16ac3ff4-a471-4e5c-9893-4edd0fdb5b59,Snake3,55,5,1
1d7fbdc1-b108-4d06-99c4-d900cc089d9d,55,76bb60ca-7481-4e6a-933b-1c811554bae3,Snake4,100,10,1
1d7fbdc1-b108-4d06-99c4-d900cc089d9d,55,2d2dd33b-464f-42d1-9d96-d0e0a3ab0eb3,Snake2,91,5,0
1d7fbdc1-b108-4d06-99c4-d900cc089d9d,55,5b27ed49-1abe-490c-9398-1f19ae7e68c2,Snake1,80,10,1
1d7fbdc1-b108-4d06-99c4-d900cc089d9d,55,16ac3ff4-a471-4e5c-9893-4edd0fdb5b59,Snake3,55,5,1
1d7fbdc1-b108-4d06-99c4-d900cc089d9d,55,76bb60ca-7481-4e6a-933b-1c811554bae3,Snake4,100,10,1
1d7fbdc1-b108-4d06-99c4-d900cc089d9d,55,2d2dd33b-464f-42d1-9d96-d0e0a3ab0eb3,Snake2,91,5,0
1d7fbdc1-b108-4d06-99c4-d900cc089d9d,56,5b27ed49-1abe-490c-9398-1f19ae7e68c2,Snake1,79,10,1
1d7fbdc1-b108-4d06-99c4-d900cc089d9d,56,16ac3ff4-a471-4e5c-9893-4edd0fdb5b59,Snake3,100,6,1
1d7fbdc1-b108-4d06-99c4-d900cc089d9d,56,76bb60ca-7481-4e6a-933b-1c811554bae3,Snake4,99,10,1
1d7fbdc1-b108-4d06-99c4-d900cc089d9d,56,2d2dd33b-464f-42d1-9d96-d0e0a3ab0eb3,Snake2,91,5,0
1d7fbdc1-b108-4d06-99c4-d900cc089d9d,56,5b27ed49-1abe-490c-9398-1f19ae7e68c2,Snake1,79,10,1
1d7fbdc1-b108-4d06-99c4-d900cc089d9d,56,16ac3ff4-a471-4e5c-9893-4edd0fdb5b59,Snake3,100,6,1
1d7fbdc1-b108-4d06-99c4-d900cc089d9d,56,76bb60ca-7481-4e6a-933b-1c811554bae3,Snake4,99,10,1
1d7fbdc1-b108-4d06-99c4-d900cc089d9d,56,2d2dd33b-464f-42d1-9d96-d0e0a3ab0eb3,Snake2,91,5,0
1d7fbdc1-b108-4d06-99c4-d900cc089d9d,56,5b27ed49-1abe-490c-9398-1f19ae7e68c2,Snake1,79,10,1
1d7fbdc1-b108-4d06-99c4-d900cc089d9d,56,16ac3ff4-a471-4e5c-9893-4edd0fdb5b59,Snake3,100,6,1
1d7fbdc1-b108-4d06-99c4-d900cc089d9d,56,76bb60ca-7481-4e6a-933b-1c811554bae3,Snake4,99,10,1
1d7fbdc1-b108-4d06-99c4-d900cc089d9d,56,2d2dd33b-464f-42d1-9d96-d0e0a3ab0eb3,Snake2,91,5,0
1d7fbdc1-b108-4d06-99c4-d900cc089d9d,57,5b27ed49-1abe-490c-9398-1f19ae7e68c2,Snake1,78,10,1
1d7fbdc1-b108-4d06-99c4-d900cc089d9d,57,16ac3ff4-a471-4e5c-9893-4edd0fdb5b59,Snake3,99,6,1
1d7fbdc1-b108-4d06-99c4-d900cc089d9d,57,76bb60ca-7481-4e6a-933b-1c811554bae3,Snake4,98,10,1
1d7fbdc1-b108-4d06-99c4-d900cc089d9d,57,2d2dd33b-464f-42d1-9d96-d0e0a3ab0eb3,Snake2,91,5,0
1d7fbdc1-b108-4d06-99c4-d900cc089d9d,57,5b27ed49-1abe-490c-9398-1f19ae7e68c2,Snake1,78,10,1
1d7fbdc1-b108-4d06-99c4-d900cc089d9d,57,16ac3ff4-a471-4e5c-9893-4edd0fdb5b59,Snake3,99,6,1
1d7fbdc1-b108-4d06-99c4-d900cc089d9d,57,76bb60ca-7481-4e6a-933b-1c811554bae3,Snake4,98,10,1
1d7fbdc1-b108-4d06-99c4-d900cc089d9d,57,2d2dd33b-464f-42d1-9d96-d0e0a3ab0eb3,Snake2,91,5,0
1d7fbdc1-b108-4d06-99c4-d900cc089d9d,57,5b27ed49-1abe-490c-9398-1f19ae7e68c2,Snake1,78,10,1
1d7fbdc1-b108-4d06-99c4-d900cc089d9d,57,16ac3ff4-a471-4e5c-9893-4edd0fdb5b59,Snake3,99,6,1
1d7fbdc1-b108-4d06-99c4-d900cc089d9d,57,76bb60ca-7481-4e6a-933b-1c811554bae3,Snake4,98,10,1
1d7fbdc1-b108-4d06-99c4-d900cc089d9d,57,2d2dd33b-464f-42d1-9d96-d0e0a3ab0eb3,Snake2,91,5,0
1d7fbdc1-b108-4d06-99c4-d900cc089d9d,58,5b27ed49-1abe-490c-9398-1f19ae7e68c2,Snake1,77,10,1
1d7fbdc1-b108-4d06-99c4-d900cc089d9d,58,16ac3ff4-a471-4e5c-9893-4edd0fdb5b59,Snake3,98,6,1
1d7fbdc1-b108-4d06-99c4-d900cc089d9d,58,76bb60ca-7481-4e6a-933b-1c811554bae3,Snake4,97,10,1
1d7fbdc1-b108-4d06-99c4-d900cc089d9d,58,2d2dd33b-464f-42d1-9d96-d0e0a3ab0eb3,Snake2,91,5,0
1d7fbdc1-b108-4d06-99c4-d900cc089d9d,58,5b27ed49-1abe-490c-9398-1f19ae7e68c2,Snake1,77,10,1
1d7fbdc1-b108-4d06-99c4-d900cc089d9d,58,16ac3ff4-a471-4e5c-9893-4edd0fdb5b59,Snake3,98,6,1
1d7fbdc1-b108-4d06-99c4-d900cc089d9d,58,76bb60ca-7481-4e6a-933b-1c811554bae3,Snake4,97,10,1
1d7fbdc1-b108-4d06-99c4-d900cc089d9d,58,2d2dd33b-464f-42d1-9d96-d0e0a3ab0eb3,Snake2,91,5,0
1d7fbdc1-b108-4d06-99c4-d900cc089d9d,59,5b27ed49-1abe-490c-9398-1f19ae7e68c2,Snake1,76,10,1
1d7fbdc1-b108-4d06-99c4-d900cc089d9d,59,16ac3ff4-a471-4e5c-9893-4edd0fdb5b59,Snake3,97,6,1
1d7fbdc1-b108-4d06-99c4-d900cc089d9d,59,76bb60ca-7481-4e6a-933b-1c811554bae3,Snake4,96,10,1
1d7fbdc1-b108-4d06-99c4-d900cc089d9d,59,2d2dd33b-464f-42d1-9d96-d0e0a3ab0eb3,Snake2,91,5,0
1d7fbdc1-b108-4d06-99c4-d900cc089d9d,59,5b27ed49-1abe-490c-9398-1f19ae7e68c2,Snake1,76,10,1
1d7fbdc1-b108-4d06-99c4-d900cc089d9d,59,16ac3ff4-a471-4e5c-9893-4edd0fdb5b59,Snake3,97,6,1
1d7fbdc1-b108-4d06-99c4-d900cc089d9d,59,76bb60ca-7481-4e6a-933b-1c811554bae3,Snake4,96,10,1
1d7fbdc1-b108-4d06-99c4-d900cc089d9d,59,2d2dd33b-464f-42d1-9d96-d0e0a3ab0eb3,Snake2,91,5,0
1d7fbdc1-b108-4d06-99c4-d900cc089d9d,60,5b27ed49-1abe-490c-9398-1f19ae7e68c2,Snake1,75,10,1
1d7fbdc1-b108-4d06-99c4-d900cc089d9d,60,16ac3ff4-a471-4e5c-9893-4edd0fdb5b59,Snake3,96,6,1
1d7fbdc1-b108-4d06-99c4-d900cc089d9d,60,76bb60ca-7481-4e6a-933b-1c811554bae3,Snake4,95,10,1
1d7fbdc1-b108-4d06-99c4-d900cc089d9d,60,2d2dd33b-464f-42d1-9d96-d0e0a3ab0eb3,Snake2,91,5,0
1d7fbdc1-b108-4d06-99c4-d900cc089d9d,61,5b27ed49-1abe-490c-9398-1f19ae7e68c2,Snake1,74,10,1
1d7fbdc1-b108-4d06-99c4-d900cc089d9d,61,16ac3ff4-a471-4e5c-9893-4edd0fdb5b59,Snake3,95,6,1
1d7fbdc1-b108-4d06-99c4-d900cc089d9d,61,76bb60ca-7481-4e6a-933b-1c811554bae3,Snake4,100,11,1
1d7fbdc1-b108-4d06-99c4-d900cc089d9d,61,2d2dd33b-464f-42d1-9d96-d0e0a3ab0eb3,Snake2,91,5,0
1d7fbdc1-b108-4d06-99c4-d900cc089d9d,61,5b27ed49-1abe-490c-9398-1f19ae7e68c2,Snake1,74,10,1
1d7fbdc1-b108-4d06-99c4-d900cc089d9d,61,16ac3ff4-a471-4e5c-9893-4edd0fdb5b59,Snake3,95,6,1
1d7fbdc1-b108-4d06-99c4-d900cc089d9d,61,76bb60ca-7481-4e6a-933b-1c811554bae3,Snake4,100,11,1
1d7fbdc1-b108-4d06-99c4-d900cc089d9d,61,2d2dd33b-464f-42d1-9d96-d0e0a3ab0eb3,Snake2,91,5,0
1d7fbdc1-b108-4d06-99c4-d900cc089d9d,61,5b27ed49-1abe-490c-9398-1f19ae7e68c2,Snake1,74,10,1
1d7fbdc1-b108-4d06-99c4-d900cc089d9d,61,16ac3ff4-a471-4e5c-9893-4edd0fdb5b59,Snake3,95,6,1
1d7fbdc1-b108-4d06-99c4-d900cc089d9d,61,76bb60ca-7481-4e6a-933b-1c811554bae3,Snake4,100,11,1
1d7fbdc1-b108-4d06-99c4-d900cc089d9d,61,2d2dd33b-464f-42d1-9d96-d0e0a3ab0eb3,Snake2,91,5,0
1d7fbdc1-b108-4d06-99c4-d900cc089d9d,62,5b27ed49-1abe-490c-9398-1f19ae7e68c2,Snake1,73,10,1
1d7fbdc1-b108-4d06-99c4-d900cc089d9d,62,16ac3ff4-a471-4e5c-9893-4edd0fdb5b59,Snake3,94,6,1
1d7fbdc1-b108-4d06-99c4-d900cc089d9d,62,76bb60ca-7481-4e6a-933b-1c811554bae3,Snake4,99,11,1
1d7fbdc1-b108-4d06-99c4-d900cc089d9d,62,2d2dd33b-464f-42d1-9d96-d0e0a3ab0eb3,Snake2,91,5,0
1d7fbdc1-b108-4d06-99c4-d900cc089d9d,62,5b27ed49-1abe-490c-9398-1f19ae7e68c2,Snake1,73,10,1
1d7fbdc1-b108-4d06-99c4-d900cc089d9d,62,16ac3ff4-a471-4e5c-9893-4edd0fdb5b59,Snake3,94,6,1
1d7fbdc1-b108-4d06-99c4-d900cc089d9d,62,76bb60ca-7481-4e6a-933b-1c811554bae3,Snake4,99,11,1
1d7fbdc1-b108-4d06-99c4-d900cc089d9d,62,2d2dd33b-464f-42d1-9d96-d0e0a3ab0eb3,Snake2,91,5,0
1d7fbdc1-b108-4d06-99c4-d900cc089d9d,62,5b27ed49-1abe-490c-9398-1f19ae7e68c2,Snake1,73,10,1
1d7fbdc1-b108-4d06-99c4-d900cc089d9d,62,16ac3ff4-a471-4e5c-9893-4edd0fdb5b59,Snake3,94,6,1
1d7fbdc1-b108-4d06-99c4-d900cc089d9d,62,76bb60ca-7481-4e6a-933b-1c811554bae3,Snake4,99,11,1
1d7fbdc1-b108-4d06-99c4-d900cc089d9d,62,2d2dd33b-464f-42d1-9d96-d0e0a3ab0eb3,Snake2,91,5,0
1d7fbdc1-b108-4d06-99c4-d900cc089d9d,63,5b27ed49-1abe-490c-9398-1f19ae7e68c2,Snake1,72,10,1
1d7fbdc1-b108-4d06-99c4-d900cc089d9d,63,16ac3ff4-a471-4e5c-9893-4edd0fdb5b59,Snake3,93,6,1
1d7fbdc1-b108-4d06-99c4-d900cc089d9d,63,76bb60ca-7481-4e6a-933b-1c811554bae3,Snake4,98,11,1
1d7fbdc1-b108-4d06-99c4-d900cc089d9d,63,2d2dd33b-464f-42d1-9d96-d0e0a3ab0eb3,Snake2,91,5,0
1d7fbdc1-b108-4d06-99c4-d900cc089d9d,63,5b27ed49-1abe-490c-9398-1f19ae7e68c2,Snake1,72,10,1
1d7fbdc1-b108-4d06-99c4-d900cc089d9d,63,16ac3ff4-a471-4e5c-9893-4edd0fdb5b59,Snake3,93,6,1
1d7fbdc1-b108-4d06-99c4-d900cc089d9d,63,76bb60ca-7481-4e6a-933b-1c811554bae3,Snake4,98,11,1
1d7fbdc1-b108-4d06-99c4-d900cc089d9d,63,2d2dd33b-464f-42d1-9d96-d0e0a3ab0eb3,Snake2,91,5,0
1d7fbdc1-b108-4d06-99c4-d900cc089d9d,63,5b27ed49-1abe-490c-9398-1f19ae7e68c2,Snake1,72,10,1
1d7fbdc1-b108-4d06-99c4-d900cc089d9d,63,16ac3ff4-a471-4e5c-9893-4edd0fdb5b59,Snake3,93,6,1
1d7fbdc1-b108-4d06-99c4-d900cc089d9d,63,76bb60ca-7481-4e6a-933b-1c811554bae3,Snake4,98,11,1
1d7fbdc1-b108-4d06-99c4-d900cc089d9d,63,2d2dd33b-464f-42d1-9d96-d0e0a3ab0eb3,Snake2,91,5,0
1d7fbdc1-b108-4d06-99c4-d900cc089d9d,64,5b27ed49-1abe-490c-9398-1f19ae7e68c2,Snake1,71,10,1
1d7fbdc1-b108-4d06-99c4-d900cc089d9d,64,16ac3ff4-a471-4e5c-9893-4edd0fdb5b59,Snake3,92,6,1
1d7fbdc1-b108-4d06-99c4-d900cc089d9d,64,76bb60ca-7481-4e6a-933b-1c811554bae3,Snake4,97,11,1
1d7fbdc1-b108-4d06-99c4-d900cc089d9d,64,2d2dd33b-464f-42d1-9d96-d0e0a3ab0eb3,Snake2,91,5,0
1d7fbdc1-b108-4d06-99c4-d900cc089d9d,64,5b27ed49-1abe-490c-9398-1f19ae7e68c2,Snake1,71,10,1
1d7fbdc1-b108-4d06-99c4-d900cc089d9d,64,16ac3ff4-a471-4e5c-9893-4edd0fdb5b59,Snake3,92,6,1
1d7fbdc1-b108-4d06-99c4-d900cc089d9d,64,76bb60ca-7481-4e6a-933b-1c811554bae3,Snake4,97,11,1
1d7fbdc1-b108-4d06-99c4-d900cc089d9d,64,2d2dd33b-464f-42d1-9d96-d0e0a3ab0eb3,Snake2,91,5,0
1d7fbdc1-b108-4d06-99c4-d900cc089d9d,64,5b27ed49-1abe-490c-9398-1f19ae7e68c2,Snake1,71,10,1
1d7fbdc1-b108-4d06-99c4-d900cc089d9d,64,16ac3ff4-a471-4e5c-9893-4edd0fdb5b59,Snake3,92,6,1
1d7fbdc1-b108-4d06-99c4-d900cc089d9d,64,76bb60ca-7481-4e6a-933b-1c811554bae3,Snake4,97,11,1
1d7fbdc1-b108-4d06-99c4-d900cc089d9d,64,2d2dd33b-464f-42d1-9d96-d0e0a3ab0eb3,Snake2,91,5,0
1d7fbdc1-b108-4d06-99c4-d900cc089d9d,65,5b27ed49-1abe-490c-9398-1f19ae7e68c2,Snake1,70,10,1
1d7fbdc1-b108-4d06-99c4-d900cc089d9d,65,16ac3ff4-a471-4e5c-9893-4edd0fdb5b59,Snake3,91,6,1
1d7fbdc1-b108-4d06-99c4-d900cc089d9d,65,76bb60ca-7481-4e6a-933b-1c811554bae3,Snake4,96,11,1
1d7fbdc1-b108-4d06-99c4-d900cc089d9d,65,2d2dd33b-464f-42d1-9d96-d0e0a3ab0eb3,Snake2,91,5,0
1d7fbdc1-b108-4d06-99c4-d900cc089d9d,65,5b27ed49-1abe-490c-9398-1f19ae7e68c2,Snake1,70,10,1
1d7fbdc1-b108-4d06-99c4-d900cc089d9d,65,16ac3ff4-a471-4e5c-9893-4edd0fdb5b59,Snake3,91,6,1
1d7fbdc1-b108-4d06-99c4-d900cc089d9d,65,76bb60ca-7481-4e6a-933b-1c811554bae3,Snake4,96,11,1
1d7fbdc1-b108-4d06-99c4-d900cc089d9d,65,2d2dd33b-464f-42d1-9d96-d0e0a3ab0eb3,Snake2,91,5,0
1d7fbdc1-b108-4d06-99c4-d900cc089d9d,65,5b27ed49-1abe-490c-9398-1f19ae7e68c2,Snake1,70,10,1
1d7fbdc1-b108-4d06-99c4-d900cc089d9d,65,16ac3ff4-a471-4e5c-9893-4edd0fdb5b59,Snake3,91,6,1
1d7fbdc1-b108-4d06-99c4-d900cc089d9d,65,76bb60ca-7481-4e6a-933b-1c811554bae3,Snake4,96,11,1
1d7fbdc1-b108-4d06-99c4-d900cc089d9d,65,2d2dd33b-464f-42d1-9d96-d0e0a3ab0eb3,Snake2,91,5,0
1d7fbdc1-b108-4d06-99c4-d900cc089d9d,66,5b27ed49-1abe-490c-9398-1f19ae7e68c2,Snake1,69,10,1
1d7fbdc1-b108-4d06-99c4-d900cc089d9d,66,16ac3ff4-a471-4e5c-9893-4edd0fdb5b59,Snake3,90,6,1
1d7fbdc1-b108-4d06-99c4-d900cc089d9d,66,76bb60ca-7481-4e6a-933b-1c811554bae3,Snake4,95,11,1
1d7fbdc1-b108-4d06-99c4-d900cc089d9d,66,2d2dd33b-464f-42d1-9d96-d0e0a3ab0eb3,Snake2,91,5,0
1d7fbdc1-b108-4d06-99c4-d900cc089d9d,66,5b27ed49-1abe-490c-9398-1f19ae7e68c2,Snake1,69,10,1
1d7fbdc1-b108-4d06-99c4-d900cc089d9d,66,16ac3ff4-a471-4e5c-9893-4edd0fdb5b59,Snake3,90,6,1
1d7fbdc1-b108-4d06-99c4-d900cc089d9d,66,76bb60ca-7481-4e6a-933b-1c811554bae3,Snake4,95,11,1
1d7fbdc1-b108-4d06-99c4-d900cc089d9d,66,2d2dd33b-464f-42d1-9d96-d0e0a3ab0eb3,Snake2,91,5,0
1d7fbdc1-b108-4d06-99c4-d900cc089d9d,66,5b27ed49-1abe-490c-9398-1f19ae7e68c2,Snake1,69,10,1
1d7fbdc1-b108-4d06-99c4-d900cc089d9d,66,16ac3ff4-a471-4e5c-9893-4edd0fdb5b59,Snake3,90,6,1
1d7fbdc1-b108-4d06-99c4-d900cc089d9d,66,76bb60ca-7481-4e6a-933b-1c811554bae3,Snake4,95,11,1
1d7fbdc1-b108-4d06-99c4-d900cc089d9d,66,2d2dd33b-464f-42d1-9d96-d0e0a3ab0eb3,Snake2,91,5,0
1d7fbdc1-b108-4d06-99c4-d900cc089d9d,67,5b27ed49-1abe-490c-9398-1f19ae7e68c2,Snake1,68,10,1
1d7fbdc1-b108-4d06-99c4-d900cc089d9d,67,16ac3ff4-a471-4e5c-9893-4edd0fdb5b59,Snake3,89,6,1
1d7fbdc1-b108-4d06-99c4-d900cc089d9d,67,76bb60ca-7481-4e6a-933b-1c811554bae3,Snake4,94,11,1
1d7fbdc1-b108-4d06-99c4-d900cc089d9d,67,2d2dd33b-464f-42d1-9d96-d0e0a3ab0eb3,Snake2,91,5,0
1d7fbdc1-b108-4d06-99c4-d900cc089d9d,67,5b27ed49-1abe-490c-9398-1f19ae7e68c2,Snake1,68,10,1
1d7fbdc1-b108-4d06-99c4-d900cc089d9d,67,16ac3ff4-a471-4e5c-9893-4edd0fdb5b59,Snake3,89,6,1
1d7fbdc1-b108-4d06-99c4-d900cc089d9d,67,76bb60ca-7481-4e6a-933b-1c811554bae3,Snake4,94,11,1
1d7fbdc1-b108-4d06-99c4-d900cc089d9d,67,2d2dd33b-464f-42d1-9d96-d0e0a3ab0eb3,Snake2,91,5,0
1d7fbdc1-b108-4d06-99c4-d900cc089d9d,68,5b27ed49-1abe-490c-9398-1f19ae7e68c2,Snake1,67,10,1
1d7fbdc1-b108-4d06-99c4-d900cc089d9d,68,16ac3ff4-a471-4e5c-9893-4edd0fdb5b59,Snake3,88,6,1
1d7fbdc1-b108-4d06-99c4-d900cc089d9d,68,76bb60ca-7481-4e6a-933b-1c811554bae3,Snake4,93,11,1
1d7fbdc1-b108-4d06-99c4-d900cc089d9d,68,2d2dd33b-464f-42d1-9d96-d0e0a3ab0eb3,Snake2,91,5,0
1d7fbdc1-b108-4d06-99c4-d900cc089d9d,68,5b27ed49-1abe-490c-9398-1f19ae7e68c2,Snake1,67,10,1
1d7fbdc1-b108-4d06-99c4-d900cc089d9d,68,16ac3ff4-a471-4e5c-9893-4edd0fdb5b59,Snake3,88,6,1
1d7fbdc1-b108-4d06-99c4-d900cc089d9d,68,76bb60ca-7481-4e6a-933b-1c811554bae3,Snake4,93,11,1
1d7fbdc1-b108-4d06-99c4-d900cc089d9d,68,2d2dd33b-464f-42d1-9d96-d0e0a3ab0eb3,Snake2,91,5,0
1d7fbdc1-b108-4d06-99c4-d900cc089d9d,68,5b27ed49-1abe-490c-9398-1f19ae7e68c2,Snake1,67,10,1
1d7fbdc1-b108-4d06-99c4-d900cc089d9d,68,16ac3ff4-a471-4e5c-9893-4edd0fdb5b59,Snake3,88,6,1
1d7fbdc1-b108-4d06-99c4-d900cc089d9d,68,76bb60ca-7481-4e6a-933b-1c811554bae3,Snake4,93,11,1
1d7fbdc1-b108-4d06-99c4-d900cc089d9d,68,2d2dd33b-464f-42d1-9d96-d0e0a3ab0eb3,Snake2,91,5,0
1d7fbdc1-b108-4d06-99c4-d900cc089d9d,69,5b27ed49-1abe-490c-9398-1f19ae7e68c2,Snake1,66,10,1
1d7fbdc1-b108-4d06-99c4-d900cc089d9d,69,16ac3ff4-a471-4e5c-9893-4edd0fdb5b59,Snake3,87,6,1
1d7fbdc1-b108-4d06-99c4-d900cc089d9d,69,76bb60ca-7481-4e6a-933b-1c811554bae3,Snake4,92,11,1
1d7fbdc1-b108-4d06-99c4-d900cc089d9d,69,2d2dd33b-464f-42d1-9d96-d0e0a3ab0eb3,Snake2,91,5,0
1d7fbdc1-b108-4d06-99c4-d900cc089d9d,69,5b27ed49-1abe-490c-9398-1f19ae7e68c2,Snake1,66,10,1
1d7fbdc1-b108-4d06-99c4-d900cc089d9d,69,16ac3ff4-a471-4e5c-9893-4edd0fdb5b59,Snake3,87,6,1
1d7fbdc1-b108-4d06-99c4-d900cc089d9d,69,76bb60ca-7481-4e6a-933b-1c811554bae3,Snake4,92,11,1
1d7fbdc1-b108-4d06-99c4-d900cc089d9d,69,2d2dd33b-464f-42d1-9d96-d0e0a3ab0eb3,Snake2,91,5,0
1d7fbdc1-b108-4d06-99c4-d900cc089d9d,69,5b27ed49-1abe-490c-9398-1f19ae7e68c2,Snake1,66,10,1
1d7fbdc1-b108-4d06-99c4-d900cc089d9d,69,16ac3ff4-a471-4e5c-9893-4edd0fdb5b59,Snake3,87,6,1
1d7fbdc1-b108-4d06-99c4-d900cc089d9d,69,76bb60ca-7481-4e6a-933b-1c811554bae3,Snake4,92,11,1
1d7fbdc1-b108-4d06-99c4-d900cc089d9d,69,2d2dd33b-464f-42d1-9d96-d0e0a3ab0eb3,Snake2,91,5,0
1d7fbdc1-b108-4d06-99c4-d900cc089d9d,70,5b27ed49-1abe-490c-9398-1f19ae7e68c2,Snake1,65,10,1
1d7fbdc1-b108-4d06-99c4-d900cc089d9d,70,16ac3ff4-a471-4e5c-9893-4edd0fdb5b59,Snake3,86,6,1
1d7fbdc1-b108-4d06-99c4-d900cc089d9d,70,76bb60ca-7481-4e6a-933b-1c811554bae3,Snake4,91,11,1
1d7fbdc1-b108-4d06-99c4-d900cc089d9d,70,2d2dd33b-464f-42d1-9d96-d0e0a3ab0eb3,Snake2,91,5,0
1d7fbdc1-b108-4d06-99c4-d900cc089d9d,70,5b27ed49-1abe-490c-9398-1f19ae7e68c2,Snake1,65,10,1
1d7fbdc1-b108-4d06-99c4-d900cc089d9d,70,16ac3ff4-a471-4e5c-9893-4edd0fdb5b59,Snake3,86,6,1
1d7fbdc1-b108-4d06-99c4-d900cc089d9d,70,76bb60ca-7481-4e6a-933b-1c811554bae3,Snake4,91,11,1
1d7fbdc1-b108-4d06-99c4-d900cc089d9d,70,2d2dd33b-464f-42d1-9d96-d0e0a3ab0eb3,Snake2,91,5,0
1d7fbdc1-b108-4d06-99c4-d900cc089d9d,70,5b27ed49-1abe-490c-9398-1f19ae7e68c2,Snake1,65,10,1
1d7fbdc1-b108-4d06-99c4-d900cc089d9d,70,16ac3ff4-a471-4e5c-9893-4edd0fdb5b59,Snake3,86,6,1
1d7fbdc1-b108-4d06-99c4-d900cc089d9d,70,76bb60ca-7481-4e6a-933b-1c811554bae3,Snake4,91,11,1
1d7fbdc1-b108-4d06-99c4-d900cc089d9d,70,2d2dd33b-464f-42d1-9d96-d0e0a3ab0eb3,Snake2,91,5,0
1d7fbdc1-b108-4d06-99c4-d900cc089d9d,71,5b27ed49-1abe-490c-9398-1f19ae7e68c2,Snake1,64,10,1
1d7fbdc1-b108-4d06-99c4-d900cc089d9d,71,16ac3ff4-a471-4e5c-9893-4edd0fdb5b59,Snake3,85,6,1
1d7fbdc1-b108-4d06-99c4-d900cc089d9d,71,76bb60ca-7481-4e6a-933b-1c811554bae3,Snake4,90,11,1
1d7fbdc1-b108-4d06-99c4-d900cc089d9d,71,2d2dd33b-464f-42d1-9d96-d0e0a3ab0eb3,Snake2,91,5,0
1d7fbdc1-b108-4d06-99c4-d900cc089d9d,71,5b27ed49-1abe-490c-9398-1f19ae7e68c2,Snake1,64,10,1
1d7fbdc1-b108-4d06-99c4-d900cc089d9d,71,16ac3ff4-a471-4e5c-9893-4edd0fdb5b59,Snake3,85,6,1
1d7fbdc1-b108-4d06-99c4-d900cc089d9d,71,76bb60ca-7481-4e6a-933b-1c811554bae3,Snake4,90,11,1
1d7fbdc1-b108-4d06-99c4-d900cc089d9d,71,2d2dd33b-464f-42d1-9d96-d0e0a3ab0eb3,Snake2,91,5,0
1d7fbdc1-b108-4d06-99c4-d900cc089d9d,71,5b27ed49-1abe-490c-9398-1f19ae7e68c2,Snake1,64,10,1
1d7fbdc1-b108-4d06-99c4-d900cc089d9d,71,16ac3ff4-a471-4e5c-9893-4edd0fdb5b59,Snake3,85,6,1
1d7fbdc1-b108-4d06-99c4-d900cc089d9d,71,76bb60ca-7481-4e6a-933b-1c811554bae3,Snake4,90,11,1
1d7fbdc1-b108-4d06-99c4-d900cc089d9d,71,2d2dd33b-464f-42d1-9d96-d0e0a3ab0eb3,Snake2,91,5,0
1d7fbdc1-b108-4d06-99c4-d900cc089d9d,72,5b27ed49-1abe-490c-9398-1f19ae7e68c2,Snake1,63,10,1
1d7fbdc1-b108-4d06-99c4-d900cc089d9d,72,16ac3ff4-a471-4e5c-9893-4edd0fdb5b59,Snake3,84,6,1
1d7fbdc1-b108-4d06-99c4-d900cc089d9d,72,76bb60ca-7481-4e6a-933b-1c811554bae3,Snake4,89,11,1
1d7fbdc1-b108-4d06-99c4-d900cc089d9d,72,2d2dd33b-464f-42d1-9d96-d0e0a3ab0eb3,Snake2,91,5,0
1d7fbdc1-b108-4d06-99c4-d900cc089d9d,72,5b27ed49-1abe-490c-9398-1f19ae7e68c2,Snake1,63,10,1
1d7fbdc1-b108-4d06-99c4-d900cc089d9d,72,16ac3ff4-a471-4e5c-9893-4edd0fdb5b59,Snake3,84,6,1
1d7fbdc1-b108-4d06-99c4-d900cc089d9d,72,76bb60ca-7481-4e6a-933b-1c811554bae3,Snake4,89,11,1
1d7fbdc1-b108-4d06-99c4-d900cc089d9d,72,2d2dd33b-464f-42d1-9d96-d0e0a3ab0eb3,Snake2,91,5,0
1d7fbdc1-b108-4d06-99c4-d900cc089d9d,72,5b27ed49-1abe-490c-9398-1f19ae7e68c2,Snake1,63,10,1
1d7fbdc1-b108-4d06-99c4-d900cc089d9d,72,16ac3ff4-a471-4e5c-9893-4edd0fdb5b59,Snake3,84,6,1
1d7fbdc1-b108-4d06-99c4-d900cc089d9d,72,76bb60ca-7481-4e6a-933b-1c811554bae3,Snake4,89,11,1
1d7fbdc1-b108-4d06-99c4-d900cc089d9d,72,2d2dd33b-464f-42d1-9d96-d0e0a3ab0eb3,Snake2,91,5,0
1d7fbdc1-b108-4d06-99c4-d900cc089d9d,73,5b27ed49-1abe-490c-9398-1f19ae7e68c2,Snake1,62,10,1
1d7fbdc1-b108-4d06-99c4-d900cc089d9d,73,16ac3ff4-a471-4e5c-9893-4edd0fdb5b59,Snake3,83,6,1
1d7fbdc1-b108-4d06-99c4-d900cc089d9d,73,76bb60ca-7481-4e6a-933b-1c811554bae3,Snake4,88,11,1
1d7fbdc1-b108-4d06-99c4-d900cc089d9d,73,2d2dd33b-464f-42d1-9d96-d0e0a3ab0eb3,Snake2,91,5,0
1d7fbdc1-b108-4d06-99c4-d900cc089d9d,73,5b27ed49-1abe-490c-9398-1f19ae7e68c2,Snake1,62,10,1
1d7fbdc1-b108-4d06-99c4-d900cc089d9d,73,16ac3ff4-a471-4e5c-9893-4edd0fdb5b59,Snake3,83,6,1
1d7fbdc1-b108-4d06-99c4-d900cc089d9d,73,76bb60ca-7481-4e6a-933b-1c811554bae3,Snake4,88,11,1
1d7fbdc1-b108-4d06-99c4-d900cc089d9d,73,2d2dd33b-464f-42d1-9d96-d0e0a3ab0eb3,Snake2,91,5,0
1d7fbdc1-b108-4d06-99c4-d900cc089d9d,73,5b27ed49-1abe-490c-9398-1f19ae7e68c2,Snake1,62,10,1
1d7fbdc1-b108-4d06-99c4-d900cc089d9d,73,16ac3ff4-a471-4e5c-9893-4edd0fdb5b59,Snake3,83,6,1
1d7fbdc1-b108-4d06-99c4-d900cc089d9d,73,76bb60ca-7481-4e6a-933b-1c811554bae3,Snake4,88,11,1
1d7fbdc1-b108-4d06-99c4-d900cc089d9d,73,2d2dd33b-464f-42d1-9d96-d0e0a3ab0eb3,Snake2,91,5,0
1d7fbdc1-b108-4d06-99c4-d900cc089d9d,74,5b27ed49-1abe-490c-9398-1f19ae7e68c2,Snake1,61,10,1
1d7fbdc1-b108-4d06-99c4-d900cc089d9d,74,16ac3ff4-a471-4e5c-9893-4edd0fdb5b59,Snake3,82,6,1
1d7fbdc1-b108-4d06-99c4-d900cc089d9d,74,76bb60ca-7481-4e6a-933b-1c811554bae3,Snake4,87,11,1
1d7fbdc1-b108-4d06-99c4-d900cc089d9d,74,2d2dd33b-464f-42d1-9d96-d0e0a3ab0eb3,Snake2,91,5,0
1d7fbdc1-b108-4d06-99c4-d900cc089d9d,74,5b27ed49-1abe-490c-9398-1f19ae7e68c2,Snake1,61,10,1
1d7fbdc1-b108-4d06-99c4-d900cc089d9d,74,16ac3ff4-a471-4e5c-9893-4edd0fdb5b59,Snake3,82,6,1
1d7fbdc1-b108-4d06-99c4-d900cc089d9d,74,76bb60ca-7481-4e6a-933b-1c811554bae3,Snake4,87,11,1
1d7fbdc1-b108-4d06-99c4-d900cc089d9d,74,2d2dd33b-464f-42d1-9d96-d0e0a3ab0eb3,Snake2,91,5,0
1d7fbdc1-b108-4d06-99c4-d900cc089d9d,75,5b27ed49-1abe-490c-9398-1f19ae7e68c2,Snake1,60,10,1
1d7fbdc1-b108-4d06-99c4-d900cc089d9d,75,16ac3ff4-a471-4e5c-9893-4edd0fdb5b59,Snake3,81,6,1
1d7fbdc1-b108-4d06-99c4-d900cc089d9d,75,76bb60ca-7481-4e6a-933b-1c811554bae3,Snake4,86,11,1
1d7fbdc1-b108-4d06-99c4-d900cc089d9d,75,2d2dd33b-464f-42d1-9d96-d0e0a3ab0eb3,Snake2,91,5,0
1d7fbdc1-b108-4d06-99c4-d900cc089d9d,75,5b27ed49-1abe-490c-9398-1f19ae7e68c2,Snake1,60,10,1
1d7fbdc1-b108-4d06-99c4-d900cc089d9d,75,16ac3ff4-a471-4e5c-9893-4edd0fdb5b59,Snake3,81,6,1
1d7fbdc1-b108-4d06-99c4-d900cc089d9d,75,76bb60ca-7481-4e6a-933b-1c811554bae3,Snake4,86,11,1
1d7fbdc1-b108-4d06-99c4-d900cc089d9d,75,2d2dd33b-464f-42d1-9d96-d0e0a3ab0eb3,Snake2,91,5,0
1d7fbdc1-b108-4d06-99c4-d900cc089d9d,76,5b27ed49-1abe-490c-9398-1f19ae7e68c2,Snake1,59,10,1
1d7fbdc1-b108-4d06-99c4-d900cc089d9d,76,16ac3ff4-a471-4e5c-9893-4edd0fdb5b59,Snake3,80,6,1
1d7fbdc1-b108-4d06-99c4-d900cc089d9d,76,76bb60ca-7481-4e6a-933b-1c811554bae3,Snake4,85,11,1
1d7fbdc1-b108-4d06-99c4-d900cc089d9d,76,2d2dd33b-464f-42d1-9d96-d0e0a3ab0eb3,Snake2,91,5,0
1d7fbdc1-b108-4d06-99c4-d900cc089d9d,76,5b27ed49-1abe-490c-9398-1f19ae7e68c2,Snake1,59,10,1
1d7fbdc1-b108-4d06-99c4-d900cc089d9d,76,16ac3ff4-a471-4e5c-9893-4edd0fdb5b59,Snake3,80,6,1
1d7fbdc1-b108-4d06-99c4-d900cc089d9d,76,76bb60ca-7481-4e6a-933b-1c811554bae3,Snake4,85,11,1
1d7fbdc1-b108-4d06-99c4-d900cc089d9d,76,2d2dd33b-464f-42d1-9d96-d0e0a3ab0eb3,Snake2,91,5,0
1d7fbdc1-b108-4d06-99c4-d900cc089d9d,77,5b27ed49-1abe-490c-9398-1f19ae7e68c2,Snake1,58,10,1
1d7fbdc1-b108-4d06-99c4-d900cc089d9d,77,16ac3ff4-a471-4e5c-9893-4edd0fdb5b59,Snake3,100,7,1
1d7fbdc1-b108-4d06-99c4-d900cc089d9d,77,76bb60ca-7481-4e6a-933b-1c811554bae3,Snake4,84,11,1
1d7fbdc1-b108-4d06-99c4-d900cc089d9d,77,2d2dd33b-464f-42d1-9d96-d0e0a3ab0eb3,Snake2,91,5,0
1d7fbdc1-b108-4d06-99c4-d900cc089d9d,77,5b27ed49-1abe-490c-9398-1f19ae7e68c2,Snake1,58,10,1
1d7fbdc1-b108-4d06-99c4-d900cc089d9d,77,16ac3ff4-a471-4e5c-9893-4edd0fdb5b59,Snake3,100,7,1
1d7fbdc1-b108-4d06-99c4-d900cc089d9d,77,76bb60ca-7481-4e6a-933b-1c811554bae3,Snake4,84,11,1
1d7fbdc1-b108-4d06-99c4-d900cc089d9d,77,2d2dd33b-464f-42d1-9d96-d0e0a3ab0eb3,Snake2,91,5,0
1d7fbdc1-b108-4d06-99c4-d900cc089d9d,77,5b27ed49-1abe-490c-9398-1f19ae7e68c2,Snake1,58,10,1
1d7fbdc1-b108-4d06-99c4-d900cc089d9d,77,16ac3ff4-a471-4e5c-9893-4edd0fdb5b59,Snake3,100,7,1
1d7fbdc1-b108-4d06-99c4-d900cc089d9d,77,76bb60ca-7481-4e6a-933b-1c811554bae3,Snake4,84,11,1
1d7fbdc1-b108-4d06-99c4-d900cc089d9d,77,2d2dd33b-464f-42d1-9d96-d0e0a3ab0eb3,Snake2,91,5,0
1d7fbdc1-b108-4d06-99c4-d900cc089d9d,78,5b27ed49-1abe-490c-9398-1f19ae7e68c2,Snake1,57,10,1
1d7fbdc1-b108-4d06-99c4-d900cc089d9d,78,16ac3ff4-a471-4e5c-9893-4edd0fdb5b59,Snake3,99,7,1
1d7fbdc1-b108-4d06-99c4-d900cc089d9d,78,76bb60ca-7481-4e6a-933b-1c811554bae3,Snake4,83,11,1
1d7fbdc1-b108-4d06-99c4-d900cc089d9d,78,2d2dd33b-464f-42d1-9d96-d0e0a3ab0eb3,Snake2,91,5,0
1d7fbdc1-b108-4d06-99c4-d900cc089d9d,78,5b27ed49-1abe-490c-9398-1f19ae7e68c2,Snake1,57,10,1
1d7fbdc1-b108-4d06-99c4-d900cc089d9d,78,16ac3ff4-a471-4e5c-9893-4edd0fdb5b59,Snake3,99,7,1
1d7fbdc1-b108-4d06-99c4-d900cc089d9d,78,76bb60ca-7481-4e6a-933b-1c811554bae3,Snake4,83,11,1
1d7fbdc1-b108-4d06-99c4-d900cc089d9d,78,2d2dd33b-464f-42d1-9d96-d0e0a3ab0eb3,Snake2,91,5,0
1d7fbdc1-b108-4d06-99c4-d900cc089d9d,78,5b27ed49-1abe-490c-9398-1f19ae7e68c2,Snake1,57,10,1
1d7fbdc1-b108-4d06-99c4-d900cc089d9d,78,16ac3ff4-a471-4e5c-9893-4edd0fdb5b59,Snake3,99,7,1
1d7fbdc1-b108-4d06-99c4-d900cc089d9d,78,76bb60ca-7481-4e6a-933b-1c811554bae3,Snake4,83,11,1
1d7fbdc1-b108-4d06-99c4-d900cc089d9d,78,2d2dd33b-464f-42d1-9d96-d0e0a3ab0eb3,Snake2,91,5,0
1d7fbdc1-b108-4d06-99c4-d900cc089d9d,79,5b27ed49-1abe-490c-9398-1f19ae7e68c2,Snake1,56,10,1
1d7fbdc1-b108-4d06-99c4-d900cc089d9d,79,16ac3ff4-a471-4e5c-9893-4edd0fdb5b59,Snake3,98,7,1
1d7fbdc1-b108-4d06-99c4-d900cc089d9d,79,76bb60ca-7481-4e6a-933b-1c811554bae3,Snake4,82,11,1
1d7fbdc1-b108-4d06-99c4-d900cc089d9d,79,2d2dd33b-464f-42d1-9d96-d0e0a3ab0eb3,Snake2,91,5,0
1d7fbdc1-b108-4d06-99c4-d900cc089d9d,79,5b27ed49-1abe-490c-9398-1f19ae7e68c2,Snake1,56,10,1
1d7fbdc1-b108-4d06-99c4-d900cc089d9d,79,16ac3ff4-a471-4e5c-9893-4edd0fdb5b59,Snake3,98,7,1
1d7fbdc1-b108-4d06-99c4-d900cc089d9d,79,76bb60ca-7481-4e6a-933b-1c811554bae3,Snake4,82,11,1
1d7fbdc1-b108-4d06-99c4-d900cc089d9d,79,2d2dd33b-464f-42d1-9d96-d0e0a3ab0eb3,Snake2,91,5,0
1d7fbdc1-b108-4d06-99c4-d900cc089d9d,79,5b27ed49-1abe-490c-9398-1f19ae7e68c2,Snake1,56,10,1
1d7fbdc1-b108-4d06-99c4-d900cc089d9d,79,16ac3ff4-a471-4e5c-9893-4edd0fdb5b59,Snake3,98,7,1
1d7fbdc1-b108-4d06-99c4-d900cc089d9d,79,76bb60ca-7481-4e6a-933b-1c811554bae3,Snake4,82,11,1
1d7fbdc1-b108-4d06-99c4-d900cc089d9d,79,2d2dd33b-464f-42d1-9d96-d0e0a3ab0eb3,Snake2,91,5,0
1d7fbdc1-b108-4d06-99c4-d900cc089d9d,80,5b27ed49-1abe-490c-9398-1f19ae7e68c2,Snake1,55,10,1
1d7fbdc1-b108-4d06-99c4-d900cc089d9d,80,16ac3ff4-a471-4e5c-9893-4edd0fdb5b59,Snake3,97,7,1
1d7fbdc1-b108-4d06-99c4-d900cc089d9d,80,76bb60ca-7481-4e6a-933b-1c811554bae3,Snake4,81,11,1
1d7fbdc1-b108-4d06-99c4-d900cc089d9d,80,2d2dd33b-464f-42d1-9d96-d0e0a3ab0eb3,Snake2,91,5,0
1d7fbdc1-b108-4d06-99c4-d900cc089d9d,80,5b27ed49-1abe-490c-9398-1f19ae7e68c2,Snake1,55,10,1
1d7fbdc1-b108-4d06-99c4-d900cc089d9d,80,16ac3ff4-a471-4e5c-9893-4edd0fdb5b59,Snake3,97,7,1
1d7fbdc1-b108-4d06-99c4-d900cc089d9d,80,76bb60ca-7481-4e6a-933b-1c811554bae3,Snake4,81,11,1
1d7fbdc1-b108-4d06-99c4-d900cc089d9d,80,2d2dd33b-464f-42d1-9d96-d0e0a3ab0eb3,Snake2,91,5,0
1d7fbdc1-b108-4d06-99c4-d900cc089d9d,80,5b27ed49-1abe-490c-9398-1f19ae7e68c2,Snake1,55,10,1
1d7fbdc1-b108-4d06-99c4-d900cc089d9d,80,16ac3ff4-a471-4e5c-9893-4edd0fdb5b59,Snake3,97,7,1
1d7fbdc1-b108-4d06-99c4-d900cc089d9d,80,76bb60ca-7481-4e6a-933b-1c811554bae3,Snake4,81,11,1
1d7fbdc1-b108-4d06-99c4-d900cc089d9d,80,2d2dd33b-464f-42d1-9d96-d0e0a3ab0eb3,Snake2,91,5,0
1d7fbdc1-b108-4d06-99c4-d900cc089d9d,81,5b27ed49-1abe-490c-9398-1f19ae7e68c2,Snake1,54,10,1
1d7fbdc1-b108-4d06-99c4-d900cc089d9d,81,16ac3ff4-a471-4e5c-9893-4edd0fdb5b59,Snake3,96,7,1
1d7fbdc1-b108-4d06-99c4-d900cc089d9d,81,76bb60ca-7481-4e6a-933b-1c811554bae3,Snake4,80,11,1
1d7fbdc1-b108-4d06-99c4-d900cc089d9d,81,2d2dd33b-464f-42d1-9d96-d0e0a3ab0eb3,Snake2,91,5,0
1d7fbdc1-b108-4d06-99c4-d900cc089d9d,81,5b27ed49-1abe-490c-9398-1f19ae7e68c2,Snake1,54,10,1
1d7fbdc1-b108-4d06-99c4-d900cc089d9d,81,16ac3ff4-a471-4e5c-9893-4edd0fdb5b59,Snake3,96,7,1
1d7fbdc1-b108-4d06-99c4-d900cc089d9d,81,76bb60ca-7481-4e6a-933b-1c811554bae3,Snake4,80,11,1
1d7fbdc1-b108-4d06-99c4-d900cc089d9d,81,2d2dd33b-464f-42d1-9d96-d0e0a3ab0eb3,Snake2,91,5,0
1d7fbdc1-b108-4d06-99c4-d900cc089d9d,81,5b27ed49-1abe-490c-9398-1f19ae7e68c2,Snake1,54,10,1
1d7fbdc1-b108-4d06-99c4-d900cc089d9d,81,16ac3ff4-a471-4e5c-9893-4edd0fdb5b59,Snake3,96,7,1
1d7fbdc1-b108-4d06-99c4-d900cc089d9d,81,76bb60ca-7481-4e6a-933b-1c811554bae3,Snake4,80,11,1
1d7fbdc1-b108-4d06-99c4-d900cc089d9d,81,2d2dd33b-464f-42d1-9d96-d0e0a3ab0eb3,Snake2,91,5,0
1d7fbdc1-b108-4d06-99c4-d900cc089d9d,82,5b27ed49-1abe-490c-9398-1f19ae7e68c2,Snake1,53,10,1
1d7fbdc1-b108-4d06-99c4-d900cc089d9d,82,16ac3ff4-a471-4e5c-9893-4edd0fdb5b59,Snake3,95,7,1
1d7fbdc1-b108-4d06-99c4-d900cc089d9d,82,76bb60ca-7481-4e6a-933b-1c811554bae3,Snake4,79,11,1
1d7fbdc1-b108-4d06-99c4-d900cc089d9d,82,2d2dd33b-464f-42d1-9d96-d0e0a3ab0eb3,Snake2,91,5,0
1d7fbdc1-b108-4d06-99c4-d900cc089d9d,82,5b27ed49-1abe-490c-9398-1f19ae7e68c2,Snake1,53,10,1
1d7fbdc1-b108-4d06-99c4-d900cc089d9d,82,16ac3ff4-a471-4e5c-9893-4edd0fdb5b59,Snake3,95,7,1
1d7fbdc1-b108-4d06-99c4-d900cc089d9d,82,76bb60ca-7481-4e6a-933b-1c811554bae3,Snake4,79,11,1
1d7fbdc1-b108-4d06-99c4-d900cc089d9d,82,2d2dd33b-464f-42d1-9d96-d0e0a3ab0eb3,Snake2,91,5,0
1d7fbdc1-b108-4d06-99c4-d900cc089d9d,82,5b27ed49-1abe-490c-9398-1f19ae7e68c2,Snake1,53,10,1
1d7fbdc1-b108-4d06-99c4-d900cc089d9d,82,16ac3ff4-a471-4e5c-9893-4edd0fdb5b59,Snake3,95,7,1
1d7fbdc1-b108-4d06-99c4-d900cc089d9d,82,76bb60ca-7481-4e6a-933b-1c811554bae3,Snake4,79,11,1
1d7fbdc1-b108-4d06-99c4-d900cc089d9d,82,2d2dd33b-464f-42d1-9d96-d0e0a3ab0eb3,Snake2,91,5,0
1d7fbdc1-b108-4d06-99c4-d900cc089d9d,83,5b27ed49-1abe-490c-9398-1f19ae7e68c2,Snake1,52,10,1
1d7fbdc1-b108-4d06-99c4-d900cc089d9d,83,16ac3ff4-a471-4e5c-9893-4edd0fdb5b59,Snake3,94,7,1
1d7fbdc1-b108-4d06-99c4-d900cc089d9d,83,76bb60ca-7481-4e6a-933b-1c811554bae3,Snake4,78,11,1
1d7fbdc1-b108-4d06-99c4-d900cc089d9d,83,2d2dd33b-464f-42d1-9d96-d0e0a3ab0eb3,Snake2,91,5,0
1d7fbdc1-b108-4d06-99c4-d900cc089d9d,83,5b27ed49-1abe-490c-9398-1f19ae7e68c2,Snake1,52,10,1
1d7fbdc1-b108-4d06-99c4-d900cc089d9d,83,16ac3ff4-a471-4e5c-9893-4edd0fdb5b59,Snake3,94,7,1
1d7fbdc1-b108-4d06-99c4-d900cc089d9d,83,76bb60ca-7481-4e6a-933b-1c811554bae3,Snake4,78,11,1
1d7fbdc1-b108-4d06-99c4-d900cc089d9d,83,2d2dd33b-464f-42d1-9d96-d0e0a3ab0eb3,Snake2,91,5,0
1d7fbdc1-b108-4d06-99c4-d900cc089d9d,84,5b27ed49-1abe-490c-9398-1f19ae7e68c2,Snake1,51,10,1
1d7fbdc1-b108-4d06-99c4-d900cc089d9d,84,16ac3ff4-a471-4e5c-9893-4edd0fdb5b59,Snake3,93,7,1
1d7fbdc1-b108-4d06-99c4-d900cc089d9d,84,76bb60ca-7481-4e6a-933b-1c811554bae3,Snake4,77,11,1
1d7fbdc1-b108-4d06-99c4-d900cc089d9d,84,2d2dd33b-464f-42d1-9d96-d0e0a3ab0eb3,Snake2,91,5,0
1d7fbdc1-b108-4d06-99c4-d900cc089d9d,84,5b27ed49-1abe-490c-9398-1f19ae7e68c2,Snake1,51,10,1
1d7fbdc1-b108-4d06-99c4-d900cc089d9d,84,16ac3ff4-a471-4e5c-9893-4edd0fdb5b59,Snake3,93,7,1
1d7fbdc1-b108-4d06-99c4-d900cc089d9d,84,76bb60ca-7481-4e6a-933b-1c811554bae3,Snake4,77,11,1
1d7fbdc1-b108-4d06-99c4-d900cc089d9d,84,2d2dd33b-464f-42d1-9d96-d0e0a3ab0eb3,Snake2,91,5,0
1d7fbdc1-b108-4d06-99c4-d900cc089d9d,84,5b27ed49-1abe-490c-9398-1f19ae7e68c2,Snake1,51,10,1
1d7fbdc1-b108-4d06-99c4-d900cc089d9d,84,16ac3ff4-a471-4e5c-9893-4edd0fdb5b59,Snake3,93,7,1
1d7fbdc1-b108-4d06-99c4-d900cc089d9d,84,76bb60ca-7481-4e6a-933b-1c811554bae3,Snake4,77,11,1
1d7fbdc1-b108-4d06-99c4-d900cc089d9d,84,2d2dd33b-464f-42d1-9d96-d0e0a3ab0eb3,Snake2,91,5,0
1d7fbdc1-b108-4d06-99c4-d900cc089d9d,85,5b27ed49-1abe-490c-9398-1f19ae7e68c2,Snake1,50,10,1
1d7fbdc1-b108-4d06-99c4-d900cc089d9d,85,16ac3ff4-a471-4e5c-9893-4edd0fdb5b59,Snake3,92,7,1
1d7fbdc1-b108-4d06-99c4-d900cc089d9d,85,76bb60ca-7481-4e6a-933b-1c811554bae3,Snake4,76,11,1
1d7fbdc1-b108-4d06-99c4-d900cc089d9d,85,2d2dd33b-464f-42d1-9d96-d0e0a3ab0eb3,Snake2,91,5,0
1d7fbdc1-b108-4d06-99c4-d900cc089d9d,85,5b27ed49-1abe-490c-9398-1f19ae7e68c2,Snake1,50,10,1
1d7fbdc1-b108-4d06-99c4-d900cc089d9d,85,16ac3ff4-a471-4e5c-9893-4edd0fdb5b59,Snake3,92,7,1
1d7fbdc1-b108-4d06-99c4-d900cc089d9d,85,76bb60ca-7481-4e6a-933b-1c811554bae3,Snake4,76,11,1
1d7fbdc1-b108-4d06-99c4-d900cc089d9d,85,2d2dd33b-464f-42d1-9d96-d0e0a3ab0eb3,Snake2,91,5,0
1d7fbdc1-b108-4d06-99c4-d900cc089d9d,85,5b27ed49-1abe-490c-9398-1f19ae7e68c2,Snake1,50,10,1
1d7fbdc1-b108-4d06-99c4-d900cc089d9d,85,16ac3ff4-a471-4e5c-9893-4edd0fdb5b59,Snake3,92,7,1
1d7fbdc1-b108-4d06-99c4-d900cc089d9d,85,76bb60ca-7481-4e6a-933b-1c811554bae3,Snake4,76,11,1
1d7fbdc1-b108-4d06-99c4-d900cc089d9d,85,2d2dd33b-464f-42d1-9d96-d0e0a3ab0eb3,Snake2,91,5,0
1d7fbdc1-b108-4d06-99c4-d900cc089d9d,86,5b27ed49-1abe-490c-9398-1f19ae7e68c2,Snake1,49,10,1
1d7fbdc1-b108-4d06-99c4-d900cc089d9d,86,16ac3ff4-a471-4e5c-9893-4edd0fdb5b59,Snake3,91,7,1
1d7fbdc1-b108-4d06-99c4-d900cc089d9d,86,76bb60ca-7481-4e6a-933b-1c811554bae3,Snake4,75,11,1
1d7fbdc1-b108-4d06-99c4-d900cc089d9d,86,2d2dd33b-464f-42d1-9d96-d0e0a3ab0eb3,Snake2,91,5,0
1d7fbdc1-b108-4d06-99c4-d900cc089d9d,86,5b27ed49-1abe-490c-9398-1f19ae7e68c2,Snake1,49,10,1
1d7fbdc1-b108-4d06-99c4-d900cc089d9d,86,16ac3ff4-a471-4e5c-9893-4edd0fdb5b59,Snake3,91,7,1
1d7fbdc1-b108-4d06-99c4-d900cc089d9d,86,76bb60ca-7481-4e6a-933b-1c811554bae3,Snake4,75,11,1
1d7fbdc1-b108-4d06-99c4-d900cc089d9d,86,2d2dd33b-464f-42d1-9d96-d0e0a3ab0eb3,Snake2,91,5,0
1d7fbdc1-b108-4d06-99c4-d900cc089d9d,86,5b27ed49-1abe-490c-9398-1f19ae7e68c2,Snake1,49,10,1
1d7fbdc1-b108-4d06-99c4-d900cc089d9d,86,16ac3ff4-a471-4e5c-9893-4edd0fdb5b59,Snake3,91,7,1
1d7fbdc1-b108-4d06-99c4-d900cc089d9d,86,76bb60ca-7481-4e6a-933b-1c811554bae3,Snake4,75,11,1
1d7fbdc1-b108-4d06-99c4-d900cc089d9d,86,2d2dd33b-464f-42d1-9d96-d0e0a3ab0eb3,Snake2,91,5,0
1d7fbdc1-b108-4d06-99c4-d900cc089d9d,87,5b27ed49-1abe-490c-9398-1f19ae7e68c2,Snake1,48,10,1
1d7fbdc1-b108-4d06-99c4-d900cc089d9d,87,16ac3ff4-a471-4e5c-9893-4edd0fdb5b59,Snake3,90,7,1
1d7fbdc1-b108-4d06-99c4-d900cc089d9d,87,76bb60ca-7481-4e6a-933b-1c811554bae3,Snake4,100,12,1
1d7fbdc1-b108-4d06-99c4-d900cc089d9d,87,2d2dd33b-464f-42d1-9d96-d0e0a3ab0eb3,Snake2,91,5,0
1d7fbdc1-b108-4d06-99c4-d900cc089d9d,87,5b27ed49-1abe-490c-9398-1f19ae7e68c2,Snake1,48,10,1
1d7fbdc1-b108-4d06-99c4-d900cc089d9d,87,16ac3ff4-a471-4e5c-9893-4edd0fdb5b59,Snake3,90,7,1
1d7fbdc1-b108-4d06-99c4-d900cc089d9d,87,76bb60ca-7481-4e6a-933b-1c811554bae3,Snake4,100,12,1
1d7fbdc1-b108-4d06-99c4-d900cc089d9d,87,2d2dd33b-464f-42d1-9d96-d0e0a3ab0eb3,Snake2,91,5,0
1d7fbdc1-b108-4d06-99c4-d900cc089d9d,87,5b27ed49-1abe-490c-9398-1f19ae7e68c2,Snake1,48,10,1
1d7fbdc1-b108-4d06-99c4-d900cc089d9d,87,16ac3ff4-a471-4e5c-9893-4edd0fdb5b59,Snake3,90,7,1
1d7fbdc1-b108-4d06-99c4-d900cc089d9d,87,76bb60ca-7481-4e6a-933b-1c811554bae3,Snake4,100,12,1
1d7fbdc1-b108-4d06-99c4-d900cc089d9d,87,2d2dd33b-464f-42d1-9d96-d0e0a3ab0eb3,Snake2,91,5,0
1d7fbdc1-b108-4d06-99c4-d900cc089d9d,88,5b27ed49-1abe-490c-9398-1f19ae7e68c2,Snake1,47,10,1
1d7fbdc1-b108-4d06-99c4-d900cc089d9d,88,16ac3ff4-a471-4e5c-9893-4edd0fdb5b59,Snake3,89,7,1
1d7fbdc1-b108-4d06-99c4-d900cc089d9d,88,76bb60ca-7481-4e6a-933b-1c811554bae3,Snake4,99,12,1
1d7fbdc1-b108-4d06-99c4-d900cc089d9d,88,2d2dd33b-464f-42d1-9d96-d0e0a3ab0eb3,Snake2,91,5,0
1d7fbdc1-b108-4d06-99c4-d900cc089d9d,88,5b27ed49-1abe-490c-9398-1f19ae7e68c2,Snake1,47,10,1
1d7fbdc1-b108-4d06-99c4-d900cc089d9d,88,16ac3ff4-a471-4e5c-9893-4edd0fdb5b59,Snake3,89,7,1
1d7fbdc1-b108-4d06-99c4-d900cc089d9d,88,76bb60ca-7481-4e6a-933b-1c811554bae3,Snake4,99,12,1
1d7fbdc1-b108-4d06-99c4-d900cc089d9d,88,2d2dd33b-464f-42d1-9d96-d0e0a3ab0eb3,Snake2,91,5,0
1d7fbdc1-b108-4d06-99c4-d900cc089d9d,88,5b27ed49-1abe-490c-9398-1f19ae7e68c2,Snake1,47,10,1
1d7fbdc1-b108-4d06-99c4-d900cc089d9d,88,16ac3ff4-a471-4e5c-9893-4edd0fdb5b59,Snake3,89,7,1
1d7fbdc1-b108-4d06-99c4-d900cc089d9d,88,76bb60ca-7481-4e6a-933b-1c811554bae3,Snake4,99,12,1
1d7fbdc1-b108-4d06-99c4-d900cc089d9d,88,2d2dd33b-464f-42d1-9d96-d0e0a3ab0eb3,Snake2,91,5,0
1d7fbdc1-b108-4d06-99c4-d900cc089d9d,89,5b27ed49-1abe-490c-9398-1f19ae7e68c2,Snake1,46,10,1
1d7fbdc1-b108-4d06-99c4-d900cc089d9d,89,16ac3ff4-a471-4e5c-9893-4edd0fdb5b59,Snake3,88,7,1
1d7fbdc1-b108-4d06-99c4-d900cc089d9d,89,76bb60ca-7481-4e6a-933b-1c811554bae3,Snake4,98,12,1
1d7fbdc1-b108-4d06-99c4-d900cc089d9d,89,2d2dd33b-464f-42d1-9d96-d0e0a3ab0eb3,Snake2,91,5,0
1d7fbdc1-b108-4d06-99c4-d900cc089d9d,89,5b27ed49-1abe-490c-9398-1f19ae7e68c2,Snake1,46,10,1
1d7fbdc1-b108-4d06-99c4-d900cc089d9d,89,16ac3ff4-a471-4e5c-9893-4edd0fdb5b59,Snake3,88,7,1
1d7fbdc1-b108-4d06-99c4-d900cc089d9d,89,76bb60ca-7481-4e6a-933b-1c811554bae3,Snake4,98,12,1
1d7fbdc1-b108-4d06-99c4-d900cc089d9d,89,2d2dd33b-464f-42d1-9d96-d0e0a3ab0eb3,Snake2,91,5,0
1d7fbdc1-b108-4d06-99c4-d900cc089d9d,90,5b27ed49-1abe-490c-9398-1f19ae7e68c2,Snake1,45,10,1
1d7fbdc1-b108-4d06-99c4-d900cc089d9d,90,16ac3ff4-a471-4e5c-9893-4edd0fdb5b59,Snake3,87,7,1
1d7fbdc1-b108-4d06-99c4-d900cc089d9d,90,76bb60ca-7481-4e6a-933b-1c811554bae3,Snake4,97,12,1
1d7fbdc1-b108-4d06-99c4-d900cc089d9d,90,2d2dd33b-464f-42d1-9d96-d0e0a3ab0eb3,Snake2,91,5,0
1d7fbdc1-b108-4d06-99c4-d900cc089d9d,90,5b27ed49-1abe-490c-9398-1f19ae7e68c2,Snake1,45,10,1
1d7fbdc1-b108-4d06-99c4-d900cc089d9d,90,16ac3ff4-a471-4e5c-9893-4edd0fdb5b59,Snake3,87,7,1
1d7fbdc1-b108-4d06-99c4-d900cc089d9d,90,76bb60ca-7481-4e6a-933b-1c811554bae3,Snake4,97,12,1
1d7fbdc1-b108-4d06-99c4-d900cc089d9d,90,2d2dd33b-464f-42d1-9d96-d0e0a3ab0eb3,Snake2,91,5,0
1d7fbdc1-b108-4d06-99c4-d900cc089d9d,91,5b27ed49-1abe-490c-9398-1f19ae7e68c2,Snake1,44,10,1
1d7fbdc1-b108-4d06-99c4-d900cc089d9d,91,16ac3ff4-a471-4e5c-9893-4edd0fdb5b59,Snake3,86,7,1
1d7fbdc1-b108-4d06-99c4-d900cc089d9d,91,76bb60ca-7481-4e6a-933b-1c811554bae3,Snake4,96,12,1
1d7fbdc1-b108-4d06-99c4-d900cc089d9d,91,2d2dd33b-464f-42d1-9d96-d0e0a3ab0eb3,Snake2,91,5,0
1d7fbdc1-b108-4d06-99c4-d900cc089d9d,91,5b27ed49-1abe-490c-9398-1f19ae7e68c2,Snake1,44,10,1
1d7fbdc1-b108-4d06-99c4-d900cc089d9d,91,16ac3ff4-a471-4e5c-9893-4edd0fdb5b59,Snake3,86,7,1
1d7fbdc1-b108-4d06-99c4-d900cc089d9d,91,76bb60ca-7481-4e6a-933b-1c811554bae3,Snake4,96,12,1
1d7fbdc1-b108-4d06-99c4-d900cc089d9d,91,2d2dd33b-464f-42d1-9d96-d0e0a3ab0eb3,Snake2,91,5,0
1d7fbdc1-b108-4d06-99c4-d900cc089d9d,91,5b27ed49-1abe-490c-9398-1f19ae7e68c2,Snake1,44,10,1
1d7fbdc1-b108-4d06-99c4-d900cc089d9d,91,16ac3ff4-a471-4e5c-9893-4edd0fdb5b59,Snake3,86,7,1
1d7fbdc1-b108-4d06-99c4-d900cc089d9d,91,76bb60ca-7481-4e6a-933b-1c811554bae3,Snake4,96,12,1
1d7fbdc1-b108-4d06-99c4-d900cc089d9d,91,2d2dd33b-464f-42d1-9d96-d0e0a3ab0eb3,Snake2,91,5,0
1d7fbdc1-b108-4d06-99c4-d900cc089d9d,92,5b27ed49-1abe-490c-9398-1f19ae7e68c2,Snake1,43,10,1
1d7fbdc1-b108-4d06-99c4-d900cc089d9d,92,16ac3ff4-a471-4e5c-9893-4edd0fdb5b59,Snake3,85,7,1
1d7fbdc1-b108-4d06-99c4-d900cc089d9d,92,76bb60ca-7481-4e6a-933b-1c811554bae3,Snake4,95,12,1
1d7fbdc1-b108-4d06-99c4-d900cc089d9d,92,2d2dd33b-464f-42d1-9d96-d0e0a3ab0eb3,Snake2,91,5,0
1d7fbdc1-b108-4d06-99c4-d900cc089d9d,92,5b27ed49-1abe-490c-9398-1f19ae7e68c2,Snake1,43,10,1
1d7fbdc1-b108-4d06-99c4-d900cc089d9d,92,16ac3ff4-a471-4e5c-9893-4edd0fdb5b59,Snake3,85,7,1
1d7fbdc1-b108-4d06-99c4-d900cc089d9d,92,76bb60ca-7481-4e6a-933b-1c811554bae3,Snake4,95,12,1
1d7fbdc1-b108-4d06-99c4-d900cc089d9d,92,2d2dd33b-464f-42d1-9d96-d0e0a3ab0eb3,Snake2,91,5,0
1d7fbdc1-b108-4d06-99c4-d900cc089d9d,92,5b27ed49-1abe-490c-9398-1f19ae7e68c2,Snake1,43,10,1
1d7fbdc1-b108-4d06-99c4-d900cc089d9d,92,16ac3ff4-a471-4e5c-9893-4edd0fdb5b59,Snake3,85,7,1
1d7fbdc1-b108-4d06-99c4-d900cc089d9d,92,76bb60ca-7481-4e6a-933b-1c811554bae3,Snake4,95,12,1
1d7fbdc1-b108-4d06-99c4-d900cc089d9d,92,2d2dd33b-464f-42d1-9d96-d0e0a3ab0eb3,Snake2,91,5,0
1d7fbdc1-b108-4d06-99c4-d900cc089d9d,93,5b27ed49-1abe-490c-9398-1f19ae7e68c2,Snake1,42,10,1
1d7fbdc1-b108-4d06-99c4-d900cc089d9d,93,16ac3ff4-a471-4e5c-9893-4edd0fdb5b59,Snake3,84,7,1
1d7fbdc1-b108-4d06-99c4-d900cc089d9d,93,76bb60ca-7481-4e6a-933b-1c811554bae3,Snake4,94,12,1
1d7fbdc1-b108-4d06-99c4-d900cc089d9d,93,2d2dd33b-464f-42d1-9d96-d0e0a3ab0eb3,Snake2,91,5,0
1d7fbdc1-b108-4d06-99c4-d900cc089d9d,93,5b27ed49-1abe-490c-9398-1f19ae7e68c2,Snake1,42,10,1
1d7fbdc1-b108-4d06-99c4-d900cc089d9d,93,16ac3ff4-a471-4e5c-9893-4edd0fdb5b59,Snake3,84,7,1
1d7fbdc1-b108-4d06-99c4-d900cc089d9d,93,76bb60ca-7481-4e6a-933b-1c811554bae3,Snake4,94,12,1
1d7fbdc1-b108-4d06-99c4-d900cc089d9d,93,2d2dd33b-464f-42d1-9d96-d0e0a3ab0eb3,Snake2,91,5,0
1d7fbdc1-b108-4d06-99c4-d900cc089d9d,93,5b27ed49-1abe-490c-9398-1f19ae7e68c2,Snake1,42,10,1
1d7fbdc1-b108-4d06-99c4-d900cc089d9d,93,16ac3ff4-a471-4e5c-9893-4edd0fdb5b59,Snake3,84,7,1
1d7fbdc1-b108-4d06-99c4-d900cc089d9d,93,76bb60ca-7481-4e6a-933b-1c811554bae3,Snake4,94,12,1
1d7fbdc1-b108-4d06-99c4-d900cc089d9d,93,2d2dd33b-464f-42d1-9d96-d0e0a3ab0eb3,Snake2,91,5,0
1d7fbdc1-b108-4d06-99c4-d900cc089d9d,94,5b27ed49-1abe-490c-9398-1f19ae7e68c2,Snake1,41,10,1
1d7fbdc1-b108-4d06-99c4-d900cc089d9d,94,16ac3ff4-a471-4e5c-9893-4edd0fdb5b59,Snake3,83,7,1
1d7fbdc1-b108-4d06-99c4-d900cc089d9d,94,76bb60ca-7481-4e6a-933b-1c811554bae3,Snake4,93,12,1
1d7fbdc1-b108-4d06-99c4-d900cc089d9d,94,2d2dd33b-464f-42d1-9d96-d0e0a3ab0eb3,Snake2,91,5,0
1d7fbdc1-b108-4d06-99c4-d900cc089d9d,94,5b27ed49-1abe-490c-9398-1f19ae7e68c2,Snake1,41,10,1
1d7fbdc1-b108-4d06-99c4-d900cc089d9d,94,16ac3ff4-a471-4e5c-9893-4edd0fdb5b59,Snake3,83,7,1
1d7fbdc1-b108-4d06-99c4-d900cc089d9d,94,76bb60ca-7481-4e6a-933b-1c811554bae3,Snake4,93,12,1
1d7fbdc1-b108-4d06-99c4-d900cc089d9d,94,2d2dd33b-464f-42d1-9d96-d0e0a3ab0eb3,Snake2,91,5,0
1d7fbdc1-b108-4d06-99c4-d900cc089d9d,94,5b27ed49-1abe-490c-9398-1f19ae7e68c2,Snake1,41,10,1
1d7fbdc1-b108-4d06-99c4-d900cc089d9d,94,16ac3ff4-a471-4e5c-9893-4edd0fdb5b59,Snake3,83,7,1
1d7fbdc1-b108-4d06-99c4-d900cc089d9d,94,76bb60ca-7481-4e6a-933b-1c811554bae3,Snake4,93,12,1
1d7fbdc1-b108-4d06-99c4-d900cc089d9d,94,2d2dd33b-464f-42d1-9d96-d0e0a3ab0eb3,Snake2,91,5,0
1d7fbdc1-b108-4d06-99c4-d900cc089d9d,95,5b27ed49-1abe-490c-9398-1f19ae7e68c2,Snake1,40,10,1
1d7fbdc1-b108-4d06-99c4-d900cc089d9d,95,16ac3ff4-a471-4e5c-9893-4edd0fdb5b59,Snake3,82,7,1
1d7fbdc1-b108-4d06-99c4-d900cc089d9d,95,76bb60ca-7481-4e6a-933b-1c811554bae3,Snake4,92,12,1
1d7fbdc1-b108-4d06-99c4-d900cc089d9d,95,2d2dd33b-464f-42d1-9d96-d0e0a3ab0eb3,Snake2,91,5,0
1d7fbdc1-b108-4d06-99c4-d900cc089d9d,95,5b27ed49-1abe-490c-9398-1f19ae7e68c2,Snake1,40,10,1
1d7fbdc1-b108-4d06-99c4-d900cc089d9d,95,16ac3ff4-a471-4e5c-9893-4edd0fdb5b59,Snake3,82,7,1
1d7fbdc1-b108-4d06-99c4-d900cc089d9d,95,76bb60ca-7481-4e6a-933b-1c811554bae3,Snake4,92,12,1
1d7fbdc1-b108-4d06-99c4-d900cc089d9d,95,2d2dd33b-464f-42d1-9d96-d0e0a3ab0eb3,Snake2,91,5,0
1d7fbdc1-b108-4d06-99c4-d900cc089d9d,96,5b27ed49-1abe-490c-9398-1f19ae7e68c2,Snake1,39,10,1
1d7fbdc1-b108-4d06-99c4-d900cc089d9d,96,16ac3ff4-a471-4e5c-9893-4edd0fdb5b59,Snake3,81,7,1
1d7fbdc1-b108-4d06-99c4-d900cc089d9d,96,76bb60ca-7481-4e6a-933b-1c811554bae3,Snake4,91,12,1
1d7fbdc1-b108-4d06-99c4-d900cc089d9d,96,2d2dd33b-464f-42d1-9d96-d0e0a3ab0eb3,Snake2,91,5,0
1d7fbdc1-b108-4d06-99c4-d900cc089d9d,96,5b27ed49-1abe-490c-9398-1f19ae7e68c2,Snake1,39,10,1
1d7fbdc1-b108-4d06-99c4-d900cc089d9d,96,16ac3ff4-a471-4e5c-9893-4edd0fdb5b59,Snake3,81,7,1
1d7fbdc1-b108-4d06-99c4-d900cc089d9d,96,76bb60ca-7481-4e6a-933b-1c811554bae3,Snake4,91,12,1
1d7fbdc1-b108-4d06-99c4-d900cc089d9d,96,2d2dd33b-464f-42d1-9d96-d0e0a3ab0eb3,Snake2,91,5,0
1d7fbdc1-b108-4d06-99c4-d900cc089d9d,96,5b27ed49-1abe-490c-9398-1f19ae7e68c2,Snake1,39,10,1
1d7fbdc1-b108-4d06-99c4-d900cc089d9d,96,16ac3ff4-a471-4e5c-9893-4edd0fdb5b59,Snake3,81,7,1
1d7fbdc1-b108-4d06-99c4-d900cc089d9d,96,76bb60ca-7481-4e6a-933b-1c811554bae3,Snake4,91,12,1
1d7fbdc1-b108-4d06-99c4-d900cc089d9d,96,2d2dd33b-464f-42d1-9d96-d0e0a3ab0eb3,Snake2,91,5,0
1d7fbdc1-b108-4d06-99c4-d900cc089d9d,97,5b27ed49-1abe-490c-9398-1f19ae7e68c2,Snake1,38,10,1
1d7fbdc1-b108-4d06-99c4-d900cc089d9d,97,16ac3ff4-a471-4e5c-9893-4edd0fdb5b59,Snake3,80,7,1
1d7fbdc1-b108-4d06-99c4-d900cc089d9d,97,76bb60ca-7481-4e6a-933b-1c811554bae3,Snake4,90,12,1
1d7fbdc1-b108-4d06-99c4-d900cc089d9d,97,2d2dd33b-464f-42d1-9d96-d0e0a3ab0eb3,Snake2,91,5,0
1d7fbdc1-b108-4d06-99c4-d900cc089d9d,97,5b27ed49-1abe-490c-9398-1f19ae7e68c2,Snake1,38,10,1
1d7fbdc1-b108-4d06-99c4-d900cc089d9d,97,16ac3ff4-a471-4e5c-9893-4edd0fdb5b59,Snake3,80,7,1
1d7fbdc1-b108-4d06-99c4-d900cc089d9d,97,76bb60ca-7481-4e6a-933b-1c811554bae3,Snake4,90,12,1
1d7fbdc1-b108-4d06-99c4-d900cc089d9d,97,2d2dd33b-464f-42d1-9d96-d0e0a3ab0eb3,Snake2,91,5,0
1d7fbdc1-b108-4d06-99c4-d900cc089d9d,98,5b27ed49-1abe-490c-9398-1f19ae7e68c2,Snake1,37,10,1
1d7fbdc1-b108-4d06-99c4-d900cc089d9d,98,16ac3ff4-a471-4e5c-9893-4edd0fdb5b59,Snake3,79,7,1
1d7fbdc1-b108-4d06-99c4-d900cc089d9d,98,76bb60ca-7481-4e6a-933b-1c811554bae3,Snake4,89,12,1
1d7fbdc1-b108-4d06-99c4-d900cc089d9d,98,2d2dd33b-464f-42d1-9d96-d0e0a3ab0eb3,Snake2,91,5,0
1d7fbdc1-b108-4d06-99c4-d900cc089d9d,98,5b27ed49-1abe-490c-9398-1f19ae7e68c2,Snake1,37,10,1
1d7fbdc1-b108-4d06-99c4-d900cc089d9d,98,16ac3ff4-a471-4e5c-9893-4edd0fdb5b59,Snake3,79,7,1
1d7fbdc1-b108-4d06-99c4-d900cc089d9d,98,76bb60ca-7481-4e6a-933b-1c811554bae3,Snake4,89,12,1
1d7fbdc1-b108-4d06-99c4-d900cc089d9d,98,2d2dd33b-464f-42d1-9d96-d0e0a3ab0eb3,Snake2,91,5,0
1d7fbdc1-b108-4d06-99c4-d900cc089d9d,98,5b27ed49-1abe-490c-9398-1f19ae7e68c2,Snake1,37,10,1
1d7fbdc1-b108-4d06-99c4-d900cc089d9d,98,16ac3ff4-a471-4e5c-9893-4edd0fdb5b59,Snake3,79,7,1
1d7fbdc1-b108-4d06-99c4-d900cc089d9d,98,76bb60ca-7481-4e6a-933b-1c811554bae3,Snake4,89,12,1
1d7fbdc1-b108-4d06-99c4-d900cc089d9d,98,2d2dd33b-464f-42d1-9d96-d0e0a3ab0eb3,Snake2,91,5,0
1d7fbdc1-b108-4d06-99c4-d900cc089d9d,99,5b27ed49-1abe-490c-9398-1f19ae7e68c2,Snake1,36,10,1
1d7fbdc1-b108-4d06-99c4-d900cc089d9d,99,16ac3ff4-a471-4e5c-9893-4edd0fdb5b59,Snake3,78,7,1
1d7fbdc1-b108-4d06-99c4-d900cc089d9d,99,76bb60ca-7481-4e6a-933b-1c811554bae3,Snake4,88,12,1
1d7fbdc1-b108-4d06-99c4-d900cc089d9d,99,2d2dd33b-464f-42d1-9d96-d0e0a3ab0eb3,Snake2,91,5,0
1d7fbdc1-b108-4d06-99c4-d900cc089d9d,99,5b27ed49-1abe-490c-9398-1f19ae7e68c2,Snake1,36,10,1
1d7fbdc1-b108-4d06-99c4-d900cc089d9d,99,16ac3ff4-a471-4e5c-9893-4edd0fdb5b59,Snake3,78,7,1
1d7fbdc1-b108-4d06-99c4-d900cc089d9d,99,76bb60ca-7481-4e6a-933b-1c811554bae3,Snake4,88,12,1
1d7fbdc1-b108-4d06-99c4-d900cc089d9d,99,2d2dd33b-464f-42d1-9d96-d0e0a3ab0eb3,Snake2,91,5,0
1d7fbdc1-b108-4d06-99c4-d900cc089d9d,99,5b27ed49-1abe-490c-9398-1f19ae7e68c2,Snake1,36,10,1
1d7fbdc1-b108-4d06-99c4-d900cc089d9d,99,16ac3ff4-a471-4e5c-9893-4edd0fdb5b59,Snake3,78,7,1
1d7fbdc1-b108-4d06-99c4-d900cc089d9d,99,76bb60ca-7481-4e6a-933b-1c811554bae3,Snake4,88,12,1
1d7fbdc1-b108-4d06-99c4-d900cc089d9d,99,2d2dd33b-464f-42d1-9d96-d0e0a3ab0eb3,Snake2,91,5,0
1d7fbdc1-b108-4d06-99c4-d900cc089d9d,100,5b27ed49-1abe-490c-9398-1f19ae7e68c2,Snake1,35,10,1
1d7fbdc1-b108-4d06-99c4-d900cc089d9d,100,16ac3ff4-a471-4e5c-9893-4edd0fdb5b59,Snake3,77,7,1
1d7fbdc1-b108-4d06-99c4-d900cc089d9d,100,76bb60ca-7481-4e6a-933b-1c811554bae3,Snake4,87,12,1
1d7fbdc1-b108-4d06-99c4-d900cc089d9d,100,2d2dd33b-464f-42d1-9d96-d0e0a3ab0eb3,Snake2,91,5,0
1d7fbdc1-b108-4d06-99c4-d900cc089d9d,100,5b27ed49-1abe-490c-9398-1f19ae7e68c2,Snake1,35,10,1
1d7fbdc1-b108-4d06-99c4-d900cc089d9d,100,16ac3ff4-a471-4e5c-9893-4edd0fdb5b59,Snake3,77,7,1
1d7fbdc1-b108-4d06-99c4-d900cc089d9d,100,76bb60ca-7481-4e6a-933b-1c811554bae3,Snake4,87,12,1
1d7fbdc1-b108-4d06-99c4-d900cc089d9d,100,2d2dd33b-464f-42d1-9d96-d0e0a3ab0eb3,Snake2,91,5,0
1d7fbdc1-b108-4d06-99c4-d900cc089d9d,100,5b27ed49-1abe-490c-9398-1f19ae7e68c2,Snake1,35,10,1
1d7fbdc1-b108-4d06-99c4-d900cc089d9d,100,16ac3ff4-a471-4e5c-9893-4edd0fdb5b59,Snake3,77,7,1
1d7fbdc1-b108-4d06-99c4-d900cc089d9d,100,76bb60ca-7481-4e6a-933b-1c811554bae3,Snake4,87,12,1
1d7fbdc1-b108-4d06-99c4-d900cc089d9d,100,2d2dd33b-464f-42d1-9d96-d0e0a3ab0eb3,Snake2,91,5,0
1d7fbdc1-b108-4d06-99c4-d900cc089d9d,101,5b27ed49-1abe-490c-9398-1f19ae7e68c2,Snake1,34,10,1
1d7fbdc1-b108-4d06-99c4-d900cc089d9d,101,16ac3ff4-a471-4e5c-9893-4edd0fdb5b59,Snake3,76,7,1
1d7fbdc1-b108-4d06-99c4-d900cc089d9d,101,76bb60ca-7481-4e6a-933b-1c811554bae3,Snake4,86,12,1
1d7fbdc1-b108-4d06-99c4-d900cc089d9d,101,2d2dd33b-464f-42d1-9d96-d0e0a3ab0eb3,Snake2,91,5,0
1d7fbdc1-b108-4d06-99c4-d900cc089d9d,101,5b27ed49-1abe-490c-9398-1f19ae7e68c2,Snake1,34,10,1
1d7fbdc1-b108-4d06-99c4-d900cc089d9d,101,16ac3ff4-a471-4e5c-9893-4edd0fdb5b59,Snake3,76,7,1
1d7fbdc1-b108-4d06-99c4-d900cc089d9d,101,76bb60ca-7481-4e6a-933b-1c811554bae3,Snake4,86,12,1
1d7fbdc1-b108-4d06-99c4-d900cc089d9d,101,2d2dd33b-464f-42d1-9d96-d0e0a3ab0eb3,Snake2,91,5,0
1d7fbdc1-b108-4d06-99c4-d900cc089d9d,102,5b27ed49-1abe-490c-9398-1f19ae7e68c2,Snake1,33,10,1
1d7fbdc1-b108-4d06-99c4-d900cc089d9d,102,16ac3ff4-a471-4e5c-9893-4edd0fdb5b59,Snake3,75,7,1
1d7fbdc1-b108-4d06-99c4-d900cc089d9d,102,76bb60ca-7481-4e6a-933b-1c811554bae3,Snake4,85,12,1
1d7fbdc1-b108-4d06-99c4-d900cc089d9d,102,2d2dd33b-464f-42d1-9d96-d0e0a3ab0eb3,Snake2,91,5,0
1d7fbdc1-b108-4d06-99c4-d900cc089d9d,102,5b27ed49-1abe-490c-9398-1f19ae7e68c2,Snake1,33,10,1
1d7fbdc1-b108-4d06-99c4-d900cc089d9d,102,16ac3ff4-a471-4e5c-9893-4edd0fdb5b59,Snake3,75,7,1
1d7fbdc1-b108-4d06-99c4-d900cc089d9d,102,76bb60ca-7481-4e6a-933b-1c811554bae3,Snake4,85,12,1
1d7fbdc1-b108-4d06-99c4-d900cc089d9d,102,2d2dd33b-464f-42d1-9d96-d0e0a3ab0eb3,Snake2,91,5,0
1d7fbdc1-b108-4d06-99c4-d900cc089d9d,102,5b27ed49-1abe-490c-9398-1f19ae7e68c2,Snake1,33,10,1
1d7fbdc1-b108-4d06-99c4-d900cc089d9d,102,16ac3ff4-a471-4e5c-9893-4edd0fdb5b59,Snake3,75,7,1
1d7fbdc1-b108-4d06-99c4-d900cc089d9d,102,76bb60ca-7481-4e6a-933b-1c811554bae3,Snake4,85,12,1
1d7fbdc1-b108-4d06-99c4-d900cc089d9d,102,2d2dd33b-464f-42d1-9d96-d0e0a3ab0eb3,Snake2,91,5,0
1d7fbdc1-b108-4d06-99c4-d900cc089d9d,103,5b27ed49-1abe-490c-9398-1f19ae7e68c2,Snake1,32,10,1
1d7fbdc1-b108-4d06-99c4-d900cc089d9d,103,16ac3ff4-a471-4e5c-9893-4edd0fdb5b59,Snake3,74,7,1
1d7fbdc1-b108-4d06-99c4-d900cc089d9d,103,76bb60ca-7481-4e6a-933b-1c811554bae3,Snake4,84,12,1
1d7fbdc1-b108-4d06-99c4-d900cc089d9d,103,2d2dd33b-464f-42d1-9d96-d0e0a3ab0eb3,Snake2,91,5,0
1d7fbdc1-b108-4d06-99c4-d900cc089d9d,103,5b27ed49-1abe-490c-9398-1f19ae7e68c2,Snake1,32,10,1
1d7fbdc1-b108-4d06-99c4-d900cc089d9d,103,16ac3ff4-a471-4e5c-9893-4edd0fdb5b59,Snake3,74,7,1
1d7fbdc1-b108-4d06-99c4-d900cc089d9d,103,76bb60ca-7481-4e6a-933b-1c811554bae3,Snake4,84,12,1
1d7fbdc1-b108-4d06-99c4-d900cc089d9d,103,2d2dd33b-464f-42d1-9d96-d0e0a3ab0eb3,Snake2,91,5,0
1d7fbdc1-b108-4d06-99c4-d900cc089d9d,103,5b27ed49-1abe-490c-9398-1f19ae7e68c2,Snake1,32,10,1
1d7fbdc1-b108-4d06-99c4-d900cc089d9d,103,16ac3ff4-a471-4e5c-9893-4edd0fdb5b59,Snake3,74,7,1
1d7fbdc1-b108-4d06-99c4-d900cc089d9d,103,76bb60ca-7481-4e6a-933b-1c811554bae3,Snake4,84,12,1
1d7fbdc1-b108-4d06-99c4-d900cc089d9d,103,2d2dd33b-464f-42d1-9d96-d0e0a3ab0eb3,Snake2,91,5,0
1d7fbdc1-b108-4d06-99c4-d900cc089d9d,104,5b27ed49-1abe-490c-9398-1f19ae7e68c2,Snake1,31,10,1
1d7fbdc1-b108-4d06-99c4-d900cc089d9d,104,16ac3ff4-a471-4e5c-9893-4edd0fdb5b59,Snake3,73,7,1
1d7fbdc1-b108-4d06-99c4-d900cc089d9d,104,76bb60ca-7481-4e6a-933b-1c811554bae3,Snake4,83,12,1
1d7fbdc1-b108-4d06-99c4-d900cc089d9d,104,2d2dd33b-464f-42d1-9d96-d0e0a3ab0eb3,Snake2,91,5,0
1d7fbdc1-b108-4d06-99c4-d900cc089d9d,104,5b27ed49-1abe-490c-9398-1f19ae7e68c2,Snake1,31,10,1
1d7fbdc1-b108-4d06-99c4-d900cc089d9d,104,16ac3ff4-a471-4e5c-9893-4edd0fdb5b59,Snake3,73,7,1
1d7fbdc1-b108-4d06-99c4-d900cc089d9d,104,76bb60ca-7481-4e6a-933b-1c811554bae3,Snake4,83,12,1
1d7fbdc1-b108-4d06-99c4-d900cc089d9d,104,2d2dd33b-464f-42d1-9d96-d0e0a3ab0eb3,Snake2,91,5,0
1d7fbdc1-b108-4d06-99c4-d900cc089d9d,104,5b27ed49-1abe-490c-9398-1f19ae7e68c2,Snake1,31,10,1
1d7fbdc1-b108-4d06-99c4-d900cc089d9d,104,16ac3ff4-a471-4e5c-9893-4edd0fdb5b59,Snake3,73,7,1
1d7fbdc1-b108-4d06-99c4-d900cc089d9d,104,76bb60ca-7481-4e6a-933b-1c811554bae3,Snake4,83,12,1
1d7fbdc1-b108-4d06-99c4-d900cc089d9d,104,2d2dd33b-464f-42d1-9d96-d0e0a3ab0eb3,Snake2,91,5,0
1d7fbdc1-b108-4d06-99c4-d900cc089d9d,105,5b27ed49-1abe-490c-9398-1f19ae7e68c2,Snake1,30,10,1
1d7fbdc1-b108-4d06-99c4-d900cc089d9d,105,16ac3ff4-a471-4e5c-9893-4edd0fdb5b59,Snake3,72,7,1
1d7fbdc1-b108-4d06-99c4-d900cc089d9d,105,76bb60ca-7481-4e6a-933b-1c811554bae3,Snake4,82,12,1
1d7fbdc1-b108-4d06-99c4-d900cc089d9d,105,2d2dd33b-464f-42d1-9d96-d0e0a3ab0eb3,Snake2,91,5,0
1d7fbdc1-b108-4d06-99c4-d900cc089d9d,105,5b27ed49-1abe-490c-9398-1f19ae7e68c2,Snake1,30,10,1
1d7fbdc1-b108-4d06-99c4-d900cc089d9d,105,16ac3ff4-a471-4e5c-9893-4edd0fdb5b59,Snake3,72,7,1
1d7fbdc1-b108-4d06-99c4-d900cc089d9d,105,76bb60ca-7481-4e6a-933b-1c811554bae3,Snake4,82,12,1
1d7fbdc1-b108-4d06-99c4-d900cc089d9d,105,2d2dd33b-464f-42d1-9d96-d0e0a3ab0eb3,Snake2,91,5,0
1d7fbdc1-b108-4d06-99c4-d900cc089d9d,105,5b27ed49-1abe-490c-9398-1f19ae7e68c2,Snake1,30,10,1
1d7fbdc1-b108-4d06-99c4-d900cc089d9d,105,16ac3ff4-a471-4e5c-9893-4edd0fdb5b59,Snake3,72,7,1
1d7fbdc1-b108-4d06-99c4-d900cc089d9d,105,76bb60ca-7481-4e6a-933b-1c811554bae3,Snake4,82,12,1
1d7fbdc1-b108-4d06-99c4-d900cc089d9d,105,2d2dd33b-464f-42d1-9d96-d0e0a3ab0eb3,Snake2,91,5,0
1d7fbdc1-b108-4d06-99c4-d900cc089d9d,106,5b27ed49-1abe-490c-9398-1f19ae7e68c2,Snake1,29,10,1
1d7fbdc1-b108-4d06-99c4-d900cc089d9d,106,16ac3ff4-a471-4e5c-9893-4edd0fdb5b59,Snake3,71,7,1
1d7fbdc1-b108-4d06-99c4-d900cc089d9d,106,76bb60ca-7481-4e6a-933b-1c811554bae3,Snake4,81,12,1
1d7fbdc1-b108-4d06-99c4-d900cc089d9d,106,2d2dd33b-464f-42d1-9d96-d0e0a3ab0eb3,Snake2,91,5,0
1d7fbdc1-b108-4d06-99c4-d900cc089d9d,106,5b27ed49-1abe-490c-9398-1f19ae7e68c2,Snake1,29,10,1
1d7fbdc1-b108-4d06-99c4-d900cc089d9d,106,16ac3ff4-a471-4e5c-9893-4edd0fdb5b59,Snake3,71,7,1
1d7fbdc1-b108-4d06-99c4-d900cc089d9d,106,76bb60ca-7481-4e6a-933b-1c811554bae3,Snake4,81,12,1
1d7fbdc1-b108-4d06-99c4-d900cc089d9d,106,2d2dd33b-464f-42d1-9d96-d0e0a3ab0eb3,Snake2,91,5,0
1d7fbdc1-b108-4d06-99c4-d900cc089d9d,106,5b27ed49-1abe-490c-9398-1f19ae7e68c2,Snake1,29,10,1
1d7fbdc1-b108-4d06-99c4-d900cc089d9d,106,16ac3ff4-a471-4e5c-9893-4edd0fdb5b59,Snake3,71,7,1
1d7fbdc1-b108-4d06-99c4-d900cc089d9d,106,76bb60ca-7481-4e6a-933b-1c811554bae3,Snake4,81,12,1
1d7fbdc1-b108-4d06-99c4-d900cc089d9d,106,2d2dd33b-464f-42d1-9d96-d0e0a3ab0eb3,Snake2,91,5,0
1d7fbdc1-b108-4d06-99c4-d900cc089d9d,107,5b27ed49-1abe-490c-9398-1f19ae7e68c2,Snake1,28,10,1
1d7fbdc1-b108-4d06-99c4-d900cc089d9d,107,16ac3ff4-a471-4e5c-9893-4edd0fdb5b59,Snake3,70,7,1
1d7fbdc1-b108-4d06-99c4-d900cc089d9d,107,76bb60ca-7481-4e6a-933b-1c811554bae3,Snake4,80,12,1
1d7fbdc1-b108-4d06-99c4-d900cc089d9d,107,2d2dd33b-464f-42d1-9d96-d0e0a3ab0eb3,Snake2,91,5,0
1d7fbdc1-b108-4d06-99c4-d900cc089d9d,107,5b27ed49-1abe-490c-9398-1f19ae7e68c2,Snake1,28,10,1
1d7fbdc1-b108-4d06-99c4-d900cc089d9d,107,16ac3ff4-a471-4e5c-9893-4edd0fdb5b59,Snake3,70,7,1
1d7fbdc1-b108-4d06-99c4-d900cc089d9d,107,76bb60ca-7481-4e6a-933b-1c811554bae3,Snake4,80,12,1
1d7fbdc1-b108-4d06-99c4-d900cc089d9d,107,2d2dd33b-464f-42d1-9d96-d0e0a3ab0eb3,Snake2,91,5,0
1d7fbdc1-b108-4d06-99c4-d900cc089d9d,108,5b27ed49-1abe-490c-9398-1f19ae7e68c2,Snake1,27,10,1
1d7fbdc1-b108-4d06-99c4-d900cc089d9d,108,16ac3ff4-a471-4e5c-9893-4edd0fdb5b59,Snake3,69,7,1
1d7fbdc1-b108-4d06-99c4-d900cc089d9d,108,76bb60ca-7481-4e6a-933b-1c811554bae3,Snake4,79,12,1
1d7fbdc1-b108-4d06-99c4-d900cc089d9d,108,2d2dd33b-464f-42d1-9d96-d0e0a3ab0eb3,Snake2,91,5,0
1d7fbdc1-b108-4d06-99c4-d900cc089d9d,108,5b27ed49-1abe-490c-9398-1f19ae7e68c2,Snake1,27,10,1
1d7fbdc1-b108-4d06-99c4-d900cc089d9d,108,16ac3ff4-a471-4e5c-9893-4edd0fdb5b59,Snake3,69,7,1
1d7fbdc1-b108-4d06-99c4-d900cc089d9d,108,76bb60ca-7481-4e6a-933b-1c811554bae3,Snake4,79,12,1
1d7fbdc1-b108-4d06-99c4-d900cc089d9d,108,2d2dd33b-464f-42d1-9d96-d0e0a3ab0eb3,Snake2,91,5,0
1d7fbdc1-b108-4d06-99c4-d900cc089d9d,108,5b27ed49-1abe-490c-9398-1f19ae7e68c2,Snake1,27,10,1
1d7fbdc1-b108-4d06-99c4-d900cc089d9d,108,16ac3ff4-a471-4e5c-9893-4edd0fdb5b59,Snake3,69,7,1
1d7fbdc1-b108-4d06-99c4-d900cc089d9d,108,76bb60ca-7481-4e6a-933b-1c811554bae3,Snake4,79,12,1
1d7fbdc1-b108-4d06-99c4-d900cc089d9d,108,2d2dd33b-464f-42d1-9d96-d0e0a3ab0eb3,Snake2,91,5,0
1d7fbdc1-b108-4d06-99c4-d900cc089d9d,109,5b27ed49-1abe-490c-9398-1f19ae7e68c2,Snake1,26,10,1
1d7fbdc1-b108-4d06-99c4-d900cc089d9d,109,16ac3ff4-a471-4e5c-9893-4edd0fdb5b59,Snake3,68,7,1
1d7fbdc1-b108-4d06-99c4-d900cc089d9d,109,76bb60ca-7481-4e6a-933b-1c811554bae3,Snake4,78,12,1
1d7fbdc1-b108-4d06-99c4-d900cc089d9d,109,2d2dd33b-464f-42d1-9d96-d0e0a3ab0eb3,Snake2,91,5,0
1d7fbdc1-b108-4d06-99c4-d900cc089d9d,109,5b27ed49-1abe-490c-9398-1f19ae7e68c2,Snake1,26,10,1
1d7fbdc1-b108-4d06-99c4-d900cc089d9d,109,16ac3ff4-a471-4e5c-9893-4edd0fdb5b59,Snake3,68,7,1
1d7fbdc1-b108-4d06-99c4-d900cc089d9d,109,76bb60ca-7481-4e6a-933b-1c811554bae3,Snake4,78,12,1
1d7fbdc1-b108-4d06-99c4-d900cc089d9d,109,2d2dd33b-464f-42d1-9d96-d0e0a3ab0eb3,Snake2,91,5,0
1d7fbdc1-b108-4d06-99c4-d900cc089d9d,109,5b27ed49-1abe-490c-9398-1f19ae7e68c2,Snake1,26,10,1
1d7fbdc1-b108-4d06-99c4-d900cc089d9d,109,16ac3ff4-a471-4e5c-9893-4edd0fdb5b59,Snake3,68,7,1
1d7fbdc1-b108-4d06-99c4-d900cc089d9d,109,76bb60ca-7481-4e6a-933b-1c811554bae3,Snake4,78,12,1
1d7fbdc1-b108-4d06-99c4-d900cc089d9d,109,2d2dd33b-464f-42d1-9d96-d0e0a3ab0eb3,Snake2,91,5,0
1d7fbdc1-b108-4d06-99c4-d900cc089d9d,110,5b27ed49-1abe-490c-9398-1f19ae7e68c2,Snake1,25,10,1
1d7fbdc1-b108-4d06-99c4-d900cc089d9d,110,16ac3ff4-a471-4e5c-9893-4edd0fdb5b59,Snake3,67,7,1
1d7fbdc1-b108-4d06-99c4-d900cc089d9d,110,76bb60ca-7481-4e6a-933b-1c811554bae3,Snake4,77,12,1
1d7fbdc1-b108-4d06-99c4-d900cc089d9d,110,2d2dd33b-464f-42d1-9d96-d0e0a3ab0eb3,Snake2,91,5,0
1d7fbdc1-b108-4d06-99c4-d900cc089d9d,110,5b27ed49-1abe-490c-9398-1f19ae7e68c2,Snake1,25,10,1
1d7fbdc1-b108-4d06-99c4-d900cc089d9d,110,16ac3ff4-a471-4e5c-9893-4edd0fdb5b59,Snake3,67,7,1
1d7fbdc1-b108-4d06-99c4-d900cc089d9d,110,76bb60ca-7481-4e6a-933b-1c811554bae3,Snake4,77,12,1
1d7fbdc1-b108-4d06-99c4-d900cc089d9d,110,2d2dd33b-464f-42d1-9d96-d0e0a3ab0eb3,Snake2,91,5,0
1d7fbdc1-b108-4d06-99c4-d900cc089d9d,110,5b27ed49-1abe-490c-9398-1f19ae7e68c2,Snake1,25,10,1
1d7fbdc1-b108-4d06-99c4-d900cc089d9d,110,16ac3ff4-a471-4e5c-9893-4edd0fdb5b59,Snake3,67,7,1
1d7fbdc1-b108-4d06-99c4-d900cc089d9d,110,76bb60ca-7481-4e6a-933b-1c811554bae3,Snake4,77,12,1
1d7fbdc1-b108-4d06-99c4-d900cc089d9d,110,2d2dd33b-464f-42d1-9d96-d0e0a3ab0eb3,Snake2,91,5,0
1d7fbdc1-b108-4d06-99c4-d900cc089d9d,111,5b27ed49-1abe-490c-9398-1f19ae7e68c2,Snake1,24,10,1
1d7fbdc1-b108-4d06-99c4-d900cc089d9d,111,16ac3ff4-a471-4e5c-9893-4edd0fdb5b59,Snake3,66,7,1
1d7fbdc1-b108-4d06-99c4-d900cc089d9d,111,76bb60ca-7481-4e6a-933b-1c811554bae3,Snake4,76,12,1
1d7fbdc1-b108-4d06-99c4-d900cc089d9d,111,2d2dd33b-464f-42d1-9d96-d0e0a3ab0eb3,Snake2,91,5,0
1d7fbdc1-b108-4d06-99c4-d900cc089d9d,111,5b27ed49-1abe-490c-9398-1f19ae7e68c2,Snake1,24,10,1
1d7fbdc1-b108-4d06-99c4-d900cc089d9d,111,16ac3ff4-a471-4e5c-9893-4edd0fdb5b59,Snake3,66,7,1
1d7fbdc1-b108-4d06-99c4-d900cc089d9d,111,76bb60ca-7481-4e6a-933b-1c811554bae3,Snake4,76,12,1
1d7fbdc1-b108-4d06-99c4-d900cc089d9d,111,2d2dd33b-464f-42d1-9d96-d0e0a3ab0eb3,Snake2,91,5,0
1d7fbdc1-b108-4d06-99c4-d900cc089d9d,111,5b27ed49-1abe-490c-9398-1f19ae7e68c2,Snake1,24,10,1
1d7fbdc1-b108-4d06-99c4-d900cc089d9d,111,16ac3ff4-a471-4e5c-9893-4edd0fdb5b59,Snake3,66,7,1
1d7fbdc1-b108-4d06-99c4-d900cc089d9d,111,76bb60ca-7481-4e6a-933b-1c811554bae3,Snake4,76,12,1
1d7fbdc1-b108-4d06-99c4-d900cc089d9d,111,2d2dd33b-464f-42d1-9d96-d0e0a3ab0eb3,Snake2,91,5,0
1d7fbdc1-b108-4d06-99c4-d900cc089d9d,112,5b27ed49-1abe-490c-9398-1f19ae7e68c2,Snake1,23,10,1
1d7fbdc1-b108-4d06-99c4-d900cc089d9d,112,16ac3ff4-a471-4e5c-9893-4edd0fdb5b59,Snake3,65,7,1
1d7fbdc1-b108-4d06-99c4-d900cc089d9d,112,76bb60ca-7481-4e6a-933b-1c811554bae3,Snake4,75,12,1
1d7fbdc1-b108-4d06-99c4-d900cc089d9d,112,2d2dd33b-464f-42d1-9d96-d0e0a3ab0eb3,Snake2,91,5,0
1d7fbdc1-b108-4d06-99c4-d900cc089d9d,112,5b27ed49-1abe-490c-9398-1f19ae7e68c2,Snake1,23,10,1
1d7fbdc1-b108-4d06-99c4-d900cc089d9d,112,16ac3ff4-a471-4e5c-9893-4edd0fdb5b59,Snake3,65,7,1
1d7fbdc1-b108-4d06-99c4-d900cc089d9d,112,76bb60ca-7481-4e6a-933b-1c811554bae3,Snake4,75,12,1
1d7fbdc1-b108-4d06-99c4-d900cc089d9d,112,2d2dd33b-464f-42d1-9d96-d0e0a3ab0eb3,Snake2,91,5,0
1d7fbdc1-b108-4d06-99c4-d900cc089d9d,112,5b27ed49-1abe-490c-9398-1f19ae7e68c2,Snake1,23,10,1
1d7fbdc1-b108-4d06-99c4-d900cc089d9d,112,16ac3ff4-a471-4e5c-9893-4edd0fdb5b59,Snake3,65,7,1
1d7fbdc1-b108-4d06-99c4-d900cc089d9d,112,76bb60ca-7481-4e6a-933b-1c811554bae3,Snake4,75,12,1
1d7fbdc1-b108-4d06-99c4-d900cc089d9d,112,2d2dd33b-464f-42d1-9d96-d0e0a3ab0eb3,Snake2,91,5,0
1d7fbdc1-b108-4d06-99c4-d900cc089d9d,113,5b27ed49-1abe-490c-9398-1f19ae7e68c2,Snake1,22,10,1
1d7fbdc1-b108-4d06-99c4-d900cc089d9d,113,16ac3ff4-a471-4e5c-9893-4edd0fdb5b59,Snake3,64,7,1
1d7fbdc1-b108-4d06-99c4-d900cc089d9d,113,76bb60ca-7481-4e6a-933b-1c811554bae3,Snake4,74,12,1
1d7fbdc1-b108-4d06-99c4-d900cc089d9d,113,2d2dd33b-464f-42d1-9d96-d0e0a3ab0eb3,Snake2,91,5,0
1d7fbdc1-b108-4d06-99c4-d900cc089d9d,113,5b27ed49-1abe-490c-9398-1f19ae7e68c2,Snake1,22,10,1
1d7fbdc1-b108-4d06-99c4-d900cc089d9d,113,16ac3ff4-a471-4e5c-9893-4edd0fdb5b59,Snake3,64,7,1
1d7fbdc1-b108-4d06-99c4-d900cc089d9d,113,76bb60ca-7481-4e6a-933b-1c811554bae3,Snake4,74,12,1
1d7fbdc1-b108-4d06-99c4-d900cc089d9d,113,2d2dd33b-464f-42d1-9d96-d0e0a3ab0eb3,Snake2,91,5,0
1d7fbdc1-b108-4d06-99c4-d900cc089d9d,113,5b27ed49-1abe-490c-9398-1f19ae7e68c2,Snake1,22,10,1
1d7fbdc1-b108-4d06-99c4-d900cc089d9d,113,16ac3ff4-a471-4e5c-9893-4edd0fdb5b59,Snake3,64,7,1
1d7fbdc1-b108-4d06-99c4-d900cc089d9d,113,76bb60ca-7481-4e6a-933b-1c811554bae3,Snake4,74,12,1
1d7fbdc1-b108-4d06-99c4-d900cc089d9d,113,2d2dd33b-464f-42d1-9d96-d0e0a3ab0eb3,Snake2,91,5,0
1d7fbdc1-b108-4d06-99c4-d900cc089d9d,114,5b27ed49-1abe-490c-9398-1f19ae7e68c2,Snake1,21,10,1
1d7fbdc1-b108-4d06-99c4-d900cc089d9d,114,16ac3ff4-a471-4e5c-9893-4edd0fdb5b59,Snake3,63,7,1
1d7fbdc1-b108-4d06-99c4-d900cc089d9d,114,76bb60ca-7481-4e6a-933b-1c811554bae3,Snake4,73,12,1
1d7fbdc1-b108-4d06-99c4-d900cc089d9d,114,2d2dd33b-464f-42d1-9d96-d0e0a3ab0eb3,Snake2,91,5,0
1d7fbdc1-b108-4d06-99c4-d900cc089d9d,114,5b27ed49-1abe-490c-9398-1f19ae7e68c2,Snake1,21,10,1
1d7fbdc1-b108-4d06-99c4-d900cc089d9d,114,16ac3ff4-a471-4e5c-9893-4edd0fdb5b59,Snake3,63,7,1
1d7fbdc1-b108-4d06-99c4-d900cc089d9d,114,76bb60ca-7481-4e6a-933b-1c811554bae3,Snake4,73,12,1
1d7fbdc1-b108-4d06-99c4-d900cc089d9d,114,2d2dd33b-464f-42d1-9d96-d0e0a3ab0eb3,Snake2,91,5,0
1d7fbdc1-b108-4d06-99c4-d900cc089d9d,115,5b27ed49-1abe-490c-9398-1f19ae7e68c2,Snake1,20,10,1
1d7fbdc1-b108-4d06-99c4-d900cc089d9d,115,16ac3ff4-a471-4e5c-9893-4edd0fdb5b59,Snake3,62,7,1
1d7fbdc1-b108-4d06-99c4-d900cc089d9d,115,76bb60ca-7481-4e6a-933b-1c811554bae3,Snake4,72,12,1
1d7fbdc1-b108-4d06-99c4-d900cc089d9d,115,2d2dd33b-464f-42d1-9d96-d0e0a3ab0eb3,Snake2,91,5,0
1d7fbdc1-b108-4d06-99c4-d900cc089d9d,115,5b27ed49-1abe-490c-9398-1f19ae7e68c2,Snake1,20,10,1
1d7fbdc1-b108-4d06-99c4-d900cc089d9d,115,16ac3ff4-a471-4e5c-9893-4edd0fdb5b59,Snake3,62,7,1
1d7fbdc1-b108-4d06-99c4-d900cc089d9d,115,76bb60ca-7481-4e6a-933b-1c811554bae3,Snake4,72,12,1
1d7fbdc1-b108-4d06-99c4-d900cc089d9d,115,2d2dd33b-464f-42d1-9d96-d0e0a3ab0eb3,Snake2,91,5,0
1d7fbdc1-b108-4d06-99c4-d900cc089d9d,116,5b27ed49-1abe-490c-9398-1f19ae7e68c2,Snake1,19,10,1
1d7fbdc1-b108-4d06-99c4-d900cc089d9d,116,16ac3ff4-a471-4e5c-9893-4edd0fdb5b59,Snake3,61,7,1
1d7fbdc1-b108-4d06-99c4-d900cc089d9d,116,76bb60ca-7481-4e6a-933b-1c811554bae3,Snake4,71,12,1
1d7fbdc1-b108-4d06-99c4-d900cc089d9d,116,2d2dd33b-464f-42d1-9d96-d0e0a3ab0eb3,Snake2,91,5,0
1d7fbdc1-b108-4d06-99c4-d900cc089d9d,116,5b27ed49-1abe-490c-9398-1f19ae7e68c2,Snake1,19,10,1
1d7fbdc1-b108-4d06-99c4-d900cc089d9d,116,16ac3ff4-a471-4e5c-9893-4edd0fdb5b59,Snake3,61,7,1
1d7fbdc1-b108-4d06-99c4-d900cc089d9d,116,76bb60ca-7481-4e6a-933b-1c811554bae3,Snake4,71,12,1
1d7fbdc1-b108-4d06-99c4-d900cc089d9d,116,2d2dd33b-464f-42d1-9d96-d0e0a3ab0eb3,Snake2,91,5,0
1d7fbdc1-b108-4d06-99c4-d900cc089d9d,116,5b27ed49-1abe-490c-9398-1f19ae7e68c2,Snake1,19,10,1
1d7fbdc1-b108-4d06-99c4-d900cc089d9d,116,16ac3ff4-a471-4e5c-9893-4edd0fdb5b59,Snake3,61,7,1
1d7fbdc1-b108-4d06-99c4-d900cc089d9d,116,76bb60ca-7481-4e6a-933b-1c811554bae3,Snake4,71,12,1
1d7fbdc1-b108-4d06-99c4-d900cc089d9d,116,2d2dd33b-464f-42d1-9d96-d0e0a3ab0eb3,Snake2,91,5,0
1d7fbdc1-b108-4d06-99c4-d900cc089d9d,117,5b27ed49-1abe-490c-9398-1f19ae7e68c2,Snake1,100,11,1
1d7fbdc1-b108-4d06-99c4-d900cc089d9d,117,16ac3ff4-a471-4e5c-9893-4edd0fdb5b59,Snake3,60,7,1
1d7fbdc1-b108-4d06-99c4-d900cc089d9d,117,76bb60ca-7481-4e6a-933b-1c811554bae3,Snake4,70,12,1
1d7fbdc1-b108-4d06-99c4-d900cc089d9d,117,2d2dd33b-464f-42d1-9d96-d0e0a3ab0eb3,Snake2,91,5,0
1d7fbdc1-b108-4d06-99c4-d900cc089d9d,117,5b27ed49-1abe-490c-9398-1f19ae7e68c2,Snake1,100,11,1
1d7fbdc1-b108-4d06-99c4-d900cc089d9d,117,16ac3ff4-a471-4e5c-9893-4edd0fdb5b59,Snake3,60,7,1
1d7fbdc1-b108-4d06-99c4-d900cc089d9d,117,76bb60ca-7481-4e6a-933b-1c811554bae3,Snake4,70,12,1
1d7fbdc1-b108-4d06-99c4-d900cc089d9d,117,2d2dd33b-464f-42d1-9d96-d0e0a3ab0eb3,Snake2,91,5,0
1d7fbdc1-b108-4d06-99c4-d900cc089d9d,117,5b27ed49-1abe-490c-9398-1f19ae7e68c2,Snake1,100,11,1
1d7fbdc1-b108-4d06-99c4-d900cc089d9d,117,16ac3ff4-a471-4e5c-9893-4edd0fdb5b59,Snake3,60,7,1
1d7fbdc1-b108-4d06-99c4-d900cc089d9d,117,76bb60ca-7481-4e6a-933b-1c811554bae3,Snake4,70,12,1
1d7fbdc1-b108-4d06-99c4-d900cc089d9d,117,2d2dd33b-464f-42d1-9d96-d0e0a3ab0eb3,Snake2,91,5,0
1d7fbdc1-b108-4d06-99c4-d900cc089d9d,118,5b27ed49-1abe-490c-9398-1f19ae7e68c2,Snake1,100,12,1
1d7fbdc1-b108-4d06-99c4-d900cc089d9d,118,16ac3ff4-a471-4e5c-9893-4edd0fdb5b59,Snake3,59,7,1
1d7fbdc1-b108-4d06-99c4-d900cc089d9d,118,76bb60ca-7481-4e6a-933b-1c811554bae3,Snake4,69,12,1
1d7fbdc1-b108-4d06-99c4-d900cc089d9d,118,2d2dd33b-464f-42d1-9d96-d0e0a3ab0eb3,Snake2,91,5,0
1d7fbdc1-b108-4d06-99c4-d900cc089d9d,118,5b27ed49-1abe-490c-9398-1f19ae7e68c2,Snake1,100,12,1
1d7fbdc1-b108-4d06-99c4-d900cc089d9d,118,16ac3ff4-a471-4e5c-9893-4edd0fdb5b59,Snake3,59,7,1
1d7fbdc1-b108-4d06-99c4-d900cc089d9d,118,76bb60ca-7481-4e6a-933b-1c811554bae3,Snake4,69,12,1
1d7fbdc1-b108-4d06-99c4-d900cc089d9d,118,2d2dd33b-464f-42d1-9d96-d0e0a3ab0eb3,Snake2,91,5,0
1d7fbdc1-b108-4d06-99c4-d900cc089d9d,118,5b27ed49-1abe-490c-9398-1f19ae7e68c2,Snake1,100,12,1
1d7fbdc1-b108-4d06-99c4-d900cc089d9d,118,16ac3ff4-a471-4e5c-9893-4edd0fdb5b59,Snake3,59,7,1
1d7fbdc1-b108-4d06-99c4-d900cc089d9d,118,76bb60ca-7481-4e6a-933b-1c811554bae3,Snake4,69,12,1
1d7fbdc1-b108-4d06-99c4-d900cc089d9d,118,2d2dd33b-464f-42d1-9d96-d0e0a3ab0eb3,Snake2,91,5,0
1d7fbdc1-b108-4d06-99c4-d900cc089d9d,119,5b27ed49-1abe-490c-9398-1f19ae7e68c2,Snake1,99,12,1
1d7fbdc1-b108-4d06-99c4-d900cc089d9d,119,16ac3ff4-a471-4e5c-9893-4edd0fdb5b59,Snake3,58,7,1
1d7fbdc1-b108-4d06-99c4-d900cc089d9d,119,76bb60ca-7481-4e6a-933b-1c811554bae3,Snake4,68,12,1
1d7fbdc1-b108-4d06-99c4-d900cc089d9d,119,2d2dd33b-464f-42d1-9d96-d0e0a3ab0eb3,Snake2,91,5,0
1d7fbdc1-b108-4d06-99c4-d900cc089d9d,119,5b27ed49-1abe-490c-9398-1f19ae7e68c2,Snake1,99,12,1
1d7fbdc1-b108-4d06-99c4-d900cc089d9d,119,16ac3ff4-a471-4e5c-9893-4edd0fdb5b59,Snake3,58,7,1
1d7fbdc1-b108-4d06-99c4-d900cc089d9d,119,76bb60ca-7481-4e6a-933b-1c811554bae3,Snake4,68,12,1
1d7fbdc1-b108-4d06-99c4-d900cc089d9d,119,2d2dd33b-464f-42d1-9d96-d0e0a3ab0eb3,Snake2,91,5,0
1d7fbdc1-b108-4d06-99c4-d900cc089d9d,119,5b27ed49-1abe-490c-9398-1f19ae7e68c2,Snake1,99,12,1
1d7fbdc1-b108-4d06-99c4-d900cc089d9d,119,16ac3ff4-a471-4e5c-9893-4edd0fdb5b59,Snake3,58,7,1
1d7fbdc1-b108-4d06-99c4-d900cc089d9d,119,76bb60ca-7481-4e6a-933b-1c811554bae3,Snake4,68,12,1
1d7fbdc1-b108-4d06-99c4-d900cc089d9d,119,2d2dd33b-464f-42d1-9d96-d0e0a3ab0eb3,Snake2,91,5,0
1d7fbdc1-b108-4d06-99c4-d900cc089d9d,120,5b27ed49-1abe-490c-9398-1f19ae7e68c2,Snake1,98,12,1
1d7fbdc1-b108-4d06-99c4-d900cc089d9d,120,76bb60ca-7481-4e6a-933b-1c811554bae3,Snake4,67,12,1
1d7fbdc1-b108-4d06-99c4-d900cc089d9d,120,2d2dd33b-464f-42d1-9d96-d0e0a3ab0eb3,Snake2,91,5,0
1d7fbdc1-b108-4d06-99c4-d900cc089d9d,120,16ac3ff4-a471-4e5c-9893-4edd0fdb5b59,Snake3,58,7,0
1d7fbdc1-b108-4d06-99c4-d900cc089d9d,120,5b27ed49-1abe-490c-9398-1f19ae7e68c2,Snake1,98,12,1
1d7fbdc1-b108-4d06-99c4-d900cc089d9d,120,76bb60ca-7481-4e6a-933b-1c811554bae3,Snake4,67,12,1
1d7fbdc1-b108-4d06-99c4-d900cc089d9d,120,2d2dd33b-464f-42d1-9d96-d0e0a3ab0eb3,Snake2,91,5,0
1d7fbdc1-b108-4d06-99c4-d900cc089d9d,120,16ac3ff4-a471-4e5c-9893-4edd0fdb5b59,Snake3,58,7,0
1d7fbdc1-b108-4d06-99c4-d900cc089d9d,121,5b27ed49-1abe-490c-9398-1f19ae7e68c2,Snake1,100,13,1
1d7fbdc1-b108-4d06-99c4-d900cc089d9d,121,76bb60ca-7481-4e6a-933b-1c811554bae3,Snake4,66,12,1
1d7fbdc1-b108-4d06-99c4-d900cc089d9d,121,2d2dd33b-464f-42d1-9d96-d0e0a3ab0eb3,Snake2,91,5,0
1d7fbdc1-b108-4d06-99c4-d900cc089d9d,121,16ac3ff4-a471-4e5c-9893-4edd0fdb5b59,Snake3,58,7,0
1d7fbdc1-b108-4d06-99c4-d900cc089d9d,122,5b27ed49-1abe-490c-9398-1f19ae7e68c2,Snake1,99,13,1
1d7fbdc1-b108-4d06-99c4-d900cc089d9d,122,76bb60ca-7481-4e6a-933b-1c811554bae3,Snake4,65,12,1
1d7fbdc1-b108-4d06-99c4-d900cc089d9d,122,2d2dd33b-464f-42d1-9d96-d0e0a3ab0eb3,Snake2,91,5,0
1d7fbdc1-b108-4d06-99c4-d900cc089d9d,122,16ac3ff4-a471-4e5c-9893-4edd0fdb5b59,Snake3,58,7,0
1d7fbdc1-b108-4d06-99c4-d900cc089d9d,122,5b27ed49-1abe-490c-9398-1f19ae7e68c2,Snake1,99,13,1
1d7fbdc1-b108-4d06-99c4-d900cc089d9d,122,76bb60ca-7481-4e6a-933b-1c811554bae3,Snake4,65,12,1
1d7fbdc1-b108-4d06-99c4-d900cc089d9d,122,2d2dd33b-464f-42d1-9d96-d0e0a3ab0eb3,Snake2,91,5,0
1d7fbdc1-b108-4d06-99c4-d900cc089d9d,122,16ac3ff4-a471-4e5c-9893-4edd0fdb5b59,Snake3,58,7,0
1d7fbdc1-b108-4d06-99c4-d900cc089d9d,123,5b27ed49-1abe-490c-9398-1f19ae7e68c2,Snake1,98,13,1
1d7fbdc1-b108-4d06-99c4-d900cc089d9d,123,76bb60ca-7481-4e6a-933b-1c811554bae3,Snake4,100,13,1
1d7fbdc1-b108-4d06-99c4-d900cc089d9d,123,2d2dd33b-464f-42d1-9d96-d0e0a3ab0eb3,Snake2,91,5,0
1d7fbdc1-b108-4d06-99c4-d900cc089d9d,123,16ac3ff4-a471-4e5c-9893-4edd0fdb5b59,Snake3,58,7,0
1d7fbdc1-b108-4d06-99c4-d900cc089d9d,123,5b27ed49-1abe-490c-9398-1f19ae7e68c2,Snake1,98,13,1
1d7fbdc1-b108-4d06-99c4-d900cc089d9d,123,76bb60ca-7481-4e6a-933b-1c811554bae3,Snake4,100,13,1
1d7fbdc1-b108-4d06-99c4-d900cc089d9d,123,2d2dd33b-464f-42d1-9d96-d0e0a3ab0eb3,Snake2,91,5,0
1d7fbdc1-b108-4d06-99c4-d900cc089d9d,123,16ac3ff4-a471-4e5c-9893-4edd0fdb5b59,Snake3,58,7,0
1d7fbdc1-b108-4d06-99c4-d900cc089d9d,124,5b27ed49-1abe-490c-9398-1f19ae7e68c2,Snake1,97,13,1
1d7fbdc1-b108-4d06-99c4-d900cc089d9d,124,76bb60ca-7481-4e6a-933b-1c811554bae3,Snake4,99,13,1
1d7fbdc1-b108-4d06-99c4-d900cc089d9d,124,2d2dd33b-464f-42d1-9d96-d0e0a3ab0eb3,Snake2,91,5,0
1d7fbdc1-b108-4d06-99c4-d900cc089d9d,124,16ac3ff4-a471-4e5c-9893-4edd0fdb5b59,Snake3,58,7,0
1d7fbdc1-b108-4d06-99c4-d900cc089d9d,124,5b27ed49-1abe-490c-9398-1f19ae7e68c2,Snake1,97,13,1
1d7fbdc1-b108-4d06-99c4-d900cc089d9d,124,76bb60ca-7481-4e6a-933b-1c811554bae3,Snake4,99,13,1
1d7fbdc1-b108-4d06-99c4-d900cc089d9d,124,2d2dd33b-464f-42d1-9d96-d0e0a3ab0eb3,Snake2,91,5,0
1d7fbdc1-b108-4d06-99c4-d900cc089d9d,124,16ac3ff4-a471-4e5c-9893-4edd0fdb5b59,Snake3,58,7,0
1d7fbdc1-b108-4d06-99c4-d900cc089d9d,125,5b27ed49-1abe-490c-9398-1f19ae7e68c2,Snake1,100,14,1
1d7fbdc1-b108-4d06-99c4-d900cc089d9d,125,76bb60ca-7481-4e6a-933b-1c811554bae3,Snake4,98,13,1
1d7fbdc1-b108-4d06-99c4-d900cc089d9d,125,2d2dd33b-464f-42d1-9d96-d0e0a3ab0eb3,Snake2,91,5,0
1d7fbdc1-b108-4d06-99c4-d900cc089d9d,125,16ac3ff4-a471-4e5c-9893-4edd0fdb5b59,Snake3,58,7,0
1d7fbdc1-b108-4d06-99c4-d900cc089d9d,125,5b27ed49-1abe-490c-9398-1f19ae7e68c2,Snake1,100,14,1
1d7fbdc1-b108-4d06-99c4-d900cc089d9d,125,76bb60ca-7481-4e6a-933b-1c811554bae3,Snake4,98,13,1
1d7fbdc1-b108-4d06-99c4-d900cc089d9d,125,2d2dd33b-464f-42d1-9d96-d0e0a3ab0eb3,Snake2,91,5,0
1d7fbdc1-b108-4d06-99c4-d900cc089d9d,125,16ac3ff4-a471-4e5c-9893-4edd0fdb5b59,Snake3,58,7,0
1d7fbdc1-b108-4d06-99c4-d900cc089d9d,126,5b27ed49-1abe-490c-9398-1f19ae7e68c2,Snake1,99,14,1
1d7fbdc1-b108-4d06-99c4-d900cc089d9d,126,76bb60ca-7481-4e6a-933b-1c811554bae3,Snake4,97,13,1
1d7fbdc1-b108-4d06-99c4-d900cc089d9d,126,2d2dd33b-464f-42d1-9d96-d0e0a3ab0eb3,Snake2,91,5,0
1d7fbdc1-b108-4d06-99c4-d900cc089d9d,126,16ac3ff4-a471-4e5c-9893-4edd0fdb5b59,Snake3,58,7,0
1d7fbdc1-b108-4d06-99c4-d900cc089d9d,127,5b27ed49-1abe-490c-9398-1f19ae7e68c2,Snake1,98,14,1
1d7fbdc1-b108-4d06-99c4-d900cc089d9d,127,76bb60ca-7481-4e6a-933b-1c811554bae3,Snake4,96,13,1
1d7fbdc1-b108-4d06-99c4-d900cc089d9d,127,2d2dd33b-464f-42d1-9d96-d0e0a3ab0eb3,Snake2,91,5,0
1d7fbdc1-b108-4d06-99c4-d900cc089d9d,127,16ac3ff4-a471-4e5c-9893-4edd0fdb5b59,Snake3,58,7,0
1d7fbdc1-b108-4d06-99c4-d900cc089d9d,127,5b27ed49-1abe-490c-9398-1f19ae7e68c2,Snake1,98,14,1
1d7fbdc1-b108-4d06-99c4-d900cc089d9d,127,76bb60ca-7481-4e6a-933b-1c811554bae3,Snake4,96,13,1
1d7fbdc1-b108-4d06-99c4-d900cc089d9d,127,2d2dd33b-464f-42d1-9d96-d0e0a3ab0eb3,Snake2,91,5,0
1d7fbdc1-b108-4d06-99c4-d900cc089d9d,127,16ac3ff4-a471-4e5c-9893-4edd0fdb5b59,Snake3,58,7,0
1d7fbdc1-b108-4d06-99c4-d900cc089d9d,128,5b27ed49-1abe-490c-9398-1f19ae7e68c2,Snake1,97,14,1
1d7fbdc1-b108-4d06-99c4-d900cc089d9d,128,76bb60ca-7481-4e6a-933b-1c811554bae3,Snake4,100,14,1
1d7fbdc1-b108-4d06-99c4-d900cc089d9d,128,2d2dd33b-464f-42d1-9d96-d0e0a3ab0eb3,Snake2,91,5,0
1d7fbdc1-b108-4d06-99c4-d900cc089d9d,128,16ac3ff4-a471-4e5c-9893-4edd0fdb5b59,Snake3,58,7,0
1d7fbdc1-b108-4d06-99c4-d900cc089d9d,128,5b27ed49-1abe-490c-9398-1f19ae7e68c2,Snake1,97,14,1
1d7fbdc1-b108-4d06-99c4-d900cc089d9d,128,76bb60ca-7481-4e6a-933b-1c811554bae3,Snake4,100,14,1
1d7fbdc1-b108-4d06-99c4-d900cc089d9d,128,2d2dd33b-464f-42d1-9d96-d0e0a3ab0eb3,Snake2,91,5,0
1d7fbdc1-b108-4d06-99c4-d900cc089d9d,128,16ac3ff4-a471-4e5c-9893-4edd0fdb5b59,Snake3,58,7,0
1d7fbdc1-b108-4d06-99c4-d900cc089d9d,129,5b27ed49-1abe-490c-9398-1f19ae7e68c2,Snake1,96,14,1
1d7fbdc1-b108-4d06-99c4-d900cc089d9d,129,76bb60ca-7481-4e6a-933b-1c811554bae3,Snake4,99,14,1
1d7fbdc1-b108-4d06-99c4-d900cc089d9d,129,2d2dd33b-464f-42d1-9d96-d0e0a3ab0eb3,Snake2,91,5,0
1d7fbdc1-b108-4d06-99c4-d900cc089d9d,129,16ac3ff4-a471-4e5c-9893-4edd0fdb5b59,Snake3,58,7,0
1d7fbdc1-b108-4d06-99c4-d900cc089d9d,129,5b27ed49-1abe-490c-9398-1f19ae7e68c2,Snake1,96,14,1
1d7fbdc1-b108-4d06-99c4-d900cc089d9d,129,76bb60ca-7481-4e6a-933b-1c811554bae3,Snake4,99,14,1
1d7fbdc1-b108-4d06-99c4-d900cc089d9d,129,2d2dd33b-464f-42d1-9d96-d0e0a3ab0eb3,Snake2,91,5,0
1d7fbdc1-b108-4d06-99c4-d900cc089d9d,129,16ac3ff4-a471-4e5c-9893-4edd0fdb5b59,Snake3,58,7,0
1d7fbdc1-b108-4d06-99c4-d900cc089d9d,130,5b27ed49-1abe-490c-9398-1f19ae7e68c2,Snake1,95,14,1
1d7fbdc1-b108-4d06-99c4-d900cc089d9d,130,76bb60ca-7481-4e6a-933b-1c811554bae3,Snake4,98,14,1
1d7fbdc1-b108-4d06-99c4-d900cc089d9d,130,2d2dd33b-464f-42d1-9d96-d0e0a3ab0eb3,Snake2,91,5,0
1d7fbdc1-b108-4d06-99c4-d900cc089d9d,130,16ac3ff4-a471-4e5c-9893-4edd0fdb5b59,Snake3,58,7,0
1d7fbdc1-b108-4d06-99c4-d900cc089d9d,130,5b27ed49-1abe-490c-9398-1f19ae7e68c2,Snake1,95,14,1
1d7fbdc1-b108-4d06-99c4-d900cc089d9d,130,76bb60ca-7481-4e6a-933b-1c811554bae3,Snake4,98,14,1
1d7fbdc1-b108-4d06-99c4-d900cc089d9d,130,2d2dd33b-464f-42d1-9d96-d0e0a3ab0eb3,Snake2,91,5,0
1d7fbdc1-b108-4d06-99c4-d900cc089d9d,130,16ac3ff4-a471-4e5c-9893-4edd0fdb5b59,Snake3,58,7,0
1d7fbdc1-b108-4d06-99c4-d900cc089d9d,131,5b27ed49-1abe-490c-9398-1f19ae7e68c2,Snake1,94,14,1
1d7fbdc1-b108-4d06-99c4-d900cc089d9d,131,76bb60ca-7481-4e6a-933b-1c811554bae3,Snake4,97,14,1
1d7fbdc1-b108-4d06-99c4-d900cc089d9d,131,2d2dd33b-464f-42d1-9d96-d0e0a3ab0eb3,Snake2,91,5,0
1d7fbdc1-b108-4d06-99c4-d900cc089d9d,131,16ac3ff4-a471-4e5c-9893-4edd0fdb5b59,Snake3,58,7,0
1d7fbdc1-b108-4d06-99c4-d900cc089d9d,131,5b27ed49-1abe-490c-9398-1f19ae7e68c2,Snake1,94,14,1
1d7fbdc1-b108-4d06-99c4-d900cc089d9d,131,76bb60ca-7481-4e6a-933b-1c811554bae3,Snake4,97,14,1
1d7fbdc1-b108-4d06-99c4-d900cc089d9d,131,2d2dd33b-464f-42d1-9d96-d0e0a3ab0eb3,Snake2,91,5,0
1d7fbdc1-b108-4d06-99c4-d900cc089d9d,131,16ac3ff4-a471-4e5c-9893-4edd0fdb5b59,Snake3,58,7,0
1d7fbdc1-b108-4d06-99c4-d900cc089d9d,132,5b27ed49-1abe-490c-9398-1f19ae7e68c2,Snake1,93,14,1
1d7fbdc1-b108-4d06-99c4-d900cc089d9d,132,76bb60ca-7481-4e6a-933b-1c811554bae3,Snake4,96,14,1
1d7fbdc1-b108-4d06-99c4-d900cc089d9d,132,2d2dd33b-464f-42d1-9d96-d0e0a3ab0eb3,Snake2,91,5,0
1d7fbdc1-b108-4d06-99c4-d900cc089d9d,132,16ac3ff4-a471-4e5c-9893-4edd0fdb5b59,Snake3,58,7,0
1d7fbdc1-b108-4d06-99c4-d900cc089d9d,133,5b27ed49-1abe-490c-9398-1f19ae7e68c2,Snake1,100,15,1
1d7fbdc1-b108-4d06-99c4-d900cc089d9d,133,76bb60ca-7481-4e6a-933b-1c811554bae3,Snake4,95,14,1
1d7fbdc1-b108-4d06-99c4-d900cc089d9d,133,2d2dd33b-464f-42d1-9d96-d0e0a3ab0eb3,Snake2,91,5,0
1d7fbdc1-b108-4d06-99c4-d900cc089d9d,133,16ac3ff4-a471-4e5c-9893-4edd0fdb5b59,Snake3,58,7,0
1d7fbdc1-b108-4d06-99c4-d900cc089d9d,133,5b27ed49-1abe-490c-9398-1f19ae7e68c2,Snake1,100,15,1
1d7fbdc1-b108-4d06-99c4-d900cc089d9d,133,76bb60ca-7481-4e6a-933b-1c811554bae3,Snake4,95,14,1
1d7fbdc1-b108-4d06-99c4-d900cc089d9d,133,2d2dd33b-464f-42d1-9d96-d0e0a3ab0eb3,Snake2,91,5,0
1d7fbdc1-b108-4d06-99c4-d900cc089d9d,133,16ac3ff4-a471-4e5c-9893-4edd0fdb5b59,Snake3,58,7,0
1d7fbdc1-b108-4d06-99c4-d900cc089d9d,134,5b27ed49-1abe-490c-9398-1f19ae7e68c2,Snake1,99,15,1
1d7fbdc1-b108-4d06-99c4-d900cc089d9d,134,76bb60ca-7481-4e6a-933b-1c811554bae3,Snake4,94,14,1
1d7fbdc1-b108-4d06-99c4-d900cc089d9d,134,2d2dd33b-464f-42d1-9d96-d0e0a3ab0eb3,Snake2,91,5,0
1d7fbdc1-b108-4d06-99c4-d900cc089d9d,134,16ac3ff4-a471-4e5c-9893-4edd0fdb5b59,Snake3,58,7,0
1d7fbdc1-b108-4d06-99c4-d900cc089d9d,135,5b27ed49-1abe-490c-9398-1f19ae7e68c2,Snake1,98,15,1
1d7fbdc1-b108-4d06-99c4-d900cc089d9d,135,76bb60ca-7481-4e6a-933b-1c811554bae3,Snake4,100,15,1
1d7fbdc1-b108-4d06-99c4-d900cc089d9d,135,2d2dd33b-464f-42d1-9d96-d0e0a3ab0eb3,Snake2,91,5,0
1d7fbdc1-b108-4d06-99c4-d900cc089d9d,135,16ac3ff4-a471-4e5c-9893-4edd0fdb5b59,Snake3,58,7,0
1d7fbdc1-b108-4d06-99c4-d900cc089d9d,135,5b27ed49-1abe-490c-9398-1f19ae7e68c2,Snake1,98,15,1
1d7fbdc1-b108-4d06-99c4-d900cc089d9d,135,76bb60ca-7481-4e6a-933b-1c811554bae3,Snake4,100,15,1
1d7fbdc1-b108-4d06-99c4-d900cc089d9d,135,2d2dd33b-464f-42d1-9d96-d0e0a3ab0eb3,Snake2,91,5,0
1d7fbdc1-b108-4d06-99c4-d900cc089d9d,135,16ac3ff4-a471-4e5c-9893-4edd0fdb5b59,Snake3,58,7,0
1d7fbdc1-b108-4d06-99c4-d900cc089d9d,136,5b27ed49-1abe-490c-9398-1f19ae7e68c2,Snake1,100,16,1
1d7fbdc1-b108-4d06-99c4-d900cc089d9d,136,76bb60ca-7481-4e6a-933b-1c811554bae3,Snake4,99,15,1
1d7fbdc1-b108-4d06-99c4-d900cc089d9d,136,2d2dd33b-464f-42d1-9d96-d0e0a3ab0eb3,Snake2,91,5,0
1d7fbdc1-b108-4d06-99c4-d900cc089d9d,136,16ac3ff4-a471-4e5c-9893-4edd0fdb5b59,Snake3,58,7,0
1d7fbdc1-b108-4d06-99c4-d900cc089d9d,136,5b27ed49-1abe-490c-9398-1f19ae7e68c2,Snake1,100,16,1
1d7fbdc1-b108-4d06-99c4-d900cc089d9d,136,76bb60ca-7481-4e6a-933b-1c811554bae3,Snake4,99,15,1
1d7fbdc1-b108-4d06-99c4-d900cc089d9d,136,2d2dd33b-464f-42d1-9d96-d0e0a3ab0eb3,Snake2,91,5,0
1d7fbdc1-b108-4d06-99c4-d900cc089d9d,136,16ac3ff4-a471-4e5c-9893-4edd0fdb5b59,Snake3,58,7,0
1d7fbdc1-b108-4d06-99c4-d900cc089d9d,137,5b27ed49-1abe-490c-9398-1f19ae7e68c2,Snake1,99,16,1
1d7fbdc1-b108-4d06-99c4-d900cc089d9d,137,76bb60ca-7481-4e6a-933b-1c811554bae3,Snake4,98,15,1
1d7fbdc1-b108-4d06-99c4-d900cc089d9d,137,2d2dd33b-464f-42d1-9d96-d0e0a3ab0eb3,Snake2,91,5,0
1d7fbdc1-b108-4d06-99c4-d900cc089d9d,137,16ac3ff4-a471-4e5c-9893-4edd0fdb5b59,Snake3,58,7,0
1d7fbdc1-b108-4d06-99c4-d900cc089d9d,137,5b27ed49-1abe-490c-9398-1f19ae7e68c2,Snake1,99,16,1
1d7fbdc1-b108-4d06-99c4-d900cc089d9d,137,76bb60ca-7481-4e6a-933b-1c811554bae3,Snake4,98,15,1
1d7fbdc1-b108-4d06-99c4-d900cc089d9d,137,2d2dd33b-464f-42d1-9d96-d0e0a3ab0eb3,Snake2,91,5,0
1d7fbdc1-b108-4d06-99c4-d900cc089d9d,137,16ac3ff4-a471-4e5c-9893-4edd0fdb5b59,Snake3,58,7,0
1d7fbdc1-b108-4d06-99c4-d900cc089d9d,138,5b27ed49-1abe-490c-9398-1f19ae7e68c2,Snake1,100,17,1
1d7fbdc1-b108-4d06-99c4-d900cc089d9d,138,76bb60ca-7481-4e6a-933b-1c811554bae3,Snake4,97,15,1
1d7fbdc1-b108-4d06-99c4-d900cc089d9d,138,2d2dd33b-464f-42d1-9d96-d0e0a3ab0eb3,Snake2,91,5,0
1d7fbdc1-b108-4d06-99c4-d900cc089d9d,138,16ac3ff4-a471-4e5c-9893-4edd0fdb5b59,Snake3,58,7,0
1d7fbdc1-b108-4d06-99c4-d900cc089d9d,138,5b27ed49-1abe-490c-9398-1f19ae7e68c2,Snake1,100,17,1
1d7fbdc1-b108-4d06-99c4-d900cc089d9d,138,76bb60ca-7481-4e6a-933b-1c811554bae3,Snake4,97,15,1
1d7fbdc1-b108-4d06-99c4-d900cc089d9d,138,2d2dd33b-464f-42d1-9d96-d0e0a3ab0eb3,Snake2,91,5,0
1d7fbdc1-b108-4d06-99c4-d900cc089d9d,138,16ac3ff4-a471-4e5c-9893-4edd0fdb5b59,Snake3,58,7,0
1d7fbdc1-b108-4d06-99c4-d900cc089d9d,139,5b27ed49-1abe-490c-9398-1f19ae7e68c2,Snake1,99,17,1
1d7fbdc1-b108-4d06-99c4-d900cc089d9d,139,76bb60ca-7481-4e6a-933b-1c811554bae3,Snake4,96,15,1
1d7fbdc1-b108-4d06-99c4-d900cc089d9d,139,2d2dd33b-464f-42d1-9d96-d0e0a3ab0eb3,Snake2,91,5,0
1d7fbdc1-b108-4d06-99c4-d900cc089d9d,139,16ac3ff4-a471-4e5c-9893-4edd0fdb5b59,Snake3,58,7,0
1d7fbdc1-b108-4d06-99c4-d900cc089d9d,139,5b27ed49-1abe-490c-9398-1f19ae7e68c2,Snake1,99,17,1
1d7fbdc1-b108-4d06-99c4-d900cc089d9d,139,76bb60ca-7481-4e6a-933b-1c811554bae3,Snake4,96,15,1
1d7fbdc1-b108-4d06-99c4-d900cc089d9d,139,2d2dd33b-464f-42d1-9d96-d0e0a3ab0eb3,Snake2,91,5,0
1d7fbdc1-b108-4d06-99c4-d900cc089d9d,139,16ac3ff4-a471-4e5c-9893-4edd0fdb5b59,Snake3,58,7,0
1d7fbdc1-b108-4d06-99c4-d900cc089d9d,140,5b27ed49-1abe-490c-9398-1f19ae7e68c2,Snake1,98,17,1
1d7fbdc1-b108-4d06-99c4-d900cc089d9d,140,76bb60ca-7481-4e6a-933b-1c811554bae3,Snake4,95,15,1
1d7fbdc1-b108-4d06-99c4-d900cc089d9d,140,2d2dd33b-464f-42d1-9d96-d0e0a3ab0eb3,Snake2,91,5,0
1d7fbdc1-b108-4d06-99c4-d900cc089d9d,140,16ac3ff4-a471-4e5c-9893-4edd0fdb5b59,Snake3,58,7,0
1d7fbdc1-b108-4d06-99c4-d900cc089d9d,140,5b27ed49-1abe-490c-9398-1f19ae7e68c2,Snake1,98,17,1
1d7fbdc1-b108-4d06-99c4-d900cc089d9d,140,76bb60ca-7481-4e6a-933b-1c811554bae3,Snake4,95,15,1
1d7fbdc1-b108-4d06-99c4-d900cc089d9d,140,2d2dd33b-464f-42d1-9d96-d0e0a3ab0eb3,Snake2,91,5,0
1d7fbdc1-b108-4d06-99c4-d900cc089d9d,140,16ac3ff4-a471-4e5c-9893-4edd0fdb5b59,Snake3,58,7,0
1d7fbdc1-b108-4d06-99c4-d900cc089d9d,141,5b27ed49-1abe-490c-9398-1f19ae7e68c2,Snake1,97,17,1
1d7fbdc1-b108-4d06-99c4-d900cc089d9d,141,76bb60ca-7481-4e6a-933b-1c811554bae3,Snake4,94,15,1
1d7fbdc1-b108-4d06-99c4-d900cc089d9d,141,2d2dd33b-464f-42d1-9d96-d0e0a3ab0eb3,Snake2,91,5,0
1d7fbdc1-b108-4d06-99c4-d900cc089d9d,141,16ac3ff4-a471-4e5c-9893-4edd0fdb5b59,Snake3,58,7,0
1d7fbdc1-b108-4d06-99c4-d900cc089d9d,142,5b27ed49-1abe-490c-9398-1f19ae7e68c2,Snake1,96,17,1
1d7fbdc1-b108-4d06-99c4-d900cc089d9d,142,76bb60ca-7481-4e6a-933b-1c811554bae3,Snake4,93,15,1
1d7fbdc1-b108-4d06-99c4-d900cc089d9d,142,2d2dd33b-464f-42d1-9d96-d0e0a3ab0eb3,Snake2,91,5,0
1d7fbdc1-b108-4d06-99c4-d900cc089d9d,142,16ac3ff4-a471-4e5c-9893-4edd0fdb5b59,Snake3,58,7,0
1d7fbdc1-b108-4d06-99c4-d900cc089d9d,143,5b27ed49-1abe-490c-9398-1f19ae7e68c2,Snake1,95,17,1
1d7fbdc1-b108-4d06-99c4-d900cc089d9d,143,76bb60ca-7481-4e6a-933b-1c811554bae3,Snake4,92,15,1
1d7fbdc1-b108-4d06-99c4-d900cc089d9d,143,2d2dd33b-464f-42d1-9d96-d0e0a3ab0eb3,Snake2,91,5,0
1d7fbdc1-b108-4d06-99c4-d900cc089d9d,143,16ac3ff4-a471-4e5c-9893-4edd0fdb5b59,Snake3,58,7,0
1d7fbdc1-b108-4d06-99c4-d900cc089d9d,143,5b27ed49-1abe-490c-9398-1f19ae7e68c2,Snake1,95,17,1
1d7fbdc1-b108-4d06-99c4-d900cc089d9d,143,76bb60ca-7481-4e6a-933b-1c811554bae3,Snake4,92,15,1
1d7fbdc1-b108-4d06-99c4-d900cc089d9d,143,2d2dd33b-464f-42d1-9d96-d0e0a3ab0eb3,Snake2,91,5,0
1d7fbdc1-b108-4d06-99c4-d900cc089d9d,143,16ac3ff4-a471-4e5c-9893-4edd0fdb5b59,Snake3,58,7,0
1d7fbdc1-b108-4d06-99c4-d900cc089d9d,144,5b27ed49-1abe-490c-9398-1f19ae7e68c2,Snake1,94,17,1
1d7fbdc1-b108-4d06-99c4-d900cc089d9d,144,76bb60ca-7481-4e6a-933b-1c811554bae3,Snake4,91,15,1
1d7fbdc1-b108-4d06-99c4-d900cc089d9d,144,2d2dd33b-464f-42d1-9d96-d0e0a3ab0eb3,Snake2,91,5,0
1d7fbdc1-b108-4d06-99c4-d900cc089d9d,144,16ac3ff4-a471-4e5c-9893-4edd0fdb5b59,Snake3,58,7,0
1d7fbdc1-b108-4d06-99c4-d900cc089d9d,144,5b27ed49-1abe-490c-9398-1f19ae7e68c2,Snake1,94,17,1
1d7fbdc1-b108-4d06-99c4-d900cc089d9d,144,76bb60ca-7481-4e6a-933b-1c811554bae3,Snake4,91,15,1
1d7fbdc1-b108-4d06-99c4-d900cc089d9d,144,2d2dd33b-464f-42d1-9d96-d0e0a3ab0eb3,Snake2,91,5,0
1d7fbdc1-b108-4d06-99c4-d900cc089d9d,144,16ac3ff4-a471-4e5c-9893-4edd0fdb5b59,Snake3,58,7,0
1d7fbdc1-b108-4d06-99c4-d900cc089d9d,145,5b27ed49-1abe-490c-9398-1f19ae7e68c2,Snake1,93,17,1
1d7fbdc1-b108-4d06-99c4-d900cc089d9d,145,76bb60ca-7481-4e6a-933b-1c811554bae3,Snake4,90,15,1
1d7fbdc1-b108-4d06-99c4-d900cc089d9d,145,2d2dd33b-464f-42d1-9d96-d0e0a3ab0eb3,Snake2,91,5,0
1d7fbdc1-b108-4d06-99c4-d900cc089d9d,145,16ac3ff4-a471-4e5c-9893-4edd0fdb5b59,Snake3,58,7,0
1d7fbdc1-b108-4d06-99c4-d900cc089d9d,145,5b27ed49-1abe-490c-9398-1f19ae7e68c2,Snake1,93,17,1
1d7fbdc1-b108-4d06-99c4-d900cc089d9d,145,76bb60ca-7481-4e6a-933b-1c811554bae3,Snake4,90,15,1
1d7fbdc1-b108-4d06-99c4-d900cc089d9d,145,2d2dd33b-464f-42d1-9d96-d0e0a3ab0eb3,Snake2,91,5,0
1d7fbdc1-b108-4d06-99c4-d900cc089d9d,145,16ac3ff4-a471-4e5c-9893-4edd0fdb5b59,Snake3,58,7,0
1d7fbdc1-b108-4d06-99c4-d900cc089d9d,146,5b27ed49-1abe-490c-9398-1f19ae7e68c2,Snake1,92,17,1
1d7fbdc1-b108-4d06-99c4-d900cc089d9d,146,76bb60ca-7481-4e6a-933b-1c811554bae3,Snake4,89,15,1
1d7fbdc1-b108-4d06-99c4-d900cc089d9d,146,2d2dd33b-464f-42d1-9d96-d0e0a3ab0eb3,Snake2,91,5,0
1d7fbdc1-b108-4d06-99c4-d900cc089d9d,146,16ac3ff4-a471-4e5c-9893-4edd0fdb5b59,Snake3,58,7,0
1d7fbdc1-b108-4d06-99c4-d900cc089d9d,146,5b27ed49-1abe-490c-9398-1f19ae7e68c2,Snake1,92,17,1
1d7fbdc1-b108-4d06-99c4-d900cc089d9d,146,76bb60ca-7481-4e6a-933b-1c811554bae3,Snake4,89,15,1
1d7fbdc1-b108-4d06-99c4-d900cc089d9d,146,2d2dd33b-464f-42d1-9d96-d0e0a3ab0eb3,Snake2,91,5,0
1d7fbdc1-b108-4d06-99c4-d900cc089d9d,146,16ac3ff4-a471-4e5c-9893-4edd0fdb5b59,Snake3,58,7,0
1d7fbdc1-b108-4d06-99c4-d900cc089d9d,147,5b27ed49-1abe-490c-9398-1f19ae7e68c2,Snake1,91,17,1
1d7fbdc1-b108-4d06-99c4-d900cc089d9d,147,76bb60ca-7481-4e6a-933b-1c811554bae3,Snake4,88,15,1
1d7fbdc1-b108-4d06-99c4-d900cc089d9d,147,2d2dd33b-464f-42d1-9d96-d0e0a3ab0eb3,Snake2,91,5,0
1d7fbdc1-b108-4d06-99c4-d900cc089d9d,147,16ac3ff4-a471-4e5c-9893-4edd0fdb5b59,Snake3,58,7,0
1d7fbdc1-b108-4d06-99c4-d900cc089d9d,147,5b27ed49-1abe-490c-9398-1f19ae7e68c2,Snake1,91,17,1
1d7fbdc1-b108-4d06-99c4-d900cc089d9d,147,76bb60ca-7481-4e6a-933b-1c811554bae3,Snake4,88,15,1
1d7fbdc1-b108-4d06-99c4-d900cc089d9d,147,2d2dd33b-464f-42d1-9d96-d0e0a3ab0eb3,Snake2,91,5,0
1d7fbdc1-b108-4d06-99c4-d900cc089d9d,147,16ac3ff4-a471-4e5c-9893-4edd0fdb5b59,Snake3,58,7,0
1d7fbdc1-b108-4d06-99c4-d900cc089d9d,148,5b27ed49-1abe-490c-9398-1f19ae7e68c2,Snake1,90,17,1
1d7fbdc1-b108-4d06-99c4-d900cc089d9d,148,76bb60ca-7481-4e6a-933b-1c811554bae3,Snake4,87,15,1
1d7fbdc1-b108-4d06-99c4-d900cc089d9d,148,2d2dd33b-464f-42d1-9d96-d0e0a3ab0eb3,Snake2,91,5,0
1d7fbdc1-b108-4d06-99c4-d900cc089d9d,148,16ac3ff4-a471-4e5c-9893-4edd0fdb5b59,Snake3,58,7,0
1d7fbdc1-b108-4d06-99c4-d900cc089d9d,148,5b27ed49-1abe-490c-9398-1f19ae7e68c2,Snake1,90,17,1
1d7fbdc1-b108-4d06-99c4-d900cc089d9d,148,76bb60ca-7481-4e6a-933b-1c811554bae3,Snake4,87,15,1
1d7fbdc1-b108-4d06-99c4-d900cc089d9d,148,2d2dd33b-464f-42d1-9d96-d0e0a3ab0eb3,Snake2,91,5,0
1d7fbdc1-b108-4d06-99c4-d900cc089d9d,148,16ac3ff4-a471-4e5c-9893-4edd0fdb5b59,Snake3,58,7,0
1d7fbdc1-b108-4d06-99c4-d900cc089d9d,149,5b27ed49-1abe-490c-9398-1f19ae7e68c2,Snake1,89,17,1
1d7fbdc1-b108-4d06-99c4-d900cc089d9d,149,76bb60ca-7481-4e6a-933b-1c811554bae3,Snake4,86,15,1
1d7fbdc1-b108-4d06-99c4-d900cc089d9d,149,2d2dd33b-464f-42d1-9d96-d0e0a3ab0eb3,Snake2,91,5,0
1d7fbdc1-b108-4d06-99c4-d900cc089d9d,149,16ac3ff4-a471-4e5c-9893-4edd0fdb5b59,Snake3,58,7,0
1d7fbdc1-b108-4d06-99c4-d900cc089d9d,149,5b27ed49-1abe-490c-9398-1f19ae7e68c2,Snake1,89,17,1
1d7fbdc1-b108-4d06-99c4-d900cc089d9d,149,76bb60ca-7481-4e6a-933b-1c811554bae3,Snake4,86,15,1
1d7fbdc1-b108-4d06-99c4-d900cc089d9d,149,2d2dd33b-464f-42d1-9d96-d0e0a3ab0eb3,Snake2,91,5,0
1d7fbdc1-b108-4d06-99c4-d900cc089d9d,149,16ac3ff4-a471-4e5c-9893-4edd0fdb5b59,Snake3,58,7,0
1d7fbdc1-b108-4d06-99c4-d900cc089d9d,150,5b27ed49-1abe-490c-9398-1f19ae7e68c2,Snake1,88,17,1
1d7fbdc1-b108-4d06-99c4-d900cc089d9d,150,76bb60ca-7481-4e6a-933b-1c811554bae3,Snake4,85,15,1
1d7fbdc1-b108-4d06-99c4-d900cc089d9d,150,2d2dd33b-464f-42d1-9d96-d0e0a3ab0eb3,Snake2,91,5,0
1d7fbdc1-b108-4d06-99c4-d900cc089d9d,150,16ac3ff4-a471-4e5c-9893-4edd0fdb5b59,Snake3,58,7,0
1d7fbdc1-b108-4d06-99c4-d900cc089d9d,150,5b27ed49-1abe-490c-9398-1f19ae7e68c2,Snake1,88,17,1
1d7fbdc1-b108-4d06-99c4-d900cc089d9d,150,76bb60ca-7481-4e6a-933b-1c811554bae3,Snake4,85,15,1
1d7fbdc1-b108-4d06-99c4-d900cc089d9d,150,2d2dd33b-464f-42d1-9d96-d0e0a3ab0eb3,Snake2,91,5,0
1d7fbdc1-b108-4d06-99c4-d900cc089d9d,150,16ac3ff4-a471-4e5c-9893-4edd0fdb5b59,Snake3,58,7,0
1d7fbdc1-b108-4d06-99c4-d900cc089d9d,151,5b27ed49-1abe-490c-9398-1f19ae7e68c2,Snake1,87,17,1
1d7fbdc1-b108-4d06-99c4-d900cc089d9d,151,76bb60ca-7481-4e6a-933b-1c811554bae3,Snake4,100,16,1
1d7fbdc1-b108-4d06-99c4-d900cc089d9d,151,2d2dd33b-464f-42d1-9d96-d0e0a3ab0eb3,Snake2,91,5,0
1d7fbdc1-b108-4d06-99c4-d900cc089d9d,151,16ac3ff4-a471-4e5c-9893-4edd0fdb5b59,Snake3,58,7,0
1d7fbdc1-b108-4d06-99c4-d900cc089d9d,151,5b27ed49-1abe-490c-9398-1f19ae7e68c2,Snake1,87,17,1
1d7fbdc1-b108-4d06-99c4-d900cc089d9d,151,76bb60ca-7481-4e6a-933b-1c811554bae3,Snake4,100,16,1
1d7fbdc1-b108-4d06-99c4-d900cc089d9d,151,2d2dd33b-464f-42d1-9d96-d0e0a3ab0eb3,Snake2,91,5,0
1d7fbdc1-b108-4d06-99c4-d900cc089d9d,151,16ac3ff4-a471-4e5c-9893-4edd0fdb5b59,Snake3,58,7,0
1d7fbdc1-b108-4d06-99c4-d900cc089d9d,152,5b27ed49-1abe-490c-9398-1f19ae7e68c2,Snake1,86,17,1
1d7fbdc1-b108-4d06-99c4-d900cc089d9d,152,76bb60ca-7481-4e6a-933b-1c811554bae3,Snake4,99,16,1
1d7fbdc1-b108-4d06-99c4-d900cc089d9d,152,2d2dd33b-464f-42d1-9d96-d0e0a3ab0eb3,Snake2,91,5,0
1d7fbdc1-b108-4d06-99c4-d900cc089d9d,152,16ac3ff4-a471-4e5c-9893-4edd0fdb5b59,Snake3,58,7,0
1d7fbdc1-b108-4d06-99c4-d900cc089d9d,152,5b27ed49-1abe-490c-9398-1f19ae7e68c2,Snake1,86,17,1
1d7fbdc1-b108-4d06-99c4-d900cc089d9d,152,76bb60ca-7481-4e6a-933b-1c811554bae3,Snake4,99,16,1
1d7fbdc1-b108-4d06-99c4-d900cc089d9d,152,2d2dd33b-464f-42d1-9d96-d0e0a3ab0eb3,Snake2,91,5,0
1d7fbdc1-b108-4d06-99c4-d900cc089d9d,152,16ac3ff4-a471-4e5c-9893-4edd0fdb5b59,Snake3,58,7,0
1d7fbdc1-b108-4d06-99c4-d900cc089d9d,153,5b27ed49-1abe-490c-9398-1f19ae7e68c2,Snake1,85,17,1
1d7fbdc1-b108-4d06-99c4-d900cc089d9d,153,76bb60ca-7481-4e6a-933b-1c811554bae3,Snake4,98,16,1
1d7fbdc1-b108-4d06-99c4-d900cc089d9d,153,2d2dd33b-464f-42d1-9d96-d0e0a3ab0eb3,Snake2,91,5,0
1d7fbdc1-b108-4d06-99c4-d900cc089d9d,153,16ac3ff4-a471-4e5c-9893-4edd0fdb5b59,Snake3,58,7,0
1d7fbdc1-b108-4d06-99c4-d900cc089d9d,153,5b27ed49-1abe-490c-9398-1f19ae7e68c2,Snake1,85,17,1
1d7fbdc1-b108-4d06-99c4-d900cc089d9d,153,76bb60ca-7481-4e6a-933b-1c811554bae3,Snake4,98,16,1
1d7fbdc1-b108-4d06-99c4-d900cc089d9d,153,2d2dd33b-464f-42d1-9d96-d0e0a3ab0eb3,Snake2,91,5,0
1d7fbdc1-b108-4d06-99c4-d900cc089d9d,153,16ac3ff4-a471-4e5c-9893-4edd0fdb5b59,Snake3,58,7,0
1d7fbdc1-b108-4d06-99c4-d900cc089d9d,154,5b27ed49-1abe-490c-9398-1f19ae7e68c2,Snake1,84,17,1
1d7fbdc1-b108-4d06-99c4-d900cc089d9d,154,76bb60ca-7481-4e6a-933b-1c811554bae3,Snake4,97,16,1
1d7fbdc1-b108-4d06-99c4-d900cc089d9d,154,2d2dd33b-464f-42d1-9d96-d0e0a3ab0eb3,Snake2,91,5,0
1d7fbdc1-b108-4d06-99c4-d900cc089d9d,154,16ac3ff4-a471-4e5c-9893-4edd0fdb5b59,Snake3,58,7,0
1d7fbdc1-b108-4d06-99c4-d900cc089d9d,154,5b27ed49-1abe-490c-9398-1f19ae7e68c2,Snake1,84,17,1
1d7fbdc1-b108-4d06-99c4-d900cc089d9d,154,76bb60ca-7481-4e6a-933b-1c811554bae3,Snake4,97,16,1
1d7fbdc1-b108-4d06-99c4-d900cc089d9d,154,2d2dd33b-464f-42d1-9d96-d0e0a3ab0eb3,Snake2,91,5,0
1d7fbdc1-b108-4d06-99c4-d900cc089d9d,154,16ac3ff4-a471-4e5c-9893-4edd0fdb5b59,Snake3,58,7,0
1d7fbdc1-b108-4d06-99c4-d900cc089d9d,155,5b27ed49-1abe-490c-9398-1f19ae7e68c2,Snake1,83,17,1
1d7fbdc1-b108-4d06-99c4-d900cc089d9d,155,76bb60ca-7481-4e6a-933b-1c811554bae3,Snake4,96,16,1
1d7fbdc1-b108-4d06-99c4-d900cc089d9d,155,2d2dd33b-464f-42d1-9d96-d0e0a3ab0eb3,Snake2,91,5,0
1d7fbdc1-b108-4d06-99c4-d900cc089d9d,155,16ac3ff4-a471-4e5c-9893-4edd0fdb5b59,Snake3,58,7,0
1d7fbdc1-b108-4d06-99c4-d900cc089d9d,155,5b27ed49-1abe-490c-9398-1f19ae7e68c2,Snake1,83,17,1
1d7fbdc1-b108-4d06-99c4-d900cc089d9d,155,76bb60ca-7481-4e6a-933b-1c811554bae3,Snake4,96,16,1
1d7fbdc1-b108-4d06-99c4-d900cc089d9d,155,2d2dd33b-464f-42d1-9d96-d0e0a3ab0eb3,Snake2,91,5,0
1d7fbdc1-b108-4d06-99c4-d900cc089d9d,155,16ac3ff4-a471-4e5c-9893-4edd0fdb5b59,Snake3,58,7,0
1d7fbdc1-b108-4d06-99c4-d900cc089d9d,156,5b27ed49-1abe-490c-9398-1f19ae7e68c2,Snake1,82,17,1
1d7fbdc1-b108-4d06-99c4-d900cc089d9d,156,76bb60ca-7481-4e6a-933b-1c811554bae3,Snake4,95,16,1
1d7fbdc1-b108-4d06-99c4-d900cc089d9d,156,2d2dd33b-464f-42d1-9d96-d0e0a3ab0eb3,Snake2,91,5,0
1d7fbdc1-b108-4d06-99c4-d900cc089d9d,156,16ac3ff4-a471-4e5c-9893-4edd0fdb5b59,Snake3,58,7,0
1d7fbdc1-b108-4d06-99c4-d900cc089d9d,157,5b27ed49-1abe-490c-9398-1f19ae7e68c2,Snake1,100,18,1
1d7fbdc1-b108-4d06-99c4-d900cc089d9d,157,76bb60ca-7481-4e6a-933b-1c811554bae3,Snake4,94,16,1
1d7fbdc1-b108-4d06-99c4-d900cc089d9d,157,2d2dd33b-464f-42d1-9d96-d0e0a3ab0eb3,Snake2,91,5,0
1d7fbdc1-b108-4d06-99c4-d900cc089d9d,157,16ac3ff4-a471-4e5c-9893-4edd0fdb5b59,Snake3,58,7,0
1d7fbdc1-b108-4d06-99c4-d900cc089d9d,158,5b27ed49-1abe-490c-9398-1f19ae7e68c2,Snake1,99,18,1
1d7fbdc1-b108-4d06-99c4-d900cc089d9d,158,76bb60ca-7481-4e6a-933b-1c811554bae3,Snake4,93,16,1
1d7fbdc1-b108-4d06-99c4-d900cc089d9d,158,2d2dd33b-464f-42d1-9d96-d0e0a3ab0eb3,Snake2,91,5,0
1d7fbdc1-b108-4d06-99c4-d900cc089d9d,158,16ac3ff4-a471-4e5c-9893-4edd0fdb5b59,Snake3,58,7,0
1d7fbdc1-b108-4d06-99c4-d900cc089d9d,158,5b27ed49-1abe-490c-9398-1f19ae7e68c2,Snake1,99,18,1
1d7fbdc1-b108-4d06-99c4-d900cc089d9d,158,76bb60ca-7481-4e6a-933b-1c811554bae3,Snake4,93,16,1
1d7fbdc1-b108-4d06-99c4-d900cc089d9d,158,2d2dd33b-464f-42d1-9d96-d0e0a3ab0eb3,Snake2,91,5,0
1d7fbdc1-b108-4d06-99c4-d900cc089d9d,158,16ac3ff4-a471-4e5c-9893-4edd0fdb5b59,Snake3,58,7,0
1d7fbdc1-b108-4d06-99c4-d900cc089d9d,159,5b27ed49-1abe-490c-9398-1f19ae7e68c2,Snake1,98,18,1
1d7fbdc1-b108-4d06-99c4-d900cc089d9d,159,76bb60ca-7481-4e6a-933b-1c811554bae3,Snake4,92,16,1
1d7fbdc1-b108-4d06-99c4-d900cc089d9d,159,2d2dd33b-464f-42d1-9d96-d0e0a3ab0eb3,Snake2,91,5,0
1d7fbdc1-b108-4d06-99c4-d900cc089d9d,159,16ac3ff4-a471-4e5c-9893-4edd0fdb5b59,Snake3,58,7,0
1d7fbdc1-b108-4d06-99c4-d900cc089d9d,159,5b27ed49-1abe-490c-9398-1f19ae7e68c2,Snake1,98,18,1
1d7fbdc1-b108-4d06-99c4-d900cc089d9d,159,76bb60ca-7481-4e6a-933b-1c811554bae3,Snake4,92,16,1
1d7fbdc1-b108-4d06-99c4-d900cc089d9d,159,2d2dd33b-464f-42d1-9d96-d0e0a3ab0eb3,Snake2,91,5,0
1d7fbdc1-b108-4d06-99c4-d900cc089d9d,159,16ac3ff4-a471-4e5c-9893-4edd0fdb5b59,Snake3,58,7,0
1d7fbdc1-b108-4d06-99c4-d900cc089d9d,160,5b27ed49-1abe-490c-9398-1f19ae7e68c2,Snake1,97,18,1
1d7fbdc1-b108-4d06-99c4-d900cc089d9d,160,76bb60ca-7481-4e6a-933b-1c811554bae3,Snake4,91,16,1
1d7fbdc1-b108-4d06-99c4-d900cc089d9d,160,2d2dd33b-464f-42d1-9d96-d0e0a3ab0eb3,Snake2,91,5,0
1d7fbdc1-b108-4d06-99c4-d900cc089d9d,160,16ac3ff4-a471-4e5c-9893-4edd0fdb5b59,Snake3,58,7,0
1d7fbdc1-b108-4d06-99c4-d900cc089d9d,160,5b27ed49-1abe-490c-9398-1f19ae7e68c2,Snake1,97,18,1
1d7fbdc1-b108-4d06-99c4-d900cc089d9d,160,76bb60ca-7481-4e6a-933b-1c811554bae3,Snake4,91,16,1
1d7fbdc1-b108-4d06-99c4-d900cc089d9d,160,2d2dd33b-464f-42d1-9d96-d0e0a3ab0eb3,Snake2,91,5,0
1d7fbdc1-b108-4d06-99c4-d900cc089d9d,160,16ac3ff4-a471-4e5c-9893-4edd0fdb5b59,Snake3,58,7,0
1d7fbdc1-b108-4d06-99c4-d900cc089d9d,161,5b27ed49-1abe-490c-9398-1f19ae7e68c2,Snake1,96,18,1
1d7fbdc1-b108-4d06-99c4-d900cc089d9d,161,76bb60ca-7481-4e6a-933b-1c811554bae3,Snake4,90,16,1
1d7fbdc1-b108-4d06-99c4-d900cc089d9d,161,2d2dd33b-464f-42d1-9d96-d0e0a3ab0eb3,Snake2,91,5,0
1d7fbdc1-b108-4d06-99c4-d900cc089d9d,161,16ac3ff4-a471-4e5c-9893-4edd0fdb5b59,Snake3,58,7,0
1d7fbdc1-b108-4d06-99c4-d900cc089d9d,161,5b27ed49-1abe-490c-9398-1f19ae7e68c2,Snake1,96,18,1
1d7fbdc1-b108-4d06-99c4-d900cc089d9d,161,76bb60ca-7481-4e6a-933b-1c811554bae3,Snake4,90,16,1
1d7fbdc1-b108-4d06-99c4-d900cc089d9d,161,2d2dd33b-464f-42d1-9d96-d0e0a3ab0eb3,Snake2,91,5,0
1d7fbdc1-b108-4d06-99c4-d900cc089d9d,161,16ac3ff4-a471-4e5c-9893-4edd0fdb5b59,Snake3,58,7,0
1d7fbdc1-b108-4d06-99c4-d900cc089d9d,162,5b27ed49-1abe-490c-9398-1f19ae7e68c2,Snake1,95,18,1
1d7fbdc1-b108-4d06-99c4-d900cc089d9d,162,76bb60ca-7481-4e6a-933b-1c811554bae3,Snake4,89,16,1
1d7fbdc1-b108-4d06-99c4-d900cc089d9d,162,2d2dd33b-464f-42d1-9d96-d0e0a3ab0eb3,Snake2,91,5,0
1d7fbdc1-b108-4d06-99c4-d900cc089d9d,162,16ac3ff4-a471-4e5c-9893-4edd0fdb5b59,Snake3,58,7,0
1d7fbdc1-b108-4d06-99c4-d900cc089d9d,162,5b27ed49-1abe-490c-9398-1f19ae7e68c2,Snake1,95,18,1
1d7fbdc1-b108-4d06-99c4-d900cc089d9d,162,76bb60ca-7481-4e6a-933b-1c811554bae3,Snake4,89,16,1
1d7fbdc1-b108-4d06-99c4-d900cc089d9d,162,2d2dd33b-464f-42d1-9d96-d0e0a3ab0eb3,Snake2,91,5,0
1d7fbdc1-b108-4d06-99c4-d900cc089d9d,162,16ac3ff4-a471-4e5c-9893-4edd0fdb5b59,Snake3,58,7,0
1d7fbdc1-b108-4d06-99c4-d900cc089d9d,163,5b27ed49-1abe-490c-9398-1f19ae7e68c2,Snake1,94,18,1
1d7fbdc1-b108-4d06-99c4-d900cc089d9d,163,76bb60ca-7481-4e6a-933b-1c811554bae3,Snake4,88,16,1
1d7fbdc1-b108-4d06-99c4-d900cc089d9d,163,2d2dd33b-464f-42d1-9d96-d0e0a3ab0eb3,Snake2,91,5,0
1d7fbdc1-b108-4d06-99c4-d900cc089d9d,163,16ac3ff4-a471-4e5c-9893-4edd0fdb5b59,Snake3,58,7,0
1d7fbdc1-b108-4d06-99c4-d900cc089d9d,163,5b27ed49-1abe-490c-9398-1f19ae7e68c2,Snake1,94,18,1
1d7fbdc1-b108-4d06-99c4-d900cc089d9d,163,76bb60ca-7481-4e6a-933b-1c811554bae3,Snake4,88,16,1
1d7fbdc1-b108-4d06-99c4-d900cc089d9d,163,2d2dd33b-464f-42d1-9d96-d0e0a3ab0eb3,Snake2,91,5,0
1d7fbdc1-b108-4d06-99c4-d900cc089d9d,163,16ac3ff4-a471-4e5c-9893-4edd0fdb5b59,Snake3,58,7,0
1d7fbdc1-b108-4d06-99c4-d900cc089d9d,164,5b27ed49-1abe-490c-9398-1f19ae7e68c2,Snake1,93,18,1
1d7fbdc1-b108-4d06-99c4-d900cc089d9d,164,76bb60ca-7481-4e6a-933b-1c811554bae3,Snake4,87,16,1
1d7fbdc1-b108-4d06-99c4-d900cc089d9d,164,2d2dd33b-464f-42d1-9d96-d0e0a3ab0eb3,Snake2,91,5,0
1d7fbdc1-b108-4d06-99c4-d900cc089d9d,164,16ac3ff4-a471-4e5c-9893-4edd0fdb5b59,Snake3,58,7,0
1d7fbdc1-b108-4d06-99c4-d900cc089d9d,164,5b27ed49-1abe-490c-9398-1f19ae7e68c2,Snake1,93,18,1
1d7fbdc1-b108-4d06-99c4-d900cc089d9d,164,76bb60ca-7481-4e6a-933b-1c811554bae3,Snake4,87,16,1
1d7fbdc1-b108-4d06-99c4-d900cc089d9d,164,2d2dd33b-464f-42d1-9d96-d0e0a3ab0eb3,Snake2,91,5,0
1d7fbdc1-b108-4d06-99c4-d900cc089d9d,164,16ac3ff4-a471-4e5c-9893-4edd0fdb5b59,Snake3,58,7,0
1d7fbdc1-b108-4d06-99c4-d900cc089d9d,165,5b27ed49-1abe-490c-9398-1f19ae7e68c2,Snake1,92,18,1
1d7fbdc1-b108-4d06-99c4-d900cc089d9d,165,76bb60ca-7481-4e6a-933b-1c811554bae3,Snake4,86,16,1
1d7fbdc1-b108-4d06-99c4-d900cc089d9d,165,2d2dd33b-464f-42d1-9d96-d0e0a3ab0eb3,Snake2,91,5,0
1d7fbdc1-b108-4d06-99c4-d900cc089d9d,165,16ac3ff4-a471-4e5c-9893-4edd0fdb5b59,Snake3,58,7,0
1d7fbdc1-b108-4d06-99c4-d900cc089d9d,165,5b27ed49-1abe-490c-9398-1f19ae7e68c2,Snake1,92,18,1
1d7fbdc1-b108-4d06-99c4-d900cc089d9d,165,76bb60ca-7481-4e6a-933b-1c811554bae3,Snake4,86,16,1
1d7fbdc1-b108-4d06-99c4-d900cc089d9d,165,2d2dd33b-464f-42d1-9d96-d0e0a3ab0eb3,Snake2,91,5,0
1d7fbdc1-b108-4d06-99c4-d900cc089d9d,165,16ac3ff4-a471-4e5c-9893-4edd0fdb5b59,Snake3,58,7,0
1d7fbdc1-b108-4d06-99c4-d900cc089d9d,166,5b27ed49-1abe-490c-9398-1f19ae7e68c2,Snake1,91,18,1
1d7fbdc1-b108-4d06-99c4-d900cc089d9d,166,76bb60ca-7481-4e6a-933b-1c811554bae3,Snake4,85,16,1
1d7fbdc1-b108-4d06-99c4-d900cc089d9d,166,2d2dd33b-464f-42d1-9d96-d0e0a3ab0eb3,Snake2,91,5,0
1d7fbdc1-b108-4d06-99c4-d900cc089d9d,166,16ac3ff4-a471-4e5c-9893-4edd0fdb5b59,Snake3,58,7,0
1d7fbdc1-b108-4d06-99c4-d900cc089d9d,166,5b27ed49-1abe-490c-9398-1f19ae7e68c2,Snake1,91,18,1
1d7fbdc1-b108-4d06-99c4-d900cc089d9d,166,76bb60ca-7481-4e6a-933b-1c811554bae3,Snake4,85,16,1
1d7fbdc1-b108-4d06-99c4-d900cc089d9d,166,2d2dd33b-464f-42d1-9d96-d0e0a3ab0eb3,Snake2,91,5,0
1d7fbdc1-b108-4d06-99c4-d900cc089d9d,166,16ac3ff4-a471-4e5c-9893-4edd0fdb5b59,Snake3,58,7,0
1d7fbdc1-b108-4d06-99c4-d900cc089d9d,167,5b27ed49-1abe-490c-9398-1f19ae7e68c2,Snake1,90,18,1
1d7fbdc1-b108-4d06-99c4-d900cc089d9d,167,76bb60ca-7481-4e6a-933b-1c811554bae3,Snake4,84,16,1
1d7fbdc1-b108-4d06-99c4-d900cc089d9d,167,2d2dd33b-464f-42d1-9d96-d0e0a3ab0eb3,Snake2,91,5,0
1d7fbdc1-b108-4d06-99c4-d900cc089d9d,167,16ac3ff4-a471-4e5c-9893-4edd0fdb5b59,Snake3,58,7,0
1d7fbdc1-b108-4d06-99c4-d900cc089d9d,167,5b27ed49-1abe-490c-9398-1f19ae7e68c2,Snake1,90,18,1
1d7fbdc1-b108-4d06-99c4-d900cc089d9d,167,76bb60ca-7481-4e6a-933b-1c811554bae3,Snake4,84,16,1
1d7fbdc1-b108-4d06-99c4-d900cc089d9d,167,2d2dd33b-464f-42d1-9d96-d0e0a3ab0eb3,Snake2,91,5,0
1d7fbdc1-b108-4d06-99c4-d900cc089d9d,167,16ac3ff4-a471-4e5c-9893-4edd0fdb5b59,Snake3,58,7,0
1d7fbdc1-b108-4d06-99c4-d900cc089d9d,168,5b27ed49-1abe-490c-9398-1f19ae7e68c2,Snake1,89,18,1
1d7fbdc1-b108-4d06-99c4-d900cc089d9d,168,76bb60ca-7481-4e6a-933b-1c811554bae3,Snake4,83,16,1
1d7fbdc1-b108-4d06-99c4-d900cc089d9d,168,2d2dd33b-464f-42d1-9d96-d0e0a3ab0eb3,Snake2,91,5,0
1d7fbdc1-b108-4d06-99c4-d900cc089d9d,168,16ac3ff4-a471-4e5c-9893-4edd0fdb5b59,Snake3,58,7,0
1d7fbdc1-b108-4d06-99c4-d900cc089d9d,168,5b27ed49-1abe-490c-9398-1f19ae7e68c2,Snake1,89,18,1
1d7fbdc1-b108-4d06-99c4-d900cc089d9d,168,76bb60ca-7481-4e6a-933b-1c811554bae3,Snake4,83,16,1
1d7fbdc1-b108-4d06-99c4-d900cc089d9d,168,2d2dd33b-464f-42d1-9d96-d0e0a3ab0eb3,Snake2,91,5,0
1d7fbdc1-b108-4d06-99c4-d900cc089d9d,168,16ac3ff4-a471-4e5c-9893-4edd0fdb5b59,Snake3,58,7,0
1d7fbdc1-b108-4d06-99c4-d900cc089d9d,169,5b27ed49-1abe-490c-9398-1f19ae7e68c2,Snake1,100,19,1
1d7fbdc1-b108-4d06-99c4-d900cc089d9d,169,76bb60ca-7481-4e6a-933b-1c811554bae3,Snake4,82,16,1
1d7fbdc1-b108-4d06-99c4-d900cc089d9d,169,2d2dd33b-464f-42d1-9d96-d0e0a3ab0eb3,Snake2,91,5,0
1d7fbdc1-b108-4d06-99c4-d900cc089d9d,169,16ac3ff4-a471-4e5c-9893-4edd0fdb5b59,Snake3,58,7,0
1d7fbdc1-b108-4d06-99c4-d900cc089d9d,169,5b27ed49-1abe-490c-9398-1f19ae7e68c2,Snake1,100,19,1
1d7fbdc1-b108-4d06-99c4-d900cc089d9d,169,76bb60ca-7481-4e6a-933b-1c811554bae3,Snake4,82,16,1
1d7fbdc1-b108-4d06-99c4-d900cc089d9d,169,2d2dd33b-464f-42d1-9d96-d0e0a3ab0eb3,Snake2,91,5,0
1d7fbdc1-b108-4d06-99c4-d900cc089d9d,169,16ac3ff4-a471-4e5c-9893-4edd0fdb5b59,Snake3,58,7,0
1d7fbdc1-b108-4d06-99c4-d900cc089d9d,170,5b27ed49-1abe-490c-9398-1f19ae7e68c2,Snake1,99,19,1
1d7fbdc1-b108-4d06-99c4-d900cc089d9d,170,76bb60ca-7481-4e6a-933b-1c811554bae3,Snake4,81,16,1
1d7fbdc1-b108-4d06-99c4-d900cc089d9d,170,2d2dd33b-464f-42d1-9d96-d0e0a3ab0eb3,Snake2,91,5,0
1d7fbdc1-b108-4d06-99c4-d900cc089d9d,170,16ac3ff4-a471-4e5c-9893-4edd0fdb5b59,Snake3,58,7,0
1d7fbdc1-b108-4d06-99c4-d900cc089d9d,170,5b27ed49-1abe-490c-9398-1f19ae7e68c2,Snake1,99,19,1
1d7fbdc1-b108-4d06-99c4-d900cc089d9d,170,76bb60ca-7481-4e6a-933b-1c811554bae3,Snake4,81,16,1
1d7fbdc1-b108-4d06-99c4-d900cc089d9d,170,2d2dd33b-464f-42d1-9d96-d0e0a3ab0eb3,Snake2,91,5,0
1d7fbdc1-b108-4d06-99c4-d900cc089d9d,170,16ac3ff4-a471-4e5c-9893-4edd0fdb5b59,Snake3,58,7,0
1d7fbdc1-b108-4d06-99c4-d900cc089d9d,171,5b27ed49-1abe-490c-9398-1f19ae7e68c2,Snake1,98,19,1
1d7fbdc1-b108-4d06-99c4-d900cc089d9d,171,76bb60ca-7481-4e6a-933b-1c811554bae3,Snake4,80,16,1
1d7fbdc1-b108-4d06-99c4-d900cc089d9d,171,2d2dd33b-464f-42d1-9d96-d0e0a3ab0eb3,Snake2,91,5,0
1d7fbdc1-b108-4d06-99c4-d900cc089d9d,171,16ac3ff4-a471-4e5c-9893-4edd0fdb5b59,Snake3,58,7,0
1d7fbdc1-b108-4d06-99c4-d900cc089d9d,171,5b27ed49-1abe-490c-9398-1f19ae7e68c2,Snake1,98,19,1
1d7fbdc1-b108-4d06-99c4-d900cc089d9d,171,76bb60ca-7481-4e6a-933b-1c811554bae3,Snake4,80,16,1
1d7fbdc1-b108-4d06-99c4-d900cc089d9d,171,2d2dd33b-464f-42d1-9d96-d0e0a3ab0eb3,Snake2,91,5,0
1d7fbdc1-b108-4d06-99c4-d900cc089d9d,171,16ac3ff4-a471-4e5c-9893-4edd0fdb5b59,Snake3,58,7,0
1d7fbdc1-b108-4d06-99c4-d900cc089d9d,172,5b27ed49-1abe-490c-9398-1f19ae7e68c2,Snake1,100,20,1
1d7fbdc1-b108-4d06-99c4-d900cc089d9d,172,76bb60ca-7481-4e6a-933b-1c811554bae3,Snake4,100,17,1
1d7fbdc1-b108-4d06-99c4-d900cc089d9d,172,2d2dd33b-464f-42d1-9d96-d0e0a3ab0eb3,Snake2,91,5,0
1d7fbdc1-b108-4d06-99c4-d900cc089d9d,172,16ac3ff4-a471-4e5c-9893-4edd0fdb5b59,Snake3,58,7,0
1d7fbdc1-b108-4d06-99c4-d900cc089d9d,172,5b27ed49-1abe-490c-9398-1f19ae7e68c2,Snake1,100,20,1
1d7fbdc1-b108-4d06-99c4-d900cc089d9d,172,76bb60ca-7481-4e6a-933b-1c811554bae3,Snake4,100,17,1
1d7fbdc1-b108-4d06-99c4-d900cc089d9d,172,2d2dd33b-464f-42d1-9d96-d0e0a3ab0eb3,Snake2,91,5,0
1d7fbdc1-b108-4d06-99c4-d900cc089d9d,172,16ac3ff4-a471-4e5c-9893-4edd0fdb5b59,Snake3,58,7,0
1d7fbdc1-b108-4d06-99c4-d900cc089d9d,173,5b27ed49-1abe-490c-9398-1f19ae7e68c2,Snake1,99,20,1
1d7fbdc1-b108-4d06-99c4-d900cc089d9d,173,76bb60ca-7481-4e6a-933b-1c811554bae3,Snake4,99,17,1
1d7fbdc1-b108-4d06-99c4-d900cc089d9d,173,2d2dd33b-464f-42d1-9d96-d0e0a3ab0eb3,Snake2,91,5,0
1d7fbdc1-b108-4d06-99c4-d900cc089d9d,173,16ac3ff4-a471-4e5c-9893-4edd0fdb5b59,Snake3,58,7,0
1d7fbdc1-b108-4d06-99c4-d900cc089d9d,173,5b27ed49-1abe-490c-9398-1f19ae7e68c2,Snake1,99,20,1
1d7fbdc1-b108-4d06-99c4-d900cc089d9d,173,76bb60ca-7481-4e6a-933b-1c811554bae3,Snake4,99,17,1
1d7fbdc1-b108-4d06-99c4-d900cc089d9d,173,2d2dd33b-464f-42d1-9d96-d0e0a3ab0eb3,Snake2,91,5,0
1d7fbdc1-b108-4d06-99c4-d900cc089d9d,173,16ac3ff4-a471-4e5c-9893-4edd0fdb5b59,Snake3,58,7,0
1d7fbdc1-b108-4d06-99c4-d900cc089d9d,174,5b27ed49-1abe-490c-9398-1f19ae7e68c2,Snake1,98,20,1
1d7fbdc1-b108-4d06-99c4-d900cc089d9d,174,76bb60ca-7481-4e6a-933b-1c811554bae3,Snake4,98,17,1
1d7fbdc1-b108-4d06-99c4-d900cc089d9d,174,2d2dd33b-464f-42d1-9d96-d0e0a3ab0eb3,Snake2,91,5,0
1d7fbdc1-b108-4d06-99c4-d900cc089d9d,174,16ac3ff4-a471-4e5c-9893-4edd0fdb5b59,Snake3,58,7,0
1d7fbdc1-b108-4d06-99c4-d900cc089d9d,174,5b27ed49-1abe-490c-9398-1f19ae7e68c2,Snake1,98,20,1
1d7fbdc1-b108-4d06-99c4-d900cc089d9d,174,76bb60ca-7481-4e6a-933b-1c811554bae3,Snake4,98,17,1
1d7fbdc1-b108-4d06-99c4-d900cc089d9d,174,2d2dd33b-464f-42d1-9d96-d0e0a3ab0eb3,Snake2,91,5,0
1d7fbdc1-b108-4d06-99c4-d900cc089d9d,174,16ac3ff4-a471-4e5c-9893-4edd0fdb5b59,Snake3,58,7,0
1d7fbdc1-b108-4d06-99c4-d900cc089d9d,175,5b27ed49-1abe-490c-9398-1f19ae7e68c2,Snake1,97,20,1
1d7fbdc1-b108-4d06-99c4-d900cc089d9d,175,76bb60ca-7481-4e6a-933b-1c811554bae3,Snake4,97,17,1
1d7fbdc1-b108-4d06-99c4-d900cc089d9d,175,2d2dd33b-464f-42d1-9d96-d0e0a3ab0eb3,Snake2,91,5,0
1d7fbdc1-b108-4d06-99c4-d900cc089d9d,175,16ac3ff4-a471-4e5c-9893-4edd0fdb5b59,Snake3,58,7,0
1d7fbdc1-b108-4d06-99c4-d900cc089d9d,176,5b27ed49-1abe-490c-9398-1f19ae7e68c2,Snake1,96,20,1
1d7fbdc1-b108-4d06-99c4-d900cc089d9d,176,76bb60ca-7481-4e6a-933b-1c811554bae3,Snake4,96,17,1
1d7fbdc1-b108-4d06-99c4-d900cc089d9d,176,2d2dd33b-464f-42d1-9d96-d0e0a3ab0eb3,Snake2,91,5,0
1d7fbdc1-b108-4d06-99c4-d900cc089d9d,176,16ac3ff4-a471-4e5c-9893-4edd0fdb5b59,Snake3,58,7,0
1d7fbdc1-b108-4d06-99c4-d900cc089d9d,176,5b27ed49-1abe-490c-9398-1f19ae7e68c2,Snake1,96,20,1
1d7fbdc1-b108-4d06-99c4-d900cc089d9d,176,76bb60ca-7481-4e6a-933b-1c811554bae3,Snake4,96,17,1
1d7fbdc1-b108-4d06-99c4-d900cc089d9d,176,2d2dd33b-464f-42d1-9d96-d0e0a3ab0eb3,Snake2,91,5,0
1d7fbdc1-b108-4d06-99c4-d900cc089d9d,176,16ac3ff4-a471-4e5c-9893-4edd0fdb5b59,Snake3,58,7,0
1d7fbdc1-b108-4d06-99c4-d900cc089d9d,177,5b27ed49-1abe-490c-9398-1f19ae7e68c2,Snake1,95,20,1
1d7fbdc1-b108-4d06-99c4-d900cc089d9d,177,76bb60ca-7481-4e6a-933b-1c811554bae3,Snake4,100,18,1
1d7fbdc1-b108-4d06-99c4-d900cc089d9d,177,2d2dd33b-464f-42d1-9d96-d0e0a3ab0eb3,Snake2,91,5,0
1d7fbdc1-b108-4d06-99c4-d900cc089d9d,177,16ac3ff4-a471-4e5c-9893-4edd0fdb5b59,Snake3,58,7,0
1d7fbdc1-b108-4d06-99c4-d900cc089d9d,177,5b27ed49-1abe-490c-9398-1f19ae7e68c2,Snake1,95,20,1
1d7fbdc1-b108-4d06-99c4-d900cc089d9d,177,76bb60ca-7481-4e6a-933b-1c811554bae3,Snake4,100,18,1
1d7fbdc1-b108-4d06-99c4-d900cc089d9d,177,2d2dd33b-464f-42d1-9d96-d0e0a3ab0eb3,Snake2,91,5,0
1d7fbdc1-b108-4d06-99c4-d900cc089d9d,177,16ac3ff4-a471-4e5c-9893-4edd0fdb5b59,Snake3,58,7,0
1d7fbdc1-b108-4d06-99c4-d900cc089d9d,178,5b27ed49-1abe-490c-9398-1f19ae7e68c2,Snake1,94,20,1
1d7fbdc1-b108-4d06-99c4-d900cc089d9d,178,76bb60ca-7481-4e6a-933b-1c811554bae3,Snake4,99,18,1
1d7fbdc1-b108-4d06-99c4-d900cc089d9d,178,2d2dd33b-464f-42d1-9d96-d0e0a3ab0eb3,Snake2,91,5,0
1d7fbdc1-b108-4d06-99c4-d900cc089d9d,178,16ac3ff4-a471-4e5c-9893-4edd0fdb5b59,Snake3,58,7,0
1d7fbdc1-b108-4d06-99c4-d900cc089d9d,178,5b27ed49-1abe-490c-9398-1f19ae7e68c2,Snake1,94,20,1
1d7fbdc1-b108-4d06-99c4-d900cc089d9d,178,76bb60ca-7481-4e6a-933b-1c811554bae3,Snake4,99,18,1
1d7fbdc1-b108-4d06-99c4-d900cc089d9d,178,2d2dd33b-464f-42d1-9d96-d0e0a3ab0eb3,Snake2,91,5,0
1d7fbdc1-b108-4d06-99c4-d900cc089d9d,178,16ac3ff4-a471-4e5c-9893-4edd0fdb5b59,Snake3,58,7,0
1d7fbdc1-b108-4d06-99c4-d900cc089d9d,179,5b27ed49-1abe-490c-9398-1f19ae7e68c2,Snake1,93,20,1
1d7fbdc1-b108-4d06-99c4-d900cc089d9d,179,76bb60ca-7481-4e6a-933b-1c811554bae3,Snake4,98,18,1
1d7fbdc1-b108-4d06-99c4-d900cc089d9d,179,2d2dd33b-464f-42d1-9d96-d0e0a3ab0eb3,Snake2,91,5,0
1d7fbdc1-b108-4d06-99c4-d900cc089d9d,179,16ac3ff4-a471-4e5c-9893-4edd0fdb5b59,Snake3,58,7,0
1d7fbdc1-b108-4d06-99c4-d900cc089d9d,179,5b27ed49-1abe-490c-9398-1f19ae7e68c2,Snake1,93,20,1
1d7fbdc1-b108-4d06-99c4-d900cc089d9d,179,76bb60ca-7481-4e6a-933b-1c811554bae3,Snake4,98,18,1
1d7fbdc1-b108-4d06-99c4-d900cc089d9d,179,2d2dd33b-464f-42d1-9d96-d0e0a3ab0eb3,Snake2,91,5,0
1d7fbdc1-b108-4d06-99c4-d900cc089d9d,179,16ac3ff4-a471-4e5c-9893-4edd0fdb5b59,Snake3,58,7,0
1d7fbdc1-b108-4d06-99c4-d900cc089d9d,180,5b27ed49-1abe-490c-9398-1f19ae7e68c2,Snake1,92,20,1
1d7fbdc1-b108-4d06-99c4-d900cc089d9d,180,76bb60ca-7481-4e6a-933b-1c811554bae3,Snake4,100,19,1
1d7fbdc1-b108-4d06-99c4-d900cc089d9d,180,2d2dd33b-464f-42d1-9d96-d0e0a3ab0eb3,Snake2,91,5,0
1d7fbdc1-b108-4d06-99c4-d900cc089d9d,180,16ac3ff4-a471-4e5c-9893-4edd0fdb5b59,Snake3,58,7,0
1d7fbdc1-b108-4d06-99c4-d900cc089d9d,180,5b27ed49-1abe-490c-9398-1f19ae7e68c2,Snake1,92,20,1
1d7fbdc1-b108-4d06-99c4-d900cc089d9d,180,76bb60ca-7481-4e6a-933b-1c811554bae3,Snake4,100,19,1
1d7fbdc1-b108-4d06-99c4-d900cc089d9d,180,2d2dd33b-464f-42d1-9d96-d0e0a3ab0eb3,Snake2,91,5,0
1d7fbdc1-b108-4d06-99c4-d900cc089d9d,180,16ac3ff4-a471-4e5c-9893-4edd0fdb5b59,Snake3,58,7,0
1d7fbdc1-b108-4d06-99c4-d900cc089d9d,181,5b27ed49-1abe-490c-9398-1f19ae7e68c2,Snake1,91,20,1
1d7fbdc1-b108-4d06-99c4-d900cc089d9d,181,76bb60ca-7481-4e6a-933b-1c811554bae3,Snake4,99,19,1
1d7fbdc1-b108-4d06-99c4-d900cc089d9d,181,2d2dd33b-464f-42d1-9d96-d0e0a3ab0eb3,Snake2,91,5,0
1d7fbdc1-b108-4d06-99c4-d900cc089d9d,181,16ac3ff4-a471-4e5c-9893-4edd0fdb5b59,Snake3,58,7,0
1d7fbdc1-b108-4d06-99c4-d900cc089d9d,181,5b27ed49-1abe-490c-9398-1f19ae7e68c2,Snake1,91,20,1
1d7fbdc1-b108-4d06-99c4-d900cc089d9d,181,76bb60ca-7481-4e6a-933b-1c811554bae3,Snake4,99,19,1
1d7fbdc1-b108-4d06-99c4-d900cc089d9d,181,2d2dd33b-464f-42d1-9d96-d0e0a3ab0eb3,Snake2,91,5,0
1d7fbdc1-b108-4d06-99c4-d900cc089d9d,181,16ac3ff4-a471-4e5c-9893-4edd0fdb5b59,Snake3,58,7,0
1d7fbdc1-b108-4d06-99c4-d900cc089d9d,182,5b27ed49-1abe-490c-9398-1f19ae7e68c2,Snake1,90,20,1
1d7fbdc1-b108-4d06-99c4-d900cc089d9d,182,76bb60ca-7481-4e6a-933b-1c811554bae3,Snake4,100,20,1
1d7fbdc1-b108-4d06-99c4-d900cc089d9d,182,2d2dd33b-464f-42d1-9d96-d0e0a3ab0eb3,Snake2,91,5,0
1d7fbdc1-b108-4d06-99c4-d900cc089d9d,182,16ac3ff4-a471-4e5c-9893-4edd0fdb5b59,Snake3,58,7,0
1d7fbdc1-b108-4d06-99c4-d900cc089d9d,182,5b27ed49-1abe-490c-9398-1f19ae7e68c2,Snake1,90,20,1
1d7fbdc1-b108-4d06-99c4-d900cc089d9d,182,76bb60ca-7481-4e6a-933b-1c811554bae3,Snake4,100,20,1
1d7fbdc1-b108-4d06-99c4-d900cc089d9d,182,2d2dd33b-464f-42d1-9d96-d0e0a3ab0eb3,Snake2,91,5,0
1d7fbdc1-b108-4d06-99c4-d900cc089d9d,182,16ac3ff4-a471-4e5c-9893-4edd0fdb5b59,Snake3,58,7,0
1d7fbdc1-b108-4d06-99c4-d900cc089d9d,183,5b27ed49-1abe-490c-9398-1f19ae7e68c2,Snake1,89,20,1
1d7fbdc1-b108-4d06-99c4-d900cc089d9d,183,76bb60ca-7481-4e6a-933b-1c811554bae3,Snake4,99,20,1
1d7fbdc1-b108-4d06-99c4-d900cc089d9d,183,2d2dd33b-464f-42d1-9d96-d0e0a3ab0eb3,Snake2,91,5,0
1d7fbdc1-b108-4d06-99c4-d900cc089d9d,183,16ac3ff4-a471-4e5c-9893-4edd0fdb5b59,Snake3,58,7,0
1d7fbdc1-b108-4d06-99c4-d900cc089d9d,183,5b27ed49-1abe-490c-9398-1f19ae7e68c2,Snake1,89,20,1
1d7fbdc1-b108-4d06-99c4-d900cc089d9d,183,76bb60ca-7481-4e6a-933b-1c811554bae3,Snake4,99,20,1
1d7fbdc1-b108-4d06-99c4-d900cc089d9d,183,2d2dd33b-464f-42d1-9d96-d0e0a3ab0eb3,Snake2,91,5,0
1d7fbdc1-b108-4d06-99c4-d900cc089d9d,183,16ac3ff4-a471-4e5c-9893-4edd0fdb5b59,Snake3,58,7,0
1d7fbdc1-b108-4d06-99c4-d900cc089d9d,184,5b27ed49-1abe-490c-9398-1f19ae7e68c2,Snake1,88,20,1
1d7fbdc1-b108-4d06-99c4-d900cc089d9d,184,76bb60ca-7481-4e6a-933b-1c811554bae3,Snake4,98,20,1
1d7fbdc1-b108-4d06-99c4-d900cc089d9d,184,2d2dd33b-464f-42d1-9d96-d0e0a3ab0eb3,Snake2,91,5,0
1d7fbdc1-b108-4d06-99c4-d900cc089d9d,184,16ac3ff4-a471-4e5c-9893-4edd0fdb5b59,Snake3,58,7,0
1d7fbdc1-b108-4d06-99c4-d900cc089d9d,184,5b27ed49-1abe-490c-9398-1f19ae7e68c2,Snake1,88,20,1
1d7fbdc1-b108-4d06-99c4-d900cc089d9d,184,76bb60ca-7481-4e6a-933b-1c811554bae3,Snake4,98,20,1
1d7fbdc1-b108-4d06-99c4-d900cc089d9d,184,2d2dd33b-464f-42d1-9d96-d0e0a3ab0eb3,Snake2,91,5,0
1d7fbdc1-b108-4d06-99c4-d900cc089d9d,184,16ac3ff4-a471-4e5c-9893-4edd0fdb5b59,Snake3,58,7,0
1d7fbdc1-b108-4d06-99c4-d900cc089d9d,185,5b27ed49-1abe-490c-9398-1f19ae7e68c2,Snake1,87,20,1
1d7fbdc1-b108-4d06-99c4-d900cc089d9d,185,76bb60ca-7481-4e6a-933b-1c811554bae3,Snake4,97,20,1
1d7fbdc1-b108-4d06-99c4-d900cc089d9d,185,2d2dd33b-464f-42d1-9d96-d0e0a3ab0eb3,Snake2,91,5,0
1d7fbdc1-b108-4d06-99c4-d900cc089d9d,185,16ac3ff4-a471-4e5c-9893-4edd0fdb5b59,Snake3,58,7,0
1d7fbdc1-b108-4d06-99c4-d900cc089d9d,185,5b27ed49-1abe-490c-9398-1f19ae7e68c2,Snake1,87,20,1
1d7fbdc1-b108-4d06-99c4-d900cc089d9d,185,76bb60ca-7481-4e6a-933b-1c811554bae3,Snake4,97,20,1
1d7fbdc1-b108-4d06-99c4-d900cc089d9d,185,2d2dd33b-464f-42d1-9d96-d0e0a3ab0eb3,Snake2,91,5,0
1d7fbdc1-b108-4d06-99c4-d900cc089d9d,185,16ac3ff4-a471-4e5c-9893-4edd0fdb5b59,Snake3,58,7,0
1d7fbdc1-b108-4d06-99c4-d900cc089d9d,186,5b27ed49-1abe-490c-9398-1f19ae7e68c2,Snake1,86,20,1
1d7fbdc1-b108-4d06-99c4-d900cc089d9d,186,76bb60ca-7481-4e6a-933b-1c811554bae3,Snake4,100,21,1
1d7fbdc1-b108-4d06-99c4-d900cc089d9d,186,2d2dd33b-464f-42d1-9d96-d0e0a3ab0eb3,Snake2,91,5,0
1d7fbdc1-b108-4d06-99c4-d900cc089d9d,186,16ac3ff4-a471-4e5c-9893-4edd0fdb5b59,Snake3,58,7,0
1d7fbdc1-b108-4d06-99c4-d900cc089d9d,186,5b27ed49-1abe-490c-9398-1f19ae7e68c2,Snake1,86,20,1
1d7fbdc1-b108-4d06-99c4-d900cc089d9d,186,76bb60ca-7481-4e6a-933b-1c811554bae3,Snake4,100,21,1
1d7fbdc1-b108-4d06-99c4-d900cc089d9d,186,2d2dd33b-464f-42d1-9d96-d0e0a3ab0eb3,Snake2,91,5,0
1d7fbdc1-b108-4d06-99c4-d900cc089d9d,186,16ac3ff4-a471-4e5c-9893-4edd0fdb5b59,Snake3,58,7,0
1d7fbdc1-b108-4d06-99c4-d900cc089d9d,187,5b27ed49-1abe-490c-9398-1f19ae7e68c2,Snake1,85,20,1
1d7fbdc1-b108-4d06-99c4-d900cc089d9d,187,76bb60ca-7481-4e6a-933b-1c811554bae3,Snake4,99,21,1
1d7fbdc1-b108-4d06-99c4-d900cc089d9d,187,2d2dd33b-464f-42d1-9d96-d0e0a3ab0eb3,Snake2,91,5,0
1d7fbdc1-b108-4d06-99c4-d900cc089d9d,187,16ac3ff4-a471-4e5c-9893-4edd0fdb5b59,Snake3,58,7,0
1d7fbdc1-b108-4d06-99c4-d900cc089d9d,187,5b27ed49-1abe-490c-9398-1f19ae7e68c2,Snake1,85,20,1
1d7fbdc1-b108-4d06-99c4-d900cc089d9d,187,76bb60ca-7481-4e6a-933b-1c811554bae3,Snake4,99,21,1
1d7fbdc1-b108-4d06-99c4-d900cc089d9d,187,2d2dd33b-464f-42d1-9d96-d0e0a3ab0eb3,Snake2,91,5,0
1d7fbdc1-b108-4d06-99c4-d900cc089d9d,187,16ac3ff4-a471-4e5c-9893-4edd0fdb5b59,Snake3,58,7,0
1d7fbdc1-b108-4d06-99c4-d900cc089d9d,188,5b27ed49-1abe-490c-9398-1f19ae7e68c2,Snake1,100,21,1
1d7fbdc1-b108-4d06-99c4-d900cc089d9d,188,76bb60ca-7481-4e6a-933b-1c811554bae3,Snake4,100,22,1
1d7fbdc1-b108-4d06-99c4-d900cc089d9d,188,2d2dd33b-464f-42d1-9d96-d0e0a3ab0eb3,Snake2,91,5,0
1d7fbdc1-b108-4d06-99c4-d900cc089d9d,188,16ac3ff4-a471-4e5c-9893-4edd0fdb5b59,Snake3,58,7,0
1d7fbdc1-b108-4d06-99c4-d900cc089d9d,188,5b27ed49-1abe-490c-9398-1f19ae7e68c2,Snake1,100,21,1
1d7fbdc1-b108-4d06-99c4-d900cc089d9d,188,76bb60ca-7481-4e6a-933b-1c811554bae3,Snake4,100,22,1
1d7fbdc1-b108-4d06-99c4-d900cc089d9d,188,2d2dd33b-464f-42d1-9d96-d0e0a3ab0eb3,Snake2,91,5,0
1d7fbdc1-b108-4d06-99c4-d900cc089d9d,188,16ac3ff4-a471-4e5c-9893-4edd0fdb5b59,Snake3,58,7,0
1d7fbdc1-b108-4d06-99c4-d900cc089d9d,189,5b27ed49-1abe-490c-9398-1f19ae7e68c2,Snake1,99,21,1
1d7fbdc1-b108-4d06-99c4-d900cc089d9d,189,76bb60ca-7481-4e6a-933b-1c811554bae3,Snake4,99,22,1
1d7fbdc1-b108-4d06-99c4-d900cc089d9d,189,2d2dd33b-464f-42d1-9d96-d0e0a3ab0eb3,Snake2,91,5,0
1d7fbdc1-b108-4d06-99c4-d900cc089d9d,189,16ac3ff4-a471-4e5c-9893-4edd0fdb5b59,Snake3,58,7,0
1d7fbdc1-b108-4d06-99c4-d900cc089d9d,190,5b27ed49-1abe-490c-9398-1f19ae7e68c2,Snake1,98,21,1
1d7fbdc1-b108-4d06-99c4-d900cc089d9d,190,76bb60ca-7481-4e6a-933b-1c811554bae3,Snake4,98,22,1
1d7fbdc1-b108-4d06-99c4-d900cc089d9d,190,2d2dd33b-464f-42d1-9d96-d0e0a3ab0eb3,Snake2,91,5,0
1d7fbdc1-b108-4d06-99c4-d900cc089d9d,190,16ac3ff4-a471-4e5c-9893-4edd0fdb5b59,Snake3,58,7,0
1d7fbdc1-b108-4d06-99c4-d900cc089d9d,191,5b27ed49-1abe-490c-9398-1f19ae7e68c2,Snake1,97,21,1
1d7fbdc1-b108-4d06-99c4-d900cc089d9d,191,76bb60ca-7481-4e6a-933b-1c811554bae3,Snake4,97,22,1
1d7fbdc1-b108-4d06-99c4-d900cc089d9d,191,2d2dd33b-464f-42d1-9d96-d0e0a3ab0eb3,Snake2,91,5,0
1d7fbdc1-b108-4d06-99c4-d900cc089d9d,191,16ac3ff4-a471-4e5c-9893-4edd0fdb5b59,Snake3,58,7,0
1d7fbdc1-b108-4d06-99c4-d900cc089d9d,191,5b27ed49-1abe-490c-9398-1f19ae7e68c2,Snake1,97,21,1
1d7fbdc1-b108-4d06-99c4-d900cc089d9d,191,76bb60ca-7481-4e6a-933b-1c811554bae3,Snake4,97,22,1
1d7fbdc1-b108-4d06-99c4-d900cc089d9d,191,2d2dd33b-464f-42d1-9d96-d0e0a3ab0eb3,Snake2,91,5,0
1d7fbdc1-b108-4d06-99c4-d900cc089d9d,191,16ac3ff4-a471-4e5c-9893-4edd0fdb5b59,Snake3,58,7,0
1d7fbdc1-b108-4d06-99c4-d900cc089d9d,192,5b27ed49-1abe-490c-9398-1f19ae7e68c2,Snake1,96,21,1
1d7fbdc1-b108-4d06-99c4-d900cc089d9d,192,76bb60ca-7481-4e6a-933b-1c811554bae3,Snake4,100,23,1
1d7fbdc1-b108-4d06-99c4-d900cc089d9d,192,2d2dd33b-464f-42d1-9d96-d0e0a3ab0eb3,Snake2,91,5,0
1d7fbdc1-b108-4d06-99c4-d900cc089d9d,192,16ac3ff4-a471-4e5c-9893-4edd0fdb5b59,Snake3,58,7,0
1d7fbdc1-b108-4d06-99c4-d900cc089d9d,192,5b27ed49-1abe-490c-9398-1f19ae7e68c2,Snake1,96,21,1
1d7fbdc1-b108-4d06-99c4-d900cc089d9d,192,76bb60ca-7481-4e6a-933b-1c811554bae3,Snake4,100,23,1
1d7fbdc1-b108-4d06-99c4-d900cc089d9d,192,2d2dd33b-464f-42d1-9d96-d0e0a3ab0eb3,Snake2,91,5,0
1d7fbdc1-b108-4d06-99c4-d900cc089d9d,192,16ac3ff4-a471-4e5c-9893-4edd0fdb5b59,Snake3,58,7,0
1d7fbdc1-b108-4d06-99c4-d900cc089d9d,193,5b27ed49-1abe-490c-9398-1f19ae7e68c2,Snake1,95,21,1
1d7fbdc1-b108-4d06-99c4-d900cc089d9d,193,76bb60ca-7481-4e6a-933b-1c811554bae3,Snake4,99,23,1
1d7fbdc1-b108-4d06-99c4-d900cc089d9d,193,2d2dd33b-464f-42d1-9d96-d0e0a3ab0eb3,Snake2,91,5,0
1d7fbdc1-b108-4d06-99c4-d900cc089d9d,193,16ac3ff4-a471-4e5c-9893-4edd0fdb5b59,Snake3,58,7,0
1d7fbdc1-b108-4d06-99c4-d900cc089d9d,194,5b27ed49-1abe-490c-9398-1f19ae7e68c2,Snake1,94,21,1
1d7fbdc1-b108-4d06-99c4-d900cc089d9d,194,76bb60ca-7481-4e6a-933b-1c811554bae3,Snake4,98,23,1
1d7fbdc1-b108-4d06-99c4-d900cc089d9d,194,2d2dd33b-464f-42d1-9d96-d0e0a3ab0eb3,Snake2,91,5,0
1d7fbdc1-b108-4d06-99c4-d900cc089d9d,194,16ac3ff4-a471-4e5c-9893-4edd0fdb5b59,Snake3,58,7,0
1d7fbdc1-b108-4d06-99c4-d900cc089d9d,194,5b27ed49-1abe-490c-9398-1f19ae7e68c2,Snake1,94,21,1
1d7fbdc1-b108-4d06-99c4-d900cc089d9d,194,76bb60ca-7481-4e6a-933b-1c811554bae3,Snake4,98,23,1
1d7fbdc1-b108-4d06-99c4-d900cc089d9d,194,2d2dd33b-464f-42d1-9d96-d0e0a3ab0eb3,Snake2,91,5,0
1d7fbdc1-b108-4d06-99c4-d900cc089d9d,194,16ac3ff4-a471-4e5c-9893-4edd0fdb5b59,Snake3,58,7,0
1d7fbdc1-b108-4d06-99c4-d900cc089d9d,195,5b27ed49-1abe-490c-9398-1f19ae7e68c2,Snake1,93,21,1
1d7fbdc1-b108-4d06-99c4-d900cc089d9d,195,76bb60ca-7481-4e6a-933b-1c811554bae3,Snake4,97,23,1
1d7fbdc1-b108-4d06-99c4-d900cc089d9d,195,2d2dd33b-464f-42d1-9d96-d0e0a3ab0eb3,Snake2,91,5,0
1d7fbdc1-b108-4d06-99c4-d900cc089d9d,195,16ac3ff4-a471-4e5c-9893-4edd0fdb5b59,Snake3,58,7,0
1d7fbdc1-b108-4d06-99c4-d900cc089d9d,195,5b27ed49-1abe-490c-9398-1f19ae7e68c2,Snake1,93,21,1
1d7fbdc1-b108-4d06-99c4-d900cc089d9d,195,76bb60ca-7481-4e6a-933b-1c811554bae3,Snake4,97,23,1
1d7fbdc1-b108-4d06-99c4-d900cc089d9d,195,2d2dd33b-464f-42d1-9d96-d0e0a3ab0eb3,Snake2,91,5,0
1d7fbdc1-b108-4d06-99c4-d900cc089d9d,195,16ac3ff4-a471-4e5c-9893-4edd0fdb5b59,Snake3,58,7,0
1d7fbdc1-b108-4d06-99c4-d900cc089d9d,196,5b27ed49-1abe-490c-9398-1f19ae7e68c2,Snake1,92,21,1
1d7fbdc1-b108-4d06-99c4-d900cc089d9d,196,76bb60ca-7481-4e6a-933b-1c811554bae3,Snake4,100,24,1
1d7fbdc1-b108-4d06-99c4-d900cc089d9d,196,2d2dd33b-464f-42d1-9d96-d0e0a3ab0eb3,Snake2,91,5,0
1d7fbdc1-b108-4d06-99c4-d900cc089d9d,196,16ac3ff4-a471-4e5c-9893-4edd0fdb5b59,Snake3,58,7,0
1d7fbdc1-b108-4d06-99c4-d900cc089d9d,196,5b27ed49-1abe-490c-9398-1f19ae7e68c2,Snake1,92,21,1
1d7fbdc1-b108-4d06-99c4-d900cc089d9d,196,76bb60ca-7481-4e6a-933b-1c811554bae3,Snake4,100,24,1
1d7fbdc1-b108-4d06-99c4-d900cc089d9d,196,2d2dd33b-464f-42d1-9d96-d0e0a3ab0eb3,Snake2,91,5,0
1d7fbdc1-b108-4d06-99c4-d900cc089d9d,196,16ac3ff4-a471-4e5c-9893-4edd0fdb5b59,Snake3,58,7,0
1d7fbdc1-b108-4d06-99c4-d900cc089d9d,197,5b27ed49-1abe-490c-9398-1f19ae7e68c2,Snake1,91,21,1
1d7fbdc1-b108-4d06-99c4-d900cc089d9d,197,76bb60ca-7481-4e6a-933b-1c811554bae3,Snake4,99,24,1
1d7fbdc1-b108-4d06-99c4-d900cc089d9d,197,2d2dd33b-464f-42d1-9d96-d0e0a3ab0eb3,Snake2,91,5,0
1d7fbdc1-b108-4d06-99c4-d900cc089d9d,197,16ac3ff4-a471-4e5c-9893-4edd0fdb5b59,Snake3,58,7,0
1d7fbdc1-b108-4d06-99c4-d900cc089d9d,197,5b27ed49-1abe-490c-9398-1f19ae7e68c2,Snake1,91,21,1
1d7fbdc1-b108-4d06-99c4-d900cc089d9d,197,76bb60ca-7481-4e6a-933b-1c811554bae3,Snake4,99,24,1
1d7fbdc1-b108-4d06-99c4-d900cc089d9d,197,2d2dd33b-464f-42d1-9d96-d0e0a3ab0eb3,Snake2,91,5,0
1d7fbdc1-b108-4d06-99c4-d900cc089d9d,197,16ac3ff4-a471-4e5c-9893-4edd0fdb5b59,Snake3,58,7,0
1d7fbdc1-b108-4d06-99c4-d900cc089d9d,198,5b27ed49-1abe-490c-9398-1f19ae7e68c2,Snake1,90,21,1
1d7fbdc1-b108-4d06-99c4-d900cc089d9d,198,76bb60ca-7481-4e6a-933b-1c811554bae3,Snake4,98,24,1
1d7fbdc1-b108-4d06-99c4-d900cc089d9d,198,2d2dd33b-464f-42d1-9d96-d0e0a3ab0eb3,Snake2,91,5,0
1d7fbdc1-b108-4d06-99c4-d900cc089d9d,198,16ac3ff4-a471-4e5c-9893-4edd0fdb5b59,Snake3,58,7,0
1d7fbdc1-b108-4d06-99c4-d900cc089d9d,198,5b27ed49-1abe-490c-9398-1f19ae7e68c2,Snake1,90,21,1
1d7fbdc1-b108-4d06-99c4-d900cc089d9d,198,76bb60ca-7481-4e6a-933b-1c811554bae3,Snake4,98,24,1
1d7fbdc1-b108-4d06-99c4-d900cc089d9d,198,2d2dd33b-464f-42d1-9d96-d0e0a3ab0eb3,Snake2,91,5,0
1d7fbdc1-b108-4d06-99c4-d900cc089d9d,198,16ac3ff4-a471-4e5c-9893-4edd0fdb5b59,Snake3,58,7,0
1d7fbdc1-b108-4d06-99c4-d900cc089d9d,199,5b27ed49-1abe-490c-9398-1f19ae7e68c2,Snake1,89,21,1
1d7fbdc1-b108-4d06-99c4-d900cc089d9d,199,76bb60ca-7481-4e6a-933b-1c811554bae3,Snake4,100,25,1
1d7fbdc1-b108-4d06-99c4-d900cc089d9d,199,2d2dd33b-464f-42d1-9d96-d0e0a3ab0eb3,Snake2,91,5,0
1d7fbdc1-b108-4d06-99c4-d900cc089d9d,199,16ac3ff4-a471-4e5c-9893-4edd0fdb5b59,Snake3,58,7,0
1d7fbdc1-b108-4d06-99c4-d900cc089d9d,199,5b27ed49-1abe-490c-9398-1f19ae7e68c2,Snake1,89,21,1
1d7fbdc1-b108-4d06-99c4-d900cc089d9d,199,76bb60ca-7481-4e6a-933b-1c811554bae3,Snake4,100,25,1
1d7fbdc1-b108-4d06-99c4-d900cc089d9d,199,2d2dd33b-464f-42d1-9d96-d0e0a3ab0eb3,Snake2,91,5,0
1d7fbdc1-b108-4d06-99c4-d900cc089d9d,199,16ac3ff4-a471-4e5c-9893-4edd0fdb5b59,Snake3,58,7,0
1d7fbdc1-b108-4d06-99c4-d900cc089d9d,200,5b27ed49-1abe-490c-9398-1f19ae7e68c2,Snake1,88,21,1
1d7fbdc1-b108-4d06-99c4-d900cc089d9d,200,76bb60ca-7481-4e6a-933b-1c811554bae3,Snake4,99,25,1
1d7fbdc1-b108-4d06-99c4-d900cc089d9d,200,2d2dd33b-464f-42d1-9d96-d0e0a3ab0eb3,Snake2,91,5,0
1d7fbdc1-b108-4d06-99c4-d900cc089d9d,200,16ac3ff4-a471-4e5c-9893-4edd0fdb5b59,Snake3,58,7,0
1d7fbdc1-b108-4d06-99c4-d900cc089d9d,200,5b27ed49-1abe-490c-9398-1f19ae7e68c2,Snake1,88,21,1
1d7fbdc1-b108-4d06-99c4-d900cc089d9d,200,76bb60ca-7481-4e6a-933b-1c811554bae3,Snake4,99,25,1
1d7fbdc1-b108-4d06-99c4-d900cc089d9d,200,2d2dd33b-464f-42d1-9d96-d0e0a3ab0eb3,Snake2,91,5,0
1d7fbdc1-b108-4d06-99c4-d900cc089d9d,200,16ac3ff4-a471-4e5c-9893-4edd0fdb5b59,Snake3,58,7,0
1d7fbdc1-b108-4d06-99c4-d900cc089d9d,201,5b27ed49-1abe-490c-9398-1f19ae7e68c2,Snake1,87,21,1
1d7fbdc1-b108-4d06-99c4-d900cc089d9d,201,76bb60ca-7481-4e6a-933b-1c811554bae3,Snake4,98,25,1
1d7fbdc1-b108-4d06-99c4-d900cc089d9d,201,2d2dd33b-464f-42d1-9d96-d0e0a3ab0eb3,Snake2,91,5,0
1d7fbdc1-b108-4d06-99c4-d900cc089d9d,201,16ac3ff4-a471-4e5c-9893-4edd0fdb5b59,Snake3,58,7,0
1d7fbdc1-b108-4d06-99c4-d900cc089d9d,201,5b27ed49-1abe-490c-9398-1f19ae7e68c2,Snake1,87,21,1
1d7fbdc1-b108-4d06-99c4-d900cc089d9d,201,76bb60ca-7481-4e6a-933b-1c811554bae3,Snake4,98,25,1
1d7fbdc1-b108-4d06-99c4-d900cc089d9d,201,2d2dd33b-464f-42d1-9d96-d0e0a3ab0eb3,Snake2,91,5,0
1d7fbdc1-b108-4d06-99c4-d900cc089d9d,201,16ac3ff4-a471-4e5c-9893-4edd0fdb5b59,Snake3,58,7,0
1d7fbdc1-b108-4d06-99c4-d900cc089d9d,202,5b27ed49-1abe-490c-9398-1f19ae7e68c2,Snake1,100,22,1
1d7fbdc1-b108-4d06-99c4-d900cc089d9d,202,76bb60ca-7481-4e6a-933b-1c811554bae3,Snake4,97,25,1
1d7fbdc1-b108-4d06-99c4-d900cc089d9d,202,2d2dd33b-464f-42d1-9d96-d0e0a3ab0eb3,Snake2,91,5,0
1d7fbdc1-b108-4d06-99c4-d900cc089d9d,202,16ac3ff4-a471-4e5c-9893-4edd0fdb5b59,Snake3,58,7,0
1d7fbdc1-b108-4d06-99c4-d900cc089d9d,202,5b27ed49-1abe-490c-9398-1f19ae7e68c2,Snake1,100,22,1
1d7fbdc1-b108-4d06-99c4-d900cc089d9d,202,76bb60ca-7481-4e6a-933b-1c811554bae3,Snake4,97,25,1
1d7fbdc1-b108-4d06-99c4-d900cc089d9d,202,2d2dd33b-464f-42d1-9d96-d0e0a3ab0eb3,Snake2,91,5,0
1d7fbdc1-b108-4d06-99c4-d900cc089d9d,202,16ac3ff4-a471-4e5c-9893-4edd0fdb5b59,Snake3,58,7,0
1d7fbdc1-b108-4d06-99c4-d900cc089d9d,203,5b27ed49-1abe-490c-9398-1f19ae7e68c2,Snake1,99,22,1
1d7fbdc1-b108-4d06-99c4-d900cc089d9d,203,76bb60ca-7481-4e6a-933b-1c811554bae3,Snake4,100,26,1
1d7fbdc1-b108-4d06-99c4-d900cc089d9d,203,2d2dd33b-464f-42d1-9d96-d0e0a3ab0eb3,Snake2,91,5,0
1d7fbdc1-b108-4d06-99c4-d900cc089d9d,203,16ac3ff4-a471-4e5c-9893-4edd0fdb5b59,Snake3,58,7,0
1d7fbdc1-b108-4d06-99c4-d900cc089d9d,203,5b27ed49-1abe-490c-9398-1f19ae7e68c2,Snake1,99,22,1
1d7fbdc1-b108-4d06-99c4-d900cc089d9d,203,76bb60ca-7481-4e6a-933b-1c811554bae3,Snake4,100,26,1
1d7fbdc1-b108-4d06-99c4-d900cc089d9d,203,2d2dd33b-464f-42d1-9d96-d0e0a3ab0eb3,Snake2,91,5,0
1d7fbdc1-b108-4d06-99c4-d900cc089d9d,203,16ac3ff4-a471-4e5c-9893-4edd0fdb5b59,Snake3,58,7,0
1d7fbdc1-b108-4d06-99c4-d900cc089d9d,204,5b27ed49-1abe-490c-9398-1f19ae7e68c2,Snake1,98,22,1
1d7fbdc1-b108-4d06-99c4-d900cc089d9d,204,76bb60ca-7481-4e6a-933b-1c811554bae3,Snake4,99,26,1
1d7fbdc1-b108-4d06-99c4-d900cc089d9d,204,2d2dd33b-464f-42d1-9d96-d0e0a3ab0eb3,Snake2,91,5,0
1d7fbdc1-b108-4d06-99c4-d900cc089d9d,204,16ac3ff4-a471-4e5c-9893-4edd0fdb5b59,Snake3,58,7,0
1d7fbdc1-b108-4d06-99c4-d900cc089d9d,204,5b27ed49-1abe-490c-9398-1f19ae7e68c2,Snake1,98,22,1
1d7fbdc1-b108-4d06-99c4-d900cc089d9d,204,76bb60ca-7481-4e6a-933b-1c811554bae3,Snake4,99,26,1
1d7fbdc1-b108-4d06-99c4-d900cc089d9d,204,2d2dd33b-464f-42d1-9d96-d0e0a3ab0eb3,Snake2,91,5,0
1d7fbdc1-b108-4d06-99c4-d900cc089d9d,204,16ac3ff4-a471-4e5c-9893-4edd0fdb5b59,Snake3,58,7,0
1d7fbdc1-b108-4d06-99c4-d900cc089d9d,205,5b27ed49-1abe-490c-9398-1f19ae7e68c2,Snake1,97,22,1
1d7fbdc1-b108-4d06-99c4-d900cc089d9d,205,76bb60ca-7481-4e6a-933b-1c811554bae3,Snake4,98,26,1
1d7fbdc1-b108-4d06-99c4-d900cc089d9d,205,2d2dd33b-464f-42d1-9d96-d0e0a3ab0eb3,Snake2,91,5,0
1d7fbdc1-b108-4d06-99c4-d900cc089d9d,205,16ac3ff4-a471-4e5c-9893-4edd0fdb5b59,Snake3,58,7,0
1d7fbdc1-b108-4d06-99c4-d900cc089d9d,205,5b27ed49-1abe-490c-9398-1f19ae7e68c2,Snake1,97,22,1
1d7fbdc1-b108-4d06-99c4-d900cc089d9d,205,76bb60ca-7481-4e6a-933b-1c811554bae3,Snake4,98,26,1
1d7fbdc1-b108-4d06-99c4-d900cc089d9d,205,2d2dd33b-464f-42d1-9d96-d0e0a3ab0eb3,Snake2,91,5,0
1d7fbdc1-b108-4d06-99c4-d900cc089d9d,205,16ac3ff4-a471-4e5c-9893-4edd0fdb5b59,Snake3,58,7,0
1d7fbdc1-b108-4d06-99c4-d900cc089d9d,206,5b27ed49-1abe-490c-9398-1f19ae7e68c2,Snake1,96,22,1
1d7fbdc1-b108-4d06-99c4-d900cc089d9d,206,76bb60ca-7481-4e6a-933b-1c811554bae3,Snake4,97,26,1
1d7fbdc1-b108-4d06-99c4-d900cc089d9d,206,2d2dd33b-464f-42d1-9d96-d0e0a3ab0eb3,Snake2,91,5,0
1d7fbdc1-b108-4d06-99c4-d900cc089d9d,206,16ac3ff4-a471-4e5c-9893-4edd0fdb5b59,Snake3,58,7,0
1d7fbdc1-b108-4d06-99c4-d900cc089d9d,206,5b27ed49-1abe-490c-9398-1f19ae7e68c2,Snake1,96,22,1
1d7fbdc1-b108-4d06-99c4-d900cc089d9d,206,76bb60ca-7481-4e6a-933b-1c811554bae3,Snake4,97,26,1
1d7fbdc1-b108-4d06-99c4-d900cc089d9d,206,2d2dd33b-464f-42d1-9d96-d0e0a3ab0eb3,Snake2,91,5,0
1d7fbdc1-b108-4d06-99c4-d900cc089d9d,206,16ac3ff4-a471-4e5c-9893-4edd0fdb5b59,Snake3,58,7,0
1d7fbdc1-b108-4d06-99c4-d900cc089d9d,207,5b27ed49-1abe-490c-9398-1f19ae7e68c2,Snake1,95,22,1
1d7fbdc1-b108-4d06-99c4-d900cc089d9d,207,76bb60ca-7481-4e6a-933b-1c811554bae3,Snake4,96,26,1
1d7fbdc1-b108-4d06-99c4-d900cc089d9d,207,2d2dd33b-464f-42d1-9d96-d0e0a3ab0eb3,Snake2,91,5,0
1d7fbdc1-b108-4d06-99c4-d900cc089d9d,207,16ac3ff4-a471-4e5c-9893-4edd0fdb5b59,Snake3,58,7,0
1d7fbdc1-b108-4d06-99c4-d900cc089d9d,208,5b27ed49-1abe-490c-9398-1f19ae7e68c2,Snake1,94,22,1
1d7fbdc1-b108-4d06-99c4-d900cc089d9d,208,76bb60ca-7481-4e6a-933b-1c811554bae3,Snake4,100,27,1
1d7fbdc1-b108-4d06-99c4-d900cc089d9d,208,2d2dd33b-464f-42d1-9d96-d0e0a3ab0eb3,Snake2,91,5,0
1d7fbdc1-b108-4d06-99c4-d900cc089d9d,208,16ac3ff4-a471-4e5c-9893-4edd0fdb5b59,Snake3,58,7,0
1d7fbdc1-b108-4d06-99c4-d900cc089d9d,208,5b27ed49-1abe-490c-9398-1f19ae7e68c2,Snake1,94,22,1
1d7fbdc1-b108-4d06-99c4-d900cc089d9d,208,76bb60ca-7481-4e6a-933b-1c811554bae3,Snake4,100,27,1
1d7fbdc1-b108-4d06-99c4-d900cc089d9d,208,2d2dd33b-464f-42d1-9d96-d0e0a3ab0eb3,Snake2,91,5,0
1d7fbdc1-b108-4d06-99c4-d900cc089d9d,208,16ac3ff4-a471-4e5c-9893-4edd0fdb5b59,Snake3,58,7,0
1d7fbdc1-b108-4d06-99c4-d900cc089d9d,209,5b27ed49-1abe-490c-9398-1f19ae7e68c2,Snake1,93,22,1
1d7fbdc1-b108-4d06-99c4-d900cc089d9d,209,76bb60ca-7481-4e6a-933b-1c811554bae3,Snake4,99,27,1
1d7fbdc1-b108-4d06-99c4-d900cc089d9d,209,2d2dd33b-464f-42d1-9d96-d0e0a3ab0eb3,Snake2,91,5,0
1d7fbdc1-b108-4d06-99c4-d900cc089d9d,209,16ac3ff4-a471-4e5c-9893-4edd0fdb5b59,Snake3,58,7,0
1d7fbdc1-b108-4d06-99c4-d900cc089d9d,209,5b27ed49-1abe-490c-9398-1f19ae7e68c2,Snake1,93,22,1
1d7fbdc1-b108-4d06-99c4-d900cc089d9d,209,76bb60ca-7481-4e6a-933b-1c811554bae3,Snake4,99,27,1
1d7fbdc1-b108-4d06-99c4-d900cc089d9d,209,2d2dd33b-464f-42d1-9d96-d0e0a3ab0eb3,Snake2,91,5,0
1d7fbdc1-b108-4d06-99c4-d900cc089d9d,209,16ac3ff4-a471-4e5c-9893-4edd0fdb5b59,Snake3,58,7,0
1d7fbdc1-b108-4d06-99c4-d900cc089d9d,210,5b27ed49-1abe-490c-9398-1f19ae7e68c2,Snake1,92,22,1
1d7fbdc1-b108-4d06-99c4-d900cc089d9d,210,76bb60ca-7481-4e6a-933b-1c811554bae3,Snake4,98,27,1
1d7fbdc1-b108-4d06-99c4-d900cc089d9d,210,2d2dd33b-464f-42d1-9d96-d0e0a3ab0eb3,Snake2,91,5,0
1d7fbdc1-b108-4d06-99c4-d900cc089d9d,210,16ac3ff4-a471-4e5c-9893-4edd0fdb5b59,Snake3,58,7,0
1d7fbdc1-b108-4d06-99c4-d900cc089d9d,210,5b27ed49-1abe-490c-9398-1f19ae7e68c2,Snake1,92,22,1
1d7fbdc1-b108-4d06-99c4-d900cc089d9d,210,76bb60ca-7481-4e6a-933b-1c811554bae3,Snake4,98,27,1
1d7fbdc1-b108-4d06-99c4-d900cc089d9d,210,2d2dd33b-464f-42d1-9d96-d0e0a3ab0eb3,Snake2,91,5,0
1d7fbdc1-b108-4d06-99c4-d900cc089d9d,210,16ac3ff4-a471-4e5c-9893-4edd0fdb5b59,Snake3,58,7,0
1d7fbdc1-b108-4d06-99c4-d900cc089d9d,211,5b27ed49-1abe-490c-9398-1f19ae7e68c2,Snake1,91,22,1
1d7fbdc1-b108-4d06-99c4-d900cc089d9d,211,76bb60ca-7481-4e6a-933b-1c811554bae3,Snake4,100,28,1
1d7fbdc1-b108-4d06-99c4-d900cc089d9d,211,2d2dd33b-464f-42d1-9d96-d0e0a3ab0eb3,Snake2,91,5,0
1d7fbdc1-b108-4d06-99c4-d900cc089d9d,211,16ac3ff4-a471-4e5c-9893-4edd0fdb5b59,Snake3,58,7,0
1d7fbdc1-b108-4d06-99c4-d900cc089d9d,211,5b27ed49-1abe-490c-9398-1f19ae7e68c2,Snake1,91,22,1
1d7fbdc1-b108-4d06-99c4-d900cc089d9d,211,76bb60ca-7481-4e6a-933b-1c811554bae3,Snake4,100,28,1
1d7fbdc1-b108-4d06-99c4-d900cc089d9d,211,2d2dd33b-464f-42d1-9d96-d0e0a3ab0eb3,Snake2,91,5,0
1d7fbdc1-b108-4d06-99c4-d900cc089d9d,211,16ac3ff4-a471-4e5c-9893-4edd0fdb5b59,Snake3,58,7,0
1d7fbdc1-b108-4d06-99c4-d900cc089d9d,212,5b27ed49-1abe-490c-9398-1f19ae7e68c2,Snake1,90,22,1
1d7fbdc1-b108-4d06-99c4-d900cc089d9d,212,76bb60ca-7481-4e6a-933b-1c811554bae3,Snake4,99,28,1
1d7fbdc1-b108-4d06-99c4-d900cc089d9d,212,2d2dd33b-464f-42d1-9d96-d0e0a3ab0eb3,Snake2,91,5,0
1d7fbdc1-b108-4d06-99c4-d900cc089d9d,212,16ac3ff4-a471-4e5c-9893-4edd0fdb5b59,Snake3,58,7,0
1d7fbdc1-b108-4d06-99c4-d900cc089d9d,212,5b27ed49-1abe-490c-9398-1f19ae7e68c2,Snake1,90,22,1
1d7fbdc1-b108-4d06-99c4-d900cc089d9d,212,76bb60ca-7481-4e6a-933b-1c811554bae3,Snake4,99,28,1
1d7fbdc1-b108-4d06-99c4-d900cc089d9d,212,2d2dd33b-464f-42d1-9d96-d0e0a3ab0eb3,Snake2,91,5,0
1d7fbdc1-b108-4d06-99c4-d900cc089d9d,212,16ac3ff4-a471-4e5c-9893-4edd0fdb5b59,Snake3,58,7,0
1d7fbdc1-b108-4d06-99c4-d900cc089d9d,213,5b27ed49-1abe-490c-9398-1f19ae7e68c2,Snake1,89,22,1
1d7fbdc1-b108-4d06-99c4-d900cc089d9d,213,76bb60ca-7481-4e6a-933b-1c811554bae3,Snake4,98,28,1
1d7fbdc1-b108-4d06-99c4-d900cc089d9d,213,2d2dd33b-464f-42d1-9d96-d0e0a3ab0eb3,Snake2,91,5,0
1d7fbdc1-b108-4d06-99c4-d900cc089d9d,213,16ac3ff4-a471-4e5c-9893-4edd0fdb5b59,Snake3,58,7,0
1d7fbdc1-b108-4d06-99c4-d900cc089d9d,213,5b27ed49-1abe-490c-9398-1f19ae7e68c2,Snake1,89,22,1
1d7fbdc1-b108-4d06-99c4-d900cc089d9d,213,76bb60ca-7481-4e6a-933b-1c811554bae3,Snake4,98,28,1
1d7fbdc1-b108-4d06-99c4-d900cc089d9d,213,2d2dd33b-464f-42d1-9d96-d0e0a3ab0eb3,Snake2,91,5,0
1d7fbdc1-b108-4d06-99c4-d900cc089d9d,213,16ac3ff4-a471-4e5c-9893-4edd0fdb5b59,Snake3,58,7,0
1d7fbdc1-b108-4d06-99c4-d900cc089d9d,214,76bb60ca-7481-4e6a-933b-1c811554bae3,Snake4,97,28,1
1d7fbdc1-b108-4d06-99c4-d900cc089d9d,214,5b27ed49-1abe-490c-9398-1f19ae7e68c2,Snake1,89,22,0
1d7fbdc1-b108-4d06-99c4-d900cc089d9d,214,2d2dd33b-464f-42d1-9d96-d0e0a3ab0eb3,Snake2,91,5,0
1d7fbdc1-b108-4d06-99c4-d900cc089d9d,214,16ac3ff4-a471-4e5c-9893-4edd0fdb5b59,Snake3,58,7,0
1d7fbdc1-b108-4d06-99c4-d900cc089d9d,215,76bb60ca-7481-4e6a-933b-1c811554bae3,Snake4,97,28,1
1d7fbdc1-b108-4d06-99c4-d900cc089d9d,215,5b27ed49-1abe-490c-9398-1f19ae7e68c2,Snake1,89,22,0
1d7fbdc1-b108-4d06-99c4-d900cc089d9d,215,2d2dd33b-464f-42d1-9d96-d0e0a3ab0eb3,Snake2,91,5,0
1d7fbdc1-b108-4d06-99c4-d900cc089d9d,215,16ac3ff4-a471-4e5c-9893-4edd0fdb5b59,Snake3,58,7,0
1d7fbdc1-b108-4d06-99c4-d900cc089d9d,215,76bb60ca-7481-4e6a-933b-1c811554bae3,Snake4,97,28,1
1d7fbdc1-b108-4d06-99c4-d900cc089d9d,215,5b27ed49-1abe-490c-9398-1f19ae7e68c2,Snake1,97,7,0
1d7fbdc1-b108-4d06-99c4-d900cc089d9d,215,2d2dd33b-464f-42d1-9d96-d0e0a3ab0eb3,Snake2,91,5,0
1d7fbdc1-b108-4d06-99c4-d900cc089d9d,215,16ac3ff4-a471-4e5c-9893-4edd0fdb5b59,Snake3,93,5,0
1d7fbdc1-b108-4d06-99c4-d900cc089d9d,215,76bb60ca-7481-4e6a-933b-1c811554bae3,Snake4,97,28,1
1d7fbdc1-b108-4d06-99c4-d900cc089d9d,215,5b27ed49-1abe-490c-9398-1f19ae7e68c2,Snake1,99,12,0
1d7fbdc1-b108-4d06-99c4-d900cc089d9d,215,2d2dd33b-464f-42d1-9d96-d0e0a3ab0eb3,Snake2,91,5,0
1d7fbdc1-b108-4d06-99c4-d900cc089d9d,215,16ac3ff4-a471-4e5c-9893-4edd0fdb5b59,Snake3,58,7,0
1d7fbdc1-b108-4d06-99c4-d900cc089d9d,215,76bb60ca-7481-4e6a-933b-1c811554bae3,Snake4,97,28,1
1d7fbdc1-b108-4d06-99c4-d900cc089d9d,215,5b27ed49-1abe-490c-9398-1f19ae7e68c2,Snake1,89,22,0
1d7fbdc1-b108-4d06-99c4-d900cc089d9d,215,2d2dd33b-464f-42d1-9d96-d0e0a3ab0eb3,Snake2,91,5,0
1d7fbdc1-b108-4d06-99c4-d900cc089d9d,215,16ac3ff4-a471-4e5c-9893-4edd0fdb5b59,Snake3,58,7,0
