game_id,turn,snake_id,snake_name,health,length,alive
b3f51671-910f-4f4a-a010-5880f2b8d618,0,571e89ca-3815-46c2-8c7c-b08740f01293,Snake1,100,3,1
b3f51671-910f-4f4a-a010-5880f2b8d618,0,2172cffd-91d3-434a-bfac-370321b4d705,Snake2,100,3,1
b3f51671-910f-4f4a-a010-5880f2b8d618,0,3b875360-2388-4232-9174-3842af0fc8f5,Snake3,100,3,1
b3f51671-910f-4f4a-a010-5880f2b8d618,0,6fbeaec3-c55c-4cb3-8884-17f387a65acb,Snake4,100,3,1
b3f51671-910f-4f4a-a010-5880f2b8d618,1,571e89ca-3815-46c2-8c7c-b08740f01293,Snake1,99,3,1
b3f51671-910f-4f4a-a010-5880f2b8d618,1,2172cffd-91d3-434a-bfac-370321b4d705,Snake2,99,3,1
b3f51671-910f-4f4a-a010-5880f2b8d618,1,3b875360-2388-4232-9174-3842af0fc8f5,Snake3,99,3,1
b3f51671-910f-4f4a-a010-5880f2b8d618,1,6fbeaec3-c55c-4cb3-8884-17f387a65acb,Snake4,99,3,1
b3f51671-910f-4f4a-a010-5880f2b8d618,1,571e89ca-3815-46c2-8c7c-b08740f01293,Snake1,99,3,1
b3f51671-910f-4f4a-a010-5880f2b8d618,1,2172cffd-91d3-434a-bfac-370321b4d705,Snake2,99,3,1
b3f51671-910f-4f4a-a010-5880f2b8d618,1,3b875360-2388-4232-9174-3842af0fc8f5,Snake3,99,3,1
b3f51671-910f-4f4a-a010-5880f2b8d618,1,6fbeaec3-c55c-4cb3-8884-17f387a65acb,Snake4,99,3,1
b3f51671-910f-4f4a-a010-5880f2b8d618,1,571e89ca-3815-46c2-8c7c-b08740f01293,Snake1,99,3,1
b3f51671-910f-4f4a-a010-5880f2b8d618,1,2172cffd-91d3-434a-bfac-370321b4d705,Snake2,99,3,1
b3f51671-910f-4f4a-a010-5880f2b8d618,1,3b875360-2388-4232-9174-3842af0fc8f5,Snake3,99,3,1
b3f51671-910f-4f4a-a010-5880f2b8d618,1,6fbeaec3-c55c-4cb3-8884-17f387a65acb,Snake4,99,3,1
b3f51671-910f-4f4a-a010-5880f2b8d618,2,571e89ca-3815-46c2-8c7c-b08740f01293,Snake1,100,4,1
b3f51671-910f-4f4a-a010-5880f2b8d618,2,2172cffd-91d3-434a-bfac-370321b4d705,Snake2,100,4,1
b3f51671-910f-4f4a-a010-5880f2b8d618,2,3b875360-2388-4232-9174-3842af0fc8f5,Snake3,100,4,1
b3f51671-910f-4f4a-a010-5880f2b8d618,2,6fbeaec3-c55c-4cb3-8884-17f387a65acb,Snake4,100,4,1
b3f51671-910f-4f4a-a010-5880f2b8d618,2,571e89ca-3815-46c2-8c7c-b08740f01293,Snake1,100,4,1
b3f51671-910f-4f4a-a010-5880f2b8d618,2,2172cffd-91d3-434a-bfac-370321b4d705,Snake2,100,4,1
b3f51671-910f-4f4a-a010-5880f2b8d618,2,3b875360-2388-4232-9174-3842af0fc8f5,Snake3,100,4,1
b3f51671-910f-4f4a-a010-5880f2b8d618,2,6fbeaec3-c55c-4cb3-8884-17f387a65acb,Snake4,100,4,1
b3f51671-910f-4f4a-a010-5880f2b8d618,3,571e89ca-3815-46c2-8c7c-b08740f01293,Snake1,99,4,1
b3f51671-910f-4f4a-a010-5880f2b8d618,3,2172cffd-91d3-434a-bfac-370321b4d705,Snake2,99,4,1
b3f51671-910f-4f4a-a010-5880f2b8d618,3,3b875360-2388-4232-9174-3842af0fc8f5,Snake3,99,4,1
b3f51671-910f-4f4a-a010-5880f2b8d618,3,6fbeaec3-c55c-4cb3-8884-17f387a65acb,Snake4,99,4,1
b3f51671-910f-4f4a-a010-5880f2b8d618,3,571e89ca-3815-46c2-8c7c-b08740f01293,Snake1,99,4,1
b3f51671-910f-4f4a-a010-5880f2b8d618,3,2172cffd-91d3-434a-bfac-370321b4d705,Snake2,99,4,1
b3f51671-910f-4f4a-a010-5880f2b8d618,3,3b875360-2388-4232-9174-3842af0fc8f5,Snake3,99,4,1
b3f51671-910f-4f4a-a010-5880f2b8d618,3,6fbeaec3-c55c-4cb3-8884-17f387a65acb,Snake4,99,4,1
b3f51671-910f-4f4a-a010-5880f2b8d618,3,571e89ca-3815-46c2-8c7c-b08740f01293,Snake1,99,4,1
b3f51671-910f-4f4a-a010-5880f2b8d618,3,2172cffd-91d3-434a-bfac-370321b4d705,Snake2,99,4,1
b3f51671-910f-4f4a-a010-5880f2b8d618,3,3b875360-2388-4232-9174-3842af0fc8f5,Snake3,99,4,1
b3f51671-910f-4f4a-a010-5880f2b8d618,3,6fbeaec3-c55c-4cb3-8884-17f387a65acb,Snake4,99,4,1
b3f51671-910f-4f4a-a010-5880f2b8d618,4,571e89ca-3815-46c2-8c7c-b08740f01293,Snake1,98,4,1
b3f51671-910f-4f4a-a010-5880f2b8d618,4,2172cffd-91d3-434a-bfac-370321b4d705,Snake2,98,4,1
b3f51671-910f-4f4a-a010-5880f2b8d618,4,3b875360-2388-4232-9174-3842af0fc8f5,Snake3,98,4,1
b3f51671-910f-4f4a-a010-5880f2b8d618,4,6fbeaec3-c55c-4cb3-8884-17f387a65acb,Snake4,98,4,1
b3f51671-910f-4f4a-a010-5880f2b8d618,4,571e89ca-3815-46c2-8c7c-b08740f01293,Snake1,98,4,1
b3f51671-910f-4f4a-a010-5880f2b8d618,4,2172cffd-91d3-434a-bfac-370321b4d705,Snake2,98,4,1
b3f51671-910f-4f4a-a010-5880f2b8d618,4,3b875360-2388-4232-9174-3842af0fc8f5,Snake3,98,4,1
b3f51671-910f-4f4a-a010-5880f2b8d618,4,6fbeaec3-c55c-4cb3-8884-17f387a65acb,Snake4,98,4,1
b3f51671-910f-4f4a-a010-5880f2b8d618,4,571e89ca-3815-46c2-8c7c-b08740f01293,Snake1,98,4,1
b3f51671-910f-4f4a-a010-5880f2b8d618,4,2172cffd-91d3-434a-bfac-370321b4d705,Snake2,98,4,1
b3f51671-910f-4f4a-a010-5880f2b8d618,4,3b875360-2388-4232-9174-3842af0fc8f5,Snake3,98,4,1
b3f51671-910f-4f4a-a010-5880f2b8d618,4,6fbeaec3-c55c-4cb3-8884-17f387a65acb,Snake4,98,4,1
b3f51671-910f-4f4a-a010-5880f2b8d618,5,571e89ca-3815-46c2-8c7c-b08740f01293,Snake1,97,4,1
b3f51671-910f-4f4a-a010-5880f2b8d618,5,2172cffd-91d3-434a-bfac-370321b4d705,Snake2,97,4,1
b3f51671-910f-4f4a-a010-5880f2b8d618,5,3b875360-2388-4232-9174-3842af0fc8f5,Snake3,97,4,1
b3f51671-910f-4f4a-a010-5880f2b8d618,5,6fbeaec3-c55c-4cb3-8884-17f387a65acb,Snake4,100,5,1
b3f51671-910f-4f4a-a010-5880f2b8d618,5,571e89ca-3815-46c2-8c7c-b08740f01293,Snake1,97,4,1
b3f51671-910f-4f4a-a010-5880f2b8d618,5,2172cffd-91d3-434a-bfac-370321b4d705,Snake2,97,4,1
b3f51671-910f-4f4a-a010-5880f2b8d618,5,3b875360-2388-4232-9174-3842af0fc8f5,Snake3,97,4,1
b3f51671-910f-4f4a-a010-5880f2b8d618,5,6fbeaec3-c55c-4cb3-8884-17f387a65acb,Snake4,100,5,1
b3f51671-910f-4f4a-a010-5880f2b8d618,5,571e89ca-3815-46c2-8c7c-b08740f01293,Snake1,97,4,1
b3f51671-910f-4f4a-a010-5880f2b8d618,5,2172cffd-91d3-434a-bfac-370321b4d705,Snake2,97,4,1
b3f51671-910f-4f4a-a010-5880f2b8d618,5,3b875360-2388-4232-9174-3842af0fc8f5,Snake3,97,4,1
b3f51671-910f-4f4a-a010-5880f2b8d618,5,6fbeaec3-c55c-4cb3-8884-17f387a65acb,Snake4,100,5,1
b3f51671-910f-4f4a-a010-5880f2b8d618,6,571e89ca-3815-46c2-8c7c-b08740f01293,Snake1,96,4,1
b3f51671-910f-4f4a-a010-5880f2b8d618,6,2172cffd-91d3-434a-bfac-370321b4d705,Snake2,96,4,1
b3f51671-910f-4f4a-a010-5880f2b8d618,6,3b875360-2388-4232-9174-3842af0fc8f5,Snake3,96,4,1
b3f51671-910f-4f4a-a010-5880f2b8d618,6,6fbeaec3-c55c-4cb3-8884-17f387a65acb,Snake4,99,5,1
b3f51671-910f-4f4a-a010-5880f2b8d618,6,571e89ca-3815-46c2-8c7c-b08740f01293,Snake1,96,4,1
b3f51671-910f-4f4a-a010-5880f2b8d618,6,2172cffd-91d3-434a-bfac-370321b4d705,Snake2,96,4,1
b3f51671-910f-4f4a-a010-5880f2b8d618,6,3b875360-2388-4232-9174-3842af0fc8f5,Snake3,96,4,1
b3f51671-910f-4f4a-a010-5880f2b8d618,6,6fbeaec3-c55c-4cb3-8884-17f387a65acb,Snake4,99,5,1
b3f51671-910f-4f4a-a010-5880f2b8d618,6,571e89ca-3815-46c2-8c7c-b08740f01293,Snake1,96,4,1
b3f51671-910f-4f4a-a010-5880f2b8d618,6,2172cffd-91d3-434a-bfac-370321b4d705,Snake2,96,4,1
b3f51671-910f-4f4a-a010-5880f2b8d618,6,3b875360-2388-4232-9174-3842af0fc8f5,Snake3,96,4,1
b3f51671-910f-4f4a-a010-5880f2b8d618,6,6fbeaec3-c55c-4cb3-8884-17f387a65acb,Snake4,99,5,1
b3f51671-910f-4f4a-a010-5880f2b8d618,6,571e89ca-3815-46c2-8c7c-b08740f01293,Snake1,96,4,1
b3f51671-910f-4f4a-a010-5880f2b8d618,6,2172cffd-91d3-434a-bfac-370321b4d705,Snake2,96,4,1
b3f51671-910f-4f4a-a010-5880f2b8d618,6,3b875360-2388-4232-9174-3842af0fc8f5,Snake3,96,4,1
b3f51671-910f-4f4a-a010-5880f2b8d618,6,6fbeaec3-c55c-4cb3-8884-17f387a65acb,Snake4,99,5,1
b3f51671-910f-4f4a-a010-5880f2b8d618,7,571e89ca-3815-46c2-8c7c-b08740f01293,Snake1,95,4,1
b3f51671-910f-4f4a-a010-5880f2b8d618,7,2172cffd-91d3-434a-bfac-370321b4d705,Snake2,95,4,1
b3f51671-910f-4f4a-a010-5880f2b8d618,7,3b875360-2388-4232-9174-3842af0fc8f5,Snake3,95,4,1
b3f51671-910f-4f4a-a010-5880f2b8d618,7,6fbeaec3-c55c-4cb3-8884-17f387a65acb,Snake4,98,5,1
b3f51671-910f-4f4a-a010-5880f2b8d618,7,571e89ca-3815-46c2-8c7c-b08740f01293,Snake1,95,4,1
b3f51671-910f-4f4a-a010-5880f2b8d618,7,2172cffd-91d3-434a-bfac-370321b4d705,Snake2,95,4,1
b3f51671-910f-4f4a-a010-5880f2b8d618,7,3b875360-2388-4232-9174-3842af0fc8f5,Snake3,95,4,1
b3f51671-910f-4f4a-a010-5880f2b8d618,7,6fbeaec3-c55c-4cb3-8884-17f387a65acb,Snake4,98,5,1
b3f51671-910f-4f4a-a010-5880f2b8d618,7,571e89ca-3815-46c2-8c7c-b08740f01293,Snake1,95,4,1
b3f51671-910f-4f4a-a010-5880f2b8d618,7,2172cffd-91d3-434a-bfac-370321b4d705,Snake2,95,4,1
b3f51671-910f-4f4a-a010-5880f2b8d618,7,3b875360-2388-4232-9174-3842af0fc8f5,Snake3,95,4,1
b3f51671-910f-4f4a-a010-5880f2b8d618,7,6fbeaec3-c55c-4cb3-8884-17f387a65acb,Snake4,98,5,1
b3f51671-910f-4f4a-a010-5880f2b8d618,7,571e89ca-3815-46c2-8c7c-b08740f01293,Snake1,95,4,1
b3f51671-910f-4f4a-a010-5880f2b8d618,7,2172cffd-91d3-434a-bfac-370321b4d705,Snake2,95,4,1
b3f51671-910f-4f4a-a010-5880f2b8d618,7,3b875360-2388-4232-9174-3842af0fc8f5,Snake3,95,4,1
b3f51671-910f-4f4a-a010-5880f2b8d618,7,6fbeaec3-c55c-4cb3-8884-17f387a65acb,Snake4,98,5,1
b3f51671-910f-4f4a-a010-5880f2b8d618,8,571e89ca-3815-46c2-8c7c-b08740f01293,Snake1,94,4,1
b3f51671-910f-4f4a-a010-5880f2b8d618,8,2172cffd-91d3-434a-bfac-370321b4d705,Snake2,100,5,1
b3f51671-910f-4f4a-a010-5880f2b8d618,8,3b875360-2388-4232-9174-3842af0fc8f5,Snake3,94,4,1
b3f51671-910f-4f4a-a010-5880f2b8d618,8,6fbeaec3-c55c-4cb3-8884-17f387a65acb,Snake4,97,5,1
b3f51671-910f-4f4a-a010-5880f2b8d618,8,571e89ca-3815-46c2-8c7c-b08740f01293,Snake1,94,4,1
b3f51671-910f-4f4a-a010-5880f2b8d618,8,2172cffd-91d3-434a-bfac-370321b4d705,Snake2,100,5,1
b3f51671-910f-4f4a-a010-5880f2b8d618,8,3b875360-2388-4232-9174-3842af0fc8f5,Snake3,94,4,1
b3f51671-910f-4f4a-a010-5880f2b8d618,8,6fbeaec3-c55c-4cb3-8884-17f387a65acb,Snake4,97,5,1
b3f51671-910f-4f4a-a010-5880f2b8d618,8,571e89ca-3815-46c2-8c7c-b08740f01293,Snake1,94,4,1
b3f51671-910f-4f4a-a010-5880f2b8d618,8,2172cffd-91d3-434a-bfac-370321b4d705,Snake2,100,5,1
b3f51671-910f-4f4a-a010-5880f2b8d618,8,3b875360-2388-4232-9174-3842af0fc8f5,Snake3,94,4,1
b3f51671-910f-4f4a-a010-5880f2b8d618,8,6fbeaec3-c55c-4cb3-8884-17f387a65acb,Snake4,97,5,1
b3f51671-910f-4f4a-a010-5880f2b8d618,9,571e89ca-3815-46c2-8c7c-b08740f01293,Snake1,100,5,1
b3f51671-910f-4f4a-a010-5880f2b8d618,9,2172cffd-91d3-434a-bfac-370321b4d705,Snake2,99,5,1
b3f51671-910f-4f4a-a010-5880f2b8d618,9,3b875360-2388-4232-9174-3842af0fc8f5,Snake3,93,4,1
b3f51671-910f-4f4a-a010-5880f2b8d618,9,6fbeaec3-c55c-4cb3-8884-17f387a65acb,Snake4,96,5,1
b3f51671-910f-4f4a-a010-5880f2b8d618,9,571e89ca-3815-46c2-8c7c-b08740f01293,Snake1,100,5,1
b3f51671-910f-4f4a-a010-5880f2b8d618,9,2172cffd-91d3-434a-bfac-370321b4d705,Snake2,99,5,1
b3f51671-910f-4f4a-a010-5880f2b8d618,9,3b875360-2388-4232-9174-3842af0fc8f5,Snake3,93,4,1
b3f51671-910f-4f4a-a010-5880f2b8d618,9,6fbeaec3-c55c-4cb3-8884-17f387a65acb,Snake4,96,5,1
b3f51671-910f-4f4a-a010-5880f2b8d618,9,571e89ca-3815-46c2-8c7c-b08740f01293,Snake1,100,5,1
b3f51671-910f-4f4a-a010-5880f2b8d618,9,2172cffd-91d3-434a-bfac-370321b4d705,Snake2,99,5,1
b3f51671-910f-4f4a-a010-5880f2b8d618,9,3b875360-2388-4232-9174-3842af0fc8f5,Snake3,93,4,1
b3f51671-910f-4f4a-a010-5880f2b8d618,9,6fbeaec3-c55c-4cb3-8884-17f387a65acb,Snake4,96,5,1
b3f51671-910f-4f4a-a010-5880f2b8d618,9,571e89ca-3815-46c2-8c7c-b08740f01293,Snake1,100,5,1
b3f51671-910f-4f4a-a010-5880f2b8d618,9,2172cffd-91d3-434a-bfac-370321b4d705,Snake2,99,5,1
b3f51671-910f-4f4a-a010-5880f2b8d618,9,3b875360-2388-4232-9174-3842af0fc8f5,Snake3,93,4,1
b3f51671-910f-4f4a-a010-5880f2b8d618,9,6fbeaec3-c55c-4cb3-8884-17f387a65acb,Snake4,96,5,1
b3f51671-910f-4f4a-a010-5880f2b8d618,10,571e89ca-3815-46c2-8c7c-b08740f01293,Snake1,99,5,1
b3f51671-910f-4f4a-a010-5880f2b8d618,10,2172cffd-91d3-434a-bfac-370321b4d705,Snake2,98,5,1
b3f51671-910f-4f4a-a010-5880f2b8d618,10,3b875360-2388-4232-9174-3842af0fc8f5,Snake3,100,5,1
b3f51671-910f-4f4a-a010-5880f2b8d618,10,6fbeaec3-c55c-4cb3-8884-17f387a65acb,Snake4,100,6,1
b3f51671-910f-4f4a-a010-5880f2b8d618,10,571e89ca-3815-46c2-8c7c-b08740f01293,Snake1,99,5,1
b3f51671-910f-4f4a-a010-5880f2b8d618,10,2172cffd-91d3-434a-bfac-370321b4d705,Snake2,98,5,1
b3f51671-910f-4f4a-a010-5880f2b8d618,10,3b875360-2388-4232-9174-3842af0fc8f5,Snake3,100,5,1
b3f51671-910f-4f4a-a010-5880f2b8d618,10,6fbeaec3-c55c-4cb3-8884-17f387a65acb,Snake4,100,6,1
b3f51671-910f-4f4a-a010-5880f2b8d618,10,571e89ca-3815-46c2-8c7c-b08740f01293,Snake1,99,5,1
b3f51671-910f-4f4a-a010-5880f2b8d618,10,2172cffd-91d3-434a-bfac-370321b4d705,Snake2,98,5,1
b3f51671-910f-4f4a-a010-5880f2b8d618,10,3b875360-2388-4232-9174-3842af0fc8f5,Snake3,100,5,1
b3f51671-910f-4f4a-a010-5880f2b8d618,10,6fbeaec3-c55c-4cb3-8884-17f387a65acb,Snake4,100,6,1
b3f51671-910f-4f4a-a010-5880f2b8d618,11,571e89ca-3815-46c2-8c7c-b08740f01293,Snake1,98,5,1
b3f51671-910f-4f4a-a010-5880f2b8d618,11,2172cffd-91d3-434a-bfac-370321b4d705,Snake2,97,5,1
b3f51671-910f-4f4a-a010-5880f2b8d618,11,3b875360-2388-4232-9174-3842af0fc8f5,Snake3,99,5,1
b3f51671-910f-4f4a-a010-5880f2b8d618,11,6fbeaec3-c55c-4cb3-8884-17f387a65acb,Snake4,99,6,1
b3f51671-910f-4f4a-a010-5880f2b8d618,11,571e89ca-3815-46c2-8c7c-b08740f01293,Snake1,98,5,1
b3f51671-910f-4f4a-a010-5880f2b8d618,11,2172cffd-91d3-434a-bfac-370321b4d705,Snake2,97,5,1
b3f51671-910f-4f4a-a010-5880f2b8d618,11,3b875360-2388-4232-9174-3842af0fc8f5,Snake3,99,5,1
b3f51671-910f-4f4a-a010-5880f2b8d618,11,6fbeaec3-c55c-4cb3-8884-17f387a65acb,Snake4,99,6,1
b3f51671-910f-4f4a-a010-5880f2b8d618,12,571e89ca-3815-46c2-8c7c-b08740f01293,Snake1,97,5,1
b3f51671-910f-4f4a-a010-5880f2b8d618,12,2172cffd-91d3-434a-bfac-370321b4d705,Snake2,96,5,1
b3f51671-910f-4f4a-a010-5880f2b8d618,12,3b875360-2388-4232-9174-3842af0fc8f5,Snake3,98,5,1
b3f51671-910f-4f4a-a010-5880f2b8d618,12,6fbeaec3-c55c-4cb3-8884-17f387a65acb,Snake4,98,6,1
b3f51671-910f-4f4a-a010-5880f2b8d618,12,571e89ca-3815-46c2-8c7c-b08740f01293,Snake1,97,5,1
b3f51671-910f-4f4a-a010-5880f2b8d618,12,2172cffd-91d3-434a-bfac-370321b4d705,Snake2,96,5,1
b3f51671-910f-4f4a-a010-5880f2b8d618,12,3b875360-2388-4232-9174-3842af0fc8f5,Snake3,98,5,1
b3f51671-910f-4f4a-a010-5880f2b8d618,12,6fbeaec3-c55c-4cb3-8884-17f387a65acb,Snake4,98,6,1
b3f51671-910f-4f4a-a010-5880f2b8d618,12,571e89ca-3815-46c2-8c7c-b08740f01293,Snake1,97,5,1
b3f51671-910f-4f4a-a010-5880f2b8d618,12,2172cffd-91d3-434a-bfac-370321b4d705,Snake2,96,5,1
b3f51671-910f-4f4a-a010-5880f2b8d618,12,3b875360-2388-4232-9174-3842af0fc8f5,Snake3,98,5,1
b3f51671-910f-4f4a-a010-5880f2b8d618,12,6fbeaec3-c55c-4cb3-8884-17f387a65acb,Snake4,98,6,1
b3f51671-910f-4f4a-a010-5880f2b8d618,13,571e89ca-3815-46c2-8c7c-b08740f01293,Snake1,96,5,1
b3f51671-910f-4f4a-a010-5880f2b8d618,13,2172cffd-91d3-434a-bfac-370321b4d705,Snake2,95,5,1
b3f51671-910f-4f4a-a010-5880f2b8d618,13,3b875360-2388-4232-9174-3842af0fc8f5,Snake3,97,5,1
b3f51671-910f-4f4a-a010-5880f2b8d618,13,6fbeaec3-c55c-4cb3-8884-17f387a65acb,Snake4,97,6,1
b3f51671-910f-4f4a-a010-5880f2b8d618,13,571e89ca-3815-46c2-8c7c-b08740f01293,Snake1,96,5,1
b3f51671-910f-4f4a-a010-5880f2b8d618,13,2172cffd-91d3-434a-bfac-370321b4d705,Snake2,95,5,1
b3f51671-910f-4f4a-a010-5880f2b8d618,13,3b875360-2388-4232-9174-3842af0fc8f5,Snake3,97,5,1
b3f51671-910f-4f4a-a010-5880f2b8d618,13,6fbeaec3-c55c-4cb3-8884-17f387a65acb,Snake4,97,6,1
b3f51671-910f-4f4a-a010-5880f2b8d618,13,571e89ca-3815-46c2-8c7c-b08740f01293,Snake1,96,5,1
b3f51671-910f-4f4a-a010-5880f2b8d618,13,2172cffd-91d3-434a-bfac-370321b4d705,Snake2,95,5,1
b3f51671-910f-4f4a-a010-5880f2b8d618,13,3b875360-2388-4232-9174-3842af0fc8f5,Snake3,97,5,1
b3f51671-910f-4f4a-a010-5880f2b8d618,13,6fbeaec3-c55c-4cb3-8884-17f387a65acb,Snake4,97,6,1
b3f51671-910f-4f4a-a010-5880f2b8d618,14,571e89ca-3815-46c2-8c7c-b08740f01293,Snake1,95,5,1
b3f51671-910f-4f4a-a010-5880f2b8d618,14,2172cffd-91d3-434a-bfac-370321b4d705,Snake2,94,5,1
b3f51671-910f-4f4a-a010-5880f2b8d618,14,3b875360-2388-4232-9174-3842af0fc8f5,Snake3,96,5,1
b3f51671-910f-4f4a-a010-5880f2b8d618,14,6fbeaec3-c55c-4cb3-8884-17f387a65acb,Snake4,96,6,1
b3f51671-910f-4f4a-a010-5880f2b8d618,14,571e89ca-3815-46c2-8c7c-b08740f01293,Snake1,95,5,1
b3f51671-910f-4f4a-a010-5880f2b8d618,14,2172cffd-91d3-434a-bfac-370321b4d705,Snake2,94,5,1
b3f51671-910f-4f4a-a010-5880f2b8d618,14,3b875360-2388-4232-9174-3842af0fc8f5,Snake3,96,5,1
b3f51671-910f-4f4a-a010-5880f2b8d618,14,6fbeaec3-c55c-4cb3-8884-17f387a65acb,Snake4,96,6,1
b3f51671-910f-4f4a-a010-5880f2b8d618,14,571e89ca-3815-46c2-8c7c-b08740f01293,Snake1,95,5,1
b3f51671-910f-4f4a-a010-5880f2b8d618,14,2172cffd-91d3-434a-bfac-370321b4d705,Snake2,94,5,1
b3f51671-910f-4f4a-a010-5880f2b8d618,14,3b875360-2388-4232-9174-3842af0fc8f5,Snake3,96,5,1
b3f51671-910f-4f4a-a010-5880f2b8d618,14,6fbeaec3-c55c-4cb3-8884-17f387a65acb,Snake4,96,6,1
b3f51671-910f-4f4a-a010-5880f2b8d618,14,571e89ca-3815-46c2-8c7c-b08740f01293,Snake1,95,5,1
b3f51671-910f-4f4a-a010-5880f2b8d618,14,2172cffd-91d3-434a-bfac-370321b4d705,Snake2,94,5,1
b3f51671-910f-4f4a-a010-5880f2b8d618,14,3b875360-2388-4232-9174-3842af0fc8f5,Snake3,96,5,1
b3f51671-910f-4f4a-a010-5880f2b8d618,14,6fbeaec3-c55c-4cb3-8884-17f387a65acb,Snake4,96,6,1
b3f51671-910f-4f4a-a010-5880f2b8d618,15,571e89ca-3815-46c2-8c7c-b08740f01293,Snake1,100,6,1
b3f51671-910f-4f4a-a010-5880f2b8d618,15,2172cffd-91d3-434a-bfac-370321b4d705,Snake2,100,6,1
b3f51671-910f-4f4a-a010-5880f2b8d618,15,3b875360-2388-4232-9174-3842af0fc8f5,Snake3,95,5,1
b3f51671-910f-4f4a-a010-5880f2b8d618,15,6fbeaec3-c55c-4cb3-8884-17f387a65acb,Snake4,95,6,1
b3f51671-910f-4f4a-a010-5880f2b8d618,15,571e89ca-3815-46c2-8c7c-b08740f01293,Snake1,100,6,1
b3f51671-910f-4f4a-a010-5880f2b8d618,15,2172cffd-91d3-434a-bfac-370321b4d705,Snake2,100,6,1
b3f51671-910f-4f4a-a010-5880f2b8d618,15,3b875360-2388-4232-9174-3842af0fc8f5,Snake3,95,5,1
b3f51671-910f-4f4a-a010-5880f2b8d618,15,6fbeaec3-c55c-4cb3-8884-17f387a65acb,Snake4,95,6,1
b3f51671-910f-4f4a-a010-5880f2b8d618,15,571e89ca-3815-46c2-8c7c-b08740f01293,Snake1,100,6,1
b3f51671-910f-4f4a-a010-5880f2b8d618,15,2172cffd-91d3-434a-bfac-370321b4d705,Snake2,100,6,1
b3f51671-910f-4f4a-a010-5880f2b8d618,15,3b875360-2388-4232-9174-3842af0fc8f5,Snake3,95,5,1
b3f51671-910f-4f4a-a010-5880f2b8d618,15,6fbeaec3-c55c-4cb3-8884-17f387a65acb,Snake4,95,6,1
b3f51671-910f-4f4a-a010-5880f2b8d618,16,571e89ca-3815-46c2-8c7c-b08740f01293,Snake1,99,6,1
b3f51671-910f-4f4a-a010-5880f2b8d618,16,2172cffd-91d3-434a-bfac-370321b4d705,Snake2,99,6,1
b3f51671-910f-4f4a-a010-5880f2b8d618,16,3b875360-2388-4232-9174-3842af0fc8f5,Snake3,94,5,1
b3f51671-910f-4f4a-a010-5880f2b8d618,16,6fbeaec3-c55c-4cb3-8884-17f387a65acb,Snake4,94,6,1
b3f51671-910f-4f4a-a010-5880f2b8d618,16,571e89ca-3815-46c2-8c7c-b08740f01293,Snake1,99,6,1
b3f51671-910f-4f4a-a010-5880f2b8d618,16,2172cffd-91d3-434a-bfac-370321b4d705,Snake2,99,6,1
b3f51671-910f-4f4a-a010-5880f2b8d618,16,3b875360-2388-4232-9174-3842af0fc8f5,Snake3,94,5,1
b3f51671-910f-4f4a-a010-5880f2b8d618,16,6fbeaec3-c55c-4cb3-8884-17f387a65acb,Snake4,94,6,1
b3f51671-910f-4f4a-a010-5880f2b8d618,16,571e89ca-3815-46c2-8c7c-b08740f01293,Snake1,99,6,1
b3f51671-910f-4f4a-a010-5880f2b8d618,16,2172cffd-91d3-434a-bfac-370321b4d705,Snake2,99,6,1
b3f51671-910f-4f4a-a010-5880f2b8d618,16,3b875360-2388-4232-9174-3842af0fc8f5,Snake3,94,5,1
b3f51671-910f-4f4a-a010-5880f2b8d618,16,6fbeaec3-c55c-4cb3-8884-17f387a65acb,Snake4,94,6,1
b3f51671-910f-4f4a-a010-5880f2b8d618,16,571e89ca-3815-46c2-8c7c-b08740f01293,Snake1,99,6,1
b3f51671-910f-4f4a-a010-5880f2b8d618,16,2172cffd-91d3-434a-bfac-370321b4d705,Snake2,99,6,1
b3f51671-910f-4f4a-a010-5880f2b8d618,16,3b875360-2388-4232-9174-3842af0fc8f5,Snake3,94,5,1
b3f51671-910f-4f4a-a010-5880f2b8d618,16,6fbeaec3-c55c-4cb3-8884-17f387a65acb,Snake4,94,6,1
b3f51671-910f-4f4a-a010-5880f2b8d618,17,571e89ca-3815-46c2-8c7c-b08740f01293,Snake1,98,6,1
b3f51671-910f-4f4a-a010-5880f2b8d618,17,2172cffd-91d3-434a-bfac-370321b4d705,Snake2,98,6,1
b3f51671-910f-4f4a-a010-5880f2b8d618,17,3b875360-2388-4232-9174-3842af0fc8f5,Snake3,93,5,1
b3f51671-910f-4f4a-a010-5880f2b8d618,17,6fbeaec3-c55c-4cb3-8884-17f387a65acb,Snake4,93,6,1
b3f51671-910f-4f4a-a010-5880f2b8d618,17,571e89ca-3815-46c2-8c7c-b08740f01293,Snake1,98,6,1
b3f51671-910f-4f4a-a010-5880f2b8d618,17,2172cffd-91d3-434a-bfac-370321b4d705,Snake2,98,6,1
b3f51671-910f-4f4a-a010-5880f2b8d618,17,3b875360-2388-4232-9174-3842af0fc8f5,Snake3,93,5,1
b3f51671-910f-4f4a-a010-5880f2b8d618,17,6fbeaec3-c55c-4cb3-8884-17f387a65acb,Snake4,93,6,1
b3f51671-910f-4f4a-a010-5880f2b8d618,17,571e89ca-3815-46c2-8c7c-b08740f01293,Snake1,98,6,1
b3f51671-910f-4f4a-a010-5880f2b8d618,17,2172cffd-91d3-434a-bfac-370321b4d705,Snake2,98,6,1
b3f51671-910f-4f4a-a010-5880f2b8d618,17,3b875360-2388-4232-9174-3842af0fc8f5,Snake3,93,5,1
b3f51671-910f-4f4a-a010-5880f2b8d618,17,6fbeaec3-c55c-4cb3-8884-17f387a65acb,Snake4,93,6,1
b3f51671-910f-4f4a-a010-5880f2b8d618,17,571e89ca-3815-46c2-8c7c-b08740f01293,Snake1,98,6,1
b3f51671-910f-4f4a-a010-5880f2b8d618,17,2172cffd-91d3-434a-bfac-370321b4d705,Snake2,98,6,1
b3f51671-910f-4f4a-a010-5880f2b8d618,17,3b875360-2388-4232-9174-3842af0fc8f5,Snake3,93,5,1
b3f51671-910f-4f4a-a010-5880f2b8d618,17,6fbeaec3-c55c-4cb3-8884-17f387a65acb,Snake4,93,6,1
b3f51671-910f-4f4a-a010-5880f2b8d618,18,571e89ca-3815-46c2-8c7c-b08740f01293,Snake1,97,6,1
b3f51671-910f-4f4a-a010-5880f2b8d618,18,2172cffd-91d3-434a-bfac-370321b4d705,Snake2,97,6,1
b3f51671-910f-4f4a-a010-5880f2b8d618,18,3b875360-2388-4232-9174-3842af0fc8f5,Snake3,92,5,1
b3f51671-910f-4f4a-a010-5880f2b8d618,18,6fbeaec3-c55c-4cb3-8884-17f387a65acb,Snake4,100,7,1
b3f51671-910f-4f4a-a010-5880f2b8d618,18,571e89ca-3815-46c2-8c7c-b08740f01293,Snake1,97,6,1
b3f51671-910f-4f4a-a010-5880f2b8d618,18,2172cffd-91d3-434a-bfac-370321b4d705,Snake2,97,6,1
b3f51671-910f-4f4a-a010-5880f2b8d618,18,3b875360-2388-4232-9174-3842af0fc8f5,Snake3,92,5,1
b3f51671-910f-4f4a-a010-5880f2b8d618,18,6fbeaec3-c55c-4cb3-8884-17f387a65acb,Snake4,100,7,1
b3f51671-910f-4f4a-a010-5880f2b8d618,18,571e89ca-3815-46c2-8c7c-b08740f01293,Snake1,97,6,1
b3f51671-910f-4f4a-a010-5880f2b8d618,18,2172cffd-91d3-434a-bfac-370321b4d705,Snake2,97,6,1
b3f51671-910f-4f4a-a010-5880f2b8d618,18,3b875360-2388-4232-9174-3842af0fc8f5,Snake3,92,5,1
b3f51671-910f-4f4a-a010-5880f2b8d618,18,6fbeaec3-c55c-4cb3-8884-17f387a65acb,Snake4,100,7,1
b3f51671-910f-4f4a-a010-5880f2b8d618,19,571e89ca-3815-46c2-8c7c-b08740f01293,Snake1,96,6,1
b3f51671-910f-4f4a-a010-5880f2b8d618,19,2172cffd-91d3-434a-bfac-370321b4d705,Snake2,96,6,1
b3f51671-910f-4f4a-a010-5880f2b8d618,19,3b875360-2388-4232-9174-3842af0fc8f5,Snake3,91,5,1
b3f51671-910f-4f4a-a010-5880f2b8d618,19,6fbeaec3-c55c-4cb3-8884-17f387a65acb,Snake4,99,7,1
b3f51671-910f-4f4a-a010-5880f2b8d618,19,571e89ca-3815-46c2-8c7c-b08740f01293,Snake1,96,6,1
b3f51671-910f-4f4a-a010-5880f2b8d618,19,2172cffd-91d3-434a-bfac-370321b4d705,Snake2,96,6,1
b3f51671-910f-4f4a-a010-5880f2b8d618,19,3b875360-2388-4232-9174-3842af0fc8f5,Snake3,91,5,1
b3f51671-910f-4f4a-a010-5880f2b8d618,19,6fbeaec3-c55c-4cb3-8884-17f387a65acb,Snake4,99,7,1
b3f51671-910f-4f4a-a010-5880f2b8d618,19,571e89ca-3815-46c2-8c7c-b08740f01293,Snake1,96,6,1
b3f51671-910f-4f4a-a010-5880f2b8d618,19,2172cffd-91d3-434a-bfac-370321b4d705,Snake2,96,6,1
b3f51671-910f-4f4a-a010-5880f2b8d618,19,3b875360-2388-4232-9174-3842af0fc8f5,Snake3,91,5,1
b3f51671-910f-4f4a-a010-5880f2b8d618,19,6fbeaec3-c55c-4cb3-8884-17f387a65acb,Snake4,99,7,1
b3f51671-910f-4f4a-a010-5880f2b8d618,19,571e89ca-3815-46c2-8c7c-b08740f01293,Snake1,96,6,1
b3f51671-910f-4f4a-a010-5880f2b8d618,19,2172cffd-91d3-434a-bfac-370321b4d705,Snake2,96,6,1
b3f51671-910f-4f4a-a010-5880f2b8d618,19,3b875360-2388-4232-9174-3842af0fc8f5,Snake3,91,5,1
b3f51671-910f-4f4a-a010-5880f2b8d618,19,6fbeaec3-c55c-4cb3-8884-17f387a65acb,Snake4,99,7,1
b3f51671-910f-4f4a-a010-5880f2b8d618,20,571e89ca-3815-46c2-8c7c-b08740f01293,Snake1,95,6,1
b3f51671-910f-4f4a-a010-5880f2b8d618,20,2172cffd-91d3-434a-bfac-370321b4d705,Snake2,95,6,1
b3f51671-910f-4f4a-a010-5880f2b8d618,20,3b875360-2388-4232-9174-3842af0fc8f5,Snake3,90,5,1
b3f51671-910f-4f4a-a010-5880f2b8d618,20,6fbeaec3-c55c-4cb3-8884-17f387a65acb,Snake4,98,7,1
b3f51671-910f-4f4a-a010-5880f2b8d618,20,571e89ca-3815-46c2-8c7c-b08740f01293,Snake1,95,6,1
b3f51671-910f-4f4a-a010-5880f2b8d618,20,2172cffd-91d3-434a-bfac-370321b4d705,Snake2,95,6,1
b3f51671-910f-4f4a-a010-5880f2b8d618,20,3b875360-2388-4232-9174-3842af0fc8f5,Snake3,90,5,1
b3f51671-910f-4f4a-a010-5880f2b8d618,20,6fbeaec3-c55c-4cb3-8884-17f387a65acb,Snake4,98,7,1
b3f51671-910f-4f4a-a010-5880f2b8d618,20,571e89ca-3815-46c2-8c7c-b08740f01293,Snake1,95,6,1
b3f51671-910f-4f4a-a010-5880f2b8d618,20,2172cffd-91d3-434a-bfac-370321b4d705,Snake2,95,6,1
b3f51671-910f-4f4a-a010-5880f2b8d618,20,3b875360-2388-4232-9174-3842af0fc8f5,Snake3,90,5,1
b3f51671-910f-4f4a-a010-5880f2b8d618,20,6fbeaec3-c55c-4cb3-8884-17f387a65acb,Snake4,98,7,1
b3f51671-910f-4f4a-a010-5880f2b8d618,21,571e89ca-3815-46c2-8c7c-b08740f01293,Snake1,94,6,1
b3f51671-910f-4f4a-a010-5880f2b8d618,21,2172cffd-91d3-434a-bfac-370321b4d705,Snake2,94,6,1
b3f51671-910f-4f4a-a010-5880f2b8d618,21,3b875360-2388-4232-9174-3842af0fc8f5,Snake3,89,5,1
b3f51671-910f-4f4a-a010-5880f2b8d618,21,6fbeaec3-c55c-4cb3-8884-17f387a65acb,Snake4,97,7,1
b3f51671-910f-4f4a-a010-5880f2b8d618,21,571e89ca-3815-46c2-8c7c-b08740f01293,Snake1,94,6,1
b3f51671-910f-4f4a-a010-5880f2b8d618,21,2172cffd-91d3-434a-bfac-370321b4d705,Snake2,94,6,1
b3f51671-910f-4f4a-a010-5880f2b8d618,21,3b875360-2388-4232-9174-3842af0fc8f5,Snake3,89,5,1
b3f51671-910f-4f4a-a010-5880f2b8d618,21,6fbeaec3-c55c-4cb3-8884-17f387a65acb,Snake4,97,7,1
b3f51671-910f-4f4a-a010-5880f2b8d618,21,571e89ca-3815-46c2-8c7c-b08740f01293,Snake1,94,6,1
b3f51671-910f-4f4a-a010-5880f2b8d618,21,2172cffd-91d3-434a-bfac-370321b4d705,Snake2,94,6,1
b3f51671-910f-4f4a-a010-5880f2b8d618,21,3b875360-2388-4232-9174-3842af0fc8f5,Snake3,89,5,1
b3f51671-910f-4f4a-a010-5880f2b8d618,21,6fbeaec3-c55c-4cb3-8884-17f387a65acb,Snake4,97,7,1
b3f51671-910f-4f4a-a010-5880f2b8d618,21,571e89ca-3815-46c2-8c7c-b08740f01293,Snake1,94,6,1
b3f51671-910f-4f4a-a010-5880f2b8d618,21,2172cffd-91d3-434a-bfac-370321b4d705,Snake2,94,6,1
b3f51671-910f-4f4a-a010-5880f2b8d618,21,3b875360-2388-4232-9174-3842af0fc8f5,Snake3,89,5,1
b3f51671-910f-4f4a-a010-5880f2b8d618,21,6fbeaec3-c55c-4cb3-8884-17f387a65acb,Snake4,97,7,1
b3f51671-910f-4f4a-a010-5880f2b8d618,22,571e89ca-3815-46c2-8c7c-b08740f01293,Snake1,100,7,1
b3f51671-910f-4f4a-a010-5880f2b8d618,22,2172cffd-91d3-434a-bfac-370321b4d705,Snake2,93,6,1
b3f51671-910f-4f4a-a010-5880f2b8d618,22,3b875360-2388-4232-9174-3842af0fc8f5,Snake3,88,5,1
b3f51671-910f-4f4a-a010-5880f2b8d618,22,6fbeaec3-c55c-4cb3-8884-17f387a65acb,Snake4,96,7,1
b3f51671-910f-4f4a-a010-5880f2b8d618,22,571e89ca-3815-46c2-8c7c-b08740f01293,Snake1,100,7,1
b3f51671-910f-4f4a-a010-5880f2b8d618,22,2172cffd-91d3-434a-bfac-370321b4d705,Snake2,93,6,1
b3f51671-910f-4f4a-a010-5880f2b8d618,22,3b875360-2388-4232-9174-3842af0fc8f5,Snake3,88,5,1
b3f51671-910f-4f4a-a010-5880f2b8d618,22,6fbeaec3-c55c-4cb3-8884-17f387a65acb,Snake4,96,7,1
b3f51671-910f-4f4a-a010-5880f2b8d618,22,571e89ca-3815-46c2-8c7c-b08740f01293,Snake1,100,7,1
b3f51671-910f-4f4a-a010-5880f2b8d618,22,2172cffd-91d3-434a-bfac-370321b4d705,Snake2,93,6,1
b3f51671-910f-4f4a-a010-5880f2b8d618,22,3b875360-2388-4232-9174-3842af0fc8f5,Snake3,88,5,1
b3f51671-910f-4f4a-a010-5880f2b8d618,22,6fbeaec3-c55c-4cb3-8884-17f387a65acb,Snake4,96,7,1
b3f51671-910f-4f4a-a010-5880f2b8d618,23,571e89ca-3815-46c2-8c7c-b08740f01293,Snake1,99,7,1
b3f51671-910f-4f4a-a010-5880f2b8d618,23,2172cffd-91d3-434a-bfac-370321b4d705,Snake2,92,6,1
b3f51671-910f-4f4a-a010-5880f2b8d618,23,3b875360-2388-4232-9174-3842af0fc8f5,Snake3,87,5,1
b3f51671-910f-4f4a-a010-5880f2b8d618,23,6fbeaec3-c55c-4cb3-8884-17f387a65acb,Snake4,95,7,1
b3f51671-910f-4f4a-a010-5880f2b8d618,23,571e89ca-3815-46c2-8c7c-b08740f01293,Snake1,99,7,1
b3f51671-910f-4f4a-a010-5880f2b8d618,23,2172cffd-91d3-434a-bfac-370321b4d705,Snake2,92,6,1
b3f51671-910f-4f4a-a010-5880f2b8d618,23,3b875360-2388-4232-9174-3842af0fc8f5,Snake3,87,5,1
b3f51671-910f-4f4a-a010-5880f2b8d618,23,6fbeaec3-c55c-4cb3-8884-17f387a65acb,Snake4,95,7,1
b3f51671-910f-4f4a-a010-5880f2b8d618,23,571e89ca-3815-46c2-8c7c-b08740f01293,Snake1,99,7,1
b3f51671-910f-4f4a-a010-5880f2b8d618,23,2172cffd-91d3-434a-bfac-370321b4d705,Snake2,92,6,1
b3f51671-910f-4f4a-a010-5880f2b8d618,23,3b875360-2388-4232-9174-3842af0fc8f5,Snake3,87,5,1
b3f51671-910f-4f4a-a010-5880f2b8d618,23,6fbeaec3-c55c-4cb3-8884-17f387a65acb,Snake4,95,7,1
b3f51671-910f-4f4a-a010-5880f2b8d618,24,571e89ca-3815-46c2-8c7c-b08740f01293,Snake1,100,8,1
b3f51671-910f-4f4a-a010-5880f2b8d618,24,2172cffd-91d3-434a-bfac-370321b4d705,Snake2,91,6,1
b3f51671-910f-4f4a-a010-5880f2b8d618,24,3b875360-2388-4232-9174-3842af0fc8f5,Snake3,86,5,1
b3f51671-910f-4f4a-a010-5880f2b8d618,24,6fbeaec3-c55c-4cb3-8884-17f387a65acb,Snake4,94,7,1
b3f51671-910f-4f4a-a010-5880f2b8d618,24,571e89ca-3815-46c2-8c7c-b08740f01293,Snake1,100,8,1
b3f51671-910f-4f4a-a010-5880f2b8d618,24,2172cffd-91d3-434a-bfac-370321b4d705,Snake2,91,6,1
b3f51671-910f-4f4a-a010-5880f2b8d618,24,3b875360-2388-4232-9174-3842af0fc8f5,Snake3,86,5,1
b3f51671-910f-4f4a-a010-5880f2b8d618,24,6fbeaec3-c55c-4cb3-8884-17f387a65acb,Snake4,94,7,1
b3f51671-910f-4f4a-a010-5880f2b8d618,24,571e89ca-3815-46c2-8c7c-b08740f01293,Snake1,100,8,1
b3f51671-910f-4f4a-a010-5880f2b8d618,24,2172cffd-91d3-434a-bfac-370321b4d705,Snake2,91,6,1
b3f51671-910f-4f4a-a010-5880f2b8d618,24,3b875360-2388-4232-9174-3842af0fc8f5,Snake3,86,5,1
b3f51671-910f-4f4a-a010-5880f2b8d618,24,6fbeaec3-c55c-4cb3-8884-17f387a65acb,Snake4,94,7,1
b3f51671-910f-4f4a-a010-5880f2b8d618,24,571e89ca-3815-46c2-8c7c-b08740f01293,Snake1,100,8,1
b3f51671-910f-4f4a-a010-5880f2b8d618,24,2172cffd-91d3-434a-bfac-370321b4d705,Snake2,91,6,1
b3f51671-910f-4f4a-a010-5880f2b8d618,24,3b875360-2388-4232-9174-3842af0fc8f5,Snake3,86,5,1
b3f51671-910f-4f4a-a010-5880f2b8d618,24,6fbeaec3-c55c-4cb3-8884-17f387a65acb,Snake4,94,7,1
b3f51671-910f-4f4a-a010-5880f2b8d618,25,571e89ca-3815-46c2-8c7c-b08740f01293,Snake1,99,8,1
b3f51671-910f-4f4a-a010-5880f2b8d618,25,2172cffd-91d3-434a-bfac-370321b4d705,Snake2,90,6,1
b3f51671-910f-4f4a-a010-5880f2b8d618,25,3b875360-2388-4232-9174-3842af0fc8f5,Snake3,85,5,1
b3f51671-910f-4f4a-a010-5880f2b8d618,25,6fbeaec3-c55c-4cb3-8884-17f387a65acb,Snake4,93,7,1
b3f51671-910f-4f4a-a010-5880f2b8d618,25,571e89ca-3815-46c2-8c7c-b08740f01293,Snake1,99,8,1
b3f51671-910f-4f4a-a010-5880f2b8d618,25,2172cffd-91d3-434a-bfac-370321b4d705,Snake2,90,6,1
b3f51671-910f-4f4a-a010-5880f2b8d618,25,3b875360-2388-4232-9174-3842af0fc8f5,Snake3,85,5,1
b3f51671-910f-4f4a-a010-5880f2b8d618,25,6fbeaec3-c55c-4cb3-8884-17f387a65acb,Snake4,93,7,1
b3f51671-910f-4f4a-a010-5880f2b8d618,25,571e89ca-3815-46c2-8c7c-b08740f01293,Snake1,99,8,1
b3f51671-910f-4f4a-a010-5880f2b8d618,25,2172cffd-91d3-434a-bfac-370321b4d705,Snake2,90,6,1
b3f51671-910f-4f4a-a010-5880f2b8d618,25,3b875360-2388-4232-9174-3842af0fc8f5,Snake3,85,5,1
b3f51671-910f-4f4a-a010-5880f2b8d618,25,6fbeaec3-c55c-4cb3-8884-17f387a65acb,Snake4,93,7,1
b3f51671-910f-4f4a-a010-5880f2b8d618,26,571e89ca-3815-46c2-8c7c-b08740f01293,Snake1,98,8,1
b3f51671-910f-4f4a-a010-5880f2b8d618,26,2172cffd-91d3-434a-bfac-370321b4d705,Snake2,89,6,1
b3f51671-910f-4f4a-a010-5880f2b8d618,26,3b875360-2388-4232-9174-3842af0fc8f5,Snake3,84,5,1
b3f51671-910f-4f4a-a010-5880f2b8d618,26,6fbeaec3-c55c-4cb3-8884-17f387a65acb,Snake4,92,7,1
b3f51671-910f-4f4a-a010-5880f2b8d618,26,571e89ca-3815-46c2-8c7c-b08740f01293,Snake1,98,8,1
b3f51671-910f-4f4a-a010-5880f2b8d618,26,2172cffd-91d3-434a-bfac-370321b4d705,Snake2,89,6,1
b3f51671-910f-4f4a-a010-5880f2b8d618,26,3b875360-2388-4232-9174-3842af0fc8f5,Snake3,84,5,1
b3f51671-910f-4f4a-a010-5880f2b8d618,26,6fbeaec3-c55c-4cb3-8884-17f387a65acb,Snake4,92,7,1
b3f51671-910f-4f4a-a010-5880f2b8d618,26,571e89ca-3815-46c2-8c7c-b08740f01293,Snake1,98,8,1
b3f51671-910f-4f4a-a010-5880f2b8d618,26,2172cffd-91d3-434a-bfac-370321b4d705,Snake2,89,6,1
b3f51671-910f-4f4a-a010-5880f2b8d618,26,3b875360-2388-4232-9174-3842af0fc8f5,Snake3,84,5,1
b3f51671-910f-4f4a-a010-5880f2b8d618,26,6fbeaec3-c55c-4cb3-8884-17f387a65acb,Snake4,92,7,1
b3f51671-910f-4f4a-a010-5880f2b8d618,26,571e89ca-3815-46c2-8c7c-b08740f01293,Snake1,98,8,1
b3f51671-910f-4f4a-a010-5880f2b8d618,26,2172cffd-91d3-434a-bfac-370321b4d705,Snake2,89,6,1
b3f51671-910f-4f4a-a010-5880f2b8d618,26,3b875360-2388-4232-9174-3842af0fc8f5,Snake3,84,5,1
b3f51671-910f-4f4a-a010-5880f2b8d618,26,6fbeaec3-c55c-4cb3-8884-17f387a65acb,Snake4,92,7,1
b3f51671-910f-4f4a-a010-5880f2b8d618,27,571e89ca-3815-46c2-8c7c-b08740f01293,Snake1,97,8,1
b3f51671-910f-4f4a-a010-5880f2b8d618,27,2172cffd-91d3-434a-bfac-370321b4d705,Snake2,88,6,1
b3f51671-910f-4f4a-a010-5880f2b8d618,27,3b875360-2388-4232-9174-3842af0fc8f5,Snake3,83,5,1
b3f51671-910f-4f4a-a010-5880f2b8d618,27,6fbeaec3-c55c-4cb3-8884-17f387a65acb,Snake4,91,7,1
b3f51671-910f-4f4a-a010-5880f2b8d618,27,571e89ca-3815-46c2-8c7c-b08740f01293,Snake1,97,8,1
b3f51671-910f-4f4a-a010-5880f2b8d618,27,2172cffd-91d3-434a-bfac-370321b4d705,Snake2,88,6,1
b3f51671-910f-4f4a-a010-5880f2b8d618,27,3b875360-2388-4232-9174-3842af0fc8f5,Snake3,83,5,1
b3f51671-910f-4f4a-a010-5880f2b8d618,27,6fbeaec3-c55c-4cb3-8884-17f387a65acb,Snake4,91,7,1
b3f51671-910f-4f4a-a010-5880f2b8d618,27,571e89ca-3815-46c2-8c7c-b08740f01293,Snake1,97,8,1
b3f51671-910f-4f4a-a010-5880f2b8d618,27,2172cffd-91d3-434a-bfac-370321b4d705,Snake2,88,6,1
b3f51671-910f-4f4a-a010-5880f2b8d618,27,3b875360-2388-4232-9174-3842af0fc8f5,Snake3,83,5,1
b3f51671-910f-4f4a-a010-5880f2b8d618,27,6fbeaec3-c55c-4cb3-8884-17f387a65acb,Snake4,91,7,1
b3f51671-910f-4f4a-a010-5880f2b8d618,27,571e89ca-3815-46c2-8c7c-b08740f01293,Snake1,97,8,1
b3f51671-910f-4f4a-a010-5880f2b8d618,27,2172cffd-91d3-434a-bfac-370321b4d705,Snake2,88,6,1
b3f51671-910f-4f4a-a010-5880f2b8d618,27,3b875360-2388-4232-9174-3842af0fc8f5,Snake3,83,5,1
b3f51671-910f-4f4a-a010-5880f2b8d618,27,6fbeaec3-c55c-4cb3-8884-17f387a65acb,Snake4,91,7,1
b3f51671-910f-4f4a-a010-5880f2b8d618,28,571e89ca-3815-46c2-8c7c-b08740f01293,Snake1,96,8,1
b3f51671-910f-4f4a-a010-5880f2b8d618,28,2172cffd-91d3-434a-bfac-370321b4d705,Snake2,87,6,1
b3f51671-910f-4f4a-a010-5880f2b8d618,28,3b875360-2388-4232-9174-3842af0fc8f5,Snake3,82,5,1
b3f51671-910f-4f4a-a010-5880f2b8d618,28,6fbeaec3-c55c-4cb3-8884-17f387a65acb,Snake4,90,7,1
b3f51671-910f-4f4a-a010-5880f2b8d618,28,571e89ca-3815-46c2-8c7c-b08740f01293,Snake1,96,8,1
b3f51671-910f-4f4a-a010-5880f2b8d618,28,2172cffd-91d3-434a-bfac-370321b4d705,Snake2,87,6,1
b3f51671-910f-4f4a-a010-5880f2b8d618,28,3b875360-2388-4232-9174-3842af0fc8f5,Snake3,82,5,1
b3f51671-910f-4f4a-a010-5880f2b8d618,28,6fbeaec3-c55c-4cb3-8884-17f387a65acb,Snake4,90,7,1
b3f51671-910f-4f4a-a010-5880f2b8d618,28,571e89ca-3815-46c2-8c7c-b08740f01293,Snake1,96,8,1
b3f51671-910f-4f4a-a010-5880f2b8d618,28,2172cffd-91d3-434a-bfac-370321b4d705,Snake2,87,6,1
b3f51671-910f-4f4a-a010-5880f2b8d618,28,3b875360-2388-4232-9174-3842af0fc8f5,Snake3,82,5,1
b3f51671-910f-4f4a-a010-5880f2b8d618,28,6fbeaec3-c55c-4cb3-8884-17f387a65acb,Snake4,90,7,1
b3f51671-910f-4f4a-a010-5880f2b8d618,28,571e89ca-3815-46c2-8c7c-b08740f01293,Snake1,96,8,1
b3f51671-910f-4f4a-a010-5880f2b8d618,28,2172cffd-91d3-434a-bfac-370321b4d705,Snake2,87,6,1
b3f51671-910f-4f4a-a010-5880f2b8d618,28,3b875360-2388-4232-9174-3842af0fc8f5,Snake3,82,5,1
b3f51671-910f-4f4a-a010-5880f2b8d618,28,6fbeaec3-c55c-4cb3-8884-17f387a65acb,Snake4,90,7,1
b3f51671-910f-4f4a-a010-5880f2b8d618,29,571e89ca-3815-46c2-8c7c-b08740f01293,Snake1,95,8,1
b3f51671-910f-4f4a-a010-5880f2b8d618,29,2172cffd-91d3-434a-bfac-370321b4d705,Snake2,86,6,1
b3f51671-910f-4f4a-a010-5880f2b8d618,29,3b875360-2388-4232-9174-3842af0fc8f5,Snake3,81,5,1
b3f51671-910f-4f4a-a010-5880f2b8d618,29,6fbeaec3-c55c-4cb3-8884-17f387a65acb,Snake4,89,7,1
b3f51671-910f-4f4a-a010-5880f2b8d618,29,571e89ca-3815-46c2-8c7c-b08740f01293,Snake1,95,8,1
b3f51671-910f-4f4a-a010-5880f2b8d618,29,2172cffd-91d3-434a-bfac-370321b4d705,Snake2,86,6,1
b3f51671-910f-4f4a-a010-5880f2b8d618,29,3b875360-2388-4232-9174-3842af0fc8f5,Snake3,81,5,1
b3f51671-910f-4f4a-a010-5880f2b8d618,29,6fbeaec3-c55c-4cb3-8884-17f387a65acb,Snake4,89,7,1
b3f51671-910f-4f4a-a010-5880f2b8d618,29,571e89ca-3815-46c2-8c7c-b08740f01293,Snake1,95,8,1
b3f51671-910f-4f4a-a010-5880f2b8d618,29,2172cffd-91d3-434a-bfac-370321b4d705,Snake2,86,6,1
b3f51671-910f-4f4a-a010-5880f2b8d618,29,3b875360-2388-4232-9174-3842af0fc8f5,Snake3,81,5,1
b3f51671-910f-4f4a-a010-5880f2b8d618,29,6fbeaec3-c55c-4cb3-8884-17f387a65acb,Snake4,89,7,1
b3f51671-910f-4f4a-a010-5880f2b8d618,29,571e89ca-3815-46c2-8c7c-b08740f01293,Snake1,95,8,1
b3f51671-910f-4f4a-a010-5880f2b8d618,29,2172cffd-91d3-434a-bfac-370321b4d705,Snake2,86,6,1
b3f51671-910f-4f4a-a010-5880f2b8d618,29,3b875360-2388-4232-9174-3842af0fc8f5,Snake3,81,5,1
b3f51671-910f-4f4a-a010-5880f2b8d618,29,6fbeaec3-c55c-4cb3-8884-17f387a65acb,Snake4,89,7,1
b3f51671-910f-4f4a-a010-5880f2b8d618,30,571e89ca-3815-46c2-8c7c-b08740f01293,Snake1,94,8,1
b3f51671-910f-4f4a-a010-5880f2b8d618,30,2172cffd-91d3-434a-bfac-370321b4d705,Snake2,85,6,1
b3f51671-910f-4f4a-a010-5880f2b8d618,30,3b875360-2388-4232-9174-3842af0fc8f5,Snake3,80,5,1
b3f51671-910f-4f4a-a010-5880f2b8d618,30,6fbeaec3-c55c-4cb3-8884-17f387a65acb,Snake4,100,8,1
b3f51671-910f-4f4a-a010-5880f2b8d618,30,571e89ca-3815-46c2-8c7c-b08740f01293,Snake1,94,8,1
b3f51671-910f-4f4a-a010-5880f2b8d618,30,2172cffd-91d3-434a-bfac-370321b4d705,Snake2,85,6,1
b3f51671-910f-4f4a-a010-5880f2b8d618,30,3b875360-2388-4232-9174-3842af0fc8f5,Snake3,80,5,1
b3f51671-910f-4f4a-a010-5880f2b8d618,30,6fbeaec3-c55c-4cb3-8884-17f387a65acb,Snake4,100,8,1
b3f51671-910f-4f4a-a010-5880f2b8d618,30,571e89ca-3815-46c2-8c7c-b08740f01293,Snake1,94,8,1
b3f51671-910f-4f4a-a010-5880f2b8d618,30,2172cffd-91d3-434a-bfac-370321b4d705,Snake2,85,6,1
b3f51671-910f-4f4a-a010-5880f2b8d618,30,3b875360-2388-4232-9174-3842af0fc8f5,Snake3,80,5,1
b3f51671-910f-4f4a-a010-5880f2b8d618,30,6fbeaec3-c55c-4cb3-8884-17f387a65acb,Snake4,100,8,1
b3f51671-910f-4f4a-a010-5880f2b8d618,30,571e89ca-3815-46c2-8c7c-b08740f01293,Snake1,94,8,1
b3f51671-910f-4f4a-a010-5880f2b8d618,30,2172cffd-91d3-434a-bfac-370321b4d705,Snake2,85,6,1
b3f51671-910f-4f4a-a010-5880f2b8d618,30,3b875360-2388-4232-9174-3842af0fc8f5,Snake3,80,5,1
b3f51671-910f-4f4a-a010-5880f2b8d618,30,6fbeaec3-c55c-4cb3-8884-17f387a65acb,Snake4,100,8,1
b3f51671-910f-4f4a-a010-5880f2b8d618,31,571e89ca-3815-46c2-8c7c-b08740f01293,Snake1,100,9,1
b3f51671-910f-4f4a-a010-5880f2b8d618,31,2172cffd-91d3-434a-bfac-370321b4d705,Snake2,84,6,1
b3f51671-910f-4f4a-a010-5880f2b8d618,31,3b875360-2388-4232-9174-3842af0fc8f5,Snake3,79,5,1
b3f51671-910f-4f4a-a010-5880f2b8d618,31,6fbeaec3-c55c-4cb3-8884-17f387a65acb,Snake4,99,8,1
b3f51671-910f-4f4a-a010-5880f2b8d618,31,571e89ca-3815-46c2-8c7c-b08740f01293,Snake1,100,9,1
b3f51671-910f-4f4a-a010-5880f2b8d618,31,2172cffd-91d3-434a-bfac-370321b4d705,Snake2,84,6,1
b3f51671-910f-4f4a-a010-5880f2b8d618,31,3b875360-2388-4232-9174-3842af0fc8f5,Snake3,79,5,1
b3f51671-910f-4f4a-a010-5880f2b8d618,31,6fbeaec3-c55c-4cb3-8884-17f387a65acb,Snake4,99,8,1
b3f51671-910f-4f4a-a010-5880f2b8d618,32,571e89ca-3815-46c2-8c7c-b08740f01293,Snake1,99,9,1
b3f51671-910f-4f4a-a010-5880f2b8d618,32,2172cffd-91d3-434a-bfac-370321b4d705,Snake2,83,6,1
b3f51671-910f-4f4a-a010-5880f2b8d618,32,3b875360-2388-4232-9174-3842af0fc8f5,Snake3,78,5,1
b3f51671-910f-4f4a-a010-5880f2b8d618,32,6fbeaec3-c55c-4cb3-8884-17f387a65acb,Snake4,98,8,1
b3f51671-910f-4f4a-a010-5880f2b8d618,32,571e89ca-3815-46c2-8c7c-b08740f01293,Snake1,99,9,1
b3f51671-910f-4f4a-a010-5880f2b8d618,32,2172cffd-91d3-434a-bfac-370321b4d705,Snake2,83,6,1
b3f51671-910f-4f4a-a010-5880f2b8d618,32,3b875360-2388-4232-9174-3842af0fc8f5,Snake3,78,5,1
b3f51671-910f-4f4a-a010-5880f2b8d618,32,6fbeaec3-c55c-4cb3-8884-17f387a65acb,Snake4,98,8,1
b3f51671-910f-4f4a-a010-5880f2b8d618,32,571e89ca-3815-46c2-8c7c-b08740f01293,Snake1,99,9,1
b3f51671-910f-4f4a-a010-5880f2b8d618,32,2172cffd-91d3-434a-bfac-370321b4d705,Snake2,83,6,1
b3f51671-910f-4f4a-a010-5880f2b8d618,32,3b875360-2388-4232-9174-3842af0fc8f5,Snake3,78,5,1
b3f51671-910f-4f4a-a010-5880f2b8d618,32,6fbeaec3-c55c-4cb3-8884-17f387a65acb,Snake4,98,8,1
b3f51671-910f-4f4a-a010-5880f2b8d618,32,571e89ca-3815-46c2-8c7c-b08740f01293,Snake1,99,9,1
b3f51671-910f-4f4a-a010-5880f2b8d618,32,2172cffd-91d3-434a-bfac-370321b4d705,Snake2,83,6,1
b3f51671-910f-4f4a-a010-5880f2b8d618,32,3b875360-2388-4232-9174-3842af0fc8f5,Snake3,78,5,1
b3f51671-910f-4f4a-a010-5880f2b8d618,32,6fbeaec3-c55c-4cb3-8884-17f387a65acb,Snake4,98,8,1
b3f51671-910f-4f4a-a010-5880f2b8d618,33,571e89ca-3815-46c2-8c7c-b08740f01293,Snake1,98,9,1
b3f51671-910f-4f4a-a010-5880f2b8d618,33,2172cffd-91d3-434a-bfac-370321b4d705,Snake2,82,6,1
b3f51671-910f-4f4a-a010-5880f2b8d618,33,3b875360-2388-4232-9174-3842af0fc8f5,Snake3,77,5,1
b3f51671-910f-4f4a-a010-5880f2b8d618,33,6fbeaec3-c55c-4cb3-8884-17f387a65acb,Snake4,97,8,1
b3f51671-910f-4f4a-a010-5880f2b8d618,33,571e89ca-3815-46c2-8c7c-b08740f01293,Snake1,98,9,1
b3f51671-910f-4f4a-a010-5880f2b8d618,33,2172cffd-91d3-434a-bfac-370321b4d705,Snake2,82,6,1
b3f51671-910f-4f4a-a010-5880f2b8d618,33,3b875360-2388-4232-9174-3842af0fc8f5,Snake3,77,5,1
b3f51671-910f-4f4a-a010-5880f2b8d618,33,6fbeaec3-c55c-4cb3-8884-17f387a65acb,Snake4,97,8,1
b3f51671-910f-4f4a-a010-5880f2b8d618,33,571e89ca-3815-46c2-8c7c-b08740f01293,Snake1,98,9,1
b3f51671-910f-4f4a-a010-5880f2b8d618,33,2172cffd-91d3-434a-bfac-370321b4d705,Snake2,82,6,1
b3f51671-910f-4f4a-a010-5880f2b8d618,33,3b875360-2388-4232-9174-3842af0fc8f5,Snake3,77,5,1
b3f51671-910f-4f4a-a010-5880f2b8d618,33,6fbeaec3-c55c-4cb3-8884-17f387a65acb,Snake4,97,8,1
b3f51671-910f-4f4a-a010-5880f2b8d618,33,571e89ca-3815-46c2-8c7c-b08740f01293,Snake1,98,9,1
b3f51671-910f-4f4a-a010-5880f2b8d618,33,2172cffd-91d3-434a-bfac-370321b4d705,Snake2,82,6,1
b3f51671-910f-4f4a-a010-5880f2b8d618,33,3b875360-2388-4232-9174-3842af0fc8f5,Snake3,77,5,1
b3f51671-910f-4f4a-a010-5880f2b8d618,33,6fbeaec3-c55c-4cb3-8884-17f387a65acb,Snake4,97,8,1
b3f51671-910f-4f4a-a010-5880f2b8d618,34,571e89ca-3815-46c2-8c7c-b08740f01293,Snake1,97,9,1
b3f51671-910f-4f4a-a010-5880f2b8d618,34,2172cffd-91d3-434a-bfac-370321b4d705,Snake2,81,6,1
b3f51671-910f-4f4a-a010-5880f2b8d618,34,3b875360-2388-4232-9174-3842af0fc8f5,Snake3,76,5,1
b3f51671-910f-4f4a-a010-5880f2b8d618,34,6fbeaec3-c55c-4cb3-8884-17f387a65acb,Snake4,96,8,1
b3f51671-910f-4f4a-a010-5880f2b8d618,34,571e89ca-3815-46c2-8c7c-b08740f01293,Snake1,97,9,1
b3f51671-910f-4f4a-a010-5880f2b8d618,34,2172cffd-91d3-434a-bfac-370321b4d705,Snake2,81,6,1
b3f51671-910f-4f4a-a010-5880f2b8d618,34,3b875360-2388-4232-9174-3842af0fc8f5,Snake3,76,5,1
b3f51671-910f-4f4a-a010-5880f2b8d618,34,6fbeaec3-c55c-4cb3-8884-17f387a65acb,Snake4,96,8,1
b3f51671-910f-4f4a-a010-5880f2b8d618,34,571e89ca-3815-46c2-8c7c-b08740f01293,Snake1,97,9,1
b3f51671-910f-4f4a-a010-5880f2b8d618,34,2172cffd-91d3-434a-bfac-370321b4d705,Snake2,81,6,1
b3f51671-910f-4f4a-a010-5880f2b8d618,34,3b875360-2388-4232-9174-3842af0fc8f5,Snake3,76,5,1
b3f51671-910f-4f4a-a010-5880f2b8d618,34,6fbeaec3-c55c-4cb3-8884-17f387a65acb,Snake4,96,8,1
b3f51671-910f-4f4a-a010-5880f2b8d618,34,571e89ca-3815-46c2-8c7c-b08740f01293,Snake1,97,9,1
b3f51671-910f-4f4a-a010-5880f2b8d618,34,2172cffd-91d3-434a-bfac-370321b4d705,Snake2,81,6,1
b3f51671-910f-4f4a-a010-5880f2b8d618,34,3b875360-2388-4232-9174-3842af0fc8f5,Snake3,76,5,1
b3f51671-910f-4f4a-a010-5880f2b8d618,34,6fbeaec3-c55c-4cb3-8884-17f387a65acb,Snake4,96,8,1
b3f51671-910f-4f4a-a010-5880f2b8d618,35,571e89ca-3815-46c2-8c7c-b08740f01293,Snake1,96,9,1
b3f51671-910f-4f4a-a010-5880f2b8d618,35,2172cffd-91d3-434a-bfac-370321b4d705,Snake2,80,6,1
b3f51671-910f-4f4a-a010-5880f2b8d618,35,3b875360-2388-4232-9174-3842af0fc8f5,Snake3,75,5,1
b3f51671-910f-4f4a-a010-5880f2b8d618,35,6fbeaec3-c55c-4cb3-8884-17f387a65acb,Snake4,95,8,1
b3f51671-910f-4f4a-a010-5880f2b8d618,35,571e89ca-3815-46c2-8c7c-b08740f01293,Snake1,96,9,1
b3f51671-910f-4f4a-a010-5880f2b8d618,35,2172cffd-91d3-434a-bfac-370321b4d705,Snake2,80,6,1
b3f51671-910f-4f4a-a010-5880f2b8d618,35,3b875360-2388-4232-9174-3842af0fc8f5,Snake3,75,5,1
b3f51671-910f-4f4a-a010-5880f2b8d618,35,6fbeaec3-c55c-4cb3-8884-17f387a65acb,Snake4,95,8,1
b3f51671-910f-4f4a-a010-5880f2b8d618,35,571e89ca-3815-46c2-8c7c-b08740f01293,Snake1,96,9,1
b3f51671-910f-4f4a-a010-5880f2b8d618,35,2172cffd-91d3-434a-bfac-370321b4d705,Snake2,80,6,1
b3f51671-910f-4f4a-a010-5880f2b8d618,35,3b875360-2388-4232-9174-3842af0fc8f5,Snake3,75,5,1
b3f51671-910f-4f4a-a010-5880f2b8d618,35,6fbeaec3-c55c-4cb3-8884-17f387a65acb,Snake4,95,8,1
b3f51671-910f-4f4a-a010-5880f2b8d618,36,571e89ca-3815-46c2-8c7c-b08740f01293,Snake1,100,10,1
b3f51671-910f-4f4a-a010-5880f2b8d618,36,2172cffd-91d3-434a-bfac-370321b4d705,Snake2,79,6,1
b3f51671-910f-4f4a-a010-5880f2b8d618,36,6fbeaec3-c55c-4cb3-8884-17f387a65acb,Snake4,94,8,1
b3f51671-910f-4f4a-a010-5880f2b8d618,36,3b875360-2388-4232-9174-3842af0fc8f5,Snake3,75,5,0
b3f51671-910f-4f4a-a010-5880f2b8d618,36,571e89ca-3815-46c2-8c7c-b08740f01293,Snake1,100,10,1
b3f51671-910f-4f4a-a010-5880f2b8d618,36,2172cffd-91d3-434a-bfac-370321b4d705,Snake2,79,6,1
b3f51671-910f-4f4a-a010-5880f2b8d618,36,6fbeaec3-c55c-4cb3-8884-17f387a65acb,Snake4,94,8,1
b3f51671-910f-4f4a-a010-5880f2b8d618,36,3b875360-2388-4232-9174-3842af0fc8f5,Snake3,75,5,0
b3f51671-910f-4f4a-a010-5880f2b8d618,36,571e89ca-3815-46c2-8c7c-b08740f01293,Snake1,100,10,1
b3f51671-910f-4f4a-a010-5880f2b8d618,36,2172cffd-91d3-434a-bfac-370321b4d705,Snake2,79,6,1
b3f51671-910f-4f4a-a010-5880f2b8d618,36,6fbeaec3-c55c-4cb3-8884-17f387a65acb,Snake4,94,8,1
b3f51671-910f-4f4a-a010-5880f2b8d618,36,3b875360-2388-4232-9174-3842af0fc8f5,Snake3,75,5,0
b3f51671-910f-4f4a-a010-5880f2b8d618,37,571e89ca-3815-46c2-8c7c-b08740f01293,Snake1,99,10,1
b3f51671-910f-4f4a-a010-5880f2b8d618,37,2172cffd-91d3-434a-bfac-370321b4d705,Snake2,78,6,1
b3f51671-910f-4f4a-a010-5880f2b8d618,37,6fbeaec3-c55c-4cb3-8884-17f387a65acb,Snake4,100,9,1
b3f51671-910f-4f4a-a010-5880f2b8d618,37,3b875360-2388-4232-9174-3842af0fc8f5,Snake3,75,5,0
b3f51671-910f-4f4a-a010-5880f2b8d618,37,571e89ca-3815-46c2-8c7c-b08740f01293,Snake1,99,10,1
b3f51671-910f-4f4a-a010-5880f2b8d618,37,2172cffd-91d3-434a-bfac-370321b4d705,Snake2,78,6,1
b3f51671-910f-4f4a-a010-5880f2b8d618,37,6fbeaec3-c55c-4cb3-8884-17f387a65acb,Snake4,100,9,1
b3f51671-910f-4f4a-a010-5880f2b8d618,37,3b875360-2388-4232-9174-3842af0fc8f5,Snake3,75,5,0
b3f51671-910f-4f4a-a010-5880f2b8d618,37,571e89ca-3815-46c2-8c7c-b08740f01293,Snake1,99,10,1
b3f51671-910f-4f4a-a010-5880f2b8d618,37,2172cffd-91d3-434a-bfac-370321b4d705,Snake2,78,6,1
b3f51671-910f-4f4a-a010-5880f2b8d618,37,6fbeaec3-c55c-4cb3-8884-17f387a65acb,Snake4,100,9,1
b3f51671-910f-4f4a-a010-5880f2b8d618,37,3b875360-2388-4232-9174-3842af0fc8f5,Snake3,75,5,0
b3f51671-910f-4f4a-a010-5880f2b8d618,38,571e89ca-3815-46c2-8c7c-b08740f01293,Snake1,98,10,1
b3f51671-910f-4f4a-a010-5880f2b8d618,38,2172cffd-91d3-434a-bfac-370321b4d705,Snake2,77,6,1
b3f51671-910f-4f4a-a010-5880f2b8d618,38,6fbeaec3-c55c-4cb3-8884-17f387a65acb,Snake4,99,9,1
b3f51671-910f-4f4a-a010-5880f2b8d618,38,3b875360-2388-4232-9174-3842af0fc8f5,Snake3,75,5,0
b3f51671-910f-4f4a-a010-5880f2b8d618,38,571e89ca-3815-46c2-8c7c-b08740f01293,Snake1,98,10,1
b3f51671-910f-4f4a-a010-5880f2b8d618,38,2172cffd-91d3-434a-bfac-370321b4d705,Snake2,77,6,1
b3f51671-910f-4f4a-a010-5880f2b8d618,38,6fbeaec3-c55c-4cb3-8884-17f387a65acb,Snake4,99,9,1
b3f51671-910f-4f4a-a010-5880f2b8d618,38,3b875360-2388-4232-9174-3842af0fc8f5,Snake3,75,5,0
b3f51671-910f-4f4a-a010-5880f2b8d618,38,571e89ca-3815-46c2-8c7c-b08740f01293,Snake1,98,10,1
b3f51671-910f-4f4a-a010-5880f2b8d618,38,2172cffd-91d3-434a-bfac-370321b4d705,Snake2,77,6,1
b3f51671-910f-4f4a-a010-5880f2b8d618,38,6fbeaec3-c55c-4cb3-8884-17f387a65acb,Snake4,99,9,1
b3f51671-910f-4f4a-a010-5880f2b8d618,38,3b875360-2388-4232-9174-3842af0fc8f5,Snake3,75,5,0
b3f51671-910f-4f4a-a010-5880f2b8d618,39,571e89ca-3815-46c2-8c7c-b08740f01293,Snake1,97,10,1
b3f51671-910f-4f4a-a010-5880f2b8d618,39,2172cffd-91d3-434a-bfac-370321b4d705,Snake2,76,6,1
b3f51671-910f-4f4a-a010-5880f2b8d618,39,6fbeaec3-c55c-4cb3-8884-17f387a65acb,Snake4,98,9,1
b3f51671-910f-4f4a-a010-5880f2b8d618,39,3b875360-2388-4232-9174-3842af0fc8f5,Snake3,75,5,0
b3f51671-910f-4f4a-a010-5880f2b8d618,39,571e89ca-3815-46c2-8c7c-b08740f01293,Snake1,97,10,1
b3f51671-910f-4f4a-a010-5880f2b8d618,39,2172cffd-91d3-434a-bfac-370321b4d705,Snake2,76,6,1
b3f51671-910f-4f4a-a010-5880f2b8d618,39,6fbeaec3-c55c-4cb3-8884-17f387a65acb,Snake4,98,9,1
b3f51671-910f-4f4a-a010-5880f2b8d618,39,3b875360-2388-4232-9174-3842af0fc8f5,Snake3,75,5,0
b3f51671-910f-4f4a-a010-5880f2b8d618,39,571e89ca-3815-46c2-8c7c-b08740f01293,Snake1,97,10,1
b3f51671-910f-4f4a-a010-5880f2b8d618,39,2172cffd-91d3-434a-bfac-370321b4d705,Snake2,76,6,1
b3f51671-910f-4f4a-a010-5880f2b8d618,39,6fbeaec3-c55c-4cb3-8884-17f387a65acb,Snake4,98,9,1
b3f51671-910f-4f4a-a010-5880f2b8d618,39,3b875360-2388-4232-9174-3842af0fc8f5,Snake3,75,5,0
b3f51671-910f-4f4a-a010-5880f2b8d618,40,571e89ca-3815-46c2-8c7c-b08740f01293,Snake1,96,10,1
b3f51671-910f-4f4a-a010-5880f2b8d618,40,2172cffd-91d3-434a-bfac-370321b4d705,Snake2,75,6,1
b3f51671-910f-4f4a-a010-5880f2b8d618,40,3b875360-2388-4232-9174-3842af0fc8f5,Snake3,75,5,0
b3f51671-910f-4f4a-a010-5880f2b8d618,40,6fbeaec3-c55c-4cb3-8884-17f387a65acb,Snake4,98,9,0
b3f51671-910f-4f4a-a010-5880f2b8d618,40,571e89ca-3815-46c2-8c7c-b08740f01293,Snake1,96,10,1
b3f51671-910f-4f4a-a010-5880f2b8d618,40,2172cffd-91d3-434a-bfac-370321b4d705,Snake2,75,6,1
b3f51671-910f-4f4a-a010-5880f2b8d618,40,3b875360-2388-4232-9174-3842af0fc8f5,Snake3,75,5,0
b3f51671-910f-4f4a-a010-5880f2b8d618,40,6fbeaec3-c55c-4cb3-8884-17f387a65acb,Snake4,98,9,0
b3f51671-910f-4f4a-a010-5880f2b8d618,41,571e89ca-3815-46c2-8c7c-b08740f01293,Snake1,100,11,1
b3f51671-910f-4f4a-a010-5880f2b8d618,41,2172cffd-91d3-434a-bfac-370321b4d705,Snake2,74,6,1
b3f51671-910f-4f4a-a010-5880f2b8d618,41,3b875360-2388-4232-9174-3842af0fc8f5,Snake3,75,5,0
b3f51671-910f-4f4a-a010-5880f2b8d618,41,6fbeaec3-c55c-4cb3-8884-17f387a65acb,Snake4,98,9,0
b3f51671-910f-4f4a-a010-5880f2b8d618,41,571e89ca-3815-46c2-8c7c-b08740f01293,Snake1,100,11,1
b3f51671-910f-4f4a-a010-5880f2b8d618,41,2172cffd-91d3-434a-bfac-370321b4d705,Snake2,74,6,1
b3f51671-910f-4f4a-a010-5880f2b8d618,41,3b875360-2388-4232-9174-3842af0fc8f5,Snake3,75,5,0
b3f51671-910f-4f4a-a010-5880f2b8d618,41,6fbeaec3-c55c-4cb3-8884-17f387a65acb,Snake4,98,9,0
b3f51671-910f-4f4a-a010-5880f2b8d618,42,571e89ca-3815-46c2-8c7c-b08740f01293,Snake1,99,11,1
b3f51671-910f-4f4a-a010-5880f2b8d618,42,2172cffd-91d3-434a-bfac-370321b4d705,Snake2,73,6,1
b3f51671-910f-4f4a-a010-5880f2b8d618,42,3b875360-2388-4232-9174-3842af0fc8f5,Snake3,75,5,0
b3f51671-910f-4f4a-a010-5880f2b8d618,42,6fbeaec3-c55c-4cb3-8884-17f387a65acb,Snake4,98,9,0
b3f51671-910f-4f4a-a010-5880f2b8d618,42,571e89ca-3815-46c2-8c7c-b08740f01293,Snake1,99,11,1
b3f51671-910f-4f4a-a010-5880f2b8d618,42,2172cffd-91d3-434a-bfac-370321b4d705,Snake2,73,6,1
b3f51671-910f-4f4a-a010-5880f2b8d618,42,3b875360-2388-4232-9174-3842af0fc8f5,Snake3,75,5,0
b3f51671-910f-4f4a-a010-5880f2b8d618,42,6fbeaec3-c55c-4cb3-8884-17f387a65acb,Snake4,98,9,0
b3f51671-910f-4f4a-a010-5880f2b8d618,43,571e89ca-3815-46c2-8c7c-b08740f01293,Snake1,98,11,1
b3f51671-910f-4f4a-a010-5880f2b8d618,43,2172cffd-91d3-434a-bfac-370321b4d705,Snake2,72,6,1
b3f51671-910f-4f4a-a010-5880f2b8d618,43,3b875360-2388-4232-9174-3842af0fc8f5,Snake3,75,5,0
b3f51671-910f-4f4a-a010-5880f2b8d618,43,6fbeaec3-c55c-4cb3-8884-17f387a65acb,Snake4,98,9,0
b3f51671-910f-4f4a-a010-5880f2b8d618,43,571e89ca-3815-46c2-8c7c-b08740f01293,Snake1,98,11,1
b3f51671-910f-4f4a-a010-5880f2b8d618,43,2172cffd-91d3-434a-bfac-370321b4d705,Snake2,72,6,1
b3f51671-910f-4f4a-a010-5880f2b8d618,43,3b875360-2388-4232-9174-3842af0fc8f5,Snake3,75,5,0
b3f51671-910f-4f4a-a010-5880f2b8d618,43,6fbeaec3-c55c-4cb3-8884-17f387a65acb,Snake4,98,9,0
b3f51671-910f-4f4a-a010-5880f2b8d618,44,571e89ca-3815-46c2-8c7c-b08740f01293,Snake1,97,11,1
b3f51671-910f-4f4a-a010-5880f2b8d618,44,2172cffd-91d3-434a-bfac-370321b4d705,Snake2,71,6,1
b3f51671-910f-4f4a-a010-5880f2b8d618,44,3b875360-2388-4232-9174-3842af0fc8f5,Snake3,75,5,0
b3f51671-910f-4f4a-a010-5880f2b8d618,44,6fbeaec3-c55c-4cb3-8884-17f387a65acb,Snake4,98,9,0
b3f51671-910f-4f4a-a010-5880f2b8d618,44,571e89ca-3815-46c2-8c7c-b08740f01293,Snake1,97,11,1
b3f51671-910f-4f4a-a010-5880f2b8d618,44,2172cffd-91d3-434a-bfac-370321b4d705,Snake2,71,6,1
b3f51671-910f-4f4a-a010-5880f2b8d618,44,3b875360-2388-4232-9174-3842af0fc8f5,Snake3,75,5,0
b3f51671-910f-4f4a-a010-5880f2b8d618,44,6fbeaec3-c55c-4cb3-8884-17f387a65acb,Snake4,98,9,0
b3f51671-910f-4f4a-a010-5880f2b8d618,45,571e89ca-3815-46c2-8c7c-b08740f01293,Snake1,96,11,1
b3f51671-910f-4f4a-a010-5880f2b8d618,45,2172cffd-91d3-434a-bfac-370321b4d705,Snake2,70,6,1
b3f51671-910f-4f4a-a010-5880f2b8d618,45,3b875360-2388-4232-9174-3842af0fc8f5,Snake3,75,5,0
b3f51671-910f-4f4a-a010-5880f2b8d618,45,6fbeaec3-c55c-4cb3-8884-17f387a65acb,Snake4,98,9,0
b3f51671-910f-4f4a-a010-5880f2b8d618,45,571e89ca-3815-46c2-8c7c-b08740f01293,Snake1,96,11,1
b3f51671-910f-4f4a-a010-5880f2b8d618,45,2172cffd-91d3-434a-bfac-370321b4d705,Snake2,70,6,1
b3f51671-910f-4f4a-a010-5880f2b8d618,45,3b875360-2388-4232-9174-3842af0fc8f5,Snake3,75,5,0
b3f51671-910f-4f4a-a010-5880f2b8d618,45,6fbeaec3-c55c-4cb3-8884-17f387a65acb,Snake4,98,9,0
b3f51671-910f-4f4a-a010-5880f2b8d618,46,571e89ca-3815-46c2-8c7c-b08740f01293,Snake1,95,11,1
b3f51671-910f-4f4a-a010-5880f2b8d618,46,2172cffd-91d3-434a-bfac-370321b4d705,Snake2,69,6,1
b3f51671-910f-4f4a-a010-5880f2b8d618,46,3b875360-2388-4232-9174-3842af0fc8f5,Snake3,75,5,0
b3f51671-910f-4f4a-a010-5880f2b8d618,46,6fbeaec3-c55c-4cb3-8884-17f387a65acb,Snake4,98,9,0
b3f51671-910f-4f4a-a010-5880f2b8d618,46,571e89ca-3815-46c2-8c7c-b08740f01293,Snake1,95,11,1
b3f51671-910f-4f4a-a010-5880f2b8d618,46,2172cffd-91d3-434a-bfac-370321b4d705,Snake2,69,6,1
b3f51671-910f-4f4a-a010-5880f2b8d618,46,3b875360-2388-4232-9174-3842af0fc8f5,Snake3,75,5,0
b3f51671-910f-4f4a-a010-5880f2b8d618,46,6fbeaec3-c55c-4cb3-8884-17f387a65acb,Snake4,98,9,0
b3f51671-910f-4f4a-a010-5880f2b8d618,47,571e89ca-3815-46c2-8c7c-b08740f01293,Snake1,94,11,1
b3f51671-910f-4f4a-a010-5880f2b8d618,47,2172cffd-91d3-434a-bfac-370321b4d705,Snake2,68,6,1
b3f51671-910f-4f4a-a010-5880f2b8d618,47,3b875360-2388-4232-9174-3842af0fc8f5,Snake3,75,5,0
b3f51671-910f-4f4a-a010-5880f2b8d618,47,6fbeaec3-c55c-4cb3-8884-17f387a65acb,Snake4,98,9,0
b3f51671-910f-4f4a-a010-5880f2b8d618,47,571e89ca-3815-46c2-8c7c-b08740f01293,Snake1,94,11,1
b3f51671-910f-4f4a-a010-5880f2b8d618,47,2172cffd-91d3-434a-bfac-370321b4d705,Snake2,68,6,1
b3f51671-910f-4f4a-a010-5880f2b8d618,47,3b875360-2388-4232-9174-3842af0fc8f5,Snake3,75,5,0
b3f51671-910f-4f4a-a010-5880f2b8d618,47,6fbeaec3-c55c-4cb3-8884-17f387a65acb,Snake4,98,9,0
b3f51671-910f-4f4a-a010-5880f2b8d618,48,571e89ca-3815-46c2-8c7c-b08740f01293,Snake1,93,11,1
b3f51671-910f-4f4a-a010-5880f2b8d618,48,2172cffd-91d3-434a-bfac-370321b4d705,Snake2,67,6,1
b3f51671-910f-4f4a-a010-5880f2b8d618,48,3b875360-2388-4232-9174-3842af0fc8f5,Snake3,75,5,0
b3f51671-910f-4f4a-a010-5880f2b8d618,48,6fbeaec3-c55c-4cb3-8884-17f387a65acb,Snake4,98,9,0
b3f51671-910f-4f4a-a010-5880f2b8d618,48,571e89ca-3815-46c2-8c7c-b08740f01293,Snake1,93,11,1
b3f51671-910f-4f4a-a010-5880f2b8d618,48,2172cffd-91d3-434a-bfac-370321b4d705,Snake2,67,6,1
b3f51671-910f-4f4a-a010-5880f2b8d618,48,3b875360-2388-4232-9174-3842af0fc8f5,Snake3,75,5,0
b3f51671-910f-4f4a-a010-5880f2b8d618,48,6fbeaec3-c55c-4cb3-8884-17f387a65acb,Snake4,98,9,0
b3f51671-910f-4f4a-a010-5880f2b8d618,49,571e89ca-3815-46c2-8c7c-b08740f01293,Snake1,92,11,1
b3f51671-910f-4f4a-a010-5880f2b8d618,49,2172cffd-91d3-434a-bfac-370321b4d705,Snake2,66,6,1
b3f51671-910f-4f4a-a010-5880f2b8d618,49,3b875360-2388-4232-9174-3842af0fc8f5,Snake3,75,5,0
b3f51671-910f-4f4a-a010-5880f2b8d618,49,6fbeaec3-c55c-4cb3-8884-17f387a65acb,Snake4,98,9,0
b3f51671-910f-4f4a-a010-5880f2b8d618,49,571e89ca-3815-46c2-8c7c-b08740f01293,Snake1,92,11,1
b3f51671-910f-4f4a-a010-5880f2b8d618,49,2172cffd-91d3-434a-bfac-370321b4d705,Snake2,66,6,1
b3f51671-910f-4f4a-a010-5880f2b8d618,49,3b875360-2388-4232-9174-3842af0fc8f5,Snake3,75,5,0
b3f51671-910f-4f4a-a010-5880f2b8d618,49,6fbeaec3-c55c-4cb3-8884-17f387a65acb,Snake4,98,9,0
b3f51671-910f-4f4a-a010-5880f2b8d618,50,571e89ca-3815-46c2-8c7c-b08740f01293,Snake1,91,11,1
b3f51671-910f-4f4a-a010-5880f2b8d618,50,2172cffd-91d3-434a-bfac-370321b4d705,Snake2,65,6,1
b3f51671-910f-4f4a-a010-5880f2b8d618,50,3b875360-2388-4232-9174-3842af0fc8f5,Snake3,75,5,0
b3f51671-910f-4f4a-a010-5880f2b8d618,50,6fbeaec3-c55c-4cb3-8884-17f387a65acb,Snake4,98,9,0
b3f51671-910f-4f4a-a010-5880f2b8d618,50,571e89ca-3815-46c2-8c7c-b08740f01293,Snake1,91,11,1
b3f51671-910f-4f4a-a010-5880f2b8d618,50,2172cffd-91d3-434a-bfac-370321b4d705,Snake2,65,6,1
b3f51671-910f-4f4a-a010-5880f2b8d618,50,3b875360-2388-4232-9174-3842af0fc8f5,Snake3,75,5,0
b3f51671-910f-4f4a-a010-5880f2b8d618,50,6fbeaec3-c55c-4cb3-8884-17f387a65acb,Snake4,98,9,0
b3f51671-910f-4f4a-a010-5880f2b8d618,51,571e89ca-3815-46c2-8c7c-b08740f01293,Snake1,90,11,1
b3f51671-910f-4f4a-a010-5880f2b8d618,51,2172cffd-91d3-434a-bfac-370321b4d705,Snake2,64,6,1
b3f51671-910f-4f4a-a010-5880f2b8d618,51,3b875360-2388-4232-9174-3842af0fc8f5,Snake3,75,5,0
b3f51671-910f-4f4a-a010-5880f2b8d618,51,6fbeaec3-c55c-4cb3-8884-17f387a65acb,Snake4,98,9,0
b3f51671-910f-4f4a-a010-5880f2b8d618,51,571e89ca-3815-46c2-8c7c-b08740f01293,Snake1,90,11,1
b3f51671-910f-4f4a-a010-5880f2b8d618,51,2172cffd-91d3-434a-bfac-370321b4d705,Snake2,64,6,1
b3f51671-910f-4f4a-a010-5880f2b8d618,51,3b875360-2388-4232-9174-3842af0fc8f5,Snake3,75,5,0
b3f51671-910f-4f4a-a010-5880f2b8d618,51,6fbeaec3-c55c-4cb3-8884-17f387a65acb,Snake4,98,9,0
b3f51671-910f-4f4a-a010-5880f2b8d618,52,571e89ca-3815-46c2-8c7c-b08740f01293,Snake1,89,11,1
b3f51671-910f-4f4a-a010-5880f2b8d618,52,2172cffd-91d3-434a-bfac-370321b4d705,Snake2,63,6,1
b3f51671-910f-4f4a-a010-5880f2b8d618,52,3b875360-2388-4232-9174-3842af0fc8f5,Snake3,75,5,0
b3f51671-910f-4f4a-a010-5880f2b8d618,52,6fbeaec3-c55c-4cb3-8884-17f387a65acb,Snake4,98,9,0
b3f51671-910f-4f4a-a010-5880f2b8d618,52,571e89ca-3815-46c2-8c7c-b08740f01293,Snake1,89,11,1
b3f51671-910f-4f4a-a010-5880f2b8d618,52,2172cffd-91d3-434a-bfac-370321b4d705,Snake2,63,6,1
b3f51671-910f-4f4a-a010-5880f2b8d618,52,3b875360-2388-4232-9174-3842af0fc8f5,Snake3,75,5,0
b3f51671-910f-4f4a-a010-5880f2b8d618,52,6fbeaec3-c55c-4cb3-8884-17f387a65acb,Snake4,98,9,0
b3f51671-910f-4f4a-a010-5880f2b8d618,53,571e89ca-3815-46c2-8c7c-b08740f01293,Snake1,88,11,1
b3f51671-910f-4f4a-a010-5880f2b8d618,53,2172cffd-91d3-434a-bfac-370321b4d705,Snake2,62,6,1
b3f51671-910f-4f4a-a010-5880f2b8d618,53,3b875360-2388-4232-9174-3842af0fc8f5,Snake3,75,5,0
b3f51671-910f-4f4a-a010-5880f2b8d618,53,6fbeaec3-c55c-4cb3-8884-17f387a65acb,Snake4,98,9,0
b3f51671-910f-4f4a-a010-5880f2b8d618,53,571e89ca-3815-46c2-8c7c-b08740f01293,Snake1,88,11,1
b3f51671-910f-4f4a-a010-5880f2b8d618,53,2172cffd-91d3-434a-bfac-370321b4d705,Snake2,62,6,1
b3f51671-910f-4f4a-a010-5880f2b8d618,53,3b875360-2388-4232-9174-3842af0fc8f5,Snake3,75,5,0
b3f51671-910f-4f4a-a010-5880f2b8d618,53,6fbeaec3-c55c-4cb3-8884-17f387a65acb,Snake4,98,9,0
b3f51671-910f-4f4a-a010-5880f2b8d618,54,571e89ca-3815-46c2-8c7c-b08740f01293,Snake1,87,11,1
b3f51671-910f-4f4a-a010-5880f2b8d618,54,2172cffd-91d3-434a-bfac-370321b4d705,Snake2,61,6,1
b3f51671-910f-4f4a-a010-5880f2b8d618,54,3b875360-2388-4232-9174-3842af0fc8f5,Snake3,75,5,0
b3f51671-910f-4f4a-a010-5880f2b8d618,54,6fbeaec3-c55c-4cb3-8884-17f387a65acb,Snake4,98,9,0
b3f51671-910f-4f4a-a010-5880f2b8d618,54,571e89ca-3815-46c2-8c7c-b08740f01293,Snake1,87,11,1
b3f51671-910f-4f4a-a010-5880f2b8d618,54,2172cffd-91d3-434a-bfac-370321b4d705,Snake2,61,6,1
b3f51671-910f-4f4a-a010-5880f2b8d618,54,3b875360-2388-4232-9174-3842af0fc8f5,Snake3,75,5,0
b3f51671-910f-4f4a-a010-5880f2b8d618,54,6fbeaec3-c55c-4cb3-8884-17f387a65acb,Snake4,98,9,0
b3f51671-910f-4f4a-a010-5880f2b8d618,55,571e89ca-3815-46c2-8c7c-b08740f01293,Snake1,86,11,1
b3f51671-910f-4f4a-a010-5880f2b8d618,55,2172cffd-91d3-434a-bfac-370321b4d705,Snake2,60,6,1
b3f51671-910f-4f4a-a010-5880f2b8d618,55,3b875360-2388-4232-9174-3842af0fc8f5,Snake3,75,5,0
b3f51671-910f-4f4a-a010-5880f2b8d618,55,6fbeaec3-c55c-4cb3-8884-17f387a65acb,Snake4,98,9,0
b3f51671-910f-4f4a-a010-5880f2b8d618,55,571e89ca-3815-46c2-8c7c-b08740f01293,Snake1,86,11,1
b3f51671-910f-4f4a-a010-5880f2b8d618,55,2172cffd-91d3-434a-bfac-370321b4d705,Snake2,60,6,1
b3f51671-910f-4f4a-a010-5880f2b8d618,55,3b875360-2388-4232-9174-3842af0fc8f5,Snake3,75,5,0
b3f51671-910f-4f4a-a010-5880f2b8d618,55,6fbeaec3-c55c-4cb3-8884-17f387a65acb,Snake4,98,9,0
b3f51671-910f-4f4a-a010-5880f2b8d618,56,571e89ca-3815-46c2-8c7c-b08740f01293,Snake1,85,11,1
b3f51671-910f-4f4a-a010-5880f2b8d618,56,2172cffd-91d3-434a-bfac-370321b4d705,Snake2,59,6,1
b3f51671-910f-4f4a-a010-5880f2b8d618,56,3b875360-2388-4232-9174-3842af0fc8f5,Snake3,75,5,0
b3f51671-910f-4f4a-a010-5880f2b8d618,56,6fbeaec3-c55c-4cb3-8884-17f387a65acb,Snake4,98,9,0
b3f51671-910f-4f4a-a010-5880f2b8d618,56,571e89ca-3815-46c2-8c7c-b08740f01293,Snake1,85,11,1
b3f51671-910f-4f4a-a010-5880f2b8d618,56,2172cffd-91d3-434a-bfac-370321b4d705,Snake2,59,6,1
b3f51671-910f-4f4a-a010-5880f2b8d618,56,3b875360-2388-4232-9174-3842af0fc8f5,Snake3,75,5,0
b3f51671-910f-4f4a-a010-5880f2b8d618,56,6fbeaec3-c55c-4cb3-8884-17f387a65acb,Snake4,98,9,0
b3f51671-910f-4f4a-a010-5880f2b8d618,57,571e89ca-3815-46c2-8c7c-b08740f01293,Snake1,84,11,1
b3f51671-910f-4f4a-a010-5880f2b8d618,57,2172cffd-91d3-434a-bfac-370321b4d705,Snake2,58,6,1
b3f51671-910f-4f4a-a010-5880f2b8d618,57,3b875360-2388-4232-9174-3842af0fc8f5,Snake3,75,5,0
b3f51671-910f-4f4a-a010-5880f2b8d618,57,6fbeaec3-c55c-4cb3-8884-17f387a65acb,Snake4,98,9,0
b3f51671-910f-4f4a-a010-5880f2b8d618,57,571e89ca-3815-46c2-8c7c-b08740f01293,Snake1,84,11,1
b3f51671-910f-4f4a-a010-5880f2b8d618,57,2172cffd-91d3-434a-bfac-370321b4d705,Snake2,58,6,1
b3f51671-910f-4f4a-a010-5880f2b8d618,57,3b875360-2388-4232-9174-3842af0fc8f5,Snake3,75,5,0
b3f51671-910f-4f4a-a010-5880f2b8d618,57,6fbeaec3-c55c-4cb3-8884-17f387a65acb,Snake4,98,9,0
b3f51671-910f-4f4a-a010-5880f2b8d618,58,571e89ca-3815-46c2-8c7c-b08740f01293,Snake1,83,11,1
b3f51671-910f-4f4a-a010-5880f2b8d618,58,2172cffd-91d3-434a-bfac-370321b4d705,Snake2,57,6,1
b3f51671-910f-4f4a-a010-5880f2b8d618,58,3b875360-2388-4232-9174-3842af0fc8f5,Snake3,75,5,0
b3f51671-910f-4f4a-a010-5880f2b8d618,58,6fbeaec3-c55c-4cb3-8884-17f387a65acb,Snake4,98,9,0
b3f51671-910f-4f4a-a010-5880f2b8d618,58,571e89ca-3815-46c2-8c7c-b08740f01293,Snake1,83,11,1
b3f51671-910f-4f4a-a010-5880f2b8d618,58,2172cffd-91d3-434a-bfac-370321b4d705,Snake2,57,6,1
b3f51671-910f-4f4a-a010-5880f2b8d618,58,3b875360-2388-4232-9174-3842af0fc8f5,Snake3,75,5,0
b3f51671-910f-4f4a-a010-5880f2b8d618,58,6fbeaec3-c55c-4cb3-8884-17f387a65acb,Snake4,98,9,0
b3f51671-910f-4f4a-a010-5880f2b8d618,59,571e89ca-3815-46c2-8c7c-b08740f01293,Snake1,100,12,1
b3f51671-910f-4f4a-a010-5880f2b8d618,59,2172cffd-91d3-434a-bfac-370321b4d705,Snake2,56,6,1
b3f51671-910f-4f4a-a010-5880f2b8d618,59,3b875360-2388-4232-9174-3842af0fc8f5,Snake3,75,5,0
b3f51671-910f-4f4a-a010-5880f2b8d618,59,6fbeaec3-c55c-4cb3-8884-17f387a65acb,Snake4,98,9,0
b3f51671-910f-4f4a-a010-5880f2b8d618,59,571e89ca-3815-46c2-8c7c-b08740f01293,Snake1,100,12,1
b3f51671-910f-4f4a-a010-5880f2b8d618,59,2172cffd-91d3-434a-bfac-370321b4d705,Snake2,56,6,1
b3f51671-910f-4f4a-a010-5880f2b8d618,59,3b875360-2388-4232-9174-3842af0fc8f5,Snake3,75,5,0
b3f51671-910f-4f4a-a010-5880f2b8d618,59,6fbeaec3-c55c-4cb3-8884-17f387a65acb,Snake4,98,9,0
b3f51671-910f-4f4a-a010-5880f2b8d618,60,571e89ca-3815-46c2-8c7c-b08740f01293,Snake1,99,12,1
b3f51671-910f-4f4a-a010-5880f2b8d618,60,2172cffd-91d3-434a-bfac-370321b4d705,Snake2,55,6,1
b3f51671-910f-4f4a-a010-5880f2b8d618,60,3b875360-2388-4232-9174-3842af0fc8f5,Snake3,75,5,0
b3f51671-910f-4f4a-a010-5880f2b8d618,60,6fbeaec3-c55c-4cb3-8884-17f387a65acb,Snake4,98,9,0
b3f51671-910f-4f4a-a010-5880f2b8d618,60,571e89ca-3815-46c2-8c7c-b08740f01293,Snake1,99,12,1
b3f51671-910f-4f4a-a010-5880f2b8d618,60,2172cffd-91d3-434a-bfac-370321b4d705,Snake2,55,6,1
b3f51671-910f-4f4a-a010-5880f2b8d618,60,3b875360-2388-4232-9174-3842af0fc8f5,Snake3,75,5,0
b3f51671-910f-4f4a-a010-5880f2b8d618,60,6fbeaec3-c55c-4cb3-8884-17f387a65acb,Snake4,98,9,0
b3f51671-910f-4f4a-a010-5880f2b8d618,61,571e89ca-3815-46c2-8c7c-b08740f01293,Snake1,98,12,1
b3f51671-910f-4f4a-a010-5880f2b8d618,61,2172cffd-91d3-434a-bfac-370321b4d705,Snake2,54,6,1
b3f51671-910f-4f4a-a010-5880f2b8d618,61,3b875360-2388-4232-9174-3842af0fc8f5,Snake3,75,5,0
b3f51671-910f-4f4a-a010-5880f2b8d618,61,6fbeaec3-c55c-4cb3-8884-17f387a65acb,Snake4,98,9,0
b3f51671-910f-4f4a-a010-5880f2b8d618,61,571e89ca-3815-46c2-8c7c-b08740f01293,Snake1,98,12,1
b3f51671-910f-4f4a-a010-5880f2b8d618,61,2172cffd-91d3-434a-bfac-370321b4d705,Snake2,54,6,1
b3f51671-910f-4f4a-a010-5880f2b8d618,61,3b875360-2388-4232-9174-3842af0fc8f5,Snake3,75,5,0
b3f51671-910f-4f4a-a010-5880f2b8d618,61,6fbeaec3-c55c-4cb3-8884-17f387a65acb,Snake4,98,9,0
b3f51671-910f-4f4a-a010-5880f2b8d618,62,571e89ca-3815-46c2-8c7c-b08740f01293,Snake1,97,12,1
b3f51671-910f-4f4a-a010-5880f2b8d618,62,2172cffd-91d3-434a-bfac-370321b4d705,Snake2,53,6,1
b3f51671-910f-4f4a-a010-5880f2b8d618,62,3b875360-2388-4232-9174-3842af0fc8f5,Snake3,75,5,0
b3f51671-910f-4f4a-a010-5880f2b8d618,62,6fbeaec3-c55c-4cb3-8884-17f387a65acb,Snake4,98,9,0
b3f51671-910f-4f4a-a010-5880f2b8d618,62,571e89ca-3815-46c2-8c7c-b08740f01293,Snake1,97,12,1
b3f51671-910f-4f4a-a010-5880f2b8d618,62,2172cffd-91d3-434a-bfac-370321b4d705,Snake2,53,6,1
b3f51671-910f-4f4a-a010-5880f2b8d618,62,3b875360-2388-4232-9174-3842af0fc8f5,Snake3,75,5,0
b3f51671-910f-4f4a-a010-5880f2b8d618,62,6fbeaec3-c55c-4cb3-8884-17f387a65acb,Snake4,98,9,0
b3f51671-910f-4f4a-a010-5880f2b8d618,63,571e89ca-3815-46c2-8c7c-b08740f01293,Snake1,96,12,1
b3f51671-910f-4f4a-a010-5880f2b8d618,63,2172cffd-91d3-434a-bfac-370321b4d705,Snake2,52,6,1
b3f51671-910f-4f4a-a010-5880f2b8d618,63,3b875360-2388-4232-9174-3842af0fc8f5,Snake3,75,5,0
b3f51671-910f-4f4a-a010-5880f2b8d618,63,6fbeaec3-c55c-4cb3-8884-17f387a65acb,Snake4,98,9,0
b3f51671-910f-4f4a-a010-5880f2b8d618,64,571e89ca-3815-46c2-8c7c-b08740f01293,Snake1,95,12,1
b3f51671-910f-4f4a-a010-5880f2b8d618,64,2172cffd-91d3-434a-bfac-370321b4d705,Snake2,51,6,1
b3f51671-910f-4f4a-a010-5880f2b8d618,64,3b875360-2388-4232-9174-3842af0fc8f5,Snake3,75,5,0
b3f51671-910f-4f4a-a010-5880f2b8d618,64,6fbeaec3-c55c-4cb3-8884-17f387a65acb,Snake4,98,9,0
b3f51671-910f-4f4a-a010-5880f2b8d618,64,571e89ca-3815-46c2-8c7c-b08740f01293,Snake1,95,12,1
b3f51671-910f-4f4a-a010-5880f2b8d618,64,2172cffd-91d3-434a-bfac-370321b4d705,Snake2,51,6,1
b3f51671-910f-4f4a-a010-5880f2b8d618,64,3b875360-2388-4232-9174-3842af0fc8f5,Snake3,75,5,0
b3f51671-910f-4f4a-a010-5880f2b8d618,64,6fbeaec3-c55c-4cb3-8884-17f387a65acb,Snake4,98,9,0
b3f51671-910f-4f4a-a010-5880f2b8d618,65,571e89ca-3815-46c2-8c7c-b08740f01293,Snake1,94,12,1
b3f51671-910f-4f4a-a010-5880f2b8d618,65,2172cffd-91d3-434a-bfac-370321b4d705,Snake2,50,6,1
b3f51671-910f-4f4a-a010-5880f2b8d618,65,3b875360-2388-4232-9174-3842af0fc8f5,Snake3,75,5,0
b3f51671-910f-4f4a-a010-5880f2b8d618,65,6fbeaec3-c55c-4cb3-8884-17f387a65acb,Snake4,98,9,0
b3f51671-910f-4f4a-a010-5880f2b8d618,65,571e89ca-3815-46c2-8c7c-b08740f01293,Snake1,94,12,1
b3f51671-910f-4f4a-a010-5880f2b8d618,65,2172cffd-91d3-434a-bfac-370321b4d705,Snake2,50,6,1
b3f51671-910f-4f4a-a010-5880f2b8d618,65,3b875360-2388-4232-9174-3842af0fc8f5,Snake3,75,5,0
b3f51671-910f-4f4a-a010-5880f2b8d618,65,6fbeaec3-c55c-4cb3-8884-17f387a65acb,Snake4,98,9,0
b3f51671-910f-4f4a-a010-5880f2b8d618,66,571e89ca-3815-46c2-8c7c-b08740f01293,Snake1,93,12,1
b3f51671-910f-4f4a-a010-5880f2b8d618,66,2172cffd-91d3-434a-bfac-370321b4d705,Snake2,49,6,1
b3f51671-910f-4f4a-a010-5880f2b8d618,66,3b875360-2388-4232-9174-3842af0fc8f5,Snake3,75,5,0
b3f51671-910f-4f4a-a010-5880f2b8d618,66,6fbeaec3-c55c-4cb3-8884-17f387a65acb,Snake4,98,9,0
b3f51671-910f-4f4a-a010-5880f2b8d618,66,571e89ca-3815-46c2-8c7c-b08740f01293,Snake1,93,12,1
b3f51671-910f-4f4a-a010-5880f2b8d618,66,2172cffd-91d3-434a-bfac-370321b4d705,Snake2,49,6,1
b3f51671-910f-4f4a-a010-5880f2b8d618,66,3b875360-2388-4232-9174-3842af0fc8f5,Snake3,75,5,0
b3f51671-910f-4f4a-a010-5880f2b8d618,66,6fbeaec3-c55c-4cb3-8884-17f387a65acb,Snake4,98,9,0
b3f51671-910f-4f4a-a010-5880f2b8d618,67,571e89ca-3815-46c2-8c7c-b08740f01293,Snake1,92,12,1
b3f51671-910f-4f4a-a010-5880f2b8d618,67,2172cffd-91d3-434a-bfac-370321b4d705,Snake2,48,6,1
b3f51671-910f-4f4a-a010-5880f2b8d618,67,3b875360-2388-4232-9174-3842af0fc8f5,Snake3,75,5,0
b3f51671-910f-4f4a-a010-5880f2b8d618,67,6fbeaec3-c55c-4cb3-8884-17f387a65acb,Snake4,98,9,0
b3f51671-910f-4f4a-a010-5880f2b8d618,67,571e89ca-3815-46c2-8c7c-b08740f01293,Snake1,92,12,1
b3f51671-910f-4f4a-a010-5880f2b8d618,67,2172cffd-91d3-434a-bfac-370321b4d705,Snake2,48,6,1
b3f51671-910f-4f4a-a010-5880f2b8d618,67,3b875360-2388-4232-9174-3842af0fc8f5,Snake3,75,5,0
b3f51671-910f-4f4a-a010-5880f2b8d618,67,6fbeaec3-c55c-4cb3-8884-17f387a65acb,Snake4,98,9,0
b3f51671-910f-4f4a-a010-5880f2b8d618,68,571e89ca-3815-46c2-8c7c-b08740f01293,Snake1,91,12,1
b3f51671-910f-4f4a-a010-5880f2b8d618,68,2172cffd-91d3-434a-bfac-370321b4d705,Snake2,47,6,1
b3f51671-910f-4f4a-a010-5880f2b8d618,68,3b875360-2388-4232-9174-3842af0fc8f5,Snake3,75,5,0
b3f51671-910f-4f4a-a010-5880f2b8d618,68,6fbeaec3-c55c-4cb3-8884-17f387a65acb,Snake4,98,9,0
b3f51671-910f-4f4a-a010-5880f2b8d618,68,571e89ca-3815-46c2-8c7c-b08740f01293,Snake1,91,12,1
b3f51671-910f-4f4a-a010-5880f2b8d618,68,2172cffd-91d3-434a-bfac-370321b4d705,Snake2,47,6,1
b3f51671-910f-4f4a-a010-5880f2b8d618,68,3b875360-2388-4232-9174-3842af0fc8f5,Snake3,75,5,0
b3f51671-910f-4f4a-a010-5880f2b8d618,68,6fbeaec3-c55c-4cb3-8884-17f387a65acb,Snake4,98,9,0
b3f51671-910f-4f4a-a010-5880f2b8d618,69,571e89ca-3815-46c2-8c7c-b08740f01293,Snake1,100,13,1
b3f51671-910f-4f4a-a010-5880f2b8d618,69,2172cffd-91d3-434a-bfac-370321b4d705,Snake2,46,6,1
b3f51671-910f-4f4a-a010-5880f2b8d618,69,3b875360-2388-4232-9174-3842af0fc8f5,Snake3,75,5,0
b3f51671-910f-4f4a-a010-5880f2b8d618,69,6fbeaec3-c55c-4cb3-8884-17f387a65acb,Snake4,98,9,0
b3f51671-910f-4f4a-a010-5880f2b8d618,69,571e89ca-3815-46c2-8c7c-b08740f01293,Snake1,100,13,1
b3f51671-910f-4f4a-a010-5880f2b8d618,69,2172cffd-91d3-434a-bfac-370321b4d705,Snake2,46,6,1
b3f51671-910f-4f4a-a010-5880f2b8d618,69,3b875360-2388-4232-9174-3842af0fc8f5,Snake3,75,5,0
b3f51671-910f-4f4a-a010-5880f2b8d618,69,6fbeaec3-c55c-4cb3-8884-17f387a65acb,Snake4,98,9,0
b3f51671-910f-4f4a-a010-5880f2b8d618,70,571e89ca-3815-46c2-8c7c-b08740f01293,Snake1,99,13,1
b3f51671-910f-4f4a-a010-5880f2b8d618,70,2172cffd-91d3-434a-bfac-370321b4d705,Snake2,45,6,1
b3f51671-910f-4f4a-a010-5880f2b8d618,70,3b875360-2388-4232-9174-3842af0fc8f5,Snake3,75,5,0
b3f51671-910f-4f4a-a010-5880f2b8d618,70,6fbeaec3-c55c-4cb3-8884-17f387a65acb,Snake4,98,9,0
b3f51671-910f-4f4a-a010-5880f2b8d618,70,571e89ca-3815-46c2-8c7c-b08740f01293,Snake1,99,13,1
b3f51671-910f-4f4a-a010-5880f2b8d618,70,2172cffd-91d3-434a-bfac-370321b4d705,Snake2,45,6,1
b3f51671-910f-4f4a-a010-5880f2b8d618,70,3b875360-2388-4232-9174-3842af0fc8f5,Snake3,75,5,0
b3f51671-910f-4f4a-a010-5880f2b8d618,70,6fbeaec3-c55c-4cb3-8884-17f387a65acb,Snake4,98,9,0
b3f51671-910f-4f4a-a010-5880f2b8d618,71,571e89ca-3815-46c2-8c7c-b08740f01293,Snake1,98,13,1
b3f51671-910f-4f4a-a010-5880f2b8d618,71,2172cffd-91d3-434a-bfac-370321b4d705,Snake2,44,6,1
b3f51671-910f-4f4a-a010-5880f2b8d618,71,3b875360-2388-4232-9174-3842af0fc8f5,Snake3,75,5,0
b3f51671-910f-4f4a-a010-5880f2b8d618,71,6fbeaec3-c55c-4cb3-8884-17f387a65acb,Snake4,98,9,0
b3f51671-910f-4f4a-a010-5880f2b8d618,71,571e89ca-3815-46c2-8c7c-b08740f01293,Snake1,98,13,1
b3f51671-910f-4f4a-a010-5880f2b8d618,71,2172cffd-91d3-434a-bfac-370321b4d705,Snake2,44,6,1
b3f51671-910f-4f4a-a010-5880f2b8d618,71,3b875360-2388-4232-9174-3842af0fc8f5,Snake3,75,5,0
b3f51671-910f-4f4a-a010-5880f2b8d618,71,6fbeaec3-c55c-4cb3-8884-17f387a65acb,Snake4,98,9,0
b3f51671-910f-4f4a-a010-5880f2b8d618,72,571e89ca-3815-46c2-8c7c-b08740f01293,Snake1,97,13,1
b3f51671-910f-4f4a-a010-5880f2b8d618,72,2172cffd-91d3-434a-bfac-370321b4d705,Snake2,43,6,1
b3f51671-910f-4f4a-a010-5880f2b8d618,72,3b875360-2388-4232-9174-3842af0fc8f5,Snake3,75,5,0
b3f51671-910f-4f4a-a010-5880f2b8d618,72,6fbeaec3-c55c-4cb3-8884-17f387a65acb,Snake4,98,9,0
b3f51671-910f-4f4a-a010-5880f2b8d618,72,571e89ca-3815-46c2-8c7c-b08740f01293,Snake1,97,13,1
b3f51671-910f-4f4a-a010-5880f2b8d618,72,2172cffd-91d3-434a-bfac-370321b4d705,Snake2,43,6,1
b3f51671-910f-4f4a-a010-5880f2b8d618,72,3b875360-2388-4232-9174-3842af0fc8f5,Snake3,75,5,0
b3f51671-910f-4f4a-a010-5880f2b8d618,72,6fbeaec3-c55c-4cb3-8884-17f387a65acb,Snake4,98,9,0
b3f51671-910f-4f4a-a010-5880f2b8d618,73,571e89ca-3815-46c2-8c7c-b08740f01293,Snake1,96,13,1
b3f51671-910f-4f4a-a010-5880f2b8d618,73,2172cffd-91d3-434a-bfac-370321b4d705,Snake2,42,6,1
b3f51671-910f-4f4a-a010-5880f2b8d618,73,3b875360-2388-4232-9174-3842af0fc8f5,Snake3,75,5,0
b3f51671-910f-4f4a-a010-5880f2b8d618,73,6fbeaec3-c55c-4cb3-8884-17f387a65acb,Snake4,98,9,0
b3f51671-910f-4f4a-a010-5880f2b8d618,74,571e89ca-3815-46c2-8c7c-b08740f01293,Snake1,95,13,1
b3f51671-910f-4f4a-a010-5880f2b8d618,74,2172cffd-91d3-434a-bfac-370321b4d705,Snake2,41,6,1
b3f51671-910f-4f4a-a010-5880f2b8d618,74,3b875360-2388-4232-9174-3842af0fc8f5,Snake3,75,5,0
b3f51671-910f-4f4a-a010-5880f2b8d618,74,6fbeaec3-c55c-4cb3-8884-17f387a65acb,Snake4,98,9,0
b3f51671-910f-4f4a-a010-5880f2b8d618,74,571e89ca-3815-46c2-8c7c-b08740f01293,Snake1,95,13,1
b3f51671-910f-4f4a-a010-5880f2b8d618,74,2172cffd-91d3-434a-bfac-370321b4d705,Snake2,41,6,1
b3f51671-910f-4f4a-a010-5880f2b8d618,74,3b875360-2388-4232-9174-3842af0fc8f5,Snake3,75,5,0
b3f51671-910f-4f4a-a010-5880f2b8d618,74,6fbeaec3-c55c-4cb3-8884-17f387a65acb,Snake4,98,9,0
b3f51671-910f-4f4a-a010-5880f2b8d618,75,571e89ca-3815-46c2-8c7c-b08740f01293,Snake1,94,13,1
b3f51671-910f-4f4a-a010-5880f2b8d618,75,2172cffd-91d3-434a-bfac-370321b4d705,Snake2,40,6,1
b3f51671-910f-4f4a-a010-5880f2b8d618,75,3b875360-2388-4232-9174-3842af0fc8f5,Snake3,75,5,0
b3f51671-910f-4f4a-a010-5880f2b8d618,75,6fbeaec3-c55c-4cb3-8884-17f387a65acb,Snake4,98,9,0
b3f51671-910f-4f4a-a010-5880f2b8d618,76,571e89ca-3815-46c2-8c7c-b08740f01293,Snake1,100,14,1
b3f51671-910f-4f4a-a010-5880f2b8d618,76,2172cffd-91d3-434a-bfac-370321b4d705,Snake2,39,6,1
b3f51671-910f-4f4a-a010-5880f2b8d618,76,3b875360-2388-4232-9174-3842af0fc8f5,Snake3,75,5,0
b3f51671-910f-4f4a-a010-5880f2b8d618,76,6fbeaec3-c55c-4cb3-8884-17f387a65acb,Snake4,98,9,0
b3f51671-910f-4f4a-a010-5880f2b8d618,76,571e89ca-3815-46c2-8c7c-b08740f01293,Snake1,100,14,1
b3f51671-910f-4f4a-a010-5880f2b8d618,76,2172cffd-91d3-434a-bfac-370321b4d705,Snake2,39,6,1
b3f51671-910f-4f4a-a010-5880f2b8d618,76,3b875360-2388-4232-9174-3842af0fc8f5,Snake3,75,5,0
b3f51671-910f-4f4a-a010-5880f2b8d618,76,6fbeaec3-c55c-4cb3-8884-17f387a65acb,Snake4,98,9,0
b3f51671-910f-4f4a-a010-5880f2b8d618,77,571e89ca-3815-46c2-8c7c-b08740f01293,Snake1,99,14,1
b3f51671-910f-4f4a-a010-5880f2b8d618,77,2172cffd-91d3-434a-bfac-370321b4d705,Snake2,38,6,1
b3f51671-910f-4f4a-a010-5880f2b8d618,77,3b875360-2388-4232-9174-3842af0fc8f5,Snake3,75,5,0
b3f51671-910f-4f4a-a010-5880f2b8d618,77,6fbeaec3-c55c-4cb3-8884-17f387a65acb,Snake4,98,9,0
b3f51671-910f-4f4a-a010-5880f2b8d618,78,571e89ca-3815-46c2-8c7c-b08740f01293,Snake1,98,14,1
b3f51671-910f-4f4a-a010-5880f2b8d618,78,2172cffd-91d3-434a-bfac-370321b4d705,Snake2,37,6,1
b3f51671-910f-4f4a-a010-5880f2b8d618,78,3b875360-2388-4232-9174-3842af0fc8f5,Snake3,75,5,0
b3f51671-910f-4f4a-a010-5880f2b8d618,78,6fbeaec3-c55c-4cb3-8884-17f387a65acb,Snake4,98,9,0
b3f51671-910f-4f4a-a010-5880f2b8d618,78,571e89ca-3815-46c2-8c7c-b08740f01293,Snake1,98,14,1
b3f51671-910f-4f4a-a010-5880f2b8d618,78,2172cffd-91d3-434a-bfac-370321b4d705,Snake2,37,6,1
b3f51671-910f-4f4a-a010-5880f2b8d618,78,3b875360-2388-4232-9174-3842af0fc8f5,Snake3,75,5,0
b3f51671-910f-4f4a-a010-5880f2b8d618,78,6fbeaec3-c55c-4cb3-8884-17f387a65acb,Snake4,98,9,0
b3f51671-910f-4f4a-a010-5880f2b8d618,79,571e89ca-3815-46c2-8c7c-b08740f01293,Snake1,97,14,1
b3f51671-910f-4f4a-a010-5880f2b8d618,79,2172cffd-91d3-434a-bfac-370321b4d705,Snake2,36,6,1
b3f51671-910f-4f4a-a010-5880f2b8d618,79,3b875360-2388-4232-9174-3842af0fc8f5,Snake3,75,5,0
b3f51671-910f-4f4a-a010-5880f2b8d618,79,6fbeaec3-c55c-4cb3-8884-17f387a65acb,Snake4,98,9,0
b3f51671-910f-4f4a-a010-5880f2b8d618,79,571e89ca-3815-46c2-8c7c-b08740f01293,Snake1,97,14,1
b3f51671-910f-4f4a-a010-5880f2b8d618,79,2172cffd-91d3-434a-bfac-370321b4d705,Snake2,36,6,1
b3f51671-910f-4f4a-a010-5880f2b8d618,79,3b875360-2388-4232-9174-3842af0fc8f5,Snake3,75,5,0
b3f51671-910f-4f4a-a010-5880f2b8d618,79,6fbeaec3-c55c-4cb3-8884-17f387a65acb,Snake4,98,9,0
b3f51671-910f-4f4a-a010-5880f2b8d618,80,571e89ca-3815-46c2-8c7c-b08740f01293,Snake1,96,14,1
b3f51671-910f-4f4a-a010-5880f2b8d618,80,2172cffd-91d3-434a-bfac-370321b4d705,Snake2,35,6,1
b3f51671-910f-4f4a-a010-5880f2b8d618,80,3b875360-2388-4232-9174-3842af0fc8f5,Snake3,75,5,0
b3f51671-910f-4f4a-a010-5880f2b8d618,80,6fbeaec3-c55c-4cb3-8884-17f387a65acb,Snake4,98,9,0
b3f51671-910f-4f4a-a010-5880f2b8d618,80,571e89ca-3815-46c2-8c7c-b08740f01293,Snake1,96,14,1
b3f51671-910f-4f4a-a010-5880f2b8d618,80,2172cffd-91d3-434a-bfac-370321b4d705,Snake2,35,6,1
b3f51671-910f-4f4a-a010-5880f2b8d618,80,3b875360-2388-4232-9174-3842af0fc8f5,Snake3,75,5,0
b3f51671-910f-4f4a-a010-5880f2b8d618,80,6fbeaec3-c55c-4cb3-8884-17f387a65acb,Snake4,98,9,0
b3f51671-910f-4f4a-a010-5880f2b8d618,81,571e89ca-3815-46c2-8c7c-b08740f01293,Snake1,100,15,1
b3f51671-910f-4f4a-a010-5880f2b8d618,81,2172cffd-91d3-434a-bfac-370321b4d705,Snake2,34,6,1
b3f51671-910f-4f4a-a010-5880f2b8d618,81,3b875360-2388-4232-9174-3842af0fc8f5,Snake3,75,5,0
b3f51671-910f-4f4a-a010-5880f2b8d618,81,6fbeaec3-c55c-4cb3-8884-17f387a65acb,Snake4,98,9,0
b3f51671-910f-4f4a-a010-5880f2b8d618,81,571e89ca-3815-46c2-8c7c-b08740f01293,Snake1,100,15,1
b3f51671-910f-4f4a-a010-5880f2b8d618,81,2172cffd-91d3-434a-bfac-370321b4d705,Snake2,34,6,1
b3f51671-910f-4f4a-a010-5880f2b8d618,81,3b875360-2388-4232-9174-3842af0fc8f5,Snake3,75,5,0
b3f51671-910f-4f4a-a010-5880f2b8d618,81,6fbeaec3-c55c-4cb3-8884-17f387a65acb,Snake4,98,9,0
b3f51671-910f-4f4a-a010-5880f2b8d618,82,571e89ca-3815-46c2-8c7c-b08740f01293,Snake1,99,15,1
b3f51671-910f-4f4a-a010-5880f2b8d618,82,2172cffd-91d3-434a-bfac-370321b4d705,Snake2,33,6,1
b3f51671-910f-4f4a-a010-5880f2b8d618,82,3b875360-2388-4232-9174-3842af0fc8f5,Snake3,75,5,0
b3f51671-910f-4f4a-a010-5880f2b8d618,82,6fbeaec3-c55c-4cb3-8884-17f387a65acb,Snake4,98,9,0
b3f51671-910f-4f4a-a010-5880f2b8d618,82,571e89ca-3815-46c2-8c7c-b08740f01293,Snake1,99,15,1
b3f51671-910f-4f4a-a010-5880f2b8d618,82,2172cffd-91d3-434a-bfac-370321b4d705,Snake2,33,6,1
b3f51671-910f-4f4a-a010-5880f2b8d618,82,3b875360-2388-4232-9174-3842af0fc8f5,Snake3,75,5,0
b3f51671-910f-4f4a-a010-5880f2b8d618,82,6fbeaec3-c55c-4cb3-8884-17f387a65acb,Snake4,98,9,0
b3f51671-910f-4f4a-a010-5880f2b8d618,83,571e89ca-3815-46c2-8c7c-b08740f01293,Snake1,98,15,1
b3f51671-910f-4f4a-a010-5880f2b8d618,83,2172cffd-91d3-434a-bfac-370321b4d705,Snake2,32,6,1
b3f51671-910f-4f4a-a010-5880f2b8d618,83,3b875360-2388-4232-9174-3842af0fc8f5,Snake3,75,5,0
b3f51671-910f-4f4a-a010-5880f2b8d618,83,6fbeaec3-c55c-4cb3-8884-17f387a65acb,Snake4,98,9,0
b3f51671-910f-4f4a-a010-5880f2b8d618,84,571e89ca-3815-46c2-8c7c-b08740f01293,Snake1,100,16,1
b3f51671-910f-4f4a-a010-5880f2b8d618,84,2172cffd-91d3-434a-bfac-370321b4d705,Snake2,31,6,1
b3f51671-910f-4f4a-a010-5880f2b8d618,84,3b875360-2388-4232-9174-3842af0fc8f5,Snake3,75,5,0
b3f51671-910f-4f4a-a010-5880f2b8d618,84,6fbeaec3-c55c-4cb3-8884-17f387a65acb,Snake4,98,9,0
b3f51671-910f-4f4a-a010-5880f2b8d618,84,571e89ca-3815-46c2-8c7c-b08740f01293,Snake1,100,16,1
b3f51671-910f-4f4a-a010-5880f2b8d618,84,2172cffd-91d3-434a-bfac-370321b4d705,Snake2,31,6,1
b3f51671-910f-4f4a-a010-5880f2b8d618,84,3b875360-2388-4232-9174-3842af0fc8f5,Snake3,75,5,0
b3f51671-910f-4f4a-a010-5880f2b8d618,84,6fbeaec3-c55c-4cb3-8884-17f387a65acb,Snake4,98,9,0
b3f51671-910f-4f4a-a010-5880f2b8d618,85,571e89ca-3815-46c2-8c7c-b08740f01293,Snake1,99,16,1
b3f51671-910f-4f4a-a010-5880f2b8d618,85,2172cffd-91d3-434a-bfac-370321b4d705,Snake2,30,6,1
b3f51671-910f-4f4a-a010-5880f2b8d618,85,3b875360-2388-4232-9174-3842af0fc8f5,Snake3,75,5,0
b3f51671-910f-4f4a-a010-5880f2b8d618,85,6fbeaec3-c55c-4cb3-8884-17f387a65acb,Snake4,98,9,0
b3f51671-910f-4f4a-a010-5880f2b8d618,85,571e89ca-3815-46c2-8c7c-b08740f01293,Snake1,99,16,1
b3f51671-910f-4f4a-a010-5880f2b8d618,85,2172cffd-91d3-434a-bfac-370321b4d705,Snake2,30,6,1
b3f51671-910f-4f4a-a010-5880f2b8d618,85,3b875360-2388-4232-9174-3842af0fc8f5,Snake3,75,5,0
b3f51671-910f-4f4a-a010-5880f2b8d618,85,6fbeaec3-c55c-4cb3-8884-17f387a65acb,Snake4,98,9,0
b3f51671-910f-4f4a-a010-5880f2b8d618,86,571e89ca-3815-46c2-8c7c-b08740f01293,Snake1,98,16,1
b3f51671-910f-4f4a-a010-5880f2b8d618,86,2172cffd-91d3-434a-bfac-370321b4d705,Snake2,29,6,1
b3f51671-910f-4f4a-a010-5880f2b8d618,86,3b875360-2388-4232-9174-3842af0fc8f5,Snake3,75,5,0
b3f51671-910f-4f4a-a010-5880f2b8d618,86,6fbeaec3-c55c-4cb3-8884-17f387a65acb,Snake4,98,9,0
b3f51671-910f-4f4a-a010-5880f2b8d618,86,571e89ca-3815-46c2-8c7c-b08740f01293,Snake1,98,16,1
b3f51671-910f-4f4a-a010-5880f2b8d618,86,2172cffd-91d3-434a-bfac-370321b4d705,Snake2,29,6,1
b3f51671-910f-4f4a-a010-5880f2b8d618,86,3b875360-2388-4232-9174-3842af0fc8f5,Snake3,75,5,0
b3f51671-910f-4f4a-a010-5880f2b8d618,86,6fbeaec3-c55c-4cb3-8884-17f387a65acb,Snake4,98,9,0
b3f51671-910f-4f4a-a010-5880f2b8d618,87,571e89ca-3815-46c2-8c7c-b08740f01293,Snake1,97,16,1
b3f51671-910f-4f4a-a010-5880f2b8d618,87,2172cffd-91d3-434a-bfac-370321b4d705,Snake2,28,6,1
b3f51671-910f-4f4a-a010-5880f2b8d618,87,3b875360-2388-4232-9174-3842af0fc8f5,Snake3,75,5,0
b3f51671-910f-4f4a-a010-5880f2b8d618,87,6fbeaec3-c55c-4cb3-8884-17f387a65acb,Snake4,98,9,0
b3f51671-910f-4f4a-a010-5880f2b8d618,87,571e89ca-3815-46c2-8c7c-b08740f01293,Snake1,97,16,1
b3f51671-910f-4f4a-a010-5880f2b8d618,87,2172cffd-91d3-434a-bfac-370321b4d705,Snake2,28,6,1
b3f51671-910f-4f4a-a010-5880f2b8d618,87,3b875360-2388-4232-9174-3842af0fc8f5,Snake3,75,5,0
b3f51671-910f-4f4a-a010-5880f2b8d618,87,6fbeaec3-c55c-4cb3-8884-17f387a65acb,Snake4,98,9,0
b3f51671-910f-4f4a-a010-5880f2b8d618,88,571e89ca-3815-46c2-8c7c-b08740f01293,Snake1,96,16,1
b3f51671-910f-4f4a-a010-5880f2b8d618,88,2172cffd-91d3-434a-bfac-370321b4d705,Snake2,27,6,1
b3f51671-910f-4f4a-a010-5880f2b8d618,88,3b875360-2388-4232-9174-3842af0fc8f5,Snake3,75,5,0
b3f51671-910f-4f4a-a010-5880f2b8d618,88,6fbeaec3-c55c-4cb3-8884-17f387a65acb,Snake4,98,9,0
b3f51671-910f-4f4a-a010-5880f2b8d618,88,571e89ca-3815-46c2-8c7c-b08740f01293,Snake1,96,16,1
b3f51671-910f-4f4a-a010-5880f2b8d618,88,2172cffd-91d3-434a-bfac-370321b4d705,Snake2,27,6,1
b3f51671-910f-4f4a-a010-5880f2b8d618,88,3b875360-2388-4232-9174-3842af0fc8f5,Snake3,75,5,0
b3f51671-910f-4f4a-a010-5880f2b8d618,88,6fbeaec3-c55c-4cb3-8884-17f387a65acb,Snake4,98,9,0
b3f51671-910f-4f4a-a010-5880f2b8d618,89,571e89ca-3815-46c2-8c7c-b08740f01293,Snake1,95,16,1
b3f51671-910f-4f4a-a010-5880f2b8d618,89,2172cffd-91d3-434a-bfac-370321b4d705,Snake2,26,6,1
b3f51671-910f-4f4a-a010-5880f2b8d618,89,3b875360-2388-4232-9174-3842af0fc8f5,Snake3,75,5,0
b3f51671-910f-4f4a-a010-5880f2b8d618,89,6fbeaec3-c55c-4cb3-8884-17f387a65acb,Snake4,98,9,0
b3f51671-910f-4f4a-a010-5880f2b8d618,89,571e89ca-3815-46c2-8c7c-b08740f01293,Snake1,95,16,1
b3f51671-910f-4f4a-a010-5880f2b8d618,89,2172cffd-91d3-434a-bfac-370321b4d705,Snake2,26,6,1
b3f51671-910f-4f4a-a010-5880f2b8d618,89,3b875360-2388-4232-9174-3842af0fc8f5,Snake3,75,5,0
b3f51671-910f-4f4a-a010-5880f2b8d618,89,6fbeaec3-c55c-4cb3-8884-17f387a65acb,Snake4,98,9,0
b3f51671-910f-4f4a-a010-5880f2b8d618,90,571e89ca-3815-46c2-8c7c-b08740f01293,Snake1,94,16,1
b3f51671-910f-4f4a-a010-5880f2b8d618,90,2172cffd-91d3-434a-bfac-370321b4d705,Snake2,25,6,1
b3f51671-910f-4f4a-a010-5880f2b8d618,90,3b875360-2388-4232-9174-3842af0fc8f5,Snake3,75,5,0
b3f51671-910f-4f4a-a010-5880f2b8d618,90,6fbeaec3-c55c-4cb3-8884-17f387a65acb,Snake4,98,9,0
b3f51671-910f-4f4a-a010-5880f2b8d618,90,571e89ca-3815-46c2-8c7c-b08740f01293,Snake1,94,16,1
b3f51671-910f-4f4a-a010-5880f2b8d618,90,2172cffd-91d3-434a-bfac-370321b4d705,Snake2,25,6,1
b3f51671-910f-4f4a-a010-5880f2b8d618,90,3b875360-2388-4232-9174-3842af0fc8f5,Snake3,75,5,0
b3f51671-910f-4f4a-a010-5880f2b8d618,90,6fbeaec3-c55c-4cb3-8884-17f387a65acb,Snake4,98,9,0
b3f51671-910f-4f4a-a010-5880f2b8d618,91,571e89ca-3815-46c2-8c7c-b08740f01293,Snake1,93,16,1
b3f51671-910f-4f4a-a010-5880f2b8d618,91,2172cffd-91d3-434a-bfac-370321b4d705,Snake2,24,6,1
b3f51671-910f-4f4a-a010-5880f2b8d618,91,3b875360-2388-4232-9174-3842af0fc8f5,Snake3,75,5,0
b3f51671-910f-4f4a-a010-5880f2b8d618,91,6fbeaec3-c55c-4cb3-8884-17f387a65acb,Snake4,98,9,0
b3f51671-910f-4f4a-a010-5880f2b8d618,92,571e89ca-3815-46c2-8c7c-b08740f01293,Snake1,92,16,1
b3f51671-910f-4f4a-a010-5880f2b8d618,92,2172cffd-91d3-434a-bfac-370321b4d705,Snake2,23,6,1
b3f51671-910f-4f4a-a010-5880f2b8d618,92,3b875360-2388-4232-9174-3842af0fc8f5,Snake3,75,5,0
b3f51671-910f-4f4a-a010-5880f2b8d618,92,6fbeaec3-c55c-4cb3-8884-17f387a65acb,Snake4,98,9,0
b3f51671-910f-4f4a-a010-5880f2b8d618,92,571e89ca-3815-46c2-8c7c-b08740f01293,Snake1,92,16,1
b3f51671-910f-4f4a-a010-5880f2b8d618,92,2172cffd-91d3-434a-bfac-370321b4d705,Snake2,23,6,1
b3f51671-910f-4f4a-a010-5880f2b8d618,92,3b875360-2388-4232-9174-3842af0fc8f5,Snake3,75,5,0
b3f51671-910f-4f4a-a010-5880f2b8d618,92,6fbeaec3-c55c-4cb3-8884-17f387a65acb,Snake4,98,9,0
b3f51671-910f-4f4a-a010-5880f2b8d618,93,571e89ca-3815-46c2-8c7c-b08740f01293,Snake1,91,16,1
b3f51671-910f-4f4a-a010-5880f2b8d618,93,2172cffd-91d3-434a-bfac-370321b4d705,Snake2,22,6,1
b3f51671-910f-4f4a-a010-5880f2b8d618,93,3b875360-2388-4232-9174-3842af0fc8f5,Snake3,75,5,0
b3f51671-910f-4f4a-a010-5880f2b8d618,93,6fbeaec3-c55c-4cb3-8884-17f387a65acb,Snake4,98,9,0
b3f51671-910f-4f4a-a010-5880f2b8d618,93,571e89ca-3815-46c2-8c7c-b08740f01293,Snake1,91,16,1
b3f51671-910f-4f4a-a010-5880f2b8d618,93,2172cffd-91d3-434a-bfac-370321b4d705,Snake2,22,6,1
b3f51671-910f-4f4a-a010-5880f2b8d618,93,3b875360-2388-4232-9174-3842af0fc8f5,Snake3,75,5,0
b3f51671-910f-4f4a-a010-5880f2b8d618,93,6fbeaec3-c55c-4cb3-8884-17f387a65acb,Snake4,98,9,0
b3f51671-910f-4f4a-a010-5880f2b8d618,94,571e89ca-3815-46c2-8c7c-b08740f01293,Snake1,90,16,1
b3f51671-910f-4f4a-a010-5880f2b8d618,94,2172cffd-91d3-434a-bfac-370321b4d705,Snake2,21,6,1
b3f51671-910f-4f4a-a010-5880f2b8d618,94,3b875360-2388-4232-9174-3842af0fc8f5,Snake3,75,5,0
b3f51671-910f-4f4a-a010-5880f2b8d618,94,6fbeaec3-c55c-4cb3-8884-17f387a65acb,Snake4,98,9,0
b3f51671-910f-4f4a-a010-5880f2b8d618,94,571e89ca-3815-46c2-8c7c-b08740f01293,Snake1,90,16,1
b3f51671-910f-4f4a-a010-5880f2b8d618,94,2172cffd-91d3-434a-bfac-370321b4d705,Snake2,21,6,1
b3f51671-910f-4f4a-a010-5880f2b8d618,94,3b875360-2388-4232-9174-3842af0fc8f5,Snake3,75,5,0
b3f51671-910f-4f4a-a010-5880f2b8d618,94,6fbeaec3-c55c-4cb3-8884-17f387a65acb,Snake4,98,9,0
b3f51671-910f-4f4a-a010-5880f2b8d618,95,571e89ca-3815-46c2-8c7c-b08740f01293,Snake1,89,16,1
b3f51671-910f-4f4a-a010-5880f2b8d618,95,2172cffd-91d3-434a-bfac-370321b4d705,Snake2,20,6,1
b3f51671-910f-4f4a-a010-5880f2b8d618,95,3b875360-2388-4232-9174-3842af0fc8f5,Snake3,75,5,0
b3f51671-910f-4f4a-a010-5880f2b8d618,95,6fbeaec3-c55c-4cb3-8884-17f387a65acb,Snake4,98,9,0
b3f51671-910f-4f4a-a010-5880f2b8d618,95,571e89ca-3815-46c2-8c7c-b08740f01293,Snake1,89,16,1
b3f51671-910f-4f4a-a010-5880f2b8d618,95,2172cffd-91d3-434a-bfac-370321b4d705,Snake2,20,6,1
b3f51671-910f-4f4a-a010-5880f2b8d618,95,3b875360-2388-4232-9174-3842af0fc8f5,Snake3,75,5,0
b3f51671-910f-4f4a-a010-5880f2b8d618,95,6fbeaec3-c55c-4cb3-8884-17f387a65acb,Snake4,98,9,0
b3f51671-910f-4f4a-a010-5880f2b8d618,96,571e89ca-3815-46c2-8c7c-b08740f01293,Snake1,88,16,1
b3f51671-910f-4f4a-a010-5880f2b8d618,96,2172cffd-91d3-434a-bfac-370321b4d705,Snake2,19,6,1
b3f51671-910f-4f4a-a010-5880f2b8d618,96,3b875360-2388-4232-9174-3842af0fc8f5,Snake3,75,5,0
b3f51671-910f-4f4a-a010-5880f2b8d618,96,6fbeaec3-c55c-4cb3-8884-17f387a65acb,Snake4,98,9,0
b3f51671-910f-4f4a-a010-5880f2b8d618,96,571e89ca-3815-46c2-8c7c-b08740f01293,Snake1,88,16,1
b3f51671-910f-4f4a-a010-5880f2b8d618,96,2172cffd-91d3-434a-bfac-370321b4d705,Snake2,19,6,1
b3f51671-910f-4f4a-a010-5880f2b8d618,96,3b875360-2388-4232-9174-3842af0fc8f5,Snake3,75,5,0
b3f51671-910f-4f4a-a010-5880f2b8d618,96,6fbeaec3-c55c-4cb3-8884-17f387a65acb,Snake4,98,9,0
b3f51671-910f-4f4a-a010-5880f2b8d618,97,571e89ca-3815-46c2-8c7c-b08740f01293,Snake1,87,16,1
b3f51671-910f-4f4a-a010-5880f2b8d618,97,2172cffd-91d3-434a-bfac-370321b4d705,Snake2,18,6,1
b3f51671-910f-4f4a-a010-5880f2b8d618,97,3b875360-2388-4232-9174-3842af0fc8f5,Snake3,75,5,0
b3f51671-910f-4f4a-a010-5880f2b8d618,97,6fbeaec3-c55c-4cb3-8884-17f387a65acb,Snake4,98,9,0
b3f51671-910f-4f4a-a010-5880f2b8d618,97,571e89ca-3815-46c2-8c7c-b08740f01293,Snake1,87,16,1
b3f51671-910f-4f4a-a010-5880f2b8d618,97,2172cffd-91d3-434a-bfac-370321b4d705,Snake2,18,6,1
b3f51671-910f-4f4a-a010-5880f2b8d618,97,3b875360-2388-4232-9174-3842af0fc8f5,Snake3,75,5,0
b3f51671-910f-4f4a-a010-5880f2b8d618,97,6fbeaec3-c55c-4cb3-8884-17f387a65acb,Snake4,98,9,0
b3f51671-910f-4f4a-a010-5880f2b8d618,98,571e89ca-3815-46c2-8c7c-b08740f01293,Snake1,86,16,1
b3f51671-910f-4f4a-a010-5880f2b8d618,98,2172cffd-91d3-434a-bfac-370321b4d705,Snake2,17,6,1
b3f51671-910f-4f4a-a010-5880f2b8d618,98,3b875360-2388-4232-9174-3842af0fc8f5,Snake3,75,5,0
b3f51671-910f-4f4a-a010-5880f2b8d618,98,6fbeaec3-c55c-4cb3-8884-17f387a65acb,Snake4,98,9,0
b3f51671-910f-4f4a-a010-5880f2b8d618,98,571e89ca-3815-46c2-8c7c-b08740f01293,Snake1,86,16,1
b3f51671-910f-4f4a-a010-5880f2b8d618,98,2172cffd-91d3-434a-bfac-370321b4d705,Snake2,17,6,1
b3f51671-910f-4f4a-a010-5880f2b8d618,98,3b875360-2388-4232-9174-3842af0fc8f5,Snake3,75,5,0
b3f51671-910f-4f4a-a010-5880f2b8d618,98,6fbeaec3-c55c-4cb3-8884-17f387a65acb,Snake4,98,9,0
b3f51671-910f-4f4a-a010-5880f2b8d618,99,571e89ca-3815-46c2-8c7c-b08740f01293,Snake1,85,16,1
b3f51671-910f-4f4a-a010-5880f2b8d618,99,2172cffd-91d3-434a-bfac-370321b4d705,Snake2,16,6,1
b3f51671-910f-4f4a-a010-5880f2b8d618,99,3b875360-2388-4232-9174-3842af0fc8f5,Snake3,75,5,0
b3f51671-910f-4f4a-a010-5880f2b8d618,99,6fbeaec3-c55c-4cb3-8884-17f387a65acb,Snake4,98,9,0
b3f51671-910f-4f4a-a010-5880f2b8d618,99,571e89ca-3815-46c2-8c7c-b08740f01293,Snake1,85,16,1
b3f51671-910f-4f4a-a010-5880f2b8d618,99,2172cffd-91d3-434a-bfac-370321b4d705,Snake2,16,6,1
b3f51671-910f-4f4a-a010-5880f2b8d618,99,3b875360-2388-4232-9174-3842af0fc8f5,Snake3,75,5,0
b3f51671-910f-4f4a-a010-5880f2b8d618,99,6fbeaec3-c55c-4cb3-8884-17f387a65acb,Snake4,98,9,0
b3f51671-910f-4f4a-a010-5880f2b8d618,100,571e89ca-3815-46c2-8c7c-b08740f01293,Snake1,84,16,1
b3f51671-910f-4f4a-a010-5880f2b8d618,100,2172cffd-91d3-434a-bfac-370321b4d705,Snake2,15,6,1
b3f51671-910f-4f4a-a010-5880f2b8d618,100,3b875360-2388-4232-9174-3842af0fc8f5,Snake3,75,5,0
b3f51671-910f-4f4a-a010-5880f2b8d618,100,6fbeaec3-c55c-4cb3-8884-17f387a65acb,Snake4,98,9,0
b3f51671-910f-4f4a-a010-5880f2b8d618,100,571e89ca-3815-46c2-8c7c-b08740f01293,Snake1,84,16,1
b3f51671-910f-4f4a-a010-5880f2b8d618,100,2172cffd-91d3-434a-bfac-370321b4d705,Snake2,15,6,1
b3f51671-910f-4f4a-a010-5880f2b8d618,100,3b875360-2388-4232-9174-3842af0fc8f5,Snake3,75,5,0
b3f51671-910f-4f4a-a010-5880f2b8d618,100,6fbeaec3-c55c-4cb3-8884-17f387a65acb,Snake4,98,9,0
b3f51671-910f-4f4a-a010-5880f2b8d618,101,571e89ca-3815-46c2-8c7c-b08740f01293,Snake1,83,16,1
b3f51671-910f-4f4a-a010-5880f2b8d618,101,2172cffd-91d3-434a-bfac-370321b4d705,Snake2,14,6,1
b3f51671-910f-4f4a-a010-5880f2b8d618,101,3b875360-2388-4232-9174-3842af0fc8f5,Snake3,75,5,0
b3f51671-910f-4f4a-a010-5880f2b8d618,101,6fbeaec3-c55c-4cb3-8884-17f387a65acb,Snake4,98,9,0
b3f51671-910f-4f4a-a010-5880f2b8d618,101,571e89ca-3815-46c2-8c7c-b08740f01293,Snake1,83,16,1
b3f51671-910f-4f4a-a010-5880f2b8d618,101,2172cffd-91d3-434a-bfac-370321b4d705,Snake2,14,6,1
b3f51671-910f-4f4a-a010-5880f2b8d618,101,3b875360-2388-4232-9174-3842af0fc8f5,Snake3,75,5,0
b3f51671-910f-4f4a-a010-5880f2b8d618,101,6fbeaec3-c55c-4cb3-8884-17f387a65acb,Snake4,98,9,0
b3f51671-910f-4f4a-a010-5880f2b8d618,102,571e89ca-3815-46c2-8c7c-b08740f01293,Snake1,82,16,1
b3f51671-910f-4f4a-a010-5880f2b8d618,102,2172cffd-91d3-434a-bfac-370321b4d705,Snake2,13,6,1
b3f51671-910f-4f4a-a010-5880f2b8d618,102,3b875360-2388-4232-9174-3842af0fc8f5,Snake3,75,5,0
b3f51671-910f-4f4a-a010-5880f2b8d618,102,6fbeaec3-c55c-4cb3-8884-17f387a65acb,Snake4,98,9,0
b3f51671-910f-4f4a-a010-5880f2b8d618,102,571e89ca-3815-46c2-8c7c-b08740f01293,Snake1,82,16,1
b3f51671-910f-4f4a-a010-5880f2b8d618,102,2172cffd-91d3-434a-bfac-370321b4d705,Snake2,13,6,1
b3f51671-910f-4f4a-a010-5880f2b8d618,102,3b875360-2388-4232-9174-3842af0fc8f5,Snake3,75,5,0
b3f51671-910f-4f4a-a010-5880f2b8d618,102,6fbeaec3-c55c-4cb3-8884-17f387a65acb,Snake4,98,9,0
b3f51671-910f-4f4a-a010-5880f2b8d618,103,571e89ca-3815-46c2-8c7c-b08740f01293,Snake1,81,16,1
b3f51671-910f-4f4a-a010-5880f2b8d618,103,2172cffd-91d3-434a-bfac-370321b4d705,Snake2,12,6,1
b3f51671-910f-4f4a-a010-5880f2b8d618,103,3b875360-2388-4232-9174-3842af0fc8f5,Snake3,75,5,0
b3f51671-910f-4f4a-a010-5880f2b8d618,103,6fbeaec3-c55c-4cb3-8884-17f387a65acb,Snake4,98,9,0
b3f51671-910f-4f4a-a010-5880f2b8d618,103,571e89ca-3815-46c2-8c7c-b08740f01293,Snake1,81,16,1
b3f51671-910f-4f4a-a010-5880f2b8d618,103,2172cffd-91d3-434a-bfac-370321b4d705,Snake2,12,6,1
b3f51671-910f-4f4a-a010-5880f2b8d618,103,3b875360-2388-4232-9174-3842af0fc8f5,Snake3,75,5,0
b3f51671-910f-4f4a-a010-5880f2b8d618,103,6fbeaec3-c55c-4cb3-8884-17f387a65acb,Snake4,98,9,0
b3f51671-910f-4f4a-a010-5880f2b8d618,104,571e89ca-3815-46c2-8c7c-b08740f01293,Snake1,80,16,1
b3f51671-910f-4f4a-a010-5880f2b8d618,104,2172cffd-91d3-434a-bfac-370321b4d705,Snake2,11,6,1
b3f51671-910f-4f4a-a010-5880f2b8d618,104,3b875360-2388-4232-9174-3842af0fc8f5,Snake3,75,5,0
b3f51671-910f-4f4a-a010-5880f2b8d618,104,6fbeaec3-c55c-4cb3-8884-17f387a65acb,Snake4,98,9,0
b3f51671-910f-4f4a-a010-5880f2b8d618,104,571e89ca-3815-46c2-8c7c-b08740f01293,Snake1,80,16,1
b3f51671-910f-4f4a-a010-5880f2b8d618,104,2172cffd-91d3-434a-bfac-370321b4d705,Snake2,11,6,1
b3f51671-910f-4f4a-a010-5880f2b8d618,104,3b875360-2388-4232-9174-3842af0fc8f5,Snake3,75,5,0
b3f51671-910f-4f4a-a010-5880f2b8d618,104,6fbeaec3-c55c-4cb3-8884-17f387a65acb,Snake4,98,9,0
b3f51671-910f-4f4a-a010-5880f2b8d618,105,571e89ca-3815-46c2-8c7c-b08740f01293,Snake1,79,16,1
b3f51671-910f-4f4a-a010-5880f2b8d618,105,2172cffd-91d3-434a-bfac-370321b4d705,Snake2,10,6,1
b3f51671-910f-4f4a-a010-5880f2b8d618,105,3b875360-2388-4232-9174-3842af0fc8f5,Snake3,75,5,0
b3f51671-910f-4f4a-a010-5880f2b8d618,105,6fbeaec3-c55c-4cb3-8884-17f387a65acb,Snake4,98,9,0
b3f51671-910f-4f4a-a010-5880f2b8d618,105,571e89ca-3815-46c2-8c7c-b08740f01293,Snake1,79,16,1
b3f51671-910f-4f4a-a010-5880f2b8d618,105,2172cffd-91d3-434a-bfac-370321b4d705,Snake2,10,6,1
b3f51671-910f-4f4a-a010-5880f2b8d618,105,3b875360-2388-4232-9174-3842af0fc8f5,Snake3,75,5,0
b3f51671-910f-4f4a-a010-5880f2b8d618,105,6fbeaec3-c55c-4cb3-8884-17f387a65acb,Snake4,98,9,0
b3f51671-910f-4f4a-a010-5880f2b8d618,106,571e89ca-3815-46c2-8c7c-b08740f01293,Snake1,78,16,1
b3f51671-910f-4f4a-a010-5880f2b8d618,106,2172cffd-91d3-434a-bfac-370321b4d705,Snake2,9,6,1
b3f51671-910f-4f4a-a010-5880f2b8d618,106,3b875360-2388-4232-9174-3842af0fc8f5,Snake3,75,5,0
b3f51671-910f-4f4a-a010-5880f2b8d618,106,6fbeaec3-c55c-4cb3-8884-17f387a65acb,Snake4,98,9,0
b3f51671-910f-4f4a-a010-5880f2b8d618,106,571e89ca-3815-46c2-8c7c-b08740f01293,Snake1,78,16,1
b3f51671-910f-4f4a-a010-5880f2b8d618,106,2172cffd-91d3-434a-bfac-370321b4d705,Snake2,9,6,1
b3f51671-910f-4f4a-a010-5880f2b8d618,106,3b875360-2388-4232-9174-3842af0fc8f5,Snake3,75,5,0
b3f51671-910f-4f4a-a010-5880f2b8d618,106,6fbeaec3-c55c-4cb3-8884-17f387a65acb,Snake4,98,9,0
b3f51671-910f-4f4a-a010-5880f2b8d618,107,571e89ca-3815-46c2-8c7c-b08740f01293,Snake1,77,16,1
b3f51671-910f-4f4a-a010-5880f2b8d618,107,2172cffd-91d3-434a-bfac-370321b4d705,Snake2,8,6,1
b3f51671-910f-4f4a-a010-5880f2b8d618,107,3b875360-2388-4232-9174-3842af0fc8f5,Snake3,75,5,0
b3f51671-910f-4f4a-a010-5880f2b8d618,107,6fbeaec3-c55c-4cb3-8884-17f387a65acb,Snake4,98,9,0
b3f51671-910f-4f4a-a010-5880f2b8d618,107,571e89ca-3815-46c2-8c7c-b08740f01293,Snake1,77,16,1
b3f51671-910f-4f4a-a010-5880f2b8d618,107,2172cffd-91d3-434a-bfac-370321b4d705,Snake2,8,6,1
b3f51671-910f-4f4a-a010-5880f2b8d618,107,3b875360-2388-4232-9174-3842af0fc8f5,Snake3,75,5,0
b3f51671-910f-4f4a-a010-5880f2b8d618,107,6fbeaec3-c55c-4cb3-8884-17f387a65acb,Snake4,98,9,0
b3f51671-910f-4f4a-a010-5880f2b8d618,108,571e89ca-3815-46c2-8c7c-b08740f01293,Snake1,76,16,1
b3f51671-910f-4f4a-a010-5880f2b8d618,108,2172cffd-91d3-434a-bfac-370321b4d705,Snake2,7,6,1
b3f51671-910f-4f4a-a010-5880f2b8d618,108,3b875360-2388-4232-9174-3842af0fc8f5,Snake3,75,5,0
b3f51671-910f-4f4a-a010-5880f2b8d618,108,6fbeaec3-c55c-4cb3-8884-17f387a65acb,Snake4,98,9,0
b3f51671-910f-4f4a-a010-5880f2b8d618,108,571e89ca-3815-46c2-8c7c-b08740f01293,Snake1,76,16,1
b3f51671-910f-4f4a-a010-5880f2b8d618,108,2172cffd-91d3-434a-bfac-370321b4d705,Snake2,7,6,1
b3f51671-910f-4f4a-a010-5880f2b8d618,108,3b875360-2388-4232-9174-3842af0fc8f5,Snake3,75,5,0
b3f51671-910f-4f4a-a010-5880f2b8d618,108,6fbeaec3-c55c-4cb3-8884-17f387a65acb,Snake4,98,9,0
b3f51671-910f-4f4a-a010-5880f2b8d618,109,571e89ca-3815-46c2-8c7c-b08740f01293,Snake1,75,16,1
b3f51671-910f-4f4a-a010-5880f2b8d618,109,2172cffd-91d3-434a-bfac-370321b4d705,Snake2,6,6,1
b3f51671-910f-4f4a-a010-5880f2b8d618,109,3b875360-2388-4232-9174-3842af0fc8f5,Snake3,75,5,0
b3f51671-910f-4f4a-a010-5880f2b8d618,109,6fbeaec3-c55c-4cb3-8884-17f387a65acb,Snake4,98,9,0
b3f51671-910f-4f4a-a010-5880f2b8d618,109,571e89ca-3815-46c2-8c7c-b08740f01293,Snake1,75,16,1
b3f51671-910f-4f4a-a010-5880f2b8d618,109,2172cffd-91d3-434a-bfac-370321b4d705,Snake2,6,6,1
b3f51671-910f-4f4a-a010-5880f2b8d618,109,3b875360-2388-4232-9174-3842af0fc8f5,Snake3,75,5,0
b3f51671-910f-4f4a-a010-5880f2b8d618,109,6fbeaec3-c55c-4cb3-8884-17f387a65acb,Snake4,98,9,0
b3f51671-910f-4f4a-a010-5880f2b8d618,110,571e89ca-3815-46c2-8c7c-b08740f01293,Snake1,74,16,1
b3f51671-910f-4f4a-a010-5880f2b8d618,110,2172cffd-91d3-434a-bfac-370321b4d705,Snake2,5,6,1
b3f51671-910f-4f4a-a010-5880f2b8d618,110,3b875360-2388-4232-9174-3842af0fc8f5,Snake3,75,5,0
b3f51671-910f-4f4a-a010-5880f2b8d618,110,6fbeaec3-c55c-4cb3-8884-17f387a65acb,Snake4,98,9,0
b3f51671-910f-4f4a-a010-5880f2b8d618,110,571e89ca-3815-46c2-8c7c-b08740f01293,Snake1,74,16,1
b3f51671-910f-4f4a-a010-5880f2b8d618,110,2172cffd-91d3-434a-bfac-370321b4d705,Snake2,5,6,1
b3f51671-910f-4f4a-a010-5880f2b8d618,110,3b875360-2388-4232-9174-3842af0fc8f5,Snake3,75,5,0
b3f51671-910f-4f4a-a010-5880f2b8d618,110,6fbeaec3-c55c-4cb3-8884-17f387a65acb,Snake4,98,9,0
b3f51671-910f-4f4a-a010-5880f2b8d618,111,571e89ca-3815-46c2-8c7c-b08740f01293,Snake1,73,16,1
b3f51671-910f-4f4a-a010-5880f2b8d618,111,2172cffd-91d3-434a-bfac-370321b4d705,Snake2,4,6,1
b3f51671-910f-4f4a-a010-5880f2b8d618,111,3b875360-2388-4232-9174-3842af0fc8f5,Snake3,75,5,0
b3f51671-910f-4f4a-a010-5880f2b8d618,111,6fbeaec3-c55c-4cb3-8884-17f387a65acb,Snake4,98,9,0
b3f51671-910f-4f4a-a010-5880f2b8d618,111,571e89ca-3815-46c2-8c7c-b08740f01293,Snake1,73,16,1
b3f51671-910f-4f4a-a010-5880f2b8d618,111,2172cffd-91d3-434a-bfac-370321b4d705,Snake2,4,6,1
b3f51671-910f-4f4a-a010-5880f2b8d618,111,3b875360-2388-4232-9174-3842af0fc8f5,Snake3,75,5,0
b3f51671-910f-4f4a-a010-5880f2b8d618,111,6fbeaec3-c55c-4cb3-8884-17f387a65acb,Snake4,98,9,0
b3f51671-910f-4f4a-a010-5880f2b8d618,112,571e89ca-3815-46c2-8c7c-b08740f01293,Snake1,100,17,1
b3f51671-910f-4f4a-a010-5880f2b8d618,112,2172cffd-91d3-434a-bfac-370321b4d705,Snake2,3,6,1
b3f51671-910f-4f4a-a010-5880f2b8d618,112,3b875360-2388-4232-9174-3842af0fc8f5,Snake3,75,5,0
b3f51671-910f-4f4a-a010-5880f2b8d618,112,6fbeaec3-c55c-4cb3-8884-17f387a65acb,Snake4,98,9,0
b3f51671-910f-4f4a-a010-5880f2b8d618,113,571e89ca-3815-46c2-8c7c-b08740f01293,Snake1,99,17,1
b3f51671-910f-4f4a-a010-5880f2b8d618,113,2172cffd-91d3-434a-bfac-370321b4d705,Snake2,2,6,1
b3f51671-910f-4f4a-a010-5880f2b8d618,113,3b875360-2388-4232-9174-3842af0fc8f5,Snake3,75,5,0
b3f51671-910f-4f4a-a010-5880f2b8d618,113,6fbeaec3-c55c-4cb3-8884-17f387a65acb,Snake4,98,9,0
b3f51671-910f-4f4a-a010-5880f2b8d618,113,571e89ca-3815-46c2-8c7c-b08740f01293,Snake1,99,17,1
b3f51671-910f-4f4a-a010-5880f2b8d618,113,2172cffd-91d3-434a-bfac-370321b4d705,Snake2,2,6,1
b3f51671-910f-4f4a-a010-5880f2b8d618,113,3b875360-2388-4232-9174-3842af0fc8f5,Snake3,75,5,0
b3f51671-910f-4f4a-a010-5880f2b8d618,113,6fbeaec3-c55c-4cb3-8884-17f387a65acb,Snake4,98,9,0
b3f51671-910f-4f4a-a010-5880f2b8d618,114,571e89ca-3815-46c2-8c7c-b08740f01293,Snake1,98,17,1
b3f51671-910f-4f4a-a010-5880f2b8d618,114,2172cffd-91d3-434a-bfac-370321b4d705,Snake2,1,6,1
b3f51671-910f-4f4a-a010-5880f2b8d618,114,3b875360-2388-4232-9174-3842af0fc8f5,Snake3,75,5,0
b3f51671-910f-4f4a-a010-5880f2b8d618,114,6fbeaec3-c55c-4cb3-8884-17f387a65acb,Snake4,98,9,0
b3f51671-910f-4f4a-a010-5880f2b8d618,114,571e89ca-3815-46c2-8c7c-b08740f01293,Snake1,98,17,1
b3f51671-910f-4f4a-a010-5880f2b8d618,114,2172cffd-91d3-434a-bfac-370321b4d705,Snake2,1,6,1
b3f51671-910f-4f4a-a010-5880f2b8d618,114,3b875360-2388-4232-9174-3842af0fc8f5,Snake3,75,5,0
b3f51671-910f-4f4a-a010-5880f2b8d618,114,6fbeaec3-c55c-4cb3-8884-17f387a65acb,Snake4,98,9,0
b3f51671-910f-4f4a-a010-5880f2b8d618,115,571e89ca-3815-46c2-8c7c-b08740f01293,Snake1,97,17,1
b3f51671-910f-4f4a-a010-5880f2b8d618,115,2172cffd-91d3-434a-bfac-370321b4d705,Snake2,1,6,0
b3f51671-910f-4f4a-a010-5880f2b8d618,115,3b875360-2388-4232-9174-3842af0fc8f5,Snake3,75,5,0
b3f51671-910f-4f4a-a010-5880f2b8d618,115,6fbeaec3-c55c-4cb3-8884-17f387a65acb,Snake4,98,9,0
b3f51671-910f-4f4a-a010-5880f2b8d618,116,571e89ca-3815-46c2-8c7c-b08740f01293,Snake1,97,17,1
b3f51671-910f-4f4a-a010-5880f2b8d618,116,2172cffd-91d3-434a-bfac-370321b4d705,Snake2,1,6,0
b3f51671-910f-4f4a-a010-5880f2b8d618,116,3b875360-2388-4232-9174-3842af0fc8f5,Snake3,75,5,0
b3f51671-910f-4f4a-a010-5880f2b8d618,116,6fbeaec3-c55c-4cb3-8884-17f387a65acb,Snake4,98,9,0
b3f51671-910f-4f4a-a010-5880f2b8d618,116,571e89ca-3815-46c2-8c7c-b08740f01293,Snake1,97,17,1
b3f51671-910f-4f4a-a010-5880f2b8d618,116,2172cffd-91d3-434a-bfac-370321b4d705,Snake2,1,6,0
b3f51671-910f-4f4a-a010-5880f2b8d618,116,3b875360-2388-4232-9174-3842af0fc8f5,Snake3,75,5,0
b3f51671-910f-4f4a-a010-5880f2b8d618,116,6fbeaec3-c55c-4cb3-8884-17f387a65acb,Snake4,98,9,0
b3f51671-910f-4f4a-a010-5880f2b8d618,116,571e89ca-3815-46c2-8c7c-b08740f01293,Snake1,97,17,1
b3f51671-910f-4f4a-a010-5880f2b8d618,116,2172cffd-91d3-434a-bfac-370321b4d705,Snake2,80,6,0
b3f51671-910f-4f4a-a010-5880f2b8d618,116,3b875360-2388-4232-9174-3842af0fc8f5,Snake3,75,5,0
b3f51671-910f-4f4a-a010-5880f2b8d618,116,6fbeaec3-c55c-4cb3-8884-17f387a65acb,Snake4,95,8,0
b3f51671-910f-4f4a-a010-5880f2b8d618,116,571e89ca-3815-46c2-8c7c-b08740f01293,Snake1,97,17,1
b3f51671-910f-4f4a-a010-5880f2b8d618,116,2172cffd-91d3-434a-bfac-370321b4d705,Snake2,76,6,0
b3f51671-910f-4f4a-a010-5880f2b8d618,116,3b875360-2388-4232-9174-3842af0fc8f5,Snake3,75,5,0
b3f51671-910f-4f4a-a010-5880f2b8d618,116,6fbeaec3-c55c-4cb3-8884-17f387a65acb,Snake4,98,9,0
