game_id,turn,snake_id,snake_name,health,length,alive
4953c2b4-fbcb-4eef-8875-a6955567bcd6,0,6788d800-c260-486e-8deb-a241a4427f0e,Snake1,100,3,1
4953c2b4-fbcb-4eef-8875-a6955567bcd6,0,0eab7d16-907f-4ac8-9f76-012229188da5,Snake2,100,3,1
4953c2b4-fbcb-4eef-8875-a6955567bcd6,0,85c884e1-710e-4ea1-8ea8-e5d89e92679c,Snake3,100,3,1
4953c2b4-fbcb-4eef-8875-a6955567bcd6,0,6ed2b958-4c39-40e3-9c0c-6666e7b9dace,Snake4,100,3,1
4953c2b4-fbcb-4eef-8875-a6955567bcd6,1,6788d800-c260-486e-8deb-a241a4427f0e,Snake1,99,3,1
4953c2b4-fbcb-4eef-8875-a6955567bcd6,1,0eab7d16-907f-4ac8-9f76-012229188da5,Snake2,99,3,1
4953c2b4-fbcb-4eef-8875-a6955567bcd6,1,85c884e1-710e-4ea1-8ea8-e5d89e92679c,Snake3,99,3,1
4953c2b4-fbcb-4eef-8875-a6955567bcd6,1,6ed2b958-4c39-40e3-9c0c-6666e7b9dace,Snake4,99,3,1
4953c2b4-fbcb-4eef-8875-a6955567bcd6,1,6788d800-c260-486e-8deb-a241a4427f0e,Snake1,99,3,1
4953c2b4-fbcb-4eef-8875-a6955567bcd6,1,0eab7d16-907f-4ac8-9f76-012229188da5,Snake2,99,3,1
4953c2b4-fbcb-4eef-8875-a6955567bcd6,1,85c884e1-710e-4ea1-8ea8-e5d89e92679c,Snake3,99,3,1
4953c2b4-fbcb-4eef-8875-a6955567bcd6,1,6ed2b958-4c39-40e3-9c0c-6666e7b9dace,Snake4,99,3,1
4953c2b4-fbcb-4eef-8875-a6955567bcd6,2,6788d800-c260-486e-8deb-a241a4427f0e,Snake1,84,3,1
4953c2b4-fbcb-4eef-8875-a6955567bcd6,2,0eab7d16-907f-4ac8-9f76-012229188da5,Snake2,84,3,1
4953c2b4-fbcb-4eef-8875-a6955567bcd6,2,85c884e1-710e-4ea1-8ea8-e5d89e92679c,Snake3,98,3,1
4953c2b4-fbcb-4eef-8875-a6955567bcd6,2,6ed2b958-4c39-40e3-9c0c-6666e7b9dace,Snake4,99,3,0
4953c2b4-fbcb-4eef-8875-a6955567bcd6,2,6788d800-c260-486e-8deb-a241a4427f0e,Snake1,84,3,1
4953c2b4-fbcb-4eef-8875-a6955567bcd6,2,0eab7d16-907f-4ac8-9f76-012229188da5,Snake2,84,3,1
4953c2b4-fbcb-4eef-8875-a6955567bcd6,2,85c884e1-710e-4ea1-8ea8-e5d89e92679c,Snake3,98,3,1
4953c2b4-fbcb-4eef-8875-a6955567bcd6,2,6ed2b958-4c39-40e3-9c0c-6666e7b9dace,Snake4,99,3,0
4953c2b4-fbcb-4eef-8875-a6955567bcd6,2,6788d800-c260-486e-8deb-a241a4427f0e,Snake1,84,3,1
4953c2b4-fbcb-4eef-8875-a6955567bcd6,2,0eab7d16-907f-4ac8-9f76-012229188da5,Snake2,84,3,1
4953c2b4-fbcb-4eef-8875-a6955567bcd6,2,85c884e1-710e-4ea1-8ea8-e5d89e92679c,Snake3,98,3,1
4953c2b4-fbcb-4eef-8875-a6955567bcd6,2,6ed2b958-4c39-40e3-9c0c-6666e7b9dace,Snake4,99,3,0
4953c2b4-fbcb-4eef-8875-a6955567bcd6,3,6788d800-c260-486e-8deb-a241a4427f0e,Snake1,83,3,1
4953c2b4-fbcb-4eef-8875-a6955567bcd6,3,0eab7d16-907f-4ac8-9f76-012229188da5,Snake2,83,3,1
4953c2b4-fbcb-4eef-8875-a6955567bcd6,3,85c884e1-710e-4ea1-8ea8-e5d89e92679c,Snake3,97,3,1
4953c2b4-fbcb-4eef-8875-a6955567bcd6,3,6ed2b958-4c39-40e3-9c0c-6666e7b9dace,Snake4,99,3,0
4953c2b4-fbcb-4eef-8875-a6955567bcd6,3,6788d800-c260-486e-8deb-a241a4427f0e,Snake1,83,3,1
4953c2b4-fbcb-4eef-8875-a6955567bcd6,3,0eab7d16-907f-4ac8-9f76-012229188da5,Snake2,83,3,1
4953c2b4-fbcb-4eef-8875-a6955567bcd6,3,85c884e1-710e-4ea1-8ea8-e5d89e92679c,Snake3,97,3,1
4953c2b4-fbcb-4eef-8875-a6955567bcd6,3,6ed2b958-4c39-40e3-9c0c-6666e7b9dace,Snake4,99,3,0
4953c2b4-fbcb-4eef-8875-a6955567bcd6,3,6788d800-c260-486e-8deb-a241a4427f0e,Snake1,83,3,1
4953c2b4-fbcb-4eef-8875-a6955567bcd6,3,0eab7d16-907f-4ac8-9f76-012229188da5,Snake2,83,3,1
4953c2b4-fbcb-4eef-8875-a6955567bcd6,3,85c884e1-710e-4ea1-8ea8-e5d89e92679c,Snake3,97,3,1
4953c2b4-fbcb-4eef-8875-a6955567bcd6,3,6ed2b958-4c39-40e3-9c0c-6666e7b9dace,Snake4,99,3,0
4953c2b4-fbcb-4eef-8875-a6955567bcd6,4,6788d800-c260-486e-8deb-a241a4427f0e,Snake1,82,3,1
4953c2b4-fbcb-4eef-8875-a6955567bcd6,4,0eab7d16-907f-4ac8-9f76-012229188da5,Snake2,82,3,1
4953c2b4-fbcb-4eef-8875-a6955567bcd6,4,85c884e1-710e-4ea1-8ea8-e5d89e92679c,Snake3,97,3,0
4953c2b4-fbcb-4eef-8875-a6955567bcd6,4,6ed2b958-4c39-40e3-9c0c-6666e7b9dace,Snake4,99,3,0
4953c2b4-fbcb-4eef-8875-a6955567bcd6,4,6788d800-c260-486e-8deb-a241a4427f0e,Snake1,82,3,1
4953c2b4-fbcb-4eef-8875-a6955567bcd6,4,0eab7d16-907f-4ac8-9f76-012229188da5,Snake2,82,3,1
4953c2b4-fbcb-4eef-8875-a6955567bcd6,4,85c884e1-710e-4ea1-8ea8-e5d89e92679c,Snake3,97,3,0
4953c2b4-fbcb-4eef-8875-a6955567bcd6,4,6ed2b958-4c39-40e3-9c0c-6666e7b9dace,Snake4,99,3,0
4953c2b4-fbcb-4eef-8875-a6955567bcd6,5,6788d800-c260-486e-8deb-a241a4427f0e,Snake1,81,3,1
4953c2b4-fbcb-4eef-8875-a6955567bcd6,5,0eab7d16-907f-4ac8-9f76-012229188da5,Snake2,81,3,1
4953c2b4-fbcb-4eef-8875-a6955567bcd6,5,85c884e1-710e-4ea1-8ea8-e5d89e92679c,Snake3,97,3,0
4953c2b4-fbcb-4eef-8875-a6955567bcd6,5,6ed2b958-4c39-40e3-9c0c-6666e7b9dace,Snake4,99,3,0
4953c2b4-fbcb-4eef-8875-a6955567bcd6,5,6788d800-c260-486e-8deb-a241a4427f0e,Snake1,81,3,1
4953c2b4-fbcb-4eef-8875-a6955567bcd6,5,0eab7d16-907f-4ac8-9f76-012229188da5,Snake2,81,3,1
4953c2b4-fbcb-4eef-8875-a6955567bcd6,5,85c884e1-710e-4ea1-8ea8-e5d89e92679c,Snake3,97,3,0
4953c2b4-fbcb-4eef-8875-a6955567bcd6,5,6ed2b958-4c39-40e3-9c0c-6666e7b9dace,Snake4,99,3,0
4953c2b4-fbcb-4eef-8875-a6955567bcd6,6,6788d800-c260-486e-8deb-a241a4427f0e,Snake1,80,3,1
4953c2b4-fbcb-4eef-8875-a6955567bcd6,6,0eab7d16-907f-4ac8-9f76-012229188da5,Snake2,80,3,1
4953c2b4-fbcb-4eef-8875-a6955567bcd6,6,85c884e1-710e-4ea1-8ea8-e5d89e92679c,Snake3,97,3,0
4953c2b4-fbcb-4eef-8875-a6955567bcd6,6,6ed2b958-4c39-40e3-9c0c-6666e7b9dace,Snake4,99,3,0
4953c2b4-fbcb-4eef-8875-a6955567bcd6,6,6788d800-c260-486e-8deb-a241a4427f0e,Snake1,80,3,1
4953c2b4-fbcb-4eef-8875-a6955567bcd6,6,0eab7d16-907f-4ac8-9f76-012229188da5,Snake2,80,3,1
4953c2b4-fbcb-4eef-8875-a6955567bcd6,6,85c884e1-710e-4ea1-8ea8-e5d89e92679c,Snake3,97,3,0
4953c2b4-fbcb-4eef-8875-a6955567bcd6,6,6ed2b958-4c39-40e3-9c0c-6666e7b9dace,Snake4,99,3,0
4953c2b4-fbcb-4eef-8875-a6955567bcd6,7,6788d800-c260-486e-8deb-a241a4427f0e,Snake1,79,3,1
4953c2b4-fbcb-4eef-8875-a6955567bcd6,7,0eab7d16-907f-4ac8-9f76-012229188da5,Snake2,79,3,1
4953c2b4-fbcb-4eef-8875-a6955567bcd6,7,85c884e1-710e-4ea1-8ea8-e5d89e92679c,Snake3,97,3,0
4953c2b4-fbcb-4eef-8875-a6955567bcd6,7,6ed2b958-4c39-40e3-9c0c-6666e7b9dace,Snake4,99,3,0
4953c2b4-fbcb-4eef-8875-a6955567bcd6,7,6788d800-c260-486e-8deb-a241a4427f0e,Snake1,79,3,1
4953c2b4-fbcb-4eef-8875-a6955567bcd6,7,0eab7d16-907f-4ac8-9f76-012229188da5,Snake2,79,3,1
4953c2b4-fbcb-4eef-8875-a6955567bcd6,7,85c884e1-710e-4ea1-8ea8-e5d89e92679c,Snake3,97,3,0
4953c2b4-fbcb-4eef-8875-a6955567bcd6,7,6ed2b958-4c39-40e3-9c0c-6666e7b9dace,Snake4,99,3,0
4953c2b4-fbcb-4eef-8875-a6955567bcd6,8,6788d800-c260-486e-8deb-a241a4427f0e,Snake1,78,3,1
4953c2b4-fbcb-4eef-8875-a6955567bcd6,8,0eab7d16-907f-4ac8-9f76-012229188da5,Snake2,100,4,1
4953c2b4-fbcb-4eef-8875-a6955567bcd6,8,85c884e1-710e-4ea1-8ea8-e5d89e92679c,Snake3,97,3,0
4953c2b4-fbcb-4eef-8875-a6955567bcd6,8,6ed2b958-4c39-40e3-9c0c-6666e7b9dace,Snake4,99,3,0
4953c2b4-fbcb-4eef-8875-a6955567bcd6,8,6788d800-c260-486e-8deb-a241a4427f0e,Snake1,78,3,1
4953c2b4-fbcb-4eef-8875-a6955567bcd6,8,0eab7d16-907f-4ac8-9f76-012229188da5,Snake2,100,4,1
4953c2b4-fbcb-4eef-8875-a6955567bcd6,8,85c884e1-710e-4ea1-8ea8-e5d89e92679c,Snake3,97,3,0
4953c2b4-fbcb-4eef-8875-a6955567bcd6,8,6ed2b958-4c39-40e3-9c0c-6666e7b9dace,Snake4,99,3,0
4953c2b4-fbcb-4eef-8875-a6955567bcd6,9,6788d800-c260-486e-8deb-a241a4427f0e,Snake1,77,3,1
4953c2b4-fbcb-4eef-8875-a6955567bcd6,9,0eab7d16-907f-4ac8-9f76-012229188da5,Snake2,99,4,1
4953c2b4-fbcb-4eef-8875-a6955567bcd6,9,85c884e1-710e-4ea1-8ea8-e5d89e92679c,Snake3,97,3,0
4953c2b4-fbcb-4eef-8875-a6955567bcd6,9,6ed2b958-4c39-40e3-9c0c-6666e7b9dace,Snake4,99,3,0
4953c2b4-fbcb-4eef-8875-a6955567bcd6,10,6788d800-c260-486e-8deb-a241a4427f0e,Snake1,100,4,1
4953c2b4-fbcb-4eef-8875-a6955567bcd6,10,0eab7d16-907f-4ac8-9f76-012229188da5,Snake2,98,4,1
4953c2b4-fbcb-4eef-8875-a6955567bcd6,10,85c884e1-710e-4ea1-8ea8-e5d89e92679c,Snake3,97,3,0
4953c2b4-fbcb-4eef-8875-a6955567bcd6,10,6ed2b958-4c39-40e3-9c0c-6666e7b9dace,Snake4,99,3,0
4953c2b4-fbcb-4eef-8875-a6955567bcd6,10,6788d800-c260-486e-8deb-a241a4427f0e,Snake1,100,4,1
4953c2b4-fbcb-4eef-8875-a6955567bcd6,10,0eab7d16-907f-4ac8-9f76-012229188da5,Snake2,98,4,1
4953c2b4-fbcb-4eef-8875-a6955567bcd6,10,85c884e1-710e-4ea1-8ea8-e5d89e92679c,Snake3,97,3,0
4953c2b4-fbcb-4eef-8875-a6955567bcd6,10,6ed2b958-4c39-40e3-9c0c-6666e7b9dace,Snake4,99,3,0
4953c2b4-fbcb-4eef-8875-a6955567bcd6,11,6788d800-c260-486e-8deb-a241a4427f0e,Snake1,99,4,1
4953c2b4-fbcb-4eef-8875-a6955567bcd6,11,0eab7d16-907f-4ac8-9f76-012229188da5,Snake2,97,4,1
4953c2b4-fbcb-4eef-8875-a6955567bcd6,11,85c884e1-710e-4ea1-8ea8-e5d89e92679c,Snake3,97,3,0
4953c2b4-fbcb-4eef-8875-a6955567bcd6,11,6ed2b958-4c39-40e3-9c0c-6666e7b9dace,Snake4,99,3,0
4953c2b4-fbcb-4eef-8875-a6955567bcd6,11,6788d800-c260-486e-8deb-a241a4427f0e,Snake1,99,4,1
4953c2b4-fbcb-4eef-8875-a6955567bcd6,11,0eab7d16-907f-4ac8-9f76-012229188da5,Snake2,97,4,1
4953c2b4-fbcb-4eef-8875-a6955567bcd6,11,85c884e1-710e-4ea1-8ea8-e5d89e92679c,Snake3,97,3,0
4953c2b4-fbcb-4eef-8875-a6955567bcd6,11,6ed2b958-4c39-40e3-9c0c-6666e7b9dace,Snake4,99,3,0
4953c2b4-fbcb-4eef-8875-a6955567bcd6,12,6788d800-c260-486e-8deb-a241a4427f0e,Snake1,100,5,1
4953c2b4-fbcb-4eef-8875-a6955567bcd6,12,0eab7d16-907f-4ac8-9f76-012229188da5,Snake2,96,4,1
4953c2b4-fbcb-4eef-8875-a6955567bcd6,12,85c884e1-710e-4ea1-8ea8-e5d89e92679c,Snake3,97,3,0
4953c2b4-fbcb-4eef-8875-a6955567bcd6,12,6ed2b958-4c39-40e3-9c0c-6666e7b9dace,Snake4,99,3,0
4953c2b4-fbcb-4eef-8875-a6955567bcd6,13,6788d800-c260-486e-8deb-a241a4427f0e,Snake1,99,5,1
4953c2b4-fbcb-4eef-8875-a6955567bcd6,13,0eab7d16-907f-4ac8-9f76-012229188da5,Snake2,100,5,1
4953c2b4-fbcb-4eef-8875-a6955567bcd6,13,85c884e1-710e-4ea1-8ea8-e5d89e92679c,Snake3,97,3,0
4953c2b4-fbcb-4eef-8875-a6955567bcd6,13,6ed2b958-4c39-40e3-9c0c-6666e7b9dace,Snake4,99,3,0
4953c2b4-fbcb-4eef-8875-a6955567bcd6,13,6788d800-c260-486e-8deb-a241a4427f0e,Snake1,99,5,1
4953c2b4-fbcb-4eef-8875-a6955567bcd6,13,0eab7d16-907f-4ac8-9f76-012229188da5,Snake2,100,5,1
4953c2b4-fbcb-4eef-8875-a6955567bcd6,13,85c884e1-710e-4ea1-8ea8-e5d89e92679c,Snake3,97,3,0
4953c2b4-fbcb-4eef-8875-a6955567bcd6,13,6ed2b958-4c39-40e3-9c0c-6666e7b9dace,Snake4,99,3,0
4953c2b4-fbcb-4eef-8875-a6955567bcd6,14,6788d800-c260-486e-8deb-a241a4427f0e,Snake1,98,5,1
4953c2b4-fbcb-4eef-8875-a6955567bcd6,14,0eab7d16-907f-4ac8-9f76-012229188da5,Snake2,99,5,1
4953c2b4-fbcb-4eef-8875-a6955567bcd6,14,85c884e1-710e-4ea1-8ea8-e5d89e92679c,Snake3,97,3,0
4953c2b4-fbcb-4eef-8875-a6955567bcd6,14,6ed2b958-4c39-40e3-9c0c-6666e7b9dace,Snake4,99,3,0
4953c2b4-fbcb-4eef-8875-a6955567bcd6,14,6788d800-c260-486e-8deb-a241a4427f0e,Snake1,98,5,1
4953c2b4-fbcb-4eef-8875-a6955567bcd6,14,0eab7d16-907f-4ac8-9f76-012229188da5,Snake2,99,5,1
4953c2b4-fbcb-4eef-8875-a6955567bcd6,14,85c884e1-710e-4ea1-8ea8-e5d89e92679c,Snake3,97,3,0
4953c2b4-fbcb-4eef-8875-a6955567bcd6,14,6ed2b958-4c39-40e3-9c0c-6666e7b9dace,Snake4,99,3,0
4953c2b4-fbcb-4eef-8875-a6955567bcd6,15,6788d800-c260-486e-8deb-a241a4427f0e,Snake1,97,5,1
4953c2b4-fbcb-4eef-8875-a6955567bcd6,15,0eab7d16-907f-4ac8-9f76-012229188da5,Snake2,98,5,1
4953c2b4-fbcb-4eef-8875-a6955567bcd6,15,85c884e1-710e-4ea1-8ea8-e5d89e92679c,Snake3,97,3,0
4953c2b4-fbcb-4eef-8875-a6955567bcd6,15,6ed2b958-4c39-40e3-9c0c-6666e7b9dace,Snake4,99,3,0
4953c2b4-fbcb-4eef-8875-a6955567bcd6,15,6788d800-c260-486e-8deb-a241a4427f0e,Snake1,97,5,1
4953c2b4-fbcb-4eef-8875-a6955567bcd6,15,0eab7d16-907f-4ac8-9f76-012229188da5,Snake2,98,5,1
4953c2b4-fbcb-4eef-8875-a6955567bcd6,15,85c884e1-710e-4ea1-8ea8-e5d89e92679c,Snake3,97,3,0
4953c2b4-fbcb-4eef-8875-a6955567bcd6,15,6ed2b958-4c39-40e3-9c0c-6666e7b9dace,Snake4,99,3,0
4953c2b4-fbcb-4eef-8875-a6955567bcd6,16,6788d800-c260-486e-8deb-a241a4427f0e,Snake1,100,6,1
4953c2b4-fbcb-4eef-8875-a6955567bcd6,16,0eab7d16-907f-4ac8-9f76-012229188da5,Snake2,97,5,1
4953c2b4-fbcb-4eef-8875-a6955567bcd6,16,85c884e1-710e-4ea1-8ea8-e5d89e92679c,Snake3,97,3,0
4953c2b4-fbcb-4eef-8875-a6955567bcd6,16,6ed2b958-4c39-40e3-9c0c-6666e7b9dace,Snake4,99,3,0
4953c2b4-fbcb-4eef-8875-a6955567bcd6,16,6788d800-c260-486e-8deb-a241a4427f0e,Snake1,100,6,1
4953c2b4-fbcb-4eef-8875-a6955567bcd6,16,0eab7d16-907f-4ac8-9f76-012229188da5,Snake2,97,5,1
4953c2b4-fbcb-4eef-8875-a6955567bcd6,16,85c884e1-710e-4ea1-8ea8-e5d89e92679c,Snake3,97,3,0
4953c2b4-fbcb-4eef-8875-a6955567bcd6,16,6ed2b958-4c39-40e3-9c0c-6666e7b9dace,Snake4,99,3,0
4953c2b4-fbcb-4eef-8875-a6955567bcd6,17,6788d800-c260-486e-8deb-a241a4427f0e,Snake1,99,6,1
4953c2b4-fbcb-4eef-8875-a6955567bcd6,17,0eab7d16-907f-4ac8-9f76-012229188da5,Snake2,96,5,1
4953c2b4-fbcb-4eef-8875-a6955567bcd6,17,85c884e1-710e-4ea1-8ea8-e5d89e92679c,Snake3,97,3,0
4953c2b4-fbcb-4eef-8875-a6955567bcd6,17,6ed2b958-4c39-40e3-9c0c-6666e7b9dace,Snake4,99,3,0
4953c2b4-fbcb-4eef-8875-a6955567bcd6,18,6788d800-c260-486e-8deb-a241a4427f0e,Snake1,98,6,1
4953c2b4-fbcb-4eef-8875-a6955567bcd6,18,0eab7d16-907f-4ac8-9f76-012229188da5,Snake2,95,5,1
4953c2b4-fbcb-4eef-8875-a6955567bcd6,18,85c884e1-710e-4ea1-8ea8-e5d89e92679c,Snake3,97,3,0
4953c2b4-fbcb-4eef-8875-a6955567bcd6,18,6ed2b958-4c39-40e3-9c0c-6666e7b9dace,Snake4,99,3,0
4953c2b4-fbcb-4eef-8875-a6955567bcd6,19,6788d800-c260-486e-8deb-a241a4427f0e,Snake1,97,6,1
4953c2b4-fbcb-4eef-8875-a6955567bcd6,19,0eab7d16-907f-4ac8-9f76-012229188da5,Snake2,94,5,1
4953c2b4-fbcb-4eef-8875-a6955567bcd6,19,85c884e1-710e-4ea1-8ea8-e5d89e92679c,Snake3,97,3,0
4953c2b4-fbcb-4eef-8875-a6955567bcd6,19,6ed2b958-4c39-40e3-9c0c-6666e7b9dace,Snake4,99,3,0
4953c2b4-fbcb-4eef-8875-a6955567bcd6,19,6788d800-c260-486e-8deb-a241a4427f0e,Snake1,97,6,1
4953c2b4-fbcb-4eef-8875-a6955567bcd6,19,0eab7d16-907f-4ac8-9f76-012229188da5,Snake2,94,5,1
4953c2b4-fbcb-4eef-8875-a6955567bcd6,19,85c884e1-710e-4ea1-8ea8-e5d89e92679c,Snake3,97,3,0
4953c2b4-fbcb-4eef-8875-a6955567bcd6,19,6ed2b958-4c39-40e3-9c0c-6666e7b9dace,Snake4,99,3,0
4953c2b4-fbcb-4eef-8875-a6955567bcd6,20,6788d800-c260-486e-8deb-a241a4427f0e,Snake1,96,6,1
4953c2b4-fbcb-4eef-8875-a6955567bcd6,20,0eab7d16-907f-4ac8-9f76-012229188da5,Snake2,93,5,1
4953c2b4-fbcb-4eef-8875-a6955567bcd6,20,85c884e1-710e-4ea1-8ea8-e5d89e92679c,Snake3,97,3,0
4953c2b4-fbcb-4eef-8875-a6955567bcd6,20,6ed2b958-4c39-40e3-9c0c-6666e7b9dace,Snake4,99,3,0
4953c2b4-fbcb-4eef-8875-a6955567bcd6,20,6788d800-c260-486e-8deb-a241a4427f0e,Snake1,96,6,1
4953c2b4-fbcb-4eef-8875-a6955567bcd6,20,0eab7d16-907f-4ac8-9f76-012229188da5,Snake2,93,5,1
4953c2b4-fbcb-4eef-8875-a6955567bcd6,20,85c884e1-710e-4ea1-8ea8-e5d89e92679c,Snake3,97,3,0
4953c2b4-fbcb-4eef-8875-a6955567bcd6,20,6ed2b958-4c39-40e3-9c0c-6666e7b9dace,Snake4,99,3,0
4953c2b4-fbcb-4eef-8875-a6955567bcd6,21,6788d800-c260-486e-8deb-a241a4427f0e,Snake1,95,6,1
4953c2b4-fbcb-4eef-8875-a6955567bcd6,21,0eab7d16-907f-4ac8-9f76-012229188da5,Snake2,92,5,1
4953c2b4-fbcb-4eef-8875-a6955567bcd6,21,85c884e1-710e-4ea1-8ea8-e5d89e92679c,Snake3,97,3,0
4953c2b4-fbcb-4eef-8875-a6955567bcd6,21,6ed2b958-4c39-40e3-9c0c-6666e7b9dace,Snake4,99,3,0
4953c2b4-fbcb-4eef-8875-a6955567bcd6,21,6788d800-c260-486e-8deb-a241a4427f0e,Snake1,95,6,1
4953c2b4-fbcb-4eef-8875-a6955567bcd6,21,0eab7d16-907f-4ac8-9f76-012229188da5,Snake2,92,5,1
4953c2b4-fbcb-4eef-8875-a6955567bcd6,21,85c884e1-710e-4ea1-8ea8-e5d89e92679c,Snake3,97,3,0
4953c2b4-fbcb-4eef-8875-a6955567bcd6,21,6ed2b958-4c39-40e3-9c0c-6666e7b9dace,Snake4,99,3,0
4953c2b4-fbcb-4eef-8875-a6955567bcd6,22,6788d800-c260-486e-8deb-a241a4427f0e,Snake1,94,6,1
4953c2b4-fbcb-4eef-8875-a6955567bcd6,22,0eab7d16-907f-4ac8-9f76-012229188da5,Snake2,91,5,1
4953c2b4-fbcb-4eef-8875-a6955567bcd6,22,85c884e1-710e-4ea1-8ea8-e5d89e92679c,Snake3,97,3,0
4953c2b4-fbcb-4eef-8875-a6955567bcd6,22,6ed2b958-4c39-40e3-9c0c-6666e7b9dace,Snake4,99,3,0
4953c2b4-fbcb-4eef-8875-a6955567bcd6,22,6788d800-c260-486e-8deb-a241a4427f0e,Snake1,94,6,1
4953c2b4-fbcb-4eef-8875-a6955567bcd6,22,0eab7d16-907f-4ac8-9f76-012229188da5,Snake2,91,5,1
4953c2b4-fbcb-4eef-8875-a6955567bcd6,22,85c884e1-710e-4ea1-8ea8-e5d89e92679c,Snake3,97,3,0
4953c2b4-fbcb-4eef-8875-a6955567bcd6,22,6ed2b958-4c39-40e3-9c0c-6666e7b9dace,Snake4,99,3,0
4953c2b4-fbcb-4eef-8875-a6955567bcd6,23,6788d800-c260-486e-8deb-a241a4427f0e,Snake1,93,6,1
4953c2b4-fbcb-4eef-8875-a6955567bcd6,23,0eab7d16-907f-4ac8-9f76-012229188da5,Snake2,90,5,1
4953c2b4-fbcb-4eef-8875-a6955567bcd6,23,85c884e1-710e-4ea1-8ea8-e5d89e92679c,Snake3,97,3,0
4953c2b4-fbcb-4eef-8875-a6955567bcd6,23,6ed2b958-4c39-40e3-9c0c-6666e7b9dace,Snake4,99,3,0
4953c2b4-fbcb-4eef-8875-a6955567bcd6,23,6788d800-c260-486e-8deb-a241a4427f0e,Snake1,93,6,1
4953c2b4-fbcb-4eef-8875-a6955567bcd6,23,0eab7d16-907f-4ac8-9f76-012229188da5,Snake2,90,5,1
4953c2b4-fbcb-4eef-8875-a6955567bcd6,23,85c884e1-710e-4ea1-8ea8-e5d89e92679c,Snake3,97,3,0
4953c2b4-fbcb-4eef-8875-a6955567bcd6,23,6ed2b958-4c39-40e3-9c0c-6666e7b9dace,Snake4,99,3,0
4953c2b4-fbcb-4eef-8875-a6955567bcd6,24,6788d800-c260-486e-8deb-a241a4427f0e,Snake1,100,7,1
4953c2b4-fbcb-4eef-8875-a6955567bcd6,24,0eab7d16-907f-4ac8-9f76-012229188da5,Snake2,89,5,1
4953c2b4-fbcb-4eef-8875-a6955567bcd6,24,85c884e1-710e-4ea1-8ea8-e5d89e92679c,Snake3,97,3,0
4953c2b4-fbcb-4eef-8875-a6955567bcd6,24,6ed2b958-4c39-40e3-9c0c-6666e7b9dace,Snake4,99,3,0
4953c2b4-fbcb-4eef-8875-a6955567bcd6,24,6788d800-c260-486e-8deb-a241a4427f0e,Snake1,100,7,1
4953c2b4-fbcb-4eef-8875-a6955567bcd6,24,0eab7d16-907f-4ac8-9f76-012229188da5,Snake2,89,5,1
4953c2b4-fbcb-4eef-8875-a6955567bcd6,24,85c884e1-710e-4ea1-8ea8-e5d89e92679c,Snake3,97,3,0
4953c2b4-fbcb-4eef-8875-a6955567bcd6,24,6ed2b958-4c39-40e3-9c0c-6666e7b9dace,Snake4,99,3,0
4953c2b4-fbcb-4eef-8875-a6955567bcd6,25,6788d800-c260-486e-8deb-a241a4427f0e,Snake1,100,8,1
4953c2b4-fbcb-4eef-8875-a6955567bcd6,25,0eab7d16-907f-4ac8-9f76-012229188da5,Snake2,88,5,1
4953c2b4-fbcb-4eef-8875-a6955567bcd6,25,85c884e1-710e-4ea1-8ea8-e5d89e92679c,Snake3,97,3,0
4953c2b4-fbcb-4eef-8875-a6955567bcd6,25,6ed2b958-4c39-40e3-9c0c-6666e7b9dace,Snake4,99,3,0
4953c2b4-fbcb-4eef-8875-a6955567bcd6,25,6788d800-c260-486e-8deb-a241a4427f0e,Snake1,100,8,1
4953c2b4-fbcb-4eef-8875-a6955567bcd6,25,0eab7d16-907f-4ac8-9f76-012229188da5,Snake2,88,5,1
4953c2b4-fbcb-4eef-8875-a6955567bcd6,25,85c884e1-710e-4ea1-8ea8-e5d89e92679c,Snake3,97,3,0
4953c2b4-fbcb-4eef-8875-a6955567bcd6,25,6ed2b958-4c39-40e3-9c0c-6666e7b9dace,Snake4,99,3,0
4953c2b4-fbcb-4eef-8875-a6955567bcd6,26,6788d800-c260-486e-8deb-a241a4427f0e,Snake1,100,9,1
4953c2b4-fbcb-4eef-8875-a6955567bcd6,26,0eab7d16-907f-4ac8-9f76-012229188da5,Snake2,87,5,1
4953c2b4-fbcb-4eef-8875-a6955567bcd6,26,85c884e1-710e-4ea1-8ea8-e5d89e92679c,Snake3,97,3,0
4953c2b4-fbcb-4eef-8875-a6955567bcd6,26,6ed2b958-4c39-40e3-9c0c-6666e7b9dace,Snake4,99,3,0
4953c2b4-fbcb-4eef-8875-a6955567bcd6,26,6788d800-c260-486e-8deb-a241a4427f0e,Snake1,100,9,1
4953c2b4-fbcb-4eef-8875-a6955567bcd6,26,0eab7d16-907f-4ac8-9f76-012229188da5,Snake2,87,5,1
4953c2b4-fbcb-4eef-8875-a6955567bcd6,26,85c884e1-710e-4ea1-8ea8-e5d89e92679c,Snake3,97,3,0
4953c2b4-fbcb-4eef-8875-a6955567bcd6,26,6ed2b958-4c39-40e3-9c0c-6666e7b9dace,Snake4,99,3,0
4953c2b4-fbcb-4eef-8875-a6955567bcd6,27,6788d800-c260-486e-8deb-a241a4427f0e,Snake1,99,9,1
4953c2b4-fbcb-4eef-8875-a6955567bcd6,27,0eab7d16-907f-4ac8-9f76-012229188da5,Snake2,86,5,1
4953c2b4-fbcb-4eef-8875-a6955567bcd6,27,85c884e1-710e-4ea1-8ea8-e5d89e92679c,Snake3,97,3,0
4953c2b4-fbcb-4eef-8875-a6955567bcd6,27,6ed2b958-4c39-40e3-9c0c-6666e7b9dace,Snake4,99,3,0
4953c2b4-fbcb-4eef-8875-a6955567bcd6,27,6788d800-c260-486e-8deb-a241a4427f0e,Snake1,99,9,1
4953c2b4-fbcb-4eef-8875-a6955567bcd6,27,0eab7d16-907f-4ac8-9f76-012229188da5,Snake2,86,5,1
4953c2b4-fbcb-4eef-8875-a6955567bcd6,27,85c884e1-710e-4ea1-8ea8-e5d89e92679c,Snake3,97,3,0
4953c2b4-fbcb-4eef-8875-a6955567bcd6,27,6ed2b958-4c39-40e3-9c0c-6666e7b9dace,Snake4,99,3,0
4953c2b4-fbcb-4eef-8875-a6955567bcd6,28,6788d800-c260-486e-8deb-a241a4427f0e,Snake1,98,9,1
4953c2b4-fbcb-4eef-8875-a6955567bcd6,28,0eab7d16-907f-4ac8-9f76-012229188da5,Snake2,85,5,1
4953c2b4-fbcb-4eef-8875-a6955567bcd6,28,85c884e1-710e-4ea1-8ea8-e5d89e92679c,Snake3,97,3,0
4953c2b4-fbcb-4eef-8875-a6955567bcd6,28,6ed2b958-4c39-40e3-9c0c-6666e7b9dace,Snake4,99,3,0
4953c2b4-fbcb-4eef-8875-a6955567bcd6,28,6788d800-c260-486e-8deb-a241a4427f0e,Snake1,98,9,1
4953c2b4-fbcb-4eef-8875-a6955567bcd6,28,0eab7d16-907f-4ac8-9f76-012229188da5,Snake2,85,5,1
4953c2b4-fbcb-4eef-8875-a6955567bcd6,28,85c884e1-710e-4ea1-8ea8-e5d89e92679c,Snake3,97,3,0
4953c2b4-fbcb-4eef-8875-a6955567bcd6,28,6ed2b958-4c39-40e3-9c0c-6666e7b9dace,Snake4,99,3,0
4953c2b4-fbcb-4eef-8875-a6955567bcd6,29,6788d800-c260-486e-8deb-a241a4427f0e,Snake1,97,9,1
4953c2b4-fbcb-4eef-8875-a6955567bcd6,29,0eab7d16-907f-4ac8-9f76-012229188da5,Snake2,84,5,1
4953c2b4-fbcb-4eef-8875-a6955567bcd6,29,85c884e1-710e-4ea1-8ea8-e5d89e92679c,Snake3,97,3,0
4953c2b4-fbcb-4eef-8875-a6955567bcd6,29,6ed2b958-4c39-40e3-9c0c-6666e7b9dace,Snake4,99,3,0
4953c2b4-fbcb-4eef-8875-a6955567bcd6,29,6788d800-c260-486e-8deb-a241a4427f0e,Snake1,97,9,1
4953c2b4-fbcb-4eef-8875-a6955567bcd6,29,0eab7d16-907f-4ac8-9f76-012229188da5,Snake2,84,5,1
4953c2b4-fbcb-4eef-8875-a6955567bcd6,29,85c884e1-710e-4ea1-8ea8-e5d89e92679c,Snake3,97,3,0
4953c2b4-fbcb-4eef-8875-a6955567bcd6,29,6ed2b958-4c39-40e3-9c0c-6666e7b9dace,Snake4,99,3,0
4953c2b4-fbcb-4eef-8875-a6955567bcd6,30,6788d800-c260-486e-8deb-a241a4427f0e,Snake1,100,10,1
4953c2b4-fbcb-4eef-8875-a6955567bcd6,30,0eab7d16-907f-4ac8-9f76-012229188da5,Snake2,83,5,1
4953c2b4-fbcb-4eef-8875-a6955567bcd6,30,85c884e1-710e-4ea1-8ea8-e5d89e92679c,Snake3,97,3,0
4953c2b4-fbcb-4eef-8875-a6955567bcd6,30,6ed2b958-4c39-40e3-9c0c-6666e7b9dace,Snake4,99,3,0
4953c2b4-fbcb-4eef-8875-a6955567bcd6,30,6788d800-c260-486e-8deb-a241a4427f0e,Snake1,100,10,1
4953c2b4-fbcb-4eef-8875-a6955567bcd6,30,0eab7d16-907f-4ac8-9f76-012229188da5,Snake2,83,5,1
4953c2b4-fbcb-4eef-8875-a6955567bcd6,30,85c884e1-710e-4ea1-8ea8-e5d89e92679c,Snake3,97,3,0
4953c2b4-fbcb-4eef-8875-a6955567bcd6,30,6ed2b958-4c39-40e3-9c0c-6666e7b9dace,Snake4,99,3,0
4953c2b4-fbcb-4eef-8875-a6955567bcd6,31,6788d800-c260-486e-8deb-a241a4427f0e,Snake1,99,10,1
4953c2b4-fbcb-4eef-8875-a6955567bcd6,31,0eab7d16-907f-4ac8-9f76-012229188da5,Snake2,82,5,1
4953c2b4-fbcb-4eef-8875-a6955567bcd6,31,85c884e1-710e-4ea1-8ea8-e5d89e92679c,Snake3,97,3,0
4953c2b4-fbcb-4eef-8875-a6955567bcd6,31,6ed2b958-4c39-40e3-9c0c-6666e7b9dace,Snake4,99,3,0
4953c2b4-fbcb-4eef-8875-a6955567bcd6,31,6788d800-c260-486e-8deb-a241a4427f0e,Snake1,99,10,1
4953c2b4-fbcb-4eef-8875-a6955567bcd6,31,0eab7d16-907f-4ac8-9f76-012229188da5,Snake2,82,5,1
4953c2b4-fbcb-4eef-8875-a6955567bcd6,31,85c884e1-710e-4ea1-8ea8-e5d89e92679c,Snake3,97,3,0
4953c2b4-fbcb-4eef-8875-a6955567bcd6,31,6ed2b958-4c39-40e3-9c0c-6666e7b9dace,Snake4,99,3,0
4953c2b4-fbcb-4eef-8875-a6955567bcd6,32,6788d800-c260-486e-8deb-a241a4427f0e,Snake1,98,10,1
4953c2b4-fbcb-4eef-8875-a6955567bcd6,32,0eab7d16-907f-4ac8-9f76-012229188da5,Snake2,81,5,1
4953c2b4-fbcb-4eef-8875-a6955567bcd6,32,85c884e1-710e-4ea1-8ea8-e5d89e92679c,Snake3,97,3,0
4953c2b4-fbcb-4eef-8875-a6955567bcd6,32,6ed2b958-4c39-40e3-9c0c-6666e7b9dace,Snake4,99,3,0
4953c2b4-fbcb-4eef-8875-a6955567bcd6,32,6788d800-c260-486e-8deb-a241a4427f0e,Snake1,98,10,1
4953c2b4-fbcb-4eef-8875-a6955567bcd6,32,0eab7d16-907f-4ac8-9f76-012229188da5,Snake2,81,5,1
4953c2b4-fbcb-4eef-8875-a6955567bcd6,32,85c884e1-710e-4ea1-8ea8-e5d89e92679c,Snake3,97,3,0
4953c2b4-fbcb-4eef-8875-a6955567bcd6,32,6ed2b958-4c39-40e3-9c0c-6666e7b9dace,Snake4,99,3,0
4953c2b4-fbcb-4eef-8875-a6955567bcd6,33,6788d800-c260-486e-8deb-a241a4427f0e,Snake1,97,10,1
4953c2b4-fbcb-4eef-8875-a6955567bcd6,33,0eab7d16-907f-4ac8-9f76-012229188da5,Snake2,80,5,1
4953c2b4-fbcb-4eef-8875-a6955567bcd6,33,85c884e1-710e-4ea1-8ea8-e5d89e92679c,Snake3,97,3,0
4953c2b4-fbcb-4eef-8875-a6955567bcd6,33,6ed2b958-4c39-40e3-9c0c-6666e7b9dace,Snake4,99,3,0
4953c2b4-fbcb-4eef-8875-a6955567bcd6,34,6788d800-c260-486e-8deb-a241a4427f0e,Snake1,96,10,1
4953c2b4-fbcb-4eef-8875-a6955567bcd6,34,0eab7d16-907f-4ac8-9f76-012229188da5,Snake2,79,5,1
4953c2b4-fbcb-4eef-8875-a6955567bcd6,34,85c884e1-710e-4ea1-8ea8-e5d89e92679c,Snake3,97,3,0
4953c2b4-fbcb-4eef-8875-a6955567bcd6,34,6ed2b958-4c39-40e3-9c0c-6666e7b9dace,Snake4,99,3,0
4953c2b4-fbcb-4eef-8875-a6955567bcd6,34,6788d800-c260-486e-8deb-a241a4427f0e,Snake1,96,10,1
4953c2b4-fbcb-4eef-8875-a6955567bcd6,34,0eab7d16-907f-4ac8-9f76-012229188da5,Snake2,79,5,1
4953c2b4-fbcb-4eef-8875-a6955567bcd6,34,85c884e1-710e-4ea1-8ea8-e5d89e92679c,Snake3,97,3,0
4953c2b4-fbcb-4eef-8875-a6955567bcd6,34,6ed2b958-4c39-40e3-9c0c-6666e7b9dace,Snake4,99,3,0
4953c2b4-fbcb-4eef-8875-a6955567bcd6,35,6788d800-c260-486e-8deb-a241a4427f0e,Snake1,100,11,1
4953c2b4-fbcb-4eef-8875-a6955567bcd6,35,0eab7d16-907f-4ac8-9f76-012229188da5,Snake2,100,6,1
4953c2b4-fbcb-4eef-8875-a6955567bcd6,35,85c884e1-710e-4ea1-8ea8-e5d89e92679c,Snake3,97,3,0
4953c2b4-fbcb-4eef-8875-a6955567bcd6,35,6ed2b958-4c39-40e3-9c0c-6666e7b9dace,Snake4,99,3,0
4953c2b4-fbcb-4eef-8875-a6955567bcd6,35,6788d800-c260-486e-8deb-a241a4427f0e,Snake1,100,11,1
4953c2b4-fbcb-4eef-8875-a6955567bcd6,35,0eab7d16-907f-4ac8-9f76-012229188da5,Snake2,100,6,1
4953c2b4-fbcb-4eef-8875-a6955567bcd6,35,85c884e1-710e-4ea1-8ea8-e5d89e92679c,Snake3,97,3,0
4953c2b4-fbcb-4eef-8875-a6955567bcd6,35,6ed2b958-4c39-40e3-9c0c-6666e7b9dace,Snake4,99,3,0
4953c2b4-fbcb-4eef-8875-a6955567bcd6,36,6788d800-c260-486e-8deb-a241a4427f0e,Snake1,99,11,1
4953c2b4-fbcb-4eef-8875-a6955567bcd6,36,0eab7d16-907f-4ac8-9f76-012229188da5,Snake2,99,6,1
4953c2b4-fbcb-4eef-8875-a6955567bcd6,36,85c884e1-710e-4ea1-8ea8-e5d89e92679c,Snake3,97,3,0
4953c2b4-fbcb-4eef-8875-a6955567bcd6,36,6ed2b958-4c39-40e3-9c0c-6666e7b9dace,Snake4,99,3,0
4953c2b4-fbcb-4eef-8875-a6955567bcd6,36,6788d800-c260-486e-8deb-a241a4427f0e,Snake1,99,11,1
4953c2b4-fbcb-4eef-8875-a6955567bcd6,36,0eab7d16-907f-4ac8-9f76-012229188da5,Snake2,99,6,1
4953c2b4-fbcb-4eef-8875-a6955567bcd6,36,85c884e1-710e-4ea1-8ea8-e5d89e92679c,Snake3,97,3,0
4953c2b4-fbcb-4eef-8875-a6955567bcd6,36,6ed2b958-4c39-40e3-9c0c-6666e7b9dace,Snake4,99,3,0
4953c2b4-fbcb-4eef-8875-a6955567bcd6,37,6788d800-c260-486e-8deb-a241a4427f0e,Snake1,98,11,1
4953c2b4-fbcb-4eef-8875-a6955567bcd6,37,0eab7d16-907f-4ac8-9f76-012229188da5,Snake2,98,6,1
4953c2b4-fbcb-4eef-8875-a6955567bcd6,37,85c884e1-710e-4ea1-8ea8-e5d89e92679c,Snake3,97,3,0
4953c2b4-fbcb-4eef-8875-a6955567bcd6,37,6ed2b958-4c39-40e3-9c0c-6666e7b9dace,Snake4,99,3,0
4953c2b4-fbcb-4eef-8875-a6955567bcd6,37,6788d800-c260-486e-8deb-a241a4427f0e,Snake1,98,11,1
4953c2b4-fbcb-4eef-8875-a6955567bcd6,37,0eab7d16-907f-4ac8-9f76-012229188da5,Snake2,98,6,1
4953c2b4-fbcb-4eef-8875-a6955567bcd6,37,85c884e1-710e-4ea1-8ea8-e5d89e92679c,Snake3,97,3,0
4953c2b4-fbcb-4eef-8875-a6955567bcd6,37,6ed2b958-4c39-40e3-9c0c-6666e7b9dace,Snake4,99,3,0
4953c2b4-fbcb-4eef-8875-a6955567bcd6,38,6788d800-c260-486e-8deb-a241a4427f0e,Snake1,97,11,1
4953c2b4-fbcb-4eef-8875-a6955567bcd6,38,0eab7d16-907f-4ac8-9f76-012229188da5,Snake2,97,6,1
4953c2b4-fbcb-4eef-8875-a6955567bcd6,38,85c884e1-710e-4ea1-8ea8-e5d89e92679c,Snake3,97,3,0
4953c2b4-fbcb-4eef-8875-a6955567bcd6,38,6ed2b958-4c39-40e3-9c0c-6666e7b9dace,Snake4,99,3,0
4953c2b4-fbcb-4eef-8875-a6955567bcd6,38,6788d800-c260-486e-8deb-a241a4427f0e,Snake1,97,11,1
4953c2b4-fbcb-4eef-8875-a6955567bcd6,38,0eab7d16-907f-4ac8-9f76-012229188da5,Snake2,97,6,1
4953c2b4-fbcb-4eef-8875-a6955567bcd6,38,85c884e1-710e-4ea1-8ea8-e5d89e92679c,Snake3,97,3,0
4953c2b4-fbcb-4eef-8875-a6955567bcd6,38,6ed2b958-4c39-40e3-9c0c-6666e7b9dace,Snake4,99,3,0
4953c2b4-fbcb-4eef-8875-a6955567bcd6,39,6788d800-c260-486e-8deb-a241a4427f0e,Snake1,96,11,1
4953c2b4-fbcb-4eef-8875-a6955567bcd6,39,0eab7d16-907f-4ac8-9f76-012229188da5,Snake2,96,6,1
4953c2b4-fbcb-4eef-8875-a6955567bcd6,39,85c884e1-710e-4ea1-8ea8-e5d89e92679c,Snake3,97,3,0
4953c2b4-fbcb-4eef-8875-a6955567bcd6,39,6ed2b958-4c39-40e3-9c0c-6666e7b9dace,Snake4,99,3,0
4953c2b4-fbcb-4eef-8875-a6955567bcd6,39,6788d800-c260-486e-8deb-a241a4427f0e,Snake1,96,11,1
4953c2b4-fbcb-4eef-8875-a6955567bcd6,39,0eab7d16-907f-4ac8-9f76-012229188da5,Snake2,96,6,1
4953c2b4-fbcb-4eef-8875-a6955567bcd6,39,85c884e1-710e-4ea1-8ea8-e5d89e92679c,Snake3,97,3,0
4953c2b4-fbcb-4eef-8875-a6955567bcd6,39,6ed2b958-4c39-40e3-9c0c-6666e7b9dace,Snake4,99,3,0
4953c2b4-fbcb-4eef-8875-a6955567bcd6,40,6788d800-c260-486e-8deb-a241a4427f0e,Snake1,95,11,1
4953c2b4-fbcb-4eef-8875-a6955567bcd6,40,0eab7d16-907f-4ac8-9f76-012229188da5,Snake2,95,6,1
4953c2b4-fbcb-4eef-8875-a6955567bcd6,40,85c884e1-710e-4ea1-8ea8-e5d89e92679c,Snake3,97,3,0
4953c2b4-fbcb-4eef-8875-a6955567bcd6,40,6ed2b958-4c39-40e3-9c0c-6666e7b9dace,Snake4,99,3,0
4953c2b4-fbcb-4eef-8875-a6955567bcd6,40,6788d800-c260-486e-8deb-a241a4427f0e,Snake1,95,11,1
4953c2b4-fbcb-4eef-8875-a6955567bcd6,40,0eab7d16-907f-4ac8-9f76-012229188da5,Snake2,95,6,1
4953c2b4-fbcb-4eef-8875-a6955567bcd6,40,85c884e1-710e-4ea1-8ea8-e5d89e92679c,Snake3,97,3,0
4953c2b4-fbcb-4eef-8875-a6955567bcd6,40,6ed2b958-4c39-40e3-9c0c-6666e7b9dace,Snake4,99,3,0
4953c2b4-fbcb-4eef-8875-a6955567bcd6,41,6788d800-c260-486e-8deb-a241a4427f0e,Snake1,94,11,1
4953c2b4-fbcb-4eef-8875-a6955567bcd6,41,0eab7d16-907f-4ac8-9f76-012229188da5,Snake2,94,6,1
4953c2b4-fbcb-4eef-8875-a6955567bcd6,41,85c884e1-710e-4ea1-8ea8-e5d89e92679c,Snake3,97,3,0
4953c2b4-fbcb-4eef-8875-a6955567bcd6,41,6ed2b958-4c39-40e3-9c0c-6666e7b9dace,Snake4,99,3,0
4953c2b4-fbcb-4eef-8875-a6955567bcd6,41,6788d800-c260-486e-8deb-a241a4427f0e,Snake1,94,11,1
4953c2b4-fbcb-4eef-8875-a6955567bcd6,41,0eab7d16-907f-4ac8-9f76-012229188da5,Snake2,94,6,1
4953c2b4-fbcb-4eef-8875-a6955567bcd6,41,85c884e1-710e-4ea1-8ea8-e5d89e92679c,Snake3,97,3,0
4953c2b4-fbcb-4eef-8875-a6955567bcd6,41,6ed2b958-4c39-40e3-9c0c-6666e7b9dace,Snake4,99,3,0
4953c2b4-fbcb-4eef-8875-a6955567bcd6,42,6788d800-c260-486e-8deb-a241a4427f0e,Snake1,93,11,1
4953c2b4-fbcb-4eef-8875-a6955567bcd6,42,0eab7d16-907f-4ac8-9f76-012229188da5,Snake2,93,6,1
4953c2b4-fbcb-4eef-8875-a6955567bcd6,42,85c884e1-710e-4ea1-8ea8-e5d89e92679c,Snake3,97,3,0
4953c2b4-fbcb-4eef-8875-a6955567bcd6,42,6ed2b958-4c39-40e3-9c0c-6666e7b9dace,Snake4,99,3,0
4953c2b4-fbcb-4eef-8875-a6955567bcd6,42,6788d800-c260-486e-8deb-a241a4427f0e,Snake1,93,11,1
4953c2b4-fbcb-4eef-8875-a6955567bcd6,42,0eab7d16-907f-4ac8-9f76-012229188da5,Snake2,93,6,1
4953c2b4-fbcb-4eef-8875-a6955567bcd6,42,85c884e1-710e-4ea1-8ea8-e5d89e92679c,Snake3,97,3,0
4953c2b4-fbcb-4eef-8875-a6955567bcd6,42,6ed2b958-4c39-40e3-9c0c-6666e7b9dace,Snake4,99,3,0
4953c2b4-fbcb-4eef-8875-a6955567bcd6,43,6788d800-c260-486e-8deb-a241a4427f0e,Snake1,92,11,1
4953c2b4-fbcb-4eef-8875-a6955567bcd6,43,0eab7d16-907f-4ac8-9f76-012229188da5,Snake2,92,6,1
4953c2b4-fbcb-4eef-8875-a6955567bcd6,43,85c884e1-710e-4ea1-8ea8-e5d89e92679c,Snake3,97,3,0
4953c2b4-fbcb-4eef-8875-a6955567bcd6,43,6ed2b958-4c39-40e3-9c0c-6666e7b9dace,Snake4,99,3,0
4953c2b4-fbcb-4eef-8875-a6955567bcd6,43,6788d800-c260-486e-8deb-a241a4427f0e,Snake1,92,11,1
4953c2b4-fbcb-4eef-8875-a6955567bcd6,43,0eab7d16-907f-4ac8-9f76-012229188da5,Snake2,92,6,1
4953c2b4-fbcb-4eef-8875-a6955567bcd6,43,85c884e1-710e-4ea1-8ea8-e5d89e92679c,Snake3,97,3,0
4953c2b4-fbcb-4eef-8875-a6955567bcd6,43,6ed2b958-4c39-40e3-9c0c-6666e7b9dace,Snake4,99,3,0
4953c2b4-fbcb-4eef-8875-a6955567bcd6,44,6788d800-c260-486e-8deb-a241a4427f0e,Snake1,91,11,1
4953c2b4-fbcb-4eef-8875-a6955567bcd6,44,0eab7d16-907f-4ac8-9f76-012229188da5,Snake2,91,6,1
4953c2b4-fbcb-4eef-8875-a6955567bcd6,44,85c884e1-710e-4ea1-8ea8-e5d89e92679c,Snake3,97,3,0
4953c2b4-fbcb-4eef-8875-a6955567bcd6,44,6ed2b958-4c39-40e3-9c0c-6666e7b9dace,Snake4,99,3,0
4953c2b4-fbcb-4eef-8875-a6955567bcd6,44,6788d800-c260-486e-8deb-a241a4427f0e,Snake1,91,11,1
4953c2b4-fbcb-4eef-8875-a6955567bcd6,44,0eab7d16-907f-4ac8-9f76-012229188da5,Snake2,91,6,1
4953c2b4-fbcb-4eef-8875-a6955567bcd6,44,85c884e1-710e-4ea1-8ea8-e5d89e92679c,Snake3,97,3,0
4953c2b4-fbcb-4eef-8875-a6955567bcd6,44,6ed2b958-4c39-40e3-9c0c-6666e7b9dace,Snake4,99,3,0
4953c2b4-fbcb-4eef-8875-a6955567bcd6,45,6788d800-c260-486e-8deb-a241a4427f0e,Snake1,90,11,1
4953c2b4-fbcb-4eef-8875-a6955567bcd6,45,0eab7d16-907f-4ac8-9f76-012229188da5,Snake2,90,6,1
4953c2b4-fbcb-4eef-8875-a6955567bcd6,45,85c884e1-710e-4ea1-8ea8-e5d89e92679c,Snake3,97,3,0
4953c2b4-fbcb-4eef-8875-a6955567bcd6,45,6ed2b958-4c39-40e3-9c0c-6666e7b9dace,Snake4,99,3,0
4953c2b4-fbcb-4eef-8875-a6955567bcd6,45,6788d800-c260-486e-8deb-a241a4427f0e,Snake1,90,11,1
4953c2b4-fbcb-4eef-8875-a6955567bcd6,45,0eab7d16-907f-4ac8-9f76-012229188da5,Snake2,90,6,1
4953c2b4-fbcb-4eef-8875-a6955567bcd6,45,85c884e1-710e-4ea1-8ea8-e5d89e92679c,Snake3,97,3,0
4953c2b4-fbcb-4eef-8875-a6955567bcd6,45,6ed2b958-4c39-40e3-9c0c-6666e7b9dace,Snake4,99,3,0
4953c2b4-fbcb-4eef-8875-a6955567bcd6,46,6788d800-c260-486e-8deb-a241a4427f0e,Snake1,89,11,1
4953c2b4-fbcb-4eef-8875-a6955567bcd6,46,0eab7d16-907f-4ac8-9f76-012229188da5,Snake2,89,6,1
4953c2b4-fbcb-4eef-8875-a6955567bcd6,46,85c884e1-710e-4ea1-8ea8-e5d89e92679c,Snake3,97,3,0
4953c2b4-fbcb-4eef-8875-a6955567bcd6,46,6ed2b958-4c39-40e3-9c0c-6666e7b9dace,Snake4,99,3,0
4953c2b4-fbcb-4eef-8875-a6955567bcd6,46,6788d800-c260-486e-8deb-a241a4427f0e,Snake1,89,11,1
4953c2b4-fbcb-4eef-8875-a6955567bcd6,46,0eab7d16-907f-4ac8-9f76-012229188da5,Snake2,89,6,1
4953c2b4-fbcb-4eef-8875-a6955567bcd6,46,85c884e1-710e-4ea1-8ea8-e5d89e92679c,Snake3,97,3,0
4953c2b4-fbcb-4eef-8875-a6955567bcd6,46,6ed2b958-4c39-40e3-9c0c-6666e7b9dace,Snake4,99,3,0
4953c2b4-fbcb-4eef-8875-a6955567bcd6,47,6788d800-c260-486e-8deb-a241a4427f0e,Snake1,88,11,1
4953c2b4-fbcb-4eef-8875-a6955567bcd6,47,0eab7d16-907f-4ac8-9f76-012229188da5,Snake2,88,6,1
4953c2b4-fbcb-4eef-8875-a6955567bcd6,47,85c884e1-710e-4ea1-8ea8-e5d89e92679c,Snake3,97,3,0
4953c2b4-fbcb-4eef-8875-a6955567bcd6,47,6ed2b958-4c39-40e3-9c0c-6666e7b9dace,Snake4,99,3,0
4953c2b4-fbcb-4eef-8875-a6955567bcd6,48,6788d800-c260-486e-8deb-a241a4427f0e,Snake1,87,11,1
4953c2b4-fbcb-4eef-8875-a6955567bcd6,48,0eab7d16-907f-4ac8-9f76-012229188da5,Snake2,87,6,1
4953c2b4-fbcb-4eef-8875-a6955567bcd6,48,85c884e1-710e-4ea1-8ea8-e5d89e92679c,Snake3,97,3,0
4953c2b4-fbcb-4eef-8875-a6955567bcd6,48,6ed2b958-4c39-40e3-9c0c-6666e7b9dace,Snake4,99,3,0
4953c2b4-fbcb-4eef-8875-a6955567bcd6,48,6788d800-c260-486e-8deb-a241a4427f0e,Snake1,87,11,1
4953c2b4-fbcb-4eef-8875-a6955567bcd6,48,0eab7d16-907f-4ac8-9f76-012229188da5,Snake2,87,6,1
4953c2b4-fbcb-4eef-8875-a6955567bcd6,48,85c884e1-710e-4ea1-8ea8-e5d89e92679c,Snake3,97,3,0
4953c2b4-fbcb-4eef-8875-a6955567bcd6,48,6ed2b958-4c39-40e3-9c0c-6666e7b9dace,Snake4,99,3,0
4953c2b4-fbcb-4eef-8875-a6955567bcd6,49,6788d800-c260-486e-8deb-a241a4427f0e,Snake1,86,11,1
4953c2b4-fbcb-4eef-8875-a6955567bcd6,49,0eab7d16-907f-4ac8-9f76-012229188da5,Snake2,86,6,1
4953c2b4-fbcb-4eef-8875-a6955567bcd6,49,85c884e1-710e-4ea1-8ea8-e5d89e92679c,Snake3,97,3,0
4953c2b4-fbcb-4eef-8875-a6955567bcd6,49,6ed2b958-4c39-40e3-9c0c-6666e7b9dace,Snake4,99,3,0
4953c2b4-fbcb-4eef-8875-a6955567bcd6,49,6788d800-c260-486e-8deb-a241a4427f0e,Snake1,86,11,1
4953c2b4-fbcb-4eef-8875-a6955567bcd6,49,0eab7d16-907f-4ac8-9f76-012229188da5,Snake2,86,6,1
4953c2b4-fbcb-4eef-8875-a6955567bcd6,49,85c884e1-710e-4ea1-8ea8-e5d89e92679c,Snake3,97,3,0
4953c2b4-fbcb-4eef-8875-a6955567bcd6,49,6ed2b958-4c39-40e3-9c0c-6666e7b9dace,Snake4,99,3,0
4953c2b4-fbcb-4eef-8875-a6955567bcd6,50,6788d800-c260-486e-8deb-a241a4427f0e,Snake1,85,11,1
4953c2b4-fbcb-4eef-8875-a6955567bcd6,50,0eab7d16-907f-4ac8-9f76-012229188da5,Snake2,85,6,1
4953c2b4-fbcb-4eef-8875-a6955567bcd6,50,85c884e1-710e-4ea1-8ea8-e5d89e92679c,Snake3,97,3,0
4953c2b4-fbcb-4eef-8875-a6955567bcd6,50,6ed2b958-4c39-40e3-9c0c-6666e7b9dace,Snake4,99,3,0
4953c2b4-fbcb-4eef-8875-a6955567bcd6,50,6788d800-c260-486e-8deb-a241a4427f0e,Snake1,85,11,1
4953c2b4-fbcb-4eef-8875-a6955567bcd6,50,0eab7d16-907f-4ac8-9f76-012229188da5,Snake2,85,6,1
4953c2b4-fbcb-4eef-8875-a6955567bcd6,50,85c884e1-710e-4ea1-8ea8-e5d89e92679c,Snake3,97,3,0
4953c2b4-fbcb-4eef-8875-a6955567bcd6,50,6ed2b958-4c39-40e3-9c0c-6666e7b9dace,Snake4,99,3,0
4953c2b4-fbcb-4eef-8875-a6955567bcd6,51,6788d800-c260-486e-8deb-a241a4427f0e,Snake1,84,11,1
4953c2b4-fbcb-4eef-8875-a6955567bcd6,51,0eab7d16-907f-4ac8-9f76-012229188da5,Snake2,84,6,1
4953c2b4-fbcb-4eef-8875-a6955567bcd6,51,85c884e1-710e-4ea1-8ea8-e5d89e92679c,Snake3,97,3,0
4953c2b4-fbcb-4eef-8875-a6955567bcd6,51,6ed2b958-4c39-40e3-9c0c-6666e7b9dace,Snake4,99,3,0
4953c2b4-fbcb-4eef-8875-a6955567bcd6,52,6788d800-c260-486e-8deb-a241a4427f0e,Snake1,83,11,1
4953c2b4-fbcb-4eef-8875-a6955567bcd6,52,0eab7d16-907f-4ac8-9f76-012229188da5,Snake2,83,6,1
4953c2b4-fbcb-4eef-8875-a6955567bcd6,52,85c884e1-710e-4ea1-8ea8-e5d89e92679c,Snake3,97,3,0
4953c2b4-fbcb-4eef-8875-a6955567bcd6,52,6ed2b958-4c39-40e3-9c0c-6666e7b9dace,Snake4,99,3,0
4953c2b4-fbcb-4eef-8875-a6955567bcd6,52,6788d800-c260-486e-8deb-a241a4427f0e,Snake1,83,11,1
4953c2b4-fbcb-4eef-8875-a6955567bcd6,52,0eab7d16-907f-4ac8-9f76-012229188da5,Snake2,83,6,1
4953c2b4-fbcb-4eef-8875-a6955567bcd6,52,85c884e1-710e-4ea1-8ea8-e5d89e92679c,Snake3,97,3,0
4953c2b4-fbcb-4eef-8875-a6955567bcd6,52,6ed2b958-4c39-40e3-9c0c-6666e7b9dace,Snake4,99,3,0
4953c2b4-fbcb-4eef-8875-a6955567bcd6,53,6788d800-c260-486e-8deb-a241a4427f0e,Snake1,82,11,1
4953c2b4-fbcb-4eef-8875-a6955567bcd6,53,0eab7d16-907f-4ac8-9f76-012229188da5,Snake2,82,6,1
4953c2b4-fbcb-4eef-8875-a6955567bcd6,53,85c884e1-710e-4ea1-8ea8-e5d89e92679c,Snake3,97,3,0
4953c2b4-fbcb-4eef-8875-a6955567bcd6,53,6ed2b958-4c39-40e3-9c0c-6666e7b9dace,Snake4,99,3,0
4953c2b4-fbcb-4eef-8875-a6955567bcd6,53,6788d800-c260-486e-8deb-a241a4427f0e,Snake1,82,11,1
4953c2b4-fbcb-4eef-8875-a6955567bcd6,53,0eab7d16-907f-4ac8-9f76-012229188da5,Snake2,82,6,1
4953c2b4-fbcb-4eef-8875-a6955567bcd6,53,85c884e1-710e-4ea1-8ea8-e5d89e92679c,Snake3,97,3,0
4953c2b4-fbcb-4eef-8875-a6955567bcd6,53,6ed2b958-4c39-40e3-9c0c-6666e7b9dace,Snake4,99,3,0
4953c2b4-fbcb-4eef-8875-a6955567bcd6,54,6788d800-c260-486e-8deb-a241a4427f0e,Snake1,81,11,1
4953c2b4-fbcb-4eef-8875-a6955567bcd6,54,0eab7d16-907f-4ac8-9f76-012229188da5,Snake2,81,6,1
4953c2b4-fbcb-4eef-8875-a6955567bcd6,54,85c884e1-710e-4ea1-8ea8-e5d89e92679c,Snake3,97,3,0
4953c2b4-fbcb-4eef-8875-a6955567bcd6,54,6ed2b958-4c39-40e3-9c0c-6666e7b9dace,Snake4,99,3,0
4953c2b4-fbcb-4eef-8875-a6955567bcd6,54,6788d800-c260-486e-8deb-a241a4427f0e,Snake1,81,11,1
4953c2b4-fbcb-4eef-8875-a6955567bcd6,54,0eab7d16-907f-4ac8-9f76-012229188da5,Snake2,81,6,1
4953c2b4-fbcb-4eef-8875-a6955567bcd6,54,85c884e1-710e-4ea1-8ea8-e5d89e92679c,Snake3,97,3,0
4953c2b4-fbcb-4eef-8875-a6955567bcd6,54,6ed2b958-4c39-40e3-9c0c-6666e7b9dace,Snake4,99,3,0
4953c2b4-fbcb-4eef-8875-a6955567bcd6,55,6788d800-c260-486e-8deb-a241a4427f0e,Snake1,80,11,1
4953c2b4-fbcb-4eef-8875-a6955567bcd6,55,0eab7d16-907f-4ac8-9f76-012229188da5,Snake2,80,6,1
4953c2b4-fbcb-4eef-8875-a6955567bcd6,55,85c884e1-710e-4ea1-8ea8-e5d89e92679c,Snake3,97,3,0
4953c2b4-fbcb-4eef-8875-a6955567bcd6,55,6ed2b958-4c39-40e3-9c0c-6666e7b9dace,Snake4,99,3,0
4953c2b4-fbcb-4eef-8875-a6955567bcd6,55,6788d800-c260-486e-8deb-a241a4427f0e,Snake1,80,11,1
4953c2b4-fbcb-4eef-8875-a6955567bcd6,55,0eab7d16-907f-4ac8-9f76-012229188da5,Snake2,80,6,1
4953c2b4-fbcb-4eef-8875-a6955567bcd6,55,85c884e1-710e-4ea1-8ea8-e5d89e92679c,Snake3,97,3,0
4953c2b4-fbcb-4eef-8875-a6955567bcd6,55,6ed2b958-4c39-40e3-9c0c-6666e7b9dace,Snake4,99,3,0
4953c2b4-fbcb-4eef-8875-a6955567bcd6,56,6788d800-c260-486e-8deb-a241a4427f0e,Snake1,79,11,1
4953c2b4-fbcb-4eef-8875-a6955567bcd6,56,0eab7d16-907f-4ac8-9f76-012229188da5,Snake2,79,6,1
4953c2b4-fbcb-4eef-8875-a6955567bcd6,56,85c884e1-710e-4ea1-8ea8-e5d89e92679c,Snake3,97,3,0
4953c2b4-fbcb-4eef-8875-a6955567bcd6,56,6ed2b958-4c39-40e3-9c0c-6666e7b9dace,Snake4,99,3,0
4953c2b4-fbcb-4eef-8875-a6955567bcd6,56,6788d800-c260-486e-8deb-a241a4427f0e,Snake1,79,11,1
4953c2b4-fbcb-4eef-8875-a6955567bcd6,56,0eab7d16-907f-4ac8-9f76-012229188da5,Snake2,79,6,1
4953c2b4-fbcb-4eef-8875-a6955567bcd6,56,85c884e1-710e-4ea1-8ea8-e5d89e92679c,Snake3,97,3,0
4953c2b4-fbcb-4eef-8875-a6955567bcd6,56,6ed2b958-4c39-40e3-9c0c-6666e7b9dace,Snake4,99,3,0
4953c2b4-fbcb-4eef-8875-a6955567bcd6,57,6788d800-c260-486e-8deb-a241a4427f0e,Snake1,78,11,1
4953c2b4-fbcb-4eef-8875-a6955567bcd6,57,0eab7d16-907f-4ac8-9f76-012229188da5,Snake2,78,6,1
4953c2b4-fbcb-4eef-8875-a6955567bcd6,57,85c884e1-710e-4ea1-8ea8-e5d89e92679c,Snake3,97,3,0
4953c2b4-fbcb-4eef-8875-a6955567bcd6,57,6ed2b958-4c39-40e3-9c0c-6666e7b9dace,Snake4,99,3,0
4953c2b4-fbcb-4eef-8875-a6955567bcd6,58,6788d800-c260-486e-8deb-a241a4427f0e,Snake1,77,11,1
4953c2b4-fbcb-4eef-8875-a6955567bcd6,58,0eab7d16-907f-4ac8-9f76-012229188da5,Snake2,77,6,1
4953c2b4-fbcb-4eef-8875-a6955567bcd6,58,85c884e1-710e-4ea1-8ea8-e5d89e92679c,Snake3,97,3,0
4953c2b4-fbcb-4eef-8875-a6955567bcd6,58,6ed2b958-4c39-40e3-9c0c-6666e7b9dace,Snake4,99,3,0
4953c2b4-fbcb-4eef-8875-a6955567bcd6,58,6788d800-c260-486e-8deb-a241a4427f0e,Snake1,77,11,1
4953c2b4-fbcb-4eef-8875-a6955567bcd6,58,0eab7d16-907f-4ac8-9f76-012229188da5,Snake2,77,6,1
4953c2b4-fbcb-4eef-8875-a6955567bcd6,58,85c884e1-710e-4ea1-8ea8-e5d89e92679c,Snake3,97,3,0
4953c2b4-fbcb-4eef-8875-a6955567bcd6,58,6ed2b958-4c39-40e3-9c0c-6666e7b9dace,Snake4,99,3,0
4953c2b4-fbcb-4eef-8875-a6955567bcd6,59,6788d800-c260-486e-8deb-a241a4427f0e,Snake1,76,11,1
4953c2b4-fbcb-4eef-8875-a6955567bcd6,59,0eab7d16-907f-4ac8-9f76-012229188da5,Snake2,76,6,1
4953c2b4-fbcb-4eef-8875-a6955567bcd6,59,85c884e1-710e-4ea1-8ea8-e5d89e92679c,Snake3,97,3,0
4953c2b4-fbcb-4eef-8875-a6955567bcd6,59,6ed2b958-4c39-40e3-9c0c-6666e7b9dace,Snake4,99,3,0
4953c2b4-fbcb-4eef-8875-a6955567bcd6,59,6788d800-c260-486e-8deb-a241a4427f0e,Snake1,76,11,1
4953c2b4-fbcb-4eef-8875-a6955567bcd6,59,0eab7d16-907f-4ac8-9f76-012229188da5,Snake2,76,6,1
4953c2b4-fbcb-4eef-8875-a6955567bcd6,59,85c884e1-710e-4ea1-8ea8-e5d89e92679c,Snake3,97,3,0
4953c2b4-fbcb-4eef-8875-a6955567bcd6,59,6ed2b958-4c39-40e3-9c0c-6666e7b9dace,Snake4,99,3,0
4953c2b4-fbcb-4eef-8875-a6955567bcd6,60,6788d800-c260-486e-8deb-a241a4427f0e,Snake1,75,11,1
4953c2b4-fbcb-4eef-8875-a6955567bcd6,60,0eab7d16-907f-4ac8-9f76-012229188da5,Snake2,75,6,1
4953c2b4-fbcb-4eef-8875-a6955567bcd6,60,85c884e1-710e-4ea1-8ea8-e5d89e92679c,Snake3,97,3,0
4953c2b4-fbcb-4eef-8875-a6955567bcd6,60,6ed2b958-4c39-40e3-9c0c-6666e7b9dace,Snake4,99,3,0
4953c2b4-fbcb-4eef-8875-a6955567bcd6,60,6788d800-c260-486e-8deb-a241a4427f0e,Snake1,75,11,1
4953c2b4-fbcb-4eef-8875-a6955567bcd6,60,0eab7d16-907f-4ac8-9f76-012229188da5,Snake2,75,6,1
4953c2b4-fbcb-4eef-8875-a6955567bcd6,60,85c884e1-710e-4ea1-8ea8-e5d89e92679c,Snake3,97,3,0
4953c2b4-fbcb-4eef-8875-a6955567bcd6,60,6ed2b958-4c39-40e3-9c0c-6666e7b9dace,Snake4,99,3,0
4953c2b4-fbcb-4eef-8875-a6955567bcd6,61,6788d800-c260-486e-8deb-a241a4427f0e,Snake1,74,11,1
4953c2b4-fbcb-4eef-8875-a6955567bcd6,61,0eab7d16-907f-4ac8-9f76-012229188da5,Snake2,74,6,1
4953c2b4-fbcb-4eef-8875-a6955567bcd6,61,85c884e1-710e-4ea1-8ea8-e5d89e92679c,Snake3,97,3,0
4953c2b4-fbcb-4eef-8875-a6955567bcd6,61,6ed2b958-4c39-40e3-9c0c-6666e7b9dace,Snake4,99,3,0
4953c2b4-fbcb-4eef-8875-a6955567bcd6,61,6788d800-c260-486e-8deb-a241a4427f0e,Snake1,74,11,1
4953c2b4-fbcb-4eef-8875-a6955567bcd6,61,0eab7d16-907f-4ac8-9f76-012229188da5,Snake2,74,6,1
4953c2b4-fbcb-4eef-8875-a6955567bcd6,61,85c884e1-710e-4ea1-8ea8-e5d89e92679c,Snake3,97,3,0
4953c2b4-fbcb-4eef-8875-a6955567bcd6,61,6ed2b958-4c39-40e3-9c0c-6666e7b9dace,Snake4,99,3,0
4953c2b4-fbcb-4eef-8875-a6955567bcd6,62,6788d800-c260-486e-8deb-a241a4427f0e,Snake1,73,11,1
4953c2b4-fbcb-4eef-8875-a6955567bcd6,62,0eab7d16-907f-4ac8-9f76-012229188da5,Snake2,73,6,1
4953c2b4-fbcb-4eef-8875-a6955567bcd6,62,85c884e1-710e-4ea1-8ea8-e5d89e92679c,Snake3,97,3,0
4953c2b4-fbcb-4eef-8875-a6955567bcd6,62,6ed2b958-4c39-40e3-9c0c-6666e7b9dace,Snake4,99,3,0
4953c2b4-fbcb-4eef-8875-a6955567bcd6,62,6788d800-c260-486e-8deb-a241a4427f0e,Snake1,73,11,1
4953c2b4-fbcb-4eef-8875-a6955567bcd6,62,0eab7d16-907f-4ac8-9f76-012229188da5,Snake2,73,6,1
4953c2b4-fbcb-4eef-8875-a6955567bcd6,62,85c884e1-710e-4ea1-8ea8-e5d89e92679c,Snake3,97,3,0
4953c2b4-fbcb-4eef-8875-a6955567bcd6,62,6ed2b958-4c39-40e3-9c0c-6666e7b9dace,Snake4,99,3,0
4953c2b4-fbcb-4eef-8875-a6955567bcd6,63,6788d800-c260-486e-8deb-a241a4427f0e,Snake1,72,11,1
4953c2b4-fbcb-4eef-8875-a6955567bcd6,63,0eab7d16-907f-4ac8-9f76-012229188da5,Snake2,72,6,1
4953c2b4-fbcb-4eef-8875-a6955567bcd6,63,85c884e1-710e-4ea1-8ea8-e5d89e92679c,Snake3,97,3,0
4953c2b4-fbcb-4eef-8875-a6955567bcd6,63,6ed2b958-4c39-40e3-9c0c-6666e7b9dace,Snake4,99,3,0
4953c2b4-fbcb-4eef-8875-a6955567bcd6,63,6788d800-c260-486e-8deb-a241a4427f0e,Snake1,72,11,1
4953c2b4-fbcb-4eef-8875-a6955567bcd6,63,0eab7d16-907f-4ac8-9f76-012229188da5,Snake2,72,6,1
4953c2b4-fbcb-4eef-8875-a6955567bcd6,63,85c884e1-710e-4ea1-8ea8-e5d89e92679c,Snake3,97,3,0
4953c2b4-fbcb-4eef-8875-a6955567bcd6,63,6ed2b958-4c39-40e3-9c0c-6666e7b9dace,Snake4,99,3,0
4953c2b4-fbcb-4eef-8875-a6955567bcd6,64,6788d800-c260-486e-8deb-a241a4427f0e,Snake1,71,11,1
4953c2b4-fbcb-4eef-8875-a6955567bcd6,64,0eab7d16-907f-4ac8-9f76-012229188da5,Snake2,71,6,1
4953c2b4-fbcb-4eef-8875-a6955567bcd6,64,85c884e1-710e-4ea1-8ea8-e5d89e92679c,Snake3,97,3,0
4953c2b4-fbcb-4eef-8875-a6955567bcd6,64,6ed2b958-4c39-40e3-9c0c-6666e7b9dace,Snake4,99,3,0
4953c2b4-fbcb-4eef-8875-a6955567bcd6,64,6788d800-c260-486e-8deb-a241a4427f0e,Snake1,71,11,1
4953c2b4-fbcb-4eef-8875-a6955567bcd6,64,0eab7d16-907f-4ac8-9f76-012229188da5,Snake2,71,6,1
4953c2b4-fbcb-4eef-8875-a6955567bcd6,64,85c884e1-710e-4ea1-8ea8-e5d89e92679c,Snake3,97,3,0
4953c2b4-fbcb-4eef-8875-a6955567bcd6,64,6ed2b958-4c39-40e3-9c0c-6666e7b9dace,Snake4,99,3,0
4953c2b4-fbcb-4eef-8875-a6955567bcd6,65,6788d800-c260-486e-8deb-a241a4427f0e,Snake1,70,11,1
4953c2b4-fbcb-4eef-8875-a6955567bcd6,65,0eab7d16-907f-4ac8-9f76-012229188da5,Snake2,70,6,1
4953c2b4-fbcb-4eef-8875-a6955567bcd6,65,85c884e1-710e-4ea1-8ea8-e5d89e92679c,Snake3,97,3,0
4953c2b4-fbcb-4eef-8875-a6955567bcd6,65,6ed2b958-4c39-40e3-9c0c-6666e7b9dace,Snake4,99,3,0
4953c2b4-fbcb-4eef-8875-a6955567bcd6,65,6788d800-c260-486e-8deb-a241a4427f0e,Snake1,70,11,1
4953c2b4-fbcb-4eef-8875-a6955567bcd6,65,0eab7d16-907f-4ac8-9f76-012229188da5,Snake2,70,6,1
4953c2b4-fbcb-4eef-8875-a6955567bcd6,65,85c884e1-710e-4ea1-8ea8-e5d89e92679c,Snake3,97,3,0
4953c2b4-fbcb-4eef-8875-a6955567bcd6,65,6ed2b958-4c39-40e3-9c0c-6666e7b9dace,Snake4,99,3,0
4953c2b4-fbcb-4eef-8875-a6955567bcd6,66,6788d800-c260-486e-8deb-a241a4427f0e,Snake1,69,11,1
4953c2b4-fbcb-4eef-8875-a6955567bcd6,66,0eab7d16-907f-4ac8-9f76-012229188da5,Snake2,69,6,1
4953c2b4-fbcb-4eef-8875-a6955567bcd6,66,85c884e1-710e-4ea1-8ea8-e5d89e92679c,Snake3,97,3,0
4953c2b4-fbcb-4eef-8875-a6955567bcd6,66,6ed2b958-4c39-40e3-9c0c-6666e7b9dace,Snake4,99,3,0
4953c2b4-fbcb-4eef-8875-a6955567bcd6,66,6788d800-c260-486e-8deb-a241a4427f0e,Snake1,69,11,1
4953c2b4-fbcb-4eef-8875-a6955567bcd6,66,0eab7d16-907f-4ac8-9f76-012229188da5,Snake2,69,6,1
4953c2b4-fbcb-4eef-8875-a6955567bcd6,66,85c884e1-710e-4ea1-8ea8-e5d89e92679c,Snake3,97,3,0
4953c2b4-fbcb-4eef-8875-a6955567bcd6,66,6ed2b958-4c39-40e3-9c0c-6666e7b9dace,Snake4,99,3,0
4953c2b4-fbcb-4eef-8875-a6955567bcd6,67,6788d800-c260-486e-8deb-a241a4427f0e,Snake1,68,11,1
4953c2b4-fbcb-4eef-8875-a6955567bcd6,67,0eab7d16-907f-4ac8-9f76-012229188da5,Snake2,100,7,1
4953c2b4-fbcb-4eef-8875-a6955567bcd6,67,85c884e1-710e-4ea1-8ea8-e5d89e92679c,Snake3,97,3,0
4953c2b4-fbcb-4eef-8875-a6955567bcd6,67,6ed2b958-4c39-40e3-9c0c-6666e7b9dace,Snake4,99,3,0
4953c2b4-fbcb-4eef-8875-a6955567bcd6,67,6788d800-c260-486e-8deb-a241a4427f0e,Snake1,68,11,1
4953c2b4-fbcb-4eef-8875-a6955567bcd6,67,0eab7d16-907f-4ac8-9f76-012229188da5,Snake2,100,7,1
4953c2b4-fbcb-4eef-8875-a6955567bcd6,67,85c884e1-710e-4ea1-8ea8-e5d89e92679c,Snake3,97,3,0
4953c2b4-fbcb-4eef-8875-a6955567bcd6,67,6ed2b958-4c39-40e3-9c0c-6666e7b9dace,Snake4,99,3,0
4953c2b4-fbcb-4eef-8875-a6955567bcd6,68,6788d800-c260-486e-8deb-a241a4427f0e,Snake1,67,11,1
4953c2b4-fbcb-4eef-8875-a6955567bcd6,68,0eab7d16-907f-4ac8-9f76-012229188da5,Snake2,99,7,1
4953c2b4-fbcb-4eef-8875-a6955567bcd6,68,85c884e1-710e-4ea1-8ea8-e5d89e92679c,Snake3,97,3,0
4953c2b4-fbcb-4eef-8875-a6955567bcd6,68,6ed2b958-4c39-40e3-9c0c-6666e7b9dace,Snake4,99,3,0
4953c2b4-fbcb-4eef-8875-a6955567bcd6,68,6788d800-c260-486e-8deb-a241a4427f0e,Snake1,67,11,1
4953c2b4-fbcb-4eef-8875-a6955567bcd6,68,0eab7d16-907f-4ac8-9f76-012229188da5,Snake2,99,7,1
4953c2b4-fbcb-4eef-8875-a6955567bcd6,68,85c884e1-710e-4ea1-8ea8-e5d89e92679c,Snake3,97,3,0
4953c2b4-fbcb-4eef-8875-a6955567bcd6,68,6ed2b958-4c39-40e3-9c0c-6666e7b9dace,Snake4,99,3,0
4953c2b4-fbcb-4eef-8875-a6955567bcd6,69,6788d800-c260-486e-8deb-a241a4427f0e,Snake1,66,11,1
4953c2b4-fbcb-4eef-8875-a6955567bcd6,69,0eab7d16-907f-4ac8-9f76-012229188da5,Snake2,98,7,1
4953c2b4-fbcb-4eef-8875-a6955567bcd6,69,85c884e1-710e-4ea1-8ea8-e5d89e92679c,Snake3,97,3,0
4953c2b4-fbcb-4eef-8875-a6955567bcd6,69,6ed2b958-4c39-40e3-9c0c-6666e7b9dace,Snake4,99,3,0
4953c2b4-fbcb-4eef-8875-a6955567bcd6,69,6788d800-c260-486e-8deb-a241a4427f0e,Snake1,66,11,1
4953c2b4-fbcb-4eef-8875-a6955567bcd6,69,0eab7d16-907f-4ac8-9f76-012229188da5,Snake2,98,7,1
4953c2b4-fbcb-4eef-8875-a6955567bcd6,69,85c884e1-710e-4ea1-8ea8-e5d89e92679c,Snake3,97,3,0
4953c2b4-fbcb-4eef-8875-a6955567bcd6,69,6ed2b958-4c39-40e3-9c0c-6666e7b9dace,Snake4,99,3,0
4953c2b4-fbcb-4eef-8875-a6955567bcd6,70,6788d800-c260-486e-8deb-a241a4427f0e,Snake1,65,11,1
4953c2b4-fbcb-4eef-8875-a6955567bcd6,70,0eab7d16-907f-4ac8-9f76-012229188da5,Snake2,97,7,1
4953c2b4-fbcb-4eef-8875-a6955567bcd6,70,85c884e1-710e-4ea1-8ea8-e5d89e92679c,Snake3,97,3,0
4953c2b4-fbcb-4eef-8875-a6955567bcd6,70,6ed2b958-4c39-40e3-9c0c-6666e7b9dace,Snake4,99,3,0
4953c2b4-fbcb-4eef-8875-a6955567bcd6,70,6788d800-c260-486e-8deb-a241a4427f0e,Snake1,65,11,1
4953c2b4-fbcb-4eef-8875-a6955567bcd6,70,0eab7d16-907f-4ac8-9f76-012229188da5,Snake2,97,7,1
4953c2b4-fbcb-4eef-8875-a6955567bcd6,70,85c884e1-710e-4ea1-8ea8-e5d89e92679c,Snake3,97,3,0
4953c2b4-fbcb-4eef-8875-a6955567bcd6,70,6ed2b958-4c39-40e3-9c0c-6666e7b9dace,Snake4,99,3,0
4953c2b4-fbcb-4eef-8875-a6955567bcd6,71,6788d800-c260-486e-8deb-a241a4427f0e,Snake1,64,11,1
4953c2b4-fbcb-4eef-8875-a6955567bcd6,71,0eab7d16-907f-4ac8-9f76-012229188da5,Snake2,96,7,1
4953c2b4-fbcb-4eef-8875-a6955567bcd6,71,85c884e1-710e-4ea1-8ea8-e5d89e92679c,Snake3,97,3,0
4953c2b4-fbcb-4eef-8875-a6955567bcd6,71,6ed2b958-4c39-40e3-9c0c-6666e7b9dace,Snake4,99,3,0
4953c2b4-fbcb-4eef-8875-a6955567bcd6,71,6788d800-c260-486e-8deb-a241a4427f0e,Snake1,64,11,1
4953c2b4-fbcb-4eef-8875-a6955567bcd6,71,0eab7d16-907f-4ac8-9f76-012229188da5,Snake2,96,7,1
4953c2b4-fbcb-4eef-8875-a6955567bcd6,71,85c884e1-710e-4ea1-8ea8-e5d89e92679c,Snake3,97,3,0
4953c2b4-fbcb-4eef-8875-a6955567bcd6,71,6ed2b958-4c39-40e3-9c0c-6666e7b9dace,Snake4,99,3,0
4953c2b4-fbcb-4eef-8875-a6955567bcd6,72,6788d800-c260-486e-8deb-a241a4427f0e,Snake1,63,11,1
4953c2b4-fbcb-4eef-8875-a6955567bcd6,72,0eab7d16-907f-4ac8-9f76-012229188da5,Snake2,100,8,1
4953c2b4-fbcb-4eef-8875-a6955567bcd6,72,85c884e1-710e-4ea1-8ea8-e5d89e92679c,Snake3,97,3,0
4953c2b4-fbcb-4eef-8875-a6955567bcd6,72,6ed2b958-4c39-40e3-9c0c-6666e7b9dace,Snake4,99,3,0
4953c2b4-fbcb-4eef-8875-a6955567bcd6,72,6788d800-c260-486e-8deb-a241a4427f0e,Snake1,63,11,1
4953c2b4-fbcb-4eef-8875-a6955567bcd6,72,0eab7d16-907f-4ac8-9f76-012229188da5,Snake2,100,8,1
4953c2b4-fbcb-4eef-8875-a6955567bcd6,72,85c884e1-710e-4ea1-8ea8-e5d89e92679c,Snake3,97,3,0
4953c2b4-fbcb-4eef-8875-a6955567bcd6,72,6ed2b958-4c39-40e3-9c0c-6666e7b9dace,Snake4,99,3,0
4953c2b4-fbcb-4eef-8875-a6955567bcd6,73,6788d800-c260-486e-8deb-a241a4427f0e,Snake1,62,11,1
4953c2b4-fbcb-4eef-8875-a6955567bcd6,73,0eab7d16-907f-4ac8-9f76-012229188da5,Snake2,99,8,1
4953c2b4-fbcb-4eef-8875-a6955567bcd6,73,85c884e1-710e-4ea1-8ea8-e5d89e92679c,Snake3,97,3,0
4953c2b4-fbcb-4eef-8875-a6955567bcd6,73,6ed2b958-4c39-40e3-9c0c-6666e7b9dace,Snake4,99,3,0
4953c2b4-fbcb-4eef-8875-a6955567bcd6,74,6788d800-c260-486e-8deb-a241a4427f0e,Snake1,61,11,1
4953c2b4-fbcb-4eef-8875-a6955567bcd6,74,0eab7d16-907f-4ac8-9f76-012229188da5,Snake2,100,9,1
4953c2b4-fbcb-4eef-8875-a6955567bcd6,74,85c884e1-710e-4ea1-8ea8-e5d89e92679c,Snake3,97,3,0
4953c2b4-fbcb-4eef-8875-a6955567bcd6,74,6ed2b958-4c39-40e3-9c0c-6666e7b9dace,Snake4,99,3,0
4953c2b4-fbcb-4eef-8875-a6955567bcd6,74,6788d800-c260-486e-8deb-a241a4427f0e,Snake1,61,11,1
4953c2b4-fbcb-4eef-8875-a6955567bcd6,74,0eab7d16-907f-4ac8-9f76-012229188da5,Snake2,100,9,1
4953c2b4-fbcb-4eef-8875-a6955567bcd6,74,85c884e1-710e-4ea1-8ea8-e5d89e92679c,Snake3,97,3,0
4953c2b4-fbcb-4eef-8875-a6955567bcd6,74,6ed2b958-4c39-40e3-9c0c-6666e7b9dace,Snake4,99,3,0
4953c2b4-fbcb-4eef-8875-a6955567bcd6,75,6788d800-c260-486e-8deb-a241a4427f0e,Snake1,60,11,1
4953c2b4-fbcb-4eef-8875-a6955567bcd6,75,0eab7d16-907f-4ac8-9f76-012229188da5,Snake2,99,9,1
4953c2b4-fbcb-4eef-8875-a6955567bcd6,75,85c884e1-710e-4ea1-8ea8-e5d89e92679c,Snake3,97,3,0
4953c2b4-fbcb-4eef-8875-a6955567bcd6,75,6ed2b958-4c39-40e3-9c0c-6666e7b9dace,Snake4,99,3,0
4953c2b4-fbcb-4eef-8875-a6955567bcd6,75,6788d800-c260-486e-8deb-a241a4427f0e,Snake1,60,11,1
4953c2b4-fbcb-4eef-8875-a6955567bcd6,75,0eab7d16-907f-4ac8-9f76-012229188da5,Snake2,99,9,1
4953c2b4-fbcb-4eef-8875-a6955567bcd6,75,85c884e1-710e-4ea1-8ea8-e5d89e92679c,Snake3,97,3,0
4953c2b4-fbcb-4eef-8875-a6955567bcd6,75,6ed2b958-4c39-40e3-9c0c-6666e7b9dace,Snake4,99,3,0
4953c2b4-fbcb-4eef-8875-a6955567bcd6,76,6788d800-c260-486e-8deb-a241a4427f0e,Snake1,59,11,1
4953c2b4-fbcb-4eef-8875-a6955567bcd6,76,0eab7d16-907f-4ac8-9f76-012229188da5,Snake2,98,9,1
4953c2b4-fbcb-4eef-8875-a6955567bcd6,76,85c884e1-710e-4ea1-8ea8-e5d89e92679c,Snake3,97,3,0
4953c2b4-fbcb-4eef-8875-a6955567bcd6,76,6ed2b958-4c39-40e3-9c0c-6666e7b9dace,Snake4,99,3,0
4953c2b4-fbcb-4eef-8875-a6955567bcd6,76,6788d800-c260-486e-8deb-a241a4427f0e,Snake1,59,11,1
4953c2b4-fbcb-4eef-8875-a6955567bcd6,76,0eab7d16-907f-4ac8-9f76-012229188da5,Snake2,98,9,1
4953c2b4-fbcb-4eef-8875-a6955567bcd6,76,85c884e1-710e-4ea1-8ea8-e5d89e92679c,Snake3,97,3,0
4953c2b4-fbcb-4eef-8875-a6955567bcd6,76,6ed2b958-4c39-40e3-9c0c-6666e7b9dace,Snake4,99,3,0
4953c2b4-fbcb-4eef-8875-a6955567bcd6,77,6788d800-c260-486e-8deb-a241a4427f0e,Snake1,58,11,1
4953c2b4-fbcb-4eef-8875-a6955567bcd6,77,0eab7d16-907f-4ac8-9f76-012229188da5,Snake2,97,9,1
4953c2b4-fbcb-4eef-8875-a6955567bcd6,77,85c884e1-710e-4ea1-8ea8-e5d89e92679c,Snake3,97,3,0
4953c2b4-fbcb-4eef-8875-a6955567bcd6,77,6ed2b958-4c39-40e3-9c0c-6666e7b9dace,Snake4,99,3,0
4953c2b4-fbcb-4eef-8875-a6955567bcd6,77,6788d800-c260-486e-8deb-a241a4427f0e,Snake1,58,11,1
4953c2b4-fbcb-4eef-8875-a6955567bcd6,77,0eab7d16-907f-4ac8-9f76-012229188da5,Snake2,97,9,1
4953c2b4-fbcb-4eef-8875-a6955567bcd6,77,85c884e1-710e-4ea1-8ea8-e5d89e92679c,Snake3,97,3,0
4953c2b4-fbcb-4eef-8875-a6955567bcd6,77,6ed2b958-4c39-40e3-9c0c-6666e7b9dace,Snake4,99,3,0
4953c2b4-fbcb-4eef-8875-a6955567bcd6,78,6788d800-c260-486e-8deb-a241a4427f0e,Snake1,57,11,1
4953c2b4-fbcb-4eef-8875-a6955567bcd6,78,0eab7d16-907f-4ac8-9f76-012229188da5,Snake2,96,9,1
4953c2b4-fbcb-4eef-8875-a6955567bcd6,78,85c884e1-710e-4ea1-8ea8-e5d89e92679c,Snake3,97,3,0
4953c2b4-fbcb-4eef-8875-a6955567bcd6,78,6ed2b958-4c39-40e3-9c0c-6666e7b9dace,Snake4,99,3,0
4953c2b4-fbcb-4eef-8875-a6955567bcd6,78,6788d800-c260-486e-8deb-a241a4427f0e,Snake1,57,11,1
4953c2b4-fbcb-4eef-8875-a6955567bcd6,78,0eab7d16-907f-4ac8-9f76-012229188da5,Snake2,96,9,1
4953c2b4-fbcb-4eef-8875-a6955567bcd6,78,85c884e1-710e-4ea1-8ea8-e5d89e92679c,Snake3,97,3,0
4953c2b4-fbcb-4eef-8875-a6955567bcd6,78,6ed2b958-4c39-40e3-9c0c-6666e7b9dace,Snake4,99,3,0
4953c2b4-fbcb-4eef-8875-a6955567bcd6,79,6788d800-c260-486e-8deb-a241a4427f0e,Snake1,56,11,1
4953c2b4-fbcb-4eef-8875-a6955567bcd6,79,0eab7d16-907f-4ac8-9f76-012229188da5,Snake2,95,9,1
4953c2b4-fbcb-4eef-8875-a6955567bcd6,79,85c884e1-710e-4ea1-8ea8-e5d89e92679c,Snake3,97,3,0
4953c2b4-fbcb-4eef-8875-a6955567bcd6,79,6ed2b958-4c39-40e3-9c0c-6666e7b9dace,Snake4,99,3,0
4953c2b4-fbcb-4eef-8875-a6955567bcd6,79,6788d800-c260-486e-8deb-a241a4427f0e,Snake1,56,11,1
4953c2b4-fbcb-4eef-8875-a6955567bcd6,79,0eab7d16-907f-4ac8-9f76-012229188da5,Snake2,95,9,1
4953c2b4-fbcb-4eef-8875-a6955567bcd6,79,85c884e1-710e-4ea1-8ea8-e5d89e92679c,Snake3,97,3,0
4953c2b4-fbcb-4eef-8875-a6955567bcd6,79,6ed2b958-4c39-40e3-9c0c-6666e7b9dace,Snake4,99,3,0
4953c2b4-fbcb-4eef-8875-a6955567bcd6,80,6788d800-c260-486e-8deb-a241a4427f0e,Snake1,55,11,1
4953c2b4-fbcb-4eef-8875-a6955567bcd6,80,0eab7d16-907f-4ac8-9f76-012229188da5,Snake2,94,9,1
4953c2b4-fbcb-4eef-8875-a6955567bcd6,80,85c884e1-710e-4ea1-8ea8-e5d89e92679c,Snake3,97,3,0
4953c2b4-fbcb-4eef-8875-a6955567bcd6,80,6ed2b958-4c39-40e3-9c0c-6666e7b9dace,Snake4,99,3,0
4953c2b4-fbcb-4eef-8875-a6955567bcd6,80,6788d800-c260-486e-8deb-a241a4427f0e,Snake1,55,11,1
4953c2b4-fbcb-4eef-8875-a6955567bcd6,80,0eab7d16-907f-4ac8-9f76-012229188da5,Snake2,94,9,1
4953c2b4-fbcb-4eef-8875-a6955567bcd6,80,85c884e1-710e-4ea1-8ea8-e5d89e92679c,Snake3,97,3,0
4953c2b4-fbcb-4eef-8875-a6955567bcd6,80,6ed2b958-4c39-40e3-9c0c-6666e7b9dace,Snake4,99,3,0
4953c2b4-fbcb-4eef-8875-a6955567bcd6,81,6788d800-c260-486e-8deb-a241a4427f0e,Snake1,54,11,1
4953c2b4-fbcb-4eef-8875-a6955567bcd6,81,0eab7d16-907f-4ac8-9f76-012229188da5,Snake2,93,9,1
4953c2b4-fbcb-4eef-8875-a6955567bcd6,81,85c884e1-710e-4ea1-8ea8-e5d89e92679c,Snake3,97,3,0
4953c2b4-fbcb-4eef-8875-a6955567bcd6,81,6ed2b958-4c39-40e3-9c0c-6666e7b9dace,Snake4,99,3,0
4953c2b4-fbcb-4eef-8875-a6955567bcd6,81,6788d800-c260-486e-8deb-a241a4427f0e,Snake1,54,11,1
4953c2b4-fbcb-4eef-8875-a6955567bcd6,81,0eab7d16-907f-4ac8-9f76-012229188da5,Snake2,93,9,1
4953c2b4-fbcb-4eef-8875-a6955567bcd6,81,85c884e1-710e-4ea1-8ea8-e5d89e92679c,Snake3,97,3,0
4953c2b4-fbcb-4eef-8875-a6955567bcd6,81,6ed2b958-4c39-40e3-9c0c-6666e7b9dace,Snake4,99,3,0
4953c2b4-fbcb-4eef-8875-a6955567bcd6,82,6788d800-c260-486e-8deb-a241a4427f0e,Snake1,53,11,1
4953c2b4-fbcb-4eef-8875-a6955567bcd6,82,0eab7d16-907f-4ac8-9f76-012229188da5,Snake2,92,9,1
4953c2b4-fbcb-4eef-8875-a6955567bcd6,82,85c884e1-710e-4ea1-8ea8-e5d89e92679c,Snake3,97,3,0
4953c2b4-fbcb-4eef-8875-a6955567bcd6,82,6ed2b958-4c39-40e3-9c0c-6666e7b9dace,Snake4,99,3,0
4953c2b4-fbcb-4eef-8875-a6955567bcd6,82,6788d800-c260-486e-8deb-a241a4427f0e,Snake1,53,11,1
4953c2b4-fbcb-4eef-8875-a6955567bcd6,82,0eab7d16-907f-4ac8-9f76-012229188da5,Snake2,92,9,1
4953c2b4-fbcb-4eef-8875-a6955567bcd6,82,85c884e1-710e-4ea1-8ea8-e5d89e92679c,Snake3,97,3,0
4953c2b4-fbcb-4eef-8875-a6955567bcd6,82,6ed2b958-4c39-40e3-9c0c-6666e7b9dace,Snake4,99,3,0
4953c2b4-fbcb-4eef-8875-a6955567bcd6,83,6788d800-c260-486e-8deb-a241a4427f0e,Snake1,52,11,1
4953c2b4-fbcb-4eef-8875-a6955567bcd6,83,0eab7d16-907f-4ac8-9f76-012229188da5,Snake2,91,9,1
4953c2b4-fbcb-4eef-8875-a6955567bcd6,83,85c884e1-710e-4ea1-8ea8-e5d89e92679c,Snake3,97,3,0
4953c2b4-fbcb-4eef-8875-a6955567bcd6,83,6ed2b958-4c39-40e3-9c0c-6666e7b9dace,Snake4,99,3,0
4953c2b4-fbcb-4eef-8875-a6955567bcd6,83,6788d800-c260-486e-8deb-a241a4427f0e,Snake1,52,11,1
4953c2b4-fbcb-4eef-8875-a6955567bcd6,83,0eab7d16-907f-4ac8-9f76-012229188da5,Snake2,91,9,1
4953c2b4-fbcb-4eef-8875-a6955567bcd6,83,85c884e1-710e-4ea1-8ea8-e5d89e92679c,Snake3,97,3,0
4953c2b4-fbcb-4eef-8875-a6955567bcd6,83,6ed2b958-4c39-40e3-9c0c-6666e7b9dace,Snake4,99,3,0
4953c2b4-fbcb-4eef-8875-a6955567bcd6,84,6788d800-c260-486e-8deb-a241a4427f0e,Snake1,51,11,1
4953c2b4-fbcb-4eef-8875-a6955567bcd6,84,0eab7d16-907f-4ac8-9f76-012229188da5,Snake2,100,10,1
4953c2b4-fbcb-4eef-8875-a6955567bcd6,84,85c884e1-710e-4ea1-8ea8-e5d89e92679c,Snake3,97,3,0
4953c2b4-fbcb-4eef-8875-a6955567bcd6,84,6ed2b958-4c39-40e3-9c0c-6666e7b9dace,Snake4,99,3,0
4953c2b4-fbcb-4eef-8875-a6955567bcd6,84,6788d800-c260-486e-8deb-a241a4427f0e,Snake1,51,11,1
4953c2b4-fbcb-4eef-8875-a6955567bcd6,84,0eab7d16-907f-4ac8-9f76-012229188da5,Snake2,100,10,1
4953c2b4-fbcb-4eef-8875-a6955567bcd6,84,85c884e1-710e-4ea1-8ea8-e5d89e92679c,Snake3,97,3,0
4953c2b4-fbcb-4eef-8875-a6955567bcd6,84,6ed2b958-4c39-40e3-9c0c-6666e7b9dace,Snake4,99,3,0
4953c2b4-fbcb-4eef-8875-a6955567bcd6,85,6788d800-c260-486e-8deb-a241a4427f0e,Snake1,50,11,1
4953c2b4-fbcb-4eef-8875-a6955567bcd6,85,0eab7d16-907f-4ac8-9f76-012229188da5,Snake2,99,10,1
4953c2b4-fbcb-4eef-8875-a6955567bcd6,85,85c884e1-710e-4ea1-8ea8-e5d89e92679c,Snake3,97,3,0
4953c2b4-fbcb-4eef-8875-a6955567bcd6,85,6ed2b958-4c39-40e3-9c0c-6666e7b9dace,Snake4,99,3,0
4953c2b4-fbcb-4eef-8875-a6955567bcd6,85,6788d800-c260-486e-8deb-a241a4427f0e,Snake1,50,11,1
4953c2b4-fbcb-4eef-8875-a6955567bcd6,85,0eab7d16-907f-4ac8-9f76-012229188da5,Snake2,99,10,1
4953c2b4-fbcb-4eef-8875-a6955567bcd6,85,85c884e1-710e-4ea1-8ea8-e5d89e92679c,Snake3,97,3,0
4953c2b4-fbcb-4eef-8875-a6955567bcd6,85,6ed2b958-4c39-40e3-9c0c-6666e7b9dace,Snake4,99,3,0
4953c2b4-fbcb-4eef-8875-a6955567bcd6,86,6788d800-c260-486e-8deb-a241a4427f0e,Snake1,49,11,1
4953c2b4-fbcb-4eef-8875-a6955567bcd6,86,0eab7d16-907f-4ac8-9f76-012229188da5,Snake2,98,10,1
4953c2b4-fbcb-4eef-8875-a6955567bcd6,86,85c884e1-710e-4ea1-8ea8-e5d89e92679c,Snake3,97,3,0
4953c2b4-fbcb-4eef-8875-a6955567bcd6,86,6ed2b958-4c39-40e3-9c0c-6666e7b9dace,Snake4,99,3,0
4953c2b4-fbcb-4eef-8875-a6955567bcd6,86,6788d800-c260-486e-8deb-a241a4427f0e,Snake1,49,11,1
4953c2b4-fbcb-4eef-8875-a6955567bcd6,86,0eab7d16-907f-4ac8-9f76-012229188da5,Snake2,98,10,1
4953c2b4-fbcb-4eef-8875-a6955567bcd6,86,85c884e1-710e-4ea1-8ea8-e5d89e92679c,Snake3,97,3,0
4953c2b4-fbcb-4eef-8875-a6955567bcd6,86,6ed2b958-4c39-40e3-9c0c-6666e7b9dace,Snake4,99,3,0
4953c2b4-fbcb-4eef-8875-a6955567bcd6,87,6788d800-c260-486e-8deb-a241a4427f0e,Snake1,48,11,1
4953c2b4-fbcb-4eef-8875-a6955567bcd6,87,0eab7d16-907f-4ac8-9f76-012229188da5,Snake2,97,10,1
4953c2b4-fbcb-4eef-8875-a6955567bcd6,87,85c884e1-710e-4ea1-8ea8-e5d89e92679c,Snake3,97,3,0
4953c2b4-fbcb-4eef-8875-a6955567bcd6,87,6ed2b958-4c39-40e3-9c0c-6666e7b9dace,Snake4,99,3,0
4953c2b4-fbcb-4eef-8875-a6955567bcd6,87,6788d800-c260-486e-8deb-a241a4427f0e,Snake1,48,11,1
4953c2b4-fbcb-4eef-8875-a6955567bcd6,87,0eab7d16-907f-4ac8-9f76-012229188da5,Snake2,97,10,1
4953c2b4-fbcb-4eef-8875-a6955567bcd6,87,85c884e1-710e-4ea1-8ea8-e5d89e92679c,Snake3,97,3,0
4953c2b4-fbcb-4eef-8875-a6955567bcd6,87,6ed2b958-4c39-40e3-9c0c-6666e7b9dace,Snake4,99,3,0
4953c2b4-fbcb-4eef-8875-a6955567bcd6,88,6788d800-c260-486e-8deb-a241a4427f0e,Snake1,47,11,1
4953c2b4-fbcb-4eef-8875-a6955567bcd6,88,0eab7d16-907f-4ac8-9f76-012229188da5,Snake2,96,10,1
4953c2b4-fbcb-4eef-8875-a6955567bcd6,88,85c884e1-710e-4ea1-8ea8-e5d89e92679c,Snake3,97,3,0
4953c2b4-fbcb-4eef-8875-a6955567bcd6,88,6ed2b958-4c39-40e3-9c0c-6666e7b9dace,Snake4,99,3,0
4953c2b4-fbcb-4eef-8875-a6955567bcd6,88,6788d800-c260-486e-8deb-a241a4427f0e,Snake1,47,11,1
4953c2b4-fbcb-4eef-8875-a6955567bcd6,88,0eab7d16-907f-4ac8-9f76-012229188da5,Snake2,96,10,1
4953c2b4-fbcb-4eef-8875-a6955567bcd6,88,85c884e1-710e-4ea1-8ea8-e5d89e92679c,Snake3,97,3,0
4953c2b4-fbcb-4eef-8875-a6955567bcd6,88,6ed2b958-4c39-40e3-9c0c-6666e7b9dace,Snake4,99,3,0
4953c2b4-fbcb-4eef-8875-a6955567bcd6,89,6788d800-c260-486e-8deb-a241a4427f0e,Snake1,46,11,1
4953c2b4-fbcb-4eef-8875-a6955567bcd6,89,0eab7d16-907f-4ac8-9f76-012229188da5,Snake2,95,10,1
4953c2b4-fbcb-4eef-8875-a6955567bcd6,89,85c884e1-710e-4ea1-8ea8-e5d89e92679c,Snake3,97,3,0
4953c2b4-fbcb-4eef-8875-a6955567bcd6,89,6ed2b958-4c39-40e3-9c0c-6666e7b9dace,Snake4,99,3,0
4953c2b4-fbcb-4eef-8875-a6955567bcd6,89,6788d800-c260-486e-8deb-a241a4427f0e,Snake1,46,11,1
4953c2b4-fbcb-4eef-8875-a6955567bcd6,89,0eab7d16-907f-4ac8-9f76-012229188da5,Snake2,95,10,1
4953c2b4-fbcb-4eef-8875-a6955567bcd6,89,85c884e1-710e-4ea1-8ea8-e5d89e92679c,Snake3,97,3,0
4953c2b4-fbcb-4eef-8875-a6955567bcd6,89,6ed2b958-4c39-40e3-9c0c-6666e7b9dace,Snake4,99,3,0
4953c2b4-fbcb-4eef-8875-a6955567bcd6,90,6788d800-c260-486e-8deb-a241a4427f0e,Snake1,45,11,1
4953c2b4-fbcb-4eef-8875-a6955567bcd6,90,0eab7d16-907f-4ac8-9f76-012229188da5,Snake2,94,10,1
4953c2b4-fbcb-4eef-8875-a6955567bcd6,90,85c884e1-710e-4ea1-8ea8-e5d89e92679c,Snake3,97,3,0
4953c2b4-fbcb-4eef-8875-a6955567bcd6,90,6ed2b958-4c39-40e3-9c0c-6666e7b9dace,Snake4,99,3,0
4953c2b4-fbcb-4eef-8875-a6955567bcd6,90,6788d800-c260-486e-8deb-a241a4427f0e,Snake1,45,11,1
4953c2b4-fbcb-4eef-8875-a6955567bcd6,90,0eab7d16-907f-4ac8-9f76-012229188da5,Snake2,94,10,1
4953c2b4-fbcb-4eef-8875-a6955567bcd6,90,85c884e1-710e-4ea1-8ea8-e5d89e92679c,Snake3,97,3,0
4953c2b4-fbcb-4eef-8875-a6955567bcd6,90,6ed2b958-4c39-40e3-9c0c-6666e7b9dace,Snake4,99,3,0
4953c2b4-fbcb-4eef-8875-a6955567bcd6,91,6788d800-c260-486e-8deb-a241a4427f0e,Snake1,44,11,1
4953c2b4-fbcb-4eef-8875-a6955567bcd6,91,0eab7d16-907f-4ac8-9f76-012229188da5,Snake2,93,10,1
4953c2b4-fbcb-4eef-8875-a6955567bcd6,91,85c884e1-710e-4ea1-8ea8-e5d89e92679c,Snake3,97,3,0
4953c2b4-fbcb-4eef-8875-a6955567bcd6,91,6ed2b958-4c39-40e3-9c0c-6666e7b9dace,Snake4,99,3,0
4953c2b4-fbcb-4eef-8875-a6955567bcd6,91,6788d800-c260-486e-8deb-a241a4427f0e,Snake1,44,11,1
4953c2b4-fbcb-4eef-8875-a6955567bcd6,91,0eab7d16-907f-4ac8-9f76-012229188da5,Snake2,93,10,1
4953c2b4-fbcb-4eef-8875-a6955567bcd6,91,85c884e1-710e-4ea1-8ea8-e5d89e92679c,Snake3,97,3,0
4953c2b4-fbcb-4eef-8875-a6955567bcd6,91,6ed2b958-4c39-40e3-9c0c-6666e7b9dace,Snake4,99,3,0
4953c2b4-fbcb-4eef-8875-a6955567bcd6,92,6788d800-c260-486e-8deb-a241a4427f0e,Snake1,43,11,1
4953c2b4-fbcb-4eef-8875-a6955567bcd6,92,0eab7d16-907f-4ac8-9f76-012229188da5,Snake2,92,10,1
4953c2b4-fbcb-4eef-8875-a6955567bcd6,92,85c884e1-710e-4ea1-8ea8-e5d89e92679c,Snake3,97,3,0
4953c2b4-fbcb-4eef-8875-a6955567bcd6,92,6ed2b958-4c39-40e3-9c0c-6666e7b9dace,Snake4,99,3,0
4953c2b4-fbcb-4eef-8875-a6955567bcd6,92,6788d800-c260-486e-8deb-a241a4427f0e,Snake1,43,11,1
4953c2b4-fbcb-4eef-8875-a6955567bcd6,92,0eab7d16-907f-4ac8-9f76-012229188da5,Snake2,92,10,1
4953c2b4-fbcb-4eef-8875-a6955567bcd6,92,85c884e1-710e-4ea1-8ea8-e5d89e92679c,Snake3,97,3,0
4953c2b4-fbcb-4eef-8875-a6955567bcd6,92,6ed2b958-4c39-40e3-9c0c-6666e7b9dace,Snake4,99,3,0
4953c2b4-fbcb-4eef-8875-a6955567bcd6,93,6788d800-c260-486e-8deb-a241a4427f0e,Snake1,42,11,1
4953c2b4-fbcb-4eef-8875-a6955567bcd6,93,0eab7d16-907f-4ac8-9f76-012229188da5,Snake2,91,10,1
4953c2b4-fbcb-4eef-8875-a6955567bcd6,93,85c884e1-710e-4ea1-8ea8-e5d89e92679c,Snake3,97,3,0
4953c2b4-fbcb-4eef-8875-a6955567bcd6,93,6ed2b958-4c39-40e3-9c0c-6666e7b9dace,Snake4,99,3,0
4953c2b4-fbcb-4eef-8875-a6955567bcd6,93,6788d800-c260-486e-8deb-a241a4427f0e,Snake1,42,11,1
4953c2b4-fbcb-4eef-8875-a6955567bcd6,93,0eab7d16-907f-4ac8-9f76-012229188da5,Snake2,91,10,1
4953c2b4-fbcb-4eef-8875-a6955567bcd6,93,85c884e1-710e-4ea1-8ea8-e5d89e92679c,Snake3,97,3,0
4953c2b4-fbcb-4eef-8875-a6955567bcd6,93,6ed2b958-4c39-40e3-9c0c-6666e7b9dace,Snake4,99,3,0
4953c2b4-fbcb-4eef-8875-a6955567bcd6,94,6788d800-c260-486e-8deb-a241a4427f0e,Snake1,41,11,1
4953c2b4-fbcb-4eef-8875-a6955567bcd6,94,0eab7d16-907f-4ac8-9f76-012229188da5,Snake2,90,10,1
4953c2b4-fbcb-4eef-8875-a6955567bcd6,94,85c884e1-710e-4ea1-8ea8-e5d89e92679c,Snake3,97,3,0
4953c2b4-fbcb-4eef-8875-a6955567bcd6,94,6ed2b958-4c39-40e3-9c0c-6666e7b9dace,Snake4,99,3,0
4953c2b4-fbcb-4eef-8875-a6955567bcd6,94,6788d800-c260-486e-8deb-a241a4427f0e,Snake1,41,11,1
4953c2b4-fbcb-4eef-8875-a6955567bcd6,94,0eab7d16-907f-4ac8-9f76-012229188da5,Snake2,90,10,1
4953c2b4-fbcb-4eef-8875-a6955567bcd6,94,85c884e1-710e-4ea1-8ea8-e5d89e92679c,Snake3,97,3,0
4953c2b4-fbcb-4eef-8875-a6955567bcd6,94,6ed2b958-4c39-40e3-9c0c-6666e7b9dace,Snake4,99,3,0
4953c2b4-fbcb-4eef-8875-a6955567bcd6,95,6788d800-c260-486e-8deb-a241a4427f0e,Snake1,40,11,1
4953c2b4-fbcb-4eef-8875-a6955567bcd6,95,0eab7d16-907f-4ac8-9f76-012229188da5,Snake2,89,10,1
4953c2b4-fbcb-4eef-8875-a6955567bcd6,95,85c884e1-710e-4ea1-8ea8-e5d89e92679c,Snake3,97,3,0
4953c2b4-fbcb-4eef-8875-a6955567bcd6,95,6ed2b958-4c39-40e3-9c0c-6666e7b9dace,Snake4,99,3,0
4953c2b4-fbcb-4eef-8875-a6955567bcd6,95,6788d800-c260-486e-8deb-a241a4427f0e,Snake1,40,11,1
4953c2b4-fbcb-4eef-8875-a6955567bcd6,95,0eab7d16-907f-4ac8-9f76-012229188da5,Snake2,89,10,1
4953c2b4-fbcb-4eef-8875-a6955567bcd6,95,85c884e1-710e-4ea1-8ea8-e5d89e92679c,Snake3,97,3,0
4953c2b4-fbcb-4eef-8875-a6955567bcd6,95,6ed2b958-4c39-40e3-9c0c-6666e7b9dace,Snake4,99,3,0
4953c2b4-fbcb-4eef-8875-a6955567bcd6,96,6788d800-c260-486e-8deb-a241a4427f0e,Snake1,39,11,1
4953c2b4-fbcb-4eef-8875-a6955567bcd6,96,0eab7d16-907f-4ac8-9f76-012229188da5,Snake2,88,10,1
4953c2b4-fbcb-4eef-8875-a6955567bcd6,96,85c884e1-710e-4ea1-8ea8-e5d89e92679c,Snake3,97,3,0
4953c2b4-fbcb-4eef-8875-a6955567bcd6,96,6ed2b958-4c39-40e3-9c0c-6666e7b9dace,Snake4,99,3,0
4953c2b4-fbcb-4eef-8875-a6955567bcd6,96,6788d800-c260-486e-8deb-a241a4427f0e,Snake1,39,11,1
4953c2b4-fbcb-4eef-8875-a6955567bcd6,96,0eab7d16-907f-4ac8-9f76-012229188da5,Snake2,88,10,1
4953c2b4-fbcb-4eef-8875-a6955567bcd6,96,85c884e1-710e-4ea1-8ea8-e5d89e92679c,Snake3,97,3,0
4953c2b4-fbcb-4eef-8875-a6955567bcd6,96,6ed2b958-4c39-40e3-9c0c-6666e7b9dace,Snake4,99,3,0
4953c2b4-fbcb-4eef-8875-a6955567bcd6,97,6788d800-c260-486e-8deb-a241a4427f0e,Snake1,38,11,1
4953c2b4-fbcb-4eef-8875-a6955567bcd6,97,0eab7d16-907f-4ac8-9f76-012229188da5,Snake2,87,10,1
4953c2b4-fbcb-4eef-8875-a6955567bcd6,97,85c884e1-710e-4ea1-8ea8-e5d89e92679c,Snake3,97,3,0
4953c2b4-fbcb-4eef-8875-a6955567bcd6,97,6ed2b958-4c39-40e3-9c0c-6666e7b9dace,Snake4,99,3,0
4953c2b4-fbcb-4eef-8875-a6955567bcd6,97,6788d800-c260-486e-8deb-a241a4427f0e,Snake1,38,11,1
4953c2b4-fbcb-4eef-8875-a6955567bcd6,97,0eab7d16-907f-4ac8-9f76-012229188da5,Snake2,87,10,1
4953c2b4-fbcb-4eef-8875-a6955567bcd6,97,85c884e1-710e-4ea1-8ea8-e5d89e92679c,Snake3,97,3,0
4953c2b4-fbcb-4eef-8875-a6955567bcd6,97,6ed2b958-4c39-40e3-9c0c-6666e7b9dace,Snake4,99,3,0
4953c2b4-fbcb-4eef-8875-a6955567bcd6,98,6788d800-c260-486e-8deb-a241a4427f0e,Snake1,37,11,1
4953c2b4-fbcb-4eef-8875-a6955567bcd6,98,0eab7d16-907f-4ac8-9f76-012229188da5,Snake2,86,10,1
4953c2b4-fbcb-4eef-8875-a6955567bcd6,98,85c884e1-710e-4ea1-8ea8-e5d89e92679c,Snake3,97,3,0
4953c2b4-fbcb-4eef-8875-a6955567bcd6,98,6ed2b958-4c39-40e3-9c0c-6666e7b9dace,Snake4,99,3,0
4953c2b4-fbcb-4eef-8875-a6955567bcd6,98,6788d800-c260-486e-8deb-a241a4427f0e,Snake1,37,11,1
4953c2b4-fbcb-4eef-8875-a6955567bcd6,98,0eab7d16-907f-4ac8-9f76-012229188da5,Snake2,86,10,1
4953c2b4-fbcb-4eef-8875-a6955567bcd6,98,85c884e1-710e-4ea1-8ea8-e5d89e92679c,Snake3,97,3,0
4953c2b4-fbcb-4eef-8875-a6955567bcd6,98,6ed2b958-4c39-40e3-9c0c-6666e7b9dace,Snake4,99,3,0
4953c2b4-fbcb-4eef-8875-a6955567bcd6,99,6788d800-c260-486e-8deb-a241a4427f0e,Snake1,36,11,1
4953c2b4-fbcb-4eef-8875-a6955567bcd6,99,0eab7d16-907f-4ac8-9f76-012229188da5,Snake2,85,10,1
4953c2b4-fbcb-4eef-8875-a6955567bcd6,99,85c884e1-710e-4ea1-8ea8-e5d89e92679c,Snake3,97,3,0
4953c2b4-fbcb-4eef-8875-a6955567bcd6,99,6ed2b958-4c39-40e3-9c0c-6666e7b9dace,Snake4,99,3,0
4953c2b4-fbcb-4eef-8875-a6955567bcd6,99,6788d800-c260-486e-8deb-a241a4427f0e,Snake1,36,11,1
4953c2b4-fbcb-4eef-8875-a6955567bcd6,99,0eab7d16-907f-4ac8-9f76-012229188da5,Snake2,85,10,1
4953c2b4-fbcb-4eef-8875-a6955567bcd6,99,85c884e1-710e-4ea1-8ea8-e5d89e92679c,Snake3,97,3,0
4953c2b4-fbcb-4eef-8875-a6955567bcd6,99,6ed2b958-4c39-40e3-9c0c-6666e7b9dace,Snake4,99,3,0
4953c2b4-fbcb-4eef-8875-a6955567bcd6,100,6788d800-c260-486e-8deb-a241a4427f0e,Snake1,35,11,1
4953c2b4-fbcb-4eef-8875-a6955567bcd6,100,0eab7d16-907f-4ac8-9f76-012229188da5,Snake2,84,10,1
4953c2b4-fbcb-4eef-8875-a6955567bcd6,100,85c884e1-710e-4ea1-8ea8-e5d89e92679c,Snake3,97,3,0
4953c2b4-fbcb-4eef-8875-a6955567bcd6,100,6ed2b958-4c39-40e3-9c0c-6666e7b9dace,Snake4,99,3,0
4953c2b4-fbcb-4eef-8875-a6955567bcd6,100,6788d800-c260-486e-8deb-a241a4427f0e,Snake1,35,11,1
4953c2b4-fbcb-4eef-8875-a6955567bcd6,100,0eab7d16-907f-4ac8-9f76-012229188da5,Snake2,84,10,1
4953c2b4-fbcb-4eef-8875-a6955567bcd6,100,85c884e1-710e-4ea1-8ea8-e5d89e92679c,Snake3,97,3,0
4953c2b4-fbcb-4eef-8875-a6955567bcd6,100,6ed2b958-4c39-40e3-9c0c-6666e7b9dace,Snake4,99,3,0
4953c2b4-fbcb-4eef-8875-a6955567bcd6,101,6788d800-c260-486e-8deb-a241a4427f0e,Snake1,34,11,1
4953c2b4-fbcb-4eef-8875-a6955567bcd6,101,0eab7d16-907f-4ac8-9f76-012229188da5,Snake2,83,10,1
4953c2b4-fbcb-4eef-8875-a6955567bcd6,101,85c884e1-710e-4ea1-8ea8-e5d89e92679c,Snake3,97,3,0
4953c2b4-fbcb-4eef-8875-a6955567bcd6,101,6ed2b958-4c39-40e3-9c0c-6666e7b9dace,Snake4,99,3,0
4953c2b4-fbcb-4eef-8875-a6955567bcd6,101,6788d800-c260-486e-8deb-a241a4427f0e,Snake1,34,11,1
4953c2b4-fbcb-4eef-8875-a6955567bcd6,101,0eab7d16-907f-4ac8-9f76-012229188da5,Snake2,83,10,1
4953c2b4-fbcb-4eef-8875-a6955567bcd6,101,85c884e1-710e-4ea1-8ea8-e5d89e92679c,Snake3,97,3,0
4953c2b4-fbcb-4eef-8875-a6955567bcd6,101,6ed2b958-4c39-40e3-9c0c-6666e7b9dace,Snake4,99,3,0
4953c2b4-fbcb-4eef-8875-a6955567bcd6,102,6788d800-c260-486e-8deb-a241a4427f0e,Snake1,33,11,1
4953c2b4-fbcb-4eef-8875-a6955567bcd6,102,0eab7d16-907f-4ac8-9f76-012229188da5,Snake2,82,10,1
4953c2b4-fbcb-4eef-8875-a6955567bcd6,102,85c884e1-710e-4ea1-8ea8-e5d89e92679c,Snake3,97,3,0
4953c2b4-fbcb-4eef-8875-a6955567bcd6,102,6ed2b958-4c39-40e3-9c0c-6666e7b9dace,Snake4,99,3,0
4953c2b4-fbcb-4eef-8875-a6955567bcd6,102,6788d800-c260-486e-8deb-a241a4427f0e,Snake1,33,11,1
4953c2b4-fbcb-4eef-8875-a6955567bcd6,102,0eab7d16-907f-4ac8-9f76-012229188da5,Snake2,82,10,1
4953c2b4-fbcb-4eef-8875-a6955567bcd6,102,85c884e1-710e-4ea1-8ea8-e5d89e92679c,Snake3,97,3,0
4953c2b4-fbcb-4eef-8875-a6955567bcd6,102,6ed2b958-4c39-40e3-9c0c-6666e7b9dace,Snake4,99,3,0
4953c2b4-fbcb-4eef-8875-a6955567bcd6,103,6788d800-c260-486e-8deb-a241a4427f0e,Snake1,18,11,1
4953c2b4-fbcb-4eef-8875-a6955567bcd6,103,0eab7d16-907f-4ac8-9f76-012229188da5,Snake2,81,10,1
4953c2b4-fbcb-4eef-8875-a6955567bcd6,103,85c884e1-710e-4ea1-8ea8-e5d89e92679c,Snake3,97,3,0
4953c2b4-fbcb-4eef-8875-a6955567bcd6,103,6ed2b958-4c39-40e3-9c0c-6666e7b9dace,Snake4,99,3,0
4953c2b4-fbcb-4eef-8875-a6955567bcd6,103,6788d800-c260-486e-8deb-a241a4427f0e,Snake1,18,11,1
4953c2b4-fbcb-4eef-8875-a6955567bcd6,103,0eab7d16-907f-4ac8-9f76-012229188da5,Snake2,81,10,1
4953c2b4-fbcb-4eef-8875-a6955567bcd6,103,85c884e1-710e-4ea1-8ea8-e5d89e92679c,Snake3,97,3,0
4953c2b4-fbcb-4eef-8875-a6955567bcd6,103,6ed2b958-4c39-40e3-9c0c-6666e7b9dace,Snake4,99,3,0
4953c2b4-fbcb-4eef-8875-a6955567bcd6,104,6788d800-c260-486e-8deb-a241a4427f0e,Snake1,100,12,1
4953c2b4-fbcb-4eef-8875-a6955567bcd6,104,0eab7d16-907f-4ac8-9f76-012229188da5,Snake2,80,10,1
4953c2b4-fbcb-4eef-8875-a6955567bcd6,104,85c884e1-710e-4ea1-8ea8-e5d89e92679c,Snake3,97,3,0
4953c2b4-fbcb-4eef-8875-a6955567bcd6,104,6ed2b958-4c39-40e3-9c0c-6666e7b9dace,Snake4,99,3,0
4953c2b4-fbcb-4eef-8875-a6955567bcd6,104,6788d800-c260-486e-8deb-a241a4427f0e,Snake1,100,12,1
4953c2b4-fbcb-4eef-8875-a6955567bcd6,104,0eab7d16-907f-4ac8-9f76-012229188da5,Snake2,80,10,1
4953c2b4-fbcb-4eef-8875-a6955567bcd6,104,85c884e1-710e-4ea1-8ea8-e5d89e92679c,Snake3,97,3,0
4953c2b4-fbcb-4eef-8875-a6955567bcd6,104,6ed2b958-4c39-40e3-9c0c-6666e7b9dace,Snake4,99,3,0
4953c2b4-fbcb-4eef-8875-a6955567bcd6,105,6788d800-c260-486e-8deb-a241a4427f0e,Snake1,99,12,1
4953c2b4-fbcb-4eef-8875-a6955567bcd6,105,0eab7d16-907f-4ac8-9f76-012229188da5,Snake2,79,10,1
4953c2b4-fbcb-4eef-8875-a6955567bcd6,105,85c884e1-710e-4ea1-8ea8-e5d89e92679c,Snake3,97,3,0
4953c2b4-fbcb-4eef-8875-a6955567bcd6,105,6ed2b958-4c39-40e3-9c0c-6666e7b9dace,Snake4,99,3,0
4953c2b4-fbcb-4eef-8875-a6955567bcd6,105,6788d800-c260-486e-8deb-a241a4427f0e,Snake1,99,12,1
4953c2b4-fbcb-4eef-8875-a6955567bcd6,105,0eab7d16-907f-4ac8-9f76-012229188da5,Snake2,79,10,1
4953c2b4-fbcb-4eef-8875-a6955567bcd6,105,85c884e1-710e-4ea1-8ea8-e5d89e92679c,Snake3,97,3,0
4953c2b4-fbcb-4eef-8875-a6955567bcd6,105,6ed2b958-4c39-40e3-9c0c-6666e7b9dace,Snake4,99,3,0
4953c2b4-fbcb-4eef-8875-a6955567bcd6,106,6788d800-c260-486e-8deb-a241a4427f0e,Snake1,98,12,1
4953c2b4-fbcb-4eef-8875-a6955567bcd6,106,0eab7d16-907f-4ac8-9f76-012229188da5,Snake2,78,10,1
4953c2b4-fbcb-4eef-8875-a6955567bcd6,106,85c884e1-710e-4ea1-8ea8-e5d89e92679c,Snake3,97,3,0
4953c2b4-fbcb-4eef-8875-a6955567bcd6,106,6ed2b958-4c39-40e3-9c0c-6666e7b9dace,Snake4,99,3,0
4953c2b4-fbcb-4eef-8875-a6955567bcd6,106,6788d800-c260-486e-8deb-a241a4427f0e,Snake1,98,12,1
4953c2b4-fbcb-4eef-8875-a6955567bcd6,106,0eab7d16-907f-4ac8-9f76-012229188da5,Snake2,78,10,1
4953c2b4-fbcb-4eef-8875-a6955567bcd6,106,85c884e1-710e-4ea1-8ea8-e5d89e92679c,Snake3,97,3,0
4953c2b4-fbcb-4eef-8875-a6955567bcd6,106,6ed2b958-4c39-40e3-9c0c-6666e7b9dace,Snake4,99,3,0
4953c2b4-fbcb-4eef-8875-a6955567bcd6,107,6788d800-c260-486e-8deb-a241a4427f0e,Snake1,97,12,1
4953c2b4-fbcb-4eef-8875-a6955567bcd6,107,0eab7d16-907f-4ac8-9f76-012229188da5,Snake2,77,10,1
4953c2b4-fbcb-4eef-8875-a6955567bcd6,107,85c884e1-710e-4ea1-8ea8-e5d89e92679c,Snake3,97,3,0
4953c2b4-fbcb-4eef-8875-a6955567bcd6,107,6ed2b958-4c39-40e3-9c0c-6666e7b9dace,Snake4,99,3,0
4953c2b4-fbcb-4eef-8875-a6955567bcd6,107,6788d800-c260-486e-8deb-a241a4427f0e,Snake1,97,12,1
4953c2b4-fbcb-4eef-8875-a6955567bcd6,107,0eab7d16-907f-4ac8-9f76-012229188da5,Snake2,77,10,1
4953c2b4-fbcb-4eef-8875-a6955567bcd6,107,85c884e1-710e-4ea1-8ea8-e5d89e92679c,Snake3,97,3,0
4953c2b4-fbcb-4eef-8875-a6955567bcd6,107,6ed2b958-4c39-40e3-9c0c-6666e7b9dace,Snake4,99,3,0
4953c2b4-fbcb-4eef-8875-a6955567bcd6,108,6788d800-c260-486e-8deb-a241a4427f0e,Snake1,100,13,1
4953c2b4-fbcb-4eef-8875-a6955567bcd6,108,0eab7d16-907f-4ac8-9f76-012229188da5,Snake2,76,10,1
4953c2b4-fbcb-4eef-8875-a6955567bcd6,108,85c884e1-710e-4ea1-8ea8-e5d89e92679c,Snake3,97,3,0
4953c2b4-fbcb-4eef-8875-a6955567bcd6,108,6ed2b958-4c39-40e3-9c0c-6666e7b9dace,Snake4,99,3,0
4953c2b4-fbcb-4eef-8875-a6955567bcd6,108,6788d800-c260-486e-8deb-a241a4427f0e,Snake1,100,13,1
4953c2b4-fbcb-4eef-8875-a6955567bcd6,108,0eab7d16-907f-4ac8-9f76-012229188da5,Snake2,76,10,1
4953c2b4-fbcb-4eef-8875-a6955567bcd6,108,85c884e1-710e-4ea1-8ea8-e5d89e92679c,Snake3,97,3,0
4953c2b4-fbcb-4eef-8875-a6955567bcd6,108,6ed2b958-4c39-40e3-9c0c-6666e7b9dace,Snake4,99,3,0
4953c2b4-fbcb-4eef-8875-a6955567bcd6,109,6788d800-c260-486e-8deb-a241a4427f0e,Snake1,99,13,1
4953c2b4-fbcb-4eef-8875-a6955567bcd6,109,0eab7d16-907f-4ac8-9f76-012229188da5,Snake2,75,10,1
4953c2b4-fbcb-4eef-8875-a6955567bcd6,109,85c884e1-710e-4ea1-8ea8-e5d89e92679c,Snake3,97,3,0
4953c2b4-fbcb-4eef-8875-a6955567bcd6,109,6ed2b958-4c39-40e3-9c0c-6666e7b9dace,Snake4,99,3,0
4953c2b4-fbcb-4eef-8875-a6955567bcd6,109,6788d800-c260-486e-8deb-a241a4427f0e,Snake1,99,13,1
4953c2b4-fbcb-4eef-8875-a6955567bcd6,109,0eab7d16-907f-4ac8-9f76-012229188da5,Snake2,75,10,1
4953c2b4-fbcb-4eef-8875-a6955567bcd6,109,85c884e1-710e-4ea1-8ea8-e5d89e92679c,Snake3,97,3,0
4953c2b4-fbcb-4eef-8875-a6955567bcd6,109,6ed2b958-4c39-40e3-9c0c-6666e7b9dace,Snake4,99,3,0
4953c2b4-fbcb-4eef-8875-a6955567bcd6,110,6788d800-c260-486e-8deb-a241a4427f0e,Snake1,98,13,1
4953c2b4-fbcb-4eef-8875-a6955567bcd6,110,0eab7d16-907f-4ac8-9f76-012229188da5,Snake2,74,10,1
4953c2b4-fbcb-4eef-8875-a6955567bcd6,110,85c884e1-710e-4ea1-8ea8-e5d89e92679c,Snake3,97,3,0
4953c2b4-fbcb-4eef-8875-a6955567bcd6,110,6ed2b958-4c39-40e3-9c0c-6666e7b9dace,Snake4,99,3,0
4953c2b4-fbcb-4eef-8875-a6955567bcd6,110,6788d800-c260-486e-8deb-a241a4427f0e,Snake1,98,13,1
4953c2b4-fbcb-4eef-8875-a6955567bcd6,110,0eab7d16-907f-4ac8-9f76-012229188da5,Snake2,74,10,1
4953c2b4-fbcb-4eef-8875-a6955567bcd6,110,85c884e1-710e-4ea1-8ea8-e5d89e92679c,Snake3,97,3,0
4953c2b4-fbcb-4eef-8875-a6955567bcd6,110,6ed2b958-4c39-40e3-9c0c-6666e7b9dace,Snake4,99,3,0
4953c2b4-fbcb-4eef-8875-a6955567bcd6,111,6788d800-c260-486e-8deb-a241a4427f0e,Snake1,97,13,1
4953c2b4-fbcb-4eef-8875-a6955567bcd6,111,0eab7d16-907f-4ac8-9f76-012229188da5,Snake2,73,10,1
4953c2b4-fbcb-4eef-8875-a6955567bcd6,111,85c884e1-710e-4ea1-8ea8-e5d89e92679c,Snake3,97,3,0
4953c2b4-fbcb-4eef-8875-a6955567bcd6,111,6ed2b958-4c39-40e3-9c0c-6666e7b9dace,Snake4,99,3,0
4953c2b4-fbcb-4eef-8875-a6955567bcd6,111,6788d800-c260-486e-8deb-a241a4427f0e,Snake1,97,13,1
4953c2b4-fbcb-4eef-8875-a6955567bcd6,111,0eab7d16-907f-4ac8-9f76-012229188da5,Snake2,73,10,1
4953c2b4-fbcb-4eef-8875-a6955567bcd6,111,85c884e1-710e-4ea1-8ea8-e5d89e92679c,Snake3,97,3,0
4953c2b4-fbcb-4eef-8875-a6955567bcd6,111,6ed2b958-4c39-40e3-9c0c-6666e7b9dace,Snake4,99,3,0
4953c2b4-fbcb-4eef-8875-a6955567bcd6,112,6788d800-c260-486e-8deb-a241a4427f0e,Snake1,96,13,1
4953c2b4-fbcb-4eef-8875-a6955567bcd6,112,0eab7d16-907f-4ac8-9f76-012229188da5,Snake2,72,10,1
4953c2b4-fbcb-4eef-8875-a6955567bcd6,112,85c884e1-710e-4ea1-8ea8-e5d89e92679c,Snake3,97,3,0
4953c2b4-fbcb-4eef-8875-a6955567bcd6,112,6ed2b958-4c39-40e3-9c0c-6666e7b9dace,Snake4,99,3,0
4953c2b4-fbcb-4eef-8875-a6955567bcd6,112,6788d800-c260-486e-8deb-a241a4427f0e,Snake1,96,13,1
4953c2b4-fbcb-4eef-8875-a6955567bcd6,112,0eab7d16-907f-4ac8-9f76-012229188da5,Snake2,72,10,1
4953c2b4-fbcb-4eef-8875-a6955567bcd6,112,85c884e1-710e-4ea1-8ea8-e5d89e92679c,Snake3,97,3,0
4953c2b4-fbcb-4eef-8875-a6955567bcd6,112,6ed2b958-4c39-40e3-9c0c-6666e7b9dace,Snake4,99,3,0
4953c2b4-fbcb-4eef-8875-a6955567bcd6,113,6788d800-c260-486e-8deb-a241a4427f0e,Snake1,95,13,1
4953c2b4-fbcb-4eef-8875-a6955567bcd6,113,0eab7d16-907f-4ac8-9f76-012229188da5,Snake2,71,10,1
4953c2b4-fbcb-4eef-8875-a6955567bcd6,113,85c884e1-710e-4ea1-8ea8-e5d89e92679c,Snake3,97,3,0
4953c2b4-fbcb-4eef-8875-a6955567bcd6,113,6ed2b958-4c39-40e3-9c0c-6666e7b9dace,Snake4,99,3,0
4953c2b4-fbcb-4eef-8875-a6955567bcd6,113,6788d800-c260-486e-8deb-a241a4427f0e,Snake1,95,13,1
4953c2b4-fbcb-4eef-8875-a6955567bcd6,113,0eab7d16-907f-4ac8-9f76-012229188da5,Snake2,71,10,1
4953c2b4-fbcb-4eef-8875-a6955567bcd6,113,85c884e1-710e-4ea1-8ea8-e5d89e92679c,Snake3,97,3,0
4953c2b4-fbcb-4eef-8875-a6955567bcd6,113,6ed2b958-4c39-40e3-9c0c-6666e7b9dace,Snake4,99,3,0
4953c2b4-fbcb-4eef-8875-a6955567bcd6,114,6788d800-c260-486e-8deb-a241a4427f0e,Snake1,100,14,1
4953c2b4-fbcb-4eef-8875-a6955567bcd6,114,0eab7d16-907f-4ac8-9f76-012229188da5,Snake2,70,10,1
4953c2b4-fbcb-4eef-8875-a6955567bcd6,114,85c884e1-710e-4ea1-8ea8-e5d89e92679c,Snake3,97,3,0
4953c2b4-fbcb-4eef-8875-a6955567bcd6,114,6ed2b958-4c39-40e3-9c0c-6666e7b9dace,Snake4,99,3,0
4953c2b4-fbcb-4eef-8875-a6955567bcd6,114,6788d800-c260-486e-8deb-a241a4427f0e,Snake1,100,14,1
4953c2b4-fbcb-4eef-8875-a6955567bcd6,114,0eab7d16-907f-4ac8-9f76-012229188da5,Snake2,70,10,1
4953c2b4-fbcb-4eef-8875-a6955567bcd6,114,85c884e1-710e-4ea1-8ea8-e5d89e92679c,Snake3,97,3,0
4953c2b4-fbcb-4eef-8875-a6955567bcd6,114,6ed2b958-4c39-40e3-9c0c-6666e7b9dace,Snake4,99,3,0
4953c2b4-fbcb-4eef-8875-a6955567bcd6,115,6788d800-c260-486e-8deb-a241a4427f0e,Snake1,99,14,1
4953c2b4-fbcb-4eef-8875-a6955567bcd6,115,0eab7d16-907f-4ac8-9f76-012229188da5,Snake2,69,10,1
4953c2b4-fbcb-4eef-8875-a6955567bcd6,115,85c884e1-710e-4ea1-8ea8-e5d89e92679c,Snake3,97,3,0
4953c2b4-fbcb-4eef-8875-a6955567bcd6,115,6ed2b958-4c39-40e3-9c0c-6666e7b9dace,Snake4,99,3,0
4953c2b4-fbcb-4eef-8875-a6955567bcd6,115,6788d800-c260-486e-8deb-a241a4427f0e,Snake1,99,14,1
4953c2b4-fbcb-4eef-8875-a6955567bcd6,115,0eab7d16-907f-4ac8-9f76-012229188da5,Snake2,69,10,1
4953c2b4-fbcb-4eef-8875-a6955567bcd6,115,85c884e1-710e-4ea1-8ea8-e5d89e92679c,Snake3,97,3,0
4953c2b4-fbcb-4eef-8875-a6955567bcd6,115,6ed2b958-4c39-40e3-9c0c-6666e7b9dace,Snake4,99,3,0
4953c2b4-fbcb-4eef-8875-a6955567bcd6,116,6788d800-c260-486e-8deb-a241a4427f0e,Snake1,98,14,1
4953c2b4-fbcb-4eef-8875-a6955567bcd6,116,0eab7d16-907f-4ac8-9f76-012229188da5,Snake2,68,10,1
4953c2b4-fbcb-4eef-8875-a6955567bcd6,116,85c884e1-710e-4ea1-8ea8-e5d89e92679c,Snake3,97,3,0
4953c2b4-fbcb-4eef-8875-a6955567bcd6,116,6ed2b958-4c39-40e3-9c0c-6666e7b9dace,Snake4,99,3,0
4953c2b4-fbcb-4eef-8875-a6955567bcd6,116,6788d800-c260-486e-8deb-a241a4427f0e,Snake1,98,14,1
4953c2b4-fbcb-4eef-8875-a6955567bcd6,116,0eab7d16-907f-4ac8-9f76-012229188da5,Snake2,68,10,1
4953c2b4-fbcb-4eef-8875-a6955567bcd6,116,85c884e1-710e-4ea1-8ea8-e5d89e92679c,Snake3,97,3,0
4953c2b4-fbcb-4eef-8875-a6955567bcd6,116,6ed2b958-4c39-40e3-9c0c-6666e7b9dace,Snake4,99,3,0
4953c2b4-fbcb-4eef-8875-a6955567bcd6,117,6788d800-c260-486e-8deb-a241a4427f0e,Snake1,97,14,1
4953c2b4-fbcb-4eef-8875-a6955567bcd6,117,0eab7d16-907f-4ac8-9f76-012229188da5,Snake2,67,10,1
4953c2b4-fbcb-4eef-8875-a6955567bcd6,117,85c884e1-710e-4ea1-8ea8-e5d89e92679c,Snake3,97,3,0
4953c2b4-fbcb-4eef-8875-a6955567bcd6,117,6ed2b958-4c39-40e3-9c0c-6666e7b9dace,Snake4,99,3,0
4953c2b4-fbcb-4eef-8875-a6955567bcd6,118,6788d800-c260-486e-8deb-a241a4427f0e,Snake1,96,14,1
4953c2b4-fbcb-4eef-8875-a6955567bcd6,118,0eab7d16-907f-4ac8-9f76-012229188da5,Snake2,66,10,1
4953c2b4-fbcb-4eef-8875-a6955567bcd6,118,85c884e1-710e-4ea1-8ea8-e5d89e92679c,Snake3,97,3,0
4953c2b4-fbcb-4eef-8875-a6955567bcd6,118,6ed2b958-4c39-40e3-9c0c-6666e7b9dace,Snake4,99,3,0
4953c2b4-fbcb-4eef-8875-a6955567bcd6,118,6788d800-c260-486e-8deb-a241a4427f0e,Snake1,96,14,1
4953c2b4-fbcb-4eef-8875-a6955567bcd6,118,0eab7d16-907f-4ac8-9f76-012229188da5,Snake2,66,10,1
4953c2b4-fbcb-4eef-8875-a6955567bcd6,118,85c884e1-710e-4ea1-8ea8-e5d89e92679c,Snake3,97,3,0
4953c2b4-fbcb-4eef-8875-a6955567bcd6,118,6ed2b958-4c39-40e3-9c0c-6666e7b9dace,Snake4,99,3,0
4953c2b4-fbcb-4eef-8875-a6955567bcd6,119,6788d800-c260-486e-8deb-a241a4427f0e,Snake1,95,14,1
4953c2b4-fbcb-4eef-8875-a6955567bcd6,119,0eab7d16-907f-4ac8-9f76-012229188da5,Snake2,65,10,1
4953c2b4-fbcb-4eef-8875-a6955567bcd6,119,85c884e1-710e-4ea1-8ea8-e5d89e92679c,Snake3,97,3,0
4953c2b4-fbcb-4eef-8875-a6955567bcd6,119,6ed2b958-4c39-40e3-9c0c-6666e7b9dace,Snake4,99,3,0
4953c2b4-fbcb-4eef-8875-a6955567bcd6,120,6788d800-c260-486e-8deb-a241a4427f0e,Snake1,94,14,1
4953c2b4-fbcb-4eef-8875-a6955567bcd6,120,0eab7d16-907f-4ac8-9f76-012229188da5,Snake2,64,10,1
4953c2b4-fbcb-4eef-8875-a6955567bcd6,120,85c884e1-710e-4ea1-8ea8-e5d89e92679c,Snake3,97,3,0
4953c2b4-fbcb-4eef-8875-a6955567bcd6,120,6ed2b958-4c39-40e3-9c0c-6666e7b9dace,Snake4,99,3,0
4953c2b4-fbcb-4eef-8875-a6955567bcd6,120,6788d800-c260-486e-8deb-a241a4427f0e,Snake1,94,14,1
4953c2b4-fbcb-4eef-8875-a6955567bcd6,120,0eab7d16-907f-4ac8-9f76-012229188da5,Snake2,64,10,1
4953c2b4-fbcb-4eef-8875-a6955567bcd6,120,85c884e1-710e-4ea1-8ea8-e5d89e92679c,Snake3,97,3,0
4953c2b4-fbcb-4eef-8875-a6955567bcd6,120,6ed2b958-4c39-40e3-9c0c-6666e7b9dace,Snake4,99,3,0
4953c2b4-fbcb-4eef-8875-a6955567bcd6,121,6788d800-c260-486e-8deb-a241a4427f0e,Snake1,93,14,1
4953c2b4-fbcb-4eef-8875-a6955567bcd6,121,0eab7d16-907f-4ac8-9f76-012229188da5,Snake2,63,10,1
4953c2b4-fbcb-4eef-8875-a6955567bcd6,121,85c884e1-710e-4ea1-8ea8-e5d89e92679c,Snake3,97,3,0
4953c2b4-fbcb-4eef-8875-a6955567bcd6,121,6ed2b958-4c39-40e3-9c0c-6666e7b9dace,Snake4,99,3,0
4953c2b4-fbcb-4eef-8875-a6955567bcd6,121,6788d800-c260-486e-8deb-a241a4427f0e,Snake1,93,14,1
4953c2b4-fbcb-4eef-8875-a6955567bcd6,121,0eab7d16-907f-4ac8-9f76-012229188da5,Snake2,63,10,1
4953c2b4-fbcb-4eef-8875-a6955567bcd6,121,85c884e1-710e-4ea1-8ea8-e5d89e92679c,Snake3,97,3,0
4953c2b4-fbcb-4eef-8875-a6955567bcd6,121,6ed2b958-4c39-40e3-9c0c-6666e7b9dace,Snake4,99,3,0
4953c2b4-fbcb-4eef-8875-a6955567bcd6,122,6788d800-c260-486e-8deb-a241a4427f0e,Snake1,92,14,1
4953c2b4-fbcb-4eef-8875-a6955567bcd6,122,0eab7d16-907f-4ac8-9f76-012229188da5,Snake2,62,10,1
4953c2b4-fbcb-4eef-8875-a6955567bcd6,122,85c884e1-710e-4ea1-8ea8-e5d89e92679c,Snake3,97,3,0
4953c2b4-fbcb-4eef-8875-a6955567bcd6,122,6ed2b958-4c39-40e3-9c0c-6666e7b9dace,Snake4,99,3,0
4953c2b4-fbcb-4eef-8875-a6955567bcd6,122,6788d800-c260-486e-8deb-a241a4427f0e,Snake1,92,14,1
4953c2b4-fbcb-4eef-8875-a6955567bcd6,122,0eab7d16-907f-4ac8-9f76-012229188da5,Snake2,62,10,1
4953c2b4-fbcb-4eef-8875-a6955567bcd6,122,85c884e1-710e-4ea1-8ea8-e5d89e92679c,Snake3,97,3,0
4953c2b4-fbcb-4eef-8875-a6955567bcd6,122,6ed2b958-4c39-40e3-9c0c-6666e7b9dace,Snake4,99,3,0
4953c2b4-fbcb-4eef-8875-a6955567bcd6,123,6788d800-c260-486e-8deb-a241a4427f0e,Snake1,91,14,1
4953c2b4-fbcb-4eef-8875-a6955567bcd6,123,0eab7d16-907f-4ac8-9f76-012229188da5,Snake2,61,10,1
4953c2b4-fbcb-4eef-8875-a6955567bcd6,123,85c884e1-710e-4ea1-8ea8-e5d89e92679c,Snake3,97,3,0
4953c2b4-fbcb-4eef-8875-a6955567bcd6,123,6ed2b958-4c39-40e3-9c0c-6666e7b9dace,Snake4,99,3,0
4953c2b4-fbcb-4eef-8875-a6955567bcd6,123,6788d800-c260-486e-8deb-a241a4427f0e,Snake1,91,14,1
4953c2b4-fbcb-4eef-8875-a6955567bcd6,123,0eab7d16-907f-4ac8-9f76-012229188da5,Snake2,61,10,1
4953c2b4-fbcb-4eef-8875-a6955567bcd6,123,85c884e1-710e-4ea1-8ea8-e5d89e92679c,Snake3,97,3,0
4953c2b4-fbcb-4eef-8875-a6955567bcd6,123,6ed2b958-4c39-40e3-9c0c-6666e7b9dace,Snake4,99,3,0
4953c2b4-fbcb-4eef-8875-a6955567bcd6,124,6788d800-c260-486e-8deb-a241a4427f0e,Snake1,90,14,1
4953c2b4-fbcb-4eef-8875-a6955567bcd6,124,0eab7d16-907f-4ac8-9f76-012229188da5,Snake2,60,10,1
4953c2b4-fbcb-4eef-8875-a6955567bcd6,124,85c884e1-710e-4ea1-8ea8-e5d89e92679c,Snake3,97,3,0
4953c2b4-fbcb-4eef-8875-a6955567bcd6,124,6ed2b958-4c39-40e3-9c0c-6666e7b9dace,Snake4,99,3,0
4953c2b4-fbcb-4eef-8875-a6955567bcd6,124,6788d800-c260-486e-8deb-a241a4427f0e,Snake1,90,14,1
4953c2b4-fbcb-4eef-8875-a6955567bcd6,124,0eab7d16-907f-4ac8-9f76-012229188da5,Snake2,60,10,1
4953c2b4-fbcb-4eef-8875-a6955567bcd6,124,85c884e1-710e-4ea1-8ea8-e5d89e92679c,Snake3,97,3,0
4953c2b4-fbcb-4eef-8875-a6955567bcd6,124,6ed2b958-4c39-40e3-9c0c-6666e7b9dace,Snake4,99,3,0
4953c2b4-fbcb-4eef-8875-a6955567bcd6,125,6788d800-c260-486e-8deb-a241a4427f0e,Snake1,89,14,1
4953c2b4-fbcb-4eef-8875-a6955567bcd6,125,0eab7d16-907f-4ac8-9f76-012229188da5,Snake2,59,10,1
4953c2b4-fbcb-4eef-8875-a6955567bcd6,125,85c884e1-710e-4ea1-8ea8-e5d89e92679c,Snake3,97,3,0
4953c2b4-fbcb-4eef-8875-a6955567bcd6,125,6ed2b958-4c39-40e3-9c0c-6666e7b9dace,Snake4,99,3,0
4953c2b4-fbcb-4eef-8875-a6955567bcd6,125,6788d800-c260-486e-8deb-a241a4427f0e,Snake1,89,14,1
4953c2b4-fbcb-4eef-8875-a6955567bcd6,125,0eab7d16-907f-4ac8-9f76-012229188da5,Snake2,59,10,1
4953c2b4-fbcb-4eef-8875-a6955567bcd6,125,85c884e1-710e-4ea1-8ea8-e5d89e92679c,Snake3,97,3,0
4953c2b4-fbcb-4eef-8875-a6955567bcd6,125,6ed2b958-4c39-40e3-9c0c-6666e7b9dace,Snake4,99,3,0
4953c2b4-fbcb-4eef-8875-a6955567bcd6,126,6788d800-c260-486e-8deb-a241a4427f0e,Snake1,88,14,1
4953c2b4-fbcb-4eef-8875-a6955567bcd6,126,0eab7d16-907f-4ac8-9f76-012229188da5,Snake2,58,10,1
4953c2b4-fbcb-4eef-8875-a6955567bcd6,126,85c884e1-710e-4ea1-8ea8-e5d89e92679c,Snake3,97,3,0
4953c2b4-fbcb-4eef-8875-a6955567bcd6,126,6ed2b958-4c39-40e3-9c0c-6666e7b9dace,Snake4,99,3,0
4953c2b4-fbcb-4eef-8875-a6955567bcd6,126,6788d800-c260-486e-8deb-a241a4427f0e,Snake1,88,14,1
4953c2b4-fbcb-4eef-8875-a6955567bcd6,126,0eab7d16-907f-4ac8-9f76-012229188da5,Snake2,58,10,1
4953c2b4-fbcb-4eef-8875-a6955567bcd6,126,85c884e1-710e-4ea1-8ea8-e5d89e92679c,Snake3,97,3,0
4953c2b4-fbcb-4eef-8875-a6955567bcd6,126,6ed2b958-4c39-40e3-9c0c-6666e7b9dace,Snake4,99,3,0
4953c2b4-fbcb-4eef-8875-a6955567bcd6,127,6788d800-c260-486e-8deb-a241a4427f0e,Snake1,87,14,1
4953c2b4-fbcb-4eef-8875-a6955567bcd6,127,0eab7d16-907f-4ac8-9f76-012229188da5,Snake2,57,10,1
4953c2b4-fbcb-4eef-8875-a6955567bcd6,127,85c884e1-710e-4ea1-8ea8-e5d89e92679c,Snake3,97,3,0
4953c2b4-fbcb-4eef-8875-a6955567bcd6,127,6ed2b958-4c39-40e3-9c0c-6666e7b9dace,Snake4,99,3,0
4953c2b4-fbcb-4eef-8875-a6955567bcd6,127,6788d800-c260-486e-8deb-a241a4427f0e,Snake1,87,14,1
4953c2b4-fbcb-4eef-8875-a6955567bcd6,127,0eab7d16-907f-4ac8-9f76-012229188da5,Snake2,57,10,1
4953c2b4-fbcb-4eef-8875-a6955567bcd6,127,85c884e1-710e-4ea1-8ea8-e5d89e92679c,Snake3,97,3,0
4953c2b4-fbcb-4eef-8875-a6955567bcd6,127,6ed2b958-4c39-40e3-9c0c-6666e7b9dace,Snake4,99,3,0
4953c2b4-fbcb-4eef-8875-a6955567bcd6,128,6788d800-c260-486e-8deb-a241a4427f0e,Snake1,86,14,1
4953c2b4-fbcb-4eef-8875-a6955567bcd6,128,0eab7d16-907f-4ac8-9f76-012229188da5,Snake2,56,10,1
4953c2b4-fbcb-4eef-8875-a6955567bcd6,128,85c884e1-710e-4ea1-8ea8-e5d89e92679c,Snake3,97,3,0
4953c2b4-fbcb-4eef-8875-a6955567bcd6,128,6ed2b958-4c39-40e3-9c0c-6666e7b9dace,Snake4,99,3,0
4953c2b4-fbcb-4eef-8875-a6955567bcd6,128,6788d800-c260-486e-8deb-a241a4427f0e,Snake1,86,14,1
4953c2b4-fbcb-4eef-8875-a6955567bcd6,128,0eab7d16-907f-4ac8-9f76-012229188da5,Snake2,56,10,1
4953c2b4-fbcb-4eef-8875-a6955567bcd6,128,85c884e1-710e-4ea1-8ea8-e5d89e92679c,Snake3,97,3,0
4953c2b4-fbcb-4eef-8875-a6955567bcd6,128,6ed2b958-4c39-40e3-9c0c-6666e7b9dace,Snake4,99,3,0
4953c2b4-fbcb-4eef-8875-a6955567bcd6,129,6788d800-c260-486e-8deb-a241a4427f0e,Snake1,85,14,1
4953c2b4-fbcb-4eef-8875-a6955567bcd6,129,0eab7d16-907f-4ac8-9f76-012229188da5,Snake2,55,10,1
4953c2b4-fbcb-4eef-8875-a6955567bcd6,129,85c884e1-710e-4ea1-8ea8-e5d89e92679c,Snake3,97,3,0
4953c2b4-fbcb-4eef-8875-a6955567bcd6,129,6ed2b958-4c39-40e3-9c0c-6666e7b9dace,Snake4,99,3,0
4953c2b4-fbcb-4eef-8875-a6955567bcd6,129,6788d800-c260-486e-8deb-a241a4427f0e,Snake1,85,14,1
4953c2b4-fbcb-4eef-8875-a6955567bcd6,129,0eab7d16-907f-4ac8-9f76-012229188da5,Snake2,55,10,1
4953c2b4-fbcb-4eef-8875-a6955567bcd6,129,85c884e1-710e-4ea1-8ea8-e5d89e92679c,Snake3,97,3,0
4953c2b4-fbcb-4eef-8875-a6955567bcd6,129,6ed2b958-4c39-40e3-9c0c-6666e7b9dace,Snake4,99,3,0
4953c2b4-fbcb-4eef-8875-a6955567bcd6,130,6788d800-c260-486e-8deb-a241a4427f0e,Snake1,84,14,1
4953c2b4-fbcb-4eef-8875-a6955567bcd6,130,0eab7d16-907f-4ac8-9f76-012229188da5,Snake2,54,10,1
4953c2b4-fbcb-4eef-8875-a6955567bcd6,130,85c884e1-710e-4ea1-8ea8-e5d89e92679c,Snake3,97,3,0
4953c2b4-fbcb-4eef-8875-a6955567bcd6,130,6ed2b958-4c39-40e3-9c0c-6666e7b9dace,Snake4,99,3,0
4953c2b4-fbcb-4eef-8875-a6955567bcd6,130,6788d800-c260-486e-8deb-a241a4427f0e,Snake1,84,14,1
4953c2b4-fbcb-4eef-8875-a6955567bcd6,130,0eab7d16-907f-4ac8-9f76-012229188da5,Snake2,54,10,1
4953c2b4-fbcb-4eef-8875-a6955567bcd6,130,85c884e1-710e-4ea1-8ea8-e5d89e92679c,Snake3,97,3,0
4953c2b4-fbcb-4eef-8875-a6955567bcd6,130,6ed2b958-4c39-40e3-9c0c-6666e7b9dace,Snake4,99,3,0
4953c2b4-fbcb-4eef-8875-a6955567bcd6,131,6788d800-c260-486e-8deb-a241a4427f0e,Snake1,83,14,1
4953c2b4-fbcb-4eef-8875-a6955567bcd6,131,0eab7d16-907f-4ac8-9f76-012229188da5,Snake2,53,10,1
4953c2b4-fbcb-4eef-8875-a6955567bcd6,131,85c884e1-710e-4ea1-8ea8-e5d89e92679c,Snake3,97,3,0
4953c2b4-fbcb-4eef-8875-a6955567bcd6,131,6ed2b958-4c39-40e3-9c0c-6666e7b9dace,Snake4,99,3,0
4953c2b4-fbcb-4eef-8875-a6955567bcd6,131,6788d800-c260-486e-8deb-a241a4427f0e,Snake1,83,14,1
4953c2b4-fbcb-4eef-8875-a6955567bcd6,131,0eab7d16-907f-4ac8-9f76-012229188da5,Snake2,53,10,1
4953c2b4-fbcb-4eef-8875-a6955567bcd6,131,85c884e1-710e-4ea1-8ea8-e5d89e92679c,Snake3,97,3,0
4953c2b4-fbcb-4eef-8875-a6955567bcd6,131,6ed2b958-4c39-40e3-9c0c-6666e7b9dace,Snake4,99,3,0
4953c2b4-fbcb-4eef-8875-a6955567bcd6,132,6788d800-c260-486e-8deb-a241a4427f0e,Snake1,82,14,1
4953c2b4-fbcb-4eef-8875-a6955567bcd6,132,0eab7d16-907f-4ac8-9f76-012229188da5,Snake2,52,10,1
4953c2b4-fbcb-4eef-8875-a6955567bcd6,132,85c884e1-710e-4ea1-8ea8-e5d89e92679c,Snake3,97,3,0
4953c2b4-fbcb-4eef-8875-a6955567bcd6,132,6ed2b958-4c39-40e3-9c0c-6666e7b9dace,Snake4,99,3,0
4953c2b4-fbcb-4eef-8875-a6955567bcd6,132,6788d800-c260-486e-8deb-a241a4427f0e,Snake1,82,14,1
4953c2b4-fbcb-4eef-8875-a6955567bcd6,132,0eab7d16-907f-4ac8-9f76-012229188da5,Snake2,52,10,1
4953c2b4-fbcb-4eef-8875-a6955567bcd6,132,85c884e1-710e-4ea1-8ea8-e5d89e92679c,Snake3,97,3,0
4953c2b4-fbcb-4eef-8875-a6955567bcd6,132,6ed2b958-4c39-40e3-9c0c-6666e7b9dace,Snake4,99,3,0
4953c2b4-fbcb-4eef-8875-a6955567bcd6,133,6788d800-c260-486e-8deb-a241a4427f0e,Snake1,81,14,1
4953c2b4-fbcb-4eef-8875-a6955567bcd6,133,0eab7d16-907f-4ac8-9f76-012229188da5,Snake2,51,10,1
4953c2b4-fbcb-4eef-8875-a6955567bcd6,133,85c884e1-710e-4ea1-8ea8-e5d89e92679c,Snake3,97,3,0
4953c2b4-fbcb-4eef-8875-a6955567bcd6,133,6ed2b958-4c39-40e3-9c0c-6666e7b9dace,Snake4,99,3,0
4953c2b4-fbcb-4eef-8875-a6955567bcd6,133,6788d800-c260-486e-8deb-a241a4427f0e,Snake1,81,14,1
4953c2b4-fbcb-4eef-8875-a6955567bcd6,133,0eab7d16-907f-4ac8-9f76-012229188da5,Snake2,51,10,1
4953c2b4-fbcb-4eef-8875-a6955567bcd6,133,85c884e1-710e-4ea1-8ea8-e5d89e92679c,Snake3,97,3,0
4953c2b4-fbcb-4eef-8875-a6955567bcd6,133,6ed2b958-4c39-40e3-9c0c-6666e7b9dace,Snake4,99,3,0
4953c2b4-fbcb-4eef-8875-a6955567bcd6,134,6788d800-c260-486e-8deb-a241a4427f0e,Snake1,100,15,1
4953c2b4-fbcb-4eef-8875-a6955567bcd6,134,0eab7d16-907f-4ac8-9f76-012229188da5,Snake2,50,10,1
4953c2b4-fbcb-4eef-8875-a6955567bcd6,134,85c884e1-710e-4ea1-8ea8-e5d89e92679c,Snake3,97,3,0
4953c2b4-fbcb-4eef-8875-a6955567bcd6,134,6ed2b958-4c39-40e3-9c0c-6666e7b9dace,Snake4,99,3,0
4953c2b4-fbcb-4eef-8875-a6955567bcd6,134,6788d800-c260-486e-8deb-a241a4427f0e,Snake1,100,15,1
4953c2b4-fbcb-4eef-8875-a6955567bcd6,134,0eab7d16-907f-4ac8-9f76-012229188da5,Snake2,50,10,1
4953c2b4-fbcb-4eef-8875-a6955567bcd6,134,85c884e1-710e-4ea1-8ea8-e5d89e92679c,Snake3,97,3,0
4953c2b4-fbcb-4eef-8875-a6955567bcd6,134,6ed2b958-4c39-40e3-9c0c-6666e7b9dace,Snake4,99,3,0
4953c2b4-fbcb-4eef-8875-a6955567bcd6,135,6788d800-c260-486e-8deb-a241a4427f0e,Snake1,85,15,1
4953c2b4-fbcb-4eef-8875-a6955567bcd6,135,0eab7d16-907f-4ac8-9f76-012229188da5,Snake2,49,10,1
4953c2b4-fbcb-4eef-8875-a6955567bcd6,135,85c884e1-710e-4ea1-8ea8-e5d89e92679c,Snake3,97,3,0
4953c2b4-fbcb-4eef-8875-a6955567bcd6,135,6ed2b958-4c39-40e3-9c0c-6666e7b9dace,Snake4,99,3,0
4953c2b4-fbcb-4eef-8875-a6955567bcd6,135,6788d800-c260-486e-8deb-a241a4427f0e,Snake1,85,15,1
4953c2b4-fbcb-4eef-8875-a6955567bcd6,135,0eab7d16-907f-4ac8-9f76-012229188da5,Snake2,49,10,1
4953c2b4-fbcb-4eef-8875-a6955567bcd6,135,85c884e1-710e-4ea1-8ea8-e5d89e92679c,Snake3,97,3,0
4953c2b4-fbcb-4eef-8875-a6955567bcd6,135,6ed2b958-4c39-40e3-9c0c-6666e7b9dace,Snake4,99,3,0
4953c2b4-fbcb-4eef-8875-a6955567bcd6,136,6788d800-c260-486e-8deb-a241a4427f0e,Snake1,84,15,1
4953c2b4-fbcb-4eef-8875-a6955567bcd6,136,0eab7d16-907f-4ac8-9f76-012229188da5,Snake2,48,10,1
4953c2b4-fbcb-4eef-8875-a6955567bcd6,136,85c884e1-710e-4ea1-8ea8-e5d89e92679c,Snake3,97,3,0
4953c2b4-fbcb-4eef-8875-a6955567bcd6,136,6ed2b958-4c39-40e3-9c0c-6666e7b9dace,Snake4,99,3,0
4953c2b4-fbcb-4eef-8875-a6955567bcd6,136,6788d800-c260-486e-8deb-a241a4427f0e,Snake1,84,15,1
4953c2b4-fbcb-4eef-8875-a6955567bcd6,136,0eab7d16-907f-4ac8-9f76-012229188da5,Snake2,48,10,1
4953c2b4-fbcb-4eef-8875-a6955567bcd6,136,85c884e1-710e-4ea1-8ea8-e5d89e92679c,Snake3,97,3,0
4953c2b4-fbcb-4eef-8875-a6955567bcd6,136,6ed2b958-4c39-40e3-9c0c-6666e7b9dace,Snake4,99,3,0
4953c2b4-fbcb-4eef-8875-a6955567bcd6,137,6788d800-c260-486e-8deb-a241a4427f0e,Snake1,83,15,1
4953c2b4-fbcb-4eef-8875-a6955567bcd6,137,0eab7d16-907f-4ac8-9f76-012229188da5,Snake2,47,10,1
4953c2b4-fbcb-4eef-8875-a6955567bcd6,137,85c884e1-710e-4ea1-8ea8-e5d89e92679c,Snake3,97,3,0
4953c2b4-fbcb-4eef-8875-a6955567bcd6,137,6ed2b958-4c39-40e3-9c0c-6666e7b9dace,Snake4,99,3,0
4953c2b4-fbcb-4eef-8875-a6955567bcd6,138,6788d800-c260-486e-8deb-a241a4427f0e,Snake1,82,15,1
4953c2b4-fbcb-4eef-8875-a6955567bcd6,138,0eab7d16-907f-4ac8-9f76-012229188da5,Snake2,46,10,1
4953c2b4-fbcb-4eef-8875-a6955567bcd6,138,85c884e1-710e-4ea1-8ea8-e5d89e92679c,Snake3,97,3,0
4953c2b4-fbcb-4eef-8875-a6955567bcd6,138,6ed2b958-4c39-40e3-9c0c-6666e7b9dace,Snake4,99,3,0
4953c2b4-fbcb-4eef-8875-a6955567bcd6,138,6788d800-c260-486e-8deb-a241a4427f0e,Snake1,82,15,1
4953c2b4-fbcb-4eef-8875-a6955567bcd6,138,0eab7d16-907f-4ac8-9f76-012229188da5,Snake2,46,10,1
4953c2b4-fbcb-4eef-8875-a6955567bcd6,138,85c884e1-710e-4ea1-8ea8-e5d89e92679c,Snake3,97,3,0
4953c2b4-fbcb-4eef-8875-a6955567bcd6,138,6ed2b958-4c39-40e3-9c0c-6666e7b9dace,Snake4,99,3,0
4953c2b4-fbcb-4eef-8875-a6955567bcd6,139,6788d800-c260-486e-8deb-a241a4427f0e,Snake1,81,15,1
4953c2b4-fbcb-4eef-8875-a6955567bcd6,139,0eab7d16-907f-4ac8-9f76-012229188da5,Snake2,45,10,1
4953c2b4-fbcb-4eef-8875-a6955567bcd6,139,85c884e1-710e-4ea1-8ea8-e5d89e92679c,Snake3,97,3,0
4953c2b4-fbcb-4eef-8875-a6955567bcd6,139,6ed2b958-4c39-40e3-9c0c-6666e7b9dace,Snake4,99,3,0
4953c2b4-fbcb-4eef-8875-a6955567bcd6,139,6788d800-c260-486e-8deb-a241a4427f0e,Snake1,81,15,1
4953c2b4-fbcb-4eef-8875-a6955567bcd6,139,0eab7d16-907f-4ac8-9f76-012229188da5,Snake2,45,10,1
4953c2b4-fbcb-4eef-8875-a6955567bcd6,139,85c884e1-710e-4ea1-8ea8-e5d89e92679c,Snake3,97,3,0
4953c2b4-fbcb-4eef-8875-a6955567bcd6,139,6ed2b958-4c39-40e3-9c0c-6666e7b9dace,Snake4,99,3,0
4953c2b4-fbcb-4eef-8875-a6955567bcd6,140,6788d800-c260-486e-8deb-a241a4427f0e,Snake1,80,15,1
4953c2b4-fbcb-4eef-8875-a6955567bcd6,140,0eab7d16-907f-4ac8-9f76-012229188da5,Snake2,44,10,1
4953c2b4-fbcb-4eef-8875-a6955567bcd6,140,85c884e1-710e-4ea1-8ea8-e5d89e92679c,Snake3,97,3,0
4953c2b4-fbcb-4eef-8875-a6955567bcd6,140,6ed2b958-4c39-40e3-9c0c-6666e7b9dace,Snake4,99,3,0
4953c2b4-fbcb-4eef-8875-a6955567bcd6,140,6788d800-c260-486e-8deb-a241a4427f0e,Snake1,80,15,1
4953c2b4-fbcb-4eef-8875-a6955567bcd6,140,0eab7d16-907f-4ac8-9f76-012229188da5,Snake2,44,10,1
4953c2b4-fbcb-4eef-8875-a6955567bcd6,140,85c884e1-710e-4ea1-8ea8-e5d89e92679c,Snake3,97,3,0
4953c2b4-fbcb-4eef-8875-a6955567bcd6,140,6ed2b958-4c39-40e3-9c0c-6666e7b9dace,Snake4,99,3,0
4953c2b4-fbcb-4eef-8875-a6955567bcd6,141,6788d800-c260-486e-8deb-a241a4427f0e,Snake1,79,15,1
4953c2b4-fbcb-4eef-8875-a6955567bcd6,141,0eab7d16-907f-4ac8-9f76-012229188da5,Snake2,100,11,1
4953c2b4-fbcb-4eef-8875-a6955567bcd6,141,85c884e1-710e-4ea1-8ea8-e5d89e92679c,Snake3,97,3,0
4953c2b4-fbcb-4eef-8875-a6955567bcd6,141,6ed2b958-4c39-40e3-9c0c-6666e7b9dace,Snake4,99,3,0
4953c2b4-fbcb-4eef-8875-a6955567bcd6,141,6788d800-c260-486e-8deb-a241a4427f0e,Snake1,79,15,1
4953c2b4-fbcb-4eef-8875-a6955567bcd6,141,0eab7d16-907f-4ac8-9f76-012229188da5,Snake2,100,11,1
4953c2b4-fbcb-4eef-8875-a6955567bcd6,141,85c884e1-710e-4ea1-8ea8-e5d89e92679c,Snake3,97,3,0
4953c2b4-fbcb-4eef-8875-a6955567bcd6,141,6ed2b958-4c39-40e3-9c0c-6666e7b9dace,Snake4,99,3,0
4953c2b4-fbcb-4eef-8875-a6955567bcd6,142,6788d800-c260-486e-8deb-a241a4427f0e,Snake1,100,16,1
4953c2b4-fbcb-4eef-8875-a6955567bcd6,142,0eab7d16-907f-4ac8-9f76-012229188da5,Snake2,99,11,1
4953c2b4-fbcb-4eef-8875-a6955567bcd6,142,85c884e1-710e-4ea1-8ea8-e5d89e92679c,Snake3,97,3,0
4953c2b4-fbcb-4eef-8875-a6955567bcd6,142,6ed2b958-4c39-40e3-9c0c-6666e7b9dace,Snake4,99,3,0
4953c2b4-fbcb-4eef-8875-a6955567bcd6,142,6788d800-c260-486e-8deb-a241a4427f0e,Snake1,100,16,1
4953c2b4-fbcb-4eef-8875-a6955567bcd6,142,0eab7d16-907f-4ac8-9f76-012229188da5,Snake2,99,11,1
4953c2b4-fbcb-4eef-8875-a6955567bcd6,142,85c884e1-710e-4ea1-8ea8-e5d89e92679c,Snake3,97,3,0
4953c2b4-fbcb-4eef-8875-a6955567bcd6,142,6ed2b958-4c39-40e3-9c0c-6666e7b9dace,Snake4,99,3,0
4953c2b4-fbcb-4eef-8875-a6955567bcd6,143,6788d800-c260-486e-8deb-a241a4427f0e,Snake1,99,16,1
4953c2b4-fbcb-4eef-8875-a6955567bcd6,143,0eab7d16-907f-4ac8-9f76-012229188da5,Snake2,98,11,1
4953c2b4-fbcb-4eef-8875-a6955567bcd6,143,85c884e1-710e-4ea1-8ea8-e5d89e92679c,Snake3,97,3,0
4953c2b4-fbcb-4eef-8875-a6955567bcd6,143,6ed2b958-4c39-40e3-9c0c-6666e7b9dace,Snake4,99,3,0
4953c2b4-fbcb-4eef-8875-a6955567bcd6,143,6788d800-c260-486e-8deb-a241a4427f0e,Snake1,99,16,1
4953c2b4-fbcb-4eef-8875-a6955567bcd6,143,0eab7d16-907f-4ac8-9f76-012229188da5,Snake2,98,11,1
4953c2b4-fbcb-4eef-8875-a6955567bcd6,143,85c884e1-710e-4ea1-8ea8-e5d89e92679c,Snake3,97,3,0
4953c2b4-fbcb-4eef-8875-a6955567bcd6,143,6ed2b958-4c39-40e3-9c0c-6666e7b9dace,Snake4,99,3,0
4953c2b4-fbcb-4eef-8875-a6955567bcd6,144,6788d800-c260-486e-8deb-a241a4427f0e,Snake1,98,16,1
4953c2b4-fbcb-4eef-8875-a6955567bcd6,144,0eab7d16-907f-4ac8-9f76-012229188da5,Snake2,97,11,1
4953c2b4-fbcb-4eef-8875-a6955567bcd6,144,85c884e1-710e-4ea1-8ea8-e5d89e92679c,Snake3,97,3,0
4953c2b4-fbcb-4eef-8875-a6955567bcd6,144,6ed2b958-4c39-40e3-9c0c-6666e7b9dace,Snake4,99,3,0
4953c2b4-fbcb-4eef-8875-a6955567bcd6,144,6788d800-c260-486e-8deb-a241a4427f0e,Snake1,98,16,1
4953c2b4-fbcb-4eef-8875-a6955567bcd6,144,0eab7d16-907f-4ac8-9f76-012229188da5,Snake2,97,11,1
4953c2b4-fbcb-4eef-8875-a6955567bcd6,144,85c884e1-710e-4ea1-8ea8-e5d89e92679c,Snake3,97,3,0
4953c2b4-fbcb-4eef-8875-a6955567bcd6,144,6ed2b958-4c39-40e3-9c0c-6666e7b9dace,Snake4,99,3,0
4953c2b4-fbcb-4eef-8875-a6955567bcd6,145,6788d800-c260-486e-8deb-a241a4427f0e,Snake1,97,16,1
4953c2b4-fbcb-4eef-8875-a6955567bcd6,145,0eab7d16-907f-4ac8-9f76-012229188da5,Snake2,100,12,1
4953c2b4-fbcb-4eef-8875-a6955567bcd6,145,85c884e1-710e-4ea1-8ea8-e5d89e92679c,Snake3,97,3,0
4953c2b4-fbcb-4eef-8875-a6955567bcd6,145,6ed2b958-4c39-40e3-9c0c-6666e7b9dace,Snake4,99,3,0
4953c2b4-fbcb-4eef-8875-a6955567bcd6,145,6788d800-c260-486e-8deb-a241a4427f0e,Snake1,97,16,1
4953c2b4-fbcb-4eef-8875-a6955567bcd6,145,0eab7d16-907f-4ac8-9f76-012229188da5,Snake2,100,12,1
4953c2b4-fbcb-4eef-8875-a6955567bcd6,145,85c884e1-710e-4ea1-8ea8-e5d89e92679c,Snake3,97,3,0
4953c2b4-fbcb-4eef-8875-a6955567bcd6,145,6ed2b958-4c39-40e3-9c0c-6666e7b9dace,Snake4,99,3,0
4953c2b4-fbcb-4eef-8875-a6955567bcd6,146,6788d800-c260-486e-8deb-a241a4427f0e,Snake1,96,16,1
4953c2b4-fbcb-4eef-8875-a6955567bcd6,146,0eab7d16-907f-4ac8-9f76-012229188da5,Snake2,99,12,1
4953c2b4-fbcb-4eef-8875-a6955567bcd6,146,85c884e1-710e-4ea1-8ea8-e5d89e92679c,Snake3,97,3,0
4953c2b4-fbcb-4eef-8875-a6955567bcd6,146,6ed2b958-4c39-40e3-9c0c-6666e7b9dace,Snake4,99,3,0
4953c2b4-fbcb-4eef-8875-a6955567bcd6,146,6788d800-c260-486e-8deb-a241a4427f0e,Snake1,96,16,1
4953c2b4-fbcb-4eef-8875-a6955567bcd6,146,0eab7d16-907f-4ac8-9f76-012229188da5,Snake2,99,12,1
4953c2b4-fbcb-4eef-8875-a6955567bcd6,146,85c884e1-710e-4ea1-8ea8-e5d89e92679c,Snake3,97,3,0
4953c2b4-fbcb-4eef-8875-a6955567bcd6,146,6ed2b958-4c39-40e3-9c0c-6666e7b9dace,Snake4,99,3,0
4953c2b4-fbcb-4eef-8875-a6955567bcd6,147,6788d800-c260-486e-8deb-a241a4427f0e,Snake1,95,16,1
4953c2b4-fbcb-4eef-8875-a6955567bcd6,147,0eab7d16-907f-4ac8-9f76-012229188da5,Snake2,98,12,1
4953c2b4-fbcb-4eef-8875-a6955567bcd6,147,85c884e1-710e-4ea1-8ea8-e5d89e92679c,Snake3,97,3,0
4953c2b4-fbcb-4eef-8875-a6955567bcd6,147,6ed2b958-4c39-40e3-9c0c-6666e7b9dace,Snake4,99,3,0
4953c2b4-fbcb-4eef-8875-a6955567bcd6,147,6788d800-c260-486e-8deb-a241a4427f0e,Snake1,95,16,1
4953c2b4-fbcb-4eef-8875-a6955567bcd6,147,0eab7d16-907f-4ac8-9f76-012229188da5,Snake2,98,12,1
4953c2b4-fbcb-4eef-8875-a6955567bcd6,147,85c884e1-710e-4ea1-8ea8-e5d89e92679c,Snake3,97,3,0
4953c2b4-fbcb-4eef-8875-a6955567bcd6,147,6ed2b958-4c39-40e3-9c0c-6666e7b9dace,Snake4,99,3,0
4953c2b4-fbcb-4eef-8875-a6955567bcd6,148,6788d800-c260-486e-8deb-a241a4427f0e,Snake1,94,16,1
4953c2b4-fbcb-4eef-8875-a6955567bcd6,148,0eab7d16-907f-4ac8-9f76-012229188da5,Snake2,97,12,1
4953c2b4-fbcb-4eef-8875-a6955567bcd6,148,85c884e1-710e-4ea1-8ea8-e5d89e92679c,Snake3,97,3,0
4953c2b4-fbcb-4eef-8875-a6955567bcd6,148,6ed2b958-4c39-40e3-9c0c-6666e7b9dace,Snake4,99,3,0
4953c2b4-fbcb-4eef-8875-a6955567bcd6,148,6788d800-c260-486e-8deb-a241a4427f0e,Snake1,94,16,1
4953c2b4-fbcb-4eef-8875-a6955567bcd6,148,0eab7d16-907f-4ac8-9f76-012229188da5,Snake2,97,12,1
4953c2b4-fbcb-4eef-8875-a6955567bcd6,148,85c884e1-710e-4ea1-8ea8-e5d89e92679c,Snake3,97,3,0
4953c2b4-fbcb-4eef-8875-a6955567bcd6,148,6ed2b958-4c39-40e3-9c0c-6666e7b9dace,Snake4,99,3,0
4953c2b4-fbcb-4eef-8875-a6955567bcd6,149,6788d800-c260-486e-8deb-a241a4427f0e,Snake1,93,16,1
4953c2b4-fbcb-4eef-8875-a6955567bcd6,149,0eab7d16-907f-4ac8-9f76-012229188da5,Snake2,96,12,1
4953c2b4-fbcb-4eef-8875-a6955567bcd6,149,85c884e1-710e-4ea1-8ea8-e5d89e92679c,Snake3,97,3,0
4953c2b4-fbcb-4eef-8875-a6955567bcd6,149,6ed2b958-4c39-40e3-9c0c-6666e7b9dace,Snake4,99,3,0
4953c2b4-fbcb-4eef-8875-a6955567bcd6,149,6788d800-c260-486e-8deb-a241a4427f0e,Snake1,93,16,1
4953c2b4-fbcb-4eef-8875-a6955567bcd6,149,0eab7d16-907f-4ac8-9f76-012229188da5,Snake2,96,12,1
4953c2b4-fbcb-4eef-8875-a6955567bcd6,149,85c884e1-710e-4ea1-8ea8-e5d89e92679c,Snake3,97,3,0
4953c2b4-fbcb-4eef-8875-a6955567bcd6,149,6ed2b958-4c39-40e3-9c0c-6666e7b9dace,Snake4,99,3,0
4953c2b4-fbcb-4eef-8875-a6955567bcd6,150,6788d800-c260-486e-8deb-a241a4427f0e,Snake1,92,16,1
4953c2b4-fbcb-4eef-8875-a6955567bcd6,150,0eab7d16-907f-4ac8-9f76-012229188da5,Snake2,95,12,1
4953c2b4-fbcb-4eef-8875-a6955567bcd6,150,85c884e1-710e-4ea1-8ea8-e5d89e92679c,Snake3,97,3,0
4953c2b4-fbcb-4eef-8875-a6955567bcd6,150,6ed2b958-4c39-40e3-9c0c-6666e7b9dace,Snake4,99,3,0
4953c2b4-fbcb-4eef-8875-a6955567bcd6,150,6788d800-c260-486e-8deb-a241a4427f0e,Snake1,92,16,1
4953c2b4-fbcb-4eef-8875-a6955567bcd6,150,0eab7d16-907f-4ac8-9f76-012229188da5,Snake2,95,12,1
4953c2b4-fbcb-4eef-8875-a6955567bcd6,150,85c884e1-710e-4ea1-8ea8-e5d89e92679c,Snake3,97,3,0
4953c2b4-fbcb-4eef-8875-a6955567bcd6,150,6ed2b958-4c39-40e3-9c0c-6666e7b9dace,Snake4,99,3,0
4953c2b4-fbcb-4eef-8875-a6955567bcd6,151,6788d800-c260-486e-8deb-a241a4427f0e,Snake1,91,16,1
4953c2b4-fbcb-4eef-8875-a6955567bcd6,151,0eab7d16-907f-4ac8-9f76-012229188da5,Snake2,94,12,1
4953c2b4-fbcb-4eef-8875-a6955567bcd6,151,85c884e1-710e-4ea1-8ea8-e5d89e92679c,Snake3,97,3,0
4953c2b4-fbcb-4eef-8875-a6955567bcd6,151,6ed2b958-4c39-40e3-9c0c-6666e7b9dace,Snake4,99,3,0
4953c2b4-fbcb-4eef-8875-a6955567bcd6,151,6788d800-c260-486e-8deb-a241a4427f0e,Snake1,91,16,1
4953c2b4-fbcb-4eef-8875-a6955567bcd6,151,0eab7d16-907f-4ac8-9f76-012229188da5,Snake2,94,12,1
4953c2b4-fbcb-4eef-8875-a6955567bcd6,151,85c884e1-710e-4ea1-8ea8-e5d89e92679c,Snake3,97,3,0
4953c2b4-fbcb-4eef-8875-a6955567bcd6,151,6ed2b958-4c39-40e3-9c0c-6666e7b9dace,Snake4,99,3,0
4953c2b4-fbcb-4eef-8875-a6955567bcd6,152,6788d800-c260-486e-8deb-a241a4427f0e,Snake1,90,16,1
4953c2b4-fbcb-4eef-8875-a6955567bcd6,152,0eab7d16-907f-4ac8-9f76-012229188da5,Snake2,93,12,1
4953c2b4-fbcb-4eef-8875-a6955567bcd6,152,85c884e1-710e-4ea1-8ea8-e5d89e92679c,Snake3,97,3,0
4953c2b4-fbcb-4eef-8875-a6955567bcd6,152,6ed2b958-4c39-40e3-9c0c-6666e7b9dace,Snake4,99,3,0
4953c2b4-fbcb-4eef-8875-a6955567bcd6,152,6788d800-c260-486e-8deb-a241a4427f0e,Snake1,90,16,1
4953c2b4-fbcb-4eef-8875-a6955567bcd6,152,0eab7d16-907f-4ac8-9f76-012229188da5,Snake2,93,12,1
4953c2b4-fbcb-4eef-8875-a6955567bcd6,152,85c884e1-710e-4ea1-8ea8-e5d89e92679c,Snake3,97,3,0
4953c2b4-fbcb-4eef-8875-a6955567bcd6,152,6ed2b958-4c39-40e3-9c0c-6666e7b9dace,Snake4,99,3,0
4953c2b4-fbcb-4eef-8875-a6955567bcd6,153,6788d800-c260-486e-8deb-a241a4427f0e,Snake1,89,16,1
4953c2b4-fbcb-4eef-8875-a6955567bcd6,153,0eab7d16-907f-4ac8-9f76-012229188da5,Snake2,92,12,1
4953c2b4-fbcb-4eef-8875-a6955567bcd6,153,85c884e1-710e-4ea1-8ea8-e5d89e92679c,Snake3,97,3,0
4953c2b4-fbcb-4eef-8875-a6955567bcd6,153,6ed2b958-4c39-40e3-9c0c-6666e7b9dace,Snake4,99,3,0
4953c2b4-fbcb-4eef-8875-a6955567bcd6,154,6788d800-c260-486e-8deb-a241a4427f0e,Snake1,88,16,1
4953c2b4-fbcb-4eef-8875-a6955567bcd6,154,0eab7d16-907f-4ac8-9f76-012229188da5,Snake2,91,12,1
4953c2b4-fbcb-4eef-8875-a6955567bcd6,154,85c884e1-710e-4ea1-8ea8-e5d89e92679c,Snake3,97,3,0
4953c2b4-fbcb-4eef-8875-a6955567bcd6,154,6ed2b958-4c39-40e3-9c0c-6666e7b9dace,Snake4,99,3,0
4953c2b4-fbcb-4eef-8875-a6955567bcd6,155,6788d800-c260-486e-8deb-a241a4427f0e,Snake1,73,16,1
4953c2b4-fbcb-4eef-8875-a6955567bcd6,155,0eab7d16-907f-4ac8-9f76-012229188da5,Snake2,90,12,1
4953c2b4-fbcb-4eef-8875-a6955567bcd6,155,85c884e1-710e-4ea1-8ea8-e5d89e92679c,Snake3,97,3,0
4953c2b4-fbcb-4eef-8875-a6955567bcd6,155,6ed2b958-4c39-40e3-9c0c-6666e7b9dace,Snake4,99,3,0
4953c2b4-fbcb-4eef-8875-a6955567bcd6,156,6788d800-c260-486e-8deb-a241a4427f0e,Snake1,72,16,1
4953c2b4-fbcb-4eef-8875-a6955567bcd6,156,0eab7d16-907f-4ac8-9f76-012229188da5,Snake2,89,12,1
4953c2b4-fbcb-4eef-8875-a6955567bcd6,156,85c884e1-710e-4ea1-8ea8-e5d89e92679c,Snake3,97,3,0
4953c2b4-fbcb-4eef-8875-a6955567bcd6,156,6ed2b958-4c39-40e3-9c0c-6666e7b9dace,Snake4,99,3,0
4953c2b4-fbcb-4eef-8875-a6955567bcd6,156,6788d800-c260-486e-8deb-a241a4427f0e,Snake1,72,16,1
4953c2b4-fbcb-4eef-8875-a6955567bcd6,156,0eab7d16-907f-4ac8-9f76-012229188da5,Snake2,89,12,1
4953c2b4-fbcb-4eef-8875-a6955567bcd6,156,85c884e1-710e-4ea1-8ea8-e5d89e92679c,Snake3,97,3,0
4953c2b4-fbcb-4eef-8875-a6955567bcd6,156,6ed2b958-4c39-40e3-9c0c-6666e7b9dace,Snake4,99,3,0
4953c2b4-fbcb-4eef-8875-a6955567bcd6,157,6788d800-c260-486e-8deb-a241a4427f0e,Snake1,71,16,1
4953c2b4-fbcb-4eef-8875-a6955567bcd6,157,0eab7d16-907f-4ac8-9f76-012229188da5,Snake2,88,12,1
4953c2b4-fbcb-4eef-8875-a6955567bcd6,157,85c884e1-710e-4ea1-8ea8-e5d89e92679c,Snake3,97,3,0
4953c2b4-fbcb-4eef-8875-a6955567bcd6,157,6ed2b958-4c39-40e3-9c0c-6666e7b9dace,Snake4,99,3,0
4953c2b4-fbcb-4eef-8875-a6955567bcd6,157,6788d800-c260-486e-8deb-a241a4427f0e,Snake1,71,16,1
4953c2b4-fbcb-4eef-8875-a6955567bcd6,157,0eab7d16-907f-4ac8-9f76-012229188da5,Snake2,88,12,1
4953c2b4-fbcb-4eef-8875-a6955567bcd6,157,85c884e1-710e-4ea1-8ea8-e5d89e92679c,Snake3,97,3,0
4953c2b4-fbcb-4eef-8875-a6955567bcd6,157,6ed2b958-4c39-40e3-9c0c-6666e7b9dace,Snake4,99,3,0
4953c2b4-fbcb-4eef-8875-a6955567bcd6,158,6788d800-c260-486e-8deb-a241a4427f0e,Snake1,70,16,1
4953c2b4-fbcb-4eef-8875-a6955567bcd6,158,0eab7d16-907f-4ac8-9f76-012229188da5,Snake2,87,12,1
4953c2b4-fbcb-4eef-8875-a6955567bcd6,158,85c884e1-710e-4ea1-8ea8-e5d89e92679c,Snake3,97,3,0
4953c2b4-fbcb-4eef-8875-a6955567bcd6,158,6ed2b958-4c39-40e3-9c0c-6666e7b9dace,Snake4,99,3,0
4953c2b4-fbcb-4eef-8875-a6955567bcd6,158,6788d800-c260-486e-8deb-a241a4427f0e,Snake1,70,16,1
4953c2b4-fbcb-4eef-8875-a6955567bcd6,158,0eab7d16-907f-4ac8-9f76-012229188da5,Snake2,87,12,1
4953c2b4-fbcb-4eef-8875-a6955567bcd6,158,85c884e1-710e-4ea1-8ea8-e5d89e92679c,Snake3,97,3,0
4953c2b4-fbcb-4eef-8875-a6955567bcd6,158,6ed2b958-4c39-40e3-9c0c-6666e7b9dace,Snake4,99,3,0
4953c2b4-fbcb-4eef-8875-a6955567bcd6,159,6788d800-c260-486e-8deb-a241a4427f0e,Snake1,69,16,1
4953c2b4-fbcb-4eef-8875-a6955567bcd6,159,0eab7d16-907f-4ac8-9f76-012229188da5,Snake2,86,12,1
4953c2b4-fbcb-4eef-8875-a6955567bcd6,159,85c884e1-710e-4ea1-8ea8-e5d89e92679c,Snake3,97,3,0
4953c2b4-fbcb-4eef-8875-a6955567bcd6,159,6ed2b958-4c39-40e3-9c0c-6666e7b9dace,Snake4,99,3,0
4953c2b4-fbcb-4eef-8875-a6955567bcd6,159,6788d800-c260-486e-8deb-a241a4427f0e,Snake1,69,16,1
4953c2b4-fbcb-4eef-8875-a6955567bcd6,159,0eab7d16-907f-4ac8-9f76-012229188da5,Snake2,86,12,1
4953c2b4-fbcb-4eef-8875-a6955567bcd6,159,85c884e1-710e-4ea1-8ea8-e5d89e92679c,Snake3,97,3,0
4953c2b4-fbcb-4eef-8875-a6955567bcd6,159,6ed2b958-4c39-40e3-9c0c-6666e7b9dace,Snake4,99,3,0
4953c2b4-fbcb-4eef-8875-a6955567bcd6,160,6788d800-c260-486e-8deb-a241a4427f0e,Snake1,68,16,1
4953c2b4-fbcb-4eef-8875-a6955567bcd6,160,0eab7d16-907f-4ac8-9f76-012229188da5,Snake2,85,12,1
4953c2b4-fbcb-4eef-8875-a6955567bcd6,160,85c884e1-710e-4ea1-8ea8-e5d89e92679c,Snake3,97,3,0
4953c2b4-fbcb-4eef-8875-a6955567bcd6,160,6ed2b958-4c39-40e3-9c0c-6666e7b9dace,Snake4,99,3,0
4953c2b4-fbcb-4eef-8875-a6955567bcd6,160,6788d800-c260-486e-8deb-a241a4427f0e,Snake1,68,16,1
4953c2b4-fbcb-4eef-8875-a6955567bcd6,160,0eab7d16-907f-4ac8-9f76-012229188da5,Snake2,85,12,1
4953c2b4-fbcb-4eef-8875-a6955567bcd6,160,85c884e1-710e-4ea1-8ea8-e5d89e92679c,Snake3,97,3,0
4953c2b4-fbcb-4eef-8875-a6955567bcd6,160,6ed2b958-4c39-40e3-9c0c-6666e7b9dace,Snake4,99,3,0
4953c2b4-fbcb-4eef-8875-a6955567bcd6,161,6788d800-c260-486e-8deb-a241a4427f0e,Snake1,67,16,1
4953c2b4-fbcb-4eef-8875-a6955567bcd6,161,0eab7d16-907f-4ac8-9f76-012229188da5,Snake2,84,12,1
4953c2b4-fbcb-4eef-8875-a6955567bcd6,161,85c884e1-710e-4ea1-8ea8-e5d89e92679c,Snake3,97,3,0
4953c2b4-fbcb-4eef-8875-a6955567bcd6,161,6ed2b958-4c39-40e3-9c0c-6666e7b9dace,Snake4,99,3,0
4953c2b4-fbcb-4eef-8875-a6955567bcd6,161,6788d800-c260-486e-8deb-a241a4427f0e,Snake1,67,16,1
4953c2b4-fbcb-4eef-8875-a6955567bcd6,161,0eab7d16-907f-4ac8-9f76-012229188da5,Snake2,84,12,1
4953c2b4-fbcb-4eef-8875-a6955567bcd6,161,85c884e1-710e-4ea1-8ea8-e5d89e92679c,Snake3,97,3,0
4953c2b4-fbcb-4eef-8875-a6955567bcd6,161,6ed2b958-4c39-40e3-9c0c-6666e7b9dace,Snake4,99,3,0
4953c2b4-fbcb-4eef-8875-a6955567bcd6,162,6788d800-c260-486e-8deb-a241a4427f0e,Snake1,66,16,1
4953c2b4-fbcb-4eef-8875-a6955567bcd6,162,0eab7d16-907f-4ac8-9f76-012229188da5,Snake2,83,12,1
4953c2b4-fbcb-4eef-8875-a6955567bcd6,162,85c884e1-710e-4ea1-8ea8-e5d89e92679c,Snake3,97,3,0
4953c2b4-fbcb-4eef-8875-a6955567bcd6,162,6ed2b958-4c39-40e3-9c0c-6666e7b9dace,Snake4,99,3,0
4953c2b4-fbcb-4eef-8875-a6955567bcd6,162,6788d800-c260-486e-8deb-a241a4427f0e,Snake1,66,16,1
4953c2b4-fbcb-4eef-8875-a6955567bcd6,162,0eab7d16-907f-4ac8-9f76-012229188da5,Snake2,83,12,1
4953c2b4-fbcb-4eef-8875-a6955567bcd6,162,85c884e1-710e-4ea1-8ea8-e5d89e92679c,Snake3,97,3,0
4953c2b4-fbcb-4eef-8875-a6955567bcd6,162,6ed2b958-4c39-40e3-9c0c-6666e7b9dace,Snake4,99,3,0
4953c2b4-fbcb-4eef-8875-a6955567bcd6,163,6788d800-c260-486e-8deb-a241a4427f0e,Snake1,65,16,1
4953c2b4-fbcb-4eef-8875-a6955567bcd6,163,0eab7d16-907f-4ac8-9f76-012229188da5,Snake2,82,12,1
4953c2b4-fbcb-4eef-8875-a6955567bcd6,163,85c884e1-710e-4ea1-8ea8-e5d89e92679c,Snake3,97,3,0
4953c2b4-fbcb-4eef-8875-a6955567bcd6,163,6ed2b958-4c39-40e3-9c0c-6666e7b9dace,Snake4,99,3,0
4953c2b4-fbcb-4eef-8875-a6955567bcd6,163,6788d800-c260-486e-8deb-a241a4427f0e,Snake1,65,16,1
4953c2b4-fbcb-4eef-8875-a6955567bcd6,163,0eab7d16-907f-4ac8-9f76-012229188da5,Snake2,82,12,1
4953c2b4-fbcb-4eef-8875-a6955567bcd6,163,85c884e1-710e-4ea1-8ea8-e5d89e92679c,Snake3,97,3,0
4953c2b4-fbcb-4eef-8875-a6955567bcd6,163,6ed2b958-4c39-40e3-9c0c-6666e7b9dace,Snake4,99,3,0
4953c2b4-fbcb-4eef-8875-a6955567bcd6,164,6788d800-c260-486e-8deb-a241a4427f0e,Snake1,64,16,1
4953c2b4-fbcb-4eef-8875-a6955567bcd6,164,0eab7d16-907f-4ac8-9f76-012229188da5,Snake2,81,12,1
4953c2b4-fbcb-4eef-8875-a6955567bcd6,164,85c884e1-710e-4ea1-8ea8-e5d89e92679c,Snake3,97,3,0
4953c2b4-fbcb-4eef-8875-a6955567bcd6,164,6ed2b958-4c39-40e3-9c0c-6666e7b9dace,Snake4,99,3,0
4953c2b4-fbcb-4eef-8875-a6955567bcd6,164,6788d800-c260-486e-8deb-a241a4427f0e,Snake1,64,16,1
4953c2b4-fbcb-4eef-8875-a6955567bcd6,164,0eab7d16-907f-4ac8-9f76-012229188da5,Snake2,81,12,1
4953c2b4-fbcb-4eef-8875-a6955567bcd6,164,85c884e1-710e-4ea1-8ea8-e5d89e92679c,Snake3,97,3,0
4953c2b4-fbcb-4eef-8875-a6955567bcd6,164,6ed2b958-4c39-40e3-9c0c-6666e7b9dace,Snake4,99,3,0
4953c2b4-fbcb-4eef-8875-a6955567bcd6,165,6788d800-c260-486e-8deb-a241a4427f0e,Snake1,63,16,1
4953c2b4-fbcb-4eef-8875-a6955567bcd6,165,0eab7d16-907f-4ac8-9f76-012229188da5,Snake2,80,12,1
4953c2b4-fbcb-4eef-8875-a6955567bcd6,165,85c884e1-710e-4ea1-8ea8-e5d89e92679c,Snake3,97,3,0
4953c2b4-fbcb-4eef-8875-a6955567bcd6,165,6ed2b958-4c39-40e3-9c0c-6666e7b9dace,Snake4,99,3,0
4953c2b4-fbcb-4eef-8875-a6955567bcd6,165,6788d800-c260-486e-8deb-a241a4427f0e,Snake1,63,16,1
4953c2b4-fbcb-4eef-8875-a6955567bcd6,165,0eab7d16-907f-4ac8-9f76-012229188da5,Snake2,80,12,1
4953c2b4-fbcb-4eef-8875-a6955567bcd6,165,85c884e1-710e-4ea1-8ea8-e5d89e92679c,Snake3,97,3,0
4953c2b4-fbcb-4eef-8875-a6955567bcd6,165,6ed2b958-4c39-40e3-9c0c-6666e7b9dace,Snake4,99,3,0
4953c2b4-fbcb-4eef-8875-a6955567bcd6,166,6788d800-c260-486e-8deb-a241a4427f0e,Snake1,62,16,1
4953c2b4-fbcb-4eef-8875-a6955567bcd6,166,0eab7d16-907f-4ac8-9f76-012229188da5,Snake2,79,12,1
4953c2b4-fbcb-4eef-8875-a6955567bcd6,166,85c884e1-710e-4ea1-8ea8-e5d89e92679c,Snake3,97,3,0
4953c2b4-fbcb-4eef-8875-a6955567bcd6,166,6ed2b958-4c39-40e3-9c0c-6666e7b9dace,Snake4,99,3,0
4953c2b4-fbcb-4eef-8875-a6955567bcd6,166,6788d800-c260-486e-8deb-a241a4427f0e,Snake1,62,16,1
4953c2b4-fbcb-4eef-8875-a6955567bcd6,166,0eab7d16-907f-4ac8-9f76-012229188da5,Snake2,79,12,1
4953c2b4-fbcb-4eef-8875-a6955567bcd6,166,85c884e1-710e-4ea1-8ea8-e5d89e92679c,Snake3,97,3,0
4953c2b4-fbcb-4eef-8875-a6955567bcd6,166,6ed2b958-4c39-40e3-9c0c-6666e7b9dace,Snake4,99,3,0
4953c2b4-fbcb-4eef-8875-a6955567bcd6,167,6788d800-c260-486e-8deb-a241a4427f0e,Snake1,61,16,1
4953c2b4-fbcb-4eef-8875-a6955567bcd6,167,0eab7d16-907f-4ac8-9f76-012229188da5,Snake2,78,12,1
4953c2b4-fbcb-4eef-8875-a6955567bcd6,167,85c884e1-710e-4ea1-8ea8-e5d89e92679c,Snake3,97,3,0
4953c2b4-fbcb-4eef-8875-a6955567bcd6,167,6ed2b958-4c39-40e3-9c0c-6666e7b9dace,Snake4,99,3,0
4953c2b4-fbcb-4eef-8875-a6955567bcd6,168,6788d800-c260-486e-8deb-a241a4427f0e,Snake1,60,16,1
4953c2b4-fbcb-4eef-8875-a6955567bcd6,168,0eab7d16-907f-4ac8-9f76-012229188da5,Snake2,77,12,1
4953c2b4-fbcb-4eef-8875-a6955567bcd6,168,85c884e1-710e-4ea1-8ea8-e5d89e92679c,Snake3,97,3,0
4953c2b4-fbcb-4eef-8875-a6955567bcd6,168,6ed2b958-4c39-40e3-9c0c-6666e7b9dace,Snake4,99,3,0
4953c2b4-fbcb-4eef-8875-a6955567bcd6,168,6788d800-c260-486e-8deb-a241a4427f0e,Snake1,60,16,1
4953c2b4-fbcb-4eef-8875-a6955567bcd6,168,0eab7d16-907f-4ac8-9f76-012229188da5,Snake2,77,12,1
4953c2b4-fbcb-4eef-8875-a6955567bcd6,168,85c884e1-710e-4ea1-8ea8-e5d89e92679c,Snake3,97,3,0
4953c2b4-fbcb-4eef-8875-a6955567bcd6,168,6ed2b958-4c39-40e3-9c0c-6666e7b9dace,Snake4,99,3,0
4953c2b4-fbcb-4eef-8875-a6955567bcd6,169,6788d800-c260-486e-8deb-a241a4427f0e,Snake1,59,16,1
4953c2b4-fbcb-4eef-8875-a6955567bcd6,169,0eab7d16-907f-4ac8-9f76-012229188da5,Snake2,76,12,1
4953c2b4-fbcb-4eef-8875-a6955567bcd6,169,85c884e1-710e-4ea1-8ea8-e5d89e92679c,Snake3,97,3,0
4953c2b4-fbcb-4eef-8875-a6955567bcd6,169,6ed2b958-4c39-40e3-9c0c-6666e7b9dace,Snake4,99,3,0
4953c2b4-fbcb-4eef-8875-a6955567bcd6,169,6788d800-c260-486e-8deb-a241a4427f0e,Snake1,59,16,1
4953c2b4-fbcb-4eef-8875-a6955567bcd6,169,0eab7d16-907f-4ac8-9f76-012229188da5,Snake2,76,12,1
4953c2b4-fbcb-4eef-8875-a6955567bcd6,169,85c884e1-710e-4ea1-8ea8-e5d89e92679c,Snake3,97,3,0
4953c2b4-fbcb-4eef-8875-a6955567bcd6,169,6ed2b958-4c39-40e3-9c0c-6666e7b9dace,Snake4,99,3,0
4953c2b4-fbcb-4eef-8875-a6955567bcd6,170,6788d800-c260-486e-8deb-a241a4427f0e,Snake1,58,16,1
4953c2b4-fbcb-4eef-8875-a6955567bcd6,170,0eab7d16-907f-4ac8-9f76-012229188da5,Snake2,100,13,1
4953c2b4-fbcb-4eef-8875-a6955567bcd6,170,85c884e1-710e-4ea1-8ea8-e5d89e92679c,Snake3,97,3,0
4953c2b4-fbcb-4eef-8875-a6955567bcd6,170,6ed2b958-4c39-40e3-9c0c-6666e7b9dace,Snake4,99,3,0
4953c2b4-fbcb-4eef-8875-a6955567bcd6,170,6788d800-c260-486e-8deb-a241a4427f0e,Snake1,58,16,1
4953c2b4-fbcb-4eef-8875-a6955567bcd6,170,0eab7d16-907f-4ac8-9f76-012229188da5,Snake2,100,13,1
4953c2b4-fbcb-4eef-8875-a6955567bcd6,170,85c884e1-710e-4ea1-8ea8-e5d89e92679c,Snake3,97,3,0
4953c2b4-fbcb-4eef-8875-a6955567bcd6,170,6ed2b958-4c39-40e3-9c0c-6666e7b9dace,Snake4,99,3,0
4953c2b4-fbcb-4eef-8875-a6955567bcd6,171,6788d800-c260-486e-8deb-a241a4427f0e,Snake1,57,16,1
4953c2b4-fbcb-4eef-8875-a6955567bcd6,171,0eab7d16-907f-4ac8-9f76-012229188da5,Snake2,99,13,1
4953c2b4-fbcb-4eef-8875-a6955567bcd6,171,85c884e1-710e-4ea1-8ea8-e5d89e92679c,Snake3,97,3,0
4953c2b4-fbcb-4eef-8875-a6955567bcd6,171,6ed2b958-4c39-40e3-9c0c-6666e7b9dace,Snake4,99,3,0
4953c2b4-fbcb-4eef-8875-a6955567bcd6,171,6788d800-c260-486e-8deb-a241a4427f0e,Snake1,57,16,1
4953c2b4-fbcb-4eef-8875-a6955567bcd6,171,0eab7d16-907f-4ac8-9f76-012229188da5,Snake2,99,13,1
4953c2b4-fbcb-4eef-8875-a6955567bcd6,171,85c884e1-710e-4ea1-8ea8-e5d89e92679c,Snake3,97,3,0
4953c2b4-fbcb-4eef-8875-a6955567bcd6,171,6ed2b958-4c39-40e3-9c0c-6666e7b9dace,Snake4,99,3,0
4953c2b4-fbcb-4eef-8875-a6955567bcd6,172,6788d800-c260-486e-8deb-a241a4427f0e,Snake1,56,16,1
4953c2b4-fbcb-4eef-8875-a6955567bcd6,172,0eab7d16-907f-4ac8-9f76-012229188da5,Snake2,98,13,1
4953c2b4-fbcb-4eef-8875-a6955567bcd6,172,85c884e1-710e-4ea1-8ea8-e5d89e92679c,Snake3,97,3,0
4953c2b4-fbcb-4eef-8875-a6955567bcd6,172,6ed2b958-4c39-40e3-9c0c-6666e7b9dace,Snake4,99,3,0
4953c2b4-fbcb-4eef-8875-a6955567bcd6,172,6788d800-c260-486e-8deb-a241a4427f0e,Snake1,56,16,1
4953c2b4-fbcb-4eef-8875-a6955567bcd6,172,0eab7d16-907f-4ac8-9f76-012229188da5,Snake2,98,13,1
4953c2b4-fbcb-4eef-8875-a6955567bcd6,172,85c884e1-710e-4ea1-8ea8-e5d89e92679c,Snake3,97,3,0
4953c2b4-fbcb-4eef-8875-a6955567bcd6,172,6ed2b958-4c39-40e3-9c0c-6666e7b9dace,Snake4,99,3,0
4953c2b4-fbcb-4eef-8875-a6955567bcd6,173,6788d800-c260-486e-8deb-a241a4427f0e,Snake1,55,16,1
4953c2b4-fbcb-4eef-8875-a6955567bcd6,173,0eab7d16-907f-4ac8-9f76-012229188da5,Snake2,97,13,1
4953c2b4-fbcb-4eef-8875-a6955567bcd6,173,85c884e1-710e-4ea1-8ea8-e5d89e92679c,Snake3,97,3,0
4953c2b4-fbcb-4eef-8875-a6955567bcd6,173,6ed2b958-4c39-40e3-9c0c-6666e7b9dace,Snake4,99,3,0
4953c2b4-fbcb-4eef-8875-a6955567bcd6,173,6788d800-c260-486e-8deb-a241a4427f0e,Snake1,55,16,1
4953c2b4-fbcb-4eef-8875-a6955567bcd6,173,0eab7d16-907f-4ac8-9f76-012229188da5,Snake2,97,13,1
4953c2b4-fbcb-4eef-8875-a6955567bcd6,173,85c884e1-710e-4ea1-8ea8-e5d89e92679c,Snake3,97,3,0
4953c2b4-fbcb-4eef-8875-a6955567bcd6,173,6ed2b958-4c39-40e3-9c0c-6666e7b9dace,Snake4,99,3,0
4953c2b4-fbcb-4eef-8875-a6955567bcd6,174,6788d800-c260-486e-8deb-a241a4427f0e,Snake1,54,16,1
4953c2b4-fbcb-4eef-8875-a6955567bcd6,174,0eab7d16-907f-4ac8-9f76-012229188da5,Snake2,96,13,1
4953c2b4-fbcb-4eef-8875-a6955567bcd6,174,85c884e1-710e-4ea1-8ea8-e5d89e92679c,Snake3,97,3,0
4953c2b4-fbcb-4eef-8875-a6955567bcd6,174,6ed2b958-4c39-40e3-9c0c-6666e7b9dace,Snake4,99,3,0
4953c2b4-fbcb-4eef-8875-a6955567bcd6,174,6788d800-c260-486e-8deb-a241a4427f0e,Snake1,54,16,1
4953c2b4-fbcb-4eef-8875-a6955567bcd6,174,0eab7d16-907f-4ac8-9f76-012229188da5,Snake2,96,13,1
4953c2b4-fbcb-4eef-8875-a6955567bcd6,174,85c884e1-710e-4ea1-8ea8-e5d89e92679c,Snake3,97,3,0
4953c2b4-fbcb-4eef-8875-a6955567bcd6,174,6ed2b958-4c39-40e3-9c0c-6666e7b9dace,Snake4,99,3,0
4953c2b4-fbcb-4eef-8875-a6955567bcd6,175,6788d800-c260-486e-8deb-a241a4427f0e,Snake1,53,16,1
4953c2b4-fbcb-4eef-8875-a6955567bcd6,175,0eab7d16-907f-4ac8-9f76-012229188da5,Snake2,95,13,1
4953c2b4-fbcb-4eef-8875-a6955567bcd6,175,85c884e1-710e-4ea1-8ea8-e5d89e92679c,Snake3,97,3,0
4953c2b4-fbcb-4eef-8875-a6955567bcd6,175,6ed2b958-4c39-40e3-9c0c-6666e7b9dace,Snake4,99,3,0
4953c2b4-fbcb-4eef-8875-a6955567bcd6,175,6788d800-c260-486e-8deb-a241a4427f0e,Snake1,53,16,1
4953c2b4-fbcb-4eef-8875-a6955567bcd6,175,0eab7d16-907f-4ac8-9f76-012229188da5,Snake2,95,13,1
4953c2b4-fbcb-4eef-8875-a6955567bcd6,175,85c884e1-710e-4ea1-8ea8-e5d89e92679c,Snake3,97,3,0
4953c2b4-fbcb-4eef-8875-a6955567bcd6,175,6ed2b958-4c39-40e3-9c0c-6666e7b9dace,Snake4,99,3,0
4953c2b4-fbcb-4eef-8875-a6955567bcd6,176,6788d800-c260-486e-8deb-a241a4427f0e,Snake1,52,16,1
4953c2b4-fbcb-4eef-8875-a6955567bcd6,176,0eab7d16-907f-4ac8-9f76-012229188da5,Snake2,94,13,1
4953c2b4-fbcb-4eef-8875-a6955567bcd6,176,85c884e1-710e-4ea1-8ea8-e5d89e92679c,Snake3,97,3,0
4953c2b4-fbcb-4eef-8875-a6955567bcd6,176,6ed2b958-4c39-40e3-9c0c-6666e7b9dace,Snake4,99,3,0
4953c2b4-fbcb-4eef-8875-a6955567bcd6,176,6788d800-c260-486e-8deb-a241a4427f0e,Snake1,52,16,1
4953c2b4-fbcb-4eef-8875-a6955567bcd6,176,0eab7d16-907f-4ac8-9f76-012229188da5,Snake2,94,13,1
4953c2b4-fbcb-4eef-8875-a6955567bcd6,176,85c884e1-710e-4ea1-8ea8-e5d89e92679c,Snake3,97,3,0
4953c2b4-fbcb-4eef-8875-a6955567bcd6,176,6ed2b958-4c39-40e3-9c0c-6666e7b9dace,Snake4,99,3,0
4953c2b4-fbcb-4eef-8875-a6955567bcd6,177,6788d800-c260-486e-8deb-a241a4427f0e,Snake1,51,16,1
4953c2b4-fbcb-4eef-8875-a6955567bcd6,177,0eab7d16-907f-4ac8-9f76-012229188da5,Snake2,93,13,1
4953c2b4-fbcb-4eef-8875-a6955567bcd6,177,85c884e1-710e-4ea1-8ea8-e5d89e92679c,Snake3,97,3,0
4953c2b4-fbcb-4eef-8875-a6955567bcd6,177,6ed2b958-4c39-40e3-9c0c-6666e7b9dace,Snake4,99,3,0
4953c2b4-fbcb-4eef-8875-a6955567bcd6,177,6788d800-c260-486e-8deb-a241a4427f0e,Snake1,51,16,1
4953c2b4-fbcb-4eef-8875-a6955567bcd6,177,0eab7d16-907f-4ac8-9f76-012229188da5,Snake2,93,13,1
4953c2b4-fbcb-4eef-8875-a6955567bcd6,177,85c884e1-710e-4ea1-8ea8-e5d89e92679c,Snake3,97,3,0
4953c2b4-fbcb-4eef-8875-a6955567bcd6,177,6ed2b958-4c39-40e3-9c0c-6666e7b9dace,Snake4,99,3,0
4953c2b4-fbcb-4eef-8875-a6955567bcd6,178,6788d800-c260-486e-8deb-a241a4427f0e,Snake1,50,16,1
4953c2b4-fbcb-4eef-8875-a6955567bcd6,178,0eab7d16-907f-4ac8-9f76-012229188da5,Snake2,92,13,1
4953c2b4-fbcb-4eef-8875-a6955567bcd6,178,85c884e1-710e-4ea1-8ea8-e5d89e92679c,Snake3,97,3,0
4953c2b4-fbcb-4eef-8875-a6955567bcd6,178,6ed2b958-4c39-40e3-9c0c-6666e7b9dace,Snake4,99,3,0
4953c2b4-fbcb-4eef-8875-a6955567bcd6,178,6788d800-c260-486e-8deb-a241a4427f0e,Snake1,50,16,1
4953c2b4-fbcb-4eef-8875-a6955567bcd6,178,0eab7d16-907f-4ac8-9f76-012229188da5,Snake2,92,13,1
4953c2b4-fbcb-4eef-8875-a6955567bcd6,178,85c884e1-710e-4ea1-8ea8-e5d89e92679c,Snake3,97,3,0
4953c2b4-fbcb-4eef-8875-a6955567bcd6,178,6ed2b958-4c39-40e3-9c0c-6666e7b9dace,Snake4,99,3,0
4953c2b4-fbcb-4eef-8875-a6955567bcd6,179,6788d800-c260-486e-8deb-a241a4427f0e,Snake1,35,16,1
4953c2b4-fbcb-4eef-8875-a6955567bcd6,179,0eab7d16-907f-4ac8-9f76-012229188da5,Snake2,91,13,1
4953c2b4-fbcb-4eef-8875-a6955567bcd6,179,85c884e1-710e-4ea1-8ea8-e5d89e92679c,Snake3,97,3,0
4953c2b4-fbcb-4eef-8875-a6955567bcd6,179,6ed2b958-4c39-40e3-9c0c-6666e7b9dace,Snake4,99,3,0
4953c2b4-fbcb-4eef-8875-a6955567bcd6,179,6788d800-c260-486e-8deb-a241a4427f0e,Snake1,35,16,1
4953c2b4-fbcb-4eef-8875-a6955567bcd6,179,0eab7d16-907f-4ac8-9f76-012229188da5,Snake2,91,13,1
4953c2b4-fbcb-4eef-8875-a6955567bcd6,179,85c884e1-710e-4ea1-8ea8-e5d89e92679c,Snake3,97,3,0
4953c2b4-fbcb-4eef-8875-a6955567bcd6,179,6ed2b958-4c39-40e3-9c0c-6666e7b9dace,Snake4,99,3,0
4953c2b4-fbcb-4eef-8875-a6955567bcd6,180,6788d800-c260-486e-8deb-a241a4427f0e,Snake1,34,16,1
4953c2b4-fbcb-4eef-8875-a6955567bcd6,180,0eab7d16-907f-4ac8-9f76-012229188da5,Snake2,90,13,1
4953c2b4-fbcb-4eef-8875-a6955567bcd6,180,85c884e1-710e-4ea1-8ea8-e5d89e92679c,Snake3,97,3,0
4953c2b4-fbcb-4eef-8875-a6955567bcd6,180,6ed2b958-4c39-40e3-9c0c-6666e7b9dace,Snake4,99,3,0
4953c2b4-fbcb-4eef-8875-a6955567bcd6,180,6788d800-c260-486e-8deb-a241a4427f0e,Snake1,34,16,1
4953c2b4-fbcb-4eef-8875-a6955567bcd6,180,0eab7d16-907f-4ac8-9f76-012229188da5,Snake2,90,13,1
4953c2b4-fbcb-4eef-8875-a6955567bcd6,180,85c884e1-710e-4ea1-8ea8-e5d89e92679c,Snake3,97,3,0
4953c2b4-fbcb-4eef-8875-a6955567bcd6,180,6ed2b958-4c39-40e3-9c0c-6666e7b9dace,Snake4,99,3,0
4953c2b4-fbcb-4eef-8875-a6955567bcd6,181,6788d800-c260-486e-8deb-a241a4427f0e,Snake1,33,16,1
4953c2b4-fbcb-4eef-8875-a6955567bcd6,181,0eab7d16-907f-4ac8-9f76-012229188da5,Snake2,89,13,1
4953c2b4-fbcb-4eef-8875-a6955567bcd6,181,85c884e1-710e-4ea1-8ea8-e5d89e92679c,Snake3,97,3,0
4953c2b4-fbcb-4eef-8875-a6955567bcd6,181,6ed2b958-4c39-40e3-9c0c-6666e7b9dace,Snake4,99,3,0
4953c2b4-fbcb-4eef-8875-a6955567bcd6,181,6788d800-c260-486e-8deb-a241a4427f0e,Snake1,33,16,1
4953c2b4-fbcb-4eef-8875-a6955567bcd6,181,0eab7d16-907f-4ac8-9f76-012229188da5,Snake2,89,13,1
4953c2b4-fbcb-4eef-8875-a6955567bcd6,181,85c884e1-710e-4ea1-8ea8-e5d89e92679c,Snake3,97,3,0
4953c2b4-fbcb-4eef-8875-a6955567bcd6,181,6ed2b958-4c39-40e3-9c0c-6666e7b9dace,Snake4,99,3,0
4953c2b4-fbcb-4eef-8875-a6955567bcd6,182,6788d800-c260-486e-8deb-a241a4427f0e,Snake1,32,16,1
4953c2b4-fbcb-4eef-8875-a6955567bcd6,182,0eab7d16-907f-4ac8-9f76-012229188da5,Snake2,88,13,1
4953c2b4-fbcb-4eef-8875-a6955567bcd6,182,85c884e1-710e-4ea1-8ea8-e5d89e92679c,Snake3,97,3,0
4953c2b4-fbcb-4eef-8875-a6955567bcd6,182,6ed2b958-4c39-40e3-9c0c-6666e7b9dace,Snake4,99,3,0
4953c2b4-fbcb-4eef-8875-a6955567bcd6,182,6788d800-c260-486e-8deb-a241a4427f0e,Snake1,32,16,1
4953c2b4-fbcb-4eef-8875-a6955567bcd6,182,0eab7d16-907f-4ac8-9f76-012229188da5,Snake2,88,13,1
4953c2b4-fbcb-4eef-8875-a6955567bcd6,182,85c884e1-710e-4ea1-8ea8-e5d89e92679c,Snake3,97,3,0
4953c2b4-fbcb-4eef-8875-a6955567bcd6,182,6ed2b958-4c39-40e3-9c0c-6666e7b9dace,Snake4,99,3,0
4953c2b4-fbcb-4eef-8875-a6955567bcd6,183,6788d800-c260-486e-8deb-a241a4427f0e,Snake1,31,16,1
4953c2b4-fbcb-4eef-8875-a6955567bcd6,183,0eab7d16-907f-4ac8-9f76-012229188da5,Snake2,87,13,1
4953c2b4-fbcb-4eef-8875-a6955567bcd6,183,85c884e1-710e-4ea1-8ea8-e5d89e92679c,Snake3,97,3,0
4953c2b4-fbcb-4eef-8875-a6955567bcd6,183,6ed2b958-4c39-40e3-9c0c-6666e7b9dace,Snake4,99,3,0
4953c2b4-fbcb-4eef-8875-a6955567bcd6,183,6788d800-c260-486e-8deb-a241a4427f0e,Snake1,31,16,1
4953c2b4-fbcb-4eef-8875-a6955567bcd6,183,0eab7d16-907f-4ac8-9f76-012229188da5,Snake2,87,13,1
4953c2b4-fbcb-4eef-8875-a6955567bcd6,183,85c884e1-710e-4ea1-8ea8-e5d89e92679c,Snake3,97,3,0
4953c2b4-fbcb-4eef-8875-a6955567bcd6,183,6ed2b958-4c39-40e3-9c0c-6666e7b9dace,Snake4,99,3,0
4953c2b4-fbcb-4eef-8875-a6955567bcd6,184,6788d800-c260-486e-8deb-a241a4427f0e,Snake1,30,16,1
4953c2b4-fbcb-4eef-8875-a6955567bcd6,184,0eab7d16-907f-4ac8-9f76-012229188da5,Snake2,86,13,1
4953c2b4-fbcb-4eef-8875-a6955567bcd6,184,85c884e1-710e-4ea1-8ea8-e5d89e92679c,Snake3,97,3,0
4953c2b4-fbcb-4eef-8875-a6955567bcd6,184,6ed2b958-4c39-40e3-9c0c-6666e7b9dace,Snake4,99,3,0
4953c2b4-fbcb-4eef-8875-a6955567bcd6,184,6788d800-c260-486e-8deb-a241a4427f0e,Snake1,30,16,1
4953c2b4-fbcb-4eef-8875-a6955567bcd6,184,0eab7d16-907f-4ac8-9f76-012229188da5,Snake2,86,13,1
4953c2b4-fbcb-4eef-8875-a6955567bcd6,184,85c884e1-710e-4ea1-8ea8-e5d89e92679c,Snake3,97,3,0
4953c2b4-fbcb-4eef-8875-a6955567bcd6,184,6ed2b958-4c39-40e3-9c0c-6666e7b9dace,Snake4,99,3,0
4953c2b4-fbcb-4eef-8875-a6955567bcd6,185,6788d800-c260-486e-8deb-a241a4427f0e,Snake1,29,16,1
4953c2b4-fbcb-4eef-8875-a6955567bcd6,185,0eab7d16-907f-4ac8-9f76-012229188da5,Snake2,85,13,1
4953c2b4-fbcb-4eef-8875-a6955567bcd6,185,85c884e1-710e-4ea1-8ea8-e5d89e92679c,Snake3,97,3,0
4953c2b4-fbcb-4eef-8875-a6955567bcd6,185,6ed2b958-4c39-40e3-9c0c-6666e7b9dace,Snake4,99,3,0
4953c2b4-fbcb-4eef-8875-a6955567bcd6,185,6788d800-c260-486e-8deb-a241a4427f0e,Snake1,29,16,1
4953c2b4-fbcb-4eef-8875-a6955567bcd6,185,0eab7d16-907f-4ac8-9f76-012229188da5,Snake2,85,13,1
4953c2b4-fbcb-4eef-8875-a6955567bcd6,185,85c884e1-710e-4ea1-8ea8-e5d89e92679c,Snake3,97,3,0
4953c2b4-fbcb-4eef-8875-a6955567bcd6,185,6ed2b958-4c39-40e3-9c0c-6666e7b9dace,Snake4,99,3,0
4953c2b4-fbcb-4eef-8875-a6955567bcd6,186,6788d800-c260-486e-8deb-a241a4427f0e,Snake1,28,16,1
4953c2b4-fbcb-4eef-8875-a6955567bcd6,186,0eab7d16-907f-4ac8-9f76-012229188da5,Snake2,84,13,1
4953c2b4-fbcb-4eef-8875-a6955567bcd6,186,85c884e1-710e-4ea1-8ea8-e5d89e92679c,Snake3,97,3,0
4953c2b4-fbcb-4eef-8875-a6955567bcd6,186,6ed2b958-4c39-40e3-9c0c-6666e7b9dace,Snake4,99,3,0
4953c2b4-fbcb-4eef-8875-a6955567bcd6,186,6788d800-c260-486e-8deb-a241a4427f0e,Snake1,28,16,1
4953c2b4-fbcb-4eef-8875-a6955567bcd6,186,0eab7d16-907f-4ac8-9f76-012229188da5,Snake2,84,13,1
4953c2b4-fbcb-4eef-8875-a6955567bcd6,186,85c884e1-710e-4ea1-8ea8-e5d89e92679c,Snake3,97,3,0
4953c2b4-fbcb-4eef-8875-a6955567bcd6,186,6ed2b958-4c39-40e3-9c0c-6666e7b9dace,Snake4,99,3,0
4953c2b4-fbcb-4eef-8875-a6955567bcd6,187,6788d800-c260-486e-8deb-a241a4427f0e,Snake1,27,16,1
4953c2b4-fbcb-4eef-8875-a6955567bcd6,187,0eab7d16-907f-4ac8-9f76-012229188da5,Snake2,83,13,1
4953c2b4-fbcb-4eef-8875-a6955567bcd6,187,85c884e1-710e-4ea1-8ea8-e5d89e92679c,Snake3,97,3,0
4953c2b4-fbcb-4eef-8875-a6955567bcd6,187,6ed2b958-4c39-40e3-9c0c-6666e7b9dace,Snake4,99,3,0
4953c2b4-fbcb-4eef-8875-a6955567bcd6,187,6788d800-c260-486e-8deb-a241a4427f0e,Snake1,27,16,1
4953c2b4-fbcb-4eef-8875-a6955567bcd6,187,0eab7d16-907f-4ac8-9f76-012229188da5,Snake2,83,13,1
4953c2b4-fbcb-4eef-8875-a6955567bcd6,187,85c884e1-710e-4ea1-8ea8-e5d89e92679c,Snake3,97,3,0
4953c2b4-fbcb-4eef-8875-a6955567bcd6,187,6ed2b958-4c39-40e3-9c0c-6666e7b9dace,Snake4,99,3,0
4953c2b4-fbcb-4eef-8875-a6955567bcd6,188,6788d800-c260-486e-8deb-a241a4427f0e,Snake1,26,16,1
4953c2b4-fbcb-4eef-8875-a6955567bcd6,188,0eab7d16-907f-4ac8-9f76-012229188da5,Snake2,100,14,1
4953c2b4-fbcb-4eef-8875-a6955567bcd6,188,85c884e1-710e-4ea1-8ea8-e5d89e92679c,Snake3,97,3,0
4953c2b4-fbcb-4eef-8875-a6955567bcd6,188,6ed2b958-4c39-40e3-9c0c-6666e7b9dace,Snake4,99,3,0
4953c2b4-fbcb-4eef-8875-a6955567bcd6,188,6788d800-c260-486e-8deb-a241a4427f0e,Snake1,26,16,1
4953c2b4-fbcb-4eef-8875-a6955567bcd6,188,0eab7d16-907f-4ac8-9f76-012229188da5,Snake2,100,14,1
4953c2b4-fbcb-4eef-8875-a6955567bcd6,188,85c884e1-710e-4ea1-8ea8-e5d89e92679c,Snake3,97,3,0
4953c2b4-fbcb-4eef-8875-a6955567bcd6,188,6ed2b958-4c39-40e3-9c0c-6666e7b9dace,Snake4,99,3,0
4953c2b4-fbcb-4eef-8875-a6955567bcd6,189,6788d800-c260-486e-8deb-a241a4427f0e,Snake1,25,16,1
4953c2b4-fbcb-4eef-8875-a6955567bcd6,189,0eab7d16-907f-4ac8-9f76-012229188da5,Snake2,99,14,1
4953c2b4-fbcb-4eef-8875-a6955567bcd6,189,85c884e1-710e-4ea1-8ea8-e5d89e92679c,Snake3,97,3,0
4953c2b4-fbcb-4eef-8875-a6955567bcd6,189,6ed2b958-4c39-40e3-9c0c-6666e7b9dace,Snake4,99,3,0
4953c2b4-fbcb-4eef-8875-a6955567bcd6,189,6788d800-c260-486e-8deb-a241a4427f0e,Snake1,25,16,1
4953c2b4-fbcb-4eef-8875-a6955567bcd6,189,0eab7d16-907f-4ac8-9f76-012229188da5,Snake2,99,14,1
4953c2b4-fbcb-4eef-8875-a6955567bcd6,189,85c884e1-710e-4ea1-8ea8-e5d89e92679c,Snake3,97,3,0
4953c2b4-fbcb-4eef-8875-a6955567bcd6,189,6ed2b958-4c39-40e3-9c0c-6666e7b9dace,Snake4,99,3,0
4953c2b4-fbcb-4eef-8875-a6955567bcd6,190,6788d800-c260-486e-8deb-a241a4427f0e,Snake1,24,16,1
4953c2b4-fbcb-4eef-8875-a6955567bcd6,190,0eab7d16-907f-4ac8-9f76-012229188da5,Snake2,100,15,1
4953c2b4-fbcb-4eef-8875-a6955567bcd6,190,85c884e1-710e-4ea1-8ea8-e5d89e92679c,Snake3,97,3,0
4953c2b4-fbcb-4eef-8875-a6955567bcd6,190,6ed2b958-4c39-40e3-9c0c-6666e7b9dace,Snake4,99,3,0
4953c2b4-fbcb-4eef-8875-a6955567bcd6,190,6788d800-c260-486e-8deb-a241a4427f0e,Snake1,24,16,1
4953c2b4-fbcb-4eef-8875-a6955567bcd6,190,0eab7d16-907f-4ac8-9f76-012229188da5,Snake2,100,15,1
4953c2b4-fbcb-4eef-8875-a6955567bcd6,190,85c884e1-710e-4ea1-8ea8-e5d89e92679c,Snake3,97,3,0
4953c2b4-fbcb-4eef-8875-a6955567bcd6,190,6ed2b958-4c39-40e3-9c0c-6666e7b9dace,Snake4,99,3,0
4953c2b4-fbcb-4eef-8875-a6955567bcd6,191,6788d800-c260-486e-8deb-a241a4427f0e,Snake1,23,16,1
4953c2b4-fbcb-4eef-8875-a6955567bcd6,191,0eab7d16-907f-4ac8-9f76-012229188da5,Snake2,99,15,1
4953c2b4-fbcb-4eef-8875-a6955567bcd6,191,85c884e1-710e-4ea1-8ea8-e5d89e92679c,Snake3,97,3,0
4953c2b4-fbcb-4eef-8875-a6955567bcd6,191,6ed2b958-4c39-40e3-9c0c-6666e7b9dace,Snake4,99,3,0
4953c2b4-fbcb-4eef-8875-a6955567bcd6,191,6788d800-c260-486e-8deb-a241a4427f0e,Snake1,23,16,1
4953c2b4-fbcb-4eef-8875-a6955567bcd6,191,0eab7d16-907f-4ac8-9f76-012229188da5,Snake2,99,15,1
4953c2b4-fbcb-4eef-8875-a6955567bcd6,191,85c884e1-710e-4ea1-8ea8-e5d89e92679c,Snake3,97,3,0
4953c2b4-fbcb-4eef-8875-a6955567bcd6,191,6ed2b958-4c39-40e3-9c0c-6666e7b9dace,Snake4,99,3,0
4953c2b4-fbcb-4eef-8875-a6955567bcd6,192,6788d800-c260-486e-8deb-a241a4427f0e,Snake1,22,16,1
4953c2b4-fbcb-4eef-8875-a6955567bcd6,192,0eab7d16-907f-4ac8-9f76-012229188da5,Snake2,98,15,1
4953c2b4-fbcb-4eef-8875-a6955567bcd6,192,85c884e1-710e-4ea1-8ea8-e5d89e92679c,Snake3,97,3,0
4953c2b4-fbcb-4eef-8875-a6955567bcd6,192,6ed2b958-4c39-40e3-9c0c-6666e7b9dace,Snake4,99,3,0
4953c2b4-fbcb-4eef-8875-a6955567bcd6,192,6788d800-c260-486e-8deb-a241a4427f0e,Snake1,22,16,1
4953c2b4-fbcb-4eef-8875-a6955567bcd6,192,0eab7d16-907f-4ac8-9f76-012229188da5,Snake2,98,15,1
4953c2b4-fbcb-4eef-8875-a6955567bcd6,192,85c884e1-710e-4ea1-8ea8-e5d89e92679c,Snake3,97,3,0
4953c2b4-fbcb-4eef-8875-a6955567bcd6,192,6ed2b958-4c39-40e3-9c0c-6666e7b9dace,Snake4,99,3,0
4953c2b4-fbcb-4eef-8875-a6955567bcd6,193,6788d800-c260-486e-8deb-a241a4427f0e,Snake1,21,16,1
4953c2b4-fbcb-4eef-8875-a6955567bcd6,193,0eab7d16-907f-4ac8-9f76-012229188da5,Snake2,97,15,1
4953c2b4-fbcb-4eef-8875-a6955567bcd6,193,85c884e1-710e-4ea1-8ea8-e5d89e92679c,Snake3,97,3,0
4953c2b4-fbcb-4eef-8875-a6955567bcd6,193,6ed2b958-4c39-40e3-9c0c-6666e7b9dace,Snake4,99,3,0
4953c2b4-fbcb-4eef-8875-a6955567bcd6,193,6788d800-c260-486e-8deb-a241a4427f0e,Snake1,21,16,1
4953c2b4-fbcb-4eef-8875-a6955567bcd6,193,0eab7d16-907f-4ac8-9f76-012229188da5,Snake2,97,15,1
4953c2b4-fbcb-4eef-8875-a6955567bcd6,193,85c884e1-710e-4ea1-8ea8-e5d89e92679c,Snake3,97,3,0
4953c2b4-fbcb-4eef-8875-a6955567bcd6,193,6ed2b958-4c39-40e3-9c0c-6666e7b9dace,Snake4,99,3,0
4953c2b4-fbcb-4eef-8875-a6955567bcd6,194,6788d800-c260-486e-8deb-a241a4427f0e,Snake1,20,16,1
4953c2b4-fbcb-4eef-8875-a6955567bcd6,194,0eab7d16-907f-4ac8-9f76-012229188da5,Snake2,96,15,1
4953c2b4-fbcb-4eef-8875-a6955567bcd6,194,85c884e1-710e-4ea1-8ea8-e5d89e92679c,Snake3,97,3,0
4953c2b4-fbcb-4eef-8875-a6955567bcd6,194,6ed2b958-4c39-40e3-9c0c-6666e7b9dace,Snake4,99,3,0
4953c2b4-fbcb-4eef-8875-a6955567bcd6,194,6788d800-c260-486e-8deb-a241a4427f0e,Snake1,20,16,1
4953c2b4-fbcb-4eef-8875-a6955567bcd6,194,0eab7d16-907f-4ac8-9f76-012229188da5,Snake2,96,15,1
4953c2b4-fbcb-4eef-8875-a6955567bcd6,194,85c884e1-710e-4ea1-8ea8-e5d89e92679c,Snake3,97,3,0
4953c2b4-fbcb-4eef-8875-a6955567bcd6,194,6ed2b958-4c39-40e3-9c0c-6666e7b9dace,Snake4,99,3,0
4953c2b4-fbcb-4eef-8875-a6955567bcd6,195,6788d800-c260-486e-8deb-a241a4427f0e,Snake1,100,17,1
4953c2b4-fbcb-4eef-8875-a6955567bcd6,195,0eab7d16-907f-4ac8-9f76-012229188da5,Snake2,96,15,0
4953c2b4-fbcb-4eef-8875-a6955567bcd6,195,85c884e1-710e-4ea1-8ea8-e5d89e92679c,Snake3,97,3,0
4953c2b4-fbcb-4eef-8875-a6955567bcd6,195,6ed2b958-4c39-40e3-9c0c-6666e7b9dace,Snake4,99,3,0
4953c2b4-fbcb-4eef-8875-a6955567bcd6,196,6788d800-c260-486e-8deb-a241a4427f0e,Snake1,100,17,1
4953c2b4-fbcb-4eef-8875-a6955567bcd6,196,0eab7d16-907f-4ac8-9f76-012229188da5,Snake2,96,15,0
4953c2b4-fbcb-4eef-8875-a6955567bcd6,196,85c884e1-710e-4ea1-8ea8-e5d89e92679c,Snake3,97,3,0
4953c2b4-fbcb-4eef-8875-a6955567bcd6,196,6ed2b958-4c39-40e3-9c0c-6666e7b9dace,Snake4,99,3,0
4953c2b4-fbcb-4eef-8875-a6955567bcd6,196,6788d800-c260-486e-8deb-a241a4427f0e,Snake1,100,17,1
4953c2b4-fbcb-4eef-8875-a6955567bcd6,196,0eab7d16-907f-4ac8-9f76-012229188da5,Snake2,96,15,0
4953c2b4-fbcb-4eef-8875-a6955567bcd6,196,85c884e1-710e-4ea1-8ea8-e5d89e92679c,Snake3,97,3,0
4953c2b4-fbcb-4eef-8875-a6955567bcd6,196,6ed2b958-4c39-40e3-9c0c-6666e7b9dace,Snake4,99,3,0
4953c2b4-fbcb-4eef-8875-a6955567bcd6,196,6788d800-c260-486e-8deb-a241a4427f0e,Snake1,100,17,1
4953c2b4-fbcb-4eef-8875-a6955567bcd6,196,0eab7d16-907f-4ac8-9f76-012229188da5,Snake2,83,3,0
4953c2b4-fbcb-4eef-8875-a6955567bcd6,196,85c884e1-710e-4ea1-8ea8-e5d89e92679c,Snake3,97,3,0
4953c2b4-fbcb-4eef-8875-a6955567bcd6,196,6ed2b958-4c39-40e3-9c0c-6666e7b9dace,Snake4,99,3,0
4953c2b4-fbcb-4eef-8875-a6955567bcd6,196,6788d800-c260-486e-8deb-a241a4427f0e,Snake1,100,17,1
4953c2b4-fbcb-4eef-8875-a6955567bcd6,196,0eab7d16-907f-4ac8-9f76-012229188da5,Snake2,99,3,0
4953c2b4-fbcb-4eef-8875-a6955567bcd6,196,85c884e1-710e-4ea1-8ea8-e5d89e92679c,Snake3,99,3,0
4953c2b4-fbcb-4eef-8875-a6955567bcd6,196,6ed2b958-4c39-40e3-9c0c-6666e7b9dace,Snake4,99,3,0
