game_id,turn,snake_id,snake_name,health,length,alive
fe3d8fb6-ab34-4301-a879-faf6265ecce5,0,1c639e93-99fa-4b23-bf8c-6c00b0223683,Snake1,100,3,1
fe3d8fb6-ab34-4301-a879-faf6265ecce5,0,c44ca278-cf87-425e-8142-65b18903a9a1,Snake2,100,3,1
fe3d8fb6-ab34-4301-a879-faf6265ecce5,1,1c639e93-99fa-4b23-bf8c-6c00b0223683,Snake1,99,3,1
fe3d8fb6-ab34-4301-a879-faf6265ecce5,1,c44ca278-cf87-425e-8142-65b18903a9a1,Snake2,99,3,1
fe3d8fb6-ab34-4301-a879-faf6265ecce5,1,1c639e93-99fa-4b23-bf8c-6c00b0223683,Snake1,99,3,1
fe3d8fb6-ab34-4301-a879-faf6265ecce5,1,c44ca278-cf87-425e-8142-65b18903a9a1,Snake2,99,3,1
fe3d8fb6-ab34-4301-a879-faf6265ecce5,2,1c639e93-99fa-4b23-bf8c-6c00b0223683,Snake1,98,3,1
fe3d8fb6-ab34-4301-a879-faf6265ecce5,2,c44ca278-cf87-425e-8142-65b18903a9a1,Snake2,98,3,1
fe3d8fb6-ab34-4301-a879-faf6265ecce5,2,1c639e93-99fa-4b23-bf8c-6c00b0223683,Snake1,98,3,1
fe3d8fb6-ab34-4301-a879-faf6265ecce5,2,c44ca278-cf87-425e-8142-65b18903a9a1,Snake2,98,3,1
fe3d8fb6-ab34-4301-a879-faf6265ecce5,3,1c639e93-99fa-4b23-bf8c-6c00b0223683,Snake1,97,3,1
fe3d8fb6-ab34-4301-a879-faf6265ecce5,3,c44ca278-cf87-425e-8142-65b18903a9a1,Snake2,97,3,1
fe3d8fb6-ab34-4301-a879-faf6265ecce5,3,1c639e93-99fa-4b23-bf8c-6c00b0223683,Snake1,97,3,1
fe3d8fb6-ab34-4301-a879-faf6265ecce5,3,c44ca278-cf87-425e-8142-65b18903a9a1,Snake2,97,3,1
fe3d8fb6-ab34-4301-a879-faf6265ecce5,4,1c639e93-99fa-4b23-bf8c-6c00b0223683,Snake1,100,4,1
fe3d8fb6-ab34-4301-a879-faf6265ecce5,4,c44ca278-cf87-425e-8142-65b18903a9a1,Snake2,96,3,1
fe3d8fb6-ab34-4301-a879-faf6265ecce5,4,1c639e93-99fa-4b23-bf8c-6c00b0223683,Snake1,100,4,1
fe3d8fb6-ab34-4301-a879-faf6265ecce5,4,c44ca278-cf87-425e-8142-65b18903a9a1,Snake2,96,3,1
fe3d8fb6-ab34-4301-a879-faf6265ecce5,5,1c639e93-99fa-4b23-bf8c-6c00b0223683,Snake1,99,4,1
fe3d8fb6-ab34-4301-a879-faf6265ecce5,5,c44ca278-cf87-425e-8142-65b18903a9a1,Snake2,95,3,1
fe3d8fb6-ab34-4301-a879-faf6265ecce5,6,1c639e93-99fa-4b23-bf8c-6c00b0223683,Snake1,100,5,1
fe3d8fb6-ab34-4301-a879-faf6265ecce5,6,c44ca278-cf87-425e-8142-65b18903a9a1,Snake2,94,3,1
fe3d8fb6-ab34-4301-a879-faf6265ecce5,6,1c639e93-99fa-4b23-bf8c-6c00b0223683,Snake1,100,5,1
fe3d8fb6-ab34-4301-a879-faf6265ecce5,6,c44ca278-cf87-425e-8142-65b18903a9a1,Snake2,94,3,1
fe3d8fb6-ab34-4301-a879-faf6265ecce5,7,1c639e93-99fa-4b23-bf8c-6c00b0223683,Snake1,99,5,1
fe3d8fb6-ab34-4301-a879-faf6265ecce5,7,c44ca278-cf87-425e-8142-65b18903a9a1,Snake2,93,3,1
fe3d8fb6-ab34-4301-a879-faf6265ecce5,7,1c639e93-99fa-4b23-bf8c-6c00b0223683,Snake1,99,5,1
fe3d8fb6-ab34-4301-a879-faf6265ecce5,7,c44ca278-cf87-425e-8142-65b18903a9a1,Snake2,93,3,1
fe3d8fb6-ab34-4301-a879-faf6265ecce5,8,1c639e93-99fa-4b23-bf8c-6c00b0223683,Snake1,98,5,1
fe3d8fb6-ab34-4301-a879-faf6265ecce5,8,c44ca278-cf87-425e-8142-65b18903a9a1,Snake2,92,3,1
fe3d8fb6-ab34-4301-a879-faf6265ecce5,8,1c639e93-99fa-4b23-bf8c-6c00b0223683,Snake1,98,5,1
fe3d8fb6-ab34-4301-a879-faf6265ecce5,8,c44ca278-cf87-425e-8142-65b18903a9a1,Snake2,92,3,1
fe3d8fb6-ab34-4301-a879-faf6265ecce5,9,1c639e93-99fa-4b23-bf8c-6c00b0223683,Snake1,97,5,1
fe3d8fb6-ab34-4301-a879-faf6265ecce5,9,c44ca278-cf87-425e-8142-65b18903a9a1,Snake2,91,3,1
fe3d8fb6-ab34-4301-a879-faf6265ecce5,9,1c639e93-99fa-4b23-bf8c-6c00b0223683,Snake1,97,5,1
fe3d8fb6-ab34-4301-a879-faf6265ecce5,9,c44ca278-cf87-425e-8142-65b18903a9a1,Snake2,91,3,1
fe3d8fb6-ab34-4301-a879-faf6265ecce5,10,1c639e93-99fa-4b23-bf8c-6c00b0223683,Snake1,96,5,1
fe3d8fb6-ab34-4301-a879-faf6265ecce5,10,c44ca278-cf87-425e-8142-65b18903a9a1,Snake2,90,3,1
fe3d8fb6-ab34-4301-a879-faf6265ecce5,10,1c639e93-99fa-4b23-bf8c-6c00b0223683,Snake1,96,5,1
fe3d8fb6-ab34-4301-a879-faf6265ecce5,10,c44ca278-cf87-425e-8142-65b18903a9a1,Snake2,90,3,1
fe3d8fb6-ab34-4301-a879-faf6265ecce5,11,1c639e93-99fa-4b23-bf8c-6c00b0223683,Snake1,100,6,1
fe3d8fb6-ab34-4301-a879-faf6265ecce5,11,c44ca278-cf87-425e-8142-65b18903a9a1,Snake2,89,3,1
fe3d8fb6-ab34-4301-a879-faf6265ecce5,11,1c639e93-99fa-4b23-bf8c-6c00b0223683,Snake1,100,6,1
fe3d8fb6-ab34-4301-a879-faf6265ecce5,11,c44ca278-cf87-425e-8142-65b18903a9a1,Snake2,89,3,1
fe3d8fb6-ab34-4301-a879-faf6265ecce5,12,1c639e93-99fa-4b23-bf8c-6c00b0223683,Snake1,100,7,1
fe3d8fb6-ab34-4301-a879-faf6265ecce5,12,c44ca278-cf87-425e-8142-65b18903a9a1,Snake2,100,4,1
fe3d8fb6-ab34-4301-a879-faf6265ecce5,12,1c639e93-99fa-4b23-bf8c-6c00b0223683,Snake1,100,7,1
fe3d8fb6-ab34-4301-a879-faf6265ecce5,12,c44ca278-cf87-425e-8142-65b18903a9a1,Snake2,100,4,1
fe3d8fb6-ab34-4301-a879-faf6265ecce5,13,1c639e93-99fa-4b23-bf8c-6c00b0223683,Snake1,99,7,1
fe3d8fb6-ab34-4301-a879-faf6265ecce5,13,c44ca278-cf87-425e-8142-65b18903a9a1,Snake2,99,4,1
fe3d8fb6-ab34-4301-a879-faf6265ecce5,13,1c639e93-99fa-4b23-bf8c-6c00b0223683,Snake1,99,7,1
fe3d8fb6-ab34-4301-a879-faf6265ecce5,13,c44ca278-cf87-425e-8142-65b18903a9a1,Snake2,99,4,1
fe3d8fb6-ab34-4301-a879-faf6265ecce5,14,1c639e93-99fa-4b23-bf8c-6c00b0223683,Snake1,98,7,1
fe3d8fb6-ab34-4301-a879-faf6265ecce5,14,c44ca278-cf87-425e-8142-65b18903a9a1,Snake2,98,4,1
fe3d8fb6-ab34-4301-a879-faf6265ecce5,14,1c639e93-99fa-4b23-bf8c-6c00b0223683,Snake1,98,7,1
fe3d8fb6-ab34-4301-a879-faf6265ecce5,14,c44ca278-cf87-425e-8142-65b18903a9a1,Snake2,98,4,1
fe3d8fb6-ab34-4301-a879-faf6265ecce5,15,1c639e93-99fa-4b23-bf8c-6c00b0223683,Snake1,97,7,1
fe3d8fb6-ab34-4301-a879-faf6265ecce5,15,c44ca278-cf87-425e-8142-65b18903a9a1,Snake2,97,4,1
fe3d8fb6-ab34-4301-a879-faf6265ecce5,16,1c639e93-99fa-4b23-bf8c-6c00b0223683,Snake1,96,7,1
fe3d8fb6-ab34-4301-a879-faf6265ecce5,16,c44ca278-cf87-425e-8142-65b18903a9a1,Snake2,96,4,1
fe3d8fb6-ab34-4301-a879-faf6265ecce5,16,1c639e93-99fa-4b23-bf8c-6c00b0223683,Snake1,96,7,1
fe3d8fb6-ab34-4301-a879-faf6265ecce5,16,c44ca278-cf87-425e-8142-65b18903a9a1,Snake2,96,4,1
fe3d8fb6-ab34-4301-a879-faf6265ecce5,17,1c639e93-99fa-4b23-bf8c-6c00b0223683,Snake1,95,7,1
fe3d8fb6-ab34-4301-a879-faf6265ecce5,17,c44ca278-cf87-425e-8142-65b18903a9a1,Snake2,95,4,1
fe3d8fb6-ab34-4301-a879-faf6265ecce5,17,1c639e93-99fa-4b23-bf8c-6c00b0223683,Snake1,95,7,1
fe3d8fb6-ab34-4301-a879-faf6265ecce5,17,c44ca278-cf87-425e-8142-65b18903a9a1,Snake2,95,4,1
fe3d8fb6-ab34-4301-a879-faf6265ecce5,18,1c639e93-99fa-4b23-bf8c-6c00b0223683,Snake1,94,7,1
fe3d8fb6-ab34-4301-a879-faf6265ecce5,18,c44ca278-cf87-425e-8142-65b18903a9a1,Snake2,94,4,1
fe3d8fb6-ab34-4301-a879-faf6265ecce5,18,1c639e93-99fa-4b23-bf8c-6c00b0223683,Snake1,94,7,1
fe3d8fb6-ab34-4301-a879-faf6265ecce5,18,c44ca278-cf87-425e-8142-65b18903a9a1,Snake2,94,4,1
fe3d8fb6-ab34-4301-a879-faf6265ecce5,19,1c639e93-99fa-4b23-bf8c-6c00b0223683,Snake1,93,7,1
fe3d8fb6-ab34-4301-a879-faf6265ecce5,19,c44ca278-cf87-425e-8142-65b18903a9a1,Snake2,93,4,1
fe3d8fb6-ab34-4301-a879-faf6265ecce5,19,1c639e93-99fa-4b23-bf8c-6c00b0223683,Snake1,93,7,1
fe3d8fb6-ab34-4301-a879-faf6265ecce5,19,c44ca278-cf87-425e-8142-65b18903a9a1,Snake2,93,4,1
fe3d8fb6-ab34-4301-a879-faf6265ecce5,20,1c639e93-99fa-4b23-bf8c-6c00b0223683,Snake1,92,7,1
fe3d8fb6-ab34-4301-a879-faf6265ecce5,20,c44ca278-cf87-425e-8142-65b18903a9a1,Snake2,92,4,1
fe3d8fb6-ab34-4301-a879-faf6265ecce5,20,1c639e93-99fa-4b23-bf8c-6c00b0223683,Snake1,92,7,1
fe3d8fb6-ab34-4301-a879-faf6265ecce5,20,c44ca278-cf87-425e-8142-65b18903a9a1,Snake2,92,4,1
fe3d8fb6-ab34-4301-a879-faf6265ecce5,21,1c639e93-99fa-4b23-bf8c-6c00b0223683,Snake1,91,7,1
fe3d8fb6-ab34-4301-a879-faf6265ecce5,21,c44ca278-cf87-425e-8142-65b18903a9a1,Snake2,100,5,1
fe3d8fb6-ab34-4301-a879-faf6265ecce5,21,1c639e93-99fa-4b23-bf8c-6c00b0223683,Snake1,91,7,1
fe3d8fb6-ab34-4301-a879-faf6265ecce5,21,c44ca278-cf87-425e-8142-65b18903a9a1,Snake2,100,5,1
fe3d8fb6-ab34-4301-a879-faf6265ecce5,22,1c639e93-99fa-4b23-bf8c-6c00b0223683,Snake1,90,7,1
fe3d8fb6-ab34-4301-a879-faf6265ecce5,22,c44ca278-cf87-425e-8142-65b18903a9a1,Snake2,99,5,1
fe3d8fb6-ab34-4301-a879-faf6265ecce5,22,1c639e93-99fa-4b23-bf8c-6c00b0223683,Snake1,90,7,1
fe3d8fb6-ab34-4301-a879-faf6265ecce5,22,c44ca278-cf87-425e-8142-65b18903a9a1,Snake2,99,5,1
fe3d8fb6-ab34-4301-a879-faf6265ecce5,23,1c639e93-99fa-4b23-bf8c-6c00b0223683,Snake1,89,7,1
fe3d8fb6-ab34-4301-a879-faf6265ecce5,23,c44ca278-cf87-425e-8142-65b18903a9a1,Snake2,98,5,1
fe3d8fb6-ab34-4301-a879-faf6265ecce5,23,1c639e93-99fa-4b23-bf8c-6c00b0223683,Snake1,89,7,1
fe3d8fb6-ab34-4301-a879-faf6265ecce5,23,c44ca278-cf87-425e-8142-65b18903a9a1,Snake2,98,5,1
fe3d8fb6-ab34-4301-a879-faf6265ecce5,24,1c639e93-99fa-4b23-bf8c-6c00b0223683,Snake1,100,8,1
fe3d8fb6-ab34-4301-a879-faf6265ecce5,24,c44ca278-cf87-425e-8142-65b18903a9a1,Snake2,97,5,1
fe3d8fb6-ab34-4301-a879-faf6265ecce5,24,1c639e93-99fa-4b23-bf8c-6c00b0223683,Snake1,100,8,1
fe3d8fb6-ab34-4301-a879-faf6265ecce5,24,c44ca278-cf87-425e-8142-65b18903a9a1,Snake2,97,5,1
fe3d8fb6-ab34-4301-a879-faf6265ecce5,25,1c639e93-99fa-4b23-bf8c-6c00b0223683,Snake1,100,9,1
fe3d8fb6-ab34-4301-a879-faf6265ecce5,25,c44ca278-cf87-425e-8142-65b18903a9a1,Snake2,96,5,1
fe3d8fb6-ab34-4301-a879-faf6265ecce5,25,1c639e93-99fa-4b23-bf8c-6c00b0223683,Snake1,100,9,1
fe3d8fb6-ab34-4301-a879-faf6265ecce5,25,c44ca278-cf87-425e-8142-65b18903a9a1,Snake2,96,5,1
fe3d8fb6-ab34-4301-a879-faf6265ecce5,26,1c639e93-99fa-4b23-bf8c-6c00b0223683,Snake1,99,9,1
fe3d8fb6-ab34-4301-a879-faf6265ecce5,26,c44ca278-cf87-425e-8142-65b18903a9a1,Snake2,95,5,1
fe3d8fb6-ab34-4301-a879-faf6265ecce5,26,1c639e93-99fa-4b23-bf8c-6c00b0223683,Snake1,99,9,1
fe3d8fb6-ab34-4301-a879-faf6265ecce5,26,c44ca278-cf87-425e-8142-65b18903a9a1,Snake2,95,5,1
fe3d8fb6-ab34-4301-a879-faf6265ecce5,27,1c639e93-99fa-4b23-bf8c-6c00b0223683,Snake1,98,9,1
fe3d8fb6-ab34-4301-a879-faf6265ecce5,27,c44ca278-cf87-425e-8142-65b18903a9a1,Snake2,94,5,1
fe3d8fb6-ab34-4301-a879-faf6265ecce5,27,1c639e93-99fa-4b23-bf8c-6c00b0223683,Snake1,98,9,1
fe3d8fb6-ab34-4301-a879-faf6265ecce5,27,c44ca278-cf87-425e-8142-65b18903a9a1,Snake2,94,5,1
fe3d8fb6-ab34-4301-a879-faf6265ecce5,28,1c639e93-99fa-4b23-bf8c-6c00b0223683,Snake1,97,9,1
fe3d8fb6-ab34-4301-a879-faf6265ecce5,28,c44ca278-cf87-425e-8142-65b18903a9a1,Snake2,93,5,1
fe3d8fb6-ab34-4301-a879-faf6265ecce5,28,1c639e93-99fa-4b23-bf8c-6c00b0223683,Snake1,97,9,1
fe3d8fb6-ab34-4301-a879-faf6265ecce5,28,c44ca278-cf87-425e-8142-65b18903a9a1,Snake2,93,5,1
fe3d8fb6-ab34-4301-a879-faf6265ecce5,29,1c639e93-99fa-4b23-bf8c-6c00b0223683,Snake1,96,9,1
fe3d8fb6-ab34-4301-a879-faf6265ecce5,29,c44ca278-cf87-425e-8142-65b18903a9a1,Snake2,92,5,1
fe3d8fb6-ab34-4301-a879-faf6265ecce5,29,1c639e93-99fa-4b23-bf8c-6c00b0223683,Snake1,96,9,1
fe3d8fb6-ab34-4301-a879-faf6265ecce5,29,c44ca278-cf87-425e-8142-65b18903a9a1,Snake2,92,5,1
fe3d8fb6-ab34-4301-a879-faf6265ecce5,30,1c639e93-99fa-4b23-bf8c-6c00b0223683,Snake1,95,9,1
fe3d8fb6-ab34-4301-a879-faf6265ecce5,30,c44ca278-cf87-425e-8142-65b18903a9a1,Snake2,100,6,1
fe3d8fb6-ab34-4301-a879-faf6265ecce5,30,1c639e93-99fa-4b23-bf8c-6c00b0223683,Snake1,95,9,1
fe3d8fb6-ab34-4301-a879-faf6265ecce5,30,c44ca278-cf87-425e-8142-65b18903a9a1,Snake2,100,6,1
fe3d8fb6-ab34-4301-a879-faf6265ecce5,31,1c639e93-99fa-4b23-bf8c-6c00b0223683,Snake1,94,9,1
fe3d8fb6-ab34-4301-a879-faf6265ecce5,31,c44ca278-cf87-425e-8142-65b18903a9a1,Snake2,99,6,1
fe3d8fb6-ab34-4301-a879-faf6265ecce5,31,1c639e93-99fa-4b23-bf8c-6c00b0223683,Snake1,94,9,1
fe3d8fb6-ab34-4301-a879-faf6265ecce5,31,c44ca278-cf87-425e-8142-65b18903a9a1,Snake2,99,6,1
fe3d8fb6-ab34-4301-a879-faf6265ecce5,32,1c639e93-99fa-4b23-bf8c-6c00b0223683,Snake1,93,9,1
fe3d8fb6-ab34-4301-a879-faf6265ecce5,32,c44ca278-cf87-425e-8142-65b18903a9a1,Snake2,98,6,1
fe3d8fb6-ab34-4301-a879-faf6265ecce5,32,1c639e93-99fa-4b23-bf8c-6c00b0223683,Snake1,93,9,1
fe3d8fb6-ab34-4301-a879-faf6265ecce5,32,c44ca278-cf87-425e-8142-65b18903a9a1,Snake2,98,6,1
fe3d8fb6-ab34-4301-a879-faf6265ecce5,33,1c639e93-99fa-4b23-bf8c-6c00b0223683,Snake1,92,9,1
fe3d8fb6-ab34-4301-a879-faf6265ecce5,33,c44ca278-cf87-425e-8142-65b18903a9a1,Snake2,97,6,1
fe3d8fb6-ab34-4301-a879-faf6265ecce5,33,1c639e93-99fa-4b23-bf8c-6c00b0223683,Snake1,92,9,1
fe3d8fb6-ab34-4301-a879-faf6265ecce5,33,c44ca278-cf87-425e-8142-65b18903a9a1,Snake2,97,6,1
fe3d8fb6-ab34-4301-a879-faf6265ecce5,34,1c639e93-99fa-4b23-bf8c-6c00b0223683,Snake1,91,9,1
fe3d8fb6-ab34-4301-a879-faf6265ecce5,34,c44ca278-cf87-425e-8142-65b18903a9a1,Snake2,96,6,1
fe3d8fb6-ab34-4301-a879-faf6265ecce5,34,1c639e93-99fa-4b23-bf8c-6c00b0223683,Snake1,91,9,1
fe3d8fb6-ab34-4301-a879-faf6265ecce5,34,c44ca278-cf87-425e-8142-65b18903a9a1,Snake2,96,6,1
fe3d8fb6-ab34-4301-a879-faf6265ecce5,35,1c639e93-99fa-4b23-bf8c-6c00b0223683,Snake1,90,9,1
fe3d8fb6-ab34-4301-a879-faf6265ecce5,35,c44ca278-cf87-425e-8142-65b18903a9a1,Snake2,95,6,1
fe3d8fb6-ab34-4301-a879-faf6265ecce5,35,1c639e93-99fa-4b23-bf8c-6c00b0223683,Snake1,90,9,1
fe3d8fb6-ab34-4301-a879-faf6265ecce5,35,c44ca278-cf87-425e-8142-65b18903a9a1,Snake2,95,6,1
fe3d8fb6-ab34-4301-a879-faf6265ecce5,36,1c639e93-99fa-4b23-bf8c-6c00b0223683,Snake1,89,9,1
fe3d8fb6-ab34-4301-a879-faf6265ecce5,36,c44ca278-cf87-425e-8142-65b18903a9a1,Snake2,94,6,1
fe3d8fb6-ab34-4301-a879-faf6265ecce5,37,1c639e93-99fa-4b23-bf8c-6c00b0223683,Snake1,88,9,1
fe3d8fb6-ab34-4301-a879-faf6265ecce5,37,c44ca278-cf87-425e-8142-65b18903a9a1,Snake2,93,6,1
fe3d8fb6-ab34-4301-a879-faf6265ecce5,38,1c639e93-99fa-4b23-bf8c-6c00b0223683,Snake1,87,9,1
fe3d8fb6-ab34-4301-a879-faf6265ecce5,38,c44ca278-cf87-425e-8142-65b18903a9a1,Snake2,92,6,1
fe3d8fb6-ab34-4301-a879-faf6265ecce5,38,1c639e93-99fa-4b23-bf8c-6c00b0223683,Snake1,87,9,1
fe3d8fb6-ab34-4301-a879-faf6265ecce5,38,c44ca278-cf87-425e-8142-65b18903a9a1,Snake2,92,6,1
fe3d8fb6-ab34-4301-a879-faf6265ecce5,39,1c639e93-99fa-4b23-bf8c-6c00b0223683,Snake1,86,9,1
fe3d8fb6-ab34-4301-a879-faf6265ecce5,39,c44ca278-cf87-425e-8142-65b18903a9a1,Snake2,91,6,1
fe3d8fb6-ab34-4301-a879-faf6265ecce5,39,1c639e93-99fa-4b23-bf8c-6c00b0223683,Snake1,86,9,1
fe3d8fb6-ab34-4301-a879-faf6265ecce5,39,c44ca278-cf87-425e-8142-65b18903a9a1,Snake2,91,6,1
fe3d8fb6-ab34-4301-a879-faf6265ecce5,40,1c639e93-99fa-4b23-bf8c-6c00b0223683,Snake1,85,9,1
fe3d8fb6-ab34-4301-a879-faf6265ecce5,40,c44ca278-cf87-425e-8142-65b18903a9a1,Snake2,90,6,1
fe3d8fb6-ab34-4301-a879-faf6265ecce5,40,1c639e93-99fa-4b23-bf8c-6c00b0223683,Snake1,85,9,1
fe3d8fb6-ab34-4301-a879-faf6265ecce5,40,c44ca278-cf87-425e-8142-65b18903a9a1,Snake2,90,6,1
fe3d8fb6-ab34-4301-a879-faf6265ecce5,41,1c639e93-99fa-4b23-bf8c-6c00b0223683,Snake1,84,9,1
fe3d8fb6-ab34-4301-a879-faf6265ecce5,41,c44ca278-cf87-425e-8142-65b18903a9a1,Snake2,89,6,1
fe3d8fb6-ab34-4301-a879-faf6265ecce5,41,1c639e93-99fa-4b23-bf8c-6c00b0223683,Snake1,84,9,1
fe3d8fb6-ab34-4301-a879-faf6265ecce5,41,c44ca278-cf87-425e-8142-65b18903a9a1,Snake2,89,6,1
fe3d8fb6-ab34-4301-a879-faf6265ecce5,42,1c639e93-99fa-4b23-bf8c-6c00b0223683,Snake1,83,9,1
fe3d8fb6-ab34-4301-a879-faf6265ecce5,42,c44ca278-cf87-425e-8142-65b18903a9a1,Snake2,88,6,1
fe3d8fb6-ab34-4301-a879-faf6265ecce5,42,1c639e93-99fa-4b23-bf8c-6c00b0223683,Snake1,83,9,1
fe3d8fb6-ab34-4301-a879-faf6265ecce5,42,c44ca278-cf87-425e-8142-65b18903a9a1,Snake2,88,6,1
fe3d8fb6-ab34-4301-a879-faf6265ecce5,43,1c639e93-99fa-4b23-bf8c-6c00b0223683,Snake1,82,9,1
fe3d8fb6-ab34-4301-a879-faf6265ecce5,43,c44ca278-cf87-425e-8142-65b18903a9a1,Snake2,87,6,1
fe3d8fb6-ab34-4301-a879-faf6265ecce5,43,1c639e93-99fa-4b23-bf8c-6c00b0223683,Snake1,82,9,1
fe3d8fb6-ab34-4301-a879-faf6265ecce5,43,c44ca278-cf87-425e-8142-65b18903a9a1,Snake2,87,6,1
fe3d8fb6-ab34-4301-a879-faf6265ecce5,44,1c639e93-99fa-4b23-bf8c-6c00b0223683,Snake1,81,9,1
fe3d8fb6-ab34-4301-a879-faf6265ecce5,44,c44ca278-cf87-425e-8142-65b18903a9a1,Snake2,86,6,1
fe3d8fb6-ab34-4301-a879-faf6265ecce5,44,1c639e93-99fa-4b23-bf8c-6c00b0223683,Snake1,81,9,1
fe3d8fb6-ab34-4301-a879-faf6265ecce5,44,c44ca278-cf87-425e-8142-65b18903a9a1,Snake2,86,6,1
fe3d8fb6-ab34-4301-a879-faf6265ecce5,45,1c639e93-99fa-4b23-bf8c-6c00b0223683,Snake1,80,9,1
fe3d8fb6-ab34-4301-a879-faf6265ecce5,45,c44ca278-cf87-425e-8142-65b18903a9a1,Snake2,85,6,1
fe3d8fb6-ab34-4301-a879-faf6265ecce5,45,1c639e93-99fa-4b23-bf8c-6c00b0223683,Snake1,80,9,1
fe3d8fb6-ab34-4301-a879-faf6265ecce5,45,c44ca278-cf87-425e-8142-65b18903a9a1,Snake2,85,6,1
fe3d8fb6-ab34-4301-a879-faf6265ecce5,46,1c639e93-99fa-4b23-bf8c-6c00b0223683,Snake1,79,9,1
fe3d8fb6-ab34-4301-a879-faf6265ecce5,46,c44ca278-cf87-425e-8142-65b18903a9a1,Snake2,84,6,1
fe3d8fb6-ab34-4301-a879-faf6265ecce5,46,1c639e93-99fa-4b23-bf8c-6c00b0223683,Snake1,79,9,1
fe3d8fb6-ab34-4301-a879-faf6265ecce5,46,c44ca278-cf87-425e-8142-65b18903a9a1,Snake2,84,6,1
fe3d8fb6-ab34-4301-a879-faf6265ecce5,47,1c639e93-99fa-4b23-bf8c-6c00b0223683,Snake1,78,9,1
fe3d8fb6-ab34-4301-a879-faf6265ecce5,47,c44ca278-cf87-425e-8142-65b18903a9a1,Snake2,83,6,1
fe3d8fb6-ab34-4301-a879-faf6265ecce5,47,1c639e93-99fa-4b23-bf8c-6c00b0223683,Snake1,78,9,1
fe3d8fb6-ab34-4301-a879-faf6265ecce5,47,c44ca278-cf87-425e-8142-65b18903a9a1,Snake2,83,6,1
fe3d8fb6-ab34-4301-a879-faf6265ecce5,48,1c639e93-99fa-4b23-bf8c-6c00b0223683,Snake1,100,10,1
fe3d8fb6-ab34-4301-a879-faf6265ecce5,48,c44ca278-cf87-425e-8142-65b18903a9a1,Snake2,82,6,1
fe3d8fb6-ab34-4301-a879-faf6265ecce5,49,1c639e93-99fa-4b23-bf8c-6c00b0223683,Snake1,100,11,1
fe3d8fb6-ab34-4301-a879-faf6265ecce5,49,c44ca278-cf87-425e-8142-65b18903a9a1,Snake2,81,6,1
fe3d8fb6-ab34-4301-a879-faf6265ecce5,49,1c639e93-99fa-4b23-bf8c-6c00b0223683,Snake1,100,11,1
fe3d8fb6-ab34-4301-a879-faf6265ecce5,49,c44ca278-cf87-425e-8142-65b18903a9a1,Snake2,81,6,1
fe3d8fb6-ab34-4301-a879-faf6265ecce5,50,1c639e93-99fa-4b23-bf8c-6c00b0223683,Snake1,99,11,1
fe3d8fb6-ab34-4301-a879-faf6265ecce5,50,c44ca278-cf87-425e-8142-65b18903a9a1,Snake2,80,6,1
fe3d8fb6-ab34-4301-a879-faf6265ecce5,50,1c639e93-99fa-4b23-bf8c-6c00b0223683,Snake1,99,11,1
fe3d8fb6-ab34-4301-a879-faf6265ecce5,50,c44ca278-cf87-425e-8142-65b18903a9a1,Snake2,80,6,1
fe3d8fb6-ab34-4301-a879-faf6265ecce5,51,1c639e93-99fa-4b23-bf8c-6c00b0223683,Snake1,100,12,1
fe3d8fb6-ab34-4301-a879-faf6265ecce5,51,c44ca278-cf87-425e-8142-65b18903a9a1,Snake2,79,6,1
fe3d8fb6-ab34-4301-a879-faf6265ecce5,51,1c639e93-99fa-4b23-bf8c-6c00b0223683,Snake1,100,12,1
fe3d8fb6-ab34-4301-a879-faf6265ecce5,51,c44ca278-cf87-425e-8142-65b18903a9a1,Snake2,79,6,1
fe3d8fb6-ab34-4301-a879-faf6265ecce5,52,1c639e93-99fa-4b23-bf8c-6c00b0223683,Snake1,99,12,1
fe3d8fb6-ab34-4301-a879-faf6265ecce5,52,c44ca278-cf87-425e-8142-65b18903a9a1,Snake2,78,6,1
fe3d8fb6-ab34-4301-a879-faf6265ecce5,52,1c639e93-99fa-4b23-bf8c-6c00b0223683,Snake1,99,12,1
fe3d8fb6-ab34-4301-a879-faf6265ecce5,52,c44ca278-cf87-425e-8142-65b18903a9a1,Snake2,78,6,1
fe3d8fb6-ab34-4301-a879-faf6265ecce5,53,1c639e93-99fa-4b23-bf8c-6c00b0223683,Snake1,98,12,1
fe3d8fb6-ab34-4301-a879-faf6265ecce5,53,c44ca278-cf87-425e-8142-65b18903a9a1,Snake2,77,6,1
fe3d8fb6-ab34-4301-a879-faf6265ecce5,53,1c639e93-99fa-4b23-bf8c-6c00b0223683,Snake1,98,12,1
fe3d8fb6-ab34-4301-a879-faf6265ecce5,53,c44ca278-cf87-425e-8142-65b18903a9a1,Snake2,77,6,1
fe3d8fb6-ab34-4301-a879-faf6265ecce5,54,1c639e93-99fa-4b23-bf8c-6c00b0223683,Snake1,97,12,1
fe3d8fb6-ab34-4301-a879-faf6265ecce5,54,c44ca278-cf87-425e-8142-65b18903a9a1,Snake2,76,6,1
fe3d8fb6-ab34-4301-a879-faf6265ecce5,54,1c639e93-99fa-4b23-bf8c-6c00b0223683,Snake1,97,12,1
fe3d8fb6-ab34-4301-a879-faf6265ecce5,54,c44ca278-cf87-425e-8142-65b18903a9a1,Snake2,76,6,1
fe3d8fb6-ab34-4301-a879-faf6265ecce5,55,1c639e93-99fa-4b23-bf8c-6c00b0223683,Snake1,96,12,1
fe3d8fb6-ab34-4301-a879-faf6265ecce5,55,c44ca278-cf87-425e-8142-65b18903a9a1,Snake2,75,6,1
fe3d8fb6-ab34-4301-a879-faf6265ecce5,55,1c639e93-99fa-4b23-bf8c-6c00b0223683,Snake1,96,12,1
fe3d8fb6-ab34-4301-a879-faf6265ecce5,55,c44ca278-cf87-425e-8142-65b18903a9a1,Snake2,75,6,1
fe3d8fb6-ab34-4301-a879-faf6265ecce5,56,1c639e93-99fa-4b23-bf8c-6c00b0223683,Snake1,95,12,1
fe3d8fb6-ab34-4301-a879-faf6265ecce5,56,c44ca278-cf87-425e-8142-65b18903a9a1,Snake2,74,6,1
fe3d8fb6-ab34-4301-a879-faf6265ecce5,56,1c639e93-99fa-4b23-bf8c-6c00b0223683,Snake1,95,12,1
fe3d8fb6-ab34-4301-a879-faf6265ecce5,56,c44ca278-cf87-425e-8142-65b18903a9a1,Snake2,74,6,1
fe3d8fb6-ab34-4301-a879-faf6265ecce5,57,1c639e93-99fa-4b23-bf8c-6c00b0223683,Snake1,100,13,1
fe3d8fb6-ab34-4301-a879-faf6265ecce5,57,c44ca278-cf87-425e-8142-65b18903a9a1,Snake2,73,6,1
fe3d8fb6-ab34-4301-a879-faf6265ecce5,57,1c639e93-99fa-4b23-bf8c-6c00b0223683,Snake1,100,13,1
fe3d8fb6-ab34-4301-a879-faf6265ecce5,57,c44ca278-cf87-425e-8142-65b18903a9a1,Snake2,73,6,1
fe3d8fb6-ab34-4301-a879-faf6265ecce5,58,1c639e93-99fa-4b23-bf8c-6c00b0223683,Snake1,99,13,1
fe3d8fb6-ab34-4301-a879-faf6265ecce5,58,c44ca278-cf87-425e-8142-65b18903a9a1,Snake2,72,6,1
fe3d8fb6-ab34-4301-a879-faf6265ecce5,58,1c639e93-99fa-4b23-bf8c-6c00b0223683,Snake1,99,13,1
fe3d8fb6-ab34-4301-a879-faf6265ecce5,58,c44ca278-cf87-425e-8142-65b18903a9a1,Snake2,72,6,1
fe3d8fb6-ab34-4301-a879-faf6265ecce5,59,1c639e93-99fa-4b23-bf8c-6c00b0223683,Snake1,98,13,1
fe3d8fb6-ab34-4301-a879-faf6265ecce5,59,c44ca278-cf87-425e-8142-65b18903a9a1,Snake2,71,6,1
fe3d8fb6-ab34-4301-a879-faf6265ecce5,60,1c639e93-99fa-4b23-bf8c-6c00b0223683,Snake1,97,13,1
fe3d8fb6-ab34-4301-a879-faf6265ecce5,60,c44ca278-cf87-425e-8142-65b18903a9a1,Snake2,70,6,1
fe3d8fb6-ab34-4301-a879-faf6265ecce5,60,1c639e93-99fa-4b23-bf8c-6c00b0223683,Snake1,97,13,1
fe3d8fb6-ab34-4301-a879-faf6265ecce5,60,c44ca278-cf87-425e-8142-65b18903a9a1,Snake2,70,6,1
fe3d8fb6-ab34-4301-a879-faf6265ecce5,61,1c639e93-99fa-4b23-bf8c-6c00b0223683,Snake1,96,13,1
fe3d8fb6-ab34-4301-a879-faf6265ecce5,61,c44ca278-cf87-425e-8142-65b18903a9a1,Snake2,69,6,1
fe3d8fb6-ab34-4301-a879-faf6265ecce5,61,1c639e93-99fa-4b23-bf8c-6c00b0223683,Snake1,96,13,1
fe3d8fb6-ab34-4301-a879-faf6265ecce5,61,c44ca278-cf87-425e-8142-65b18903a9a1,Snake2,69,6,1
fe3d8fb6-ab34-4301-a879-faf6265ecce5,62,1c639e93-99fa-4b23-bf8c-6c00b0223683,Snake1,95,13,1
fe3d8fb6-ab34-4301-a879-faf6265ecce5,62,c44ca278-cf87-425e-8142-65b18903a9a1,Snake2,68,6,1
fe3d8fb6-ab34-4301-a879-faf6265ecce5,62,1c639e93-99fa-4b23-bf8c-6c00b0223683,Snake1,95,13,1
fe3d8fb6-ab34-4301-a879-faf6265ecce5,62,c44ca278-cf87-425e-8142-65b18903a9a1,Snake2,68,6,1
fe3d8fb6-ab34-4301-a879-faf6265ecce5,63,1c639e93-99fa-4b23-bf8c-6c00b0223683,Snake1,94,13,1
fe3d8fb6-ab34-4301-a879-faf6265ecce5,63,c44ca278-cf87-425e-8142-65b18903a9a1,Snake2,67,6,1
fe3d8fb6-ab34-4301-a879-faf6265ecce5,63,1c639e93-99fa-4b23-bf8c-6c00b0223683,Snake1,94,13,1
fe3d8fb6-ab34-4301-a879-faf6265ecce5,63,c44ca278-cf87-425e-8142-65b18903a9a1,Snake2,67,6,1
fe3d8fb6-ab34-4301-a879-faf6265ecce5,64,1c639e93-99fa-4b23-bf8c-6c00b0223683,Snake1,93,13,1
fe3d8fb6-ab34-4301-a879-faf6265ecce5,64,c44ca278-cf87-425e-8142-65b18903a9a1,Snake2,100,7,1
fe3d8fb6-ab34-4301-a879-faf6265ecce5,64,1c639e93-99fa-4b23-bf8c-6c00b0223683,Snake1,93,13,1
fe3d8fb6-ab34-4301-a879-faf6265ecce5,64,c44ca278-cf87-425e-8142-65b18903a9a1,Snake2,100,7,1
fe3d8fb6-ab34-4301-a879-faf6265ecce5,65,1c639e93-99fa-4b23-bf8c-6c00b0223683,Snake1,92,13,1
fe3d8fb6-ab34-4301-a879-faf6265ecce5,65,c44ca278-cf87-425e-8142-65b18903a9a1,Snake2,99,7,1
fe3d8fb6-ab34-4301-a879-faf6265ecce5,65,1c639e93-99fa-4b23-bf8c-6c00b0223683,Snake1,92,13,1
fe3d8fb6-ab34-4301-a879-faf6265ecce5,65,c44ca278-cf87-425e-8142-65b18903a9a1,Snake2,99,7,1
fe3d8fb6-ab34-4301-a879-faf6265ecce5,66,1c639e93-99fa-4b23-bf8c-6c00b0223683,Snake1,100,14,1
fe3d8fb6-ab34-4301-a879-faf6265ecce5,66,c44ca278-cf87-425e-8142-65b18903a9a1,Snake2,98,7,1
fe3d8fb6-ab34-4301-a879-faf6265ecce5,66,1c639e93-99fa-4b23-bf8c-6c00b0223683,Snake1,100,14,1
fe3d8fb6-ab34-4301-a879-faf6265ecce5,66,c44ca278-cf87-425e-8142-65b18903a9a1,Snake2,98,7,1
fe3d8fb6-ab34-4301-a879-faf6265ecce5,67,1c639e93-99fa-4b23-bf8c-6c00b0223683,Snake1,99,14,1
fe3d8fb6-ab34-4301-a879-faf6265ecce5,67,c44ca278-cf87-425e-8142-65b18903a9a1,Snake2,97,7,1
fe3d8fb6-ab34-4301-a879-faf6265ecce5,67,1c639e93-99fa-4b23-bf8c-6c00b0223683,Snake1,99,14,1
fe3d8fb6-ab34-4301-a879-faf6265ecce5,67,c44ca278-cf87-425e-8142-65b18903a9a1,Snake2,97,7,1
fe3d8fb6-ab34-4301-a879-faf6265ecce5,68,1c639e93-99fa-4b23-bf8c-6c00b0223683,Snake1,98,14,1
fe3d8fb6-ab34-4301-a879-faf6265ecce5,68,c44ca278-cf87-425e-8142-65b18903a9a1,Snake2,96,7,1
fe3d8fb6-ab34-4301-a879-faf6265ecce5,68,1c639e93-99fa-4b23-bf8c-6c00b0223683,Snake1,98,14,1
fe3d8fb6-ab34-4301-a879-faf6265ecce5,68,c44ca278-cf87-425e-8142-65b18903a9a1,Snake2,96,7,1
fe3d8fb6-ab34-4301-a879-faf6265ecce5,69,1c639e93-99fa-4b23-bf8c-6c00b0223683,Snake1,97,14,1
fe3d8fb6-ab34-4301-a879-faf6265ecce5,69,c44ca278-cf87-425e-8142-65b18903a9a1,Snake2,95,7,1
fe3d8fb6-ab34-4301-a879-faf6265ecce5,69,1c639e93-99fa-4b23-bf8c-6c00b0223683,Snake1,97,14,1
fe3d8fb6-ab34-4301-a879-faf6265ecce5,69,c44ca278-cf87-425e-8142-65b18903a9a1,Snake2,95,7,1
fe3d8fb6-ab34-4301-a879-faf6265ecce5,70,1c639e93-99fa-4b23-bf8c-6c00b0223683,Snake1,96,14,1
fe3d8fb6-ab34-4301-a879-faf6265ecce5,70,c44ca278-cf87-425e-8142-65b18903a9a1,Snake2,94,7,1
fe3d8fb6-ab34-4301-a879-faf6265ecce5,70,1c639e93-99fa-4b23-bf8c-6c00b0223683,Snake1,96,14,1
fe3d8fb6-ab34-4301-a879-faf6265ecce5,70,c44ca278-cf87-425e-8142-65b18903a9a1,Snake2,94,7,1
fe3d8fb6-ab34-4301-a879-faf6265ecce5,71,1c639e93-99fa-4b23-bf8c-6c00b0223683,Snake1,95,14,1
fe3d8fb6-ab34-4301-a879-faf6265ecce5,71,c44ca278-cf87-425e-8142-65b18903a9a1,Snake2,93,7,1
fe3d8fb6-ab34-4301-a879-faf6265ecce5,71,1c639e93-99fa-4b23-bf8c-6c00b0223683,Snake1,95,14,1
fe3d8fb6-ab34-4301-a879-faf6265ecce5,71,c44ca278-cf87-425e-8142-65b18903a9a1,Snake2,93,7,1
fe3d8fb6-ab34-4301-a879-faf6265ecce5,72,1c639e93-99fa-4b23-bf8c-6c00b0223683,Snake1,94,14,1
fe3d8fb6-ab34-4301-a879-faf6265ecce5,72,c44ca278-cf87-425e-8142-65b18903a9a1,Snake2,92,7,1
fe3d8fb6-ab34-4301-a879-faf6265ecce5,72,1c639e93-99fa-4b23-bf8c-6c00b0223683,Snake1,94,14,1
fe3d8fb6-ab34-4301-a879-faf6265ecce5,72,c44ca278-cf87-425e-8142-65b18903a9a1,Snake2,92,7,1
fe3d8fb6-ab34-4301-a879-faf6265ecce5,73,1c639e93-99fa-4b23-bf8c-6c00b0223683,Snake1,100,15,1
fe3d8fb6-ab34-4301-a879-faf6265ecce5,73,c44ca278-cf87-425e-8142-65b18903a9a1,Snake2,91,7,1
fe3d8fb6-ab34-4301-a879-faf6265ecce5,73,1c639e93-99fa-4b23-bf8c-6c00b0223683,Snake1,100,15,1
fe3d8fb6-ab34-4301-a879-faf6265ecce5,73,c44ca278-cf87-425e-8142-65b18903a9a1,Snake2,91,7,1
fe3d8fb6-ab34-4301-a879-faf6265ecce5,74,1c639e93-99fa-4b23-bf8c-6c00b0223683,Snake1,99,15,1
fe3d8fb6-ab34-4301-a879-faf6265ecce5,74,c44ca278-cf87-425e-8142-65b18903a9a1,Snake2,90,7,1
fe3d8fb6-ab34-4301-a879-faf6265ecce5,74,1c639e93-99fa-4b23-bf8c-6c00b0223683,Snake1,99,15,1
fe3d8fb6-ab34-4301-a879-faf6265ecce5,74,c44ca278-cf87-425e-8142-65b18903a9a1,Snake2,90,7,1
fe3d8fb6-ab34-4301-a879-faf6265ecce5,75,1c639e93-99fa-4b23-bf8c-6c00b0223683,Snake1,98,15,1
fe3d8fb6-ab34-4301-a879-faf6265ecce5,75,c44ca278-cf87-425e-8142-65b18903a9a1,Snake2,89,7,1
fe3d8fb6-ab34-4301-a879-faf6265ecce5,75,1c639e93-99fa-4b23-bf8c-6c00b0223683,Snake1,98,15,1
fe3d8fb6-ab34-4301-a879-faf6265ecce5,75,c44ca278-cf87-425e-8142-65b18903a9a1,Snake2,89,7,1
fe3d8fb6-ab34-4301-a879-faf6265ecce5,76,1c639e93-99fa-4b23-bf8c-6c00b0223683,Snake1,97,15,1
fe3d8fb6-ab34-4301-a879-faf6265ecce5,76,c44ca278-cf87-425e-8142-65b18903a9a1,Snake2,88,7,1
fe3d8fb6-ab34-4301-a879-faf6265ecce5,76,1c639e93-99fa-4b23-bf8c-6c00b0223683,Snake1,97,15,1
fe3d8fb6-ab34-4301-a879-faf6265ecce5,76,c44ca278-cf87-425e-8142-65b18903a9a1,Snake2,88,7,1
fe3d8fb6-ab34-4301-a879-faf6265ecce5,77,1c639e93-99fa-4b23-bf8c-6c00b0223683,Snake1,96,15,1
fe3d8fb6-ab34-4301-a879-faf6265ecce5,77,c44ca278-cf87-425e-8142-65b18903a9a1,Snake2,87,7,1
fe3d8fb6-ab34-4301-a879-faf6265ecce5,77,1c639e93-99fa-4b23-bf8c-6c00b0223683,Snake1,96,15,1
fe3d8fb6-ab34-4301-a879-faf6265ecce5,77,c44ca278-cf87-425e-8142-65b18903a9a1,Snake2,87,7,1
fe3d8fb6-ab34-4301-a879-faf6265ecce5,78,1c639e93-99fa-4b23-bf8c-6c00b0223683,Snake1,95,15,1
fe3d8fb6-ab34-4301-a879-faf6265ecce5,78,c44ca278-cf87-425e-8142-65b18903a9a1,Snake2,86,7,1
fe3d8fb6-ab34-4301-a879-faf6265ecce5,78,1c639e93-99fa-4b23-bf8c-6c00b0223683,Snake1,95,15,1
fe3d8fb6-ab34-4301-a879-faf6265ecce5,78,c44ca278-cf87-425e-8142-65b18903a9a1,Snake2,86,7,1
fe3d8fb6-ab34-4301-a879-faf6265ecce5,79,1c639e93-99fa-4b23-bf8c-6c00b0223683,Snake1,94,15,1
fe3d8fb6-ab34-4301-a879-faf6265ecce5,79,c44ca278-cf87-425e-8142-65b18903a9a1,Snake2,85,7,1
fe3d8fb6-ab34-4301-a879-faf6265ecce5,79,1c639e93-99fa-4b23-bf8c-6c00b0223683,Snake1,94,15,1
fe3d8fb6-ab34-4301-a879-faf6265ecce5,79,c44ca278-cf87-425e-8142-65b18903a9a1,Snake2,85,7,1
fe3d8fb6-ab34-4301-a879-faf6265ecce5,80,1c639e93-99fa-4b23-bf8c-6c00b0223683,Snake1,93,15,1
fe3d8fb6-ab34-4301-a879-faf6265ecce5,80,c44ca278-cf87-425e-8142-65b18903a9a1,Snake2,84,7,1
fe3d8fb6-ab34-4301-a879-faf6265ecce5,80,1c639e93-99fa-4b23-bf8c-6c00b0223683,Snake1,93,15,1
fe3d8fb6-ab34-4301-a879-faf6265ecce5,80,c44ca278-cf87-425e-8142-65b18903a9a1,Snake2,84,7,1
fe3d8fb6-ab34-4301-a879-faf6265ecce5,81,1c639e93-99fa-4b23-bf8c-6c00b0223683,Snake1,92,15,1
fe3d8fb6-ab34-4301-a879-faf6265ecce5,81,c44ca278-cf87-425e-8142-65b18903a9a1,Snake2,83,7,1
fe3d8fb6-ab34-4301-a879-faf6265ecce5,81,1c639e93-99fa-4b23-bf8c-6c00b0223683,Snake1,92,15,1
fe3d8fb6-ab34-4301-a879-faf6265ecce5,81,c44ca278-cf87-425e-8142-65b18903a9a1,Snake2,83,7,1
fe3d8fb6-ab34-4301-a879-faf6265ecce5,82,1c639e93-99fa-4b23-bf8c-6c00b0223683,Snake1,91,15,1
fe3d8fb6-ab34-4301-a879-faf6265ecce5,82,c44ca278-cf87-425e-8142-65b18903a9a1,Snake2,82,7,1
fe3d8fb6-ab34-4301-a879-faf6265ecce5,82,1c639e93-99fa-4b23-bf8c-6c00b0223683,Snake1,91,15,1
fe3d8fb6-ab34-4301-a879-faf6265ecce5,82,c44ca278-cf87-425e-8142-65b18903a9a1,Snake2,82,7,1
fe3d8fb6-ab34-4301-a879-faf6265ecce5,83,1c639e93-99fa-4b23-bf8c-6c00b0223683,Snake1,90,15,1
fe3d8fb6-ab34-4301-a879-faf6265ecce5,83,c44ca278-cf87-425e-8142-65b18903a9a1,Snake2,81,7,1
fe3d8fb6-ab34-4301-a879-faf6265ecce5,83,1c639e93-99fa-4b23-bf8c-6c00b0223683,Snake1,90,15,1
fe3d8fb6-ab34-4301-a879-faf6265ecce5,83,c44ca278-cf87-425e-8142-65b18903a9a1,Snake2,81,7,1
fe3d8fb6-ab34-4301-a879-faf6265ecce5,84,1c639e93-99fa-4b23-bf8c-6c00b0223683,Snake1,89,15,1
fe3d8fb6-ab34-4301-a879-faf6265ecce5,84,c44ca278-cf87-425e-8142-65b18903a9a1,Snake2,80,7,1
fe3d8fb6-ab34-4301-a879-faf6265ecce5,84,1c639e93-99fa-4b23-bf8c-6c00b0223683,Snake1,89,15,1
fe3d8fb6-ab34-4301-a879-faf6265ecce5,84,c44ca278-cf87-425e-8142-65b18903a9a1,Snake2,80,7,1
fe3d8fb6-ab34-4301-a879-faf6265ecce5,85,1c639e93-99fa-4b23-bf8c-6c00b0223683,Snake1,88,15,1
fe3d8fb6-ab34-4301-a879-faf6265ecce5,85,c44ca278-cf87-425e-8142-65b18903a9a1,Snake2,79,7,1
fe3d8fb6-ab34-4301-a879-faf6265ecce5,86,1c639e93-99fa-4b23-bf8c-6c00b0223683,Snake1,87,15,1
fe3d8fb6-ab34-4301-a879-faf6265ecce5,86,c44ca278-cf87-425e-8142-65b18903a9a1,Snake2,78,7,1
fe3d8fb6-ab34-4301-a879-faf6265ecce5,86,1c639e93-99fa-4b23-bf8c-6c00b0223683,Snake1,87,15,1
fe3d8fb6-ab34-4301-a879-faf6265ecce5,86,c44ca278-cf87-425e-8142-65b18903a9a1,Snake2,78,7,1
fe3d8fb6-ab34-4301-a879-faf6265ecce5,87,1c639e93-99fa-4b23-bf8c-6c00b0223683,Snake1,86,15,1
fe3d8fb6-ab34-4301-a879-faf6265ecce5,87,c44ca278-cf87-425e-8142-65b18903a9a1,Snake2,77,7,1
fe3d8fb6-ab34-4301-a879-faf6265ecce5,87,1c639e93-99fa-4b23-bf8c-6c00b0223683,Snake1,86,15,1
fe3d8fb6-ab34-4301-a879-faf6265ecce5,87,c44ca278-cf87-425e-8142-65b18903a9a1,Snake2,77,7,1
fe3d8fb6-ab34-4301-a879-faf6265ecce5,88,1c639e93-99fa-4b23-bf8c-6c00b0223683,Snake1,85,15,1
fe3d8fb6-ab34-4301-a879-faf6265ecce5,88,c44ca278-cf87-425e-8142-65b18903a9a1,Snake2,76,7,1
fe3d8fb6-ab34-4301-a879-faf6265ecce5,88,1c639e93-99fa-4b23-bf8c-6c00b0223683,Snake1,85,15,1
fe3d8fb6-ab34-4301-a879-faf6265ecce5,88,c44ca278-cf87-425e-8142-65b18903a9a1,Snake2,76,7,1
fe3d8fb6-ab34-4301-a879-faf6265ecce5,89,1c639e93-99fa-4b23-bf8c-6c00b0223683,Snake1,84,15,1
fe3d8fb6-ab34-4301-a879-faf6265ecce5,89,c44ca278-cf87-425e-8142-65b18903a9a1,Snake2,75,7,1
fe3d8fb6-ab34-4301-a879-faf6265ecce5,89,1c639e93-99fa-4b23-bf8c-6c00b0223683,Snake1,84,15,1
fe3d8fb6-ab34-4301-a879-faf6265ecce5,89,c44ca278-cf87-425e-8142-65b18903a9a1,Snake2,75,7,1
fe3d8fb6-ab34-4301-a879-faf6265ecce5,90,1c639e93-99fa-4b23-bf8c-6c00b0223683,Snake1,83,15,1
fe3d8fb6-ab34-4301-a879-faf6265ecce5,90,c44ca278-cf87-425e-8142-65b18903a9a1,Snake2,74,7,1
fe3d8fb6-ab34-4301-a879-faf6265ecce5,90,1c639e93-99fa-4b23-bf8c-6c00b0223683,Snake1,83,15,1
fe3d8fb6-ab34-4301-a879-faf6265ecce5,90,c44ca278-cf87-425e-8142-65b18903a9a1,Snake2,74,7,1
fe3d8fb6-ab34-4301-a879-faf6265ecce5,91,1c639e93-99fa-4b23-bf8c-6c00b0223683,Snake1,82,15,1
fe3d8fb6-ab34-4301-a879-faf6265ecce5,91,c44ca278-cf87-425e-8142-65b18903a9a1,Snake2,73,7,1
fe3d8fb6-ab34-4301-a879-faf6265ecce5,91,1c639e93-99fa-4b23-bf8c-6c00b0223683,Snake1,82,15,1
fe3d8fb6-ab34-4301-a879-faf6265ecce5,91,c44ca278-cf87-425e-8142-65b18903a9a1,Snake2,73,7,1
fe3d8fb6-ab34-4301-a879-faf6265ecce5,92,1c639e93-99fa-4b23-bf8c-6c00b0223683,Snake1,81,15,1
fe3d8fb6-ab34-4301-a879-faf6265ecce5,92,c44ca278-cf87-425e-8142-65b18903a9a1,Snake2,72,7,1
fe3d8fb6-ab34-4301-a879-faf6265ecce5,92,1c639e93-99fa-4b23-bf8c-6c00b0223683,Snake1,81,15,1
fe3d8fb6-ab34-4301-a879-faf6265ecce5,92,c44ca278-cf87-425e-8142-65b18903a9a1,Snake2,72,7,1
fe3d8fb6-ab34-4301-a879-faf6265ecce5,93,1c639e93-99fa-4b23-bf8c-6c00b0223683,Snake1,80,15,1
fe3d8fb6-ab34-4301-a879-faf6265ecce5,93,c44ca278-cf87-425e-8142-65b18903a9a1,Snake2,71,7,1
fe3d8fb6-ab34-4301-a879-faf6265ecce5,93,1c639e93-99fa-4b23-bf8c-6c00b0223683,Snake1,80,15,1
fe3d8fb6-ab34-4301-a879-faf6265ecce5,93,c44ca278-cf87-425e-8142-65b18903a9a1,Snake2,71,7,1
fe3d8fb6-ab34-4301-a879-faf6265ecce5,94,1c639e93-99fa-4b23-bf8c-6c00b0223683,Snake1,79,15,1
fe3d8fb6-ab34-4301-a879-faf6265ecce5,94,c44ca278-cf87-425e-8142-65b18903a9a1,Snake2,70,7,1
fe3d8fb6-ab34-4301-a879-faf6265ecce5,94,1c639e93-99fa-4b23-bf8c-6c00b0223683,Snake1,79,15,1
fe3d8fb6-ab34-4301-a879-faf6265ecce5,94,c44ca278-cf87-425e-8142-65b18903a9a1,Snake2,70,7,1
fe3d8fb6-ab34-4301-a879-faf6265ecce5,95,1c639e93-99fa-4b23-bf8c-6c00b0223683,Snake1,78,15,1
fe3d8fb6-ab34-4301-a879-faf6265ecce5,95,c44ca278-cf87-425e-8142-65b18903a9a1,Snake2,69,7,1
fe3d8fb6-ab34-4301-a879-faf6265ecce5,95,1c639e93-99fa-4b23-bf8c-6c00b0223683,Snake1,78,15,1
fe3d8fb6-ab34-4301-a879-faf6265ecce5,95,c44ca278-cf87-425e-8142-65b18903a9a1,Snake2,69,7,1
fe3d8fb6-ab34-4301-a879-faf6265ecce5,96,1c639e93-99fa-4b23-bf8c-6c00b0223683,Snake1,77,15,1
fe3d8fb6-ab34-4301-a879-faf6265ecce5,96,c44ca278-cf87-425e-8142-65b18903a9a1,Snake2,68,7,1
fe3d8fb6-ab34-4301-a879-faf6265ecce5,96,1c639e93-99fa-4b23-bf8c-6c00b0223683,Snake1,77,15,1
fe3d8fb6-ab34-4301-a879-faf6265ecce5,96,c44ca278-cf87-425e-8142-65b18903a9a1,Snake2,68,7,1
fe3d8fb6-ab34-4301-a879-faf6265ecce5,97,1c639e93-99fa-4b23-bf8c-6c00b0223683,Snake1,76,15,1
fe3d8fb6-ab34-4301-a879-faf6265ecce5,97,c44ca278-cf87-425e-8142-65b18903a9a1,Snake2,67,7,1
fe3d8fb6-ab34-4301-a879-faf6265ecce5,97,1c639e93-99fa-4b23-bf8c-6c00b0223683,Snake1,76,15,1
fe3d8fb6-ab34-4301-a879-faf6265ecce5,97,c44ca278-cf87-425e-8142-65b18903a9a1,Snake2,67,7,1
fe3d8fb6-ab34-4301-a879-faf6265ecce5,98,1c639e93-99fa-4b23-bf8c-6c00b0223683,Snake1,75,15,1
fe3d8fb6-ab34-4301-a879-faf6265ecce5,98,c44ca278-cf87-425e-8142-65b18903a9a1,Snake2,66,7,1
fe3d8fb6-ab34-4301-a879-faf6265ecce5,98,1c639e93-99fa-4b23-bf8c-6c00b0223683,Snake1,75,15,1
fe3d8fb6-ab34-4301-a879-faf6265ecce5,98,c44ca278-cf87-425e-8142-65b18903a9a1,Snake2,66,7,1
fe3d8fb6-ab34-4301-a879-faf6265ecce5,99,1c639e93-99fa-4b23-bf8c-6c00b0223683,Snake1,74,15,1
fe3d8fb6-ab34-4301-a879-faf6265ecce5,99,c44ca278-cf87-425e-8142-65b18903a9a1,Snake2,65,7,1
fe3d8fb6-ab34-4301-a879-faf6265ecce5,99,1c639e93-99fa-4b23-bf8c-6c00b0223683,Snake1,74,15,1
fe3d8fb6-ab34-4301-a879-faf6265ecce5,99,c44ca278-cf87-425e-8142-65b18903a9a1,Snake2,65,7,1
fe3d8fb6-ab34-4301-a879-faf6265ecce5,100,1c639e93-99fa-4b23-bf8c-6c00b0223683,Snake1,73,15,1
fe3d8fb6-ab34-4301-a879-faf6265ecce5,100,c44ca278-cf87-425e-8142-65b18903a9a1,Snake2,64,7,1
fe3d8fb6-ab34-4301-a879-faf6265ecce5,100,1c639e93-99fa-4b23-bf8c-6c00b0223683,Snake1,73,15,1
fe3d8fb6-ab34-4301-a879-faf6265ecce5,100,c44ca278-cf87-425e-8142-65b18903a9a1,Snake2,64,7,1
fe3d8fb6-ab34-4301-a879-faf6265ecce5,101,1c639e93-99fa-4b23-bf8c-6c00b0223683,Snake1,72,15,1
fe3d8fb6-ab34-4301-a879-faf6265ecce5,101,c44ca278-cf87-425e-8142-65b18903a9a1,Snake2,63,7,1
fe3d8fb6-ab34-4301-a879-faf6265ecce5,101,1c639e93-99fa-4b23-bf8c-6c00b0223683,Snake1,72,15,1
fe3d8fb6-ab34-4301-a879-faf6265ecce5,101,c44ca278-cf87-425e-8142-65b18903a9a1,Snake2,63,7,1
fe3d8fb6-ab34-4301-a879-faf6265ecce5,102,1c639e93-99fa-4b23-bf8c-6c00b0223683,Snake1,71,15,1
fe3d8fb6-ab34-4301-a879-faf6265ecce5,102,c44ca278-cf87-425e-8142-65b18903a9a1,Snake2,62,7,1
fe3d8fb6-ab34-4301-a879-faf6265ecce5,102,1c639e93-99fa-4b23-bf8c-6c00b0223683,Snake1,71,15,1
fe3d8fb6-ab34-4301-a879-faf6265ecce5,102,c44ca278-cf87-425e-8142-65b18903a9a1,Snake2,62,7,1
fe3d8fb6-ab34-4301-a879-faf6265ecce5,103,1c639e93-99fa-4b23-bf8c-6c00b0223683,Snake1,70,15,1
fe3d8fb6-ab34-4301-a879-faf6265ecce5,103,c44ca278-cf87-425e-8142-65b18903a9a1,Snake2,61,7,1
fe3d8fb6-ab34-4301-a879-faf6265ecce5,103,1c639e93-99fa-4b23-bf8c-6c00b0223683,Snake1,70,15,1
fe3d8fb6-ab34-4301-a879-faf6265ecce5,103,c44ca278-cf87-425e-8142-65b18903a9a1,Snake2,61,7,1
fe3d8fb6-ab34-4301-a879-faf6265ecce5,104,1c639e93-99fa-4b23-bf8c-6c00b0223683,Snake1,69,15,1
fe3d8fb6-ab34-4301-a879-faf6265ecce5,104,c44ca278-cf87-425e-8142-65b18903a9a1,Snake2,100,8,1
fe3d8fb6-ab34-4301-a879-faf6265ecce5,105,1c639e93-99fa-4b23-bf8c-6c00b0223683,Snake1,68,15,1
fe3d8fb6-ab34-4301-a879-faf6265ecce5,105,c44ca278-cf87-425e-8142-65b18903a9a1,Snake2,99,8,1
fe3d8fb6-ab34-4301-a879-faf6265ecce5,106,1c639e93-99fa-4b23-bf8c-6c00b0223683,Snake1,67,15,1
fe3d8fb6-ab34-4301-a879-faf6265ecce5,106,c44ca278-cf87-425e-8142-65b18903a9a1,Snake2,98,8,1
fe3d8fb6-ab34-4301-a879-faf6265ecce5,106,1c639e93-99fa-4b23-bf8c-6c00b0223683,Snake1,67,15,1
fe3d8fb6-ab34-4301-a879-faf6265ecce5,106,c44ca278-cf87-425e-8142-65b18903a9a1,Snake2,98,8,1
fe3d8fb6-ab34-4301-a879-faf6265ecce5,107,1c639e93-99fa-4b23-bf8c-6c00b0223683,Snake1,66,15,1
fe3d8fb6-ab34-4301-a879-faf6265ecce5,107,c44ca278-cf87-425e-8142-65b18903a9a1,Snake2,97,8,1
fe3d8fb6-ab34-4301-a879-faf6265ecce5,107,1c639e93-99fa-4b23-bf8c-6c00b0223683,Snake1,66,15,1
fe3d8fb6-ab34-4301-a879-faf6265ecce5,107,c44ca278-cf87-425e-8142-65b18903a9a1,Snake2,97,8,1
fe3d8fb6-ab34-4301-a879-faf6265ecce5,108,1c639e93-99fa-4b23-bf8c-6c00b0223683,Snake1,65,15,1
fe3d8fb6-ab34-4301-a879-faf6265ecce5,108,c44ca278-cf87-425e-8142-65b18903a9a1,Snake2,96,8,1
fe3d8fb6-ab34-4301-a879-faf6265ecce5,108,1c639e93-99fa-4b23-bf8c-6c00b0223683,Snake1,65,15,1
fe3d8fb6-ab34-4301-a879-faf6265ecce5,108,c44ca278-cf87-425e-8142-65b18903a9a1,Snake2,96,8,1
fe3d8fb6-ab34-4301-a879-faf6265ecce5,109,1c639e93-99fa-4b23-bf8c-6c00b0223683,Snake1,64,15,1
fe3d8fb6-ab34-4301-a879-faf6265ecce5,109,c44ca278-cf87-425e-8142-65b18903a9a1,Snake2,95,8,1
fe3d8fb6-ab34-4301-a879-faf6265ecce5,109,1c639e93-99fa-4b23-bf8c-6c00b0223683,Snake1,64,15,1
fe3d8fb6-ab34-4301-a879-faf6265ecce5,109,c44ca278-cf87-425e-8142-65b18903a9a1,Snake2,95,8,1
fe3d8fb6-ab34-4301-a879-faf6265ecce5,110,1c639e93-99fa-4b23-bf8c-6c00b0223683,Snake1,63,15,1
fe3d8fb6-ab34-4301-a879-faf6265ecce5,110,c44ca278-cf87-425e-8142-65b18903a9a1,Snake2,94,8,1
fe3d8fb6-ab34-4301-a879-faf6265ecce5,110,1c639e93-99fa-4b23-bf8c-6c00b0223683,Snake1,63,15,1
fe3d8fb6-ab34-4301-a879-faf6265ecce5,110,c44ca278-cf87-425e-8142-65b18903a9a1,Snake2,94,8,1
fe3d8fb6-ab34-4301-a879-faf6265ecce5,111,1c639e93-99fa-4b23-bf8c-6c00b0223683,Snake1,100,16,1
fe3d8fb6-ab34-4301-a879-faf6265ecce5,111,c44ca278-cf87-425e-8142-65b18903a9a1,Snake2,93,8,1
fe3d8fb6-ab34-4301-a879-faf6265ecce5,111,1c639e93-99fa-4b23-bf8c-6c00b0223683,Snake1,100,16,1
fe3d8fb6-ab34-4301-a879-faf6265ecce5,111,c44ca278-cf87-425e-8142-65b18903a9a1,Snake2,93,8,1
fe3d8fb6-ab34-4301-a879-faf6265ecce5,112,1c639e93-99fa-4b23-bf8c-6c00b0223683,Snake1,100,17,1
fe3d8fb6-ab34-4301-a879-faf6265ecce5,112,c44ca278-cf87-425e-8142-65b18903a9a1,Snake2,92,8,1
fe3d8fb6-ab34-4301-a879-faf6265ecce5,112,1c639e93-99fa-4b23-bf8c-6c00b0223683,Snake1,100,17,1
fe3d8fb6-ab34-4301-a879-faf6265ecce5,112,c44ca278-cf87-425e-8142-65b18903a9a1,Snake2,92,8,1
fe3d8fb6-ab34-4301-a879-faf6265ecce5,113,1c639e93-99fa-4b23-bf8c-6c00b0223683,Snake1,99,17,1
fe3d8fb6-ab34-4301-a879-faf6265ecce5,113,c44ca278-cf87-425e-8142-65b18903a9a1,Snake2,91,8,1
fe3d8fb6-ab34-4301-a879-faf6265ecce5,113,1c639e93-99fa-4b23-bf8c-6c00b0223683,Snake1,99,17,1
fe3d8fb6-ab34-4301-a879-faf6265ecce5,113,c44ca278-cf87-425e-8142-65b18903a9a1,Snake2,91,8,1
fe3d8fb6-ab34-4301-a879-faf6265ecce5,114,1c639e93-99fa-4b23-bf8c-6c00b0223683,Snake1,98,17,1
fe3d8fb6-ab34-4301-a879-faf6265ecce5,114,c44ca278-cf87-425e-8142-65b18903a9a1,Snake2,90,8,1
fe3d8fb6-ab34-4301-a879-faf6265ecce5,115,1c639e93-99fa-4b23-bf8c-6c00b0223683,Snake1,97,17,1
fe3d8fb6-ab34-4301-a879-faf6265ecce5,115,c44ca278-cf87-425e-8142-65b18903a9a1,Snake2,89,8,1
fe3d8fb6-ab34-4301-a879-faf6265ecce5,115,1c639e93-99fa-4b23-bf8c-6c00b0223683,Snake1,97,17,1
fe3d8fb6-ab34-4301-a879-faf6265ecce5,115,c44ca278-cf87-425e-8142-65b18903a9a1,Snake2,89,8,1
fe3d8fb6-ab34-4301-a879-faf6265ecce5,116,1c639e93-99fa-4b23-bf8c-6c00b0223683,Snake1,96,17,1
fe3d8fb6-ab34-4301-a879-faf6265ecce5,116,c44ca278-cf87-425e-8142-65b18903a9a1,Snake2,88,8,1
fe3d8fb6-ab34-4301-a879-faf6265ecce5,116,1c639e93-99fa-4b23-bf8c-6c00b0223683,Snake1,96,17,1
fe3d8fb6-ab34-4301-a879-faf6265ecce5,116,c44ca278-cf87-425e-8142-65b18903a9a1,Snake2,88,8,1
fe3d8fb6-ab34-4301-a879-faf6265ecce5,117,1c639e93-99fa-4b23-bf8c-6c00b0223683,Snake1,95,17,1
fe3d8fb6-ab34-4301-a879-faf6265ecce5,117,c44ca278-cf87-425e-8142-65b18903a9a1,Snake2,87,8,1
fe3d8fb6-ab34-4301-a879-faf6265ecce5,117,1c639e93-99fa-4b23-bf8c-6c00b0223683,Snake1,95,17,1
fe3d8fb6-ab34-4301-a879-faf6265ecce5,117,c44ca278-cf87-425e-8142-65b18903a9a1,Snake2,87,8,1
fe3d8fb6-ab34-4301-a879-faf6265ecce5,118,1c639e93-99fa-4b23-bf8c-6c00b0223683,Snake1,94,17,1
fe3d8fb6-ab34-4301-a879-faf6265ecce5,118,c44ca278-cf87-425e-8142-65b18903a9a1,Snake2,86,8,1
fe3d8fb6-ab34-4301-a879-faf6265ecce5,118,1c639e93-99fa-4b23-bf8c-6c00b0223683,Snake1,94,17,1
fe3d8fb6-ab34-4301-a879-faf6265ecce5,118,c44ca278-cf87-425e-8142-65b18903a9a1,Snake2,86,8,1
fe3d8fb6-ab34-4301-a879-faf6265ecce5,119,1c639e93-99fa-4b23-bf8c-6c00b0223683,Snake1,93,17,1
fe3d8fb6-ab34-4301-a879-faf6265ecce5,119,c44ca278-cf87-425e-8142-65b18903a9a1,Snake2,85,8,1
fe3d8fb6-ab34-4301-a879-faf6265ecce5,119,1c639e93-99fa-4b23-bf8c-6c00b0223683,Snake1,93,17,1
fe3d8fb6-ab34-4301-a879-faf6265ecce5,119,c44ca278-cf87-425e-8142-65b18903a9a1,Snake2,85,8,1
fe3d8fb6-ab34-4301-a879-faf6265ecce5,120,1c639e93-99fa-4b23-bf8c-6c00b0223683,Snake1,92,17,1
fe3d8fb6-ab34-4301-a879-faf6265ecce5,120,c44ca278-cf87-425e-8142-65b18903a9a1,Snake2,84,8,1
fe3d8fb6-ab34-4301-a879-faf6265ecce5,120,1c639e93-99fa-4b23-bf8c-6c00b0223683,Snake1,92,17,1
fe3d8fb6-ab34-4301-a879-faf6265ecce5,120,c44ca278-cf87-425e-8142-65b18903a9a1,Snake2,84,8,1
fe3d8fb6-ab34-4301-a879-faf6265ecce5,121,1c639e93-99fa-4b23-bf8c-6c00b0223683,Snake1,91,17,1
fe3d8fb6-ab34-4301-a879-faf6265ecce5,121,c44ca278-cf87-425e-8142-65b18903a9a1,Snake2,100,9,1
fe3d8fb6-ab34-4301-a879-faf6265ecce5,121,1c639e93-99fa-4b23-bf8c-6c00b0223683,Snake1,91,17,1
fe3d8fb6-ab34-4301-a879-faf6265ecce5,121,c44ca278-cf87-425e-8142-65b18903a9a1,Snake2,100,9,1
fe3d8fb6-ab34-4301-a879-faf6265ecce5,122,1c639e93-99fa-4b23-bf8c-6c00b0223683,Snake1,90,17,1
fe3d8fb6-ab34-4301-a879-faf6265ecce5,122,c44ca278-cf87-425e-8142-65b18903a9a1,Snake2,99,9,1
fe3d8fb6-ab34-4301-a879-faf6265ecce5,123,1c639e93-99fa-4b23-bf8c-6c00b0223683,Snake1,89,17,1
fe3d8fb6-ab34-4301-a879-faf6265ecce5,123,c44ca278-cf87-425e-8142-65b18903a9a1,Snake2,98,9,1
fe3d8fb6-ab34-4301-a879-faf6265ecce5,123,1c639e93-99fa-4b23-bf8c-6c00b0223683,Snake1,89,17,1
fe3d8fb6-ab34-4301-a879-faf6265ecce5,123,c44ca278-cf87-425e-8142-65b18903a9a1,Snake2,98,9,1
fe3d8fb6-ab34-4301-a879-faf6265ecce5,124,1c639e93-99fa-4b23-bf8c-6c00b0223683,Snake1,100,18,1
fe3d8fb6-ab34-4301-a879-faf6265ecce5,124,c44ca278-cf87-425e-8142-65b18903a9a1,Snake2,97,9,1
fe3d8fb6-ab34-4301-a879-faf6265ecce5,124,1c639e93-99fa-4b23-bf8c-6c00b0223683,Snake1,100,18,1
fe3d8fb6-ab34-4301-a879-faf6265ecce5,124,c44ca278-cf87-425e-8142-65b18903a9a1,Snake2,97,9,1
fe3d8fb6-ab34-4301-a879-faf6265ecce5,125,1c639e93-99fa-4b23-bf8c-6c00b0223683,Snake1,99,18,1
fe3d8fb6-ab34-4301-a879-faf6265ecce5,125,c44ca278-cf87-425e-8142-65b18903a9a1,Snake2,96,9,1
fe3d8fb6-ab34-4301-a879-faf6265ecce5,125,1c639e93-99fa-4b23-bf8c-6c00b0223683,Snake1,99,18,1
fe3d8fb6-ab34-4301-a879-faf6265ecce5,125,c44ca278-cf87-425e-8142-65b18903a9a1,Snake2,96,9,1
fe3d8fb6-ab34-4301-a879-faf6265ecce5,126,1c639e93-99fa-4b23-bf8c-6c00b0223683,Snake1,98,18,1
fe3d8fb6-ab34-4301-a879-faf6265ecce5,126,c44ca278-cf87-425e-8142-65b18903a9a1,Snake2,95,9,1
fe3d8fb6-ab34-4301-a879-faf6265ecce5,126,1c639e93-99fa-4b23-bf8c-6c00b0223683,Snake1,98,18,1
fe3d8fb6-ab34-4301-a879-faf6265ecce5,126,c44ca278-cf87-425e-8142-65b18903a9a1,Snake2,95,9,1
fe3d8fb6-ab34-4301-a879-faf6265ecce5,127,1c639e93-99fa-4b23-bf8c-6c00b0223683,Snake1,97,18,1
fe3d8fb6-ab34-4301-a879-faf6265ecce5,127,c44ca278-cf87-425e-8142-65b18903a9a1,Snake2,94,9,1
fe3d8fb6-ab34-4301-a879-faf6265ecce5,127,1c639e93-99fa-4b23-bf8c-6c00b0223683,Snake1,97,18,1
fe3d8fb6-ab34-4301-a879-faf6265ecce5,127,c44ca278-cf87-425e-8142-65b18903a9a1,Snake2,94,9,1
fe3d8fb6-ab34-4301-a879-faf6265ecce5,128,1c639e93-99fa-4b23-bf8c-6c00b0223683,Snake1,96,18,1
fe3d8fb6-ab34-4301-a879-faf6265ecce5,128,c44ca278-cf87-425e-8142-65b18903a9a1,Snake2,93,9,1
fe3d8fb6-ab34-4301-a879-faf6265ecce5,128,1c639e93-99fa-4b23-bf8c-6c00b0223683,Snake1,96,18,1
fe3d8fb6-ab34-4301-a879-faf6265ecce5,128,c44ca278-cf87-425e-8142-65b18903a9a1,Snake2,93,9,1
fe3d8fb6-ab34-4301-a879-faf6265ecce5,129,1c639e93-99fa-4b23-bf8c-6c00b0223683,Snake1,95,18,1
fe3d8fb6-ab34-4301-a879-faf6265ecce5,129,c44ca278-cf87-425e-8142-65b18903a9a1,Snake2,92,9,1
fe3d8fb6-ab34-4301-a879-faf6265ecce5,129,1c639e93-99fa-4b23-bf8c-6c00b0223683,Snake1,95,18,1
fe3d8fb6-ab34-4301-a879-faf6265ecce5,129,c44ca278-cf87-425e-8142-65b18903a9a1,Snake2,92,9,1
fe3d8fb6-ab34-4301-a879-faf6265ecce5,130,1c639e93-99fa-4b23-bf8c-6c00b0223683,Snake1,94,18,1
fe3d8fb6-ab34-4301-a879-faf6265ecce5,130,c44ca278-cf87-425e-8142-65b18903a9a1,Snake2,91,9,1
fe3d8fb6-ab34-4301-a879-faf6265ecce5,130,1c639e93-99fa-4b23-bf8c-6c00b0223683,Snake1,94,18,1
fe3d8fb6-ab34-4301-a879-faf6265ecce5,130,c44ca278-cf87-425e-8142-65b18903a9a1,Snake2,91,9,1
fe3d8fb6-ab34-4301-a879-faf6265ecce5,131,1c639e93-99fa-4b23-bf8c-6c00b0223683,Snake1,93,18,1
fe3d8fb6-ab34-4301-a879-faf6265ecce5,131,c44ca278-cf87-425e-8142-65b18903a9a1,Snake2,90,9,1
fe3d8fb6-ab34-4301-a879-faf6265ecce5,132,1c639e93-99fa-4b23-bf8c-6c00b0223683,Snake1,92,18,1
fe3d8fb6-ab34-4301-a879-faf6265ecce5,132,c44ca278-cf87-425e-8142-65b18903a9a1,Snake2,89,9,1
fe3d8fb6-ab34-4301-a879-faf6265ecce5,132,1c639e93-99fa-4b23-bf8c-6c00b0223683,Snake1,92,18,1
fe3d8fb6-ab34-4301-a879-faf6265ecce5,132,c44ca278-cf87-425e-8142-65b18903a9a1,Snake2,89,9,1
fe3d8fb6-ab34-4301-a879-faf6265ecce5,133,1c639e93-99fa-4b23-bf8c-6c00b0223683,Snake1,91,18,1
fe3d8fb6-ab34-4301-a879-faf6265ecce5,133,c44ca278-cf87-425e-8142-65b18903a9a1,Snake2,88,9,1
fe3d8fb6-ab34-4301-a879-faf6265ecce5,133,1c639e93-99fa-4b23-bf8c-6c00b0223683,Snake1,91,18,1
fe3d8fb6-ab34-4301-a879-faf6265ecce5,133,c44ca278-cf87-425e-8142-65b18903a9a1,Snake2,88,9,1
fe3d8fb6-ab34-4301-a879-faf6265ecce5,134,1c639e93-99fa-4b23-bf8c-6c00b0223683,Snake1,90,18,1
fe3d8fb6-ab34-4301-a879-faf6265ecce5,134,c44ca278-cf87-425e-8142-65b18903a9a1,Snake2,87,9,1
fe3d8fb6-ab34-4301-a879-faf6265ecce5,134,1c639e93-99fa-4b23-bf8c-6c00b0223683,Snake1,90,18,1
fe3d8fb6-ab34-4301-a879-faf6265ecce5,134,c44ca278-cf87-425e-8142-65b18903a9a1,Snake2,87,9,1
fe3d8fb6-ab34-4301-a879-faf6265ecce5,135,1c639e93-99fa-4b23-bf8c-6c00b0223683,Snake1,89,18,1
fe3d8fb6-ab34-4301-a879-faf6265ecce5,135,c44ca278-cf87-425e-8142-65b18903a9a1,Snake2,86,9,1
fe3d8fb6-ab34-4301-a879-faf6265ecce5,135,1c639e93-99fa-4b23-bf8c-6c00b0223683,Snake1,89,18,1
fe3d8fb6-ab34-4301-a879-faf6265ecce5,135,c44ca278-cf87-425e-8142-65b18903a9a1,Snake2,86,9,1
fe3d8fb6-ab34-4301-a879-faf6265ecce5,136,1c639e93-99fa-4b23-bf8c-6c00b0223683,Snake1,88,18,1
fe3d8fb6-ab34-4301-a879-faf6265ecce5,136,c44ca278-cf87-425e-8142-65b18903a9a1,Snake2,85,9,1
fe3d8fb6-ab34-4301-a879-faf6265ecce5,136,1c639e93-99fa-4b23-bf8c-6c00b0223683,Snake1,88,18,1
fe3d8fb6-ab34-4301-a879-faf6265ecce5,136,c44ca278-cf87-425e-8142-65b18903a9a1,Snake2,85,9,1
fe3d8fb6-ab34-4301-a879-faf6265ecce5,137,1c639e93-99fa-4b23-bf8c-6c00b0223683,Snake1,87,18,1
fe3d8fb6-ab34-4301-a879-faf6265ecce5,137,c44ca278-cf87-425e-8142-65b18903a9a1,Snake2,84,9,1
fe3d8fb6-ab34-4301-a879-faf6265ecce5,137,1c639e93-99fa-4b23-bf8c-6c00b0223683,Snake1,87,18,1
fe3d8fb6-ab34-4301-a879-faf6265ecce5,137,c44ca278-cf87-425e-8142-65b18903a9a1,Snake2,84,9,1
fe3d8fb6-ab34-4301-a879-faf6265ecce5,138,1c639e93-99fa-4b23-bf8c-6c00b0223683,Snake1,86,18,1
fe3d8fb6-ab34-4301-a879-faf6265ecce5,138,c44ca278-cf87-425e-8142-65b18903a9a1,Snake2,83,9,1
fe3d8fb6-ab34-4301-a879-faf6265ecce5,138,1c639e93-99fa-4b23-bf8c-6c00b0223683,Snake1,86,18,1
fe3d8fb6-ab34-4301-a879-faf6265ecce5,138,c44ca278-cf87-425e-8142-65b18903a9a1,Snake2,83,9,1
fe3d8fb6-ab34-4301-a879-faf6265ecce5,139,1c639e93-99fa-4b23-bf8c-6c00b0223683,Snake1,85,18,1
fe3d8fb6-ab34-4301-a879-faf6265ecce5,139,c44ca278-cf87-425e-8142-65b18903a9a1,Snake2,82,9,1
fe3d8fb6-ab34-4301-a879-faf6265ecce5,139,1c639e93-99fa-4b23-bf8c-6c00b0223683,Snake1,85,18,1
fe3d8fb6-ab34-4301-a879-faf6265ecce5,139,c44ca278-cf87-425e-8142-65b18903a9a1,Snake2,82,9,1
fe3d8fb6-ab34-4301-a879-faf6265ecce5,140,1c639e93-99fa-4b23-bf8c-6c00b0223683,Snake1,84,18,1
fe3d8fb6-ab34-4301-a879-faf6265ecce5,140,c44ca278-cf87-425e-8142-65b18903a9a1,Snake2,81,9,1
fe3d8fb6-ab34-4301-a879-faf6265ecce5,140,1c639e93-99fa-4b23-bf8c-6c00b0223683,Snake1,84,18,1
fe3d8fb6-ab34-4301-a879-faf6265ecce5,140,c44ca278-cf87-425e-8142-65b18903a9a1,Snake2,81,9,1
fe3d8fb6-ab34-4301-a879-faf6265ecce5,141,1c639e93-99fa-4b23-bf8c-6c00b0223683,Snake1,83,18,1
fe3d8fb6-ab34-4301-a879-faf6265ecce5,141,c44ca278-cf87-425e-8142-65b18903a9a1,Snake2,80,9,1
fe3d8fb6-ab34-4301-a879-faf6265ecce5,142,1c639e93-99fa-4b23-bf8c-6c00b0223683,Snake1,82,18,1
fe3d8fb6-ab34-4301-a879-faf6265ecce5,142,c44ca278-cf87-425e-8142-65b18903a9a1,Snake2,79,9,1
fe3d8fb6-ab34-4301-a879-faf6265ecce5,142,1c639e93-99fa-4b23-bf8c-6c00b0223683,Snake1,82,18,1
fe3d8fb6-ab34-4301-a879-faf6265ecce5,142,c44ca278-cf87-425e-8142-65b18903a9a1,Snake2,79,9,1
fe3d8fb6-ab34-4301-a879-faf6265ecce5,143,1c639e93-99fa-4b23-bf8c-6c00b0223683,Snake1,81,18,1
fe3d8fb6-ab34-4301-a879-faf6265ecce5,143,c44ca278-cf87-425e-8142-65b18903a9a1,Snake2,78,9,1
fe3d8fb6-ab34-4301-a879-faf6265ecce5,143,1c639e93-99fa-4b23-bf8c-6c00b0223683,Snake1,81,18,1
fe3d8fb6-ab34-4301-a879-faf6265ecce5,143,c44ca278-cf87-425e-8142-65b18903a9a1,Snake2,78,9,1
fe3d8fb6-ab34-4301-a879-faf6265ecce5,144,1c639e93-99fa-4b23-bf8c-6c00b0223683,Snake1,80,18,1
fe3d8fb6-ab34-4301-a879-faf6265ecce5,144,c44ca278-cf87-425e-8142-65b18903a9a1,Snake2,77,9,1
fe3d8fb6-ab34-4301-a879-faf6265ecce5,145,1c639e93-99fa-4b23-bf8c-6c00b0223683,Snake1,79,18,1
fe3d8fb6-ab34-4301-a879-faf6265ecce5,145,c44ca278-cf87-425e-8142-65b18903a9a1,Snake2,76,9,1
fe3d8fb6-ab34-4301-a879-faf6265ecce5,145,1c639e93-99fa-4b23-bf8c-6c00b0223683,Snake1,79,18,1
fe3d8fb6-ab34-4301-a879-faf6265ecce5,145,c44ca278-cf87-425e-8142-65b18903a9a1,Snake2,76,9,1
fe3d8fb6-ab34-4301-a879-faf6265ecce5,146,1c639e93-99fa-4b23-bf8c-6c00b0223683,Snake1,78,18,1
fe3d8fb6-ab34-4301-a879-faf6265ecce5,146,c44ca278-cf87-425e-8142-65b18903a9a1,Snake2,75,9,1
fe3d8fb6-ab34-4301-a879-faf6265ecce5,146,1c639e93-99fa-4b23-bf8c-6c00b0223683,Snake1,78,18,1
fe3d8fb6-ab34-4301-a879-faf6265ecce5,146,c44ca278-cf87-425e-8142-65b18903a9a1,Snake2,75,9,1
fe3d8fb6-ab34-4301-a879-faf6265ecce5,147,1c639e93-99fa-4b23-bf8c-6c00b0223683,Snake1,77,18,1
fe3d8fb6-ab34-4301-a879-faf6265ecce5,147,c44ca278-cf87-425e-8142-65b18903a9a1,Snake2,74,9,1
fe3d8fb6-ab34-4301-a879-faf6265ecce5,148,1c639e93-99fa-4b23-bf8c-6c00b0223683,Snake1,76,18,1
fe3d8fb6-ab34-4301-a879-faf6265ecce5,148,c44ca278-cf87-425e-8142-65b18903a9a1,Snake2,100,10,1
fe3d8fb6-ab34-4301-a879-faf6265ecce5,148,1c639e93-99fa-4b23-bf8c-6c00b0223683,Snake1,76,18,1
fe3d8fb6-ab34-4301-a879-faf6265ecce5,148,c44ca278-cf87-425e-8142-65b18903a9a1,Snake2,100,10,1
fe3d8fb6-ab34-4301-a879-faf6265ecce5,149,1c639e93-99fa-4b23-bf8c-6c00b0223683,Snake1,75,18,1
fe3d8fb6-ab34-4301-a879-faf6265ecce5,149,c44ca278-cf87-425e-8142-65b18903a9a1,Snake2,99,10,1
fe3d8fb6-ab34-4301-a879-faf6265ecce5,149,1c639e93-99fa-4b23-bf8c-6c00b0223683,Snake1,75,18,1
fe3d8fb6-ab34-4301-a879-faf6265ecce5,149,c44ca278-cf87-425e-8142-65b18903a9a1,Snake2,99,10,1
fe3d8fb6-ab34-4301-a879-faf6265ecce5,150,1c639e93-99fa-4b23-bf8c-6c00b0223683,Snake1,74,18,1
fe3d8fb6-ab34-4301-a879-faf6265ecce5,150,c44ca278-cf87-425e-8142-65b18903a9a1,Snake2,98,10,1
fe3d8fb6-ab34-4301-a879-faf6265ecce5,150,1c639e93-99fa-4b23-bf8c-6c00b0223683,Snake1,74,18,1
fe3d8fb6-ab34-4301-a879-faf6265ecce5,150,c44ca278-cf87-425e-8142-65b18903a9a1,Snake2,98,10,1
fe3d8fb6-ab34-4301-a879-faf6265ecce5,151,1c639e93-99fa-4b23-bf8c-6c00b0223683,Snake1,73,18,1
fe3d8fb6-ab34-4301-a879-faf6265ecce5,151,c44ca278-cf87-425e-8142-65b18903a9a1,Snake2,97,10,1
fe3d8fb6-ab34-4301-a879-faf6265ecce5,151,1c639e93-99fa-4b23-bf8c-6c00b0223683,Snake1,73,18,1
fe3d8fb6-ab34-4301-a879-faf6265ecce5,151,c44ca278-cf87-425e-8142-65b18903a9a1,Snake2,97,10,1
fe3d8fb6-ab34-4301-a879-faf6265ecce5,152,1c639e93-99fa-4b23-bf8c-6c00b0223683,Snake1,72,18,1
fe3d8fb6-ab34-4301-a879-faf6265ecce5,152,c44ca278-cf87-425e-8142-65b18903a9a1,Snake2,96,10,1
fe3d8fb6-ab34-4301-a879-faf6265ecce5,152,1c639e93-99fa-4b23-bf8c-6c00b0223683,Snake1,72,18,1
fe3d8fb6-ab34-4301-a879-faf6265ecce5,152,c44ca278-cf87-425e-8142-65b18903a9a1,Snake2,96,10,1
fe3d8fb6-ab34-4301-a879-faf6265ecce5,153,1c639e93-99fa-4b23-bf8c-6c00b0223683,Snake1,71,18,1
fe3d8fb6-ab34-4301-a879-faf6265ecce5,153,c44ca278-cf87-425e-8142-65b18903a9a1,Snake2,95,10,1
fe3d8fb6-ab34-4301-a879-faf6265ecce5,154,1c639e93-99fa-4b23-bf8c-6c00b0223683,Snake1,70,18,1
fe3d8fb6-ab34-4301-a879-faf6265ecce5,154,c44ca278-cf87-425e-8142-65b18903a9a1,Snake2,94,10,1
fe3d8fb6-ab34-4301-a879-faf6265ecce5,154,1c639e93-99fa-4b23-bf8c-6c00b0223683,Snake1,70,18,1
fe3d8fb6-ab34-4301-a879-faf6265ecce5,154,c44ca278-cf87-425e-8142-65b18903a9a1,Snake2,94,10,1
fe3d8fb6-ab34-4301-a879-faf6265ecce5,155,1c639e93-99fa-4b23-bf8c-6c00b0223683,Snake1,69,18,1
fe3d8fb6-ab34-4301-a879-faf6265ecce5,155,c44ca278-cf87-425e-8142-65b18903a9a1,Snake2,93,10,1
fe3d8fb6-ab34-4301-a879-faf6265ecce5,155,1c639e93-99fa-4b23-bf8c-6c00b0223683,Snake1,69,18,1
fe3d8fb6-ab34-4301-a879-faf6265ecce5,155,c44ca278-cf87-425e-8142-65b18903a9a1,Snake2,93,10,1
fe3d8fb6-ab34-4301-a879-faf6265ecce5,156,1c639e93-99fa-4b23-bf8c-6c00b0223683,Snake1,68,18,1
fe3d8fb6-ab34-4301-a879-faf6265ecce5,156,c44ca278-cf87-425e-8142-65b18903a9a1,Snake2,92,10,1
fe3d8fb6-ab34-4301-a879-faf6265ecce5,156,1c639e93-99fa-4b23-bf8c-6c00b0223683,Snake1,68,18,1
fe3d8fb6-ab34-4301-a879-faf6265ecce5,156,c44ca278-cf87-425e-8142-65b18903a9a1,Snake2,92,10,1
fe3d8fb6-ab34-4301-a879-faf6265ecce5,157,1c639e93-99fa-4b23-bf8c-6c00b0223683,Snake1,67,18,1
fe3d8fb6-ab34-4301-a879-faf6265ecce5,157,c44ca278-cf87-425e-8142-65b18903a9a1,Snake2,91,10,1
fe3d8fb6-ab34-4301-a879-faf6265ecce5,157,1c639e93-99fa-4b23-bf8c-6c00b0223683,Snake1,67,18,1
fe3d8fb6-ab34-4301-a879-faf6265ecce5,157,c44ca278-cf87-425e-8142-65b18903a9a1,Snake2,91,10,1
fe3d8fb6-ab34-4301-a879-faf6265ecce5,158,1c639e93-99fa-4b23-bf8c-6c00b0223683,Snake1,66,18,1
fe3d8fb6-ab34-4301-a879-faf6265ecce5,158,c44ca278-cf87-425e-8142-65b18903a9a1,Snake2,90,10,1
fe3d8fb6-ab34-4301-a879-faf6265ecce5,158,1c639e93-99fa-4b23-bf8c-6c00b0223683,Snake1,66,18,1
fe3d8fb6-ab34-4301-a879-faf6265ecce5,158,c44ca278-cf87-425e-8142-65b18903a9a1,Snake2,90,10,1
fe3d8fb6-ab34-4301-a879-faf6265ecce5,159,1c639e93-99fa-4b23-bf8c-6c00b0223683,Snake1,65,18,1
fe3d8fb6-ab34-4301-a879-faf6265ecce5,159,c44ca278-cf87-425e-8142-65b18903a9a1,Snake2,89,10,1
fe3d8fb6-ab34-4301-a879-faf6265ecce5,159,1c639e93-99fa-4b23-bf8c-6c00b0223683,Snake1,65,18,1
fe3d8fb6-ab34-4301-a879-faf6265ecce5,159,c44ca278-cf87-425e-8142-65b18903a9a1,Snake2,89,10,1
fe3d8fb6-ab34-4301-a879-faf6265ecce5,160,1c639e93-99fa-4b23-bf8c-6c00b0223683,Snake1,64,18,1
fe3d8fb6-ab34-4301-a879-faf6265ecce5,160,c44ca278-cf87-425e-8142-65b18903a9a1,Snake2,88,10,1
fe3d8fb6-ab34-4301-a879-faf6265ecce5,160,1c639e93-99fa-4b23-bf8c-6c00b0223683,Snake1,64,18,1
fe3d8fb6-ab34-4301-a879-faf6265ecce5,160,c44ca278-cf87-425e-8142-65b18903a9a1,Snake2,88,10,1
fe3d8fb6-ab34-4301-a879-faf6265ecce5,161,1c639e93-99fa-4b23-bf8c-6c00b0223683,Snake1,63,18,1
fe3d8fb6-ab34-4301-a879-faf6265ecce5,161,c44ca278-cf87-425e-8142-65b18903a9a1,Snake2,87,10,1
fe3d8fb6-ab34-4301-a879-faf6265ecce5,161,1c639e93-99fa-4b23-bf8c-6c00b0223683,Snake1,63,18,1
fe3d8fb6-ab34-4301-a879-faf6265ecce5,161,c44ca278-cf87-425e-8142-65b18903a9a1,Snake2,87,10,1
fe3d8fb6-ab34-4301-a879-faf6265ecce5,162,1c639e93-99fa-4b23-bf8c-6c00b0223683,Snake1,62,18,1
fe3d8fb6-ab34-4301-a879-faf6265ecce5,162,c44ca278-cf87-425e-8142-65b18903a9a1,Snake2,86,10,1
fe3d8fb6-ab34-4301-a879-faf6265ecce5,162,1c639e93-99fa-4b23-bf8c-6c00b0223683,Snake1,62,18,1
fe3d8fb6-ab34-4301-a879-faf6265ecce5,162,c44ca278-cf87-425e-8142-65b18903a9a1,Snake2,86,10,1
fe3d8fb6-ab34-4301-a879-faf6265ecce5,163,1c639e93-99fa-4b23-bf8c-6c00b0223683,Snake1,100,19,1
fe3d8fb6-ab34-4301-a879-faf6265ecce5,163,c44ca278-cf87-425e-8142-65b18903a9a1,Snake2,85,10,1
fe3d8fb6-ab34-4301-a879-faf6265ecce5,163,1c639e93-99fa-4b23-bf8c-6c00b0223683,Snake1,100,19,1
fe3d8fb6-ab34-4301-a879-faf6265ecce5,163,c44ca278-cf87-425e-8142-65b18903a9a1,Snake2,85,10,1
fe3d8fb6-ab34-4301-a879-faf6265ecce5,164,1c639e93-99fa-4b23-bf8c-6c00b0223683,Snake1,99,19,1
fe3d8fb6-ab34-4301-a879-faf6265ecce5,164,c44ca278-cf87-425e-8142-65b18903a9a1,Snake2,84,10,1
fe3d8fb6-ab34-4301-a879-faf6265ecce5,164,1c639e93-99fa-4b23-bf8c-6c00b0223683,Snake1,99,19,1
fe3d8fb6-ab34-4301-a879-faf6265ecce5,164,c44ca278-cf87-425e-8142-65b18903a9a1,Snake2,84,10,1
fe3d8fb6-ab34-4301-a879-faf6265ecce5,165,1c639e93-99fa-4b23-bf8c-6c00b0223683,Snake1,98,19,1
fe3d8fb6-ab34-4301-a879-faf6265ecce5,165,c44ca278-cf87-425e-8142-65b18903a9a1,Snake2,83,10,1
fe3d8fb6-ab34-4301-a879-faf6265ecce5,166,1c639e93-99fa-4b23-bf8c-6c00b0223683,Snake1,97,19,1
fe3d8fb6-ab34-4301-a879-faf6265ecce5,166,c44ca278-cf87-425e-8142-65b18903a9a1,Snake2,82,10,1
fe3d8fb6-ab34-4301-a879-faf6265ecce5,166,1c639e93-99fa-4b23-bf8c-6c00b0223683,Snake1,97,19,1
fe3d8fb6-ab34-4301-a879-faf6265ecce5,166,c44ca278-cf87-425e-8142-65b18903a9a1,Snake2,82,10,1
fe3d8fb6-ab34-4301-a879-faf6265ecce5,167,1c639e93-99fa-4b23-bf8c-6c00b0223683,Snake1,96,19,1
fe3d8fb6-ab34-4301-a879-faf6265ecce5,167,c44ca278-cf87-425e-8142-65b18903a9a1,Snake2,81,10,1
fe3d8fb6-ab34-4301-a879-faf6265ecce5,167,1c639e93-99fa-4b23-bf8c-6c00b0223683,Snake1,96,19,1
fe3d8fb6-ab34-4301-a879-faf6265ecce5,167,c44ca278-cf87-425e-8142-65b18903a9a1,Snake2,81,10,1
fe3d8fb6-ab34-4301-a879-faf6265ecce5,168,1c639e93-99fa-4b23-bf8c-6c00b0223683,Snake1,95,19,1
fe3d8fb6-ab34-4301-a879-faf6265ecce5,168,c44ca278-cf87-425e-8142-65b18903a9a1,Snake2,80,10,1
fe3d8fb6-ab34-4301-a879-faf6265ecce5,168,1c639e93-99fa-4b23-bf8c-6c00b0223683,Snake1,95,19,1
fe3d8fb6-ab34-4301-a879-faf6265ecce5,168,c44ca278-cf87-425e-8142-65b18903a9a1,Snake2,80,10,1
fe3d8fb6-ab34-4301-a879-faf6265ecce5,169,1c639e93-99fa-4b23-bf8c-6c00b0223683,Snake1,94,19,1
fe3d8fb6-ab34-4301-a879-faf6265ecce5,169,c44ca278-cf87-425e-8142-65b18903a9a1,Snake2,79,10,1
fe3d8fb6-ab34-4301-a879-faf6265ecce5,169,1c639e93-99fa-4b23-bf8c-6c00b0223683,Snake1,94,19,1
fe3d8fb6-ab34-4301-a879-faf6265ecce5,169,c44ca278-cf87-425e-8142-65b18903a9a1,Snake2,79,10,1
fe3d8fb6-ab34-4301-a879-faf6265ecce5,170,1c639e93-99fa-4b23-bf8c-6c00b0223683,Snake1,93,19,1
fe3d8fb6-ab34-4301-a879-faf6265ecce5,170,c44ca278-cf87-425e-8142-65b18903a9a1,Snake2,78,10,1
fe3d8fb6-ab34-4301-a879-faf6265ecce5,170,1c639e93-99fa-4b23-bf8c-6c00b0223683,Snake1,93,19,1
fe3d8fb6-ab34-4301-a879-faf6265ecce5,170,c44ca278-cf87-425e-8142-65b18903a9a1,Snake2,78,10,1
fe3d8fb6-ab34-4301-a879-faf6265ecce5,171,1c639e93-99fa-4b23-bf8c-6c00b0223683,Snake1,92,19,1
fe3d8fb6-ab34-4301-a879-faf6265ecce5,171,c44ca278-cf87-425e-8142-65b18903a9a1,Snake2,77,10,1
fe3d8fb6-ab34-4301-a879-faf6265ecce5,171,1c639e93-99fa-4b23-bf8c-6c00b0223683,Snake1,92,19,1
fe3d8fb6-ab34-4301-a879-faf6265ecce5,171,c44ca278-cf87-425e-8142-65b18903a9a1,Snake2,77,10,1
fe3d8fb6-ab34-4301-a879-faf6265ecce5,172,1c639e93-99fa-4b23-bf8c-6c00b0223683,Snake1,91,19,1
fe3d8fb6-ab34-4301-a879-faf6265ecce5,172,c44ca278-cf87-425e-8142-65b18903a9a1,Snake2,76,10,1
fe3d8fb6-ab34-4301-a879-faf6265ecce5,172,1c639e93-99fa-4b23-bf8c-6c00b0223683,Snake1,91,19,1
fe3d8fb6-ab34-4301-a879-faf6265ecce5,172,c44ca278-cf87-425e-8142-65b18903a9a1,Snake2,76,10,1
fe3d8fb6-ab34-4301-a879-faf6265ecce5,173,1c639e93-99fa-4b23-bf8c-6c00b0223683,Snake1,90,19,1
fe3d8fb6-ab34-4301-a879-faf6265ecce5,173,c44ca278-cf87-425e-8142-65b18903a9a1,Snake2,75,10,1
fe3d8fb6-ab34-4301-a879-faf6265ecce5,173,1c639e93-99fa-4b23-bf8c-6c00b0223683,Snake1,90,19,1
fe3d8fb6-ab34-4301-a879-faf6265ecce5,173,c44ca278-cf87-425e-8142-65b18903a9a1,Snake2,75,10,1
fe3d8fb6-ab34-4301-a879-faf6265ecce5,174,1c639e93-99fa-4b23-bf8c-6c00b0223683,Snake1,89,19,1
fe3d8fb6-ab34-4301-a879-faf6265ecce5,174,c44ca278-cf87-425e-8142-65b18903a9a1,Snake2,74,10,1
fe3d8fb6-ab34-4301-a879-faf6265ecce5,175,1c639e93-99fa-4b23-bf8c-6c00b0223683,Snake1,88,19,1
fe3d8fb6-ab34-4301-a879-faf6265ecce5,175,c44ca278-cf87-425e-8142-65b18903a9a1,Snake2,73,10,1
fe3d8fb6-ab34-4301-a879-faf6265ecce5,175,1c639e93-99fa-4b23-bf8c-6c00b0223683,Snake1,88,19,1
fe3d8fb6-ab34-4301-a879-faf6265ecce5,175,c44ca278-cf87-425e-8142-65b18903a9a1,Snake2,73,10,1
fe3d8fb6-ab34-4301-a879-faf6265ecce5,176,1c639e93-99fa-4b23-bf8c-6c00b0223683,Snake1,87,19,1
fe3d8fb6-ab34-4301-a879-faf6265ecce5,176,c44ca278-cf87-425e-8142-65b18903a9a1,Snake2,72,10,1
fe3d8fb6-ab34-4301-a879-faf6265ecce5,177,1c639e93-99fa-4b23-bf8c-6c00b0223683,Snake1,86,19,1
fe3d8fb6-ab34-4301-a879-faf6265ecce5,177,c44ca278-cf87-425e-8142-65b18903a9a1,Snake2,71,10,1
fe3d8fb6-ab34-4301-a879-faf6265ecce5,177,1c639e93-99fa-4b23-bf8c-6c00b0223683,Snake1,86,19,1
fe3d8fb6-ab34-4301-a879-faf6265ecce5,177,c44ca278-cf87-425e-8142-65b18903a9a1,Snake2,71,10,1
fe3d8fb6-ab34-4301-a879-faf6265ecce5,178,1c639e93-99fa-4b23-bf8c-6c00b0223683,Snake1,85,19,1
fe3d8fb6-ab34-4301-a879-faf6265ecce5,178,c44ca278-cf87-425e-8142-65b18903a9a1,Snake2,70,10,1
fe3d8fb6-ab34-4301-a879-faf6265ecce5,179,1c639e93-99fa-4b23-bf8c-6c00b0223683,Snake1,84,19,1
fe3d8fb6-ab34-4301-a879-faf6265ecce5,179,c44ca278-cf87-425e-8142-65b18903a9a1,Snake2,69,10,1
fe3d8fb6-ab34-4301-a879-faf6265ecce5,179,1c639e93-99fa-4b23-bf8c-6c00b0223683,Snake1,84,19,1
fe3d8fb6-ab34-4301-a879-faf6265ecce5,179,c44ca278-cf87-425e-8142-65b18903a9a1,Snake2,69,10,1
fe3d8fb6-ab34-4301-a879-faf6265ecce5,180,1c639e93-99fa-4b23-bf8c-6c00b0223683,Snake1,83,19,1
fe3d8fb6-ab34-4301-a879-faf6265ecce5,180,c44ca278-cf87-425e-8142-65b18903a9a1,Snake2,68,10,1
fe3d8fb6-ab34-4301-a879-faf6265ecce5,180,1c639e93-99fa-4b23-bf8c-6c00b0223683,Snake1,83,19,1
fe3d8fb6-ab34-4301-a879-faf6265ecce5,180,c44ca278-cf87-425e-8142-65b18903a9a1,Snake2,68,10,1
fe3d8fb6-ab34-4301-a879-faf6265ecce5,181,1c639e93-99fa-4b23-bf8c-6c00b0223683,Snake1,82,19,1
fe3d8fb6-ab34-4301-a879-faf6265ecce5,181,c44ca278-cf87-425e-8142-65b18903a9a1,Snake2,67,10,1
fe3d8fb6-ab34-4301-a879-faf6265ecce5,181,1c639e93-99fa-4b23-bf8c-6c00b0223683,Snake1,82,19,1
fe3d8fb6-ab34-4301-a879-faf6265ecce5,181,c44ca278-cf87-425e-8142-65b18903a9a1,Snake2,67,10,1
fe3d8fb6-ab34-4301-a879-faf6265ecce5,182,1c639e93-99fa-4b23-bf8c-6c00b0223683,Snake1,81,19,1
fe3d8fb6-ab34-4301-a879-faf6265ecce5,182,c44ca278-cf87-425e-8142-65b18903a9a1,Snake2,66,10,1
fe3d8fb6-ab34-4301-a879-faf6265ecce5,182,1c639e93-99fa-4b23-bf8c-6c00b0223683,Snake1,81,19,1
fe3d8fb6-ab34-4301-a879-faf6265ecce5,182,c44ca278-cf87-425e-8142-65b18903a9a1,Snake2,66,10,1
fe3d8fb6-ab34-4301-a879-faf6265ecce5,183,1c639e93-99fa-4b23-bf8c-6c00b0223683,Snake1,80,19,1
fe3d8fb6-ab34-4301-a879-faf6265ecce5,183,c44ca278-cf87-425e-8142-65b18903a9a1,Snake2,65,10,1
fe3d8fb6-ab34-4301-a879-faf6265ecce5,183,1c639e93-99fa-4b23-bf8c-6c00b0223683,Snake1,80,19,1
fe3d8fb6-ab34-4301-a879-faf6265ecce5,183,c44ca278-cf87-425e-8142-65b18903a9a1,Snake2,65,10,1
fe3d8fb6-ab34-4301-a879-faf6265ecce5,184,1c639e93-99fa-4b23-bf8c-6c00b0223683,Snake1,79,19,1
fe3d8fb6-ab34-4301-a879-faf6265ecce5,184,c44ca278-cf87-425e-8142-65b18903a9a1,Snake2,64,10,1
fe3d8fb6-ab34-4301-a879-faf6265ecce5,184,1c639e93-99fa-4b23-bf8c-6c00b0223683,Snake1,79,19,1
fe3d8fb6-ab34-4301-a879-faf6265ecce5,184,c44ca278-cf87-425e-8142-65b18903a9a1,Snake2,64,10,1
fe3d8fb6-ab34-4301-a879-faf6265ecce5,185,1c639e93-99fa-4b23-bf8c-6c00b0223683,Snake1,78,19,1
fe3d8fb6-ab34-4301-a879-faf6265ecce5,185,c44ca278-cf87-425e-8142-65b18903a9a1,Snake2,63,10,1
fe3d8fb6-ab34-4301-a879-faf6265ecce5,186,1c639e93-99fa-4b23-bf8c-6c00b0223683,Snake1,77,19,1
fe3d8fb6-ab34-4301-a879-faf6265ecce5,186,c44ca278-cf87-425e-8142-65b18903a9a1,Snake2,62,10,1
fe3d8fb6-ab34-4301-a879-faf6265ecce5,186,1c639e93-99fa-4b23-bf8c-6c00b0223683,Snake1,77,19,1
fe3d8fb6-ab34-4301-a879-faf6265ecce5,186,c44ca278-cf87-425e-8142-65b18903a9a1,Snake2,62,10,1
fe3d8fb6-ab34-4301-a879-faf6265ecce5,187,1c639e93-99fa-4b23-bf8c-6c00b0223683,Snake1,76,19,1
fe3d8fb6-ab34-4301-a879-faf6265ecce5,187,c44ca278-cf87-425e-8142-65b18903a9a1,Snake2,61,10,1
fe3d8fb6-ab34-4301-a879-faf6265ecce5,187,1c639e93-99fa-4b23-bf8c-6c00b0223683,Snake1,76,19,1
fe3d8fb6-ab34-4301-a879-faf6265ecce5,187,c44ca278-cf87-425e-8142-65b18903a9a1,Snake2,61,10,1
fe3d8fb6-ab34-4301-a879-faf6265ecce5,188,1c639e93-99fa-4b23-bf8c-6c00b0223683,Snake1,75,19,1
fe3d8fb6-ab34-4301-a879-faf6265ecce5,188,c44ca278-cf87-425e-8142-65b18903a9a1,Snake2,60,10,1
fe3d8fb6-ab34-4301-a879-faf6265ecce5,188,1c639e93-99fa-4b23-bf8c-6c00b0223683,Snake1,75,19,1
fe3d8fb6-ab34-4301-a879-faf6265ecce5,188,c44ca278-cf87-425e-8142-65b18903a9a1,Snake2,60,10,1
fe3d8fb6-ab34-4301-a879-faf6265ecce5,189,1c639e93-99fa-4b23-bf8c-6c00b0223683,Snake1,74,19,1
fe3d8fb6-ab34-4301-a879-faf6265ecce5,189,c44ca278-cf87-425e-8142-65b18903a9a1,Snake2,59,10,1
fe3d8fb6-ab34-4301-a879-faf6265ecce5,190,1c639e93-99fa-4b23-bf8c-6c00b0223683,Snake1,73,19,1
fe3d8fb6-ab34-4301-a879-faf6265ecce5,190,c44ca278-cf87-425e-8142-65b18903a9a1,Snake2,58,10,1
fe3d8fb6-ab34-4301-a879-faf6265ecce5,190,1c639e93-99fa-4b23-bf8c-6c00b0223683,Snake1,73,19,1
fe3d8fb6-ab34-4301-a879-faf6265ecce5,190,c44ca278-cf87-425e-8142-65b18903a9a1,Snake2,58,10,1
fe3d8fb6-ab34-4301-a879-faf6265ecce5,191,1c639e93-99fa-4b23-bf8c-6c00b0223683,Snake1,72,19,1
fe3d8fb6-ab34-4301-a879-faf6265ecce5,191,c44ca278-cf87-425e-8142-65b18903a9a1,Snake2,57,10,1
fe3d8fb6-ab34-4301-a879-faf6265ecce5,191,1c639e93-99fa-4b23-bf8c-6c00b0223683,Snake1,72,19,1
fe3d8fb6-ab34-4301-a879-faf6265ecce5,191,c44ca278-cf87-425e-8142-65b18903a9a1,Snake2,57,10,1
fe3d8fb6-ab34-4301-a879-faf6265ecce5,192,1c639e93-99fa-4b23-bf8c-6c00b0223683,Snake1,71,19,1
fe3d8fb6-ab34-4301-a879-faf6265ecce5,192,c44ca278-cf87-425e-8142-65b18903a9a1,Snake2,56,10,1
fe3d8fb6-ab34-4301-a879-faf6265ecce5,192,1c639e93-99fa-4b23-bf8c-6c00b0223683,Snake1,71,19,1
fe3d8fb6-ab34-4301-a879-faf6265ecce5,192,c44ca278-cf87-425e-8142-65b18903a9a1,Snake2,56,10,1
fe3d8fb6-ab34-4301-a879-faf6265ecce5,193,1c639e93-99fa-4b23-bf8c-6c00b0223683,Snake1,70,19,1
fe3d8fb6-ab34-4301-a879-faf6265ecce5,193,c44ca278-cf87-425e-8142-65b18903a9a1,Snake2,55,10,1
fe3d8fb6-ab34-4301-a879-faf6265ecce5,193,1c639e93-99fa-4b23-bf8c-6c00b0223683,Snake1,70,19,1
fe3d8fb6-ab34-4301-a879-faf6265ecce5,193,c44ca278-cf87-425e-8142-65b18903a9a1,Snake2,55,10,1
fe3d8fb6-ab34-4301-a879-faf6265ecce5,194,1c639e93-99fa-4b23-bf8c-6c00b0223683,Snake1,69,19,1
fe3d8fb6-ab34-4301-a879-faf6265ecce5,194,c44ca278-cf87-425e-8142-65b18903a9a1,Snake2,100,11,1
fe3d8fb6-ab34-4301-a879-faf6265ecce5,194,1c639e93-99fa-4b23-bf8c-6c00b0223683,Snake1,69,19,1
fe3d8fb6-ab34-4301-a879-faf6265ecce5,194,c44ca278-cf87-425e-8142-65b18903a9a1,Snake2,100,11,1
fe3d8fb6-ab34-4301-a879-faf6265ecce5,195,1c639e93-99fa-4b23-bf8c-6c00b0223683,Snake1,68,19,1
fe3d8fb6-ab34-4301-a879-faf6265ecce5,195,c44ca278-cf87-425e-8142-65b18903a9a1,Snake2,100,12,1
fe3d8fb6-ab34-4301-a879-faf6265ecce5,195,1c639e93-99fa-4b23-bf8c-6c00b0223683,Snake1,68,19,1
fe3d8fb6-ab34-4301-a879-faf6265ecce5,195,c44ca278-cf87-425e-8142-65b18903a9a1,Snake2,100,12,1
fe3d8fb6-ab34-4301-a879-faf6265ecce5,196,1c639e93-99fa-4b23-bf8c-6c00b0223683,Snake1,67,19,1
fe3d8fb6-ab34-4301-a879-faf6265ecce5,196,c44ca278-cf87-425e-8142-65b18903a9a1,Snake2,100,13,1
fe3d8fb6-ab34-4301-a879-faf6265ecce5,196,1c639e93-99fa-4b23-bf8c-6c00b0223683,Snake1,67,19,1
fe3d8fb6-ab34-4301-a879-faf6265ecce5,196,c44ca278-cf87-425e-8142-65b18903a9a1,Snake2,100,13,1
fe3d8fb6-ab34-4301-a879-faf6265ecce5,197,1c639e93-99fa-4b23-bf8c-6c00b0223683,Snake1,66,19,1
fe3d8fb6-ab34-4301-a879-faf6265ecce5,197,c44ca278-cf87-425e-8142-65b18903a9a1,Snake2,99,13,1
fe3d8fb6-ab34-4301-a879-faf6265ecce5,197,1c639e93-99fa-4b23-bf8c-6c00b0223683,Snake1,66,19,1
fe3d8fb6-ab34-4301-a879-faf6265ecce5,197,c44ca278-cf87-425e-8142-65b18903a9a1,Snake2,99,13,1
fe3d8fb6-ab34-4301-a879-faf6265ecce5,198,1c639e93-99fa-4b23-bf8c-6c00b0223683,Snake1,65,19,1
fe3d8fb6-ab34-4301-a879-faf6265ecce5,198,c44ca278-cf87-425e-8142-65b18903a9a1,Snake2,98,13,1
fe3d8fb6-ab34-4301-a879-faf6265ecce5,198,1c639e93-99fa-4b23-bf8c-6c00b0223683,Snake1,65,19,1
fe3d8fb6-ab34-4301-a879-faf6265ecce5,198,c44ca278-cf87-425e-8142-65b18903a9a1,Snake2,98,13,1
fe3d8fb6-ab34-4301-a879-faf6265ecce5,199,1c639e93-99fa-4b23-bf8c-6c00b0223683,Snake1,64,19,1
fe3d8fb6-ab34-4301-a879-faf6265ecce5,199,c44ca278-cf87-425e-8142-65b18903a9a1,Snake2,97,13,1
fe3d8fb6-ab34-4301-a879-faf6265ecce5,199,1c639e93-99fa-4b23-bf8c-6c00b0223683,Snake1,64,19,1
fe3d8fb6-ab34-4301-a879-faf6265ecce5,199,c44ca278-cf87-425e-8142-65b18903a9a1,Snake2,97,13,1
fe3d8fb6-ab34-4301-a879-faf6265ecce5,200,1c639e93-99fa-4b23-bf8c-6c00b0223683,Snake1,63,19,1
fe3d8fb6-ab34-4301-a879-faf6265ecce5,200,c44ca278-cf87-425e-8142-65b18903a9a1,Snake2,96,13,1
fe3d8fb6-ab34-4301-a879-faf6265ecce5,200,1c639e93-99fa-4b23-bf8c-6c00b0223683,Snake1,63,19,1
fe3d8fb6-ab34-4301-a879-faf6265ecce5,200,c44ca278-cf87-425e-8142-65b18903a9a1,Snake2,96,13,1
fe3d8fb6-ab34-4301-a879-faf6265ecce5,201,1c639e93-99fa-4b23-bf8c-6c00b0223683,Snake1,62,19,1
fe3d8fb6-ab34-4301-a879-faf6265ecce5,201,c44ca278-cf87-425e-8142-65b18903a9a1,Snake2,95,13,1
fe3d8fb6-ab34-4301-a879-faf6265ecce5,201,1c639e93-99fa-4b23-bf8c-6c00b0223683,Snake1,62,19,1
fe3d8fb6-ab34-4301-a879-faf6265ecce5,201,c44ca278-cf87-425e-8142-65b18903a9a1,Snake2,95,13,1
fe3d8fb6-ab34-4301-a879-faf6265ecce5,202,1c639e93-99fa-4b23-bf8c-6c00b0223683,Snake1,61,19,1
fe3d8fb6-ab34-4301-a879-faf6265ecce5,202,c44ca278-cf87-425e-8142-65b18903a9a1,Snake2,94,13,1
fe3d8fb6-ab34-4301-a879-faf6265ecce5,202,1c639e93-99fa-4b23-bf8c-6c00b0223683,Snake1,61,19,1
fe3d8fb6-ab34-4301-a879-faf6265ecce5,202,c44ca278-cf87-425e-8142-65b18903a9a1,Snake2,94,13,1
fe3d8fb6-ab34-4301-a879-faf6265ecce5,203,1c639e93-99fa-4b23-bf8c-6c00b0223683,Snake1,60,19,1
fe3d8fb6-ab34-4301-a879-faf6265ecce5,203,c44ca278-cf87-425e-8142-65b18903a9a1,Snake2,93,13,1
fe3d8fb6-ab34-4301-a879-faf6265ecce5,203,1c639e93-99fa-4b23-bf8c-6c00b0223683,Snake1,60,19,1
fe3d8fb6-ab34-4301-a879-faf6265ecce5,203,c44ca278-cf87-425e-8142-65b18903a9a1,Snake2,93,13,1
fe3d8fb6-ab34-4301-a879-faf6265ecce5,204,1c639e93-99fa-4b23-bf8c-6c00b0223683,Snake1,59,19,1
fe3d8fb6-ab34-4301-a879-faf6265ecce5,204,c44ca278-cf87-425e-8142-65b18903a9a1,Snake2,92,13,1
fe3d8fb6-ab34-4301-a879-faf6265ecce5,204,1c639e93-99fa-4b23-bf8c-6c00b0223683,Snake1,59,19,1
fe3d8fb6-ab34-4301-a879-faf6265ecce5,204,c44ca278-cf87-425e-8142-65b18903a9a1,Snake2,92,13,1
fe3d8fb6-ab34-4301-a879-faf6265ecce5,205,1c639e93-99fa-4b23-bf8c-6c00b0223683,Snake1,100,20,1
fe3d8fb6-ab34-4301-a879-faf6265ecce5,205,c44ca278-cf87-425e-8142-65b18903a9a1,Snake2,91,13,1
fe3d8fb6-ab34-4301-a879-faf6265ecce5,205,1c639e93-99fa-4b23-bf8c-6c00b0223683,Snake1,100,20,1
fe3d8fb6-ab34-4301-a879-faf6265ecce5,205,c44ca278-cf87-425e-8142-65b18903a9a1,Snake2,91,13,1
fe3d8fb6-ab34-4301-a879-faf6265ecce5,206,1c639e93-99fa-4b23-bf8c-6c00b0223683,Snake1,99,20,1
fe3d8fb6-ab34-4301-a879-faf6265ecce5,206,c44ca278-cf87-425e-8142-65b18903a9a1,Snake2,90,13,1
fe3d8fb6-ab34-4301-a879-faf6265ecce5,206,1c639e93-99fa-4b23-bf8c-6c00b0223683,Snake1,99,20,1
fe3d8fb6-ab34-4301-a879-faf6265ecce5,206,c44ca278-cf87-425e-8142-65b18903a9a1,Snake2,90,13,1
fe3d8fb6-ab34-4301-a879-faf6265ecce5,207,1c639e93-99fa-4b23-bf8c-6c00b0223683,Snake1,98,20,1
fe3d8fb6-ab34-4301-a879-faf6265ecce5,207,c44ca278-cf87-425e-8142-65b18903a9a1,Snake2,89,13,1
fe3d8fb6-ab34-4301-a879-faf6265ecce5,207,1c639e93-99fa-4b23-bf8c-6c00b0223683,Snake1,98,20,1
fe3d8fb6-ab34-4301-a879-faf6265ecce5,207,c44ca278-cf87-425e-8142-65b18903a9a1,Snake2,89,13,1
fe3d8fb6-ab34-4301-a879-faf6265ecce5,208,1c639e93-99fa-4b23-bf8c-6c00b0223683,Snake1,97,20,1
fe3d8fb6-ab34-4301-a879-faf6265ecce5,208,c44ca278-cf87-425e-8142-65b18903a9a1,Snake2,88,13,1
fe3d8fb6-ab34-4301-a879-faf6265ecce5,208,1c639e93-99fa-4b23-bf8c-6c00b0223683,Snake1,97,20,1
fe3d8fb6-ab34-4301-a879-faf6265ecce5,208,c44ca278-cf87-425e-8142-65b18903a9a1,Snake2,88,13,1
fe3d8fb6-ab34-4301-a879-faf6265ecce5,209,1c639e93-99fa-4b23-bf8c-6c00b0223683,Snake1,100,21,1
fe3d8fb6-ab34-4301-a879-faf6265ecce5,209,c44ca278-cf87-425e-8142-65b18903a9a1,Snake2,87,13,1
fe3d8fb6-ab34-4301-a879-faf6265ecce5,209,1c639e93-99fa-4b23-bf8c-6c00b0223683,Snake1,100,21,1
fe3d8fb6-ab34-4301-a879-faf6265ecce5,209,c44ca278-cf87-425e-8142-65b18903a9a1,Snake2,87,13,1
fe3d8fb6-ab34-4301-a879-faf6265ecce5,210,1c639e93-99fa-4b23-bf8c-6c00b0223683,Snake1,99,21,1
fe3d8fb6-ab34-4301-a879-faf6265ecce5,210,c44ca278-cf87-425e-8142-65b18903a9a1,Snake2,86,13,1
fe3d8fb6-ab34-4301-a879-faf6265ecce5,210,1c639e93-99fa-4b23-bf8c-6c00b0223683,Snake1,99,21,1
fe3d8fb6-ab34-4301-a879-faf6265ecce5,210,c44ca278-cf87-425e-8142-65b18903a9a1,Snake2,86,13,1
fe3d8fb6-ab34-4301-a879-faf6265ecce5,211,1c639e93-99fa-4b23-bf8c-6c00b0223683,Snake1,98,21,1
fe3d8fb6-ab34-4301-a879-faf6265ecce5,211,c44ca278-cf87-425e-8142-65b18903a9a1,Snake2,85,13,1
fe3d8fb6-ab34-4301-a879-faf6265ecce5,211,1c639e93-99fa-4b23-bf8c-6c00b0223683,Snake1,98,21,1
fe3d8fb6-ab34-4301-a879-faf6265ecce5,211,c44ca278-cf87-425e-8142-65b18903a9a1,Snake2,85,13,1
fe3d8fb6-ab34-4301-a879-faf6265ecce5,212,1c639e93-99fa-4b23-bf8c-6c00b0223683,Snake1,97,21,1
fe3d8fb6-ab34-4301-a879-faf6265ecce5,212,c44ca278-cf87-425e-8142-65b18903a9a1,Snake2,84,13,1
fe3d8fb6-ab34-4301-a879-faf6265ecce5,212,1c639e93-99fa-4b23-bf8c-6c00b0223683,Snake1,97,21,1
fe3d8fb6-ab34-4301-a879-faf6265ecce5,212,c44ca278-cf87-425e-8142-65b18903a9a1,Snake2,84,13,1
fe3d8fb6-ab34-4301-a879-faf6265ecce5,213,1c639e93-99fa-4b23-bf8c-6c00b0223683,Snake1,96,21,1
fe3d8fb6-ab34-4301-a879-faf6265ecce5,213,c44ca278-cf87-425e-8142-65b18903a9a1,Snake2,83,13,1
fe3d8fb6-ab34-4301-a879-faf6265ecce5,213,1c639e93-99fa-4b23-bf8c-6c00b0223683,Snake1,96,21,1
fe3d8fb6-ab34-4301-a879-faf6265ecce5,213,c44ca278-cf87-425e-8142-65b18903a9a1,Snake2,83,13,1
fe3d8fb6-ab34-4301-a879-faf6265ecce5,214,1c639e93-99fa-4b23-bf8c-6c00b0223683,Snake1,95,21,1
fe3d8fb6-ab34-4301-a879-faf6265ecce5,214,c44ca278-cf87-425e-8142-65b18903a9a1,Snake2,82,13,1
fe3d8fb6-ab34-4301-a879-faf6265ecce5,214,1c639e93-99fa-4b23-bf8c-6c00b0223683,Snake1,95,21,1
fe3d8fb6-ab34-4301-a879-faf6265ecce5,214,c44ca278-cf87-425e-8142-65b18903a9a1,Snake2,82,13,1
fe3d8fb6-ab34-4301-a879-faf6265ecce5,215,1c639e93-99fa-4b23-bf8c-6c00b0223683,Snake1,94,21,1
fe3d8fb6-ab34-4301-a879-faf6265ecce5,215,c44ca278-cf87-425e-8142-65b18903a9a1,Snake2,81,13,1
fe3d8fb6-ab34-4301-a879-faf6265ecce5,215,1c639e93-99fa-4b23-bf8c-6c00b0223683,Snake1,94,21,1
fe3d8fb6-ab34-4301-a879-faf6265ecce5,215,c44ca278-cf87-425e-8142-65b18903a9a1,Snake2,81,13,1
fe3d8fb6-ab34-4301-a879-faf6265ecce5,216,1c639e93-99fa-4b23-bf8c-6c00b0223683,Snake1,100,22,1
fe3d8fb6-ab34-4301-a879-faf6265ecce5,216,c44ca278-cf87-425e-8142-65b18903a9a1,Snake2,80,13,1
fe3d8fb6-ab34-4301-a879-faf6265ecce5,216,1c639e93-99fa-4b23-bf8c-6c00b0223683,Snake1,100,22,1
fe3d8fb6-ab34-4301-a879-faf6265ecce5,216,c44ca278-cf87-425e-8142-65b18903a9a1,Snake2,80,13,1
fe3d8fb6-ab34-4301-a879-faf6265ecce5,217,1c639e93-99fa-4b23-bf8c-6c00b0223683,Snake1,99,22,1
fe3d8fb6-ab34-4301-a879-faf6265ecce5,217,c44ca278-cf87-425e-8142-65b18903a9a1,Snake2,79,13,1
fe3d8fb6-ab34-4301-a879-faf6265ecce5,217,1c639e93-99fa-4b23-bf8c-6c00b0223683,Snake1,99,22,1
fe3d8fb6-ab34-4301-a879-faf6265ecce5,217,c44ca278-cf87-425e-8142-65b18903a9a1,Snake2,79,13,1
fe3d8fb6-ab34-4301-a879-faf6265ecce5,218,1c639e93-99fa-4b23-bf8c-6c00b0223683,Snake1,98,22,1
fe3d8fb6-ab34-4301-a879-faf6265ecce5,218,c44ca278-cf87-425e-8142-65b18903a9a1,Snake2,78,13,1
fe3d8fb6-ab34-4301-a879-faf6265ecce5,218,1c639e93-99fa-4b23-bf8c-6c00b0223683,Snake1,98,22,1
fe3d8fb6-ab34-4301-a879-faf6265ecce5,218,c44ca278-cf87-425e-8142-65b18903a9a1,Snake2,78,13,1
fe3d8fb6-ab34-4301-a879-faf6265ecce5,219,1c639e93-99fa-4b23-bf8c-6c00b0223683,Snake1,97,22,1
fe3d8fb6-ab34-4301-a879-faf6265ecce5,219,c44ca278-cf87-425e-8142-65b18903a9a1,Snake2,77,13,1
fe3d8fb6-ab34-4301-a879-faf6265ecce5,219,1c639e93-99fa-4b23-bf8c-6c00b0223683,Snake1,97,22,1
fe3d8fb6-ab34-4301-a879-faf6265ecce5,219,c44ca278-cf87-425e-8142-65b18903a9a1,Snake2,77,13,1
fe3d8fb6-ab34-4301-a879-faf6265ecce5,220,1c639e93-99fa-4b23-bf8c-6c00b0223683,Snake1,96,22,1
fe3d8fb6-ab34-4301-a879-faf6265ecce5,220,c44ca278-cf87-425e-8142-65b18903a9a1,Snake2,76,13,1
fe3d8fb6-ab34-4301-a879-faf6265ecce5,220,1c639e93-99fa-4b23-bf8c-6c00b0223683,Snake1,96,22,1
fe3d8fb6-ab34-4301-a879-faf6265ecce5,220,c44ca278-cf87-425e-8142-65b18903a9a1,Snake2,76,13,1
fe3d8fb6-ab34-4301-a879-faf6265ecce5,221,1c639e93-99fa-4b23-bf8c-6c00b0223683,Snake1,95,22,1
fe3d8fb6-ab34-4301-a879-faf6265ecce5,221,c44ca278-cf87-425e-8142-65b18903a9a1,Snake2,75,13,1
fe3d8fb6-ab34-4301-a879-faf6265ecce5,221,1c639e93-99fa-4b23-bf8c-6c00b0223683,Snake1,95,22,1
fe3d8fb6-ab34-4301-a879-faf6265ecce5,221,c44ca278-cf87-425e-8142-65b18903a9a1,Snake2,75,13,1
fe3d8fb6-ab34-4301-a879-faf6265ecce5,222,1c639e93-99fa-4b23-bf8c-6c00b0223683,Snake1,94,22,1
fe3d8fb6-ab34-4301-a879-faf6265ecce5,222,c44ca278-cf87-425e-8142-65b18903a9a1,Snake2,74,13,1
fe3d8fb6-ab34-4301-a879-faf6265ecce5,222,1c639e93-99fa-4b23-bf8c-6c00b0223683,Snake1,94,22,1
fe3d8fb6-ab34-4301-a879-faf6265ecce5,222,c44ca278-cf87-425e-8142-65b18903a9a1,Snake2,74,13,1
fe3d8fb6-ab34-4301-a879-faf6265ecce5,223,1c639e93-99fa-4b23-bf8c-6c00b0223683,Snake1,93,22,1
fe3d8fb6-ab34-4301-a879-faf6265ecce5,223,c44ca278-cf87-425e-8142-65b18903a9a1,Snake2,73,13,1
fe3d8fb6-ab34-4301-a879-faf6265ecce5,223,1c639e93-99fa-4b23-bf8c-6c00b0223683,Snake1,93,22,1
fe3d8fb6-ab34-4301-a879-faf6265ecce5,223,c44ca278-cf87-425e-8142-65b18903a9a1,Snake2,73,13,1
fe3d8fb6-ab34-4301-a879-faf6265ecce5,224,1c639e93-99fa-4b23-bf8c-6c00b0223683,Snake1,92,22,1
fe3d8fb6-ab34-4301-a879-faf6265ecce5,224,c44ca278-cf87-425e-8142-65b18903a9a1,Snake2,72,13,1
fe3d8fb6-ab34-4301-a879-faf6265ecce5,224,1c639e93-99fa-4b23-bf8c-6c00b0223683,Snake1,92,22,1
fe3d8fb6-ab34-4301-a879-faf6265ecce5,224,c44ca278-cf87-425e-8142-65b18903a9a1,Snake2,72,13,1
fe3d8fb6-ab34-4301-a879-faf6265ecce5,225,1c639e93-99fa-4b23-bf8c-6c00b0223683,Snake1,91,22,1
fe3d8fb6-ab34-4301-a879-faf6265ecce5,225,c44ca278-cf87-425e-8142-65b18903a9a1,Snake2,71,13,1
fe3d8fb6-ab34-4301-a879-faf6265ecce5,225,1c639e93-99fa-4b23-bf8c-6c00b0223683,Snake1,91,22,1
fe3d8fb6-ab34-4301-a879-faf6265ecce5,225,c44ca278-cf87-425e-8142-65b18903a9a1,Snake2,71,13,1
fe3d8fb6-ab34-4301-a879-faf6265ecce5,226,1c639e93-99fa-4b23-bf8c-6c00b0223683,Snake1,90,22,1
fe3d8fb6-ab34-4301-a879-faf6265ecce5,226,c44ca278-cf87-425e-8142-65b18903a9a1,Snake2,70,13,1
fe3d8fb6-ab34-4301-a879-faf6265ecce5,226,1c639e93-99fa-4b23-bf8c-6c00b0223683,Snake1,90,22,1
fe3d8fb6-ab34-4301-a879-faf6265ecce5,226,c44ca278-cf87-425e-8142-65b18903a9a1,Snake2,70,13,1
fe3d8fb6-ab34-4301-a879-faf6265ecce5,227,1c639e93-99fa-4b23-bf8c-6c00b0223683,Snake1,89,22,1
fe3d8fb6-ab34-4301-a879-faf6265ecce5,227,c44ca278-cf87-425e-8142-65b18903a9a1,Snake2,69,13,1
fe3d8fb6-ab34-4301-a879-faf6265ecce5,227,1c639e93-99fa-4b23-bf8c-6c00b0223683,Snake1,89,22,1
fe3d8fb6-ab34-4301-a879-faf6265ecce5,227,c44ca278-cf87-425e-8142-65b18903a9a1,Snake2,69,13,1
fe3d8fb6-ab34-4301-a879-faf6265ecce5,228,1c639e93-99fa-4b23-bf8c-6c00b0223683,Snake1,88,22,1
fe3d8fb6-ab34-4301-a879-faf6265ecce5,228,c44ca278-cf87-425e-8142-65b18903a9a1,Snake2,68,13,1
fe3d8fb6-ab34-4301-a879-faf6265ecce5,228,1c639e93-99fa-4b23-bf8c-6c00b0223683,Snake1,88,22,1
fe3d8fb6-ab34-4301-a879-faf6265ecce5,228,c44ca278-cf87-425e-8142-65b18903a9a1,Snake2,68,13,1
fe3d8fb6-ab34-4301-a879-faf6265ecce5,229,1c639e93-99fa-4b23-bf8c-6c00b0223683,Snake1,87,22,1
fe3d8fb6-ab34-4301-a879-faf6265ecce5,229,c44ca278-cf87-425e-8142-65b18903a9a1,Snake2,67,13,1
fe3d8fb6-ab34-4301-a879-faf6265ecce5,229,1c639e93-99fa-4b23-bf8c-6c00b0223683,Snake1,87,22,1
fe3d8fb6-ab34-4301-a879-faf6265ecce5,229,c44ca278-cf87-425e-8142-65b18903a9a1,Snake2,67,13,1
fe3d8fb6-ab34-4301-a879-faf6265ecce5,230,1c639e93-99fa-4b23-bf8c-6c00b0223683,Snake1,86,22,1
fe3d8fb6-ab34-4301-a879-faf6265ecce5,230,c44ca278-cf87-425e-8142-65b18903a9a1,Snake2,100,14,1
fe3d8fb6-ab34-4301-a879-faf6265ecce5,230,1c639e93-99fa-4b23-bf8c-6c00b0223683,Snake1,86,22,1
fe3d8fb6-ab34-4301-a879-faf6265ecce5,230,c44ca278-cf87-425e-8142-65b18903a9a1,Snake2,100,14,1
fe3d8fb6-ab34-4301-a879-faf6265ecce5,231,1c639e93-99fa-4b23-bf8c-6c00b0223683,Snake1,85,22,1
fe3d8fb6-ab34-4301-a879-faf6265ecce5,231,c44ca278-cf87-425e-8142-65b18903a9a1,Snake2,99,14,1
fe3d8fb6-ab34-4301-a879-faf6265ecce5,232,1c639e93-99fa-4b23-bf8c-6c00b0223683,Snake1,84,22,1
fe3d8fb6-ab34-4301-a879-faf6265ecce5,232,c44ca278-cf87-425e-8142-65b18903a9a1,Snake2,98,14,1
fe3d8fb6-ab34-4301-a879-faf6265ecce5,232,1c639e93-99fa-4b23-bf8c-6c00b0223683,Snake1,84,22,1
fe3d8fb6-ab34-4301-a879-faf6265ecce5,232,c44ca278-cf87-425e-8142-65b18903a9a1,Snake2,98,14,1
fe3d8fb6-ab34-4301-a879-faf6265ecce5,233,1c639e93-99fa-4b23-bf8c-6c00b0223683,Snake1,83,22,1
fe3d8fb6-ab34-4301-a879-faf6265ecce5,233,c44ca278-cf87-425e-8142-65b18903a9a1,Snake2,97,14,1
fe3d8fb6-ab34-4301-a879-faf6265ecce5,233,1c639e93-99fa-4b23-bf8c-6c00b0223683,Snake1,83,22,1
fe3d8fb6-ab34-4301-a879-faf6265ecce5,233,c44ca278-cf87-425e-8142-65b18903a9a1,Snake2,97,14,1
fe3d8fb6-ab34-4301-a879-faf6265ecce5,234,1c639e93-99fa-4b23-bf8c-6c00b0223683,Snake1,82,22,1
fe3d8fb6-ab34-4301-a879-faf6265ecce5,234,c44ca278-cf87-425e-8142-65b18903a9a1,Snake2,96,14,1
fe3d8fb6-ab34-4301-a879-faf6265ecce5,234,1c639e93-99fa-4b23-bf8c-6c00b0223683,Snake1,82,22,1
fe3d8fb6-ab34-4301-a879-faf6265ecce5,234,c44ca278-cf87-425e-8142-65b18903a9a1,Snake2,96,14,1
fe3d8fb6-ab34-4301-a879-faf6265ecce5,235,1c639e93-99fa-4b23-bf8c-6c00b0223683,Snake1,81,22,1
fe3d8fb6-ab34-4301-a879-faf6265ecce5,235,c44ca278-cf87-425e-8142-65b18903a9a1,Snake2,95,14,1
fe3d8fb6-ab34-4301-a879-faf6265ecce5,235,1c639e93-99fa-4b23-bf8c-6c00b0223683,Snake1,81,22,1
fe3d8fb6-ab34-4301-a879-faf6265ecce5,235,c44ca278-cf87-425e-8142-65b18903a9a1,Snake2,95,14,1
fe3d8fb6-ab34-4301-a879-faf6265ecce5,236,1c639e93-99fa-4b23-bf8c-6c00b0223683,Snake1,100,23,1
fe3d8fb6-ab34-4301-a879-faf6265ecce5,236,c44ca278-cf87-425e-8142-65b18903a9a1,Snake2,94,14,1
fe3d8fb6-ab34-4301-a879-faf6265ecce5,236,1c639e93-99fa-4b23-bf8c-6c00b0223683,Snake1,100,23,1
fe3d8fb6-ab34-4301-a879-faf6265ecce5,236,c44ca278-cf87-425e-8142-65b18903a9a1,Snake2,94,14,1
fe3d8fb6-ab34-4301-a879-faf6265ecce5,237,1c639e93-99fa-4b23-bf8c-6c00b0223683,Snake1,99,23,1
fe3d8fb6-ab34-4301-a879-faf6265ecce5,237,c44ca278-cf87-425e-8142-65b18903a9a1,Snake2,93,14,1
fe3d8fb6-ab34-4301-a879-faf6265ecce5,237,1c639e93-99fa-4b23-bf8c-6c00b0223683,Snake1,99,23,1
fe3d8fb6-ab34-4301-a879-faf6265ecce5,237,c44ca278-cf87-425e-8142-65b18903a9a1,Snake2,93,14,1
fe3d8fb6-ab34-4301-a879-faf6265ecce5,238,1c639e93-99fa-4b23-bf8c-6c00b0223683,Snake1,98,23,1
fe3d8fb6-ab34-4301-a879-faf6265ecce5,238,c44ca278-cf87-425e-8142-65b18903a9a1,Snake2,92,14,1
fe3d8fb6-ab34-4301-a879-faf6265ecce5,238,1c639e93-99fa-4b23-bf8c-6c00b0223683,Snake1,98,23,1
fe3d8fb6-ab34-4301-a879-faf6265ecce5,238,c44ca278-cf87-425e-8142-65b18903a9a1,Snake2,92,14,1
fe3d8fb6-ab34-4301-a879-faf6265ecce5,239,1c639e93-99fa-4b23-bf8c-6c00b0223683,Snake1,97,23,1
fe3d8fb6-ab34-4301-a879-faf6265ecce5,239,c44ca278-cf87-425e-8142-65b18903a9a1,Snake2,91,14,1
fe3d8fb6-ab34-4301-a879-faf6265ecce5,239,1c639e93-99fa-4b23-bf8c-6c00b0223683,Snake1,97,23,1
fe3d8fb6-ab34-4301-a879-faf6265ecce5,239,c44ca278-cf87-425e-8142-65b18903a9a1,Snake2,91,14,1
fe3d8fb6-ab34-4301-a879-faf6265ecce5,240,1c639e93-99fa-4b23-bf8c-6c00b0223683,Snake1,96,23,1
fe3d8fb6-ab34-4301-a879-faf6265ecce5,240,c44ca278-cf87-425e-8142-65b18903a9a1,Snake2,90,14,1
fe3d8fb6-ab34-4301-a879-faf6265ecce5,240,1c639e93-99fa-4b23-bf8c-6c00b0223683,Snake1,96,23,1
fe3d8fb6-ab34-4301-a879-faf6265ecce5,240,c44ca278-cf87-425e-8142-65b18903a9a1,Snake2,90,14,1
fe3d8fb6-ab34-4301-a879-faf6265ecce5,241,1c639e93-99fa-4b23-bf8c-6c00b0223683,Snake1,95,23,1
fe3d8fb6-ab34-4301-a879-faf6265ecce5,241,c44ca278-cf87-425e-8142-65b18903a9a1,Snake2,89,14,1
fe3d8fb6-ab34-4301-a879-faf6265ecce5,241,1c639e93-99fa-4b23-bf8c-6c00b0223683,Snake1,95,23,1
fe3d8fb6-ab34-4301-a879-faf6265ecce5,241,c44ca278-cf87-425e-8142-65b18903a9a1,Snake2,89,14,1
fe3d8fb6-ab34-4301-a879-faf6265ecce5,242,1c639e93-99fa-4b23-bf8c-6c00b0223683,Snake1,94,23,1
fe3d8fb6-ab34-4301-a879-faf6265ecce5,242,c44ca278-cf87-425e-8142-65b18903a9a1,Snake2,88,14,1
fe3d8fb6-ab34-4301-a879-faf6265ecce5,242,1c639e93-99fa-4b23-bf8c-6c00b0223683,Snake1,94,23,1
fe3d8fb6-ab34-4301-a879-faf6265ecce5,242,c44ca278-cf87-425e-8142-65b18903a9a1,Snake2,88,14,1
fe3d8fb6-ab34-4301-a879-faf6265ecce5,243,1c639e93-99fa-4b23-bf8c-6c00b0223683,Snake1,93,23,1
fe3d8fb6-ab34-4301-a879-faf6265ecce5,243,c44ca278-cf87-425e-8142-65b18903a9a1,Snake2,87,14,1
fe3d8fb6-ab34-4301-a879-faf6265ecce5,243,1c639e93-99fa-4b23-bf8c-6c00b0223683,Snake1,93,23,1
fe3d8fb6-ab34-4301-a879-faf6265ecce5,243,c44ca278-cf87-425e-8142-65b18903a9a1,Snake2,87,14,1
fe3d8fb6-ab34-4301-a879-faf6265ecce5,244,1c639e93-99fa-4b23-bf8c-6c00b0223683,Snake1,100,24,1
fe3d8fb6-ab34-4301-a879-faf6265ecce5,244,c44ca278-cf87-425e-8142-65b18903a9a1,Snake2,100,15,1
fe3d8fb6-ab34-4301-a879-faf6265ecce5,244,1c639e93-99fa-4b23-bf8c-6c00b0223683,Snake1,100,24,1
fe3d8fb6-ab34-4301-a879-faf6265ecce5,244,c44ca278-cf87-425e-8142-65b18903a9a1,Snake2,100,15,1
fe3d8fb6-ab34-4301-a879-faf6265ecce5,245,1c639e93-99fa-4b23-bf8c-6c00b0223683,Snake1,99,24,1
fe3d8fb6-ab34-4301-a879-faf6265ecce5,245,c44ca278-cf87-425e-8142-65b18903a9a1,Snake2,99,15,1
fe3d8fb6-ab34-4301-a879-faf6265ecce5,245,1c639e93-99fa-4b23-bf8c-6c00b0223683,Snake1,99,24,1
fe3d8fb6-ab34-4301-a879-faf6265ecce5,245,c44ca278-cf87-425e-8142-65b18903a9a1,Snake2,99,15,1
fe3d8fb6-ab34-4301-a879-faf6265ecce5,246,1c639e93-99fa-4b23-bf8c-6c00b0223683,Snake1,98,24,1
fe3d8fb6-ab34-4301-a879-faf6265ecce5,246,c44ca278-cf87-425e-8142-65b18903a9a1,Snake2,98,15,1
fe3d8fb6-ab34-4301-a879-faf6265ecce5,246,1c639e93-99fa-4b23-bf8c-6c00b0223683,Snake1,98,24,1
fe3d8fb6-ab34-4301-a879-faf6265ecce5,246,c44ca278-cf87-425e-8142-65b18903a9a1,Snake2,98,15,1
fe3d8fb6-ab34-4301-a879-faf6265ecce5,247,1c639e93-99fa-4b23-bf8c-6c00b0223683,Snake1,97,24,1
fe3d8fb6-ab34-4301-a879-faf6265ecce5,247,c44ca278-cf87-425e-8142-65b18903a9a1,Snake2,97,15,1
fe3d8fb6-ab34-4301-a879-faf6265ecce5,247,1c639e93-99fa-4b23-bf8c-6c00b0223683,Snake1,97,24,1
fe3d8fb6-ab34-4301-a879-faf6265ecce5,247,c44ca278-cf87-425e-8142-65b18903a9a1,Snake2,97,15,1
fe3d8fb6-ab34-4301-a879-faf6265ecce5,248,1c639e93-99fa-4b23-bf8c-6c00b0223683,Snake1,96,24,1
fe3d8fb6-ab34-4301-a879-faf6265ecce5,248,c44ca278-cf87-425e-8142-65b18903a9a1,Snake2,96,15,1
fe3d8fb6-ab34-4301-a879-faf6265ecce5,248,1c639e93-99fa-4b23-bf8c-6c00b0223683,Snake1,96,24,1
fe3d8fb6-ab34-4301-a879-faf6265ecce5,248,c44ca278-cf87-425e-8142-65b18903a9a1,Snake2,96,15,1
fe3d8fb6-ab34-4301-a879-faf6265ecce5,249,1c639e93-99fa-4b23-bf8c-6c00b0223683,Snake1,95,24,1
fe3d8fb6-ab34-4301-a879-faf6265ecce5,249,c44ca278-cf87-425e-8142-65b18903a9a1,Snake2,95,15,1
fe3d8fb6-ab34-4301-a879-faf6265ecce5,249,1c639e93-99fa-4b23-bf8c-6c00b0223683,Snake1,95,24,1
fe3d8fb6-ab34-4301-a879-faf6265ecce5,249,c44ca278-cf87-425e-8142-65b18903a9a1,Snake2,95,15,1
fe3d8fb6-ab34-4301-a879-faf6265ecce5,250,1c639e93-99fa-4b23-bf8c-6c00b0223683,Snake1,94,24,1
fe3d8fb6-ab34-4301-a879-faf6265ecce5,250,c44ca278-cf87-425e-8142-65b18903a9a1,Snake2,94,15,1
fe3d8fb6-ab34-4301-a879-faf6265ecce5,250,1c639e93-99fa-4b23-bf8c-6c00b0223683,Snake1,94,24,1
fe3d8fb6-ab34-4301-a879-faf6265ecce5,250,c44ca278-cf87-425e-8142-65b18903a9a1,Snake2,94,15,1
fe3d8fb6-ab34-4301-a879-faf6265ecce5,251,1c639e93-99fa-4b23-bf8c-6c00b0223683,Snake1,93,24,1
fe3d8fb6-ab34-4301-a879-faf6265ecce5,251,c44ca278-cf87-425e-8142-65b18903a9a1,Snake2,93,15,1
fe3d8fb6-ab34-4301-a879-faf6265ecce5,251,1c639e93-99fa-4b23-bf8c-6c00b0223683,Snake1,93,24,1
fe3d8fb6-ab34-4301-a879-faf6265ecce5,251,c44ca278-cf87-425e-8142-65b18903a9a1,Snake2,93,15,1
fe3d8fb6-ab34-4301-a879-faf6265ecce5,252,1c639e93-99fa-4b23-bf8c-6c00b0223683,Snake1,92,24,1
fe3d8fb6-ab34-4301-a879-faf6265ecce5,252,c44ca278-cf87-425e-8142-65b18903a9a1,Snake2,100,16,1
fe3d8fb6-ab34-4301-a879-faf6265ecce5,252,1c639e93-99fa-4b23-bf8c-6c00b0223683,Snake1,92,24,1
fe3d8fb6-ab34-4301-a879-faf6265ecce5,252,c44ca278-cf87-425e-8142-65b18903a9a1,Snake2,100,16,1
fe3d8fb6-ab34-4301-a879-faf6265ecce5,253,1c639e93-99fa-4b23-bf8c-6c00b0223683,Snake1,91,24,1
fe3d8fb6-ab34-4301-a879-faf6265ecce5,253,c44ca278-cf87-425e-8142-65b18903a9a1,Snake2,99,16,1
fe3d8fb6-ab34-4301-a879-faf6265ecce5,253,1c639e93-99fa-4b23-bf8c-6c00b0223683,Snake1,91,24,1
fe3d8fb6-ab34-4301-a879-faf6265ecce5,253,c44ca278-cf87-425e-8142-65b18903a9a1,Snake2,99,16,1
fe3d8fb6-ab34-4301-a879-faf6265ecce5,254,1c639e93-99fa-4b23-bf8c-6c00b0223683,Snake1,90,24,1
fe3d8fb6-ab34-4301-a879-faf6265ecce5,254,c44ca278-cf87-425e-8142-65b18903a9a1,Snake2,98,16,1
fe3d8fb6-ab34-4301-a879-faf6265ecce5,254,1c639e93-99fa-4b23-bf8c-6c00b0223683,Snake1,90,24,1
fe3d8fb6-ab34-4301-a879-faf6265ecce5,254,c44ca278-cf87-425e-8142-65b18903a9a1,Snake2,98,16,1
fe3d8fb6-ab34-4301-a879-faf6265ecce5,255,1c639e93-99fa-4b23-bf8c-6c00b0223683,Snake1,89,24,1
fe3d8fb6-ab34-4301-a879-faf6265ecce5,255,c44ca278-cf87-425e-8142-65b18903a9a1,Snake2,97,16,1
fe3d8fb6-ab34-4301-a879-faf6265ecce5,255,1c639e93-99fa-4b23-bf8c-6c00b0223683,Snake1,89,24,1
fe3d8fb6-ab34-4301-a879-faf6265ecce5,255,c44ca278-cf87-425e-8142-65b18903a9a1,Snake2,97,16,1
fe3d8fb6-ab34-4301-a879-faf6265ecce5,256,1c639e93-99fa-4b23-bf8c-6c00b0223683,Snake1,88,24,1
fe3d8fb6-ab34-4301-a879-faf6265ecce5,256,c44ca278-cf87-425e-8142-65b18903a9a1,Snake2,96,16,1
fe3d8fb6-ab34-4301-a879-faf6265ecce5,256,1c639e93-99fa-4b23-bf8c-6c00b0223683,Snake1,88,24,1
fe3d8fb6-ab34-4301-a879-faf6265ecce5,256,c44ca278-cf87-425e-8142-65b18903a9a1,Snake2,96,16,1
fe3d8fb6-ab34-4301-a879-faf6265ecce5,257,1c639e93-99fa-4b23-bf8c-6c00b0223683,Snake1,87,24,1
fe3d8fb6-ab34-4301-a879-faf6265ecce5,257,c44ca278-cf87-425e-8142-65b18903a9a1,Snake2,95,16,1
fe3d8fb6-ab34-4301-a879-faf6265ecce5,257,1c639e93-99fa-4b23-bf8c-6c00b0223683,Snake1,87,24,1
fe3d8fb6-ab34-4301-a879-faf6265ecce5,257,c44ca278-cf87-425e-8142-65b18903a9a1,Snake2,95,16,1
fe3d8fb6-ab34-4301-a879-faf6265ecce5,258,1c639e93-99fa-4b23-bf8c-6c00b0223683,Snake1,86,24,1
fe3d8fb6-ab34-4301-a879-faf6265ecce5,258,c44ca278-cf87-425e-8142-65b18903a9a1,Snake2,94,16,1
fe3d8fb6-ab34-4301-a879-faf6265ecce5,258,1c639e93-99fa-4b23-bf8c-6c00b0223683,Snake1,86,24,1
fe3d8fb6-ab34-4301-a879-faf6265ecce5,258,c44ca278-cf87-425e-8142-65b18903a9a1,Snake2,94,16,1
fe3d8fb6-ab34-4301-a879-faf6265ecce5,259,1c639e93-99fa-4b23-bf8c-6c00b0223683,Snake1,100,25,1
fe3d8fb6-ab34-4301-a879-faf6265ecce5,259,c44ca278-cf87-425e-8142-65b18903a9a1,Snake2,93,16,1
fe3d8fb6-ab34-4301-a879-faf6265ecce5,259,1c639e93-99fa-4b23-bf8c-6c00b0223683,Snake1,100,25,1
fe3d8fb6-ab34-4301-a879-faf6265ecce5,259,c44ca278-cf87-425e-8142-65b18903a9a1,Snake2,93,16,1
fe3d8fb6-ab34-4301-a879-faf6265ecce5,260,1c639e93-99fa-4b23-bf8c-6c00b0223683,Snake1,99,25,1
fe3d8fb6-ab34-4301-a879-faf6265ecce5,260,c44ca278-cf87-425e-8142-65b18903a9a1,Snake2,92,16,1
fe3d8fb6-ab34-4301-a879-faf6265ecce5,260,1c639e93-99fa-4b23-bf8c-6c00b0223683,Snake1,99,25,1
fe3d8fb6-ab34-4301-a879-faf6265ecce5,260,c44ca278-cf87-425e-8142-65b18903a9a1,Snake2,92,16,1
fe3d8fb6-ab34-4301-a879-faf6265ecce5,261,1c639e93-99fa-4b23-bf8c-6c00b0223683,Snake1,98,25,1
fe3d8fb6-ab34-4301-a879-faf6265ecce5,261,c44ca278-cf87-425e-8142-65b18903a9a1,Snake2,91,16,1
fe3d8fb6-ab34-4301-a879-faf6265ecce5,261,1c639e93-99fa-4b23-bf8c-6c00b0223683,Snake1,98,25,1
fe3d8fb6-ab34-4301-a879-faf6265ecce5,261,c44ca278-cf87-425e-8142-65b18903a9a1,Snake2,91,16,1
fe3d8fb6-ab34-4301-a879-faf6265ecce5,262,1c639e93-99fa-4b23-bf8c-6c00b0223683,Snake1,97,25,1
fe3d8fb6-ab34-4301-a879-faf6265ecce5,262,c44ca278-cf87-425e-8142-65b18903a9a1,Snake2,90,16,1
fe3d8fb6-ab34-4301-a879-faf6265ecce5,262,1c639e93-99fa-4b23-bf8c-6c00b0223683,Snake1,97,25,1
fe3d8fb6-ab34-4301-a879-faf6265ecce5,262,c44ca278-cf87-425e-8142-65b18903a9a1,Snake2,90,16,1
fe3d8fb6-ab34-4301-a879-faf6265ecce5,263,1c639e93-99fa-4b23-bf8c-6c00b0223683,Snake1,96,25,1
fe3d8fb6-ab34-4301-a879-faf6265ecce5,263,c44ca278-cf87-425e-8142-65b18903a9a1,Snake2,89,16,1
fe3d8fb6-ab34-4301-a879-faf6265ecce5,263,1c639e93-99fa-4b23-bf8c-6c00b0223683,Snake1,96,25,1
fe3d8fb6-ab34-4301-a879-faf6265ecce5,263,c44ca278-cf87-425e-8142-65b18903a9a1,Snake2,89,16,1
fe3d8fb6-ab34-4301-a879-faf6265ecce5,264,1c639e93-99fa-4b23-bf8c-6c00b0223683,Snake1,95,25,1
fe3d8fb6-ab34-4301-a879-faf6265ecce5,264,c44ca278-cf87-425e-8142-65b18903a9a1,Snake2,88,16,1
fe3d8fb6-ab34-4301-a879-faf6265ecce5,264,1c639e93-99fa-4b23-bf8c-6c00b0223683,Snake1,95,25,1
fe3d8fb6-ab34-4301-a879-faf6265ecce5,264,c44ca278-cf87-425e-8142-65b18903a9a1,Snake2,88,16,1
fe3d8fb6-ab34-4301-a879-faf6265ecce5,265,1c639e93-99fa-4b23-bf8c-6c00b0223683,Snake1,94,25,1
fe3d8fb6-ab34-4301-a879-faf6265ecce5,265,c44ca278-cf87-425e-8142-65b18903a9a1,Snake2,87,16,1
fe3d8fb6-ab34-4301-a879-faf6265ecce5,265,1c639e93-99fa-4b23-bf8c-6c00b0223683,Snake1,94,25,1
fe3d8fb6-ab34-4301-a879-faf6265ecce5,265,c44ca278-cf87-425e-8142-65b18903a9a1,Snake2,87,16,1
fe3d8fb6-ab34-4301-a879-faf6265ecce5,266,1c639e93-99fa-4b23-bf8c-6c00b0223683,Snake1,93,25,1
fe3d8fb6-ab34-4301-a879-faf6265ecce5,266,c44ca278-cf87-425e-8142-65b18903a9a1,Snake2,86,16,1
fe3d8fb6-ab34-4301-a879-faf6265ecce5,266,1c639e93-99fa-4b23-bf8c-6c00b0223683,Snake1,93,25,1
fe3d8fb6-ab34-4301-a879-faf6265ecce5,266,c44ca278-cf87-425e-8142-65b18903a9a1,Snake2,86,16,1
fe3d8fb6-ab34-4301-a879-faf6265ecce5,267,1c639e93-99fa-4b23-bf8c-6c00b0223683,Snake1,92,25,1
fe3d8fb6-ab34-4301-a879-faf6265ecce5,267,c44ca278-cf87-425e-8142-65b18903a9a1,Snake2,85,16,1
fe3d8fb6-ab34-4301-a879-faf6265ecce5,267,1c639e93-99fa-4b23-bf8c-6c00b0223683,Snake1,92,25,1
fe3d8fb6-ab34-4301-a879-faf6265ecce5,267,c44ca278-cf87-425e-8142-65b18903a9a1,Snake2,85,16,1
fe3d8fb6-ab34-4301-a879-faf6265ecce5,268,1c639e93-99fa-4b23-bf8c-6c00b0223683,Snake1,100,26,1
fe3d8fb6-ab34-4301-a879-faf6265ecce5,268,c44ca278-cf87-425e-8142-65b18903a9a1,Snake2,84,16,1
fe3d8fb6-ab34-4301-a879-faf6265ecce5,269,1c639e93-99fa-4b23-bf8c-6c00b0223683,Snake1,99,26,1
fe3d8fb6-ab34-4301-a879-faf6265ecce5,269,c44ca278-cf87-425e-8142-65b18903a9a1,Snake2,83,16,1
fe3d8fb6-ab34-4301-a879-faf6265ecce5,269,1c639e93-99fa-4b23-bf8c-6c00b0223683,Snake1,99,26,1
fe3d8fb6-ab34-4301-a879-faf6265ecce5,269,c44ca278-cf87-425e-8142-65b18903a9a1,Snake2,83,16,1
fe3d8fb6-ab34-4301-a879-faf6265ecce5,270,1c639e93-99fa-4b23-bf8c-6c00b0223683,Snake1,98,26,1
fe3d8fb6-ab34-4301-a879-faf6265ecce5,270,c44ca278-cf87-425e-8142-65b18903a9a1,Snake2,82,16,1
fe3d8fb6-ab34-4301-a879-faf6265ecce5,271,1c639e93-99fa-4b23-bf8c-6c00b0223683,Snake1,97,26,1
fe3d8fb6-ab34-4301-a879-faf6265ecce5,271,c44ca278-cf87-425e-8142-65b18903a9a1,Snake2,100,17,1
fe3d8fb6-ab34-4301-a879-faf6265ecce5,272,1c639e93-99fa-4b23-bf8c-6c00b0223683,Snake1,96,26,1
fe3d8fb6-ab34-4301-a879-faf6265ecce5,272,c44ca278-cf87-425e-8142-65b18903a9a1,Snake2,99,17,1
fe3d8fb6-ab34-4301-a879-faf6265ecce5,273,1c639e93-99fa-4b23-bf8c-6c00b0223683,Snake1,95,26,1
fe3d8fb6-ab34-4301-a879-faf6265ecce5,273,c44ca278-cf87-425e-8142-65b18903a9a1,Snake2,98,17,1
fe3d8fb6-ab34-4301-a879-faf6265ecce5,273,1c639e93-99fa-4b23-bf8c-6c00b0223683,Snake1,95,26,1
fe3d8fb6-ab34-4301-a879-faf6265ecce5,273,c44ca278-cf87-425e-8142-65b18903a9a1,Snake2,98,17,1
fe3d8fb6-ab34-4301-a879-faf6265ecce5,274,1c639e93-99fa-4b23-bf8c-6c00b0223683,Snake1,94,26,1
fe3d8fb6-ab34-4301-a879-faf6265ecce5,274,c44ca278-cf87-425e-8142-65b18903a9a1,Snake2,97,17,1
fe3d8fb6-ab34-4301-a879-faf6265ecce5,274,1c639e93-99fa-4b23-bf8c-6c00b0223683,Snake1,94,26,1
fe3d8fb6-ab34-4301-a879-faf6265ecce5,274,c44ca278-cf87-425e-8142-65b18903a9a1,Snake2,97,17,1
fe3d8fb6-ab34-4301-a879-faf6265ecce5,275,1c639e93-99fa-4b23-bf8c-6c00b0223683,Snake1,93,26,1
fe3d8fb6-ab34-4301-a879-faf6265ecce5,275,c44ca278-cf87-425e-8142-65b18903a9a1,Snake2,96,17,1
fe3d8fb6-ab34-4301-a879-faf6265ecce5,275,1c639e93-99fa-4b23-bf8c-6c00b0223683,Snake1,93,26,1
fe3d8fb6-ab34-4301-a879-faf6265ecce5,275,c44ca278-cf87-425e-8142-65b18903a9a1,Snake2,96,17,1
fe3d8fb6-ab34-4301-a879-faf6265ecce5,276,1c639e93-99fa-4b23-bf8c-6c00b0223683,Snake1,100,27,1
fe3d8fb6-ab34-4301-a879-faf6265ecce5,276,c44ca278-cf87-425e-8142-65b18903a9a1,Snake2,95,17,1
fe3d8fb6-ab34-4301-a879-faf6265ecce5,276,1c639e93-99fa-4b23-bf8c-6c00b0223683,Snake1,100,27,1
fe3d8fb6-ab34-4301-a879-faf6265ecce5,276,c44ca278-cf87-425e-8142-65b18903a9a1,Snake2,95,17,1
fe3d8fb6-ab34-4301-a879-faf6265ecce5,277,1c639e93-99fa-4b23-bf8c-6c00b0223683,Snake1,99,27,1
fe3d8fb6-ab34-4301-a879-faf6265ecce5,277,c44ca278-cf87-425e-8142-65b18903a9a1,Snake2,94,17,1
fe3d8fb6-ab34-4301-a879-faf6265ecce5,277,1c639e93-99fa-4b23-bf8c-6c00b0223683,Snake1,99,27,1
fe3d8fb6-ab34-4301-a879-faf6265ecce5,277,c44ca278-cf87-425e-8142-65b18903a9a1,Snake2,94,17,1
fe3d8fb6-ab34-4301-a879-faf6265ecce5,278,1c639e93-99fa-4b23-bf8c-6c00b0223683,Snake1,98,27,1
fe3d8fb6-ab34-4301-a879-faf6265ecce5,278,c44ca278-cf87-425e-8142-65b18903a9a1,Snake2,93,17,1
fe3d8fb6-ab34-4301-a879-faf6265ecce5,278,1c639e93-99fa-4b23-bf8c-6c00b0223683,Snake1,98,27,1
fe3d8fb6-ab34-4301-a879-faf6265ecce5,278,c44ca278-cf87-425e-8142-65b18903a9a1,Snake2,93,17,1
fe3d8fb6-ab34-4301-a879-faf6265ecce5,279,1c639e93-99fa-4b23-bf8c-6c00b0223683,Snake1,97,27,1
fe3d8fb6-ab34-4301-a879-faf6265ecce5,279,c44ca278-cf87-425e-8142-65b18903a9a1,Snake2,92,17,1
fe3d8fb6-ab34-4301-a879-faf6265ecce5,279,1c639e93-99fa-4b23-bf8c-6c00b0223683,Snake1,97,27,1
fe3d8fb6-ab34-4301-a879-faf6265ecce5,279,c44ca278-cf87-425e-8142-65b18903a9a1,Snake2,92,17,1
fe3d8fb6-ab34-4301-a879-faf6265ecce5,280,1c639e93-99fa-4b23-bf8c-6c00b0223683,Snake1,96,27,1
fe3d8fb6-ab34-4301-a879-faf6265ecce5,280,c44ca278-cf87-425e-8142-65b18903a9a1,Snake2,91,17,1
fe3d8fb6-ab34-4301-a879-faf6265ecce5,280,1c639e93-99fa-4b23-bf8c-6c00b0223683,Snake1,96,27,1
fe3d8fb6-ab34-4301-a879-faf6265ecce5,280,c44ca278-cf87-425e-8142-65b18903a9a1,Snake2,91,17,1
fe3d8fb6-ab34-4301-a879-faf6265ecce5,281,1c639e93-99fa-4b23-bf8c-6c00b0223683,Snake1,95,27,1
fe3d8fb6-ab34-4301-a879-faf6265ecce5,281,c44ca278-cf87-425e-8142-65b18903a9a1,Snake2,90,17,1
fe3d8fb6-ab34-4301-a879-faf6265ecce5,281,1c639e93-99fa-4b23-bf8c-6c00b0223683,Snake1,95,27,1
fe3d8fb6-ab34-4301-a879-faf6265ecce5,281,c44ca278-cf87-425e-8142-65b18903a9a1,Snake2,90,17,1
fe3d8fb6-ab34-4301-a879-faf6265ecce5,282,1c639e93-99fa-4b23-bf8c-6c00b0223683,Snake1,94,27,1
fe3d8fb6-ab34-4301-a879-faf6265ecce5,282,c44ca278-cf87-425e-8142-65b18903a9a1,Snake2,89,17,1
fe3d8fb6-ab34-4301-a879-faf6265ecce5,282,1c639e93-99fa-4b23-bf8c-6c00b0223683,Snake1,94,27,1
fe3d8fb6-ab34-4301-a879-faf6265ecce5,282,c44ca278-cf87-425e-8142-65b18903a9a1,Snake2,89,17,1
fe3d8fb6-ab34-4301-a879-faf6265ecce5,283,1c639e93-99fa-4b23-bf8c-6c00b0223683,Snake1,93,27,1
fe3d8fb6-ab34-4301-a879-faf6265ecce5,283,c44ca278-cf87-425e-8142-65b18903a9a1,Snake2,88,17,1
fe3d8fb6-ab34-4301-a879-faf6265ecce5,283,1c639e93-99fa-4b23-bf8c-6c00b0223683,Snake1,93,27,1
fe3d8fb6-ab34-4301-a879-faf6265ecce5,283,c44ca278-cf87-425e-8142-65b18903a9a1,Snake2,88,17,1
fe3d8fb6-ab34-4301-a879-faf6265ecce5,284,1c639e93-99fa-4b23-bf8c-6c00b0223683,Snake1,92,27,1
fe3d8fb6-ab34-4301-a879-faf6265ecce5,284,c44ca278-cf87-425e-8142-65b18903a9a1,Snake2,87,17,1
fe3d8fb6-ab34-4301-a879-faf6265ecce5,284,1c639e93-99fa-4b23-bf8c-6c00b0223683,Snake1,92,27,1
fe3d8fb6-ab34-4301-a879-faf6265ecce5,284,c44ca278-cf87-425e-8142-65b18903a9a1,Snake2,87,17,1
fe3d8fb6-ab34-4301-a879-faf6265ecce5,285,1c639e93-99fa-4b23-bf8c-6c00b0223683,Snake1,91,27,1
fe3d8fb6-ab34-4301-a879-faf6265ecce5,285,c44ca278-cf87-425e-8142-65b18903a9a1,Snake2,86,17,1
fe3d8fb6-ab34-4301-a879-faf6265ecce5,285,1c639e93-99fa-4b23-bf8c-6c00b0223683,Snake1,91,27,1
fe3d8fb6-ab34-4301-a879-faf6265ecce5,285,c44ca278-cf87-425e-8142-65b18903a9a1,Snake2,86,17,1
fe3d8fb6-ab34-4301-a879-faf6265ecce5,286,1c639e93-99fa-4b23-bf8c-6c00b0223683,Snake1,90,27,1
fe3d8fb6-ab34-4301-a879-faf6265ecce5,286,c44ca278-cf87-425e-8142-65b18903a9a1,Snake2,85,17,1
fe3d8fb6-ab34-4301-a879-faf6265ecce5,286,1c639e93-99fa-4b23-bf8c-6c00b0223683,Snake1,90,27,1
fe3d8fb6-ab34-4301-a879-faf6265ecce5,286,c44ca278-cf87-425e-8142-65b18903a9a1,Snake2,85,17,1
fe3d8fb6-ab34-4301-a879-faf6265ecce5,287,1c639e93-99fa-4b23-bf8c-6c00b0223683,Snake1,89,27,1
fe3d8fb6-ab34-4301-a879-faf6265ecce5,287,c44ca278-cf87-425e-8142-65b18903a9a1,Snake2,84,17,1
fe3d8fb6-ab34-4301-a879-faf6265ecce5,287,1c639e93-99fa-4b23-bf8c-6c00b0223683,Snake1,89,27,1
fe3d8fb6-ab34-4301-a879-faf6265ecce5,287,c44ca278-cf87-425e-8142-65b18903a9a1,Snake2,84,17,1
fe3d8fb6-ab34-4301-a879-faf6265ecce5,288,1c639e93-99fa-4b23-bf8c-6c00b0223683,Snake1,88,27,1
fe3d8fb6-ab34-4301-a879-faf6265ecce5,288,c44ca278-cf87-425e-8142-65b18903a9a1,Snake2,83,17,1
fe3d8fb6-ab34-4301-a879-faf6265ecce5,288,1c639e93-99fa-4b23-bf8c-6c00b0223683,Snake1,88,27,1
fe3d8fb6-ab34-4301-a879-faf6265ecce5,288,c44ca278-cf87-425e-8142-65b18903a9a1,Snake2,83,17,1
fe3d8fb6-ab34-4301-a879-faf6265ecce5,289,1c639e93-99fa-4b23-bf8c-6c00b0223683,Snake1,87,27,1
fe3d8fb6-ab34-4301-a879-faf6265ecce5,289,c44ca278-cf87-425e-8142-65b18903a9a1,Snake2,82,17,1
fe3d8fb6-ab34-4301-a879-faf6265ecce5,290,1c639e93-99fa-4b23-bf8c-6c00b0223683,Snake1,100,28,1
fe3d8fb6-ab34-4301-a879-faf6265ecce5,290,c44ca278-cf87-425e-8142-65b18903a9a1,Snake2,81,17,1
fe3d8fb6-ab34-4301-a879-faf6265ecce5,290,1c639e93-99fa-4b23-bf8c-6c00b0223683,Snake1,100,28,1
fe3d8fb6-ab34-4301-a879-faf6265ecce5,290,c44ca278-cf87-425e-8142-65b18903a9a1,Snake2,81,17,1
fe3d8fb6-ab34-4301-a879-faf6265ecce5,291,1c639e93-99fa-4b23-bf8c-6c00b0223683,Snake1,99,28,1
fe3d8fb6-ab34-4301-a879-faf6265ecce5,291,c44ca278-cf87-425e-8142-65b18903a9a1,Snake2,80,17,1
fe3d8fb6-ab34-4301-a879-faf6265ecce5,291,1c639e93-99fa-4b23-bf8c-6c00b0223683,Snake1,99,28,1
fe3d8fb6-ab34-4301-a879-faf6265ecce5,291,c44ca278-cf87-425e-8142-65b18903a9a1,Snake2,80,17,1
fe3d8fb6-ab34-4301-a879-faf6265ecce5,292,1c639e93-99fa-4b23-bf8c-6c00b0223683,Snake1,98,28,1
fe3d8fb6-ab34-4301-a879-faf6265ecce5,292,c44ca278-cf87-425e-8142-65b18903a9a1,Snake2,100,18,1
fe3d8fb6-ab34-4301-a879-faf6265ecce5,292,1c639e93-99fa-4b23-bf8c-6c00b0223683,Snake1,98,28,1
fe3d8fb6-ab34-4301-a879-faf6265ecce5,292,c44ca278-cf87-425e-8142-65b18903a9a1,Snake2,100,18,1
fe3d8fb6-ab34-4301-a879-faf6265ecce5,293,1c639e93-99fa-4b23-bf8c-6c00b0223683,Snake1,97,28,1
fe3d8fb6-ab34-4301-a879-faf6265ecce5,293,c44ca278-cf87-425e-8142-65b18903a9a1,Snake2,99,18,1
fe3d8fb6-ab34-4301-a879-faf6265ecce5,293,1c639e93-99fa-4b23-bf8c-6c00b0223683,Snake1,97,28,1
fe3d8fb6-ab34-4301-a879-faf6265ecce5,293,c44ca278-cf87-425e-8142-65b18903a9a1,Snake2,99,18,1
fe3d8fb6-ab34-4301-a879-faf6265ecce5,294,1c639e93-99fa-4b23-bf8c-6c00b0223683,Snake1,96,28,1
fe3d8fb6-ab34-4301-a879-faf6265ecce5,294,c44ca278-cf87-425e-8142-65b18903a9a1,Snake2,98,18,1
fe3d8fb6-ab34-4301-a879-faf6265ecce5,294,1c639e93-99fa-4b23-bf8c-6c00b0223683,Snake1,96,28,1
fe3d8fb6-ab34-4301-a879-faf6265ecce5,294,c44ca278-cf87-425e-8142-65b18903a9a1,Snake2,98,18,1
fe3d8fb6-ab34-4301-a879-faf6265ecce5,295,1c639e93-99fa-4b23-bf8c-6c00b0223683,Snake1,100,29,1
fe3d8fb6-ab34-4301-a879-faf6265ecce5,295,c44ca278-cf87-425e-8142-65b18903a9a1,Snake2,97,18,1
fe3d8fb6-ab34-4301-a879-faf6265ecce5,295,1c639e93-99fa-4b23-bf8c-6c00b0223683,Snake1,100,29,1
fe3d8fb6-ab34-4301-a879-faf6265ecce5,295,c44ca278-cf87-425e-8142-65b18903a9a1,Snake2,97,18,1
fe3d8fb6-ab34-4301-a879-faf6265ecce5,296,1c639e93-99fa-4b23-bf8c-6c00b0223683,Snake1,100,30,1
fe3d8fb6-ab34-4301-a879-faf6265ecce5,296,c44ca278-cf87-425e-8142-65b18903a9a1,Snake2,96,18,1
fe3d8fb6-ab34-4301-a879-faf6265ecce5,296,1c639e93-99fa-4b23-bf8c-6c00b0223683,Snake1,100,30,1
fe3d8fb6-ab34-4301-a879-faf6265ecce5,296,c44ca278-cf87-425e-8142-65b18903a9a1,Snake2,96,18,1
fe3d8fb6-ab34-4301-a879-faf6265ecce5,297,1c639e93-99fa-4b23-bf8c-6c00b0223683,Snake1,99,30,1
fe3d8fb6-ab34-4301-a879-faf6265ecce5,297,c44ca278-cf87-425e-8142-65b18903a9a1,Snake2,95,18,1
fe3d8fb6-ab34-4301-a879-faf6265ecce5,297,1c639e93-99fa-4b23-bf8c-6c00b0223683,Snake1,99,30,1
fe3d8fb6-ab34-4301-a879-faf6265ecce5,297,c44ca278-cf87-425e-8142-65b18903a9a1,Snake2,95,18,1
fe3d8fb6-ab34-4301-a879-faf6265ecce5,298,1c639e93-99fa-4b23-bf8c-6c00b0223683,Snake1,98,30,1
fe3d8fb6-ab34-4301-a879-faf6265ecce5,298,c44ca278-cf87-425e-8142-65b18903a9a1,Snake2,94,18,1
fe3d8fb6-ab34-4301-a879-faf6265ecce5,298,1c639e93-99fa-4b23-bf8c-6c00b0223683,Snake1,98,30,1
fe3d8fb6-ab34-4301-a879-faf6265ecce5,298,c44ca278-cf87-425e-8142-65b18903a9a1,Snake2,94,18,1
fe3d8fb6-ab34-4301-a879-faf6265ecce5,299,1c639e93-99fa-4b23-bf8c-6c00b0223683,Snake1,97,30,1
fe3d8fb6-ab34-4301-a879-faf6265ecce5,299,c44ca278-cf87-425e-8142-65b18903a9a1,Snake2,93,18,1
fe3d8fb6-ab34-4301-a879-faf6265ecce5,300,1c639e93-99fa-4b23-bf8c-6c00b0223683,Snake1,100,31,1
fe3d8fb6-ab34-4301-a879-faf6265ecce5,300,c44ca278-cf87-425e-8142-65b18903a9a1,Snake2,92,18,1
fe3d8fb6-ab34-4301-a879-faf6265ecce5,300,1c639e93-99fa-4b23-bf8c-6c00b0223683,Snake1,100,31,1
fe3d8fb6-ab34-4301-a879-faf6265ecce5,300,c44ca278-cf87-425e-8142-65b18903a9a1,Snake2,92,18,1
fe3d8fb6-ab34-4301-a879-faf6265ecce5,301,1c639e93-99fa-4b23-bf8c-6c00b0223683,Snake1,100,32,1
fe3d8fb6-ab34-4301-a879-faf6265ecce5,301,c44ca278-cf87-425e-8142-65b18903a9a1,Snake2,91,18,1
fe3d8fb6-ab34-4301-a879-faf6265ecce5,302,1c639e93-99fa-4b23-bf8c-6c00b0223683,Snake1,99,32,1
fe3d8fb6-ab34-4301-a879-faf6265ecce5,302,c44ca278-cf87-425e-8142-65b18903a9a1,Snake2,90,18,1
fe3d8fb6-ab34-4301-a879-faf6265ecce5,302,1c639e93-99fa-4b23-bf8c-6c00b0223683,Snake1,99,32,1
fe3d8fb6-ab34-4301-a879-faf6265ecce5,302,c44ca278-cf87-425e-8142-65b18903a9a1,Snake2,90,18,1
fe3d8fb6-ab34-4301-a879-faf6265ecce5,303,1c639e93-99fa-4b23-bf8c-6c00b0223683,Snake1,98,32,1
fe3d8fb6-ab34-4301-a879-faf6265ecce5,303,c44ca278-cf87-425e-8142-65b18903a9a1,Snake2,89,18,1
fe3d8fb6-ab34-4301-a879-faf6265ecce5,303,1c639e93-99fa-4b23-bf8c-6c00b0223683,Snake1,98,32,1
fe3d8fb6-ab34-4301-a879-faf6265ecce5,303,c44ca278-cf87-425e-8142-65b18903a9a1,Snake2,89,18,1
fe3d8fb6-ab34-4301-a879-faf6265ecce5,304,1c639e93-99fa-4b23-bf8c-6c00b0223683,Snake1,97,32,1
fe3d8fb6-ab34-4301-a879-faf6265ecce5,304,c44ca278-cf87-425e-8142-65b18903a9a1,Snake2,88,18,1
fe3d8fb6-ab34-4301-a879-faf6265ecce5,304,1c639e93-99fa-4b23-bf8c-6c00b0223683,Snake1,97,32,1
fe3d8fb6-ab34-4301-a879-faf6265ecce5,304,c44ca278-cf87-425e-8142-65b18903a9a1,Snake2,88,18,1
fe3d8fb6-ab34-4301-a879-faf6265ecce5,305,1c639e93-99fa-4b23-bf8c-6c00b0223683,Snake1,96,32,1
fe3d8fb6-ab34-4301-a879-faf6265ecce5,305,c44ca278-cf87-425e-8142-65b18903a9a1,Snake2,87,18,1
fe3d8fb6-ab34-4301-a879-faf6265ecce5,305,1c639e93-99fa-4b23-bf8c-6c00b0223683,Snake1,96,32,1
fe3d8fb6-ab34-4301-a879-faf6265ecce5,305,c44ca278-cf87-425e-8142-65b18903a9a1,Snake2,87,18,1
fe3d8fb6-ab34-4301-a879-faf6265ecce5,306,1c639e93-99fa-4b23-bf8c-6c00b0223683,Snake1,95,32,1
fe3d8fb6-ab34-4301-a879-faf6265ecce5,306,c44ca278-cf87-425e-8142-65b18903a9a1,Snake2,86,18,1
fe3d8fb6-ab34-4301-a879-faf6265ecce5,306,1c639e93-99fa-4b23-bf8c-6c00b0223683,Snake1,95,32,1
fe3d8fb6-ab34-4301-a879-faf6265ecce5,306,c44ca278-cf87-425e-8142-65b18903a9a1,Snake2,86,18,1
fe3d8fb6-ab34-4301-a879-faf6265ecce5,307,1c639e93-99fa-4b23-bf8c-6c00b0223683,Snake1,94,32,1
fe3d8fb6-ab34-4301-a879-faf6265ecce5,307,c44ca278-cf87-425e-8142-65b18903a9a1,Snake2,85,18,1
fe3d8fb6-ab34-4301-a879-faf6265ecce5,307,1c639e93-99fa-4b23-bf8c-6c00b0223683,Snake1,94,32,1
fe3d8fb6-ab34-4301-a879-faf6265ecce5,307,c44ca278-cf87-425e-8142-65b18903a9a1,Snake2,85,18,1
fe3d8fb6-ab34-4301-a879-faf6265ecce5,308,1c639e93-99fa-4b23-bf8c-6c00b0223683,Snake1,93,32,1
fe3d8fb6-ab34-4301-a879-faf6265ecce5,308,c44ca278-cf87-425e-8142-65b18903a9a1,Snake2,84,18,1
fe3d8fb6-ab34-4301-a879-faf6265ecce5,308,1c639e93-99fa-4b23-bf8c-6c00b0223683,Snake1,93,32,1
fe3d8fb6-ab34-4301-a879-faf6265ecce5,308,c44ca278-cf87-425e-8142-65b18903a9a1,Snake2,84,18,1
fe3d8fb6-ab34-4301-a879-faf6265ecce5,309,1c639e93-99fa-4b23-bf8c-6c00b0223683,Snake1,92,32,1
fe3d8fb6-ab34-4301-a879-faf6265ecce5,309,c44ca278-cf87-425e-8142-65b18903a9a1,Snake2,83,18,1
fe3d8fb6-ab34-4301-a879-faf6265ecce5,309,1c639e93-99fa-4b23-bf8c-6c00b0223683,Snake1,92,32,1
fe3d8fb6-ab34-4301-a879-faf6265ecce5,309,c44ca278-cf87-425e-8142-65b18903a9a1,Snake2,83,18,1
fe3d8fb6-ab34-4301-a879-faf6265ecce5,310,1c639e93-99fa-4b23-bf8c-6c00b0223683,Snake1,91,32,1
fe3d8fb6-ab34-4301-a879-faf6265ecce5,310,c44ca278-cf87-425e-8142-65b18903a9a1,Snake2,82,18,1
fe3d8fb6-ab34-4301-a879-faf6265ecce5,310,1c639e93-99fa-4b23-bf8c-6c00b0223683,Snake1,91,32,1
fe3d8fb6-ab34-4301-a879-faf6265ecce5,310,c44ca278-cf87-425e-8142-65b18903a9a1,Snake2,82,18,1
fe3d8fb6-ab34-4301-a879-faf6265ecce5,311,1c639e93-99fa-4b23-bf8c-6c00b0223683,Snake1,90,32,1
fe3d8fb6-ab34-4301-a879-faf6265ecce5,311,c44ca278-cf87-425e-8142-65b18903a9a1,Snake2,81,18,1
fe3d8fb6-ab34-4301-a879-faf6265ecce5,311,1c639e93-99fa-4b23-bf8c-6c00b0223683,Snake1,90,32,1
fe3d8fb6-ab34-4301-a879-faf6265ecce5,311,c44ca278-cf87-425e-8142-65b18903a9a1,Snake2,81,18,1
fe3d8fb6-ab34-4301-a879-faf6265ecce5,312,1c639e93-99fa-4b23-bf8c-6c00b0223683,Snake1,89,32,1
fe3d8fb6-ab34-4301-a879-faf6265ecce5,312,c44ca278-cf87-425e-8142-65b18903a9a1,Snake2,80,18,1
fe3d8fb6-ab34-4301-a879-faf6265ecce5,312,1c639e93-99fa-4b23-bf8c-6c00b0223683,Snake1,89,32,1
fe3d8fb6-ab34-4301-a879-faf6265ecce5,312,c44ca278-cf87-425e-8142-65b18903a9a1,Snake2,80,18,1
fe3d8fb6-ab34-4301-a879-faf6265ecce5,313,1c639e93-99fa-4b23-bf8c-6c00b0223683,Snake1,88,32,1
fe3d8fb6-ab34-4301-a879-faf6265ecce5,313,c44ca278-cf87-425e-8142-65b18903a9a1,Snake2,79,18,1
fe3d8fb6-ab34-4301-a879-faf6265ecce5,313,1c639e93-99fa-4b23-bf8c-6c00b0223683,Snake1,88,32,1
fe3d8fb6-ab34-4301-a879-faf6265ecce5,313,c44ca278-cf87-425e-8142-65b18903a9a1,Snake2,79,18,1
fe3d8fb6-ab34-4301-a879-faf6265ecce5,314,1c639e93-99fa-4b23-bf8c-6c00b0223683,Snake1,87,32,1
fe3d8fb6-ab34-4301-a879-faf6265ecce5,314,c44ca278-cf87-425e-8142-65b18903a9a1,Snake2,78,18,1
fe3d8fb6-ab34-4301-a879-faf6265ecce5,315,1c639e93-99fa-4b23-bf8c-6c00b0223683,Snake1,86,32,1
fe3d8fb6-ab34-4301-a879-faf6265ecce5,315,c44ca278-cf87-425e-8142-65b18903a9a1,Snake2,77,18,1
fe3d8fb6-ab34-4301-a879-faf6265ecce5,315,1c639e93-99fa-4b23-bf8c-6c00b0223683,Snake1,86,32,1
fe3d8fb6-ab34-4301-a879-faf6265ecce5,315,c44ca278-cf87-425e-8142-65b18903a9a1,Snake2,77,18,1
fe3d8fb6-ab34-4301-a879-faf6265ecce5,316,1c639e93-99fa-4b23-bf8c-6c00b0223683,Snake1,85,32,1
fe3d8fb6-ab34-4301-a879-faf6265ecce5,316,c44ca278-cf87-425e-8142-65b18903a9a1,Snake2,76,18,1
fe3d8fb6-ab34-4301-a879-faf6265ecce5,316,1c639e93-99fa-4b23-bf8c-6c00b0223683,Snake1,85,32,1
fe3d8fb6-ab34-4301-a879-faf6265ecce5,316,c44ca278-cf87-425e-8142-65b18903a9a1,Snake2,76,18,1
fe3d8fb6-ab34-4301-a879-faf6265ecce5,317,1c639e93-99fa-4b23-bf8c-6c00b0223683,Snake1,84,32,1
fe3d8fb6-ab34-4301-a879-faf6265ecce5,317,c44ca278-cf87-425e-8142-65b18903a9a1,Snake2,75,18,1
fe3d8fb6-ab34-4301-a879-faf6265ecce5,317,1c639e93-99fa-4b23-bf8c-6c00b0223683,Snake1,84,32,1
fe3d8fb6-ab34-4301-a879-faf6265ecce5,317,c44ca278-cf87-425e-8142-65b18903a9a1,Snake2,75,18,1
fe3d8fb6-ab34-4301-a879-faf6265ecce5,318,1c639e93-99fa-4b23-bf8c-6c00b0223683,Snake1,83,32,1
fe3d8fb6-ab34-4301-a879-faf6265ecce5,318,c44ca278-cf87-425e-8142-65b18903a9a1,Snake2,74,18,1
fe3d8fb6-ab34-4301-a879-faf6265ecce5,319,1c639e93-99fa-4b23-bf8c-6c00b0223683,Snake1,82,32,1
fe3d8fb6-ab34-4301-a879-faf6265ecce5,319,c44ca278-cf87-425e-8142-65b18903a9a1,Snake2,73,18,1
fe3d8fb6-ab34-4301-a879-faf6265ecce5,319,1c639e93-99fa-4b23-bf8c-6c00b0223683,Snake1,82,32,1
fe3d8fb6-ab34-4301-a879-faf6265ecce5,319,c44ca278-cf87-425e-8142-65b18903a9a1,Snake2,73,18,1
fe3d8fb6-ab34-4301-a879-faf6265ecce5,320,1c639e93-99fa-4b23-bf8c-6c00b0223683,Snake1,81,32,1
fe3d8fb6-ab34-4301-a879-faf6265ecce5,320,c44ca278-cf87-425e-8142-65b18903a9a1,Snake2,72,18,1
fe3d8fb6-ab34-4301-a879-faf6265ecce5,320,1c639e93-99fa-4b23-bf8c-6c00b0223683,Snake1,81,32,1
fe3d8fb6-ab34-4301-a879-faf6265ecce5,320,c44ca278-cf87-425e-8142-65b18903a9a1,Snake2,72,18,1
fe3d8fb6-ab34-4301-a879-faf6265ecce5,321,1c639e93-99fa-4b23-bf8c-6c00b0223683,Snake1,80,32,1
fe3d8fb6-ab34-4301-a879-faf6265ecce5,321,c44ca278-cf87-425e-8142-65b18903a9a1,Snake2,71,18,1
fe3d8fb6-ab34-4301-a879-faf6265ecce5,321,1c639e93-99fa-4b23-bf8c-6c00b0223683,Snake1,80,32,1
fe3d8fb6-ab34-4301-a879-faf6265ecce5,321,c44ca278-cf87-425e-8142-65b18903a9a1,Snake2,71,18,1
fe3d8fb6-ab34-4301-a879-faf6265ecce5,322,1c639e93-99fa-4b23-bf8c-6c00b0223683,Snake1,79,32,1
fe3d8fb6-ab34-4301-a879-faf6265ecce5,322,c44ca278-cf87-425e-8142-65b18903a9a1,Snake2,70,18,1
fe3d8fb6-ab34-4301-a879-faf6265ecce5,322,1c639e93-99fa-4b23-bf8c-6c00b0223683,Snake1,79,32,1
fe3d8fb6-ab34-4301-a879-faf6265ecce5,322,c44ca278-cf87-425e-8142-65b18903a9a1,Snake2,70,18,1
fe3d8fb6-ab34-4301-a879-faf6265ecce5,323,1c639e93-99fa-4b23-bf8c-6c00b0223683,Snake1,78,32,1
fe3d8fb6-ab34-4301-a879-faf6265ecce5,323,c44ca278-cf87-425e-8142-65b18903a9a1,Snake2,69,18,1
fe3d8fb6-ab34-4301-a879-faf6265ecce5,323,1c639e93-99fa-4b23-bf8c-6c00b0223683,Snake1,78,32,1
fe3d8fb6-ab34-4301-a879-faf6265ecce5,323,c44ca278-cf87-425e-8142-65b18903a9a1,Snake2,69,18,1
fe3d8fb6-ab34-4301-a879-faf6265ecce5,324,1c639e93-99fa-4b23-bf8c-6c00b0223683,Snake1,77,32,1
fe3d8fb6-ab34-4301-a879-faf6265ecce5,324,c44ca278-cf87-425e-8142-65b18903a9a1,Snake2,68,18,1
fe3d8fb6-ab34-4301-a879-faf6265ecce5,324,1c639e93-99fa-4b23-bf8c-6c00b0223683,Snake1,77,32,1
fe3d8fb6-ab34-4301-a879-faf6265ecce5,324,c44ca278-cf87-425e-8142-65b18903a9a1,Snake2,68,18,1
fe3d8fb6-ab34-4301-a879-faf6265ecce5,325,1c639e93-99fa-4b23-bf8c-6c00b0223683,Snake1,76,32,1
fe3d8fb6-ab34-4301-a879-faf6265ecce5,325,c44ca278-cf87-425e-8142-65b18903a9a1,Snake2,67,18,1
fe3d8fb6-ab34-4301-a879-faf6265ecce5,326,1c639e93-99fa-4b23-bf8c-6c00b0223683,Snake1,75,32,1
fe3d8fb6-ab34-4301-a879-faf6265ecce5,326,c44ca278-cf87-425e-8142-65b18903a9a1,Snake2,66,18,1
fe3d8fb6-ab34-4301-a879-faf6265ecce5,326,1c639e93-99fa-4b23-bf8c-6c00b0223683,Snake1,75,32,1
fe3d8fb6-ab34-4301-a879-faf6265ecce5,326,c44ca278-cf87-425e-8142-65b18903a9a1,Snake2,66,18,1
fe3d8fb6-ab34-4301-a879-faf6265ecce5,327,1c639e93-99fa-4b23-bf8c-6c00b0223683,Snake1,100,33,1
fe3d8fb6-ab34-4301-a879-faf6265ecce5,327,c44ca278-cf87-425e-8142-65b18903a9a1,Snake2,65,18,1
fe3d8fb6-ab34-4301-a879-faf6265ecce5,327,1c639e93-99fa-4b23-bf8c-6c00b0223683,Snake1,100,33,1
fe3d8fb6-ab34-4301-a879-faf6265ecce5,327,c44ca278-cf87-425e-8142-65b18903a9a1,Snake2,65,18,1
fe3d8fb6-ab34-4301-a879-faf6265ecce5,328,1c639e93-99fa-4b23-bf8c-6c00b0223683,Snake1,100,34,1
fe3d8fb6-ab34-4301-a879-faf6265ecce5,328,c44ca278-cf87-425e-8142-65b18903a9a1,Snake2,64,18,1
fe3d8fb6-ab34-4301-a879-faf6265ecce5,328,1c639e93-99fa-4b23-bf8c-6c00b0223683,Snake1,100,34,1
fe3d8fb6-ab34-4301-a879-faf6265ecce5,328,c44ca278-cf87-425e-8142-65b18903a9a1,Snake2,64,18,1
fe3d8fb6-ab34-4301-a879-faf6265ecce5,329,1c639e93-99fa-4b23-bf8c-6c00b0223683,Snake1,99,34,1
fe3d8fb6-ab34-4301-a879-faf6265ecce5,329,c44ca278-cf87-425e-8142-65b18903a9a1,Snake2,63,18,1
fe3d8fb6-ab34-4301-a879-faf6265ecce5,329,1c639e93-99fa-4b23-bf8c-6c00b0223683,Snake1,99,34,1
fe3d8fb6-ab34-4301-a879-faf6265ecce5,329,c44ca278-cf87-425e-8142-65b18903a9a1,Snake2,63,18,1
fe3d8fb6-ab34-4301-a879-faf6265ecce5,330,1c639e93-99fa-4b23-bf8c-6c00b0223683,Snake1,98,34,1
fe3d8fb6-ab34-4301-a879-faf6265ecce5,330,c44ca278-cf87-425e-8142-65b18903a9a1,Snake2,62,18,1
fe3d8fb6-ab34-4301-a879-faf6265ecce5,330,1c639e93-99fa-4b23-bf8c-6c00b0223683,Snake1,98,34,1
fe3d8fb6-ab34-4301-a879-faf6265ecce5,330,c44ca278-cf87-425e-8142-65b18903a9a1,Snake2,62,18,1
fe3d8fb6-ab34-4301-a879-faf6265ecce5,331,1c639e93-99fa-4b23-bf8c-6c00b0223683,Snake1,97,34,1
fe3d8fb6-ab34-4301-a879-faf6265ecce5,331,c44ca278-cf87-425e-8142-65b18903a9a1,Snake2,61,18,1
fe3d8fb6-ab34-4301-a879-faf6265ecce5,331,1c639e93-99fa-4b23-bf8c-6c00b0223683,Snake1,97,34,1
fe3d8fb6-ab34-4301-a879-faf6265ecce5,331,c44ca278-cf87-425e-8142-65b18903a9a1,Snake2,61,18,1
fe3d8fb6-ab34-4301-a879-faf6265ecce5,332,1c639e93-99fa-4b23-bf8c-6c00b0223683,Snake1,96,34,1
fe3d8fb6-ab34-4301-a879-faf6265ecce5,332,c44ca278-cf87-425e-8142-65b18903a9a1,Snake2,60,18,1
fe3d8fb6-ab34-4301-a879-faf6265ecce5,332,1c639e93-99fa-4b23-bf8c-6c00b0223683,Snake1,96,34,1
fe3d8fb6-ab34-4301-a879-faf6265ecce5,332,c44ca278-cf87-425e-8142-65b18903a9a1,Snake2,60,18,1
fe3d8fb6-ab34-4301-a879-faf6265ecce5,333,1c639e93-99fa-4b23-bf8c-6c00b0223683,Snake1,95,34,1
fe3d8fb6-ab34-4301-a879-faf6265ecce5,333,c44ca278-cf87-425e-8142-65b18903a9a1,Snake2,100,19,1
fe3d8fb6-ab34-4301-a879-faf6265ecce5,334,1c639e93-99fa-4b23-bf8c-6c00b0223683,Snake1,94,34,1
fe3d8fb6-ab34-4301-a879-faf6265ecce5,334,c44ca278-cf87-425e-8142-65b18903a9a1,Snake2,99,19,1
fe3d8fb6-ab34-4301-a879-faf6265ecce5,334,1c639e93-99fa-4b23-bf8c-6c00b0223683,Snake1,94,34,1
fe3d8fb6-ab34-4301-a879-faf6265ecce5,334,c44ca278-cf87-425e-8142-65b18903a9a1,Snake2,99,19,1
fe3d8fb6-ab34-4301-a879-faf6265ecce5,335,1c639e93-99fa-4b23-bf8c-6c00b0223683,Snake1,100,35,1
fe3d8fb6-ab34-4301-a879-faf6265ecce5,335,c44ca278-cf87-425e-8142-65b18903a9a1,Snake2,98,19,1
fe3d8fb6-ab34-4301-a879-faf6265ecce5,335,1c639e93-99fa-4b23-bf8c-6c00b0223683,Snake1,100,35,1
fe3d8fb6-ab34-4301-a879-faf6265ecce5,335,c44ca278-cf87-425e-8142-65b18903a9a1,Snake2,98,19,1
fe3d8fb6-ab34-4301-a879-faf6265ecce5,336,1c639e93-99fa-4b23-bf8c-6c00b0223683,Snake1,99,35,1
fe3d8fb6-ab34-4301-a879-faf6265ecce5,336,c44ca278-cf87-425e-8142-65b18903a9a1,Snake2,100,20,1
fe3d8fb6-ab34-4301-a879-faf6265ecce5,336,1c639e93-99fa-4b23-bf8c-6c00b0223683,Snake1,99,35,1
fe3d8fb6-ab34-4301-a879-faf6265ecce5,336,c44ca278-cf87-425e-8142-65b18903a9a1,Snake2,100,20,1
fe3d8fb6-ab34-4301-a879-faf6265ecce5,337,1c639e93-99fa-4b23-bf8c-6c00b0223683,Snake1,98,35,1
fe3d8fb6-ab34-4301-a879-faf6265ecce5,337,c44ca278-cf87-425e-8142-65b18903a9a1,Snake2,99,20,1
fe3d8fb6-ab34-4301-a879-faf6265ecce5,338,1c639e93-99fa-4b23-bf8c-6c00b0223683,Snake1,97,35,1
fe3d8fb6-ab34-4301-a879-faf6265ecce5,338,c44ca278-cf87-425e-8142-65b18903a9a1,Snake2,98,20,1
fe3d8fb6-ab34-4301-a879-faf6265ecce5,338,1c639e93-99fa-4b23-bf8c-6c00b0223683,Snake1,97,35,1
fe3d8fb6-ab34-4301-a879-faf6265ecce5,338,c44ca278-cf87-425e-8142-65b18903a9a1,Snake2,98,20,1
fe3d8fb6-ab34-4301-a879-faf6265ecce5,339,1c639e93-99fa-4b23-bf8c-6c00b0223683,Snake1,96,35,1
fe3d8fb6-ab34-4301-a879-faf6265ecce5,339,c44ca278-cf87-425e-8142-65b18903a9a1,Snake2,97,20,1
fe3d8fb6-ab34-4301-a879-faf6265ecce5,339,1c639e93-99fa-4b23-bf8c-6c00b0223683,Snake1,96,35,1
fe3d8fb6-ab34-4301-a879-faf6265ecce5,339,c44ca278-cf87-425e-8142-65b18903a9a1,Snake2,97,20,1
fe3d8fb6-ab34-4301-a879-faf6265ecce5,340,1c639e93-99fa-4b23-bf8c-6c00b0223683,Snake1,95,35,1
fe3d8fb6-ab34-4301-a879-faf6265ecce5,340,c44ca278-cf87-425e-8142-65b18903a9a1,Snake2,96,20,1
fe3d8fb6-ab34-4301-a879-faf6265ecce5,340,1c639e93-99fa-4b23-bf8c-6c00b0223683,Snake1,95,35,1
fe3d8fb6-ab34-4301-a879-faf6265ecce5,340,c44ca278-cf87-425e-8142-65b18903a9a1,Snake2,96,20,1
fe3d8fb6-ab34-4301-a879-faf6265ecce5,341,1c639e93-99fa-4b23-bf8c-6c00b0223683,Snake1,100,36,1
fe3d8fb6-ab34-4301-a879-faf6265ecce5,341,c44ca278-cf87-425e-8142-65b18903a9a1,Snake2,95,20,1
fe3d8fb6-ab34-4301-a879-faf6265ecce5,341,1c639e93-99fa-4b23-bf8c-6c00b0223683,Snake1,100,36,1
fe3d8fb6-ab34-4301-a879-faf6265ecce5,341,c44ca278-cf87-425e-8142-65b18903a9a1,Snake2,95,20,1
fe3d8fb6-ab34-4301-a879-faf6265ecce5,342,1c639e93-99fa-4b23-bf8c-6c00b0223683,Snake1,99,36,1
fe3d8fb6-ab34-4301-a879-faf6265ecce5,342,c44ca278-cf87-425e-8142-65b18903a9a1,Snake2,94,20,1
fe3d8fb6-ab34-4301-a879-faf6265ecce5,342,1c639e93-99fa-4b23-bf8c-6c00b0223683,Snake1,99,36,1
fe3d8fb6-ab34-4301-a879-faf6265ecce5,342,c44ca278-cf87-425e-8142-65b18903a9a1,Snake2,94,20,1
fe3d8fb6-ab34-4301-a879-faf6265ecce5,343,1c639e93-99fa-4b23-bf8c-6c00b0223683,Snake1,98,36,1
fe3d8fb6-ab34-4301-a879-faf6265ecce5,343,c44ca278-cf87-425e-8142-65b18903a9a1,Snake2,93,20,1
fe3d8fb6-ab34-4301-a879-faf6265ecce5,343,1c639e93-99fa-4b23-bf8c-6c00b0223683,Snake1,98,36,1
fe3d8fb6-ab34-4301-a879-faf6265ecce5,343,c44ca278-cf87-425e-8142-65b18903a9a1,Snake2,93,20,1
fe3d8fb6-ab34-4301-a879-faf6265ecce5,344,1c639e93-99fa-4b23-bf8c-6c00b0223683,Snake1,97,36,1
fe3d8fb6-ab34-4301-a879-faf6265ecce5,344,c44ca278-cf87-425e-8142-65b18903a9a1,Snake2,92,20,1
fe3d8fb6-ab34-4301-a879-faf6265ecce5,344,1c639e93-99fa-4b23-bf8c-6c00b0223683,Snake1,97,36,1
fe3d8fb6-ab34-4301-a879-faf6265ecce5,344,c44ca278-cf87-425e-8142-65b18903a9a1,Snake2,92,20,1
fe3d8fb6-ab34-4301-a879-faf6265ecce5,345,1c639e93-99fa-4b23-bf8c-6c00b0223683,Snake1,96,36,1
fe3d8fb6-ab34-4301-a879-faf6265ecce5,345,c44ca278-cf87-425e-8142-65b18903a9a1,Snake2,91,20,1
fe3d8fb6-ab34-4301-a879-faf6265ecce5,345,1c639e93-99fa-4b23-bf8c-6c00b0223683,Snake1,96,36,1
fe3d8fb6-ab34-4301-a879-faf6265ecce5,345,c44ca278-cf87-425e-8142-65b18903a9a1,Snake2,91,20,1
fe3d8fb6-ab34-4301-a879-faf6265ecce5,346,1c639e93-99fa-4b23-bf8c-6c00b0223683,Snake1,95,36,1
fe3d8fb6-ab34-4301-a879-faf6265ecce5,346,c44ca278-cf87-425e-8142-65b18903a9a1,Snake2,90,20,1
fe3d8fb6-ab34-4301-a879-faf6265ecce5,346,1c639e93-99fa-4b23-bf8c-6c00b0223683,Snake1,95,36,1
fe3d8fb6-ab34-4301-a879-faf6265ecce5,346,c44ca278-cf87-425e-8142-65b18903a9a1,Snake2,90,20,1
fe3d8fb6-ab34-4301-a879-faf6265ecce5,347,1c639e93-99fa-4b23-bf8c-6c00b0223683,Snake1,94,36,1
fe3d8fb6-ab34-4301-a879-faf6265ecce5,347,c44ca278-cf87-425e-8142-65b18903a9a1,Snake2,89,20,1
fe3d8fb6-ab34-4301-a879-faf6265ecce5,347,1c639e93-99fa-4b23-bf8c-6c00b0223683,Snake1,94,36,1
fe3d8fb6-ab34-4301-a879-faf6265ecce5,347,c44ca278-cf87-425e-8142-65b18903a9a1,Snake2,89,20,1
fe3d8fb6-ab34-4301-a879-faf6265ecce5,348,1c639e93-99fa-4b23-bf8c-6c00b0223683,Snake1,93,36,1
fe3d8fb6-ab34-4301-a879-faf6265ecce5,348,c44ca278-cf87-425e-8142-65b18903a9a1,Snake2,88,20,1
fe3d8fb6-ab34-4301-a879-faf6265ecce5,348,1c639e93-99fa-4b23-bf8c-6c00b0223683,Snake1,93,36,1
fe3d8fb6-ab34-4301-a879-faf6265ecce5,348,c44ca278-cf87-425e-8142-65b18903a9a1,Snake2,88,20,1
fe3d8fb6-ab34-4301-a879-faf6265ecce5,349,1c639e93-99fa-4b23-bf8c-6c00b0223683,Snake1,92,36,1
fe3d8fb6-ab34-4301-a879-faf6265ecce5,349,c44ca278-cf87-425e-8142-65b18903a9a1,Snake2,88,20,0
fe3d8fb6-ab34-4301-a879-faf6265ecce5,350,1c639e93-99fa-4b23-bf8c-6c00b0223683,Snake1,92,36,1
fe3d8fb6-ab34-4301-a879-faf6265ecce5,350,c44ca278-cf87-425e-8142-65b18903a9a1,Snake2,88,20,0
fe3d8fb6-ab34-4301-a879-faf6265ecce5,350,1c639e93-99fa-4b23-bf8c-6c00b0223683,Snake1,92,36,1
fe3d8fb6-ab34-4301-a879-faf6265ecce5,350,c44ca278-cf87-425e-8142-65b18903a9a1,Snake2,88,20,0
