game_id,turn,snake_id,snake_name,health,length,alive
d49fb226-b24f-4cfe-89ed-cb4333062241,0,884292b2-32fa-4560-ad79-3c37392bbe6f,Snake1,100,3,1
d49fb226-b24f-4cfe-89ed-cb4333062241,0,3c0f44f3-de23-4b4a-bf47-41d96516bcbc,Snake2,100,3,1
d49fb226-b24f-4cfe-89ed-cb4333062241,0,94ab3b15-e206-4451-9e74-72273b99c2e1,Snake3,100,3,1
d49fb226-b24f-4cfe-89ed-cb4333062241,0,43d773ac-8129-4368-adb9-45e4d35fd400,Snake4,100,3,1
d49fb226-b24f-4cfe-89ed-cb4333062241,1,884292b2-32fa-4560-ad79-3c37392bbe6f,Snake1,99,3,1
d49fb226-b24f-4cfe-89ed-cb4333062241,1,3c0f44f3-de23-4b4a-bf47-41d96516bcbc,Snake2,99,3,1
d49fb226-b24f-4cfe-89ed-cb4333062241,1,94ab3b15-e206-4451-9e74-72273b99c2e1,Snake3,99,3,1
d49fb226-b24f-4cfe-89ed-cb4333062241,1,43d773ac-8129-4368-adb9-45e4d35fd400,Snake4,99,3,1
d49fb226-b24f-4cfe-89ed-cb4333062241,1,884292b2-32fa-4560-ad79-3c37392bbe6f,Snake1,99,3,1
d49fb226-b24f-4cfe-89ed-cb4333062241,1,3c0f44f3-de23-4b4a-bf47-41d96516bcbc,Snake2,99,3,1
d49fb226-b24f-4cfe-89ed-cb4333062241,1,94ab3b15-e206-4451-9e74-72273b99c2e1,Snake3,99,3,1
d49fb226-b24f-4cfe-89ed-cb4333062241,1,43d773ac-8129-4368-adb9-45e4d35fd400,Snake4,99,3,1
d49fb226-b24f-4cfe-89ed-cb4333062241,1,884292b2-32fa-4560-ad79-3c37392bbe6f,Snake1,99,3,1
d49fb226-b24f-4cfe-89ed-cb4333062241,1,3c0f44f3-de23-4b4a-bf47-41d96516bcbc,Snake2,99,3,1
d49fb226-b24f-4cfe-89ed-cb4333062241,1,94ab3b15-e206-4451-9e74-72273b99c2e1,Snake3,99,3,1
d49fb226-b24f-4cfe-89ed-cb4333062241,1,43d773ac-8129-4368-adb9-45e4d35fd400,Snake4,99,3,1
d49fb226-b24f-4cfe-89ed-cb4333062241,2,884292b2-32fa-4560-ad79-3c37392bbe6f,Snake1,100,4,1
d49fb226-b24f-4cfe-89ed-cb4333062241,2,3c0f44f3-de23-4b4a-bf47-41d96516bcbc,Snake2,100,4,1
d49fb226-b24f-4cfe-89ed-cb4333062241,2,94ab3b15-e206-4451-9e74-72273b99c2e1,Snake3,100,4,1
d49fb226-b24f-4cfe-89ed-cb4333062241,2,43d773ac-8129-4368-adb9-45e4d35fd400,Snake4,100,4,1
d49fb226-b24f-4cfe-89ed-cb4333062241,2,884292b2-32fa-4560-ad79-3c37392bbe6f,Snake1,100,4,1
d49fb226-b24f-4cfe-89ed-cb4333062241,2,3c0f44f3-de23-4b4a-bf47-41d96516bcbc,Snake2,100,4,1
d49fb226-b24f-4cfe-89ed-cb4333062241,2,94ab3b15-e206-4451-9e74-72273b99c2e1,Snake3,100,4,1
d49fb226-b24f-4cfe-89ed-cb4333062241,2,43d773ac-8129-4368-adb9-45e4d35fd400,Snake4,100,4,1
d49fb226-b24f-4cfe-89ed-cb4333062241,2,884292b2-32fa-4560-ad79-3c37392bbe6f,Snake1,100,4,1
d49fb226-b24f-4cfe-89ed-cb4333062241,2,3c0f44f3-de23-4b4a-bf47-41d96516bcbc,Snake2,100,4,1
d49fb226-b24f-4cfe-89ed-cb4333062241,2,94ab3b15-e206-4451-9e74-72273b99c2e1,Snake3,100,4,1
d49fb226-b24f-4cfe-89ed-cb4333062241,2,43d773ac-8129-4368-adb9-45e4d35fd400,Snake4,100,4,1
d49fb226-b24f-4cfe-89ed-cb4333062241,2,884292b2-32fa-4560-ad79-3c37392bbe6f,Snake1,100,4,1
d49fb226-b24f-4cfe-89ed-cb4333062241,2,3c0f44f3-de23-4b4a-bf47-41d96516bcbc,Snake2,100,4,1
d49fb226-b24f-4cfe-89ed-cb4333062241,2,94ab3b15-e206-4451-9e74-72273b99c2e1,Snake3,100,4,1
d49fb226-b24f-4cfe-89ed-cb4333062241,2,43d773ac-8129-4368-adb9-45e4d35fd400,Snake4,100,4,1
d49fb226-b24f-4cfe-89ed-cb4333062241,3,884292b2-32fa-4560-ad79-3c37392bbe6f,Snake1,99,4,1
d49fb226-b24f-4cfe-89ed-cb4333062241,3,3c0f44f3-de23-4b4a-bf47-41d96516bcbc,Snake2,99,4,1
d49fb226-b24f-4cfe-89ed-cb4333062241,3,94ab3b15-e206-4451-9e74-72273b99c2e1,Snake3,99,4,1
d49fb226-b24f-4cfe-89ed-cb4333062241,3,43d773ac-8129-4368-adb9-45e4d35fd400,Snake4,99,4,1
d49fb226-b24f-4cfe-89ed-cb4333062241,3,884292b2-32fa-4560-ad79-3c37392bbe6f,Snake1,99,4,1
d49fb226-b24f-4cfe-89ed-cb4333062241,3,3c0f44f3-de23-4b4a-bf47-41d96516bcbc,Snake2,99,4,1
d49fb226-b24f-4cfe-89ed-cb4333062241,3,94ab3b15-e206-4451-9e74-72273b99c2e1,Snake3,99,4,1
d49fb226-b24f-4cfe-89ed-cb4333062241,3,43d773ac-8129-4368-adb9-45e4d35fd400,Snake4,99,4,1
d49fb226-b24f-4cfe-89ed-cb4333062241,3,884292b2-32fa-4560-ad79-3c37392bbe6f,Snake1,99,4,1
d49fb226-b24f-4cfe-89ed-cb4333062241,3,3c0f44f3-de23-4b4a-bf47-41d96516bcbc,Snake2,99,4,1
d49fb226-b24f-4cfe-89ed-cb4333062241,3,94ab3b15-e206-4451-9e74-72273b99c2e1,Snake3,99,4,1
d49fb226-b24f-4cfe-89ed-cb4333062241,3,43d773ac-8129-4368-adb9-45e4d35fd400,Snake4,99,4,1
d49fb226-b24f-4cfe-89ed-cb4333062241,3,884292b2-32fa-4560-ad79-3c37392bbe6f,Snake1,99,4,1
d49fb226-b24f-4cfe-89ed-cb4333062241,3,3c0f44f3-de23-4b4a-bf47-41d96516bcbc,Snake2,99,4,1
d49fb226-b24f-4cfe-89ed-cb4333062241,3,94ab3b15-e206-4451-9e74-72273b99c2e1,Snake3,99,4,1
d49fb226-b24f-4cfe-89ed-cb4333062241,3,43d773ac-8129-4368-adb9-45e4d35fd400,Snake4,99,4,1
d49fb226-b24f-4cfe-89ed-cb4333062241,4,884292b2-32fa-4560-ad79-3c37392bbe6f,Snake1,98,4,1
d49fb226-b24f-4cfe-89ed-cb4333062241,4,3c0f44f3-de23-4b4a-bf47-41d96516bcbc,Snake2,98,4,1
d49fb226-b24f-4cfe-89ed-cb4333062241,4,94ab3b15-e206-4451-9e74-72273b99c2e1,Snake3,98,4,1
d49fb226-b24f-4cfe-89ed-cb4333062241,4,43d773ac-8129-4368-adb9-45e4d35fd400,Snake4,98,4,1
d49fb226-b24f-4cfe-89ed-cb4333062241,4,884292b2-32fa-4560-ad79-3c37392bbe6f,Snake1,98,4,1
d49fb226-b24f-4cfe-89ed-cb4333062241,4,3c0f44f3-de23-4b4a-bf47-41d96516bcbc,Snake2,98,4,1
d49fb226-b24f-4cfe-89ed-cb4333062241,4,94ab3b15-e206-4451-9e74-72273b99c2e1,Snake3,98,4,1
d49fb226-b24f-4cfe-89ed-cb4333062241,4,43d773ac-8129-4368-adb9-45e4d35fd400,Snake4,98,4,1
d49fb226-b24f-4cfe-89ed-cb4333062241,4,884292b2-32fa-4560-ad79-3c37392bbe6f,Snake1,98,4,1
d49fb226-b24f-4cfe-89ed-cb4333062241,4,3c0f44f3-de23-4b4a-bf47-41d96516bcbc,Snake2,98,4,1
d49fb226-b24f-4cfe-89ed-cb4333062241,4,94ab3b15-e206-4451-9e74-72273b99c2e1,Snake3,98,4,1
d49fb226-b24f-4cfe-89ed-cb4333062241,4,43d773ac-8129-4368-adb9-45e4d35fd400,Snake4,98,4,1
d49fb226-b24f-4cfe-89ed-cb4333062241,4,884292b2-32fa-4560-ad79-3c37392bbe6f,Snake1,98,4,1
d49fb226-b24f-4cfe-89ed-cb4333062241,4,3c0f44f3-de23-4b4a-bf47-41d96516bcbc,Snake2,98,4,1
d49fb226-b24f-4cfe-89ed-cb4333062241,4,94ab3b15-e206-4451-9e74-72273b99c2e1,Snake3,98,4,1
d49fb226-b24f-4cfe-89ed-cb4333062241,4,43d773ac-8129-4368-adb9-45e4d35fd400,Snake4,98,4,1
d49fb226-b24f-4cfe-89ed-cb4333062241,5,884292b2-32fa-4560-ad79-3c37392bbe6f,Snake1,97,4,1
d49fb226-b24f-4cfe-89ed-cb4333062241,5,3c0f44f3-de23-4b4a-bf47-41d96516bcbc,Snake2,97,4,1
d49fb226-b24f-4cfe-89ed-cb4333062241,5,94ab3b15-e206-4451-9e74-72273b99c2e1,Snake3,97,4,1
d49fb226-b24f-4cfe-89ed-cb4333062241,5,43d773ac-8129-4368-adb9-45e4d35fd400,Snake4,100,5,1
d49fb226-b24f-4cfe-89ed-cb4333062241,5,884292b2-32fa-4560-ad79-3c37392bbe6f,Snake1,97,4,1
d49fb226-b24f-4cfe-89ed-cb4333062241,5,3c0f44f3-de23-4b4a-bf47-41d96516bcbc,Snake2,97,4,1
d49fb226-b24f-4cfe-89ed-cb4333062241,5,94ab3b15-e206-4451-9e74-72273b99c2e1,Snake3,97,4,1
d49fb226-b24f-4cfe-89ed-cb4333062241,5,43d773ac-8129-4368-adb9-45e4d35fd400,Snake4,100,5,1
d49fb226-b24f-4cfe-89ed-cb4333062241,5,884292b2-32fa-4560-ad79-3c37392bbe6f,Snake1,97,4,1
d49fb226-b24f-4cfe-89ed-cb4333062241,5,3c0f44f3-de23-4b4a-bf47-41d96516bcbc,Snake2,97,4,1
d49fb226-b24f-4cfe-89ed-cb4333062241,5,94ab3b15-e206-4451-9e74-72273b99c2e1,Snake3,97,4,1
d49fb226-b24f-4cfe-89ed-cb4333062241,5,43d773ac-8129-4368-adb9-45e4d35fd400,Snake4,100,5,1
d49fb226-b24f-4cfe-89ed-cb4333062241,6,884292b2-32fa-4560-ad79-3c37392bbe6f,Snake1,96,4,1
d49fb226-b24f-4cfe-89ed-cb4333062241,6,3c0f44f3-de23-4b4a-bf47-41d96516bcbc,Snake2,96,4,1
d49fb226-b24f-4cfe-89ed-cb4333062241,6,94ab3b15-e206-4451-9e74-72273b99c2e1,Snake3,96,4,1
d49fb226-b24f-4cfe-89ed-cb4333062241,6,43d773ac-8129-4368-adb9-45e4d35fd400,Snake4,99,5,1
d49fb226-b24f-4cfe-89ed-cb4333062241,6,884292b2-32fa-4560-ad79-3c37392bbe6f,Snake1,96,4,1
d49fb226-b24f-4cfe-89ed-cb4333062241,6,3c0f44f3-de23-4b4a-bf47-41d96516bcbc,Snake2,96,4,1
d49fb226-b24f-4cfe-89ed-cb4333062241,6,94ab3b15-e206-4451-9e74-72273b99c2e1,Snake3,96,4,1
d49fb226-b24f-4cfe-89ed-cb4333062241,6,43d773ac-8129-4368-adb9-45e4d35fd400,Snake4,99,5,1
d49fb226-b24f-4cfe-89ed-cb4333062241,6,884292b2-32fa-4560-ad79-3c37392bbe6f,Snake1,96,4,1
d49fb226-b24f-4cfe-89ed-cb4333062241,6,3c0f44f3-de23-4b4a-bf47-41d96516bcbc,Snake2,96,4,1
d49fb226-b24f-4cfe-89ed-cb4333062241,6,94ab3b15-e206-4451-9e74-72273b99c2e1,Snake3,96,4,1
d49fb226-b24f-4cfe-89ed-cb4333062241,6,43d773ac-8129-4368-adb9-45e4d35fd400,Snake4,99,5,1
d49fb226-b24f-4cfe-89ed-cb4333062241,6,884292b2-32fa-4560-ad79-3c37392bbe6f,Snake1,96,4,1
d49fb226-b24f-4cfe-89ed-cb4333062241,6,3c0f44f3-de23-4b4a-bf47-41d96516bcbc,Snake2,96,4,1
d49fb226-b24f-4cfe-89ed-cb4333062241,6,94ab3b15-e206-4451-9e74-72273b99c2e1,Snake3,96,4,1
d49fb226-b24f-4cfe-89ed-cb4333062241,6,43d773ac-8129-4368-adb9-45e4d35fd400,Snake4,99,5,1
d49fb226-b24f-4cfe-89ed-cb4333062241,7,884292b2-32fa-4560-ad79-3c37392bbe6f,Snake1,95,4,1
d49fb226-b24f-4cfe-89ed-cb4333062241,7,3c0f44f3-de23-4b4a-bf47-41d96516bcbc,Snake2,95,4,1
d49fb226-b24f-4cfe-89ed-cb4333062241,7,94ab3b15-e206-4451-9e74-72273b99c2e1,Snake3,95,4,1
d49fb226-b24f-4cfe-89ed-cb4333062241,7,43d773ac-8129-4368-adb9-45e4d35fd400,Snake4,98,5,1
d49fb226-b24f-4cfe-89ed-cb4333062241,7,884292b2-32fa-4560-ad79-3c37392bbe6f,Snake1,95,4,1
d49fb226-b24f-4cfe-89ed-cb4333062241,7,3c0f44f3-de23-4b4a-bf47-41d96516bcbc,Snake2,95,4,1
d49fb226-b24f-4cfe-89ed-cb4333062241,7,94ab3b15-e206-4451-9e74-72273b99c2e1,Snake3,95,4,1
d49fb226-b24f-4cfe-89ed-cb4333062241,7,43d773ac-8129-4368-adb9-45e4d35fd400,Snake4,98,5,1
d49fb226-b24f-4cfe-89ed-cb4333062241,7,884292b2-32fa-4560-ad79-3c37392bbe6f,Snake1,95,4,1
d49fb226-b24f-4cfe-89ed-cb4333062241,7,3c0f44f3-de23-4b4a-bf47-41d96516bcbc,Snake2,95,4,1
d49fb226-b24f-4cfe-89ed-cb4333062241,7,94ab3b15-e206-4451-9e74-72273b99c2e1,Snake3,95,4,1
d49fb226-b24f-4cfe-89ed-cb4333062241,7,43d773ac-8129-4368-adb9-45e4d35fd400,Snake4,98,5,1
d49fb226-b24f-4cfe-89ed-cb4333062241,8,884292b2-32fa-4560-ad79-3c37392bbe6f,Snake1,94,4,1
d49fb226-b24f-4cfe-89ed-cb4333062241,8,3c0f44f3-de23-4b4a-bf47-41d96516bcbc,Snake2,94,4,1
d49fb226-b24f-4cfe-89ed-cb4333062241,8,94ab3b15-e206-4451-9e74-72273b99c2e1,Snake3,94,4,1
d49fb226-b24f-4cfe-89ed-cb4333062241,8,43d773ac-8129-4368-adb9-45e4d35fd400,Snake4,97,5,1
d49fb226-b24f-4cfe-89ed-cb4333062241,8,884292b2-32fa-4560-ad79-3c37392bbe6f,Snake1,94,4,1
d49fb226-b24f-4cfe-89ed-cb4333062241,8,3c0f44f3-de23-4b4a-bf47-41d96516bcbc,Snake2,94,4,1
d49fb226-b24f-4cfe-89ed-cb4333062241,8,94ab3b15-e206-4451-9e74-72273b99c2e1,Snake3,94,4,1
d49fb226-b24f-4cfe-89ed-cb4333062241,8,43d773ac-8129-4368-adb9-45e4d35fd400,Snake4,97,5,1
d49fb226-b24f-4cfe-89ed-cb4333062241,9,884292b2-32fa-4560-ad79-3c37392bbe6f,Snake1,93,4,1
d49fb226-b24f-4cfe-89ed-cb4333062241,9,3c0f44f3-de23-4b4a-bf47-41d96516bcbc,Snake2,100,5,1
d49fb226-b24f-4cfe-89ed-cb4333062241,9,94ab3b15-e206-4451-9e74-72273b99c2e1,Snake3,93,4,1
d49fb226-b24f-4cfe-89ed-cb4333062241,9,43d773ac-8129-4368-adb9-45e4d35fd400,Snake4,96,5,1
d49fb226-b24f-4cfe-89ed-cb4333062241,9,884292b2-32fa-4560-ad79-3c37392bbe6f,Snake1,93,4,1
d49fb226-b24f-4cfe-89ed-cb4333062241,9,3c0f44f3-de23-4b4a-bf47-41d96516bcbc,Snake2,100,5,1
d49fb226-b24f-4cfe-89ed-cb4333062241,9,94ab3b15-e206-4451-9e74-72273b99c2e1,Snake3,93,4,1
d49fb226-b24f-4cfe-89ed-cb4333062241,9,43d773ac-8129-4368-adb9-45e4d35fd400,Snake4,96,5,1
d49fb226-b24f-4cfe-89ed-cb4333062241,9,884292b2-32fa-4560-ad79-3c37392bbe6f,Snake1,93,4,1
d49fb226-b24f-4cfe-89ed-cb4333062241,9,3c0f44f3-de23-4b4a-bf47-41d96516bcbc,Snake2,100,5,1
d49fb226-b24f-4cfe-89ed-cb4333062241,9,94ab3b15-e206-4451-9e74-72273b99c2e1,Snake3,93,4,1
d49fb226-b24f-4cfe-89ed-cb4333062241,9,43d773ac-8129-4368-adb9-45e4d35fd400,Snake4,96,5,1
d49fb226-b24f-4cfe-89ed-cb4333062241,10,884292b2-32fa-4560-ad79-3c37392bbe6f,Snake1,100,5,1
d49fb226-b24f-4cfe-89ed-cb4333062241,10,3c0f44f3-de23-4b4a-bf47-41d96516bcbc,Snake2,99,5,1
d49fb226-b24f-4cfe-89ed-cb4333062241,10,94ab3b15-e206-4451-9e74-72273b99c2e1,Snake3,92,4,1
d49fb226-b24f-4cfe-89ed-cb4333062241,10,43d773ac-8129-4368-adb9-45e4d35fd400,Snake4,100,6,1
d49fb226-b24f-4cfe-89ed-cb4333062241,10,884292b2-32fa-4560-ad79-3c37392bbe6f,Snake1,100,5,1
d49fb226-b24f-4cfe-89ed-cb4333062241,10,3c0f44f3-de23-4b4a-bf47-41d96516bcbc,Snake2,99,5,1
d49fb226-b24f-4cfe-89ed-cb4333062241,10,94ab3b15-e206-4451-9e74-72273b99c2e1,Snake3,92,4,1
d49fb226-b24f-4cfe-89ed-cb4333062241,10,43d773ac-8129-4368-adb9-45e4d35fd400,Snake4,100,6,1
d49fb226-b24f-4cfe-89ed-cb4333062241,10,884292b2-32fa-4560-ad79-3c37392bbe6f,Snake1,100,5,1
d49fb226-b24f-4cfe-89ed-cb4333062241,10,3c0f44f3-de23-4b4a-bf47-41d96516bcbc,Snake2,99,5,1
d49fb226-b24f-4cfe-89ed-cb4333062241,10,94ab3b15-e206-4451-9e74-72273b99c2e1,Snake3,92,4,1
d49fb226-b24f-4cfe-89ed-cb4333062241,10,43d773ac-8129-4368-adb9-45e4d35fd400,Snake4,100,6,1
d49fb226-b24f-4cfe-89ed-cb4333062241,10,884292b2-32fa-4560-ad79-3c37392bbe6f,Snake1,100,5,1
d49fb226-b24f-4cfe-89ed-cb4333062241,10,3c0f44f3-de23-4b4a-bf47-41d96516bcbc,Snake2,99,5,1
d49fb226-b24f-4cfe-89ed-cb4333062241,10,94ab3b15-e206-4451-9e74-72273b99c2e1,Snake3,92,4,1
d49fb226-b24f-4cfe-89ed-cb4333062241,10,43d773ac-8129-4368-adb9-45e4d35fd400,Snake4,100,6,1
d49fb226-b24f-4cfe-89ed-cb4333062241,11,884292b2-32fa-4560-ad79-3c37392bbe6f,Snake1,100,6,1
d49fb226-b24f-4cfe-89ed-cb4333062241,11,3c0f44f3-de23-4b4a-bf47-41d96516bcbc,Snake2,98,5,1
d49fb226-b24f-4cfe-89ed-cb4333062241,11,94ab3b15-e206-4451-9e74-72273b99c2e1,Snake3,91,4,1
d49fb226-b24f-4cfe-89ed-cb4333062241,11,43d773ac-8129-4368-adb9-45e4d35fd400,Snake4,99,6,1
d49fb226-b24f-4cfe-89ed-cb4333062241,11,884292b2-32fa-4560-ad79-3c37392bbe6f,Snake1,100,6,1
d49fb226-b24f-4cfe-89ed-cb4333062241,11,3c0f44f3-de23-4b4a-bf47-41d96516bcbc,Snake2,98,5,1
d49fb226-b24f-4cfe-89ed-cb4333062241,11,94ab3b15-e206-4451-9e74-72273b99c2e1,Snake3,91,4,1
d49fb226-b24f-4cfe-89ed-cb4333062241,11,43d773ac-8129-4368-adb9-45e4d35fd400,Snake4,99,6,1
d49fb226-b24f-4cfe-89ed-cb4333062241,12,884292b2-32fa-4560-ad79-3c37392bbe6f,Snake1,99,6,1
d49fb226-b24f-4cfe-89ed-cb4333062241,12,3c0f44f3-de23-4b4a-bf47-41d96516bcbc,Snake2,100,6,1
d49fb226-b24f-4cfe-89ed-cb4333062241,12,94ab3b15-e206-4451-9e74-72273b99c2e1,Snake3,90,4,1
d49fb226-b24f-4cfe-89ed-cb4333062241,12,43d773ac-8129-4368-adb9-45e4d35fd400,Snake4,98,6,1
d49fb226-b24f-4cfe-89ed-cb4333062241,12,884292b2-32fa-4560-ad79-3c37392bbe6f,Snake1,99,6,1
d49fb226-b24f-4cfe-89ed-cb4333062241,12,3c0f44f3-de23-4b4a-bf47-41d96516bcbc,Snake2,100,6,1
d49fb226-b24f-4cfe-89ed-cb4333062241,12,94ab3b15-e206-4451-9e74-72273b99c2e1,Snake3,90,4,1
d49fb226-b24f-4cfe-89ed-cb4333062241,12,43d773ac-8129-4368-adb9-45e4d35fd400,Snake4,98,6,1
d49fb226-b24f-4cfe-89ed-cb4333062241,12,884292b2-32fa-4560-ad79-3c37392bbe6f,Snake1,99,6,1
d49fb226-b24f-4cfe-89ed-cb4333062241,12,3c0f44f3-de23-4b4a-bf47-41d96516bcbc,Snake2,100,6,1
d49fb226-b24f-4cfe-89ed-cb4333062241,12,94ab3b15-e206-4451-9e74-72273b99c2e1,Snake3,90,4,1
d49fb226-b24f-4cfe-89ed-cb4333062241,12,43d773ac-8129-4368-adb9-45e4d35fd400,Snake4,98,6,1
d49fb226-b24f-4cfe-89ed-cb4333062241,12,884292b2-32fa-4560-ad79-3c37392bbe6f,Snake1,99,6,1
d49fb226-b24f-4cfe-89ed-cb4333062241,12,3c0f44f3-de23-4b4a-bf47-41d96516bcbc,Snake2,100,6,1
d49fb226-b24f-4cfe-89ed-cb4333062241,12,94ab3b15-e206-4451-9e74-72273b99c2e1,Snake3,90,4,1
d49fb226-b24f-4cfe-89ed-cb4333062241,12,43d773ac-8129-4368-adb9-45e4d35fd400,Snake4,98,6,1
d49fb226-b24f-4cfe-89ed-cb4333062241,13,884292b2-32fa-4560-ad79-3c37392bbe6f,Snake1,98,6,1
d49fb226-b24f-4cfe-89ed-cb4333062241,13,3c0f44f3-de23-4b4a-bf47-41d96516bcbc,Snake2,99,6,1
d49fb226-b24f-4cfe-89ed-cb4333062241,13,94ab3b15-e206-4451-9e74-72273b99c2e1,Snake3,89,4,1
d49fb226-b24f-4cfe-89ed-cb4333062241,13,43d773ac-8129-4368-adb9-45e4d35fd400,Snake4,97,6,1
d49fb226-b24f-4cfe-89ed-cb4333062241,13,884292b2-32fa-4560-ad79-3c37392bbe6f,Snake1,98,6,1
d49fb226-b24f-4cfe-89ed-cb4333062241,13,3c0f44f3-de23-4b4a-bf47-41d96516bcbc,Snake2,99,6,1
d49fb226-b24f-4cfe-89ed-cb4333062241,13,94ab3b15-e206-4451-9e74-72273b99c2e1,Snake3,89,4,1
d49fb226-b24f-4cfe-89ed-cb4333062241,13,43d773ac-8129-4368-adb9-45e4d35fd400,Snake4,97,6,1
d49fb226-b24f-4cfe-89ed-cb4333062241,13,884292b2-32fa-4560-ad79-3c37392bbe6f,Snake1,98,6,1
d49fb226-b24f-4cfe-89ed-cb4333062241,13,3c0f44f3-de23-4b4a-bf47-41d96516bcbc,Snake2,99,6,1
d49fb226-b24f-4cfe-89ed-cb4333062241,13,94ab3b15-e206-4451-9e74-72273b99c2e1,Snake3,89,4,1
d49fb226-b24f-4cfe-89ed-cb4333062241,13,43d773ac-8129-4368-adb9-45e4d35fd400,Snake4,97,6,1
d49fb226-b24f-4cfe-89ed-cb4333062241,14,884292b2-32fa-4560-ad79-3c37392bbe6f,Snake1,97,6,1
d49fb226-b24f-4cfe-89ed-cb4333062241,14,3c0f44f3-de23-4b4a-bf47-41d96516bcbc,Snake2,98,6,1
d49fb226-b24f-4cfe-89ed-cb4333062241,14,94ab3b15-e206-4451-9e74-72273b99c2e1,Snake3,88,4,1
d49fb226-b24f-4cfe-89ed-cb4333062241,14,43d773ac-8129-4368-adb9-45e4d35fd400,Snake4,96,6,1
d49fb226-b24f-4cfe-89ed-cb4333062241,14,884292b2-32fa-4560-ad79-3c37392bbe6f,Snake1,97,6,1
d49fb226-b24f-4cfe-89ed-cb4333062241,14,3c0f44f3-de23-4b4a-bf47-41d96516bcbc,Snake2,98,6,1
d49fb226-b24f-4cfe-89ed-cb4333062241,14,94ab3b15-e206-4451-9e74-72273b99c2e1,Snake3,88,4,1
d49fb226-b24f-4cfe-89ed-cb4333062241,14,43d773ac-8129-4368-adb9-45e4d35fd400,Snake4,96,6,1
d49fb226-b24f-4cfe-89ed-cb4333062241,14,884292b2-32fa-4560-ad79-3c37392bbe6f,Snake1,97,6,1
d49fb226-b24f-4cfe-89ed-cb4333062241,14,3c0f44f3-de23-4b4a-bf47-41d96516bcbc,Snake2,98,6,1
d49fb226-b24f-4cfe-89ed-cb4333062241,14,94ab3b15-e206-4451-9e74-72273b99c2e1,Snake3,88,4,1
d49fb226-b24f-4cfe-89ed-cb4333062241,14,43d773ac-8129-4368-adb9-45e4d35fd400,Snake4,96,6,1
d49fb226-b24f-4cfe-89ed-cb4333062241,14,884292b2-32fa-4560-ad79-3c37392bbe6f,Snake1,97,6,1
d49fb226-b24f-4cfe-89ed-cb4333062241,14,3c0f44f3-de23-4b4a-bf47-41d96516bcbc,Snake2,98,6,1
d49fb226-b24f-4cfe-89ed-cb4333062241,14,94ab3b15-e206-4451-9e74-72273b99c2e1,Snake3,88,4,1
d49fb226-b24f-4cfe-89ed-cb4333062241,14,43d773ac-8129-4368-adb9-45e4d35fd400,Snake4,96,6,1
d49fb226-b24f-4cfe-89ed-cb4333062241,15,884292b2-32fa-4560-ad79-3c37392bbe6f,Snake1,96,6,1
d49fb226-b24f-4cfe-89ed-cb4333062241,15,3c0f44f3-de23-4b4a-bf47-41d96516bcbc,Snake2,97,6,1
d49fb226-b24f-4cfe-89ed-cb4333062241,15,94ab3b15-e206-4451-9e74-72273b99c2e1,Snake3,87,4,1
d49fb226-b24f-4cfe-89ed-cb4333062241,15,43d773ac-8129-4368-adb9-45e4d35fd400,Snake4,95,6,1
d49fb226-b24f-4cfe-89ed-cb4333062241,15,884292b2-32fa-4560-ad79-3c37392bbe6f,Snake1,96,6,1
d49fb226-b24f-4cfe-89ed-cb4333062241,15,3c0f44f3-de23-4b4a-bf47-41d96516bcbc,Snake2,97,6,1
d49fb226-b24f-4cfe-89ed-cb4333062241,15,94ab3b15-e206-4451-9e74-72273b99c2e1,Snake3,87,4,1
d49fb226-b24f-4cfe-89ed-cb4333062241,15,43d773ac-8129-4368-adb9-45e4d35fd400,Snake4,95,6,1
d49fb226-b24f-4cfe-89ed-cb4333062241,15,884292b2-32fa-4560-ad79-3c37392bbe6f,Snake1,96,6,1
d49fb226-b24f-4cfe-89ed-cb4333062241,15,3c0f44f3-de23-4b4a-bf47-41d96516bcbc,Snake2,97,6,1
d49fb226-b24f-4cfe-89ed-cb4333062241,15,94ab3b15-e206-4451-9e74-72273b99c2e1,Snake3,87,4,1
d49fb226-b24f-4cfe-89ed-cb4333062241,15,43d773ac-8129-4368-adb9-45e4d35fd400,Snake4,95,6,1
d49fb226-b24f-4cfe-89ed-cb4333062241,15,884292b2-32fa-4560-ad79-3c37392bbe6f,Snake1,96,6,1
d49fb226-b24f-4cfe-89ed-cb4333062241,15,3c0f44f3-de23-4b4a-bf47-41d96516bcbc,Snake2,97,6,1
d49fb226-b24f-4cfe-89ed-cb4333062241,15,94ab3b15-e206-4451-9e74-72273b99c2e1,Snake3,87,4,1
d49fb226-b24f-4cfe-89ed-cb4333062241,15,43d773ac-8129-4368-adb9-45e4d35fd400,Snake4,95,6,1
d49fb226-b24f-4cfe-89ed-cb4333062241,16,884292b2-32fa-4560-ad79-3c37392bbe6f,Snake1,95,6,1
d49fb226-b24f-4cfe-89ed-cb4333062241,16,3c0f44f3-de23-4b4a-bf47-41d96516bcbc,Snake2,96,6,1
d49fb226-b24f-4cfe-89ed-cb4333062241,16,94ab3b15-e206-4451-9e74-72273b99c2e1,Snake3,100,5,1
d49fb226-b24f-4cfe-89ed-cb4333062241,16,43d773ac-8129-4368-adb9-45e4d35fd400,Snake4,94,6,1
d49fb226-b24f-4cfe-89ed-cb4333062241,16,884292b2-32fa-4560-ad79-3c37392bbe6f,Snake1,95,6,1
d49fb226-b24f-4cfe-89ed-cb4333062241,16,3c0f44f3-de23-4b4a-bf47-41d96516bcbc,Snake2,96,6,1
d49fb226-b24f-4cfe-89ed-cb4333062241,16,94ab3b15-e206-4451-9e74-72273b99c2e1,Snake3,100,5,1
d49fb226-b24f-4cfe-89ed-cb4333062241,16,43d773ac-8129-4368-adb9-45e4d35fd400,Snake4,94,6,1
d49fb226-b24f-4cfe-89ed-cb4333062241,16,884292b2-32fa-4560-ad79-3c37392bbe6f,Snake1,95,6,1
d49fb226-b24f-4cfe-89ed-cb4333062241,16,3c0f44f3-de23-4b4a-bf47-41d96516bcbc,Snake2,96,6,1
d49fb226-b24f-4cfe-89ed-cb4333062241,16,94ab3b15-e206-4451-9e74-72273b99c2e1,Snake3,100,5,1
d49fb226-b24f-4cfe-89ed-cb4333062241,16,43d773ac-8129-4368-adb9-45e4d35fd400,Snake4,94,6,1
d49fb226-b24f-4cfe-89ed-cb4333062241,16,884292b2-32fa-4560-ad79-3c37392bbe6f,Snake1,95,6,1
d49fb226-b24f-4cfe-89ed-cb4333062241,16,3c0f44f3-de23-4b4a-bf47-41d96516bcbc,Snake2,96,6,1
d49fb226-b24f-4cfe-89ed-cb4333062241,16,94ab3b15-e206-4451-9e74-72273b99c2e1,Snake3,100,5,1
d49fb226-b24f-4cfe-89ed-cb4333062241,16,43d773ac-8129-4368-adb9-45e4d35fd400,Snake4,94,6,1
d49fb226-b24f-4cfe-89ed-cb4333062241,17,884292b2-32fa-4560-ad79-3c37392bbe6f,Snake1,94,6,1
d49fb226-b24f-4cfe-89ed-cb4333062241,17,3c0f44f3-de23-4b4a-bf47-41d96516bcbc,Snake2,95,6,1
d49fb226-b24f-4cfe-89ed-cb4333062241,17,94ab3b15-e206-4451-9e74-72273b99c2e1,Snake3,99,5,1
d49fb226-b24f-4cfe-89ed-cb4333062241,17,43d773ac-8129-4368-adb9-45e4d35fd400,Snake4,100,7,1
d49fb226-b24f-4cfe-89ed-cb4333062241,17,884292b2-32fa-4560-ad79-3c37392bbe6f,Snake1,94,6,1
d49fb226-b24f-4cfe-89ed-cb4333062241,17,3c0f44f3-de23-4b4a-bf47-41d96516bcbc,Snake2,95,6,1
d49fb226-b24f-4cfe-89ed-cb4333062241,17,94ab3b15-e206-4451-9e74-72273b99c2e1,Snake3,99,5,1
d49fb226-b24f-4cfe-89ed-cb4333062241,17,43d773ac-8129-4368-adb9-45e4d35fd400,Snake4,100,7,1
d49fb226-b24f-4cfe-89ed-cb4333062241,17,884292b2-32fa-4560-ad79-3c37392bbe6f,Snake1,94,6,1
d49fb226-b24f-4cfe-89ed-cb4333062241,17,3c0f44f3-de23-4b4a-bf47-41d96516bcbc,Snake2,95,6,1
d49fb226-b24f-4cfe-89ed-cb4333062241,17,94ab3b15-e206-4451-9e74-72273b99c2e1,Snake3,99,5,1
d49fb226-b24f-4cfe-89ed-cb4333062241,17,43d773ac-8129-4368-adb9-45e4d35fd400,Snake4,100,7,1
d49fb226-b24f-4cfe-89ed-cb4333062241,17,884292b2-32fa-4560-ad79-3c37392bbe6f,Snake1,94,6,1
d49fb226-b24f-4cfe-89ed-cb4333062241,17,3c0f44f3-de23-4b4a-bf47-41d96516bcbc,Snake2,95,6,1
d49fb226-b24f-4cfe-89ed-cb4333062241,17,94ab3b15-e206-4451-9e74-72273b99c2e1,Snake3,99,5,1
d49fb226-b24f-4cfe-89ed-cb4333062241,17,43d773ac-8129-4368-adb9-45e4d35fd400,Snake4,100,7,1
d49fb226-b24f-4cfe-89ed-cb4333062241,18,884292b2-32fa-4560-ad79-3c37392bbe6f,Snake1,93,6,1
d49fb226-b24f-4cfe-89ed-cb4333062241,18,3c0f44f3-de23-4b4a-bf47-41d96516bcbc,Snake2,100,7,1
d49fb226-b24f-4cfe-89ed-cb4333062241,18,94ab3b15-e206-4451-9e74-72273b99c2e1,Snake3,98,5,1
d49fb226-b24f-4cfe-89ed-cb4333062241,18,43d773ac-8129-4368-adb9-45e4d35fd400,Snake4,99,7,1
d49fb226-b24f-4cfe-89ed-cb4333062241,18,884292b2-32fa-4560-ad79-3c37392bbe6f,Snake1,93,6,1
d49fb226-b24f-4cfe-89ed-cb4333062241,18,3c0f44f3-de23-4b4a-bf47-41d96516bcbc,Snake2,100,7,1
d49fb226-b24f-4cfe-89ed-cb4333062241,18,94ab3b15-e206-4451-9e74-72273b99c2e1,Snake3,98,5,1
d49fb226-b24f-4cfe-89ed-cb4333062241,18,43d773ac-8129-4368-adb9-45e4d35fd400,Snake4,99,7,1
d49fb226-b24f-4cfe-89ed-cb4333062241,18,884292b2-32fa-4560-ad79-3c37392bbe6f,Snake1,93,6,1
d49fb226-b24f-4cfe-89ed-cb4333062241,18,3c0f44f3-de23-4b4a-bf47-41d96516bcbc,Snake2,100,7,1
d49fb226-b24f-4cfe-89ed-cb4333062241,18,94ab3b15-e206-4451-9e74-72273b99c2e1,Snake3,98,5,1
d49fb226-b24f-4cfe-89ed-cb4333062241,18,43d773ac-8129-4368-adb9-45e4d35fd400,Snake4,99,7,1
d49fb226-b24f-4cfe-89ed-cb4333062241,18,884292b2-32fa-4560-ad79-3c37392bbe6f,Snake1,93,6,1
d49fb226-b24f-4cfe-89ed-cb4333062241,18,3c0f44f3-de23-4b4a-bf47-41d96516bcbc,Snake2,100,7,1
d49fb226-b24f-4cfe-89ed-cb4333062241,18,94ab3b15-e206-4451-9e74-72273b99c2e1,Snake3,98,5,1
d49fb226-b24f-4cfe-89ed-cb4333062241,18,43d773ac-8129-4368-adb9-45e4d35fd400,Snake4,99,7,1
d49fb226-b24f-4cfe-89ed-cb4333062241,19,884292b2-32fa-4560-ad79-3c37392bbe6f,Snake1,92,6,1
d49fb226-b24f-4cfe-89ed-cb4333062241,19,3c0f44f3-de23-4b4a-bf47-41d96516bcbc,Snake2,99,7,1
d49fb226-b24f-4cfe-89ed-cb4333062241,19,94ab3b15-e206-4451-9e74-72273b99c2e1,Snake3,97,5,1
d49fb226-b24f-4cfe-89ed-cb4333062241,19,43d773ac-8129-4368-adb9-45e4d35fd400,Snake4,98,7,1
d49fb226-b24f-4cfe-89ed-cb4333062241,19,884292b2-32fa-4560-ad79-3c37392bbe6f,Snake1,92,6,1
d49fb226-b24f-4cfe-89ed-cb4333062241,19,3c0f44f3-de23-4b4a-bf47-41d96516bcbc,Snake2,99,7,1
d49fb226-b24f-4cfe-89ed-cb4333062241,19,94ab3b15-e206-4451-9e74-72273b99c2e1,Snake3,97,5,1
d49fb226-b24f-4cfe-89ed-cb4333062241,19,43d773ac-8129-4368-adb9-45e4d35fd400,Snake4,98,7,1
d49fb226-b24f-4cfe-89ed-cb4333062241,19,884292b2-32fa-4560-ad79-3c37392bbe6f,Snake1,92,6,1
d49fb226-b24f-4cfe-89ed-cb4333062241,19,3c0f44f3-de23-4b4a-bf47-41d96516bcbc,Snake2,99,7,1
d49fb226-b24f-4cfe-89ed-cb4333062241,19,94ab3b15-e206-4451-9e74-72273b99c2e1,Snake3,97,5,1
d49fb226-b24f-4cfe-89ed-cb4333062241,19,43d773ac-8129-4368-adb9-45e4d35fd400,Snake4,98,7,1
d49fb226-b24f-4cfe-89ed-cb4333062241,20,884292b2-32fa-4560-ad79-3c37392bbe6f,Snake1,91,6,1
d49fb226-b24f-4cfe-89ed-cb4333062241,20,3c0f44f3-de23-4b4a-bf47-41d96516bcbc,Snake2,98,7,1
d49fb226-b24f-4cfe-89ed-cb4333062241,20,94ab3b15-e206-4451-9e74-72273b99c2e1,Snake3,96,5,1
d49fb226-b24f-4cfe-89ed-cb4333062241,20,43d773ac-8129-4368-adb9-45e4d35fd400,Snake4,97,7,1
d49fb226-b24f-4cfe-89ed-cb4333062241,20,884292b2-32fa-4560-ad79-3c37392bbe6f,Snake1,91,6,1
d49fb226-b24f-4cfe-89ed-cb4333062241,20,3c0f44f3-de23-4b4a-bf47-41d96516bcbc,Snake2,98,7,1
d49fb226-b24f-4cfe-89ed-cb4333062241,20,94ab3b15-e206-4451-9e74-72273b99c2e1,Snake3,96,5,1
d49fb226-b24f-4cfe-89ed-cb4333062241,20,43d773ac-8129-4368-adb9-45e4d35fd400,Snake4,97,7,1
d49fb226-b24f-4cfe-89ed-cb4333062241,20,884292b2-32fa-4560-ad79-3c37392bbe6f,Snake1,91,6,1
d49fb226-b24f-4cfe-89ed-cb4333062241,20,3c0f44f3-de23-4b4a-bf47-41d96516bcbc,Snake2,98,7,1
d49fb226-b24f-4cfe-89ed-cb4333062241,20,94ab3b15-e206-4451-9e74-72273b99c2e1,Snake3,96,5,1
d49fb226-b24f-4cfe-89ed-cb4333062241,20,43d773ac-8129-4368-adb9-45e4d35fd400,Snake4,97,7,1
d49fb226-b24f-4cfe-89ed-cb4333062241,20,884292b2-32fa-4560-ad79-3c37392bbe6f,Snake1,91,6,1
d49fb226-b24f-4cfe-89ed-cb4333062241,20,3c0f44f3-de23-4b4a-bf47-41d96516bcbc,Snake2,98,7,1
d49fb226-b24f-4cfe-89ed-cb4333062241,20,94ab3b15-e206-4451-9e74-72273b99c2e1,Snake3,96,5,1
d49fb226-b24f-4cfe-89ed-cb4333062241,20,43d773ac-8129-4368-adb9-45e4d35fd400,Snake4,97,7,1
d49fb226-b24f-4cfe-89ed-cb4333062241,21,884292b2-32fa-4560-ad79-3c37392bbe6f,Snake1,90,6,1
d49fb226-b24f-4cfe-89ed-cb4333062241,21,3c0f44f3-de23-4b4a-bf47-41d96516bcbc,Snake2,97,7,1
d49fb226-b24f-4cfe-89ed-cb4333062241,21,94ab3b15-e206-4451-9e74-72273b99c2e1,Snake3,95,5,1
d49fb226-b24f-4cfe-89ed-cb4333062241,21,43d773ac-8129-4368-adb9-45e4d35fd400,Snake4,96,7,1
d49fb226-b24f-4cfe-89ed-cb4333062241,21,884292b2-32fa-4560-ad79-3c37392bbe6f,Snake1,90,6,1
d49fb226-b24f-4cfe-89ed-cb4333062241,21,3c0f44f3-de23-4b4a-bf47-41d96516bcbc,Snake2,97,7,1
d49fb226-b24f-4cfe-89ed-cb4333062241,21,94ab3b15-e206-4451-9e74-72273b99c2e1,Snake3,95,5,1
d49fb226-b24f-4cfe-89ed-cb4333062241,21,43d773ac-8129-4368-adb9-45e4d35fd400,Snake4,96,7,1
d49fb226-b24f-4cfe-89ed-cb4333062241,21,884292b2-32fa-4560-ad79-3c37392bbe6f,Snake1,90,6,1
d49fb226-b24f-4cfe-89ed-cb4333062241,21,3c0f44f3-de23-4b4a-bf47-41d96516bcbc,Snake2,97,7,1
d49fb226-b24f-4cfe-89ed-cb4333062241,21,94ab3b15-e206-4451-9e74-72273b99c2e1,Snake3,95,5,1
d49fb226-b24f-4cfe-89ed-cb4333062241,21,43d773ac-8129-4368-adb9-45e4d35fd400,Snake4,96,7,1
d49fb226-b24f-4cfe-89ed-cb4333062241,21,884292b2-32fa-4560-ad79-3c37392bbe6f,Snake1,90,6,1
d49fb226-b24f-4cfe-89ed-cb4333062241,21,3c0f44f3-de23-4b4a-bf47-41d96516bcbc,Snake2,97,7,1
d49fb226-b24f-4cfe-89ed-cb4333062241,21,94ab3b15-e206-4451-9e74-72273b99c2e1,Snake3,95,5,1
d49fb226-b24f-4cfe-89ed-cb4333062241,21,43d773ac-8129-4368-adb9-45e4d35fd400,Snake4,96,7,1
d49fb226-b24f-4cfe-89ed-cb4333062241,22,884292b2-32fa-4560-ad79-3c37392bbe6f,Snake1,89,6,1
d49fb226-b24f-4cfe-89ed-cb4333062241,22,3c0f44f3-de23-4b4a-bf47-41d96516bcbc,Snake2,96,7,1
d49fb226-b24f-4cfe-89ed-cb4333062241,22,94ab3b15-e206-4451-9e74-72273b99c2e1,Snake3,94,5,1
d49fb226-b24f-4cfe-89ed-cb4333062241,22,43d773ac-8129-4368-adb9-45e4d35fd400,Snake4,95,7,1
d49fb226-b24f-4cfe-89ed-cb4333062241,22,884292b2-32fa-4560-ad79-3c37392bbe6f,Snake1,89,6,1
d49fb226-b24f-4cfe-89ed-cb4333062241,22,3c0f44f3-de23-4b4a-bf47-41d96516bcbc,Snake2,96,7,1
d49fb226-b24f-4cfe-89ed-cb4333062241,22,94ab3b15-e206-4451-9e74-72273b99c2e1,Snake3,94,5,1
d49fb226-b24f-4cfe-89ed-cb4333062241,22,43d773ac-8129-4368-adb9-45e4d35fd400,Snake4,95,7,1
d49fb226-b24f-4cfe-89ed-cb4333062241,22,884292b2-32fa-4560-ad79-3c37392bbe6f,Snake1,89,6,1
d49fb226-b24f-4cfe-89ed-cb4333062241,22,3c0f44f3-de23-4b4a-bf47-41d96516bcbc,Snake2,96,7,1
d49fb226-b24f-4cfe-89ed-cb4333062241,22,94ab3b15-e206-4451-9e74-72273b99c2e1,Snake3,94,5,1
d49fb226-b24f-4cfe-89ed-cb4333062241,22,43d773ac-8129-4368-adb9-45e4d35fd400,Snake4,95,7,1
d49fb226-b24f-4cfe-89ed-cb4333062241,23,884292b2-32fa-4560-ad79-3c37392bbe6f,Snake1,88,6,1
d49fb226-b24f-4cfe-89ed-cb4333062241,23,3c0f44f3-de23-4b4a-bf47-41d96516bcbc,Snake2,95,7,1
d49fb226-b24f-4cfe-89ed-cb4333062241,23,94ab3b15-e206-4451-9e74-72273b99c2e1,Snake3,93,5,1
d49fb226-b24f-4cfe-89ed-cb4333062241,23,43d773ac-8129-4368-adb9-45e4d35fd400,Snake4,100,8,1
d49fb226-b24f-4cfe-89ed-cb4333062241,23,884292b2-32fa-4560-ad79-3c37392bbe6f,Snake1,88,6,1
d49fb226-b24f-4cfe-89ed-cb4333062241,23,3c0f44f3-de23-4b4a-bf47-41d96516bcbc,Snake2,95,7,1
d49fb226-b24f-4cfe-89ed-cb4333062241,23,94ab3b15-e206-4451-9e74-72273b99c2e1,Snake3,93,5,1
d49fb226-b24f-4cfe-89ed-cb4333062241,23,43d773ac-8129-4368-adb9-45e4d35fd400,Snake4,100,8,1
d49fb226-b24f-4cfe-89ed-cb4333062241,23,884292b2-32fa-4560-ad79-3c37392bbe6f,Snake1,88,6,1
d49fb226-b24f-4cfe-89ed-cb4333062241,23,3c0f44f3-de23-4b4a-bf47-41d96516bcbc,Snake2,95,7,1
d49fb226-b24f-4cfe-89ed-cb4333062241,23,94ab3b15-e206-4451-9e74-72273b99c2e1,Snake3,93,5,1
d49fb226-b24f-4cfe-89ed-cb4333062241,23,43d773ac-8129-4368-adb9-45e4d35fd400,Snake4,100,8,1
d49fb226-b24f-4cfe-89ed-cb4333062241,23,884292b2-32fa-4560-ad79-3c37392bbe6f,Snake1,88,6,1
d49fb226-b24f-4cfe-89ed-cb4333062241,23,3c0f44f3-de23-4b4a-bf47-41d96516bcbc,Snake2,95,7,1
d49fb226-b24f-4cfe-89ed-cb4333062241,23,94ab3b15-e206-4451-9e74-72273b99c2e1,Snake3,93,5,1
d49fb226-b24f-4cfe-89ed-cb4333062241,23,43d773ac-8129-4368-adb9-45e4d35fd400,Snake4,100,8,1
d49fb226-b24f-4cfe-89ed-cb4333062241,24,884292b2-32fa-4560-ad79-3c37392bbe6f,Snake1,87,6,1
d49fb226-b24f-4cfe-89ed-cb4333062241,24,3c0f44f3-de23-4b4a-bf47-41d96516bcbc,Snake2,94,7,1
d49fb226-b24f-4cfe-89ed-cb4333062241,24,94ab3b15-e206-4451-9e74-72273b99c2e1,Snake3,92,5,1
d49fb226-b24f-4cfe-89ed-cb4333062241,24,43d773ac-8129-4368-adb9-45e4d35fd400,Snake4,99,8,1
d49fb226-b24f-4cfe-89ed-cb4333062241,24,884292b2-32fa-4560-ad79-3c37392bbe6f,Snake1,87,6,1
d49fb226-b24f-4cfe-89ed-cb4333062241,24,3c0f44f3-de23-4b4a-bf47-41d96516bcbc,Snake2,94,7,1
d49fb226-b24f-4cfe-89ed-cb4333062241,24,94ab3b15-e206-4451-9e74-72273b99c2e1,Snake3,92,5,1
d49fb226-b24f-4cfe-89ed-cb4333062241,24,43d773ac-8129-4368-adb9-45e4d35fd400,Snake4,99,8,1
d49fb226-b24f-4cfe-89ed-cb4333062241,24,884292b2-32fa-4560-ad79-3c37392bbe6f,Snake1,87,6,1
d49fb226-b24f-4cfe-89ed-cb4333062241,24,3c0f44f3-de23-4b4a-bf47-41d96516bcbc,Snake2,94,7,1
d49fb226-b24f-4cfe-89ed-cb4333062241,24,94ab3b15-e206-4451-9e74-72273b99c2e1,Snake3,92,5,1
d49fb226-b24f-4cfe-89ed-cb4333062241,24,43d773ac-8129-4368-adb9-45e4d35fd400,Snake4,99,8,1
d49fb226-b24f-4cfe-89ed-cb4333062241,24,884292b2-32fa-4560-ad79-3c37392bbe6f,Snake1,87,6,1
d49fb226-b24f-4cfe-89ed-cb4333062241,24,3c0f44f3-de23-4b4a-bf47-41d96516bcbc,Snake2,94,7,1
d49fb226-b24f-4cfe-89ed-cb4333062241,24,94ab3b15-e206-4451-9e74-72273b99c2e1,Snake3,92,5,1
d49fb226-b24f-4cfe-89ed-cb4333062241,24,43d773ac-8129-4368-adb9-45e4d35fd400,Snake4,99,8,1
d49fb226-b24f-4cfe-89ed-cb4333062241,25,884292b2-32fa-4560-ad79-3c37392bbe6f,Snake1,86,6,1
d49fb226-b24f-4cfe-89ed-cb4333062241,25,3c0f44f3-de23-4b4a-bf47-41d96516bcbc,Snake2,93,7,1
d49fb226-b24f-4cfe-89ed-cb4333062241,25,94ab3b15-e206-4451-9e74-72273b99c2e1,Snake3,91,5,1
d49fb226-b24f-4cfe-89ed-cb4333062241,25,43d773ac-8129-4368-adb9-45e4d35fd400,Snake4,98,8,1
d49fb226-b24f-4cfe-89ed-cb4333062241,25,884292b2-32fa-4560-ad79-3c37392bbe6f,Snake1,86,6,1
d49fb226-b24f-4cfe-89ed-cb4333062241,25,3c0f44f3-de23-4b4a-bf47-41d96516bcbc,Snake2,93,7,1
d49fb226-b24f-4cfe-89ed-cb4333062241,25,94ab3b15-e206-4451-9e74-72273b99c2e1,Snake3,91,5,1
d49fb226-b24f-4cfe-89ed-cb4333062241,25,43d773ac-8129-4368-adb9-45e4d35fd400,Snake4,98,8,1
d49fb226-b24f-4cfe-89ed-cb4333062241,25,884292b2-32fa-4560-ad79-3c37392bbe6f,Snake1,86,6,1
d49fb226-b24f-4cfe-89ed-cb4333062241,25,3c0f44f3-de23-4b4a-bf47-41d96516bcbc,Snake2,93,7,1
d49fb226-b24f-4cfe-89ed-cb4333062241,25,94ab3b15-e206-4451-9e74-72273b99c2e1,Snake3,91,5,1
d49fb226-b24f-4cfe-89ed-cb4333062241,25,43d773ac-8129-4368-adb9-45e4d35fd400,Snake4,98,8,1
d49fb226-b24f-4cfe-89ed-cb4333062241,26,884292b2-32fa-4560-ad79-3c37392bbe6f,Snake1,85,6,1
d49fb226-b24f-4cfe-89ed-cb4333062241,26,3c0f44f3-de23-4b4a-bf47-41d96516bcbc,Snake2,92,7,1
d49fb226-b24f-4cfe-89ed-cb4333062241,26,94ab3b15-e206-4451-9e74-72273b99c2e1,Snake3,90,5,1
d49fb226-b24f-4cfe-89ed-cb4333062241,26,43d773ac-8129-4368-adb9-45e4d35fd400,Snake4,97,8,1
d49fb226-b24f-4cfe-89ed-cb4333062241,26,884292b2-32fa-4560-ad79-3c37392bbe6f,Snake1,85,6,1
d49fb226-b24f-4cfe-89ed-cb4333062241,26,3c0f44f3-de23-4b4a-bf47-41d96516bcbc,Snake2,92,7,1
d49fb226-b24f-4cfe-89ed-cb4333062241,26,94ab3b15-e206-4451-9e74-72273b99c2e1,Snake3,90,5,1
d49fb226-b24f-4cfe-89ed-cb4333062241,26,43d773ac-8129-4368-adb9-45e4d35fd400,Snake4,97,8,1
d49fb226-b24f-4cfe-89ed-cb4333062241,26,884292b2-32fa-4560-ad79-3c37392bbe6f,Snake1,85,6,1
d49fb226-b24f-4cfe-89ed-cb4333062241,26,3c0f44f3-de23-4b4a-bf47-41d96516bcbc,Snake2,92,7,1
d49fb226-b24f-4cfe-89ed-cb4333062241,26,94ab3b15-e206-4451-9e74-72273b99c2e1,Snake3,90,5,1
d49fb226-b24f-4cfe-89ed-cb4333062241,26,43d773ac-8129-4368-adb9-45e4d35fd400,Snake4,97,8,1
d49fb226-b24f-4cfe-89ed-cb4333062241,27,884292b2-32fa-4560-ad79-3c37392bbe6f,Snake1,84,6,1
d49fb226-b24f-4cfe-89ed-cb4333062241,27,3c0f44f3-de23-4b4a-bf47-41d96516bcbc,Snake2,91,7,1
d49fb226-b24f-4cfe-89ed-cb4333062241,27,94ab3b15-e206-4451-9e74-72273b99c2e1,Snake3,89,5,1
d49fb226-b24f-4cfe-89ed-cb4333062241,27,43d773ac-8129-4368-adb9-45e4d35fd400,Snake4,100,9,1
d49fb226-b24f-4cfe-89ed-cb4333062241,27,884292b2-32fa-4560-ad79-3c37392bbe6f,Snake1,84,6,1
d49fb226-b24f-4cfe-89ed-cb4333062241,27,3c0f44f3-de23-4b4a-bf47-41d96516bcbc,Snake2,91,7,1
d49fb226-b24f-4cfe-89ed-cb4333062241,27,94ab3b15-e206-4451-9e74-72273b99c2e1,Snake3,89,5,1
d49fb226-b24f-4cfe-89ed-cb4333062241,27,43d773ac-8129-4368-adb9-45e4d35fd400,Snake4,100,9,1
d49fb226-b24f-4cfe-89ed-cb4333062241,27,884292b2-32fa-4560-ad79-3c37392bbe6f,Snake1,84,6,1
d49fb226-b24f-4cfe-89ed-cb4333062241,27,3c0f44f3-de23-4b4a-bf47-41d96516bcbc,Snake2,91,7,1
d49fb226-b24f-4cfe-89ed-cb4333062241,27,94ab3b15-e206-4451-9e74-72273b99c2e1,Snake3,89,5,1
d49fb226-b24f-4cfe-89ed-cb4333062241,27,43d773ac-8129-4368-adb9-45e4d35fd400,Snake4,100,9,1
d49fb226-b24f-4cfe-89ed-cb4333062241,27,884292b2-32fa-4560-ad79-3c37392bbe6f,Snake1,84,6,1
d49fb226-b24f-4cfe-89ed-cb4333062241,27,3c0f44f3-de23-4b4a-bf47-41d96516bcbc,Snake2,91,7,1
d49fb226-b24f-4cfe-89ed-cb4333062241,27,94ab3b15-e206-4451-9e74-72273b99c2e1,Snake3,89,5,1
d49fb226-b24f-4cfe-89ed-cb4333062241,27,43d773ac-8129-4368-adb9-45e4d35fd400,Snake4,100,9,1
d49fb226-b24f-4cfe-89ed-cb4333062241,28,884292b2-32fa-4560-ad79-3c37392bbe6f,Snake1,83,6,1
d49fb226-b24f-4cfe-89ed-cb4333062241,28,3c0f44f3-de23-4b4a-bf47-41d96516bcbc,Snake2,90,7,1
d49fb226-b24f-4cfe-89ed-cb4333062241,28,94ab3b15-e206-4451-9e74-72273b99c2e1,Snake3,88,5,1
d49fb226-b24f-4cfe-89ed-cb4333062241,28,43d773ac-8129-4368-adb9-45e4d35fd400,Snake4,99,9,1
d49fb226-b24f-4cfe-89ed-cb4333062241,28,884292b2-32fa-4560-ad79-3c37392bbe6f,Snake1,83,6,1
d49fb226-b24f-4cfe-89ed-cb4333062241,28,3c0f44f3-de23-4b4a-bf47-41d96516bcbc,Snake2,90,7,1
d49fb226-b24f-4cfe-89ed-cb4333062241,28,94ab3b15-e206-4451-9e74-72273b99c2e1,Snake3,88,5,1
d49fb226-b24f-4cfe-89ed-cb4333062241,28,43d773ac-8129-4368-adb9-45e4d35fd400,Snake4,99,9,1
d49fb226-b24f-4cfe-89ed-cb4333062241,28,884292b2-32fa-4560-ad79-3c37392bbe6f,Snake1,83,6,1
d49fb226-b24f-4cfe-89ed-cb4333062241,28,3c0f44f3-de23-4b4a-bf47-41d96516bcbc,Snake2,90,7,1
d49fb226-b24f-4cfe-89ed-cb4333062241,28,94ab3b15-e206-4451-9e74-72273b99c2e1,Snake3,88,5,1
d49fb226-b24f-4cfe-89ed-cb4333062241,28,43d773ac-8129-4368-adb9-45e4d35fd400,Snake4,99,9,1
d49fb226-b24f-4cfe-89ed-cb4333062241,28,884292b2-32fa-4560-ad79-3c37392bbe6f,Snake1,83,6,1
d49fb226-b24f-4cfe-89ed-cb4333062241,28,3c0f44f3-de23-4b4a-bf47-41d96516bcbc,Snake2,90,7,1
d49fb226-b24f-4cfe-89ed-cb4333062241,28,94ab3b15-e206-4451-9e74-72273b99c2e1,Snake3,88,5,1
d49fb226-b24f-4cfe-89ed-cb4333062241,28,43d773ac-8129-4368-adb9-45e4d35fd400,Snake4,99,9,1
d49fb226-b24f-4cfe-89ed-cb4333062241,29,884292b2-32fa-4560-ad79-3c37392bbe6f,Snake1,82,6,1
d49fb226-b24f-4cfe-89ed-cb4333062241,29,94ab3b15-e206-4451-9e74-72273b99c2e1,Snake3,87,5,1
d49fb226-b24f-4cfe-89ed-cb4333062241,29,43d773ac-8129-4368-adb9-45e4d35fd400,Snake4,100,10,1
d49fb226-b24f-4cfe-89ed-cb4333062241,29,3c0f44f3-de23-4b4a-bf47-41d96516bcbc,Snake2,90,7,0
d49fb226-b24f-4cfe-89ed-cb4333062241,29,884292b2-32fa-4560-ad79-3c37392bbe6f,Snake1,82,6,1
d49fb226-b24f-4cfe-89ed-cb4333062241,29,94ab3b15-e206-4451-9e74-72273b99c2e1,Snake3,87,5,1
d49fb226-b24f-4cfe-89ed-cb4333062241,29,43d773ac-8129-4368-adb9-45e4d35fd400,Snake4,100,10,1
d49fb226-b24f-4cfe-89ed-cb4333062241,29,3c0f44f3-de23-4b4a-bf47-41d96516bcbc,Snake2,90,7,0
d49fb226-b24f-4cfe-89ed-cb4333062241,29,884292b2-32fa-4560-ad79-3c37392bbe6f,Snake1,82,6,1
d49fb226-b24f-4cfe-89ed-cb4333062241,29,94ab3b15-e206-4451-9e74-72273b99c2e1,Snake3,87,5,1
d49fb226-b24f-4cfe-89ed-cb4333062241,29,43d773ac-8129-4368-adb9-45e4d35fd400,Snake4,100,10,1
d49fb226-b24f-4cfe-89ed-cb4333062241,29,3c0f44f3-de23-4b4a-bf47-41d96516bcbc,Snake2,90,7,0
d49fb226-b24f-4cfe-89ed-cb4333062241,30,884292b2-32fa-4560-ad79-3c37392bbe6f,Snake1,81,6,1
d49fb226-b24f-4cfe-89ed-cb4333062241,30,94ab3b15-e206-4451-9e74-72273b99c2e1,Snake3,86,5,1
d49fb226-b24f-4cfe-89ed-cb4333062241,30,43d773ac-8129-4368-adb9-45e4d35fd400,Snake4,99,10,1
d49fb226-b24f-4cfe-89ed-cb4333062241,30,3c0f44f3-de23-4b4a-bf47-41d96516bcbc,Snake2,90,7,0
d49fb226-b24f-4cfe-89ed-cb4333062241,30,884292b2-32fa-4560-ad79-3c37392bbe6f,Snake1,81,6,1
d49fb226-b24f-4cfe-89ed-cb4333062241,30,94ab3b15-e206-4451-9e74-72273b99c2e1,Snake3,86,5,1
d49fb226-b24f-4cfe-89ed-cb4333062241,30,43d773ac-8129-4368-adb9-45e4d35fd400,Snake4,99,10,1
d49fb226-b24f-4cfe-89ed-cb4333062241,30,3c0f44f3-de23-4b4a-bf47-41d96516bcbc,Snake2,90,7,0
d49fb226-b24f-4cfe-89ed-cb4333062241,30,884292b2-32fa-4560-ad79-3c37392bbe6f,Snake1,81,6,1
d49fb226-b24f-4cfe-89ed-cb4333062241,30,94ab3b15-e206-4451-9e74-72273b99c2e1,Snake3,86,5,1
d49fb226-b24f-4cfe-89ed-cb4333062241,30,43d773ac-8129-4368-adb9-45e4d35fd400,Snake4,99,10,1
d49fb226-b24f-4cfe-89ed-cb4333062241,30,3c0f44f3-de23-4b4a-bf47-41d96516bcbc,Snake2,90,7,0
d49fb226-b24f-4cfe-89ed-cb4333062241,31,884292b2-32fa-4560-ad79-3c37392bbe6f,Snake1,80,6,1
d49fb226-b24f-4cfe-89ed-cb4333062241,31,94ab3b15-e206-4451-9e74-72273b99c2e1,Snake3,85,5,1
d49fb226-b24f-4cfe-89ed-cb4333062241,31,43d773ac-8129-4368-adb9-45e4d35fd400,Snake4,98,10,1
d49fb226-b24f-4cfe-89ed-cb4333062241,31,3c0f44f3-de23-4b4a-bf47-41d96516bcbc,Snake2,90,7,0
d49fb226-b24f-4cfe-89ed-cb4333062241,31,884292b2-32fa-4560-ad79-3c37392bbe6f,Snake1,80,6,1
d49fb226-b24f-4cfe-89ed-cb4333062241,31,94ab3b15-e206-4451-9e74-72273b99c2e1,Snake3,85,5,1
d49fb226-b24f-4cfe-89ed-cb4333062241,31,43d773ac-8129-4368-adb9-45e4d35fd400,Snake4,98,10,1
d49fb226-b24f-4cfe-89ed-cb4333062241,31,3c0f44f3-de23-4b4a-bf47-41d96516bcbc,Snake2,90,7,0
d49fb226-b24f-4cfe-89ed-cb4333062241,31,884292b2-32fa-4560-ad79-3c37392bbe6f,Snake1,80,6,1
d49fb226-b24f-4cfe-89ed-cb4333062241,31,94ab3b15-e206-4451-9e74-72273b99c2e1,Snake3,85,5,1
d49fb226-b24f-4cfe-89ed-cb4333062241,31,43d773ac-8129-4368-adb9-45e4d35fd400,Snake4,98,10,1
d49fb226-b24f-4cfe-89ed-cb4333062241,31,3c0f44f3-de23-4b4a-bf47-41d96516bcbc,Snake2,90,7,0
d49fb226-b24f-4cfe-89ed-cb4333062241,32,884292b2-32fa-4560-ad79-3c37392bbe6f,Snake1,79,6,1
d49fb226-b24f-4cfe-89ed-cb4333062241,32,94ab3b15-e206-4451-9e74-72273b99c2e1,Snake3,84,5,1
d49fb226-b24f-4cfe-89ed-cb4333062241,32,43d773ac-8129-4368-adb9-45e4d35fd400,Snake4,97,10,1
d49fb226-b24f-4cfe-89ed-cb4333062241,32,3c0f44f3-de23-4b4a-bf47-41d96516bcbc,Snake2,90,7,0
d49fb226-b24f-4cfe-89ed-cb4333062241,32,884292b2-32fa-4560-ad79-3c37392bbe6f,Snake1,79,6,1
d49fb226-b24f-4cfe-89ed-cb4333062241,32,94ab3b15-e206-4451-9e74-72273b99c2e1,Snake3,84,5,1
d49fb226-b24f-4cfe-89ed-cb4333062241,32,43d773ac-8129-4368-adb9-45e4d35fd400,Snake4,97,10,1
d49fb226-b24f-4cfe-89ed-cb4333062241,32,3c0f44f3-de23-4b4a-bf47-41d96516bcbc,Snake2,90,7,0
d49fb226-b24f-4cfe-89ed-cb4333062241,33,884292b2-32fa-4560-ad79-3c37392bbe6f,Snake1,78,6,1
d49fb226-b24f-4cfe-89ed-cb4333062241,33,94ab3b15-e206-4451-9e74-72273b99c2e1,Snake3,100,6,1
d49fb226-b24f-4cfe-89ed-cb4333062241,33,3c0f44f3-de23-4b4a-bf47-41d96516bcbc,Snake2,90,7,0
d49fb226-b24f-4cfe-89ed-cb4333062241,33,43d773ac-8129-4368-adb9-45e4d35fd400,Snake4,97,10,0
d49fb226-b24f-4cfe-89ed-cb4333062241,34,884292b2-32fa-4560-ad79-3c37392bbe6f,Snake1,77,6,1
d49fb226-b24f-4cfe-89ed-cb4333062241,34,94ab3b15-e206-4451-9e74-72273b99c2e1,Snake3,99,6,1
d49fb226-b24f-4cfe-89ed-cb4333062241,34,3c0f44f3-de23-4b4a-bf47-41d96516bcbc,Snake2,90,7,0
d49fb226-b24f-4cfe-89ed-cb4333062241,34,43d773ac-8129-4368-adb9-45e4d35fd400,Snake4,97,10,0
d49fb226-b24f-4cfe-89ed-cb4333062241,35,884292b2-32fa-4560-ad79-3c37392bbe6f,Snake1,76,6,1
d49fb226-b24f-4cfe-89ed-cb4333062241,35,94ab3b15-e206-4451-9e74-72273b99c2e1,Snake3,98,6,1
d49fb226-b24f-4cfe-89ed-cb4333062241,35,3c0f44f3-de23-4b4a-bf47-41d96516bcbc,Snake2,90,7,0
d49fb226-b24f-4cfe-89ed-cb4333062241,35,43d773ac-8129-4368-adb9-45e4d35fd400,Snake4,97,10,0
d49fb226-b24f-4cfe-89ed-cb4333062241,35,884292b2-32fa-4560-ad79-3c37392bbe6f,Snake1,76,6,1
d49fb226-b24f-4cfe-89ed-cb4333062241,35,94ab3b15-e206-4451-9e74-72273b99c2e1,Snake3,98,6,1
d49fb226-b24f-4cfe-89ed-cb4333062241,35,3c0f44f3-de23-4b4a-bf47-41d96516bcbc,Snake2,90,7,0
d49fb226-b24f-4cfe-89ed-cb4333062241,35,43d773ac-8129-4368-adb9-45e4d35fd400,Snake4,97,10,0
d49fb226-b24f-4cfe-89ed-cb4333062241,36,884292b2-32fa-4560-ad79-3c37392bbe6f,Snake1,75,6,1
d49fb226-b24f-4cfe-89ed-cb4333062241,36,94ab3b15-e206-4451-9e74-72273b99c2e1,Snake3,97,6,1
d49fb226-b24f-4cfe-89ed-cb4333062241,36,3c0f44f3-de23-4b4a-bf47-41d96516bcbc,Snake2,90,7,0
d49fb226-b24f-4cfe-89ed-cb4333062241,36,43d773ac-8129-4368-adb9-45e4d35fd400,Snake4,97,10,0
d49fb226-b24f-4cfe-89ed-cb4333062241,36,884292b2-32fa-4560-ad79-3c37392bbe6f,Snake1,75,6,1
d49fb226-b24f-4cfe-89ed-cb4333062241,36,94ab3b15-e206-4451-9e74-72273b99c2e1,Snake3,97,6,1
d49fb226-b24f-4cfe-89ed-cb4333062241,36,3c0f44f3-de23-4b4a-bf47-41d96516bcbc,Snake2,90,7,0
d49fb226-b24f-4cfe-89ed-cb4333062241,36,43d773ac-8129-4368-adb9-45e4d35fd400,Snake4,97,10,0
d49fb226-b24f-4cfe-89ed-cb4333062241,37,884292b2-32fa-4560-ad79-3c37392bbe6f,Snake1,74,6,1
d49fb226-b24f-4cfe-89ed-cb4333062241,37,94ab3b15-e206-4451-9e74-72273b99c2e1,Snake3,96,6,1
d49fb226-b24f-4cfe-89ed-cb4333062241,37,3c0f44f3-de23-4b4a-bf47-41d96516bcbc,Snake2,90,7,0
d49fb226-b24f-4cfe-89ed-cb4333062241,37,43d773ac-8129-4368-adb9-45e4d35fd400,Snake4,97,10,0
d49fb226-b24f-4cfe-89ed-cb4333062241,37,884292b2-32fa-4560-ad79-3c37392bbe6f,Snake1,74,6,1
d49fb226-b24f-4cfe-89ed-cb4333062241,37,94ab3b15-e206-4451-9e74-72273b99c2e1,Snake3,96,6,1
d49fb226-b24f-4cfe-89ed-cb4333062241,37,3c0f44f3-de23-4b4a-bf47-41d96516bcbc,Snake2,90,7,0
d49fb226-b24f-4cfe-89ed-cb4333062241,37,43d773ac-8129-4368-adb9-45e4d35fd400,Snake4,97,10,0
d49fb226-b24f-4cfe-89ed-cb4333062241,38,884292b2-32fa-4560-ad79-3c37392bbe6f,Snake1,73,6,1
d49fb226-b24f-4cfe-89ed-cb4333062241,38,94ab3b15-e206-4451-9e74-72273b99c2e1,Snake3,95,6,1
d49fb226-b24f-4cfe-89ed-cb4333062241,38,3c0f44f3-de23-4b4a-bf47-41d96516bcbc,Snake2,90,7,0
d49fb226-b24f-4cfe-89ed-cb4333062241,38,43d773ac-8129-4368-adb9-45e4d35fd400,Snake4,97,10,0
d49fb226-b24f-4cfe-89ed-cb4333062241,38,884292b2-32fa-4560-ad79-3c37392bbe6f,Snake1,73,6,1
d49fb226-b24f-4cfe-89ed-cb4333062241,38,94ab3b15-e206-4451-9e74-72273b99c2e1,Snake3,95,6,1
d49fb226-b24f-4cfe-89ed-cb4333062241,38,3c0f44f3-de23-4b4a-bf47-41d96516bcbc,Snake2,90,7,0
d49fb226-b24f-4cfe-89ed-cb4333062241,38,43d773ac-8129-4368-adb9-45e4d35fd400,Snake4,97,10,0
d49fb226-b24f-4cfe-89ed-cb4333062241,39,884292b2-32fa-4560-ad79-3c37392bbe6f,Snake1,72,6,1
d49fb226-b24f-4cfe-89ed-cb4333062241,39,94ab3b15-e206-4451-9e74-72273b99c2e1,Snake3,94,6,1
d49fb226-b24f-4cfe-89ed-cb4333062241,39,3c0f44f3-de23-4b4a-bf47-41d96516bcbc,Snake2,90,7,0
d49fb226-b24f-4cfe-89ed-cb4333062241,39,43d773ac-8129-4368-adb9-45e4d35fd400,Snake4,97,10,0
d49fb226-b24f-4cfe-89ed-cb4333062241,39,884292b2-32fa-4560-ad79-3c37392bbe6f,Snake1,72,6,1
d49fb226-b24f-4cfe-89ed-cb4333062241,39,94ab3b15-e206-4451-9e74-72273b99c2e1,Snake3,94,6,1
d49fb226-b24f-4cfe-89ed-cb4333062241,39,3c0f44f3-de23-4b4a-bf47-41d96516bcbc,Snake2,90,7,0
d49fb226-b24f-4cfe-89ed-cb4333062241,39,43d773ac-8129-4368-adb9-45e4d35fd400,Snake4,97,10,0
d49fb226-b24f-4cfe-89ed-cb4333062241,40,884292b2-32fa-4560-ad79-3c37392bbe6f,Snake1,71,6,1
d49fb226-b24f-4cfe-89ed-cb4333062241,40,94ab3b15-e206-4451-9e74-72273b99c2e1,Snake3,93,6,1
d49fb226-b24f-4cfe-89ed-cb4333062241,40,3c0f44f3-de23-4b4a-bf47-41d96516bcbc,Snake2,90,7,0
d49fb226-b24f-4cfe-89ed-cb4333062241,40,43d773ac-8129-4368-adb9-45e4d35fd400,Snake4,97,10,0
d49fb226-b24f-4cfe-89ed-cb4333062241,40,884292b2-32fa-4560-ad79-3c37392bbe6f,Snake1,71,6,1
d49fb226-b24f-4cfe-89ed-cb4333062241,40,94ab3b15-e206-4451-9e74-72273b99c2e1,Snake3,93,6,1
d49fb226-b24f-4cfe-89ed-cb4333062241,40,3c0f44f3-de23-4b4a-bf47-41d96516bcbc,Snake2,90,7,0
d49fb226-b24f-4cfe-89ed-cb4333062241,40,43d773ac-8129-4368-adb9-45e4d35fd400,Snake4,97,10,0
d49fb226-b24f-4cfe-89ed-cb4333062241,41,884292b2-32fa-4560-ad79-3c37392bbe6f,Snake1,70,6,1
d49fb226-b24f-4cfe-89ed-cb4333062241,41,94ab3b15-e206-4451-9e74-72273b99c2e1,Snake3,92,6,1
d49fb226-b24f-4cfe-89ed-cb4333062241,41,3c0f44f3-de23-4b4a-bf47-41d96516bcbc,Snake2,90,7,0
d49fb226-b24f-4cfe-89ed-cb4333062241,41,43d773ac-8129-4368-adb9-45e4d35fd400,Snake4,97,10,0
d49fb226-b24f-4cfe-89ed-cb4333062241,41,884292b2-32fa-4560-ad79-3c37392bbe6f,Snake1,70,6,1
d49fb226-b24f-4cfe-89ed-cb4333062241,41,94ab3b15-e206-4451-9e74-72273b99c2e1,Snake3,92,6,1
d49fb226-b24f-4cfe-89ed-cb4333062241,41,3c0f44f3-de23-4b4a-bf47-41d96516bcbc,Snake2,90,7,0
d49fb226-b24f-4cfe-89ed-cb4333062241,41,43d773ac-8129-4368-adb9-45e4d35fd400,Snake4,97,10,0
d49fb226-b24f-4cfe-89ed-cb4333062241,42,884292b2-32fa-4560-ad79-3c37392bbe6f,Snake1,69,6,1
d49fb226-b24f-4cfe-89ed-cb4333062241,42,94ab3b15-e206-4451-9e74-72273b99c2e1,Snake3,91,6,1
d49fb226-b24f-4cfe-89ed-cb4333062241,42,3c0f44f3-de23-4b4a-bf47-41d96516bcbc,Snake2,90,7,0
d49fb226-b24f-4cfe-89ed-cb4333062241,42,43d773ac-8129-4368-adb9-45e4d35fd400,Snake4,97,10,0
d49fb226-b24f-4cfe-89ed-cb4333062241,42,884292b2-32fa-4560-ad79-3c37392bbe6f,Snake1,69,6,1
d49fb226-b24f-4cfe-89ed-cb4333062241,42,94ab3b15-e206-4451-9e74-72273b99c2e1,Snake3,91,6,1
d49fb226-b24f-4cfe-89ed-cb4333062241,42,3c0f44f3-de23-4b4a-bf47-41d96516bcbc,Snake2,90,7,0
d49fb226-b24f-4cfe-89ed-cb4333062241,42,43d773ac-8129-4368-adb9-45e4d35fd400,Snake4,97,10,0
d49fb226-b24f-4cfe-89ed-cb4333062241,43,884292b2-32fa-4560-ad79-3c37392bbe6f,Snake1,68,6,1
d49fb226-b24f-4cfe-89ed-cb4333062241,43,94ab3b15-e206-4451-9e74-72273b99c2e1,Snake3,90,6,1
d49fb226-b24f-4cfe-89ed-cb4333062241,43,3c0f44f3-de23-4b4a-bf47-41d96516bcbc,Snake2,90,7,0
d49fb226-b24f-4cfe-89ed-cb4333062241,43,43d773ac-8129-4368-adb9-45e4d35fd400,Snake4,97,10,0
d49fb226-b24f-4cfe-89ed-cb4333062241,43,884292b2-32fa-4560-ad79-3c37392bbe6f,Snake1,68,6,1
d49fb226-b24f-4cfe-89ed-cb4333062241,43,94ab3b15-e206-4451-9e74-72273b99c2e1,Snake3,90,6,1
d49fb226-b24f-4cfe-89ed-cb4333062241,43,3c0f44f3-de23-4b4a-bf47-41d96516bcbc,Snake2,90,7,0
d49fb226-b24f-4cfe-89ed-cb4333062241,43,43d773ac-8129-4368-adb9-45e4d35fd400,Snake4,97,10,0
d49fb226-b24f-4cfe-89ed-cb4333062241,44,884292b2-32fa-4560-ad79-3c37392bbe6f,Snake1,67,6,1
d49fb226-b24f-4cfe-89ed-cb4333062241,44,94ab3b15-e206-4451-9e74-72273b99c2e1,Snake3,89,6,1
d49fb226-b24f-4cfe-89ed-cb4333062241,44,3c0f44f3-de23-4b4a-bf47-41d96516bcbc,Snake2,90,7,0
d49fb226-b24f-4cfe-89ed-cb4333062241,44,43d773ac-8129-4368-adb9-45e4d35fd400,Snake4,97,10,0
d49fb226-b24f-4cfe-89ed-cb4333062241,44,884292b2-32fa-4560-ad79-3c37392bbe6f,Snake1,67,6,1
d49fb226-b24f-4cfe-89ed-cb4333062241,44,94ab3b15-e206-4451-9e74-72273b99c2e1,Snake3,89,6,1
d49fb226-b24f-4cfe-89ed-cb4333062241,44,3c0f44f3-de23-4b4a-bf47-41d96516bcbc,Snake2,90,7,0
d49fb226-b24f-4cfe-89ed-cb4333062241,44,43d773ac-8129-4368-adb9-45e4d35fd400,Snake4,97,10,0
d49fb226-b24f-4cfe-89ed-cb4333062241,45,884292b2-32fa-4560-ad79-3c37392bbe6f,Snake1,66,6,1
d49fb226-b24f-4cfe-89ed-cb4333062241,45,94ab3b15-e206-4451-9e74-72273b99c2e1,Snake3,88,6,1
d49fb226-b24f-4cfe-89ed-cb4333062241,45,3c0f44f3-de23-4b4a-bf47-41d96516bcbc,Snake2,90,7,0
d49fb226-b24f-4cfe-89ed-cb4333062241,45,43d773ac-8129-4368-adb9-45e4d35fd400,Snake4,97,10,0
d49fb226-b24f-4cfe-89ed-cb4333062241,45,884292b2-32fa-4560-ad79-3c37392bbe6f,Snake1,66,6,1
d49fb226-b24f-4cfe-89ed-cb4333062241,45,94ab3b15-e206-4451-9e74-72273b99c2e1,Snake3,88,6,1
d49fb226-b24f-4cfe-89ed-cb4333062241,45,3c0f44f3-de23-4b4a-bf47-41d96516bcbc,Snake2,90,7,0
d49fb226-b24f-4cfe-89ed-cb4333062241,45,43d773ac-8129-4368-adb9-45e4d35fd400,Snake4,97,10,0
d49fb226-b24f-4cfe-89ed-cb4333062241,46,884292b2-32fa-4560-ad79-3c37392bbe6f,Snake1,65,6,1
d49fb226-b24f-4cfe-89ed-cb4333062241,46,94ab3b15-e206-4451-9e74-72273b99c2e1,Snake3,87,6,1
d49fb226-b24f-4cfe-89ed-cb4333062241,46,3c0f44f3-de23-4b4a-bf47-41d96516bcbc,Snake2,90,7,0
d49fb226-b24f-4cfe-89ed-cb4333062241,46,43d773ac-8129-4368-adb9-45e4d35fd400,Snake4,97,10,0
d49fb226-b24f-4cfe-89ed-cb4333062241,46,884292b2-32fa-4560-ad79-3c37392bbe6f,Snake1,65,6,1
d49fb226-b24f-4cfe-89ed-cb4333062241,46,94ab3b15-e206-4451-9e74-72273b99c2e1,Snake3,87,6,1
d49fb226-b24f-4cfe-89ed-cb4333062241,46,3c0f44f3-de23-4b4a-bf47-41d96516bcbc,Snake2,90,7,0
d49fb226-b24f-4cfe-89ed-cb4333062241,46,43d773ac-8129-4368-adb9-45e4d35fd400,Snake4,97,10,0
d49fb226-b24f-4cfe-89ed-cb4333062241,47,884292b2-32fa-4560-ad79-3c37392bbe6f,Snake1,64,6,1
d49fb226-b24f-4cfe-89ed-cb4333062241,47,94ab3b15-e206-4451-9e74-72273b99c2e1,Snake3,86,6,1
d49fb226-b24f-4cfe-89ed-cb4333062241,47,3c0f44f3-de23-4b4a-bf47-41d96516bcbc,Snake2,90,7,0
d49fb226-b24f-4cfe-89ed-cb4333062241,47,43d773ac-8129-4368-adb9-45e4d35fd400,Snake4,97,10,0
d49fb226-b24f-4cfe-89ed-cb4333062241,47,884292b2-32fa-4560-ad79-3c37392bbe6f,Snake1,64,6,1
d49fb226-b24f-4cfe-89ed-cb4333062241,47,94ab3b15-e206-4451-9e74-72273b99c2e1,Snake3,86,6,1
d49fb226-b24f-4cfe-89ed-cb4333062241,47,3c0f44f3-de23-4b4a-bf47-41d96516bcbc,Snake2,90,7,0
d49fb226-b24f-4cfe-89ed-cb4333062241,47,43d773ac-8129-4368-adb9-45e4d35fd400,Snake4,97,10,0
d49fb226-b24f-4cfe-89ed-cb4333062241,48,884292b2-32fa-4560-ad79-3c37392bbe6f,Snake1,63,6,1
d49fb226-b24f-4cfe-89ed-cb4333062241,48,94ab3b15-e206-4451-9e74-72273b99c2e1,Snake3,85,6,1
d49fb226-b24f-4cfe-89ed-cb4333062241,48,3c0f44f3-de23-4b4a-bf47-41d96516bcbc,Snake2,90,7,0
d49fb226-b24f-4cfe-89ed-cb4333062241,48,43d773ac-8129-4368-adb9-45e4d35fd400,Snake4,97,10,0
d49fb226-b24f-4cfe-89ed-cb4333062241,48,884292b2-32fa-4560-ad79-3c37392bbe6f,Snake1,63,6,1
d49fb226-b24f-4cfe-89ed-cb4333062241,48,94ab3b15-e206-4451-9e74-72273b99c2e1,Snake3,85,6,1
d49fb226-b24f-4cfe-89ed-cb4333062241,48,3c0f44f3-de23-4b4a-bf47-41d96516bcbc,Snake2,90,7,0
d49fb226-b24f-4cfe-89ed-cb4333062241,48,43d773ac-8129-4368-adb9-45e4d35fd400,Snake4,97,10,0
d49fb226-b24f-4cfe-89ed-cb4333062241,49,884292b2-32fa-4560-ad79-3c37392bbe6f,Snake1,62,6,1
d49fb226-b24f-4cfe-89ed-cb4333062241,49,94ab3b15-e206-4451-9e74-72273b99c2e1,Snake3,84,6,1
d49fb226-b24f-4cfe-89ed-cb4333062241,49,3c0f44f3-de23-4b4a-bf47-41d96516bcbc,Snake2,90,7,0
d49fb226-b24f-4cfe-89ed-cb4333062241,49,43d773ac-8129-4368-adb9-45e4d35fd400,Snake4,97,10,0
d49fb226-b24f-4cfe-89ed-cb4333062241,49,884292b2-32fa-4560-ad79-3c37392bbe6f,Snake1,62,6,1
d49fb226-b24f-4cfe-89ed-cb4333062241,49,94ab3b15-e206-4451-9e74-72273b99c2e1,Snake3,84,6,1
d49fb226-b24f-4cfe-89ed-cb4333062241,49,3c0f44f3-de23-4b4a-bf47-41d96516bcbc,Snake2,90,7,0
d49fb226-b24f-4cfe-89ed-cb4333062241,49,43d773ac-8129-4368-adb9-45e4d35fd400,Snake4,97,10,0
d49fb226-b24f-4cfe-89ed-cb4333062241,50,884292b2-32fa-4560-ad79-3c37392bbe6f,Snake1,61,6,1
d49fb226-b24f-4cfe-89ed-cb4333062241,50,94ab3b15-e206-4451-9e74-72273b99c2e1,Snake3,83,6,1
d49fb226-b24f-4cfe-89ed-cb4333062241,50,3c0f44f3-de23-4b4a-bf47-41d96516bcbc,Snake2,90,7,0
d49fb226-b24f-4cfe-89ed-cb4333062241,50,43d773ac-8129-4368-adb9-45e4d35fd400,Snake4,97,10,0
d49fb226-b24f-4cfe-89ed-cb4333062241,50,884292b2-32fa-4560-ad79-3c37392bbe6f,Snake1,61,6,1
d49fb226-b24f-4cfe-89ed-cb4333062241,50,94ab3b15-e206-4451-9e74-72273b99c2e1,Snake3,83,6,1
d49fb226-b24f-4cfe-89ed-cb4333062241,50,3c0f44f3-de23-4b4a-bf47-41d96516bcbc,Snake2,90,7,0
d49fb226-b24f-4cfe-89ed-cb4333062241,50,43d773ac-8129-4368-adb9-45e4d35fd400,Snake4,97,10,0
d49fb226-b24f-4cfe-89ed-cb4333062241,51,884292b2-32fa-4560-ad79-3c37392bbe6f,Snake1,60,6,1
d49fb226-b24f-4cfe-89ed-cb4333062241,51,94ab3b15-e206-4451-9e74-72273b99c2e1,Snake3,82,6,1
d49fb226-b24f-4cfe-89ed-cb4333062241,51,3c0f44f3-de23-4b4a-bf47-41d96516bcbc,Snake2,90,7,0
d49fb226-b24f-4cfe-89ed-cb4333062241,51,43d773ac-8129-4368-adb9-45e4d35fd400,Snake4,97,10,0
d49fb226-b24f-4cfe-89ed-cb4333062241,51,884292b2-32fa-4560-ad79-3c37392bbe6f,Snake1,60,6,1
d49fb226-b24f-4cfe-89ed-cb4333062241,51,94ab3b15-e206-4451-9e74-72273b99c2e1,Snake3,82,6,1
d49fb226-b24f-4cfe-89ed-cb4333062241,51,3c0f44f3-de23-4b4a-bf47-41d96516bcbc,Snake2,90,7,0
d49fb226-b24f-4cfe-89ed-cb4333062241,51,43d773ac-8129-4368-adb9-45e4d35fd400,Snake4,97,10,0
d49fb226-b24f-4cfe-89ed-cb4333062241,52,884292b2-32fa-4560-ad79-3c37392bbe6f,Snake1,59,6,1
d49fb226-b24f-4cfe-89ed-cb4333062241,52,94ab3b15-e206-4451-9e74-72273b99c2e1,Snake3,81,6,1
d49fb226-b24f-4cfe-89ed-cb4333062241,52,3c0f44f3-de23-4b4a-bf47-41d96516bcbc,Snake2,90,7,0
d49fb226-b24f-4cfe-89ed-cb4333062241,52,43d773ac-8129-4368-adb9-45e4d35fd400,Snake4,97,10,0
d49fb226-b24f-4cfe-89ed-cb4333062241,52,884292b2-32fa-4560-ad79-3c37392bbe6f,Snake1,59,6,1
d49fb226-b24f-4cfe-89ed-cb4333062241,52,94ab3b15-e206-4451-9e74-72273b99c2e1,Snake3,81,6,1
d49fb226-b24f-4cfe-89ed-cb4333062241,52,3c0f44f3-de23-4b4a-bf47-41d96516bcbc,Snake2,90,7,0
d49fb226-b24f-4cfe-89ed-cb4333062241,52,43d773ac-8129-4368-adb9-45e4d35fd400,Snake4,97,10,0
d49fb226-b24f-4cfe-89ed-cb4333062241,53,884292b2-32fa-4560-ad79-3c37392bbe6f,Snake1,58,6,1
d49fb226-b24f-4cfe-89ed-cb4333062241,53,94ab3b15-e206-4451-9e74-72273b99c2e1,Snake3,80,6,1
d49fb226-b24f-4cfe-89ed-cb4333062241,53,3c0f44f3-de23-4b4a-bf47-41d96516bcbc,Snake2,90,7,0
d49fb226-b24f-4cfe-89ed-cb4333062241,53,43d773ac-8129-4368-adb9-45e4d35fd400,Snake4,97,10,0
d49fb226-b24f-4cfe-89ed-cb4333062241,53,884292b2-32fa-4560-ad79-3c37392bbe6f,Snake1,58,6,1
d49fb226-b24f-4cfe-89ed-cb4333062241,53,94ab3b15-e206-4451-9e74-72273b99c2e1,Snake3,80,6,1
d49fb226-b24f-4cfe-89ed-cb4333062241,53,3c0f44f3-de23-4b4a-bf47-41d96516bcbc,Snake2,90,7,0
d49fb226-b24f-4cfe-89ed-cb4333062241,53,43d773ac-8129-4368-adb9-45e4d35fd400,Snake4,97,10,0
d49fb226-b24f-4cfe-89ed-cb4333062241,54,884292b2-32fa-4560-ad79-3c37392bbe6f,Snake1,57,6,1
d49fb226-b24f-4cfe-89ed-cb4333062241,54,94ab3b15-e206-4451-9e74-72273b99c2e1,Snake3,79,6,1
d49fb226-b24f-4cfe-89ed-cb4333062241,54,3c0f44f3-de23-4b4a-bf47-41d96516bcbc,Snake2,90,7,0
d49fb226-b24f-4cfe-89ed-cb4333062241,54,43d773ac-8129-4368-adb9-45e4d35fd400,Snake4,97,10,0
d49fb226-b24f-4cfe-89ed-cb4333062241,54,884292b2-32fa-4560-ad79-3c37392bbe6f,Snake1,57,6,1
d49fb226-b24f-4cfe-89ed-cb4333062241,54,94ab3b15-e206-4451-9e74-72273b99c2e1,Snake3,79,6,1
d49fb226-b24f-4cfe-89ed-cb4333062241,54,3c0f44f3-de23-4b4a-bf47-41d96516bcbc,Snake2,90,7,0
d49fb226-b24f-4cfe-89ed-cb4333062241,54,43d773ac-8129-4368-adb9-45e4d35fd400,Snake4,97,10,0
d49fb226-b24f-4cfe-89ed-cb4333062241,55,884292b2-32fa-4560-ad79-3c37392bbe6f,Snake1,56,6,1
d49fb226-b24f-4cfe-89ed-cb4333062241,55,94ab3b15-e206-4451-9e74-72273b99c2e1,Snake3,78,6,1
d49fb226-b24f-4cfe-89ed-cb4333062241,55,3c0f44f3-de23-4b4a-bf47-41d96516bcbc,Snake2,90,7,0
d49fb226-b24f-4cfe-89ed-cb4333062241,55,43d773ac-8129-4368-adb9-45e4d35fd400,Snake4,97,10,0
d49fb226-b24f-4cfe-89ed-cb4333062241,55,884292b2-32fa-4560-ad79-3c37392bbe6f,Snake1,56,6,1
d49fb226-b24f-4cfe-89ed-cb4333062241,55,94ab3b15-e206-4451-9e74-72273b99c2e1,Snake3,78,6,1
d49fb226-b24f-4cfe-89ed-cb4333062241,55,3c0f44f3-de23-4b4a-bf47-41d96516bcbc,Snake2,90,7,0
d49fb226-b24f-4cfe-89ed-cb4333062241,55,43d773ac-8129-4368-adb9-45e4d35fd400,Snake4,97,10,0
d49fb226-b24f-4cfe-89ed-cb4333062241,56,884292b2-32fa-4560-ad79-3c37392bbe6f,Snake1,55,6,1
d49fb226-b24f-4cfe-89ed-cb4333062241,56,94ab3b15-e206-4451-9e74-72273b99c2e1,Snake3,77,6,1
d49fb226-b24f-4cfe-89ed-cb4333062241,56,3c0f44f3-de23-4b4a-bf47-41d96516bcbc,Snake2,90,7,0
d49fb226-b24f-4cfe-89ed-cb4333062241,56,43d773ac-8129-4368-adb9-45e4d35fd400,Snake4,97,10,0
d49fb226-b24f-4cfe-89ed-cb4333062241,56,884292b2-32fa-4560-ad79-3c37392bbe6f,Snake1,55,6,1
d49fb226-b24f-4cfe-89ed-cb4333062241,56,94ab3b15-e206-4451-9e74-72273b99c2e1,Snake3,77,6,1
d49fb226-b24f-4cfe-89ed-cb4333062241,56,3c0f44f3-de23-4b4a-bf47-41d96516bcbc,Snake2,90,7,0
d49fb226-b24f-4cfe-89ed-cb4333062241,56,43d773ac-8129-4368-adb9-45e4d35fd400,Snake4,97,10,0
d49fb226-b24f-4cfe-89ed-cb4333062241,57,884292b2-32fa-4560-ad79-3c37392bbe6f,Snake1,54,6,1
d49fb226-b24f-4cfe-89ed-cb4333062241,57,94ab3b15-e206-4451-9e74-72273b99c2e1,Snake3,76,6,1
d49fb226-b24f-4cfe-89ed-cb4333062241,57,3c0f44f3-de23-4b4a-bf47-41d96516bcbc,Snake2,90,7,0
d49fb226-b24f-4cfe-89ed-cb4333062241,57,43d773ac-8129-4368-adb9-45e4d35fd400,Snake4,97,10,0
d49fb226-b24f-4cfe-89ed-cb4333062241,57,884292b2-32fa-4560-ad79-3c37392bbe6f,Snake1,54,6,1
d49fb226-b24f-4cfe-89ed-cb4333062241,57,94ab3b15-e206-4451-9e74-72273b99c2e1,Snake3,76,6,1
d49fb226-b24f-4cfe-89ed-cb4333062241,57,3c0f44f3-de23-4b4a-bf47-41d96516bcbc,Snake2,90,7,0
d49fb226-b24f-4cfe-89ed-cb4333062241,57,43d773ac-8129-4368-adb9-45e4d35fd400,Snake4,97,10,0
d49fb226-b24f-4cfe-89ed-cb4333062241,58,884292b2-32fa-4560-ad79-3c37392bbe6f,Snake1,53,6,1
d49fb226-b24f-4cfe-89ed-cb4333062241,58,94ab3b15-e206-4451-9e74-72273b99c2e1,Snake3,75,6,1
d49fb226-b24f-4cfe-89ed-cb4333062241,58,3c0f44f3-de23-4b4a-bf47-41d96516bcbc,Snake2,90,7,0
d49fb226-b24f-4cfe-89ed-cb4333062241,58,43d773ac-8129-4368-adb9-45e4d35fd400,Snake4,97,10,0
d49fb226-b24f-4cfe-89ed-cb4333062241,58,884292b2-32fa-4560-ad79-3c37392bbe6f,Snake1,53,6,1
d49fb226-b24f-4cfe-89ed-cb4333062241,58,94ab3b15-e206-4451-9e74-72273b99c2e1,Snake3,75,6,1
d49fb226-b24f-4cfe-89ed-cb4333062241,58,3c0f44f3-de23-4b4a-bf47-41d96516bcbc,Snake2,90,7,0
d49fb226-b24f-4cfe-89ed-cb4333062241,58,43d773ac-8129-4368-adb9-45e4d35fd400,Snake4,97,10,0
d49fb226-b24f-4cfe-89ed-cb4333062241,59,884292b2-32fa-4560-ad79-3c37392bbe6f,Snake1,100,7,1
d49fb226-b24f-4cfe-89ed-cb4333062241,59,94ab3b15-e206-4451-9e74-72273b99c2e1,Snake3,74,6,1
d49fb226-b24f-4cfe-89ed-cb4333062241,59,3c0f44f3-de23-4b4a-bf47-41d96516bcbc,Snake2,90,7,0
d49fb226-b24f-4cfe-89ed-cb4333062241,59,43d773ac-8129-4368-adb9-45e4d35fd400,Snake4,97,10,0
d49fb226-b24f-4cfe-89ed-cb4333062241,59,884292b2-32fa-4560-ad79-3c37392bbe6f,Snake1,100,7,1
d49fb226-b24f-4cfe-89ed-cb4333062241,59,94ab3b15-e206-4451-9e74-72273b99c2e1,Snake3,74,6,1
d49fb226-b24f-4cfe-89ed-cb4333062241,59,3c0f44f3-de23-4b4a-bf47-41d96516bcbc,Snake2,90,7,0
d49fb226-b24f-4cfe-89ed-cb4333062241,59,43d773ac-8129-4368-adb9-45e4d35fd400,Snake4,97,10,0
d49fb226-b24f-4cfe-89ed-cb4333062241,60,884292b2-32fa-4560-ad79-3c37392bbe6f,Snake1,99,7,1
d49fb226-b24f-4cfe-89ed-cb4333062241,60,94ab3b15-e206-4451-9e74-72273b99c2e1,Snake3,73,6,1
d49fb226-b24f-4cfe-89ed-cb4333062241,60,3c0f44f3-de23-4b4a-bf47-41d96516bcbc,Snake2,90,7,0
d49fb226-b24f-4cfe-89ed-cb4333062241,60,43d773ac-8129-4368-adb9-45e4d35fd400,Snake4,97,10,0
d49fb226-b24f-4cfe-89ed-cb4333062241,60,884292b2-32fa-4560-ad79-3c37392bbe6f,Snake1,99,7,1
d49fb226-b24f-4cfe-89ed-cb4333062241,60,94ab3b15-e206-4451-9e74-72273b99c2e1,Snake3,73,6,1
d49fb226-b24f-4cfe-89ed-cb4333062241,60,3c0f44f3-de23-4b4a-bf47-41d96516bcbc,Snake2,90,7,0
d49fb226-b24f-4cfe-89ed-cb4333062241,60,43d773ac-8129-4368-adb9-45e4d35fd400,Snake4,97,10,0
d49fb226-b24f-4cfe-89ed-cb4333062241,61,884292b2-32fa-4560-ad79-3c37392bbe6f,Snake1,98,7,1
d49fb226-b24f-4cfe-89ed-cb4333062241,61,94ab3b15-e206-4451-9e74-72273b99c2e1,Snake3,72,6,1
d49fb226-b24f-4cfe-89ed-cb4333062241,61,3c0f44f3-de23-4b4a-bf47-41d96516bcbc,Snake2,90,7,0
d49fb226-b24f-4cfe-89ed-cb4333062241,61,43d773ac-8129-4368-adb9-45e4d35fd400,Snake4,97,10,0
d49fb226-b24f-4cfe-89ed-cb4333062241,61,884292b2-32fa-4560-ad79-3c37392bbe6f,Snake1,98,7,1
d49fb226-b24f-4cfe-89ed-cb4333062241,61,94ab3b15-e206-4451-9e74-72273b99c2e1,Snake3,72,6,1
d49fb226-b24f-4cfe-89ed-cb4333062241,61,3c0f44f3-de23-4b4a-bf47-41d96516bcbc,Snake2,90,7,0
d49fb226-b24f-4cfe-89ed-cb4333062241,61,43d773ac-8129-4368-adb9-45e4d35fd400,Snake4,97,10,0
d49fb226-b24f-4cfe-89ed-cb4333062241,62,884292b2-32fa-4560-ad79-3c37392bbe6f,Snake1,97,7,1
d49fb226-b24f-4cfe-89ed-cb4333062241,62,94ab3b15-e206-4451-9e74-72273b99c2e1,Snake3,71,6,1
d49fb226-b24f-4cfe-89ed-cb4333062241,62,3c0f44f3-de23-4b4a-bf47-41d96516bcbc,Snake2,90,7,0
d49fb226-b24f-4cfe-89ed-cb4333062241,62,43d773ac-8129-4368-adb9-45e4d35fd400,Snake4,97,10,0
d49fb226-b24f-4cfe-89ed-cb4333062241,62,884292b2-32fa-4560-ad79-3c37392bbe6f,Snake1,97,7,1
d49fb226-b24f-4cfe-89ed-cb4333062241,62,94ab3b15-e206-4451-9e74-72273b99c2e1,Snake3,71,6,1
d49fb226-b24f-4cfe-89ed-cb4333062241,62,3c0f44f3-de23-4b4a-bf47-41d96516bcbc,Snake2,90,7,0
d49fb226-b24f-4cfe-89ed-cb4333062241,62,43d773ac-8129-4368-adb9-45e4d35fd400,Snake4,97,10,0
d49fb226-b24f-4cfe-89ed-cb4333062241,63,884292b2-32fa-4560-ad79-3c37392bbe6f,Snake1,100,8,1
d49fb226-b24f-4cfe-89ed-cb4333062241,63,94ab3b15-e206-4451-9e74-72273b99c2e1,Snake3,70,6,1
d49fb226-b24f-4cfe-89ed-cb4333062241,63,3c0f44f3-de23-4b4a-bf47-41d96516bcbc,Snake2,90,7,0
d49fb226-b24f-4cfe-89ed-cb4333062241,63,43d773ac-8129-4368-adb9-45e4d35fd400,Snake4,97,10,0
d49fb226-b24f-4cfe-89ed-cb4333062241,63,884292b2-32fa-4560-ad79-3c37392bbe6f,Snake1,100,8,1
d49fb226-b24f-4cfe-89ed-cb4333062241,63,94ab3b15-e206-4451-9e74-72273b99c2e1,Snake3,70,6,1
d49fb226-b24f-4cfe-89ed-cb4333062241,63,3c0f44f3-de23-4b4a-bf47-41d96516bcbc,Snake2,90,7,0
d49fb226-b24f-4cfe-89ed-cb4333062241,63,43d773ac-8129-4368-adb9-45e4d35fd400,Snake4,97,10,0
d49fb226-b24f-4cfe-89ed-cb4333062241,64,884292b2-32fa-4560-ad79-3c37392bbe6f,Snake1,99,8,1
d49fb226-b24f-4cfe-89ed-cb4333062241,64,94ab3b15-e206-4451-9e74-72273b99c2e1,Snake3,69,6,1
d49fb226-b24f-4cfe-89ed-cb4333062241,64,3c0f44f3-de23-4b4a-bf47-41d96516bcbc,Snake2,90,7,0
d49fb226-b24f-4cfe-89ed-cb4333062241,64,43d773ac-8129-4368-adb9-45e4d35fd400,Snake4,97,10,0
d49fb226-b24f-4cfe-89ed-cb4333062241,64,884292b2-32fa-4560-ad79-3c37392bbe6f,Snake1,99,8,1
d49fb226-b24f-4cfe-89ed-cb4333062241,64,94ab3b15-e206-4451-9e74-72273b99c2e1,Snake3,69,6,1
d49fb226-b24f-4cfe-89ed-cb4333062241,64,3c0f44f3-de23-4b4a-bf47-41d96516bcbc,Snake2,90,7,0
d49fb226-b24f-4cfe-89ed-cb4333062241,64,43d773ac-8129-4368-adb9-45e4d35fd400,Snake4,97,10,0
d49fb226-b24f-4cfe-89ed-cb4333062241,65,884292b2-32fa-4560-ad79-3c37392bbe6f,Snake1,98,8,1
d49fb226-b24f-4cfe-89ed-cb4333062241,65,94ab3b15-e206-4451-9e74-72273b99c2e1,Snake3,68,6,1
d49fb226-b24f-4cfe-89ed-cb4333062241,65,3c0f44f3-de23-4b4a-bf47-41d96516bcbc,Snake2,90,7,0
d49fb226-b24f-4cfe-89ed-cb4333062241,65,43d773ac-8129-4368-adb9-45e4d35fd400,Snake4,97,10,0
d49fb226-b24f-4cfe-89ed-cb4333062241,65,884292b2-32fa-4560-ad79-3c37392bbe6f,Snake1,98,8,1
d49fb226-b24f-4cfe-89ed-cb4333062241,65,94ab3b15-e206-4451-9e74-72273b99c2e1,Snake3,68,6,1
d49fb226-b24f-4cfe-89ed-cb4333062241,65,3c0f44f3-de23-4b4a-bf47-41d96516bcbc,Snake2,90,7,0
d49fb226-b24f-4cfe-89ed-cb4333062241,65,43d773ac-8129-4368-adb9-45e4d35fd400,Snake4,97,10,0
d49fb226-b24f-4cfe-89ed-cb4333062241,66,884292b2-32fa-4560-ad79-3c37392bbe6f,Snake1,97,8,1
d49fb226-b24f-4cfe-89ed-cb4333062241,66,94ab3b15-e206-4451-9e74-72273b99c2e1,Snake3,67,6,1
d49fb226-b24f-4cfe-89ed-cb4333062241,66,3c0f44f3-de23-4b4a-bf47-41d96516bcbc,Snake2,90,7,0
d49fb226-b24f-4cfe-89ed-cb4333062241,66,43d773ac-8129-4368-adb9-45e4d35fd400,Snake4,97,10,0
d49fb226-b24f-4cfe-89ed-cb4333062241,66,884292b2-32fa-4560-ad79-3c37392bbe6f,Snake1,97,8,1
d49fb226-b24f-4cfe-89ed-cb4333062241,66,94ab3b15-e206-4451-9e74-72273b99c2e1,Snake3,67,6,1
d49fb226-b24f-4cfe-89ed-cb4333062241,66,3c0f44f3-de23-4b4a-bf47-41d96516bcbc,Snake2,90,7,0
d49fb226-b24f-4cfe-89ed-cb4333062241,66,43d773ac-8129-4368-adb9-45e4d35fd400,Snake4,97,10,0
d49fb226-b24f-4cfe-89ed-cb4333062241,67,884292b2-32fa-4560-ad79-3c37392bbe6f,Snake1,96,8,1
d49fb226-b24f-4cfe-89ed-cb4333062241,67,94ab3b15-e206-4451-9e74-72273b99c2e1,Snake3,66,6,1
d49fb226-b24f-4cfe-89ed-cb4333062241,67,3c0f44f3-de23-4b4a-bf47-41d96516bcbc,Snake2,90,7,0
d49fb226-b24f-4cfe-89ed-cb4333062241,67,43d773ac-8129-4368-adb9-45e4d35fd400,Snake4,97,10,0
d49fb226-b24f-4cfe-89ed-cb4333062241,68,884292b2-32fa-4560-ad79-3c37392bbe6f,Snake1,95,8,1
d49fb226-b24f-4cfe-89ed-cb4333062241,68,94ab3b15-e206-4451-9e74-72273b99c2e1,Snake3,65,6,1
d49fb226-b24f-4cfe-89ed-cb4333062241,68,3c0f44f3-de23-4b4a-bf47-41d96516bcbc,Snake2,90,7,0
d49fb226-b24f-4cfe-89ed-cb4333062241,68,43d773ac-8129-4368-adb9-45e4d35fd400,Snake4,97,10,0
d49fb226-b24f-4cfe-89ed-cb4333062241,68,884292b2-32fa-4560-ad79-3c37392bbe6f,Snake1,95,8,1
d49fb226-b24f-4cfe-89ed-cb4333062241,68,94ab3b15-e206-4451-9e74-72273b99c2e1,Snake3,65,6,1
d49fb226-b24f-4cfe-89ed-cb4333062241,68,3c0f44f3-de23-4b4a-bf47-41d96516bcbc,Snake2,90,7,0
d49fb226-b24f-4cfe-89ed-cb4333062241,68,43d773ac-8129-4368-adb9-45e4d35fd400,Snake4,97,10,0
d49fb226-b24f-4cfe-89ed-cb4333062241,69,884292b2-32fa-4560-ad79-3c37392bbe6f,Snake1,94,8,1
d49fb226-b24f-4cfe-89ed-cb4333062241,69,94ab3b15-e206-4451-9e74-72273b99c2e1,Snake3,64,6,1
d49fb226-b24f-4cfe-89ed-cb4333062241,69,3c0f44f3-de23-4b4a-bf47-41d96516bcbc,Snake2,90,7,0
d49fb226-b24f-4cfe-89ed-cb4333062241,69,43d773ac-8129-4368-adb9-45e4d35fd400,Snake4,97,10,0
d49fb226-b24f-4cfe-89ed-cb4333062241,69,884292b2-32fa-4560-ad79-3c37392bbe6f,Snake1,94,8,1
d49fb226-b24f-4cfe-89ed-cb4333062241,69,94ab3b15-e206-4451-9e74-72273b99c2e1,Snake3,64,6,1
d49fb226-b24f-4cfe-89ed-cb4333062241,69,3c0f44f3-de23-4b4a-bf47-41d96516bcbc,Snake2,90,7,0
d49fb226-b24f-4cfe-89ed-cb4333062241,69,43d773ac-8129-4368-adb9-45e4d35fd400,Snake4,97,10,0
d49fb226-b24f-4cfe-89ed-cb4333062241,70,884292b2-32fa-4560-ad79-3c37392bbe6f,Snake1,93,8,1
d49fb226-b24f-4cfe-89ed-cb4333062241,70,94ab3b15-e206-4451-9e74-72273b99c2e1,Snake3,63,6,1
d49fb226-b24f-4cfe-89ed-cb4333062241,70,3c0f44f3-de23-4b4a-bf47-41d96516bcbc,Snake2,90,7,0
d49fb226-b24f-4cfe-89ed-cb4333062241,70,43d773ac-8129-4368-adb9-45e4d35fd400,Snake4,97,10,0
d49fb226-b24f-4cfe-89ed-cb4333062241,71,884292b2-32fa-4560-ad79-3c37392bbe6f,Snake1,92,8,1
d49fb226-b24f-4cfe-89ed-cb4333062241,71,94ab3b15-e206-4451-9e74-72273b99c2e1,Snake3,62,6,1
d49fb226-b24f-4cfe-89ed-cb4333062241,71,3c0f44f3-de23-4b4a-bf47-41d96516bcbc,Snake2,90,7,0
d49fb226-b24f-4cfe-89ed-cb4333062241,71,43d773ac-8129-4368-adb9-45e4d35fd400,Snake4,97,10,0
d49fb226-b24f-4cfe-89ed-cb4333062241,71,884292b2-32fa-4560-ad79-3c37392bbe6f,Snake1,92,8,1
d49fb226-b24f-4cfe-89ed-cb4333062241,71,94ab3b15-e206-4451-9e74-72273b99c2e1,Snake3,62,6,1
d49fb226-b24f-4cfe-89ed-cb4333062241,71,3c0f44f3-de23-4b4a-bf47-41d96516bcbc,Snake2,90,7,0
d49fb226-b24f-4cfe-89ed-cb4333062241,71,43d773ac-8129-4368-adb9-45e4d35fd400,Snake4,97,10,0
d49fb226-b24f-4cfe-89ed-cb4333062241,72,884292b2-32fa-4560-ad79-3c37392bbe6f,Snake1,91,8,1
d49fb226-b24f-4cfe-89ed-cb4333062241,72,94ab3b15-e206-4451-9e74-72273b99c2e1,Snake3,61,6,1
d49fb226-b24f-4cfe-89ed-cb4333062241,72,3c0f44f3-de23-4b4a-bf47-41d96516bcbc,Snake2,90,7,0
d49fb226-b24f-4cfe-89ed-cb4333062241,72,43d773ac-8129-4368-adb9-45e4d35fd400,Snake4,97,10,0
d49fb226-b24f-4cfe-89ed-cb4333062241,72,884292b2-32fa-4560-ad79-3c37392bbe6f,Snake1,91,8,1
d49fb226-b24f-4cfe-89ed-cb4333062241,72,94ab3b15-e206-4451-9e74-72273b99c2e1,Snake3,61,6,1
d49fb226-b24f-4cfe-89ed-cb4333062241,72,3c0f44f3-de23-4b4a-bf47-41d96516bcbc,Snake2,90,7,0
d49fb226-b24f-4cfe-89ed-cb4333062241,72,43d773ac-8129-4368-adb9-45e4d35fd400,Snake4,97,10,0
d49fb226-b24f-4cfe-89ed-cb4333062241,73,884292b2-32fa-4560-ad79-3c37392bbe6f,Snake1,90,8,1
d49fb226-b24f-4cfe-89ed-cb4333062241,73,94ab3b15-e206-4451-9e74-72273b99c2e1,Snake3,60,6,1
d49fb226-b24f-4cfe-89ed-cb4333062241,73,3c0f44f3-de23-4b4a-bf47-41d96516bcbc,Snake2,90,7,0
d49fb226-b24f-4cfe-89ed-cb4333062241,73,43d773ac-8129-4368-adb9-45e4d35fd400,Snake4,97,10,0
d49fb226-b24f-4cfe-89ed-cb4333062241,73,884292b2-32fa-4560-ad79-3c37392bbe6f,Snake1,90,8,1
d49fb226-b24f-4cfe-89ed-cb4333062241,73,94ab3b15-e206-4451-9e74-72273b99c2e1,Snake3,60,6,1
d49fb226-b24f-4cfe-89ed-cb4333062241,73,3c0f44f3-de23-4b4a-bf47-41d96516bcbc,Snake2,90,7,0
d49fb226-b24f-4cfe-89ed-cb4333062241,73,43d773ac-8129-4368-adb9-45e4d35fd400,Snake4,97,10,0
d49fb226-b24f-4cfe-89ed-cb4333062241,74,884292b2-32fa-4560-ad79-3c37392bbe6f,Snake1,89,8,1
d49fb226-b24f-4cfe-89ed-cb4333062241,74,94ab3b15-e206-4451-9e74-72273b99c2e1,Snake3,59,6,1
d49fb226-b24f-4cfe-89ed-cb4333062241,74,3c0f44f3-de23-4b4a-bf47-41d96516bcbc,Snake2,90,7,0
d49fb226-b24f-4cfe-89ed-cb4333062241,74,43d773ac-8129-4368-adb9-45e4d35fd400,Snake4,97,10,0
d49fb226-b24f-4cfe-89ed-cb4333062241,74,884292b2-32fa-4560-ad79-3c37392bbe6f,Snake1,89,8,1
d49fb226-b24f-4cfe-89ed-cb4333062241,74,94ab3b15-e206-4451-9e74-72273b99c2e1,Snake3,59,6,1
d49fb226-b24f-4cfe-89ed-cb4333062241,74,3c0f44f3-de23-4b4a-bf47-41d96516bcbc,Snake2,90,7,0
d49fb226-b24f-4cfe-89ed-cb4333062241,74,43d773ac-8129-4368-adb9-45e4d35fd400,Snake4,97,10,0
d49fb226-b24f-4cfe-89ed-cb4333062241,75,884292b2-32fa-4560-ad79-3c37392bbe6f,Snake1,88,8,1
d49fb226-b24f-4cfe-89ed-cb4333062241,75,94ab3b15-e206-4451-9e74-72273b99c2e1,Snake3,58,6,1
d49fb226-b24f-4cfe-89ed-cb4333062241,75,3c0f44f3-de23-4b4a-bf47-41d96516bcbc,Snake2,90,7,0
d49fb226-b24f-4cfe-89ed-cb4333062241,75,43d773ac-8129-4368-adb9-45e4d35fd400,Snake4,97,10,0
d49fb226-b24f-4cfe-89ed-cb4333062241,75,884292b2-32fa-4560-ad79-3c37392bbe6f,Snake1,88,8,1
d49fb226-b24f-4cfe-89ed-cb4333062241,75,94ab3b15-e206-4451-9e74-72273b99c2e1,Snake3,58,6,1
d49fb226-b24f-4cfe-89ed-cb4333062241,75,3c0f44f3-de23-4b4a-bf47-41d96516bcbc,Snake2,90,7,0
d49fb226-b24f-4cfe-89ed-cb4333062241,75,43d773ac-8129-4368-adb9-45e4d35fd400,Snake4,97,10,0
d49fb226-b24f-4cfe-89ed-cb4333062241,76,884292b2-32fa-4560-ad79-3c37392bbe6f,Snake1,87,8,1
d49fb226-b24f-4cfe-89ed-cb4333062241,76,94ab3b15-e206-4451-9e74-72273b99c2e1,Snake3,57,6,1
d49fb226-b24f-4cfe-89ed-cb4333062241,76,3c0f44f3-de23-4b4a-bf47-41d96516bcbc,Snake2,90,7,0
d49fb226-b24f-4cfe-89ed-cb4333062241,76,43d773ac-8129-4368-adb9-45e4d35fd400,Snake4,97,10,0
d49fb226-b24f-4cfe-89ed-cb4333062241,76,884292b2-32fa-4560-ad79-3c37392bbe6f,Snake1,87,8,1
d49fb226-b24f-4cfe-89ed-cb4333062241,76,94ab3b15-e206-4451-9e74-72273b99c2e1,Snake3,57,6,1
d49fb226-b24f-4cfe-89ed-cb4333062241,76,3c0f44f3-de23-4b4a-bf47-41d96516bcbc,Snake2,90,7,0
d49fb226-b24f-4cfe-89ed-cb4333062241,76,43d773ac-8129-4368-adb9-45e4d35fd400,Snake4,97,10,0
d49fb226-b24f-4cfe-89ed-cb4333062241,77,884292b2-32fa-4560-ad79-3c37392bbe6f,Snake1,86,8,1
d49fb226-b24f-4cfe-89ed-cb4333062241,77,94ab3b15-e206-4451-9e74-72273b99c2e1,Snake3,56,6,1
d49fb226-b24f-4cfe-89ed-cb4333062241,77,3c0f44f3-de23-4b4a-bf47-41d96516bcbc,Snake2,90,7,0
d49fb226-b24f-4cfe-89ed-cb4333062241,77,43d773ac-8129-4368-adb9-45e4d35fd400,Snake4,97,10,0
d49fb226-b24f-4cfe-89ed-cb4333062241,77,884292b2-32fa-4560-ad79-3c37392bbe6f,Snake1,86,8,1
d49fb226-b24f-4cfe-89ed-cb4333062241,77,94ab3b15-e206-4451-9e74-72273b99c2e1,Snake3,56,6,1
d49fb226-b24f-4cfe-89ed-cb4333062241,77,3c0f44f3-de23-4b4a-bf47-41d96516bcbc,Snake2,90,7,0
d49fb226-b24f-4cfe-89ed-cb4333062241,77,43d773ac-8129-4368-adb9-45e4d35fd400,Snake4,97,10,0
d49fb226-b24f-4cfe-89ed-cb4333062241,78,884292b2-32fa-4560-ad79-3c37392bbe6f,Snake1,85,8,1
d49fb226-b24f-4cfe-89ed-cb4333062241,78,94ab3b15-e206-4451-9e74-72273b99c2e1,Snake3,55,6,1
d49fb226-b24f-4cfe-89ed-cb4333062241,78,3c0f44f3-de23-4b4a-bf47-41d96516bcbc,Snake2,90,7,0
d49fb226-b24f-4cfe-89ed-cb4333062241,78,43d773ac-8129-4368-adb9-45e4d35fd400,Snake4,97,10,0
d49fb226-b24f-4cfe-89ed-cb4333062241,78,884292b2-32fa-4560-ad79-3c37392bbe6f,Snake1,85,8,1
d49fb226-b24f-4cfe-89ed-cb4333062241,78,94ab3b15-e206-4451-9e74-72273b99c2e1,Snake3,55,6,1
d49fb226-b24f-4cfe-89ed-cb4333062241,78,3c0f44f3-de23-4b4a-bf47-41d96516bcbc,Snake2,90,7,0
d49fb226-b24f-4cfe-89ed-cb4333062241,78,43d773ac-8129-4368-adb9-45e4d35fd400,Snake4,97,10,0
d49fb226-b24f-4cfe-89ed-cb4333062241,79,884292b2-32fa-4560-ad79-3c37392bbe6f,Snake1,84,8,1
d49fb226-b24f-4cfe-89ed-cb4333062241,79,94ab3b15-e206-4451-9e74-72273b99c2e1,Snake3,54,6,1
d49fb226-b24f-4cfe-89ed-cb4333062241,79,3c0f44f3-de23-4b4a-bf47-41d96516bcbc,Snake2,90,7,0
d49fb226-b24f-4cfe-89ed-cb4333062241,79,43d773ac-8129-4368-adb9-45e4d35fd400,Snake4,97,10,0
d49fb226-b24f-4cfe-89ed-cb4333062241,79,884292b2-32fa-4560-ad79-3c37392bbe6f,Snake1,84,8,1
d49fb226-b24f-4cfe-89ed-cb4333062241,79,94ab3b15-e206-4451-9e74-72273b99c2e1,Snake3,54,6,1
d49fb226-b24f-4cfe-89ed-cb4333062241,79,3c0f44f3-de23-4b4a-bf47-41d96516bcbc,Snake2,90,7,0
d49fb226-b24f-4cfe-89ed-cb4333062241,79,43d773ac-8129-4368-adb9-45e4d35fd400,Snake4,97,10,0
d49fb226-b24f-4cfe-89ed-cb4333062241,80,884292b2-32fa-4560-ad79-3c37392bbe6f,Snake1,83,8,1
d49fb226-b24f-4cfe-89ed-cb4333062241,80,94ab3b15-e206-4451-9e74-72273b99c2e1,Snake3,53,6,1
d49fb226-b24f-4cfe-89ed-cb4333062241,80,3c0f44f3-de23-4b4a-bf47-41d96516bcbc,Snake2,90,7,0
d49fb226-b24f-4cfe-89ed-cb4333062241,80,43d773ac-8129-4368-adb9-45e4d35fd400,Snake4,97,10,0
d49fb226-b24f-4cfe-89ed-cb4333062241,80,884292b2-32fa-4560-ad79-3c37392bbe6f,Snake1,83,8,1
d49fb226-b24f-4cfe-89ed-cb4333062241,80,94ab3b15-e206-4451-9e74-72273b99c2e1,Snake3,53,6,1
d49fb226-b24f-4cfe-89ed-cb4333062241,80,3c0f44f3-de23-4b4a-bf47-41d96516bcbc,Snake2,90,7,0
d49fb226-b24f-4cfe-89ed-cb4333062241,80,43d773ac-8129-4368-adb9-45e4d35fd400,Snake4,97,10,0
d49fb226-b24f-4cfe-89ed-cb4333062241,81,884292b2-32fa-4560-ad79-3c37392bbe6f,Snake1,82,8,1
d49fb226-b24f-4cfe-89ed-cb4333062241,81,94ab3b15-e206-4451-9e74-72273b99c2e1,Snake3,52,6,1
d49fb226-b24f-4cfe-89ed-cb4333062241,81,3c0f44f3-de23-4b4a-bf47-41d96516bcbc,Snake2,90,7,0
d49fb226-b24f-4cfe-89ed-cb4333062241,81,43d773ac-8129-4368-adb9-45e4d35fd400,Snake4,97,10,0
d49fb226-b24f-4cfe-89ed-cb4333062241,82,884292b2-32fa-4560-ad79-3c37392bbe6f,Snake1,81,8,1
d49fb226-b24f-4cfe-89ed-cb4333062241,82,94ab3b15-e206-4451-9e74-72273b99c2e1,Snake3,51,6,1
d49fb226-b24f-4cfe-89ed-cb4333062241,82,3c0f44f3-de23-4b4a-bf47-41d96516bcbc,Snake2,90,7,0
d49fb226-b24f-4cfe-89ed-cb4333062241,82,43d773ac-8129-4368-adb9-45e4d35fd400,Snake4,97,10,0
d49fb226-b24f-4cfe-89ed-cb4333062241,82,884292b2-32fa-4560-ad79-3c37392bbe6f,Snake1,81,8,1
d49fb226-b24f-4cfe-89ed-cb4333062241,82,94ab3b15-e206-4451-9e74-72273b99c2e1,Snake3,51,6,1
d49fb226-b24f-4cfe-89ed-cb4333062241,82,3c0f44f3-de23-4b4a-bf47-41d96516bcbc,Snake2,90,7,0
d49fb226-b24f-4cfe-89ed-cb4333062241,82,43d773ac-8129-4368-adb9-45e4d35fd400,Snake4,97,10,0
d49fb226-b24f-4cfe-89ed-cb4333062241,83,884292b2-32fa-4560-ad79-3c37392bbe6f,Snake1,80,8,1
d49fb226-b24f-4cfe-89ed-cb4333062241,83,94ab3b15-e206-4451-9e74-72273b99c2e1,Snake3,50,6,1
d49fb226-b24f-4cfe-89ed-cb4333062241,83,3c0f44f3-de23-4b4a-bf47-41d96516bcbc,Snake2,90,7,0
d49fb226-b24f-4cfe-89ed-cb4333062241,83,43d773ac-8129-4368-adb9-45e4d35fd400,Snake4,97,10,0
d49fb226-b24f-4cfe-89ed-cb4333062241,83,884292b2-32fa-4560-ad79-3c37392bbe6f,Snake1,80,8,1
d49fb226-b24f-4cfe-89ed-cb4333062241,83,94ab3b15-e206-4451-9e74-72273b99c2e1,Snake3,50,6,1
d49fb226-b24f-4cfe-89ed-cb4333062241,83,3c0f44f3-de23-4b4a-bf47-41d96516bcbc,Snake2,90,7,0
d49fb226-b24f-4cfe-89ed-cb4333062241,83,43d773ac-8129-4368-adb9-45e4d35fd400,Snake4,97,10,0
d49fb226-b24f-4cfe-89ed-cb4333062241,84,884292b2-32fa-4560-ad79-3c37392bbe6f,Snake1,79,8,1
d49fb226-b24f-4cfe-89ed-cb4333062241,84,94ab3b15-e206-4451-9e74-72273b99c2e1,Snake3,49,6,1
d49fb226-b24f-4cfe-89ed-cb4333062241,84,3c0f44f3-de23-4b4a-bf47-41d96516bcbc,Snake2,90,7,0
d49fb226-b24f-4cfe-89ed-cb4333062241,84,43d773ac-8129-4368-adb9-45e4d35fd400,Snake4,97,10,0
d49fb226-b24f-4cfe-89ed-cb4333062241,84,884292b2-32fa-4560-ad79-3c37392bbe6f,Snake1,79,8,1
d49fb226-b24f-4cfe-89ed-cb4333062241,84,94ab3b15-e206-4451-9e74-72273b99c2e1,Snake3,49,6,1
d49fb226-b24f-4cfe-89ed-cb4333062241,84,3c0f44f3-de23-4b4a-bf47-41d96516bcbc,Snake2,90,7,0
d49fb226-b24f-4cfe-89ed-cb4333062241,84,43d773ac-8129-4368-adb9-45e4d35fd400,Snake4,97,10,0
d49fb226-b24f-4cfe-89ed-cb4333062241,85,884292b2-32fa-4560-ad79-3c37392bbe6f,Snake1,78,8,1
d49fb226-b24f-4cfe-89ed-cb4333062241,85,94ab3b15-e206-4451-9e74-72273b99c2e1,Snake3,48,6,1
d49fb226-b24f-4cfe-89ed-cb4333062241,85,3c0f44f3-de23-4b4a-bf47-41d96516bcbc,Snake2,90,7,0
d49fb226-b24f-4cfe-89ed-cb4333062241,85,43d773ac-8129-4368-adb9-45e4d35fd400,Snake4,97,10,0
d49fb226-b24f-4cfe-89ed-cb4333062241,85,884292b2-32fa-4560-ad79-3c37392bbe6f,Snake1,78,8,1
d49fb226-b24f-4cfe-89ed-cb4333062241,85,94ab3b15-e206-4451-9e74-72273b99c2e1,Snake3,48,6,1
d49fb226-b24f-4cfe-89ed-cb4333062241,85,3c0f44f3-de23-4b4a-bf47-41d96516bcbc,Snake2,90,7,0
d49fb226-b24f-4cfe-89ed-cb4333062241,85,43d773ac-8129-4368-adb9-45e4d35fd400,Snake4,97,10,0
d49fb226-b24f-4cfe-89ed-cb4333062241,86,884292b2-32fa-4560-ad79-3c37392bbe6f,Snake1,77,8,1
d49fb226-b24f-4cfe-89ed-cb4333062241,86,94ab3b15-e206-4451-9e74-72273b99c2e1,Snake3,47,6,1
d49fb226-b24f-4cfe-89ed-cb4333062241,86,3c0f44f3-de23-4b4a-bf47-41d96516bcbc,Snake2,90,7,0
d49fb226-b24f-4cfe-89ed-cb4333062241,86,43d773ac-8129-4368-adb9-45e4d35fd400,Snake4,97,10,0
d49fb226-b24f-4cfe-89ed-cb4333062241,86,884292b2-32fa-4560-ad79-3c37392bbe6f,Snake1,77,8,1
d49fb226-b24f-4cfe-89ed-cb4333062241,86,94ab3b15-e206-4451-9e74-72273b99c2e1,Snake3,47,6,1
d49fb226-b24f-4cfe-89ed-cb4333062241,86,3c0f44f3-de23-4b4a-bf47-41d96516bcbc,Snake2,90,7,0
d49fb226-b24f-4cfe-89ed-cb4333062241,86,43d773ac-8129-4368-adb9-45e4d35fd400,Snake4,97,10,0
d49fb226-b24f-4cfe-89ed-cb4333062241,87,884292b2-32fa-4560-ad79-3c37392bbe6f,Snake1,76,8,1
d49fb226-b24f-4cfe-89ed-cb4333062241,87,94ab3b15-e206-4451-9e74-72273b99c2e1,Snake3,46,6,1
d49fb226-b24f-4cfe-89ed-cb4333062241,87,3c0f44f3-de23-4b4a-bf47-41d96516bcbc,Snake2,90,7,0
d49fb226-b24f-4cfe-89ed-cb4333062241,87,43d773ac-8129-4368-adb9-45e4d35fd400,Snake4,97,10,0
d49fb226-b24f-4cfe-89ed-cb4333062241,87,884292b2-32fa-4560-ad79-3c37392bbe6f,Snake1,76,8,1
d49fb226-b24f-4cfe-89ed-cb4333062241,87,94ab3b15-e206-4451-9e74-72273b99c2e1,Snake3,46,6,1
d49fb226-b24f-4cfe-89ed-cb4333062241,87,3c0f44f3-de23-4b4a-bf47-41d96516bcbc,Snake2,90,7,0
d49fb226-b24f-4cfe-89ed-cb4333062241,87,43d773ac-8129-4368-adb9-45e4d35fd400,Snake4,97,10,0
d49fb226-b24f-4cfe-89ed-cb4333062241,88,884292b2-32fa-4560-ad79-3c37392bbe6f,Snake1,75,8,1
d49fb226-b24f-4cfe-89ed-cb4333062241,88,94ab3b15-e206-4451-9e74-72273b99c2e1,Snake3,100,7,1
d49fb226-b24f-4cfe-89ed-cb4333062241,88,3c0f44f3-de23-4b4a-bf47-41d96516bcbc,Snake2,90,7,0
d49fb226-b24f-4cfe-89ed-cb4333062241,88,43d773ac-8129-4368-adb9-45e4d35fd400,Snake4,97,10,0
d49fb226-b24f-4cfe-89ed-cb4333062241,88,884292b2-32fa-4560-ad79-3c37392bbe6f,Snake1,75,8,1
d49fb226-b24f-4cfe-89ed-cb4333062241,88,94ab3b15-e206-4451-9e74-72273b99c2e1,Snake3,100,7,1
d49fb226-b24f-4cfe-89ed-cb4333062241,88,3c0f44f3-de23-4b4a-bf47-41d96516bcbc,Snake2,90,7,0
d49fb226-b24f-4cfe-89ed-cb4333062241,88,43d773ac-8129-4368-adb9-45e4d35fd400,Snake4,97,10,0
d49fb226-b24f-4cfe-89ed-cb4333062241,89,884292b2-32fa-4560-ad79-3c37392bbe6f,Snake1,74,8,1
d49fb226-b24f-4cfe-89ed-cb4333062241,89,94ab3b15-e206-4451-9e74-72273b99c2e1,Snake3,99,7,1
d49fb226-b24f-4cfe-89ed-cb4333062241,89,3c0f44f3-de23-4b4a-bf47-41d96516bcbc,Snake2,90,7,0
d49fb226-b24f-4cfe-89ed-cb4333062241,89,43d773ac-8129-4368-adb9-45e4d35fd400,Snake4,97,10,0
d49fb226-b24f-4cfe-89ed-cb4333062241,89,884292b2-32fa-4560-ad79-3c37392bbe6f,Snake1,74,8,1
d49fb226-b24f-4cfe-89ed-cb4333062241,89,94ab3b15-e206-4451-9e74-72273b99c2e1,Snake3,99,7,1
d49fb226-b24f-4cfe-89ed-cb4333062241,89,3c0f44f3-de23-4b4a-bf47-41d96516bcbc,Snake2,90,7,0
d49fb226-b24f-4cfe-89ed-cb4333062241,89,43d773ac-8129-4368-adb9-45e4d35fd400,Snake4,97,10,0
d49fb226-b24f-4cfe-89ed-cb4333062241,90,884292b2-32fa-4560-ad79-3c37392bbe6f,Snake1,73,8,1
d49fb226-b24f-4cfe-89ed-cb4333062241,90,94ab3b15-e206-4451-9e74-72273b99c2e1,Snake3,98,7,1
d49fb226-b24f-4cfe-89ed-cb4333062241,90,3c0f44f3-de23-4b4a-bf47-41d96516bcbc,Snake2,90,7,0
d49fb226-b24f-4cfe-89ed-cb4333062241,90,43d773ac-8129-4368-adb9-45e4d35fd400,Snake4,97,10,0
d49fb226-b24f-4cfe-89ed-cb4333062241,90,884292b2-32fa-4560-ad79-3c37392bbe6f,Snake1,73,8,1
d49fb226-b24f-4cfe-89ed-cb4333062241,90,94ab3b15-e206-4451-9e74-72273b99c2e1,Snake3,98,7,1
d49fb226-b24f-4cfe-89ed-cb4333062241,90,3c0f44f3-de23-4b4a-bf47-41d96516bcbc,Snake2,90,7,0
d49fb226-b24f-4cfe-89ed-cb4333062241,90,43d773ac-8129-4368-adb9-45e4d35fd400,Snake4,97,10,0
d49fb226-b24f-4cfe-89ed-cb4333062241,91,884292b2-32fa-4560-ad79-3c37392bbe6f,Snake1,72,8,1
d49fb226-b24f-4cfe-89ed-cb4333062241,91,94ab3b15-e206-4451-9e74-72273b99c2e1,Snake3,97,7,1
d49fb226-b24f-4cfe-89ed-cb4333062241,91,3c0f44f3-de23-4b4a-bf47-41d96516bcbc,Snake2,90,7,0
d49fb226-b24f-4cfe-89ed-cb4333062241,91,43d773ac-8129-4368-adb9-45e4d35fd400,Snake4,97,10,0
d49fb226-b24f-4cfe-89ed-cb4333062241,91,884292b2-32fa-4560-ad79-3c37392bbe6f,Snake1,72,8,1
d49fb226-b24f-4cfe-89ed-cb4333062241,91,94ab3b15-e206-4451-9e74-72273b99c2e1,Snake3,97,7,1
d49fb226-b24f-4cfe-89ed-cb4333062241,91,3c0f44f3-de23-4b4a-bf47-41d96516bcbc,Snake2,90,7,0
d49fb226-b24f-4cfe-89ed-cb4333062241,91,43d773ac-8129-4368-adb9-45e4d35fd400,Snake4,97,10,0
d49fb226-b24f-4cfe-89ed-cb4333062241,92,884292b2-32fa-4560-ad79-3c37392bbe6f,Snake1,71,8,1
d49fb226-b24f-4cfe-89ed-cb4333062241,92,94ab3b15-e206-4451-9e74-72273b99c2e1,Snake3,100,8,1
d49fb226-b24f-4cfe-89ed-cb4333062241,92,3c0f44f3-de23-4b4a-bf47-41d96516bcbc,Snake2,90,7,0
d49fb226-b24f-4cfe-89ed-cb4333062241,92,43d773ac-8129-4368-adb9-45e4d35fd400,Snake4,97,10,0
d49fb226-b24f-4cfe-89ed-cb4333062241,92,884292b2-32fa-4560-ad79-3c37392bbe6f,Snake1,71,8,1
d49fb226-b24f-4cfe-89ed-cb4333062241,92,94ab3b15-e206-4451-9e74-72273b99c2e1,Snake3,100,8,1
d49fb226-b24f-4cfe-89ed-cb4333062241,92,3c0f44f3-de23-4b4a-bf47-41d96516bcbc,Snake2,90,7,0
d49fb226-b24f-4cfe-89ed-cb4333062241,92,43d773ac-8129-4368-adb9-45e4d35fd400,Snake4,97,10,0
d49fb226-b24f-4cfe-89ed-cb4333062241,93,884292b2-32fa-4560-ad79-3c37392bbe6f,Snake1,70,8,1
d49fb226-b24f-4cfe-89ed-cb4333062241,93,94ab3b15-e206-4451-9e74-72273b99c2e1,Snake3,99,8,1
d49fb226-b24f-4cfe-89ed-cb4333062241,93,3c0f44f3-de23-4b4a-bf47-41d96516bcbc,Snake2,90,7,0
d49fb226-b24f-4cfe-89ed-cb4333062241,93,43d773ac-8129-4368-adb9-45e4d35fd400,Snake4,97,10,0
d49fb226-b24f-4cfe-89ed-cb4333062241,93,884292b2-32fa-4560-ad79-3c37392bbe6f,Snake1,70,8,1
d49fb226-b24f-4cfe-89ed-cb4333062241,93,94ab3b15-e206-4451-9e74-72273b99c2e1,Snake3,99,8,1
d49fb226-b24f-4cfe-89ed-cb4333062241,93,3c0f44f3-de23-4b4a-bf47-41d96516bcbc,Snake2,90,7,0
d49fb226-b24f-4cfe-89ed-cb4333062241,93,43d773ac-8129-4368-adb9-45e4d35fd400,Snake4,97,10,0
d49fb226-b24f-4cfe-89ed-cb4333062241,94,884292b2-32fa-4560-ad79-3c37392bbe6f,Snake1,69,8,1
d49fb226-b24f-4cfe-89ed-cb4333062241,94,94ab3b15-e206-4451-9e74-72273b99c2e1,Snake3,98,8,1
d49fb226-b24f-4cfe-89ed-cb4333062241,94,3c0f44f3-de23-4b4a-bf47-41d96516bcbc,Snake2,90,7,0
d49fb226-b24f-4cfe-89ed-cb4333062241,94,43d773ac-8129-4368-adb9-45e4d35fd400,Snake4,97,10,0
d49fb226-b24f-4cfe-89ed-cb4333062241,94,884292b2-32fa-4560-ad79-3c37392bbe6f,Snake1,69,8,1
d49fb226-b24f-4cfe-89ed-cb4333062241,94,94ab3b15-e206-4451-9e74-72273b99c2e1,Snake3,98,8,1
d49fb226-b24f-4cfe-89ed-cb4333062241,94,3c0f44f3-de23-4b4a-bf47-41d96516bcbc,Snake2,90,7,0
d49fb226-b24f-4cfe-89ed-cb4333062241,94,43d773ac-8129-4368-adb9-45e4d35fd400,Snake4,97,10,0
d49fb226-b24f-4cfe-89ed-cb4333062241,95,884292b2-32fa-4560-ad79-3c37392bbe6f,Snake1,68,8,1
d49fb226-b24f-4cfe-89ed-cb4333062241,95,94ab3b15-e206-4451-9e74-72273b99c2e1,Snake3,97,8,1
d49fb226-b24f-4cfe-89ed-cb4333062241,95,3c0f44f3-de23-4b4a-bf47-41d96516bcbc,Snake2,90,7,0
d49fb226-b24f-4cfe-89ed-cb4333062241,95,43d773ac-8129-4368-adb9-45e4d35fd400,Snake4,97,10,0
d49fb226-b24f-4cfe-89ed-cb4333062241,95,884292b2-32fa-4560-ad79-3c37392bbe6f,Snake1,68,8,1
d49fb226-b24f-4cfe-89ed-cb4333062241,95,94ab3b15-e206-4451-9e74-72273b99c2e1,Snake3,97,8,1
d49fb226-b24f-4cfe-89ed-cb4333062241,95,3c0f44f3-de23-4b4a-bf47-41d96516bcbc,Snake2,90,7,0
d49fb226-b24f-4cfe-89ed-cb4333062241,95,43d773ac-8129-4368-adb9-45e4d35fd400,Snake4,97,10,0
d49fb226-b24f-4cfe-89ed-cb4333062241,96,884292b2-32fa-4560-ad79-3c37392bbe6f,Snake1,67,8,1
d49fb226-b24f-4cfe-89ed-cb4333062241,96,94ab3b15-e206-4451-9e74-72273b99c2e1,Snake3,100,9,1
d49fb226-b24f-4cfe-89ed-cb4333062241,96,3c0f44f3-de23-4b4a-bf47-41d96516bcbc,Snake2,90,7,0
d49fb226-b24f-4cfe-89ed-cb4333062241,96,43d773ac-8129-4368-adb9-45e4d35fd400,Snake4,97,10,0
d49fb226-b24f-4cfe-89ed-cb4333062241,96,884292b2-32fa-4560-ad79-3c37392bbe6f,Snake1,67,8,1
d49fb226-b24f-4cfe-89ed-cb4333062241,96,94ab3b15-e206-4451-9e74-72273b99c2e1,Snake3,100,9,1
d49fb226-b24f-4cfe-89ed-cb4333062241,96,3c0f44f3-de23-4b4a-bf47-41d96516bcbc,Snake2,90,7,0
d49fb226-b24f-4cfe-89ed-cb4333062241,96,43d773ac-8129-4368-adb9-45e4d35fd400,Snake4,97,10,0
d49fb226-b24f-4cfe-89ed-cb4333062241,97,884292b2-32fa-4560-ad79-3c37392bbe6f,Snake1,66,8,1
d49fb226-b24f-4cfe-89ed-cb4333062241,97,94ab3b15-e206-4451-9e74-72273b99c2e1,Snake3,99,9,1
d49fb226-b24f-4cfe-89ed-cb4333062241,97,3c0f44f3-de23-4b4a-bf47-41d96516bcbc,Snake2,90,7,0
d49fb226-b24f-4cfe-89ed-cb4333062241,97,43d773ac-8129-4368-adb9-45e4d35fd400,Snake4,97,10,0
d49fb226-b24f-4cfe-89ed-cb4333062241,98,884292b2-32fa-4560-ad79-3c37392bbe6f,Snake1,65,8,1
d49fb226-b24f-4cfe-89ed-cb4333062241,98,94ab3b15-e206-4451-9e74-72273b99c2e1,Snake3,98,9,1
d49fb226-b24f-4cfe-89ed-cb4333062241,98,3c0f44f3-de23-4b4a-bf47-41d96516bcbc,Snake2,90,7,0
d49fb226-b24f-4cfe-89ed-cb4333062241,98,43d773ac-8129-4368-adb9-45e4d35fd400,Snake4,97,10,0
d49fb226-b24f-4cfe-89ed-cb4333062241,98,884292b2-32fa-4560-ad79-3c37392bbe6f,Snake1,65,8,1
d49fb226-b24f-4cfe-89ed-cb4333062241,98,94ab3b15-e206-4451-9e74-72273b99c2e1,Snake3,98,9,1
d49fb226-b24f-4cfe-89ed-cb4333062241,98,3c0f44f3-de23-4b4a-bf47-41d96516bcbc,Snake2,90,7,0
d49fb226-b24f-4cfe-89ed-cb4333062241,98,43d773ac-8129-4368-adb9-45e4d35fd400,Snake4,97,10,0
d49fb226-b24f-4cfe-89ed-cb4333062241,99,884292b2-32fa-4560-ad79-3c37392bbe6f,Snake1,64,8,1
d49fb226-b24f-4cfe-89ed-cb4333062241,99,94ab3b15-e206-4451-9e74-72273b99c2e1,Snake3,97,9,1
d49fb226-b24f-4cfe-89ed-cb4333062241,99,3c0f44f3-de23-4b4a-bf47-41d96516bcbc,Snake2,90,7,0
d49fb226-b24f-4cfe-89ed-cb4333062241,99,43d773ac-8129-4368-adb9-45e4d35fd400,Snake4,97,10,0
d49fb226-b24f-4cfe-89ed-cb4333062241,99,884292b2-32fa-4560-ad79-3c37392bbe6f,Snake1,64,8,1
d49fb226-b24f-4cfe-89ed-cb4333062241,99,94ab3b15-e206-4451-9e74-72273b99c2e1,Snake3,97,9,1
d49fb226-b24f-4cfe-89ed-cb4333062241,99,3c0f44f3-de23-4b4a-bf47-41d96516bcbc,Snake2,90,7,0
d49fb226-b24f-4cfe-89ed-cb4333062241,99,43d773ac-8129-4368-adb9-45e4d35fd400,Snake4,97,10,0
d49fb226-b24f-4cfe-89ed-cb4333062241,100,884292b2-32fa-4560-ad79-3c37392bbe6f,Snake1,63,8,1
d49fb226-b24f-4cfe-89ed-cb4333062241,100,94ab3b15-e206-4451-9e74-72273b99c2e1,Snake3,96,9,1
d49fb226-b24f-4cfe-89ed-cb4333062241,100,3c0f44f3-de23-4b4a-bf47-41d96516bcbc,Snake2,90,7,0
d49fb226-b24f-4cfe-89ed-cb4333062241,100,43d773ac-8129-4368-adb9-45e4d35fd400,Snake4,97,10,0
d49fb226-b24f-4cfe-89ed-cb4333062241,100,884292b2-32fa-4560-ad79-3c37392bbe6f,Snake1,63,8,1
d49fb226-b24f-4cfe-89ed-cb4333062241,100,94ab3b15-e206-4451-9e74-72273b99c2e1,Snake3,96,9,1
d49fb226-b24f-4cfe-89ed-cb4333062241,100,3c0f44f3-de23-4b4a-bf47-41d96516bcbc,Snake2,90,7,0
d49fb226-b24f-4cfe-89ed-cb4333062241,100,43d773ac-8129-4368-adb9-45e4d35fd400,Snake4,97,10,0
d49fb226-b24f-4cfe-89ed-cb4333062241,101,884292b2-32fa-4560-ad79-3c37392bbe6f,Snake1,62,8,1
d49fb226-b24f-4cfe-89ed-cb4333062241,101,94ab3b15-e206-4451-9e74-72273b99c2e1,Snake3,95,9,1
d49fb226-b24f-4cfe-89ed-cb4333062241,101,3c0f44f3-de23-4b4a-bf47-41d96516bcbc,Snake2,90,7,0
d49fb226-b24f-4cfe-89ed-cb4333062241,101,43d773ac-8129-4368-adb9-45e4d35fd400,Snake4,97,10,0
d49fb226-b24f-4cfe-89ed-cb4333062241,102,884292b2-32fa-4560-ad79-3c37392bbe6f,Snake1,61,8,1
d49fb226-b24f-4cfe-89ed-cb4333062241,102,94ab3b15-e206-4451-9e74-72273b99c2e1,Snake3,94,9,1
d49fb226-b24f-4cfe-89ed-cb4333062241,102,3c0f44f3-de23-4b4a-bf47-41d96516bcbc,Snake2,90,7,0
d49fb226-b24f-4cfe-89ed-cb4333062241,102,43d773ac-8129-4368-adb9-45e4d35fd400,Snake4,97,10,0
d49fb226-b24f-4cfe-89ed-cb4333062241,102,884292b2-32fa-4560-ad79-3c37392bbe6f,Snake1,61,8,1
d49fb226-b24f-4cfe-89ed-cb4333062241,102,94ab3b15-e206-4451-9e74-72273b99c2e1,Snake3,94,9,1
d49fb226-b24f-4cfe-89ed-cb4333062241,102,3c0f44f3-de23-4b4a-bf47-41d96516bcbc,Snake2,90,7,0
d49fb226-b24f-4cfe-89ed-cb4333062241,102,43d773ac-8129-4368-adb9-45e4d35fd400,Snake4,97,10,0
d49fb226-b24f-4cfe-89ed-cb4333062241,103,884292b2-32fa-4560-ad79-3c37392bbe6f,Snake1,60,8,1
d49fb226-b24f-4cfe-89ed-cb4333062241,103,94ab3b15-e206-4451-9e74-72273b99c2e1,Snake3,93,9,1
d49fb226-b24f-4cfe-89ed-cb4333062241,103,3c0f44f3-de23-4b4a-bf47-41d96516bcbc,Snake2,90,7,0
d49fb226-b24f-4cfe-89ed-cb4333062241,103,43d773ac-8129-4368-adb9-45e4d35fd400,Snake4,97,10,0
d49fb226-b24f-4cfe-89ed-cb4333062241,103,884292b2-32fa-4560-ad79-3c37392bbe6f,Snake1,60,8,1
d49fb226-b24f-4cfe-89ed-cb4333062241,103,94ab3b15-e206-4451-9e74-72273b99c2e1,Snake3,93,9,1
d49fb226-b24f-4cfe-89ed-cb4333062241,103,3c0f44f3-de23-4b4a-bf47-41d96516bcbc,Snake2,90,7,0
d49fb226-b24f-4cfe-89ed-cb4333062241,103,43d773ac-8129-4368-adb9-45e4d35fd400,Snake4,97,10,0
d49fb226-b24f-4cfe-89ed-cb4333062241,104,884292b2-32fa-4560-ad79-3c37392bbe6f,Snake1,59,8,1
d49fb226-b24f-4cfe-89ed-cb4333062241,104,94ab3b15-e206-4451-9e74-72273b99c2e1,Snake3,36,9,1
d49fb226-b24f-4cfe-89ed-cb4333062241,104,3c0f44f3-de23-4b4a-bf47-41d96516bcbc,Snake2,90,7,0
d49fb226-b24f-4cfe-89ed-cb4333062241,104,43d773ac-8129-4368-adb9-45e4d35fd400,Snake4,97,10,0
d49fb226-b24f-4cfe-89ed-cb4333062241,104,884292b2-32fa-4560-ad79-3c37392bbe6f,Snake1,59,8,1
d49fb226-b24f-4cfe-89ed-cb4333062241,104,94ab3b15-e206-4451-9e74-72273b99c2e1,Snake3,36,9,1
d49fb226-b24f-4cfe-89ed-cb4333062241,104,3c0f44f3-de23-4b4a-bf47-41d96516bcbc,Snake2,90,7,0
d49fb226-b24f-4cfe-89ed-cb4333062241,104,43d773ac-8129-4368-adb9-45e4d35fd400,Snake4,97,10,0
d49fb226-b24f-4cfe-89ed-cb4333062241,105,884292b2-32fa-4560-ad79-3c37392bbe6f,Snake1,58,8,1
d49fb226-b24f-4cfe-89ed-cb4333062241,105,94ab3b15-e206-4451-9e74-72273b99c2e1,Snake3,35,9,1
d49fb226-b24f-4cfe-89ed-cb4333062241,105,3c0f44f3-de23-4b4a-bf47-41d96516bcbc,Snake2,90,7,0
d49fb226-b24f-4cfe-89ed-cb4333062241,105,43d773ac-8129-4368-adb9-45e4d35fd400,Snake4,97,10,0
d49fb226-b24f-4cfe-89ed-cb4333062241,105,884292b2-32fa-4560-ad79-3c37392bbe6f,Snake1,58,8,1
d49fb226-b24f-4cfe-89ed-cb4333062241,105,94ab3b15-e206-4451-9e74-72273b99c2e1,Snake3,35,9,1
d49fb226-b24f-4cfe-89ed-cb4333062241,105,3c0f44f3-de23-4b4a-bf47-41d96516bcbc,Snake2,90,7,0
d49fb226-b24f-4cfe-89ed-cb4333062241,105,43d773ac-8129-4368-adb9-45e4d35fd400,Snake4,97,10,0
d49fb226-b24f-4cfe-89ed-cb4333062241,106,884292b2-32fa-4560-ad79-3c37392bbe6f,Snake1,57,8,1
d49fb226-b24f-4cfe-89ed-cb4333062241,106,94ab3b15-e206-4451-9e74-72273b99c2e1,Snake3,34,9,1
d49fb226-b24f-4cfe-89ed-cb4333062241,106,3c0f44f3-de23-4b4a-bf47-41d96516bcbc,Snake2,90,7,0
d49fb226-b24f-4cfe-89ed-cb4333062241,106,43d773ac-8129-4368-adb9-45e4d35fd400,Snake4,97,10,0
d49fb226-b24f-4cfe-89ed-cb4333062241,106,884292b2-32fa-4560-ad79-3c37392bbe6f,Snake1,57,8,1
d49fb226-b24f-4cfe-89ed-cb4333062241,106,94ab3b15-e206-4451-9e74-72273b99c2e1,Snake3,34,9,1
d49fb226-b24f-4cfe-89ed-cb4333062241,106,3c0f44f3-de23-4b4a-bf47-41d96516bcbc,Snake2,90,7,0
d49fb226-b24f-4cfe-89ed-cb4333062241,106,43d773ac-8129-4368-adb9-45e4d35fd400,Snake4,97,10,0
d49fb226-b24f-4cfe-89ed-cb4333062241,107,884292b2-32fa-4560-ad79-3c37392bbe6f,Snake1,56,8,1
d49fb226-b24f-4cfe-89ed-cb4333062241,107,94ab3b15-e206-4451-9e74-72273b99c2e1,Snake3,33,9,1
d49fb226-b24f-4cfe-89ed-cb4333062241,107,3c0f44f3-de23-4b4a-bf47-41d96516bcbc,Snake2,90,7,0
d49fb226-b24f-4cfe-89ed-cb4333062241,107,43d773ac-8129-4368-adb9-45e4d35fd400,Snake4,97,10,0
d49fb226-b24f-4cfe-89ed-cb4333062241,107,884292b2-32fa-4560-ad79-3c37392bbe6f,Snake1,56,8,1
d49fb226-b24f-4cfe-89ed-cb4333062241,107,94ab3b15-e206-4451-9e74-72273b99c2e1,Snake3,33,9,1
d49fb226-b24f-4cfe-89ed-cb4333062241,107,3c0f44f3-de23-4b4a-bf47-41d96516bcbc,Snake2,90,7,0
d49fb226-b24f-4cfe-89ed-cb4333062241,107,43d773ac-8129-4368-adb9-45e4d35fd400,Snake4,97,10,0
d49fb226-b24f-4cfe-89ed-cb4333062241,108,884292b2-32fa-4560-ad79-3c37392bbe6f,Snake1,55,8,1
d49fb226-b24f-4cfe-89ed-cb4333062241,108,94ab3b15-e206-4451-9e74-72273b99c2e1,Snake3,32,9,1
d49fb226-b24f-4cfe-89ed-cb4333062241,108,3c0f44f3-de23-4b4a-bf47-41d96516bcbc,Snake2,90,7,0
d49fb226-b24f-4cfe-89ed-cb4333062241,108,43d773ac-8129-4368-adb9-45e4d35fd400,Snake4,97,10,0
d49fb226-b24f-4cfe-89ed-cb4333062241,108,884292b2-32fa-4560-ad79-3c37392bbe6f,Snake1,55,8,1
d49fb226-b24f-4cfe-89ed-cb4333062241,108,94ab3b15-e206-4451-9e74-72273b99c2e1,Snake3,32,9,1
d49fb226-b24f-4cfe-89ed-cb4333062241,108,3c0f44f3-de23-4b4a-bf47-41d96516bcbc,Snake2,90,7,0
d49fb226-b24f-4cfe-89ed-cb4333062241,108,43d773ac-8129-4368-adb9-45e4d35fd400,Snake4,97,10,0
d49fb226-b24f-4cfe-89ed-cb4333062241,109,884292b2-32fa-4560-ad79-3c37392bbe6f,Snake1,54,8,1
d49fb226-b24f-4cfe-89ed-cb4333062241,109,94ab3b15-e206-4451-9e74-72273b99c2e1,Snake3,31,9,1
d49fb226-b24f-4cfe-89ed-cb4333062241,109,3c0f44f3-de23-4b4a-bf47-41d96516bcbc,Snake2,90,7,0
d49fb226-b24f-4cfe-89ed-cb4333062241,109,43d773ac-8129-4368-adb9-45e4d35fd400,Snake4,97,10,0
d49fb226-b24f-4cfe-89ed-cb4333062241,109,884292b2-32fa-4560-ad79-3c37392bbe6f,Snake1,54,8,1
d49fb226-b24f-4cfe-89ed-cb4333062241,109,94ab3b15-e206-4451-9e74-72273b99c2e1,Snake3,31,9,1
d49fb226-b24f-4cfe-89ed-cb4333062241,109,3c0f44f3-de23-4b4a-bf47-41d96516bcbc,Snake2,90,7,0
d49fb226-b24f-4cfe-89ed-cb4333062241,109,43d773ac-8129-4368-adb9-45e4d35fd400,Snake4,97,10,0
d49fb226-b24f-4cfe-89ed-cb4333062241,110,884292b2-32fa-4560-ad79-3c37392bbe6f,Snake1,53,8,1
d49fb226-b24f-4cfe-89ed-cb4333062241,110,94ab3b15-e206-4451-9e74-72273b99c2e1,Snake3,30,9,1
d49fb226-b24f-4cfe-89ed-cb4333062241,110,3c0f44f3-de23-4b4a-bf47-41d96516bcbc,Snake2,90,7,0
d49fb226-b24f-4cfe-89ed-cb4333062241,110,43d773ac-8129-4368-adb9-45e4d35fd400,Snake4,97,10,0
d49fb226-b24f-4cfe-89ed-cb4333062241,110,884292b2-32fa-4560-ad79-3c37392bbe6f,Snake1,53,8,1
d49fb226-b24f-4cfe-89ed-cb4333062241,110,94ab3b15-e206-4451-9e74-72273b99c2e1,Snake3,30,9,1
d49fb226-b24f-4cfe-89ed-cb4333062241,110,3c0f44f3-de23-4b4a-bf47-41d96516bcbc,Snake2,90,7,0
d49fb226-b24f-4cfe-89ed-cb4333062241,110,43d773ac-8129-4368-adb9-45e4d35fd400,Snake4,97,10,0
d49fb226-b24f-4cfe-89ed-cb4333062241,111,884292b2-32fa-4560-ad79-3c37392bbe6f,Snake1,100,9,1
d49fb226-b24f-4cfe-89ed-cb4333062241,111,94ab3b15-e206-4451-9e74-72273b99c2e1,Snake3,29,9,1
d49fb226-b24f-4cfe-89ed-cb4333062241,111,3c0f44f3-de23-4b4a-bf47-41d96516bcbc,Snake2,90,7,0
d49fb226-b24f-4cfe-89ed-cb4333062241,111,43d773ac-8129-4368-adb9-45e4d35fd400,Snake4,97,10,0
d49fb226-b24f-4cfe-89ed-cb4333062241,111,884292b2-32fa-4560-ad79-3c37392bbe6f,Snake1,100,9,1
d49fb226-b24f-4cfe-89ed-cb4333062241,111,94ab3b15-e206-4451-9e74-72273b99c2e1,Snake3,29,9,1
d49fb226-b24f-4cfe-89ed-cb4333062241,111,3c0f44f3-de23-4b4a-bf47-41d96516bcbc,Snake2,90,7,0
d49fb226-b24f-4cfe-89ed-cb4333062241,111,43d773ac-8129-4368-adb9-45e4d35fd400,Snake4,97,10,0
d49fb226-b24f-4cfe-89ed-cb4333062241,112,884292b2-32fa-4560-ad79-3c37392bbe6f,Snake1,99,9,1
d49fb226-b24f-4cfe-89ed-cb4333062241,112,94ab3b15-e206-4451-9e74-72273b99c2e1,Snake3,100,10,1
d49fb226-b24f-4cfe-89ed-cb4333062241,112,3c0f44f3-de23-4b4a-bf47-41d96516bcbc,Snake2,90,7,0
d49fb226-b24f-4cfe-89ed-cb4333062241,112,43d773ac-8129-4368-adb9-45e4d35fd400,Snake4,97,10,0
d49fb226-b24f-4cfe-89ed-cb4333062241,112,884292b2-32fa-4560-ad79-3c37392bbe6f,Snake1,99,9,1
d49fb226-b24f-4cfe-89ed-cb4333062241,112,94ab3b15-e206-4451-9e74-72273b99c2e1,Snake3,100,10,1
d49fb226-b24f-4cfe-89ed-cb4333062241,112,3c0f44f3-de23-4b4a-bf47-41d96516bcbc,Snake2,90,7,0
d49fb226-b24f-4cfe-89ed-cb4333062241,112,43d773ac-8129-4368-adb9-45e4d35fd400,Snake4,97,10,0
d49fb226-b24f-4cfe-89ed-cb4333062241,113,884292b2-32fa-4560-ad79-3c37392bbe6f,Snake1,98,9,1
d49fb226-b24f-4cfe-89ed-cb4333062241,113,94ab3b15-e206-4451-9e74-72273b99c2e1,Snake3,99,10,1
d49fb226-b24f-4cfe-89ed-cb4333062241,113,3c0f44f3-de23-4b4a-bf47-41d96516bcbc,Snake2,90,7,0
d49fb226-b24f-4cfe-89ed-cb4333062241,113,43d773ac-8129-4368-adb9-45e4d35fd400,Snake4,97,10,0
d49fb226-b24f-4cfe-89ed-cb4333062241,113,884292b2-32fa-4560-ad79-3c37392bbe6f,Snake1,98,9,1
d49fb226-b24f-4cfe-89ed-cb4333062241,113,94ab3b15-e206-4451-9e74-72273b99c2e1,Snake3,99,10,1
d49fb226-b24f-4cfe-89ed-cb4333062241,113,3c0f44f3-de23-4b4a-bf47-41d96516bcbc,Snake2,90,7,0
d49fb226-b24f-4cfe-89ed-cb4333062241,113,43d773ac-8129-4368-adb9-45e4d35fd400,Snake4,97,10,0
d49fb226-b24f-4cfe-89ed-cb4333062241,114,884292b2-32fa-4560-ad79-3c37392bbe6f,Snake1,97,9,1
d49fb226-b24f-4cfe-89ed-cb4333062241,114,94ab3b15-e206-4451-9e74-72273b99c2e1,Snake3,100,11,1
d49fb226-b24f-4cfe-89ed-cb4333062241,114,3c0f44f3-de23-4b4a-bf47-41d96516bcbc,Snake2,90,7,0
d49fb226-b24f-4cfe-89ed-cb4333062241,114,43d773ac-8129-4368-adb9-45e4d35fd400,Snake4,97,10,0
d49fb226-b24f-4cfe-89ed-cb4333062241,114,884292b2-32fa-4560-ad79-3c37392bbe6f,Snake1,97,9,1
d49fb226-b24f-4cfe-89ed-cb4333062241,114,94ab3b15-e206-4451-9e74-72273b99c2e1,Snake3,100,11,1
d49fb226-b24f-4cfe-89ed-cb4333062241,114,3c0f44f3-de23-4b4a-bf47-41d96516bcbc,Snake2,90,7,0
d49fb226-b24f-4cfe-89ed-cb4333062241,114,43d773ac-8129-4368-adb9-45e4d35fd400,Snake4,97,10,0
d49fb226-b24f-4cfe-89ed-cb4333062241,115,884292b2-32fa-4560-ad79-3c37392bbe6f,Snake1,96,9,1
d49fb226-b24f-4cfe-89ed-cb4333062241,115,94ab3b15-e206-4451-9e74-72273b99c2e1,Snake3,99,11,1
d49fb226-b24f-4cfe-89ed-cb4333062241,115,3c0f44f3-de23-4b4a-bf47-41d96516bcbc,Snake2,90,7,0
d49fb226-b24f-4cfe-89ed-cb4333062241,115,43d773ac-8129-4368-adb9-45e4d35fd400,Snake4,97,10,0
d49fb226-b24f-4cfe-89ed-cb4333062241,115,884292b2-32fa-4560-ad79-3c37392bbe6f,Snake1,96,9,1
d49fb226-b24f-4cfe-89ed-cb4333062241,115,94ab3b15-e206-4451-9e74-72273b99c2e1,Snake3,99,11,1
d49fb226-b24f-4cfe-89ed-cb4333062241,115,3c0f44f3-de23-4b4a-bf47-41d96516bcbc,Snake2,90,7,0
d49fb226-b24f-4cfe-89ed-cb4333062241,115,43d773ac-8129-4368-adb9-45e4d35fd400,Snake4,97,10,0
d49fb226-b24f-4cfe-89ed-cb4333062241,116,884292b2-32fa-4560-ad79-3c37392bbe6f,Snake1,95,9,1
d49fb226-b24f-4cfe-89ed-cb4333062241,116,94ab3b15-e206-4451-9e74-72273b99c2e1,Snake3,98,11,1
d49fb226-b24f-4cfe-89ed-cb4333062241,116,3c0f44f3-de23-4b4a-bf47-41d96516bcbc,Snake2,90,7,0
d49fb226-b24f-4cfe-89ed-cb4333062241,116,43d773ac-8129-4368-adb9-45e4d35fd400,Snake4,97,10,0
d49fb226-b24f-4cfe-89ed-cb4333062241,116,884292b2-32fa-4560-ad79-3c37392bbe6f,Snake1,95,9,1
d49fb226-b24f-4cfe-89ed-cb4333062241,116,94ab3b15-e206-4451-9e74-72273b99c2e1,Snake3,98,11,1
d49fb226-b24f-4cfe-89ed-cb4333062241,116,3c0f44f3-de23-4b4a-bf47-41d96516bcbc,Snake2,90,7,0
d49fb226-b24f-4cfe-89ed-cb4333062241,116,43d773ac-8129-4368-adb9-45e4d35fd400,Snake4,97,10,0
d49fb226-b24f-4cfe-89ed-cb4333062241,117,884292b2-32fa-4560-ad79-3c37392bbe6f,Snake1,94,9,1
d49fb226-b24f-4cfe-89ed-cb4333062241,117,94ab3b15-e206-4451-9e74-72273b99c2e1,Snake3,100,12,1
d49fb226-b24f-4cfe-89ed-cb4333062241,117,3c0f44f3-de23-4b4a-bf47-41d96516bcbc,Snake2,90,7,0
d49fb226-b24f-4cfe-89ed-cb4333062241,117,43d773ac-8129-4368-adb9-45e4d35fd400,Snake4,97,10,0
d49fb226-b24f-4cfe-89ed-cb4333062241,117,884292b2-32fa-4560-ad79-3c37392bbe6f,Snake1,94,9,1
d49fb226-b24f-4cfe-89ed-cb4333062241,117,94ab3b15-e206-4451-9e74-72273b99c2e1,Snake3,100,12,1
d49fb226-b24f-4cfe-89ed-cb4333062241,117,3c0f44f3-de23-4b4a-bf47-41d96516bcbc,Snake2,90,7,0
d49fb226-b24f-4cfe-89ed-cb4333062241,117,43d773ac-8129-4368-adb9-45e4d35fd400,Snake4,97,10,0
d49fb226-b24f-4cfe-89ed-cb4333062241,118,884292b2-32fa-4560-ad79-3c37392bbe6f,Snake1,93,9,1
d49fb226-b24f-4cfe-89ed-cb4333062241,118,94ab3b15-e206-4451-9e74-72273b99c2e1,Snake3,99,12,1
d49fb226-b24f-4cfe-89ed-cb4333062241,118,3c0f44f3-de23-4b4a-bf47-41d96516bcbc,Snake2,90,7,0
d49fb226-b24f-4cfe-89ed-cb4333062241,118,43d773ac-8129-4368-adb9-45e4d35fd400,Snake4,97,10,0
d49fb226-b24f-4cfe-89ed-cb4333062241,118,884292b2-32fa-4560-ad79-3c37392bbe6f,Snake1,93,9,1
d49fb226-b24f-4cfe-89ed-cb4333062241,118,94ab3b15-e206-4451-9e74-72273b99c2e1,Snake3,99,12,1
d49fb226-b24f-4cfe-89ed-cb4333062241,118,3c0f44f3-de23-4b4a-bf47-41d96516bcbc,Snake2,90,7,0
d49fb226-b24f-4cfe-89ed-cb4333062241,118,43d773ac-8129-4368-adb9-45e4d35fd400,Snake4,97,10,0
d49fb226-b24f-4cfe-89ed-cb4333062241,119,884292b2-32fa-4560-ad79-3c37392bbe6f,Snake1,92,9,1
d49fb226-b24f-4cfe-89ed-cb4333062241,119,94ab3b15-e206-4451-9e74-72273b99c2e1,Snake3,100,13,1
d49fb226-b24f-4cfe-89ed-cb4333062241,119,3c0f44f3-de23-4b4a-bf47-41d96516bcbc,Snake2,90,7,0
d49fb226-b24f-4cfe-89ed-cb4333062241,119,43d773ac-8129-4368-adb9-45e4d35fd400,Snake4,97,10,0
d49fb226-b24f-4cfe-89ed-cb4333062241,119,884292b2-32fa-4560-ad79-3c37392bbe6f,Snake1,92,9,1
d49fb226-b24f-4cfe-89ed-cb4333062241,119,94ab3b15-e206-4451-9e74-72273b99c2e1,Snake3,100,13,1
d49fb226-b24f-4cfe-89ed-cb4333062241,119,3c0f44f3-de23-4b4a-bf47-41d96516bcbc,Snake2,90,7,0
d49fb226-b24f-4cfe-89ed-cb4333062241,119,43d773ac-8129-4368-adb9-45e4d35fd400,Snake4,97,10,0
d49fb226-b24f-4cfe-89ed-cb4333062241,120,884292b2-32fa-4560-ad79-3c37392bbe6f,Snake1,91,9,1
d49fb226-b24f-4cfe-89ed-cb4333062241,120,94ab3b15-e206-4451-9e74-72273b99c2e1,Snake3,99,13,1
d49fb226-b24f-4cfe-89ed-cb4333062241,120,3c0f44f3-de23-4b4a-bf47-41d96516bcbc,Snake2,90,7,0
d49fb226-b24f-4cfe-89ed-cb4333062241,120,43d773ac-8129-4368-adb9-45e4d35fd400,Snake4,97,10,0
d49fb226-b24f-4cfe-89ed-cb4333062241,120,884292b2-32fa-4560-ad79-3c37392bbe6f,Snake1,91,9,1
d49fb226-b24f-4cfe-89ed-cb4333062241,120,94ab3b15-e206-4451-9e74-72273b99c2e1,Snake3,99,13,1
d49fb226-b24f-4cfe-89ed-cb4333062241,120,3c0f44f3-de23-4b4a-bf47-41d96516bcbc,Snake2,90,7,0
d49fb226-b24f-4cfe-89ed-cb4333062241,120,43d773ac-8129-4368-adb9-45e4d35fd400,Snake4,97,10,0
d49fb226-b24f-4cfe-89ed-cb4333062241,121,884292b2-32fa-4560-ad79-3c37392bbe6f,Snake1,90,9,1
d49fb226-b24f-4cfe-89ed-cb4333062241,121,94ab3b15-e206-4451-9e74-72273b99c2e1,Snake3,98,13,1
d49fb226-b24f-4cfe-89ed-cb4333062241,121,3c0f44f3-de23-4b4a-bf47-41d96516bcbc,Snake2,90,7,0
d49fb226-b24f-4cfe-89ed-cb4333062241,121,43d773ac-8129-4368-adb9-45e4d35fd400,Snake4,97,10,0
d49fb226-b24f-4cfe-89ed-cb4333062241,121,884292b2-32fa-4560-ad79-3c37392bbe6f,Snake1,90,9,1
d49fb226-b24f-4cfe-89ed-cb4333062241,121,94ab3b15-e206-4451-9e74-72273b99c2e1,Snake3,98,13,1
d49fb226-b24f-4cfe-89ed-cb4333062241,121,3c0f44f3-de23-4b4a-bf47-41d96516bcbc,Snake2,90,7,0
d49fb226-b24f-4cfe-89ed-cb4333062241,121,43d773ac-8129-4368-adb9-45e4d35fd400,Snake4,97,10,0
d49fb226-b24f-4cfe-89ed-cb4333062241,122,884292b2-32fa-4560-ad79-3c37392bbe6f,Snake1,89,9,1
d49fb226-b24f-4cfe-89ed-cb4333062241,122,94ab3b15-e206-4451-9e74-72273b99c2e1,Snake3,97,13,1
d49fb226-b24f-4cfe-89ed-cb4333062241,122,3c0f44f3-de23-4b4a-bf47-41d96516bcbc,Snake2,90,7,0
d49fb226-b24f-4cfe-89ed-cb4333062241,122,43d773ac-8129-4368-adb9-45e4d35fd400,Snake4,97,10,0
d49fb226-b24f-4cfe-89ed-cb4333062241,122,884292b2-32fa-4560-ad79-3c37392bbe6f,Snake1,89,9,1
d49fb226-b24f-4cfe-89ed-cb4333062241,122,94ab3b15-e206-4451-9e74-72273b99c2e1,Snake3,97,13,1
d49fb226-b24f-4cfe-89ed-cb4333062241,122,3c0f44f3-de23-4b4a-bf47-41d96516bcbc,Snake2,90,7,0
d49fb226-b24f-4cfe-89ed-cb4333062241,122,43d773ac-8129-4368-adb9-45e4d35fd400,Snake4,97,10,0
d49fb226-b24f-4cfe-89ed-cb4333062241,123,884292b2-32fa-4560-ad79-3c37392bbe6f,Snake1,88,9,1
d49fb226-b24f-4cfe-89ed-cb4333062241,123,94ab3b15-e206-4451-9e74-72273b99c2e1,Snake3,96,13,1
d49fb226-b24f-4cfe-89ed-cb4333062241,123,3c0f44f3-de23-4b4a-bf47-41d96516bcbc,Snake2,90,7,0
d49fb226-b24f-4cfe-89ed-cb4333062241,123,43d773ac-8129-4368-adb9-45e4d35fd400,Snake4,97,10,0
d49fb226-b24f-4cfe-89ed-cb4333062241,123,884292b2-32fa-4560-ad79-3c37392bbe6f,Snake1,88,9,1
d49fb226-b24f-4cfe-89ed-cb4333062241,123,94ab3b15-e206-4451-9e74-72273b99c2e1,Snake3,96,13,1
d49fb226-b24f-4cfe-89ed-cb4333062241,123,3c0f44f3-de23-4b4a-bf47-41d96516bcbc,Snake2,90,7,0
d49fb226-b24f-4cfe-89ed-cb4333062241,123,43d773ac-8129-4368-adb9-45e4d35fd400,Snake4,97,10,0
d49fb226-b24f-4cfe-89ed-cb4333062241,124,884292b2-32fa-4560-ad79-3c37392bbe6f,Snake1,87,9,1
d49fb226-b24f-4cfe-89ed-cb4333062241,124,94ab3b15-e206-4451-9e74-72273b99c2e1,Snake3,95,13,1
d49fb226-b24f-4cfe-89ed-cb4333062241,124,3c0f44f3-de23-4b4a-bf47-41d96516bcbc,Snake2,90,7,0
d49fb226-b24f-4cfe-89ed-cb4333062241,124,43d773ac-8129-4368-adb9-45e4d35fd400,Snake4,97,10,0
d49fb226-b24f-4cfe-89ed-cb4333062241,124,884292b2-32fa-4560-ad79-3c37392bbe6f,Snake1,87,9,1
d49fb226-b24f-4cfe-89ed-cb4333062241,124,94ab3b15-e206-4451-9e74-72273b99c2e1,Snake3,95,13,1
d49fb226-b24f-4cfe-89ed-cb4333062241,124,3c0f44f3-de23-4b4a-bf47-41d96516bcbc,Snake2,90,7,0
d49fb226-b24f-4cfe-89ed-cb4333062241,124,43d773ac-8129-4368-adb9-45e4d35fd400,Snake4,97,10,0
d49fb226-b24f-4cfe-89ed-cb4333062241,125,884292b2-32fa-4560-ad79-3c37392bbe6f,Snake1,86,9,1
d49fb226-b24f-4cfe-89ed-cb4333062241,125,94ab3b15-e206-4451-9e74-72273b99c2e1,Snake3,94,13,1
d49fb226-b24f-4cfe-89ed-cb4333062241,125,3c0f44f3-de23-4b4a-bf47-41d96516bcbc,Snake2,90,7,0
d49fb226-b24f-4cfe-89ed-cb4333062241,125,43d773ac-8129-4368-adb9-45e4d35fd400,Snake4,97,10,0
d49fb226-b24f-4cfe-89ed-cb4333062241,125,884292b2-32fa-4560-ad79-3c37392bbe6f,Snake1,86,9,1
d49fb226-b24f-4cfe-89ed-cb4333062241,125,94ab3b15-e206-4451-9e74-72273b99c2e1,Snake3,94,13,1
d49fb226-b24f-4cfe-89ed-cb4333062241,125,3c0f44f3-de23-4b4a-bf47-41d96516bcbc,Snake2,90,7,0
d49fb226-b24f-4cfe-89ed-cb4333062241,125,43d773ac-8129-4368-adb9-45e4d35fd400,Snake4,97,10,0
d49fb226-b24f-4cfe-89ed-cb4333062241,126,884292b2-32fa-4560-ad79-3c37392bbe6f,Snake1,85,9,1
d49fb226-b24f-4cfe-89ed-cb4333062241,126,94ab3b15-e206-4451-9e74-72273b99c2e1,Snake3,100,14,1
d49fb226-b24f-4cfe-89ed-cb4333062241,126,3c0f44f3-de23-4b4a-bf47-41d96516bcbc,Snake2,90,7,0
d49fb226-b24f-4cfe-89ed-cb4333062241,126,43d773ac-8129-4368-adb9-45e4d35fd400,Snake4,97,10,0
d49fb226-b24f-4cfe-89ed-cb4333062241,126,884292b2-32fa-4560-ad79-3c37392bbe6f,Snake1,85,9,1
d49fb226-b24f-4cfe-89ed-cb4333062241,126,94ab3b15-e206-4451-9e74-72273b99c2e1,Snake3,100,14,1
d49fb226-b24f-4cfe-89ed-cb4333062241,126,3c0f44f3-de23-4b4a-bf47-41d96516bcbc,Snake2,90,7,0
d49fb226-b24f-4cfe-89ed-cb4333062241,126,43d773ac-8129-4368-adb9-45e4d35fd400,Snake4,97,10,0
d49fb226-b24f-4cfe-89ed-cb4333062241,127,884292b2-32fa-4560-ad79-3c37392bbe6f,Snake1,84,9,1
d49fb226-b24f-4cfe-89ed-cb4333062241,127,94ab3b15-e206-4451-9e74-72273b99c2e1,Snake3,99,14,1
d49fb226-b24f-4cfe-89ed-cb4333062241,127,3c0f44f3-de23-4b4a-bf47-41d96516bcbc,Snake2,90,7,0
d49fb226-b24f-4cfe-89ed-cb4333062241,127,43d773ac-8129-4368-adb9-45e4d35fd400,Snake4,97,10,0
d49fb226-b24f-4cfe-89ed-cb4333062241,127,884292b2-32fa-4560-ad79-3c37392bbe6f,Snake1,84,9,1
d49fb226-b24f-4cfe-89ed-cb4333062241,127,94ab3b15-e206-4451-9e74-72273b99c2e1,Snake3,99,14,1
d49fb226-b24f-4cfe-89ed-cb4333062241,127,3c0f44f3-de23-4b4a-bf47-41d96516bcbc,Snake2,90,7,0
d49fb226-b24f-4cfe-89ed-cb4333062241,127,43d773ac-8129-4368-adb9-45e4d35fd400,Snake4,97,10,0
d49fb226-b24f-4cfe-89ed-cb4333062241,128,884292b2-32fa-4560-ad79-3c37392bbe6f,Snake1,83,9,1
d49fb226-b24f-4cfe-89ed-cb4333062241,128,94ab3b15-e206-4451-9e74-72273b99c2e1,Snake3,98,14,1
d49fb226-b24f-4cfe-89ed-cb4333062241,128,3c0f44f3-de23-4b4a-bf47-41d96516bcbc,Snake2,90,7,0
d49fb226-b24f-4cfe-89ed-cb4333062241,128,43d773ac-8129-4368-adb9-45e4d35fd400,Snake4,97,10,0
d49fb226-b24f-4cfe-89ed-cb4333062241,128,884292b2-32fa-4560-ad79-3c37392bbe6f,Snake1,83,9,1
d49fb226-b24f-4cfe-89ed-cb4333062241,128,94ab3b15-e206-4451-9e74-72273b99c2e1,Snake3,98,14,1
d49fb226-b24f-4cfe-89ed-cb4333062241,128,3c0f44f3-de23-4b4a-bf47-41d96516bcbc,Snake2,90,7,0
d49fb226-b24f-4cfe-89ed-cb4333062241,128,43d773ac-8129-4368-adb9-45e4d35fd400,Snake4,97,10,0
d49fb226-b24f-4cfe-89ed-cb4333062241,129,884292b2-32fa-4560-ad79-3c37392bbe6f,Snake1,82,9,1
d49fb226-b24f-4cfe-89ed-cb4333062241,129,94ab3b15-e206-4451-9e74-72273b99c2e1,Snake3,97,14,1
d49fb226-b24f-4cfe-89ed-cb4333062241,129,3c0f44f3-de23-4b4a-bf47-41d96516bcbc,Snake2,90,7,0
d49fb226-b24f-4cfe-89ed-cb4333062241,129,43d773ac-8129-4368-adb9-45e4d35fd400,Snake4,97,10,0
d49fb226-b24f-4cfe-89ed-cb4333062241,129,884292b2-32fa-4560-ad79-3c37392bbe6f,Snake1,82,9,1
d49fb226-b24f-4cfe-89ed-cb4333062241,129,94ab3b15-e206-4451-9e74-72273b99c2e1,Snake3,97,14,1
d49fb226-b24f-4cfe-89ed-cb4333062241,129,3c0f44f3-de23-4b4a-bf47-41d96516bcbc,Snake2,90,7,0
d49fb226-b24f-4cfe-89ed-cb4333062241,129,43d773ac-8129-4368-adb9-45e4d35fd400,Snake4,97,10,0
d49fb226-b24f-4cfe-89ed-cb4333062241,130,884292b2-32fa-4560-ad79-3c37392bbe6f,Snake1,81,9,1
d49fb226-b24f-4cfe-89ed-cb4333062241,130,94ab3b15-e206-4451-9e74-72273b99c2e1,Snake3,96,14,1
d49fb226-b24f-4cfe-89ed-cb4333062241,130,3c0f44f3-de23-4b4a-bf47-41d96516bcbc,Snake2,90,7,0
d49fb226-b24f-4cfe-89ed-cb4333062241,130,43d773ac-8129-4368-adb9-45e4d35fd400,Snake4,97,10,0
d49fb226-b24f-4cfe-89ed-cb4333062241,130,884292b2-32fa-4560-ad79-3c37392bbe6f,Snake1,81,9,1
d49fb226-b24f-4cfe-89ed-cb4333062241,130,94ab3b15-e206-4451-9e74-72273b99c2e1,Snake3,96,14,1
d49fb226-b24f-4cfe-89ed-cb4333062241,130,3c0f44f3-de23-4b4a-bf47-41d96516bcbc,Snake2,90,7,0
d49fb226-b24f-4cfe-89ed-cb4333062241,130,43d773ac-8129-4368-adb9-45e4d35fd400,Snake4,97,10,0
d49fb226-b24f-4cfe-89ed-cb4333062241,131,884292b2-32fa-4560-ad79-3c37392bbe6f,Snake1,80,9,1
d49fb226-b24f-4cfe-89ed-cb4333062241,131,94ab3b15-e206-4451-9e74-72273b99c2e1,Snake3,95,14,1
d49fb226-b24f-4cfe-89ed-cb4333062241,131,3c0f44f3-de23-4b4a-bf47-41d96516bcbc,Snake2,90,7,0
d49fb226-b24f-4cfe-89ed-cb4333062241,131,43d773ac-8129-4368-adb9-45e4d35fd400,Snake4,97,10,0
d49fb226-b24f-4cfe-89ed-cb4333062241,131,884292b2-32fa-4560-ad79-3c37392bbe6f,Snake1,80,9,1
d49fb226-b24f-4cfe-89ed-cb4333062241,131,94ab3b15-e206-4451-9e74-72273b99c2e1,Snake3,95,14,1
d49fb226-b24f-4cfe-89ed-cb4333062241,131,3c0f44f3-de23-4b4a-bf47-41d96516bcbc,Snake2,90,7,0
d49fb226-b24f-4cfe-89ed-cb4333062241,131,43d773ac-8129-4368-adb9-45e4d35fd400,Snake4,97,10,0
d49fb226-b24f-4cfe-89ed-cb4333062241,132,884292b2-32fa-4560-ad79-3c37392bbe6f,Snake1,79,9,1
d49fb226-b24f-4cfe-89ed-cb4333062241,132,94ab3b15-e206-4451-9e74-72273b99c2e1,Snake3,94,14,1
d49fb226-b24f-4cfe-89ed-cb4333062241,132,3c0f44f3-de23-4b4a-bf47-41d96516bcbc,Snake2,90,7,0
d49fb226-b24f-4cfe-89ed-cb4333062241,132,43d773ac-8129-4368-adb9-45e4d35fd400,Snake4,97,10,0
d49fb226-b24f-4cfe-89ed-cb4333062241,132,884292b2-32fa-4560-ad79-3c37392bbe6f,Snake1,79,9,1
d49fb226-b24f-4cfe-89ed-cb4333062241,132,94ab3b15-e206-4451-9e74-72273b99c2e1,Snake3,94,14,1
d49fb226-b24f-4cfe-89ed-cb4333062241,132,3c0f44f3-de23-4b4a-bf47-41d96516bcbc,Snake2,90,7,0
d49fb226-b24f-4cfe-89ed-cb4333062241,132,43d773ac-8129-4368-adb9-45e4d35fd400,Snake4,97,10,0
d49fb226-b24f-4cfe-89ed-cb4333062241,133,884292b2-32fa-4560-ad79-3c37392bbe6f,Snake1,78,9,1
d49fb226-b24f-4cfe-89ed-cb4333062241,133,94ab3b15-e206-4451-9e74-72273b99c2e1,Snake3,93,14,1
d49fb226-b24f-4cfe-89ed-cb4333062241,133,3c0f44f3-de23-4b4a-bf47-41d96516bcbc,Snake2,90,7,0
d49fb226-b24f-4cfe-89ed-cb4333062241,133,43d773ac-8129-4368-adb9-45e4d35fd400,Snake4,97,10,0
d49fb226-b24f-4cfe-89ed-cb4333062241,134,884292b2-32fa-4560-ad79-3c37392bbe6f,Snake1,77,9,1
d49fb226-b24f-4cfe-89ed-cb4333062241,134,94ab3b15-e206-4451-9e74-72273b99c2e1,Snake3,92,14,1
d49fb226-b24f-4cfe-89ed-cb4333062241,134,3c0f44f3-de23-4b4a-bf47-41d96516bcbc,Snake2,90,7,0
d49fb226-b24f-4cfe-89ed-cb4333062241,134,43d773ac-8129-4368-adb9-45e4d35fd400,Snake4,97,10,0
d49fb226-b24f-4cfe-89ed-cb4333062241,134,884292b2-32fa-4560-ad79-3c37392bbe6f,Snake1,77,9,1
d49fb226-b24f-4cfe-89ed-cb4333062241,134,94ab3b15-e206-4451-9e74-72273b99c2e1,Snake3,92,14,1
d49fb226-b24f-4cfe-89ed-cb4333062241,134,3c0f44f3-de23-4b4a-bf47-41d96516bcbc,Snake2,90,7,0
d49fb226-b24f-4cfe-89ed-cb4333062241,134,43d773ac-8129-4368-adb9-45e4d35fd400,Snake4,97,10,0
d49fb226-b24f-4cfe-89ed-cb4333062241,135,884292b2-32fa-4560-ad79-3c37392bbe6f,Snake1,76,9,1
d49fb226-b24f-4cfe-89ed-cb4333062241,135,94ab3b15-e206-4451-9e74-72273b99c2e1,Snake3,91,14,1
d49fb226-b24f-4cfe-89ed-cb4333062241,135,3c0f44f3-de23-4b4a-bf47-41d96516bcbc,Snake2,90,7,0
d49fb226-b24f-4cfe-89ed-cb4333062241,135,43d773ac-8129-4368-adb9-45e4d35fd400,Snake4,97,10,0
d49fb226-b24f-4cfe-89ed-cb4333062241,135,884292b2-32fa-4560-ad79-3c37392bbe6f,Snake1,76,9,1
d49fb226-b24f-4cfe-89ed-cb4333062241,135,94ab3b15-e206-4451-9e74-72273b99c2e1,Snake3,91,14,1
d49fb226-b24f-4cfe-89ed-cb4333062241,135,3c0f44f3-de23-4b4a-bf47-41d96516bcbc,Snake2,90,7,0
d49fb226-b24f-4cfe-89ed-cb4333062241,135,43d773ac-8129-4368-adb9-45e4d35fd400,Snake4,97,10,0
d49fb226-b24f-4cfe-89ed-cb4333062241,136,884292b2-32fa-4560-ad79-3c37392bbe6f,Snake1,75,9,1
d49fb226-b24f-4cfe-89ed-cb4333062241,136,94ab3b15-e206-4451-9e74-72273b99c2e1,Snake3,90,14,1
d49fb226-b24f-4cfe-89ed-cb4333062241,136,3c0f44f3-de23-4b4a-bf47-41d96516bcbc,Snake2,90,7,0
d49fb226-b24f-4cfe-89ed-cb4333062241,136,43d773ac-8129-4368-adb9-45e4d35fd400,Snake4,97,10,0
d49fb226-b24f-4cfe-89ed-cb4333062241,136,884292b2-32fa-4560-ad79-3c37392bbe6f,Snake1,75,9,1
d49fb226-b24f-4cfe-89ed-cb4333062241,136,94ab3b15-e206-4451-9e74-72273b99c2e1,Snake3,90,14,1
d49fb226-b24f-4cfe-89ed-cb4333062241,136,3c0f44f3-de23-4b4a-bf47-41d96516bcbc,Snake2,90,7,0
d49fb226-b24f-4cfe-89ed-cb4333062241,136,43d773ac-8129-4368-adb9-45e4d35fd400,Snake4,97,10,0
d49fb226-b24f-4cfe-89ed-cb4333062241,137,884292b2-32fa-4560-ad79-3c37392bbe6f,Snake1,74,9,1
d49fb226-b24f-4cfe-89ed-cb4333062241,137,94ab3b15-e206-4451-9e74-72273b99c2e1,Snake3,89,14,1
d49fb226-b24f-4cfe-89ed-cb4333062241,137,3c0f44f3-de23-4b4a-bf47-41d96516bcbc,Snake2,90,7,0
d49fb226-b24f-4cfe-89ed-cb4333062241,137,43d773ac-8129-4368-adb9-45e4d35fd400,Snake4,97,10,0
d49fb226-b24f-4cfe-89ed-cb4333062241,137,884292b2-32fa-4560-ad79-3c37392bbe6f,Snake1,74,9,1
d49fb226-b24f-4cfe-89ed-cb4333062241,137,94ab3b15-e206-4451-9e74-72273b99c2e1,Snake3,89,14,1
d49fb226-b24f-4cfe-89ed-cb4333062241,137,3c0f44f3-de23-4b4a-bf47-41d96516bcbc,Snake2,90,7,0
d49fb226-b24f-4cfe-89ed-cb4333062241,137,43d773ac-8129-4368-adb9-45e4d35fd400,Snake4,97,10,0
d49fb226-b24f-4cfe-89ed-cb4333062241,138,884292b2-32fa-4560-ad79-3c37392bbe6f,Snake1,73,9,1
d49fb226-b24f-4cfe-89ed-cb4333062241,138,94ab3b15-e206-4451-9e74-72273b99c2e1,Snake3,88,14,1
d49fb226-b24f-4cfe-89ed-cb4333062241,138,3c0f44f3-de23-4b4a-bf47-41d96516bcbc,Snake2,90,7,0
d49fb226-b24f-4cfe-89ed-cb4333062241,138,43d773ac-8129-4368-adb9-45e4d35fd400,Snake4,97,10,0
d49fb226-b24f-4cfe-89ed-cb4333062241,138,884292b2-32fa-4560-ad79-3c37392bbe6f,Snake1,73,9,1
d49fb226-b24f-4cfe-89ed-cb4333062241,138,94ab3b15-e206-4451-9e74-72273b99c2e1,Snake3,88,14,1
d49fb226-b24f-4cfe-89ed-cb4333062241,138,3c0f44f3-de23-4b4a-bf47-41d96516bcbc,Snake2,90,7,0
d49fb226-b24f-4cfe-89ed-cb4333062241,138,43d773ac-8129-4368-adb9-45e4d35fd400,Snake4,97,10,0
d49fb226-b24f-4cfe-89ed-cb4333062241,139,884292b2-32fa-4560-ad79-3c37392bbe6f,Snake1,100,10,1
d49fb226-b24f-4cfe-89ed-cb4333062241,139,94ab3b15-e206-4451-9e74-72273b99c2e1,Snake3,87,14,1
d49fb226-b24f-4cfe-89ed-cb4333062241,139,3c0f44f3-de23-4b4a-bf47-41d96516bcbc,Snake2,90,7,0
d49fb226-b24f-4cfe-89ed-cb4333062241,139,43d773ac-8129-4368-adb9-45e4d35fd400,Snake4,97,10,0
d49fb226-b24f-4cfe-89ed-cb4333062241,139,884292b2-32fa-4560-ad79-3c37392bbe6f,Snake1,100,10,1
d49fb226-b24f-4cfe-89ed-cb4333062241,139,94ab3b15-e206-4451-9e74-72273b99c2e1,Snake3,87,14,1
d49fb226-b24f-4cfe-89ed-cb4333062241,139,3c0f44f3-de23-4b4a-bf47-41d96516bcbc,Snake2,90,7,0
d49fb226-b24f-4cfe-89ed-cb4333062241,139,43d773ac-8129-4368-adb9-45e4d35fd400,Snake4,97,10,0
d49fb226-b24f-4cfe-89ed-cb4333062241,140,884292b2-32fa-4560-ad79-3c37392bbe6f,Snake1,99,10,1
d49fb226-b24f-4cfe-89ed-cb4333062241,140,94ab3b15-e206-4451-9e74-72273b99c2e1,Snake3,86,14,1
d49fb226-b24f-4cfe-89ed-cb4333062241,140,3c0f44f3-de23-4b4a-bf47-41d96516bcbc,Snake2,90,7,0
d49fb226-b24f-4cfe-89ed-cb4333062241,140,43d773ac-8129-4368-adb9-45e4d35fd400,Snake4,97,10,0
d49fb226-b24f-4cfe-89ed-cb4333062241,140,884292b2-32fa-4560-ad79-3c37392bbe6f,Snake1,99,10,1
d49fb226-b24f-4cfe-89ed-cb4333062241,140,94ab3b15-e206-4451-9e74-72273b99c2e1,Snake3,86,14,1
d49fb226-b24f-4cfe-89ed-cb4333062241,140,3c0f44f3-de23-4b4a-bf47-41d96516bcbc,Snake2,90,7,0
d49fb226-b24f-4cfe-89ed-cb4333062241,140,43d773ac-8129-4368-adb9-45e4d35fd400,Snake4,97,10,0
d49fb226-b24f-4cfe-89ed-cb4333062241,141,884292b2-32fa-4560-ad79-3c37392bbe6f,Snake1,98,10,1
d49fb226-b24f-4cfe-89ed-cb4333062241,141,94ab3b15-e206-4451-9e74-72273b99c2e1,Snake3,85,14,1
d49fb226-b24f-4cfe-89ed-cb4333062241,141,3c0f44f3-de23-4b4a-bf47-41d96516bcbc,Snake2,90,7,0
d49fb226-b24f-4cfe-89ed-cb4333062241,141,43d773ac-8129-4368-adb9-45e4d35fd400,Snake4,97,10,0
d49fb226-b24f-4cfe-89ed-cb4333062241,141,884292b2-32fa-4560-ad79-3c37392bbe6f,Snake1,98,10,1
d49fb226-b24f-4cfe-89ed-cb4333062241,141,94ab3b15-e206-4451-9e74-72273b99c2e1,Snake3,85,14,1
d49fb226-b24f-4cfe-89ed-cb4333062241,141,3c0f44f3-de23-4b4a-bf47-41d96516bcbc,Snake2,90,7,0
d49fb226-b24f-4cfe-89ed-cb4333062241,141,43d773ac-8129-4368-adb9-45e4d35fd400,Snake4,97,10,0
d49fb226-b24f-4cfe-89ed-cb4333062241,142,884292b2-32fa-4560-ad79-3c37392bbe6f,Snake1,97,10,1
d49fb226-b24f-4cfe-89ed-cb4333062241,142,94ab3b15-e206-4451-9e74-72273b99c2e1,Snake3,100,15,1
d49fb226-b24f-4cfe-89ed-cb4333062241,142,3c0f44f3-de23-4b4a-bf47-41d96516bcbc,Snake2,90,7,0
d49fb226-b24f-4cfe-89ed-cb4333062241,142,43d773ac-8129-4368-adb9-45e4d35fd400,Snake4,97,10,0
d49fb226-b24f-4cfe-89ed-cb4333062241,142,884292b2-32fa-4560-ad79-3c37392bbe6f,Snake1,97,10,1
d49fb226-b24f-4cfe-89ed-cb4333062241,142,94ab3b15-e206-4451-9e74-72273b99c2e1,Snake3,100,15,1
d49fb226-b24f-4cfe-89ed-cb4333062241,142,3c0f44f3-de23-4b4a-bf47-41d96516bcbc,Snake2,90,7,0
d49fb226-b24f-4cfe-89ed-cb4333062241,142,43d773ac-8129-4368-adb9-45e4d35fd400,Snake4,97,10,0
d49fb226-b24f-4cfe-89ed-cb4333062241,143,884292b2-32fa-4560-ad79-3c37392bbe6f,Snake1,100,11,1
d49fb226-b24f-4cfe-89ed-cb4333062241,143,94ab3b15-e206-4451-9e74-72273b99c2e1,Snake3,99,15,1
d49fb226-b24f-4cfe-89ed-cb4333062241,143,3c0f44f3-de23-4b4a-bf47-41d96516bcbc,Snake2,90,7,0
d49fb226-b24f-4cfe-89ed-cb4333062241,143,43d773ac-8129-4368-adb9-45e4d35fd400,Snake4,97,10,0
d49fb226-b24f-4cfe-89ed-cb4333062241,143,884292b2-32fa-4560-ad79-3c37392bbe6f,Snake1,100,11,1
d49fb226-b24f-4cfe-89ed-cb4333062241,143,94ab3b15-e206-4451-9e74-72273b99c2e1,Snake3,99,15,1
d49fb226-b24f-4cfe-89ed-cb4333062241,143,3c0f44f3-de23-4b4a-bf47-41d96516bcbc,Snake2,90,7,0
d49fb226-b24f-4cfe-89ed-cb4333062241,143,43d773ac-8129-4368-adb9-45e4d35fd400,Snake4,97,10,0
d49fb226-b24f-4cfe-89ed-cb4333062241,144,884292b2-32fa-4560-ad79-3c37392bbe6f,Snake1,99,11,1
d49fb226-b24f-4cfe-89ed-cb4333062241,144,94ab3b15-e206-4451-9e74-72273b99c2e1,Snake3,98,15,1
d49fb226-b24f-4cfe-89ed-cb4333062241,144,3c0f44f3-de23-4b4a-bf47-41d96516bcbc,Snake2,90,7,0
d49fb226-b24f-4cfe-89ed-cb4333062241,144,43d773ac-8129-4368-adb9-45e4d35fd400,Snake4,97,10,0
d49fb226-b24f-4cfe-89ed-cb4333062241,144,884292b2-32fa-4560-ad79-3c37392bbe6f,Snake1,99,11,1
d49fb226-b24f-4cfe-89ed-cb4333062241,144,94ab3b15-e206-4451-9e74-72273b99c2e1,Snake3,98,15,1
d49fb226-b24f-4cfe-89ed-cb4333062241,144,3c0f44f3-de23-4b4a-bf47-41d96516bcbc,Snake2,90,7,0
d49fb226-b24f-4cfe-89ed-cb4333062241,144,43d773ac-8129-4368-adb9-45e4d35fd400,Snake4,97,10,0
d49fb226-b24f-4cfe-89ed-cb4333062241,145,884292b2-32fa-4560-ad79-3c37392bbe6f,Snake1,100,12,1
d49fb226-b24f-4cfe-89ed-cb4333062241,145,94ab3b15-e206-4451-9e74-72273b99c2e1,Snake3,97,15,1
d49fb226-b24f-4cfe-89ed-cb4333062241,145,3c0f44f3-de23-4b4a-bf47-41d96516bcbc,Snake2,90,7,0
d49fb226-b24f-4cfe-89ed-cb4333062241,145,43d773ac-8129-4368-adb9-45e4d35fd400,Snake4,97,10,0
d49fb226-b24f-4cfe-89ed-cb4333062241,145,884292b2-32fa-4560-ad79-3c37392bbe6f,Snake1,100,12,1
d49fb226-b24f-4cfe-89ed-cb4333062241,145,94ab3b15-e206-4451-9e74-72273b99c2e1,Snake3,97,15,1
d49fb226-b24f-4cfe-89ed-cb4333062241,145,3c0f44f3-de23-4b4a-bf47-41d96516bcbc,Snake2,90,7,0
d49fb226-b24f-4cfe-89ed-cb4333062241,145,43d773ac-8129-4368-adb9-45e4d35fd400,Snake4,97,10,0
d49fb226-b24f-4cfe-89ed-cb4333062241,146,884292b2-32fa-4560-ad79-3c37392bbe6f,Snake1,99,12,1
d49fb226-b24f-4cfe-89ed-cb4333062241,146,94ab3b15-e206-4451-9e74-72273b99c2e1,Snake3,96,15,1
d49fb226-b24f-4cfe-89ed-cb4333062241,146,3c0f44f3-de23-4b4a-bf47-41d96516bcbc,Snake2,90,7,0
d49fb226-b24f-4cfe-89ed-cb4333062241,146,43d773ac-8129-4368-adb9-45e4d35fd400,Snake4,97,10,0
d49fb226-b24f-4cfe-89ed-cb4333062241,146,884292b2-32fa-4560-ad79-3c37392bbe6f,Snake1,99,12,1
d49fb226-b24f-4cfe-89ed-cb4333062241,146,94ab3b15-e206-4451-9e74-72273b99c2e1,Snake3,96,15,1
d49fb226-b24f-4cfe-89ed-cb4333062241,146,3c0f44f3-de23-4b4a-bf47-41d96516bcbc,Snake2,90,7,0
d49fb226-b24f-4cfe-89ed-cb4333062241,146,43d773ac-8129-4368-adb9-45e4d35fd400,Snake4,97,10,0
d49fb226-b24f-4cfe-89ed-cb4333062241,147,884292b2-32fa-4560-ad79-3c37392bbe6f,Snake1,100,13,1
d49fb226-b24f-4cfe-89ed-cb4333062241,147,94ab3b15-e206-4451-9e74-72273b99c2e1,Snake3,95,15,1
d49fb226-b24f-4cfe-89ed-cb4333062241,147,3c0f44f3-de23-4b4a-bf47-41d96516bcbc,Snake2,90,7,0
d49fb226-b24f-4cfe-89ed-cb4333062241,147,43d773ac-8129-4368-adb9-45e4d35fd400,Snake4,97,10,0
d49fb226-b24f-4cfe-89ed-cb4333062241,147,884292b2-32fa-4560-ad79-3c37392bbe6f,Snake1,100,13,1
d49fb226-b24f-4cfe-89ed-cb4333062241,147,94ab3b15-e206-4451-9e74-72273b99c2e1,Snake3,95,15,1
d49fb226-b24f-4cfe-89ed-cb4333062241,147,3c0f44f3-de23-4b4a-bf47-41d96516bcbc,Snake2,90,7,0
d49fb226-b24f-4cfe-89ed-cb4333062241,147,43d773ac-8129-4368-adb9-45e4d35fd400,Snake4,97,10,0
d49fb226-b24f-4cfe-89ed-cb4333062241,148,884292b2-32fa-4560-ad79-3c37392bbe6f,Snake1,99,13,1
d49fb226-b24f-4cfe-89ed-cb4333062241,148,94ab3b15-e206-4451-9e74-72273b99c2e1,Snake3,94,15,1
d49fb226-b24f-4cfe-89ed-cb4333062241,148,3c0f44f3-de23-4b4a-bf47-41d96516bcbc,Snake2,90,7,0
d49fb226-b24f-4cfe-89ed-cb4333062241,148,43d773ac-8129-4368-adb9-45e4d35fd400,Snake4,97,10,0
d49fb226-b24f-4cfe-89ed-cb4333062241,148,884292b2-32fa-4560-ad79-3c37392bbe6f,Snake1,99,13,1
d49fb226-b24f-4cfe-89ed-cb4333062241,148,94ab3b15-e206-4451-9e74-72273b99c2e1,Snake3,94,15,1
d49fb226-b24f-4cfe-89ed-cb4333062241,148,3c0f44f3-de23-4b4a-bf47-41d96516bcbc,Snake2,90,7,0
d49fb226-b24f-4cfe-89ed-cb4333062241,148,43d773ac-8129-4368-adb9-45e4d35fd400,Snake4,97,10,0
d49fb226-b24f-4cfe-89ed-cb4333062241,149,884292b2-32fa-4560-ad79-3c37392bbe6f,Snake1,100,14,1
d49fb226-b24f-4cfe-89ed-cb4333062241,149,94ab3b15-e206-4451-9e74-72273b99c2e1,Snake3,93,15,1
d49fb226-b24f-4cfe-89ed-cb4333062241,149,3c0f44f3-de23-4b4a-bf47-41d96516bcbc,Snake2,90,7,0
d49fb226-b24f-4cfe-89ed-cb4333062241,149,43d773ac-8129-4368-adb9-45e4d35fd400,Snake4,97,10,0
d49fb226-b24f-4cfe-89ed-cb4333062241,149,884292b2-32fa-4560-ad79-3c37392bbe6f,Snake1,100,14,1
d49fb226-b24f-4cfe-89ed-cb4333062241,149,94ab3b15-e206-4451-9e74-72273b99c2e1,Snake3,93,15,1
d49fb226-b24f-4cfe-89ed-cb4333062241,149,3c0f44f3-de23-4b4a-bf47-41d96516bcbc,Snake2,90,7,0
d49fb226-b24f-4cfe-89ed-cb4333062241,149,43d773ac-8129-4368-adb9-45e4d35fd400,Snake4,97,10,0
d49fb226-b24f-4cfe-89ed-cb4333062241,150,884292b2-32fa-4560-ad79-3c37392bbe6f,Snake1,99,14,1
d49fb226-b24f-4cfe-89ed-cb4333062241,150,94ab3b15-e206-4451-9e74-72273b99c2e1,Snake3,92,15,1
d49fb226-b24f-4cfe-89ed-cb4333062241,150,3c0f44f3-de23-4b4a-bf47-41d96516bcbc,Snake2,90,7,0
d49fb226-b24f-4cfe-89ed-cb4333062241,150,43d773ac-8129-4368-adb9-45e4d35fd400,Snake4,97,10,0
d49fb226-b24f-4cfe-89ed-cb4333062241,150,884292b2-32fa-4560-ad79-3c37392bbe6f,Snake1,99,14,1
d49fb226-b24f-4cfe-89ed-cb4333062241,150,94ab3b15-e206-4451-9e74-72273b99c2e1,Snake3,92,15,1
d49fb226-b24f-4cfe-89ed-cb4333062241,150,3c0f44f3-de23-4b4a-bf47-41d96516bcbc,Snake2,90,7,0
d49fb226-b24f-4cfe-89ed-cb4333062241,150,43d773ac-8129-4368-adb9-45e4d35fd400,Snake4,97,10,0
d49fb226-b24f-4cfe-89ed-cb4333062241,151,884292b2-32fa-4560-ad79-3c37392bbe6f,Snake1,98,14,1
d49fb226-b24f-4cfe-89ed-cb4333062241,151,94ab3b15-e206-4451-9e74-72273b99c2e1,Snake3,91,15,1
d49fb226-b24f-4cfe-89ed-cb4333062241,151,3c0f44f3-de23-4b4a-bf47-41d96516bcbc,Snake2,90,7,0
d49fb226-b24f-4cfe-89ed-cb4333062241,151,43d773ac-8129-4368-adb9-45e4d35fd400,Snake4,97,10,0
d49fb226-b24f-4cfe-89ed-cb4333062241,151,884292b2-32fa-4560-ad79-3c37392bbe6f,Snake1,98,14,1
d49fb226-b24f-4cfe-89ed-cb4333062241,151,94ab3b15-e206-4451-9e74-72273b99c2e1,Snake3,91,15,1
d49fb226-b24f-4cfe-89ed-cb4333062241,151,3c0f44f3-de23-4b4a-bf47-41d96516bcbc,Snake2,90,7,0
d49fb226-b24f-4cfe-89ed-cb4333062241,151,43d773ac-8129-4368-adb9-45e4d35fd400,Snake4,97,10,0
d49fb226-b24f-4cfe-89ed-cb4333062241,152,884292b2-32fa-4560-ad79-3c37392bbe6f,Snake1,97,14,1
d49fb226-b24f-4cfe-89ed-cb4333062241,152,94ab3b15-e206-4451-9e74-72273b99c2e1,Snake3,90,15,1
d49fb226-b24f-4cfe-89ed-cb4333062241,152,3c0f44f3-de23-4b4a-bf47-41d96516bcbc,Snake2,90,7,0
d49fb226-b24f-4cfe-89ed-cb4333062241,152,43d773ac-8129-4368-adb9-45e4d35fd400,Snake4,97,10,0
d49fb226-b24f-4cfe-89ed-cb4333062241,152,884292b2-32fa-4560-ad79-3c37392bbe6f,Snake1,97,14,1
d49fb226-b24f-4cfe-89ed-cb4333062241,152,94ab3b15-e206-4451-9e74-72273b99c2e1,Snake3,90,15,1
d49fb226-b24f-4cfe-89ed-cb4333062241,152,3c0f44f3-de23-4b4a-bf47-41d96516bcbc,Snake2,90,7,0
d49fb226-b24f-4cfe-89ed-cb4333062241,152,43d773ac-8129-4368-adb9-45e4d35fd400,Snake4,97,10,0
d49fb226-b24f-4cfe-89ed-cb4333062241,153,884292b2-32fa-4560-ad79-3c37392bbe6f,Snake1,96,14,1
d49fb226-b24f-4cfe-89ed-cb4333062241,153,94ab3b15-e206-4451-9e74-72273b99c2e1,Snake3,89,15,1
d49fb226-b24f-4cfe-89ed-cb4333062241,153,3c0f44f3-de23-4b4a-bf47-41d96516bcbc,Snake2,90,7,0
d49fb226-b24f-4cfe-89ed-cb4333062241,153,43d773ac-8129-4368-adb9-45e4d35fd400,Snake4,97,10,0
d49fb226-b24f-4cfe-89ed-cb4333062241,153,884292b2-32fa-4560-ad79-3c37392bbe6f,Snake1,96,14,1
d49fb226-b24f-4cfe-89ed-cb4333062241,153,94ab3b15-e206-4451-9e74-72273b99c2e1,Snake3,89,15,1
d49fb226-b24f-4cfe-89ed-cb4333062241,153,3c0f44f3-de23-4b4a-bf47-41d96516bcbc,Snake2,90,7,0
d49fb226-b24f-4cfe-89ed-cb4333062241,153,43d773ac-8129-4368-adb9-45e4d35fd400,Snake4,97,10,0
d49fb226-b24f-4cfe-89ed-cb4333062241,154,884292b2-32fa-4560-ad79-3c37392bbe6f,Snake1,95,14,1
d49fb226-b24f-4cfe-89ed-cb4333062241,154,94ab3b15-e206-4451-9e74-72273b99c2e1,Snake3,88,15,1
d49fb226-b24f-4cfe-89ed-cb4333062241,154,3c0f44f3-de23-4b4a-bf47-41d96516bcbc,Snake2,90,7,0
d49fb226-b24f-4cfe-89ed-cb4333062241,154,43d773ac-8129-4368-adb9-45e4d35fd400,Snake4,97,10,0
d49fb226-b24f-4cfe-89ed-cb4333062241,154,884292b2-32fa-4560-ad79-3c37392bbe6f,Snake1,95,14,1
d49fb226-b24f-4cfe-89ed-cb4333062241,154,94ab3b15-e206-4451-9e74-72273b99c2e1,Snake3,88,15,1
d49fb226-b24f-4cfe-89ed-cb4333062241,154,3c0f44f3-de23-4b4a-bf47-41d96516bcbc,Snake2,90,7,0
d49fb226-b24f-4cfe-89ed-cb4333062241,154,43d773ac-8129-4368-adb9-45e4d35fd400,Snake4,97,10,0
d49fb226-b24f-4cfe-89ed-cb4333062241,155,884292b2-32fa-4560-ad79-3c37392bbe6f,Snake1,94,14,1
d49fb226-b24f-4cfe-89ed-cb4333062241,155,94ab3b15-e206-4451-9e74-72273b99c2e1,Snake3,87,15,1
d49fb226-b24f-4cfe-89ed-cb4333062241,155,3c0f44f3-de23-4b4a-bf47-41d96516bcbc,Snake2,90,7,0
d49fb226-b24f-4cfe-89ed-cb4333062241,155,43d773ac-8129-4368-adb9-45e4d35fd400,Snake4,97,10,0
d49fb226-b24f-4cfe-89ed-cb4333062241,155,884292b2-32fa-4560-ad79-3c37392bbe6f,Snake1,94,14,1
d49fb226-b24f-4cfe-89ed-cb4333062241,155,94ab3b15-e206-4451-9e74-72273b99c2e1,Snake3,87,15,1
d49fb226-b24f-4cfe-89ed-cb4333062241,155,3c0f44f3-de23-4b4a-bf47-41d96516bcbc,Snake2,90,7,0
d49fb226-b24f-4cfe-89ed-cb4333062241,155,43d773ac-8129-4368-adb9-45e4d35fd400,Snake4,97,10,0
d49fb226-b24f-4cfe-89ed-cb4333062241,156,884292b2-32fa-4560-ad79-3c37392bbe6f,Snake1,93,14,1
d49fb226-b24f-4cfe-89ed-cb4333062241,156,94ab3b15-e206-4451-9e74-72273b99c2e1,Snake3,86,15,1
d49fb226-b24f-4cfe-89ed-cb4333062241,156,3c0f44f3-de23-4b4a-bf47-41d96516bcbc,Snake2,90,7,0
d49fb226-b24f-4cfe-89ed-cb4333062241,156,43d773ac-8129-4368-adb9-45e4d35fd400,Snake4,97,10,0
d49fb226-b24f-4cfe-89ed-cb4333062241,157,884292b2-32fa-4560-ad79-3c37392bbe6f,Snake1,92,14,1
d49fb226-b24f-4cfe-89ed-cb4333062241,157,94ab3b15-e206-4451-9e74-72273b99c2e1,Snake3,85,15,1
d49fb226-b24f-4cfe-89ed-cb4333062241,157,3c0f44f3-de23-4b4a-bf47-41d96516bcbc,Snake2,90,7,0
d49fb226-b24f-4cfe-89ed-cb4333062241,157,43d773ac-8129-4368-adb9-45e4d35fd400,Snake4,97,10,0
d49fb226-b24f-4cfe-89ed-cb4333062241,157,884292b2-32fa-4560-ad79-3c37392bbe6f,Snake1,92,14,1
d49fb226-b24f-4cfe-89ed-cb4333062241,157,94ab3b15-e206-4451-9e74-72273b99c2e1,Snake3,85,15,1
d49fb226-b24f-4cfe-89ed-cb4333062241,157,3c0f44f3-de23-4b4a-bf47-41d96516bcbc,Snake2,90,7,0
d49fb226-b24f-4cfe-89ed-cb4333062241,157,43d773ac-8129-4368-adb9-45e4d35fd400,Snake4,97,10,0
d49fb226-b24f-4cfe-89ed-cb4333062241,158,884292b2-32fa-4560-ad79-3c37392bbe6f,Snake1,91,14,1
d49fb226-b24f-4cfe-89ed-cb4333062241,158,94ab3b15-e206-4451-9e74-72273b99c2e1,Snake3,84,15,1
d49fb226-b24f-4cfe-89ed-cb4333062241,158,3c0f44f3-de23-4b4a-bf47-41d96516bcbc,Snake2,90,7,0
d49fb226-b24f-4cfe-89ed-cb4333062241,158,43d773ac-8129-4368-adb9-45e4d35fd400,Snake4,97,10,0
d49fb226-b24f-4cfe-89ed-cb4333062241,158,884292b2-32fa-4560-ad79-3c37392bbe6f,Snake1,91,14,1
d49fb226-b24f-4cfe-89ed-cb4333062241,158,94ab3b15-e206-4451-9e74-72273b99c2e1,Snake3,84,15,1
d49fb226-b24f-4cfe-89ed-cb4333062241,158,3c0f44f3-de23-4b4a-bf47-41d96516bcbc,Snake2,90,7,0
d49fb226-b24f-4cfe-89ed-cb4333062241,158,43d773ac-8129-4368-adb9-45e4d35fd400,Snake4,97,10,0
d49fb226-b24f-4cfe-89ed-cb4333062241,159,884292b2-32fa-4560-ad79-3c37392bbe6f,Snake1,90,14,1
d49fb226-b24f-4cfe-89ed-cb4333062241,159,94ab3b15-e206-4451-9e74-72273b99c2e1,Snake3,83,15,1
d49fb226-b24f-4cfe-89ed-cb4333062241,159,3c0f44f3-de23-4b4a-bf47-41d96516bcbc,Snake2,90,7,0
d49fb226-b24f-4cfe-89ed-cb4333062241,159,43d773ac-8129-4368-adb9-45e4d35fd400,Snake4,97,10,0
d49fb226-b24f-4cfe-89ed-cb4333062241,159,884292b2-32fa-4560-ad79-3c37392bbe6f,Snake1,90,14,1
d49fb226-b24f-4cfe-89ed-cb4333062241,159,94ab3b15-e206-4451-9e74-72273b99c2e1,Snake3,83,15,1
d49fb226-b24f-4cfe-89ed-cb4333062241,159,3c0f44f3-de23-4b4a-bf47-41d96516bcbc,Snake2,90,7,0
d49fb226-b24f-4cfe-89ed-cb4333062241,159,43d773ac-8129-4368-adb9-45e4d35fd400,Snake4,97,10,0
d49fb226-b24f-4cfe-89ed-cb4333062241,160,884292b2-32fa-4560-ad79-3c37392bbe6f,Snake1,89,14,1
d49fb226-b24f-4cfe-89ed-cb4333062241,160,94ab3b15-e206-4451-9e74-72273b99c2e1,Snake3,82,15,1
d49fb226-b24f-4cfe-89ed-cb4333062241,160,3c0f44f3-de23-4b4a-bf47-41d96516bcbc,Snake2,90,7,0
d49fb226-b24f-4cfe-89ed-cb4333062241,160,43d773ac-8129-4368-adb9-45e4d35fd400,Snake4,97,10,0
d49fb226-b24f-4cfe-89ed-cb4333062241,160,884292b2-32fa-4560-ad79-3c37392bbe6f,Snake1,89,14,1
d49fb226-b24f-4cfe-89ed-cb4333062241,160,94ab3b15-e206-4451-9e74-72273b99c2e1,Snake3,82,15,1
d49fb226-b24f-4cfe-89ed-cb4333062241,160,3c0f44f3-de23-4b4a-bf47-41d96516bcbc,Snake2,90,7,0
d49fb226-b24f-4cfe-89ed-cb4333062241,160,43d773ac-8129-4368-adb9-45e4d35fd400,Snake4,97,10,0
d49fb226-b24f-4cfe-89ed-cb4333062241,161,884292b2-32fa-4560-ad79-3c37392bbe6f,Snake1,88,14,1
d49fb226-b24f-4cfe-89ed-cb4333062241,161,94ab3b15-e206-4451-9e74-72273b99c2e1,Snake3,81,15,1
d49fb226-b24f-4cfe-89ed-cb4333062241,161,3c0f44f3-de23-4b4a-bf47-41d96516bcbc,Snake2,90,7,0
d49fb226-b24f-4cfe-89ed-cb4333062241,161,43d773ac-8129-4368-adb9-45e4d35fd400,Snake4,97,10,0
d49fb226-b24f-4cfe-89ed-cb4333062241,161,884292b2-32fa-4560-ad79-3c37392bbe6f,Snake1,88,14,1
d49fb226-b24f-4cfe-89ed-cb4333062241,161,94ab3b15-e206-4451-9e74-72273b99c2e1,Snake3,81,15,1
d49fb226-b24f-4cfe-89ed-cb4333062241,161,3c0f44f3-de23-4b4a-bf47-41d96516bcbc,Snake2,90,7,0
d49fb226-b24f-4cfe-89ed-cb4333062241,161,43d773ac-8129-4368-adb9-45e4d35fd400,Snake4,97,10,0
d49fb226-b24f-4cfe-89ed-cb4333062241,162,884292b2-32fa-4560-ad79-3c37392bbe6f,Snake1,87,14,1
d49fb226-b24f-4cfe-89ed-cb4333062241,162,94ab3b15-e206-4451-9e74-72273b99c2e1,Snake3,80,15,1
d49fb226-b24f-4cfe-89ed-cb4333062241,162,3c0f44f3-de23-4b4a-bf47-41d96516bcbc,Snake2,90,7,0
d49fb226-b24f-4cfe-89ed-cb4333062241,162,43d773ac-8129-4368-adb9-45e4d35fd400,Snake4,97,10,0
d49fb226-b24f-4cfe-89ed-cb4333062241,162,884292b2-32fa-4560-ad79-3c37392bbe6f,Snake1,87,14,1
d49fb226-b24f-4cfe-89ed-cb4333062241,162,94ab3b15-e206-4451-9e74-72273b99c2e1,Snake3,80,15,1
d49fb226-b24f-4cfe-89ed-cb4333062241,162,3c0f44f3-de23-4b4a-bf47-41d96516bcbc,Snake2,90,7,0
d49fb226-b24f-4cfe-89ed-cb4333062241,162,43d773ac-8129-4368-adb9-45e4d35fd400,Snake4,97,10,0
d49fb226-b24f-4cfe-89ed-cb4333062241,163,884292b2-32fa-4560-ad79-3c37392bbe6f,Snake1,86,14,1
d49fb226-b24f-4cfe-89ed-cb4333062241,163,94ab3b15-e206-4451-9e74-72273b99c2e1,Snake3,79,15,1
d49fb226-b24f-4cfe-89ed-cb4333062241,163,3c0f44f3-de23-4b4a-bf47-41d96516bcbc,Snake2,90,7,0
d49fb226-b24f-4cfe-89ed-cb4333062241,163,43d773ac-8129-4368-adb9-45e4d35fd400,Snake4,97,10,0
d49fb226-b24f-4cfe-89ed-cb4333062241,163,884292b2-32fa-4560-ad79-3c37392bbe6f,Snake1,86,14,1
d49fb226-b24f-4cfe-89ed-cb4333062241,163,94ab3b15-e206-4451-9e74-72273b99c2e1,Snake3,79,15,1
d49fb226-b24f-4cfe-89ed-cb4333062241,163,3c0f44f3-de23-4b4a-bf47-41d96516bcbc,Snake2,90,7,0
d49fb226-b24f-4cfe-89ed-cb4333062241,163,43d773ac-8129-4368-adb9-45e4d35fd400,Snake4,97,10,0
d49fb226-b24f-4cfe-89ed-cb4333062241,164,884292b2-32fa-4560-ad79-3c37392bbe6f,Snake1,85,14,1
d49fb226-b24f-4cfe-89ed-cb4333062241,164,94ab3b15-e206-4451-9e74-72273b99c2e1,Snake3,78,15,1
d49fb226-b24f-4cfe-89ed-cb4333062241,164,3c0f44f3-de23-4b4a-bf47-41d96516bcbc,Snake2,90,7,0
d49fb226-b24f-4cfe-89ed-cb4333062241,164,43d773ac-8129-4368-adb9-45e4d35fd400,Snake4,97,10,0
d49fb226-b24f-4cfe-89ed-cb4333062241,164,884292b2-32fa-4560-ad79-3c37392bbe6f,Snake1,85,14,1
d49fb226-b24f-4cfe-89ed-cb4333062241,164,94ab3b15-e206-4451-9e74-72273b99c2e1,Snake3,78,15,1
d49fb226-b24f-4cfe-89ed-cb4333062241,164,3c0f44f3-de23-4b4a-bf47-41d96516bcbc,Snake2,90,7,0
d49fb226-b24f-4cfe-89ed-cb4333062241,164,43d773ac-8129-4368-adb9-45e4d35fd400,Snake4,97,10,0
d49fb226-b24f-4cfe-89ed-cb4333062241,165,884292b2-32fa-4560-ad79-3c37392bbe6f,Snake1,100,15,1
d49fb226-b24f-4cfe-89ed-cb4333062241,165,94ab3b15-e206-4451-9e74-72273b99c2e1,Snake3,100,16,1
d49fb226-b24f-4cfe-89ed-cb4333062241,165,3c0f44f3-de23-4b4a-bf47-41d96516bcbc,Snake2,90,7,0
d49fb226-b24f-4cfe-89ed-cb4333062241,165,43d773ac-8129-4368-adb9-45e4d35fd400,Snake4,97,10,0
d49fb226-b24f-4cfe-89ed-cb4333062241,165,884292b2-32fa-4560-ad79-3c37392bbe6f,Snake1,100,15,1
d49fb226-b24f-4cfe-89ed-cb4333062241,165,94ab3b15-e206-4451-9e74-72273b99c2e1,Snake3,100,16,1
d49fb226-b24f-4cfe-89ed-cb4333062241,165,3c0f44f3-de23-4b4a-bf47-41d96516bcbc,Snake2,90,7,0
d49fb226-b24f-4cfe-89ed-cb4333062241,165,43d773ac-8129-4368-adb9-45e4d35fd400,Snake4,97,10,0
d49fb226-b24f-4cfe-89ed-cb4333062241,166,884292b2-32fa-4560-ad79-3c37392bbe6f,Snake1,99,15,1
d49fb226-b24f-4cfe-89ed-cb4333062241,166,94ab3b15-e206-4451-9e74-72273b99c2e1,Snake3,99,16,1
d49fb226-b24f-4cfe-89ed-cb4333062241,166,3c0f44f3-de23-4b4a-bf47-41d96516bcbc,Snake2,90,7,0
d49fb226-b24f-4cfe-89ed-cb4333062241,166,43d773ac-8129-4368-adb9-45e4d35fd400,Snake4,97,10,0
d49fb226-b24f-4cfe-89ed-cb4333062241,166,884292b2-32fa-4560-ad79-3c37392bbe6f,Snake1,99,15,1
d49fb226-b24f-4cfe-89ed-cb4333062241,166,94ab3b15-e206-4451-9e74-72273b99c2e1,Snake3,99,16,1
d49fb226-b24f-4cfe-89ed-cb4333062241,166,3c0f44f3-de23-4b4a-bf47-41d96516bcbc,Snake2,90,7,0
d49fb226-b24f-4cfe-89ed-cb4333062241,166,43d773ac-8129-4368-adb9-45e4d35fd400,Snake4,97,10,0
d49fb226-b24f-4cfe-89ed-cb4333062241,167,884292b2-32fa-4560-ad79-3c37392bbe6f,Snake1,98,15,1
d49fb226-b24f-4cfe-89ed-cb4333062241,167,94ab3b15-e206-4451-9e74-72273b99c2e1,Snake3,98,16,1
d49fb226-b24f-4cfe-89ed-cb4333062241,167,3c0f44f3-de23-4b4a-bf47-41d96516bcbc,Snake2,90,7,0
d49fb226-b24f-4cfe-89ed-cb4333062241,167,43d773ac-8129-4368-adb9-45e4d35fd400,Snake4,97,10,0
d49fb226-b24f-4cfe-89ed-cb4333062241,167,884292b2-32fa-4560-ad79-3c37392bbe6f,Snake1,98,15,1
d49fb226-b24f-4cfe-89ed-cb4333062241,167,94ab3b15-e206-4451-9e74-72273b99c2e1,Snake3,98,16,1
d49fb226-b24f-4cfe-89ed-cb4333062241,167,3c0f44f3-de23-4b4a-bf47-41d96516bcbc,Snake2,90,7,0
d49fb226-b24f-4cfe-89ed-cb4333062241,167,43d773ac-8129-4368-adb9-45e4d35fd400,Snake4,97,10,0
d49fb226-b24f-4cfe-89ed-cb4333062241,168,884292b2-32fa-4560-ad79-3c37392bbe6f,Snake1,97,15,1
d49fb226-b24f-4cfe-89ed-cb4333062241,168,94ab3b15-e206-4451-9e74-72273b99c2e1,Snake3,97,16,1
d49fb226-b24f-4cfe-89ed-cb4333062241,168,3c0f44f3-de23-4b4a-bf47-41d96516bcbc,Snake2,90,7,0
d49fb226-b24f-4cfe-89ed-cb4333062241,168,43d773ac-8129-4368-adb9-45e4d35fd400,Snake4,97,10,0
d49fb226-b24f-4cfe-89ed-cb4333062241,168,884292b2-32fa-4560-ad79-3c37392bbe6f,Snake1,97,15,1
d49fb226-b24f-4cfe-89ed-cb4333062241,168,94ab3b15-e206-4451-9e74-72273b99c2e1,Snake3,97,16,1
d49fb226-b24f-4cfe-89ed-cb4333062241,168,3c0f44f3-de23-4b4a-bf47-41d96516bcbc,Snake2,90,7,0
d49fb226-b24f-4cfe-89ed-cb4333062241,168,43d773ac-8129-4368-adb9-45e4d35fd400,Snake4,97,10,0
d49fb226-b24f-4cfe-89ed-cb4333062241,169,884292b2-32fa-4560-ad79-3c37392bbe6f,Snake1,96,15,1
d49fb226-b24f-4cfe-89ed-cb4333062241,169,94ab3b15-e206-4451-9e74-72273b99c2e1,Snake3,100,17,1
d49fb226-b24f-4cfe-89ed-cb4333062241,169,3c0f44f3-de23-4b4a-bf47-41d96516bcbc,Snake2,90,7,0
d49fb226-b24f-4cfe-89ed-cb4333062241,169,43d773ac-8129-4368-adb9-45e4d35fd400,Snake4,97,10,0
d49fb226-b24f-4cfe-89ed-cb4333062241,169,884292b2-32fa-4560-ad79-3c37392bbe6f,Snake1,96,15,1
d49fb226-b24f-4cfe-89ed-cb4333062241,169,94ab3b15-e206-4451-9e74-72273b99c2e1,Snake3,100,17,1
d49fb226-b24f-4cfe-89ed-cb4333062241,169,3c0f44f3-de23-4b4a-bf47-41d96516bcbc,Snake2,90,7,0
d49fb226-b24f-4cfe-89ed-cb4333062241,169,43d773ac-8129-4368-adb9-45e4d35fd400,Snake4,97,10,0
d49fb226-b24f-4cfe-89ed-cb4333062241,170,884292b2-32fa-4560-ad79-3c37392bbe6f,Snake1,95,15,1
d49fb226-b24f-4cfe-89ed-cb4333062241,170,94ab3b15-e206-4451-9e74-72273b99c2e1,Snake3,99,17,1
d49fb226-b24f-4cfe-89ed-cb4333062241,170,3c0f44f3-de23-4b4a-bf47-41d96516bcbc,Snake2,90,7,0
d49fb226-b24f-4cfe-89ed-cb4333062241,170,43d773ac-8129-4368-adb9-45e4d35fd400,Snake4,97,10,0
d49fb226-b24f-4cfe-89ed-cb4333062241,170,884292b2-32fa-4560-ad79-3c37392bbe6f,Snake1,95,15,1
d49fb226-b24f-4cfe-89ed-cb4333062241,170,94ab3b15-e206-4451-9e74-72273b99c2e1,Snake3,99,17,1
d49fb226-b24f-4cfe-89ed-cb4333062241,170,3c0f44f3-de23-4b4a-bf47-41d96516bcbc,Snake2,90,7,0
d49fb226-b24f-4cfe-89ed-cb4333062241,170,43d773ac-8129-4368-adb9-45e4d35fd400,Snake4,97,10,0
d49fb226-b24f-4cfe-89ed-cb4333062241,171,884292b2-32fa-4560-ad79-3c37392bbe6f,Snake1,94,15,1
d49fb226-b24f-4cfe-89ed-cb4333062241,171,94ab3b15-e206-4451-9e74-72273b99c2e1,Snake3,98,17,1
d49fb226-b24f-4cfe-89ed-cb4333062241,171,3c0f44f3-de23-4b4a-bf47-41d96516bcbc,Snake2,90,7,0
d49fb226-b24f-4cfe-89ed-cb4333062241,171,43d773ac-8129-4368-adb9-45e4d35fd400,Snake4,97,10,0
d49fb226-b24f-4cfe-89ed-cb4333062241,171,884292b2-32fa-4560-ad79-3c37392bbe6f,Snake1,94,15,1
d49fb226-b24f-4cfe-89ed-cb4333062241,171,94ab3b15-e206-4451-9e74-72273b99c2e1,Snake3,98,17,1
d49fb226-b24f-4cfe-89ed-cb4333062241,171,3c0f44f3-de23-4b4a-bf47-41d96516bcbc,Snake2,90,7,0
d49fb226-b24f-4cfe-89ed-cb4333062241,171,43d773ac-8129-4368-adb9-45e4d35fd400,Snake4,97,10,0
d49fb226-b24f-4cfe-89ed-cb4333062241,172,884292b2-32fa-4560-ad79-3c37392bbe6f,Snake1,93,15,1
d49fb226-b24f-4cfe-89ed-cb4333062241,172,94ab3b15-e206-4451-9e74-72273b99c2e1,Snake3,97,17,1
d49fb226-b24f-4cfe-89ed-cb4333062241,172,3c0f44f3-de23-4b4a-bf47-41d96516bcbc,Snake2,90,7,0
d49fb226-b24f-4cfe-89ed-cb4333062241,172,43d773ac-8129-4368-adb9-45e4d35fd400,Snake4,97,10,0
d49fb226-b24f-4cfe-89ed-cb4333062241,172,884292b2-32fa-4560-ad79-3c37392bbe6f,Snake1,93,15,1
d49fb226-b24f-4cfe-89ed-cb4333062241,172,94ab3b15-e206-4451-9e74-72273b99c2e1,Snake3,97,17,1
d49fb226-b24f-4cfe-89ed-cb4333062241,172,3c0f44f3-de23-4b4a-bf47-41d96516bcbc,Snake2,90,7,0
d49fb226-b24f-4cfe-89ed-cb4333062241,172,43d773ac-8129-4368-adb9-45e4d35fd400,Snake4,97,10,0
d49fb226-b24f-4cfe-89ed-cb4333062241,173,884292b2-32fa-4560-ad79-3c37392bbe6f,Snake1,92,15,1
d49fb226-b24f-4cfe-89ed-cb4333062241,173,94ab3b15-e206-4451-9e74-72273b99c2e1,Snake3,96,17,1
d49fb226-b24f-4cfe-89ed-cb4333062241,173,3c0f44f3-de23-4b4a-bf47-41d96516bcbc,Snake2,90,7,0
d49fb226-b24f-4cfe-89ed-cb4333062241,173,43d773ac-8129-4368-adb9-45e4d35fd400,Snake4,97,10,0
d49fb226-b24f-4cfe-89ed-cb4333062241,174,884292b2-32fa-4560-ad79-3c37392bbe6f,Snake1,91,15,1
d49fb226-b24f-4cfe-89ed-cb4333062241,174,94ab3b15-e206-4451-9e74-72273b99c2e1,Snake3,95,17,1
d49fb226-b24f-4cfe-89ed-cb4333062241,174,3c0f44f3-de23-4b4a-bf47-41d96516bcbc,Snake2,90,7,0
d49fb226-b24f-4cfe-89ed-cb4333062241,174,43d773ac-8129-4368-adb9-45e4d35fd400,Snake4,97,10,0
d49fb226-b24f-4cfe-89ed-cb4333062241,174,884292b2-32fa-4560-ad79-3c37392bbe6f,Snake1,91,15,1
d49fb226-b24f-4cfe-89ed-cb4333062241,174,94ab3b15-e206-4451-9e74-72273b99c2e1,Snake3,95,17,1
d49fb226-b24f-4cfe-89ed-cb4333062241,174,3c0f44f3-de23-4b4a-bf47-41d96516bcbc,Snake2,90,7,0
d49fb226-b24f-4cfe-89ed-cb4333062241,174,43d773ac-8129-4368-adb9-45e4d35fd400,Snake4,97,10,0
d49fb226-b24f-4cfe-89ed-cb4333062241,175,884292b2-32fa-4560-ad79-3c37392bbe6f,Snake1,90,15,1
d49fb226-b24f-4cfe-89ed-cb4333062241,175,94ab3b15-e206-4451-9e74-72273b99c2e1,Snake3,94,17,1
d49fb226-b24f-4cfe-89ed-cb4333062241,175,3c0f44f3-de23-4b4a-bf47-41d96516bcbc,Snake2,90,7,0
d49fb226-b24f-4cfe-89ed-cb4333062241,175,43d773ac-8129-4368-adb9-45e4d35fd400,Snake4,97,10,0
d49fb226-b24f-4cfe-89ed-cb4333062241,175,884292b2-32fa-4560-ad79-3c37392bbe6f,Snake1,90,15,1
d49fb226-b24f-4cfe-89ed-cb4333062241,175,94ab3b15-e206-4451-9e74-72273b99c2e1,Snake3,94,17,1
d49fb226-b24f-4cfe-89ed-cb4333062241,175,3c0f44f3-de23-4b4a-bf47-41d96516bcbc,Snake2,90,7,0
d49fb226-b24f-4cfe-89ed-cb4333062241,175,43d773ac-8129-4368-adb9-45e4d35fd400,Snake4,97,10,0
d49fb226-b24f-4cfe-89ed-cb4333062241,176,94ab3b15-e206-4451-9e74-72273b99c2e1,Snake3,93,17,1
d49fb226-b24f-4cfe-89ed-cb4333062241,176,884292b2-32fa-4560-ad79-3c37392bbe6f,Snake1,90,15,0
d49fb226-b24f-4cfe-89ed-cb4333062241,176,3c0f44f3-de23-4b4a-bf47-41d96516bcbc,Snake2,90,7,0
d49fb226-b24f-4cfe-89ed-cb4333062241,176,43d773ac-8129-4368-adb9-45e4d35fd400,Snake4,97,10,0
d49fb226-b24f-4cfe-89ed-cb4333062241,177,94ab3b15-e206-4451-9e74-72273b99c2e1,Snake3,93,17,1
d49fb226-b24f-4cfe-89ed-cb4333062241,177,884292b2-32fa-4560-ad79-3c37392bbe6f,Snake1,90,15,0
d49fb226-b24f-4cfe-89ed-cb4333062241,177,3c0f44f3-de23-4b4a-bf47-41d96516bcbc,Snake2,90,7,0
d49fb226-b24f-4cfe-89ed-cb4333062241,177,43d773ac-8129-4368-adb9-45e4d35fd400,Snake4,97,10,0
d49fb226-b24f-4cfe-89ed-cb4333062241,177,94ab3b15-e206-4451-9e74-72273b99c2e1,Snake3,93,17,1
d49fb226-b24f-4cfe-89ed-cb4333062241,177,884292b2-32fa-4560-ad79-3c37392bbe6f,Snake1,83,6,0
d49fb226-b24f-4cfe-89ed-cb4333062241,177,3c0f44f3-de23-4b4a-bf47-41d96516bcbc,Snake2,90,7,0
d49fb226-b24f-4cfe-89ed-cb4333062241,177,43d773ac-8129-4368-adb9-45e4d35fd400,Snake4,99,9,0
d49fb226-b24f-4cfe-89ed-cb4333062241,177,94ab3b15-e206-4451-9e74-72273b99c2e1,Snake3,93,17,1
d49fb226-b24f-4cfe-89ed-cb4333062241,177,884292b2-32fa-4560-ad79-3c37392bbe6f,Snake1,90,15,0
d49fb226-b24f-4cfe-89ed-cb4333062241,177,3c0f44f3-de23-4b4a-bf47-41d96516bcbc,Snake2,90,7,0
d49fb226-b24f-4cfe-89ed-cb4333062241,177,43d773ac-8129-4368-adb9-45e4d35fd400,Snake4,97,10,0
d49fb226-b24f-4cfe-89ed-cb4333062241,177,94ab3b15-e206-4451-9e74-72273b99c2e1,Snake3,93,17,1
d49fb226-b24f-4cfe-89ed-cb4333062241,177,884292b2-32fa-4560-ad79-3c37392bbe6f,Snake1,79,6,0
d49fb226-b24f-4cfe-89ed-cb4333062241,177,3c0f44f3-de23-4b4a-bf47-41d96516bcbc,Snake2,90,7,0
d49fb226-b24f-4cfe-89ed-cb4333062241,177,43d773ac-8129-4368-adb9-45e4d35fd400,Snake4,97,10,0
