game_id,turn,snake_id,snake_name,health,length,alive
ad5560d9-57b7-4d65-afb2-85365a1d4439,0,45b4e980-12c2-4a01-931b-4bc009a47502,Snake1,100,3,1
ad5560d9-57b7-4d65-afb2-85365a1d4439,0,bc180fa1-7cd8-4807-b2b7-7a91a759b9a6,Snake2,100,3,1
ad5560d9-57b7-4d65-afb2-85365a1d4439,0,96f96377-cdd7-4702-84f8-31828e04bf5f,Snake3,100,3,1
ad5560d9-57b7-4d65-afb2-85365a1d4439,0,03977be2-2b25-436c-9090-3b9cbb68b3fd,Snake4,100,3,1
ad5560d9-57b7-4d65-afb2-85365a1d4439,1,45b4e980-12c2-4a01-931b-4bc009a47502,Snake1,99,3,1
ad5560d9-57b7-4d65-afb2-85365a1d4439,1,bc180fa1-7cd8-4807-b2b7-7a91a759b9a6,Snake2,99,3,1
ad5560d9-57b7-4d65-afb2-85365a1d4439,1,96f96377-cdd7-4702-84f8-31828e04bf5f,Snake3,99,3,1
ad5560d9-57b7-4d65-afb2-85365a1d4439,1,03977be2-2b25-436c-9090-3b9cbb68b3fd,Snake4,99,3,1
ad5560d9-57b7-4d65-afb2-85365a1d4439,1,45b4e980-12c2-4a01-931b-4bc009a47502,Snake1,99,3,1
ad5560d9-57b7-4d65-afb2-85365a1d4439,1,bc180fa1-7cd8-4807-b2b7-7a91a759b9a6,Snake2,99,3,1
ad5560d9-57b7-4d65-afb2-85365a1d4439,1,96f96377-cdd7-4702-84f8-31828e04bf5f,Snake3,99,3,1
ad5560d9-57b7-4d65-afb2-85365a1d4439,1,03977be2-2b25-436c-9090-3b9cbb68b3fd,Snake4,99,3,1
ad5560d9-57b7-4d65-afb2-85365a1d4439,1,45b4e980-12c2-4a01-931b-4bc009a47502,Snake1,99,3,1
ad5560d9-57b7-4d65-afb2-85365a1d4439,1,bc180fa1-7cd8-4807-b2b7-7a91a759b9a6,Snake2,99,3,1
ad5560d9-57b7-4d65-afb2-85365a1d4439,1,96f96377-cdd7-4702-84f8-31828e04bf5f,Snake3,99,3,1
ad5560d9-57b7-4d65-afb2-85365a1d4439,1,03977be2-2b25-436c-9090-3b9cbb68b3fd,Snake4,99,3,1
ad5560d9-57b7-4d65-afb2-85365a1d4439,2,45b4e980-12c2-4a01-931b-4bc009a47502,Snake1,100,4,1
ad5560d9-57b7-4d65-afb2-85365a1d4439,2,bc180fa1-7cd8-4807-b2b7-7a91a759b9a6,Snake2,100,4,1
ad5560d9-57b7-4d65-afb2-85365a1d4439,2,96f96377-cdd7-4702-84f8-31828e04bf5f,Snake3,100,4,1
ad5560d9-57b7-4d65-afb2-85365a1d4439,2,03977be2-2b25-436c-9090-3b9cbb68b3fd,Snake4,100,4,1
ad5560d9-57b7-4d65-afb2-85365a1d4439,2,45b4e980-12c2-4a01-931b-4bc009a47502,Snake1,100,4,1
ad5560d9-57b7-4d65-afb2-85365a1d4439,2,bc180fa1-7cd8-4807-b2b7-7a91a759b9a6,Snake2,100,4,1
ad5560d9-57b7-4d65-afb2-85365a1d4439,2,96f96377-cdd7-4702-84f8-31828e04bf5f,Snake3,100,4,1
ad5560d9-57b7-4d65-afb2-85365a1d4439,2,03977be2-2b25-436c-9090-3b9cbb68b3fd,Snake4,100,4,1
ad5560d9-57b7-4d65-afb2-85365a1d4439,2,45b4e980-12c2-4a01-931b-4bc009a47502,Snake1,100,4,1
ad5560d9-57b7-4d65-afb2-85365a1d4439,2,bc180fa1-7cd8-4807-b2b7-7a91a759b9a6,Snake2,100,4,1
ad5560d9-57b7-4d65-afb2-85365a1d4439,2,96f96377-cdd7-4702-84f8-31828e04bf5f,Snake3,100,4,1
ad5560d9-57b7-4d65-afb2-85365a1d4439,2,03977be2-2b25-436c-9090-3b9cbb68b3fd,Snake4,100,4,1
ad5560d9-57b7-4d65-afb2-85365a1d4439,2,45b4e980-12c2-4a01-931b-4bc009a47502,Snake1,100,4,1
ad5560d9-57b7-4d65-afb2-85365a1d4439,2,bc180fa1-7cd8-4807-b2b7-7a91a759b9a6,Snake2,100,4,1
ad5560d9-57b7-4d65-afb2-85365a1d4439,2,96f96377-cdd7-4702-84f8-31828e04bf5f,Snake3,100,4,1
ad5560d9-57b7-4d65-afb2-85365a1d4439,2,03977be2-2b25-436c-9090-3b9cbb68b3fd,Snake4,100,4,1
ad5560d9-57b7-4d65-afb2-85365a1d4439,3,45b4e980-12c2-4a01-931b-4bc009a47502,Snake1,99,4,1
ad5560d9-57b7-4d65-afb2-85365a1d4439,3,bc180fa1-7cd8-4807-b2b7-7a91a759b9a6,Snake2,99,4,1
ad5560d9-57b7-4d65-afb2-85365a1d4439,3,96f96377-cdd7-4702-84f8-31828e04bf5f,Snake3,99,4,1
ad5560d9-57b7-4d65-afb2-85365a1d4439,3,03977be2-2b25-436c-9090-3b9cbb68b3fd,Snake4,99,4,1
ad5560d9-57b7-4d65-afb2-85365a1d4439,3,45b4e980-12c2-4a01-931b-4bc009a47502,Snake1,99,4,1
ad5560d9-57b7-4d65-afb2-85365a1d4439,3,bc180fa1-7cd8-4807-b2b7-7a91a759b9a6,Snake2,99,4,1
ad5560d9-57b7-4d65-afb2-85365a1d4439,3,96f96377-cdd7-4702-84f8-31828e04bf5f,Snake3,99,4,1
ad5560d9-57b7-4d65-afb2-85365a1d4439,3,03977be2-2b25-436c-9090-3b9cbb68b3fd,Snake4,99,4,1
ad5560d9-57b7-4d65-afb2-85365a1d4439,3,45b4e980-12c2-4a01-931b-4bc009a47502,Snake1,99,4,1
ad5560d9-57b7-4d65-afb2-85365a1d4439,3,bc180fa1-7cd8-4807-b2b7-7a91a759b9a6,Snake2,99,4,1
ad5560d9-57b7-4d65-afb2-85365a1d4439,3,96f96377-cdd7-4702-84f8-31828e04bf5f,Snake3,99,4,1
ad5560d9-57b7-4d65-afb2-85365a1d4439,3,03977be2-2b25-436c-9090-3b9cbb68b3fd,Snake4,99,4,1
ad5560d9-57b7-4d65-afb2-85365a1d4439,4,45b4e980-12c2-4a01-931b-4bc009a47502,Snake1,98,4,1
ad5560d9-57b7-4d65-afb2-85365a1d4439,4,bc180fa1-7cd8-4807-b2b7-7a91a759b9a6,Snake2,98,4,1
ad5560d9-57b7-4d65-afb2-85365a1d4439,4,96f96377-cdd7-4702-84f8-31828e04bf5f,Snake3,98,4,1
ad5560d9-57b7-4d65-afb2-85365a1d4439,4,03977be2-2b25-436c-9090-3b9cbb68b3fd,Snake4,98,4,1
ad5560d9-57b7-4d65-afb2-85365a1d4439,4,45b4e980-12c2-4a01-931b-4bc009a47502,Snake1,98,4,1
ad5560d9-57b7-4d65-afb2-85365a1d4439,4,bc180fa1-7cd8-4807-b2b7-7a91a759b9a6,Snake2,98,4,1
ad5560d9-57b7-4d65-afb2-85365a1d4439,4,96f96377-cdd7-4702-84f8-31828e04bf5f,Snake3,98,4,1
ad5560d9-57b7-4d65-afb2-85365a1d4439,4,03977be2-2b25-436c-9090-3b9cbb68b3fd,Snake4,98,4,1
ad5560d9-57b7-4d65-afb2-85365a1d4439,4,45b4e980-12c2-4a01-931b-4bc009a47502,Snake1,98,4,1
ad5560d9-57b7-4d65-afb2-85365a1d4439,4,bc180fa1-7cd8-4807-b2b7-7a91a759b9a6,Snake2,98,4,1
ad5560d9-57b7-4d65-afb2-85365a1d4439,4,96f96377-cdd7-4702-84f8-31828e04bf5f,Snake3,98,4,1
ad5560d9-57b7-4d65-afb2-85365a1d4439,4,03977be2-2b25-436c-9090-3b9cbb68b3fd,Snake4,98,4,1
ad5560d9-57b7-4d65-afb2-85365a1d4439,4,45b4e980-12c2-4a01-931b-4bc009a47502,Snake1,98,4,1
ad5560d9-57b7-4d65-afb2-85365a1d4439,4,bc180fa1-7cd8-4807-b2b7-7a91a759b9a6,Snake2,98,4,1
ad5560d9-57b7-4d65-afb2-85365a1d4439,4,96f96377-cdd7-4702-84f8-31828e04bf5f,Snake3,98,4,1
ad5560d9-57b7-4d65-afb2-85365a1d4439,4,03977be2-2b25-436c-9090-3b9cbb68b3fd,Snake4,98,4,1
ad5560d9-57b7-4d65-afb2-85365a1d4439,5,45b4e980-12c2-4a01-931b-4bc009a47502,Snake1,97,4,1
ad5560d9-57b7-4d65-afb2-85365a1d4439,5,bc180fa1-7cd8-4807-b2b7-7a91a759b9a6,Snake2,97,4,1
ad5560d9-57b7-4d65-afb2-85365a1d4439,5,96f96377-cdd7-4702-84f8-31828e04bf5f,Snake3,97,4,1
ad5560d9-57b7-4d65-afb2-85365a1d4439,5,03977be2-2b25-436c-9090-3b9cbb68b3fd,Snake4,97,4,1
ad5560d9-57b7-4d65-afb2-85365a1d4439,5,45b4e980-12c2-4a01-931b-4bc009a47502,Snake1,97,4,1
ad5560d9-57b7-4d65-afb2-85365a1d4439,5,bc180fa1-7cd8-4807-b2b7-7a91a759b9a6,Snake2,97,4,1
ad5560d9-57b7-4d65-afb2-85365a1d4439,5,96f96377-cdd7-4702-84f8-31828e04bf5f,Snake3,97,4,1
ad5560d9-57b7-4d65-afb2-85365a1d4439,5,03977be2-2b25-436c-9090-3b9cbb68b3fd,Snake4,97,4,1
ad5560d9-57b7-4d65-afb2-85365a1d4439,5,45b4e980-12c2-4a01-931b-4bc009a47502,Snake1,97,4,1
ad5560d9-57b7-4d65-afb2-85365a1d4439,5,bc180fa1-7cd8-4807-b2b7-7a91a759b9a6,Snake2,97,4,1
ad5560d9-57b7-4d65-afb2-85365a1d4439,5,96f96377-cdd7-4702-84f8-31828e04bf5f,Snake3,97,4,1
ad5560d9-57b7-4d65-afb2-85365a1d4439,5,03977be2-2b25-436c-9090-3b9cbb68b3fd,Snake4,97,4,1
ad5560d9-57b7-4d65-afb2-85365a1d4439,5,45b4e980-12c2-4a01-931b-4bc009a47502,Snake1,97,4,1
ad5560d9-57b7-4d65-afb2-85365a1d4439,5,bc180fa1-7cd8-4807-b2b7-7a91a759b9a6,Snake2,97,4,1
ad5560d9-57b7-4d65-afb2-85365a1d4439,5,96f96377-cdd7-4702-84f8-31828e04bf5f,Snake3,97,4,1
ad5560d9-57b7-4d65-afb2-85365a1d4439,5,03977be2-2b25-436c-9090-3b9cbb68b3fd,Snake4,97,4,1
ad5560d9-57b7-4d65-afb2-85365a1d4439,6,45b4e980-12c2-4a01-931b-4bc009a47502,Snake1,96,4,1
ad5560d9-57b7-4d65-afb2-85365a1d4439,6,bc180fa1-7cd8-4807-b2b7-7a91a759b9a6,Snake2,96,4,1
ad5560d9-57b7-4d65-afb2-85365a1d4439,6,96f96377-cdd7-4702-84f8-31828e04bf5f,Snake3,100,5,1
ad5560d9-57b7-4d65-afb2-85365a1d4439,6,03977be2-2b25-436c-9090-3b9cbb68b3fd,Snake4,100,5,1
ad5560d9-57b7-4d65-afb2-85365a1d4439,6,45b4e980-12c2-4a01-931b-4bc009a47502,Snake1,96,4,1
ad5560d9-57b7-4d65-afb2-85365a1d4439,6,bc180fa1-7cd8-4807-b2b7-7a91a759b9a6,Snake2,96,4,1
ad5560d9-57b7-4d65-afb2-85365a1d4439,6,96f96377-cdd7-4702-84f8-31828e04bf5f,Snake3,100,5,1
ad5560d9-57b7-4d65-afb2-85365a1d4439,6,03977be2-2b25-436c-9090-3b9cbb68b3fd,Snake4,100,5,1
ad5560d9-57b7-4d65-afb2-85365a1d4439,6,45b4e980-12c2-4a01-931b-4bc009a47502,Snake1,96,4,1
ad5560d9-57b7-4d65-afb2-85365a1d4439,6,bc180fa1-7cd8-4807-b2b7-7a91a759b9a6,Snake2,96,4,1
ad5560d9-57b7-4d65-afb2-85365a1d4439,6,96f96377-cdd7-4702-84f8-31828e04bf5f,Snake3,100,5,1
ad5560d9-57b7-4d65-afb2-85365a1d4439,6,03977be2-2b25-436c-9090-3b9cbb68b3fd,Snake4,100,5,1
ad5560d9-57b7-4d65-afb2-85365a1d4439,7,45b4e980-12c2-4a01-931b-4bc009a47502,Snake1,95,4,1
ad5560d9-57b7-4d65-afb2-85365a1d4439,7,bc180fa1-7cd8-4807-b2b7-7a91a759b9a6,Snake2,95,4,1
ad5560d9-57b7-4d65-afb2-85365a1d4439,7,96f96377-cdd7-4702-84f8-31828e04bf5f,Snake3,99,5,1
ad5560d9-57b7-4d65-afb2-85365a1d4439,7,03977be2-2b25-436c-9090-3b9cbb68b3fd,Snake4,99,5,1
ad5560d9-57b7-4d65-afb2-85365a1d4439,7,45b4e980-12c2-4a01-931b-4bc009a47502,Snake1,95,4,1
ad5560d9-57b7-4d65-afb2-85365a1d4439,7,bc180fa1-7cd8-4807-b2b7-7a91a759b9a6,Snake2,95,4,1
ad5560d9-57b7-4d65-afb2-85365a1d4439,7,96f96377-cdd7-4702-84f8-31828e04bf5f,Snake3,99,5,1
ad5560d9-57b7-4d65-afb2-85365a1d4439,7,03977be2-2b25-436c-9090-3b9cbb68b3fd,Snake4,99,5,1
ad5560d9-57b7-4d65-afb2-85365a1d4439,7,45b4e980-12c2-4a01-931b-4bc009a47502,Snake1,95,4,1
ad5560d9-57b7-4d65-afb2-85365a1d4439,7,bc180fa1-7cd8-4807-b2b7-7a91a759b9a6,Snake2,95,4,1
ad5560d9-57b7-4d65-afb2-85365a1d4439,7,96f96377-cdd7-4702-84f8-31828e04bf5f,Snake3,99,5,1
ad5560d9-57b7-4d65-afb2-85365a1d4439,7,03977be2-2b25-436c-9090-3b9cbb68b3fd,Snake4,99,5,1
ad5560d9-57b7-4d65-afb2-85365a1d4439,7,45b4e980-12c2-4a01-931b-4bc009a47502,Snake1,95,4,1
ad5560d9-57b7-4d65-afb2-85365a1d4439,7,bc180fa1-7cd8-4807-b2b7-7a91a759b9a6,Snake2,95,4,1
ad5560d9-57b7-4d65-afb2-85365a1d4439,7,96f96377-cdd7-4702-84f8-31828e04bf5f,Snake3,99,5,1
ad5560d9-57b7-4d65-afb2-85365a1d4439,7,03977be2-2b25-436c-9090-3b9cbb68b3fd,Snake4,99,5,1
ad5560d9-57b7-4d65-afb2-85365a1d4439,8,45b4e980-12c2-4a01-931b-4bc009a47502,Snake1,94,4,1
ad5560d9-57b7-4d65-afb2-85365a1d4439,8,bc180fa1-7cd8-4807-b2b7-7a91a759b9a6,Snake2,100,5,1
ad5560d9-57b7-4d65-afb2-85365a1d4439,8,96f96377-cdd7-4702-84f8-31828e04bf5f,Snake3,98,5,1
ad5560d9-57b7-4d65-afb2-85365a1d4439,8,03977be2-2b25-436c-9090-3b9cbb68b3fd,Snake4,98,5,1
ad5560d9-57b7-4d65-afb2-85365a1d4439,8,45b4e980-12c2-4a01-931b-4bc009a47502,Snake1,94,4,1
ad5560d9-57b7-4d65-afb2-85365a1d4439,8,bc180fa1-7cd8-4807-b2b7-7a91a759b9a6,Snake2,100,5,1
ad5560d9-57b7-4d65-afb2-85365a1d4439,8,96f96377-cdd7-4702-84f8-31828e04bf5f,Snake3,98,5,1
ad5560d9-57b7-4d65-afb2-85365a1d4439,8,03977be2-2b25-436c-9090-3b9cbb68b3fd,Snake4,98,5,1
ad5560d9-57b7-4d65-afb2-85365a1d4439,8,45b4e980-12c2-4a01-931b-4bc009a47502,Snake1,94,4,1
ad5560d9-57b7-4d65-afb2-85365a1d4439,8,bc180fa1-7cd8-4807-b2b7-7a91a759b9a6,Snake2,100,5,1
ad5560d9-57b7-4d65-afb2-85365a1d4439,8,96f96377-cdd7-4702-84f8-31828e04bf5f,Snake3,98,5,1
ad5560d9-57b7-4d65-afb2-85365a1d4439,8,03977be2-2b25-436c-9090-3b9cbb68b3fd,Snake4,98,5,1
ad5560d9-57b7-4d65-afb2-85365a1d4439,9,45b4e980-12c2-4a01-931b-4bc009a47502,Snake1,93,4,1
ad5560d9-57b7-4d65-afb2-85365a1d4439,9,bc180fa1-7cd8-4807-b2b7-7a91a759b9a6,Snake2,99,5,1
ad5560d9-57b7-4d65-afb2-85365a1d4439,9,96f96377-cdd7-4702-84f8-31828e04bf5f,Snake3,97,5,1
ad5560d9-57b7-4d65-afb2-85365a1d4439,9,03977be2-2b25-436c-9090-3b9cbb68b3fd,Snake4,97,5,1
ad5560d9-57b7-4d65-afb2-85365a1d4439,9,45b4e980-12c2-4a01-931b-4bc009a47502,Snake1,93,4,1
ad5560d9-57b7-4d65-afb2-85365a1d4439,9,bc180fa1-7cd8-4807-b2b7-7a91a759b9a6,Snake2,99,5,1
ad5560d9-57b7-4d65-afb2-85365a1d4439,9,96f96377-cdd7-4702-84f8-31828e04bf5f,Snake3,97,5,1
ad5560d9-57b7-4d65-afb2-85365a1d4439,9,03977be2-2b25-436c-9090-3b9cbb68b3fd,Snake4,97,5,1
ad5560d9-57b7-4d65-afb2-85365a1d4439,9,45b4e980-12c2-4a01-931b-4bc009a47502,Snake1,93,4,1
ad5560d9-57b7-4d65-afb2-85365a1d4439,9,bc180fa1-7cd8-4807-b2b7-7a91a759b9a6,Snake2,99,5,1
ad5560d9-57b7-4d65-afb2-85365a1d4439,9,96f96377-cdd7-4702-84f8-31828e04bf5f,Snake3,97,5,1
ad5560d9-57b7-4d65-afb2-85365a1d4439,9,03977be2-2b25-436c-9090-3b9cbb68b3fd,Snake4,97,5,1
ad5560d9-57b7-4d65-afb2-85365a1d4439,9,45b4e980-12c2-4a01-931b-4bc009a47502,Snake1,93,4,1
ad5560d9-57b7-4d65-afb2-85365a1d4439,9,bc180fa1-7cd8-4807-b2b7-7a91a759b9a6,Snake2,99,5,1
ad5560d9-57b7-4d65-afb2-85365a1d4439,9,96f96377-cdd7-4702-84f8-31828e04bf5f,Snake3,97,5,1
ad5560d9-57b7-4d65-afb2-85365a1d4439,9,03977be2-2b25-436c-9090-3b9cbb68b3fd,Snake4,97,5,1
ad5560d9-57b7-4d65-afb2-85365a1d4439,10,45b4e980-12c2-4a01-931b-4bc009a47502,Snake1,92,4,1
ad5560d9-57b7-4d65-afb2-85365a1d4439,10,bc180fa1-7cd8-4807-b2b7-7a91a759b9a6,Snake2,98,5,1
ad5560d9-57b7-4d65-afb2-85365a1d4439,10,96f96377-cdd7-4702-84f8-31828e04bf5f,Snake3,100,6,1
ad5560d9-57b7-4d65-afb2-85365a1d4439,10,03977be2-2b25-436c-9090-3b9cbb68b3fd,Snake4,96,5,1
ad5560d9-57b7-4d65-afb2-85365a1d4439,10,45b4e980-12c2-4a01-931b-4bc009a47502,Snake1,92,4,1
ad5560d9-57b7-4d65-afb2-85365a1d4439,10,bc180fa1-7cd8-4807-b2b7-7a91a759b9a6,Snake2,98,5,1
ad5560d9-57b7-4d65-afb2-85365a1d4439,10,96f96377-cdd7-4702-84f8-31828e04bf5f,Snake3,100,6,1
ad5560d9-57b7-4d65-afb2-85365a1d4439,10,03977be2-2b25-436c-9090-3b9cbb68b3fd,Snake4,96,5,1
ad5560d9-57b7-4d65-afb2-85365a1d4439,10,45b4e980-12c2-4a01-931b-4bc009a47502,Snake1,92,4,1
ad5560d9-57b7-4d65-afb2-85365a1d4439,10,bc180fa1-7cd8-4807-b2b7-7a91a759b9a6,Snake2,98,5,1
ad5560d9-57b7-4d65-afb2-85365a1d4439,10,96f96377-cdd7-4702-84f8-31828e04bf5f,Snake3,100,6,1
ad5560d9-57b7-4d65-afb2-85365a1d4439,10,03977be2-2b25-436c-9090-3b9cbb68b3fd,Snake4,96,5,1
ad5560d9-57b7-4d65-afb2-85365a1d4439,10,45b4e980-12c2-4a01-931b-4bc009a47502,Snake1,92,4,1
ad5560d9-57b7-4d65-afb2-85365a1d4439,10,bc180fa1-7cd8-4807-b2b7-7a91a759b9a6,Snake2,98,5,1
ad5560d9-57b7-4d65-afb2-85365a1d4439,10,96f96377-cdd7-4702-84f8-31828e04bf5f,Snake3,100,6,1
ad5560d9-57b7-4d65-afb2-85365a1d4439,10,03977be2-2b25-436c-9090-3b9cbb68b3fd,Snake4,96,5,1
ad5560d9-57b7-4d65-afb2-85365a1d4439,11,45b4e980-12c2-4a01-931b-4bc009a47502,Snake1,91,4,1
ad5560d9-57b7-4d65-afb2-85365a1d4439,11,bc180fa1-7cd8-4807-b2b7-7a91a759b9a6,Snake2,97,5,1
ad5560d9-57b7-4d65-afb2-85365a1d4439,11,96f96377-cdd7-4702-84f8-31828e04bf5f,Snake3,100,7,1
ad5560d9-57b7-4d65-afb2-85365a1d4439,11,03977be2-2b25-436c-9090-3b9cbb68b3fd,Snake4,95,5,1
ad5560d9-57b7-4d65-afb2-85365a1d4439,11,45b4e980-12c2-4a01-931b-4bc009a47502,Snake1,91,4,1
ad5560d9-57b7-4d65-afb2-85365a1d4439,11,bc180fa1-7cd8-4807-b2b7-7a91a759b9a6,Snake2,97,5,1
ad5560d9-57b7-4d65-afb2-85365a1d4439,11,96f96377-cdd7-4702-84f8-31828e04bf5f,Snake3,100,7,1
ad5560d9-57b7-4d65-afb2-85365a1d4439,11,03977be2-2b25-436c-9090-3b9cbb68b3fd,Snake4,95,5,1
ad5560d9-57b7-4d65-afb2-85365a1d4439,11,45b4e980-12c2-4a01-931b-4bc009a47502,Snake1,91,4,1
ad5560d9-57b7-4d65-afb2-85365a1d4439,11,bc180fa1-7cd8-4807-b2b7-7a91a759b9a6,Snake2,97,5,1
ad5560d9-57b7-4d65-afb2-85365a1d4439,11,96f96377-cdd7-4702-84f8-31828e04bf5f,Snake3,100,7,1
ad5560d9-57b7-4d65-afb2-85365a1d4439,11,03977be2-2b25-436c-9090-3b9cbb68b3fd,Snake4,95,5,1
ad5560d9-57b7-4d65-afb2-85365a1d4439,11,45b4e980-12c2-4a01-931b-4bc009a47502,Snake1,91,4,1
ad5560d9-57b7-4d65-afb2-85365a1d4439,11,bc180fa1-7cd8-4807-b2b7-7a91a759b9a6,Snake2,97,5,1
ad5560d9-57b7-4d65-afb2-85365a1d4439,11,96f96377-cdd7-4702-84f8-31828e04bf5f,Snake3,100,7,1
ad5560d9-57b7-4d65-afb2-85365a1d4439,11,03977be2-2b25-436c-9090-3b9cbb68b3fd,Snake4,95,5,1
ad5560d9-57b7-4d65-afb2-85365a1d4439,12,45b4e980-12c2-4a01-931b-4bc009a47502,Snake1,90,4,1
ad5560d9-57b7-4d65-afb2-85365a1d4439,12,bc180fa1-7cd8-4807-b2b7-7a91a759b9a6,Snake2,96,5,1
ad5560d9-57b7-4d65-afb2-85365a1d4439,12,96f96377-cdd7-4702-84f8-31828e04bf5f,Snake3,99,7,1
ad5560d9-57b7-4d65-afb2-85365a1d4439,12,03977be2-2b25-436c-9090-3b9cbb68b3fd,Snake4,94,5,1
ad5560d9-57b7-4d65-afb2-85365a1d4439,12,45b4e980-12c2-4a01-931b-4bc009a47502,Snake1,90,4,1
ad5560d9-57b7-4d65-afb2-85365a1d4439,12,bc180fa1-7cd8-4807-b2b7-7a91a759b9a6,Snake2,96,5,1
ad5560d9-57b7-4d65-afb2-85365a1d4439,12,96f96377-cdd7-4702-84f8-31828e04bf5f,Snake3,99,7,1
ad5560d9-57b7-4d65-afb2-85365a1d4439,12,03977be2-2b25-436c-9090-3b9cbb68b3fd,Snake4,94,5,1
ad5560d9-57b7-4d65-afb2-85365a1d4439,12,45b4e980-12c2-4a01-931b-4bc009a47502,Snake1,90,4,1
ad5560d9-57b7-4d65-afb2-85365a1d4439,12,bc180fa1-7cd8-4807-b2b7-7a91a759b9a6,Snake2,96,5,1
ad5560d9-57b7-4d65-afb2-85365a1d4439,12,96f96377-cdd7-4702-84f8-31828e04bf5f,Snake3,99,7,1
ad5560d9-57b7-4d65-afb2-85365a1d4439,12,03977be2-2b25-436c-9090-3b9cbb68b3fd,Snake4,94,5,1
ad5560d9-57b7-4d65-afb2-85365a1d4439,13,45b4e980-12c2-4a01-931b-4bc009a47502,Snake1,89,4,1
ad5560d9-57b7-4d65-afb2-85365a1d4439,13,bc180fa1-7cd8-4807-b2b7-7a91a759b9a6,Snake2,100,6,1
ad5560d9-57b7-4d65-afb2-85365a1d4439,13,96f96377-cdd7-4702-84f8-31828e04bf5f,Snake3,98,7,1
ad5560d9-57b7-4d65-afb2-85365a1d4439,13,03977be2-2b25-436c-9090-3b9cbb68b3fd,Snake4,93,5,1
ad5560d9-57b7-4d65-afb2-85365a1d4439,13,45b4e980-12c2-4a01-931b-4bc009a47502,Snake1,89,4,1
ad5560d9-57b7-4d65-afb2-85365a1d4439,13,bc180fa1-7cd8-4807-b2b7-7a91a759b9a6,Snake2,100,6,1
ad5560d9-57b7-4d65-afb2-85365a1d4439,13,96f96377-cdd7-4702-84f8-31828e04bf5f,Snake3,98,7,1
ad5560d9-57b7-4d65-afb2-85365a1d4439,13,03977be2-2b25-436c-9090-3b9cbb68b3fd,Snake4,93,5,1
ad5560d9-57b7-4d65-afb2-85365a1d4439,13,45b4e980-12c2-4a01-931b-4bc009a47502,Snake1,89,4,1
ad5560d9-57b7-4d65-afb2-85365a1d4439,13,bc180fa1-7cd8-4807-b2b7-7a91a759b9a6,Snake2,100,6,1
ad5560d9-57b7-4d65-afb2-85365a1d4439,13,96f96377-cdd7-4702-84f8-31828e04bf5f,Snake3,98,7,1
ad5560d9-57b7-4d65-afb2-85365a1d4439,13,03977be2-2b25-436c-9090-3b9cbb68b3fd,Snake4,93,5,1
ad5560d9-57b7-4d65-afb2-85365a1d4439,13,45b4e980-12c2-4a01-931b-4bc009a47502,Snake1,89,4,1
ad5560d9-57b7-4d65-afb2-85365a1d4439,13,bc180fa1-7cd8-4807-b2b7-7a91a759b9a6,Snake2,100,6,1
ad5560d9-57b7-4d65-afb2-85365a1d4439,13,96f96377-cdd7-4702-84f8-31828e04bf5f,Snake3,98,7,1
ad5560d9-57b7-4d65-afb2-85365a1d4439,13,03977be2-2b25-436c-9090-3b9cbb68b3fd,Snake4,93,5,1
ad5560d9-57b7-4d65-afb2-85365a1d4439,14,45b4e980-12c2-4a01-931b-4bc009a47502,Snake1,88,4,1
ad5560d9-57b7-4d65-afb2-85365a1d4439,14,bc180fa1-7cd8-4807-b2b7-7a91a759b9a6,Snake2,99,6,1
ad5560d9-57b7-4d65-afb2-85365a1d4439,14,96f96377-cdd7-4702-84f8-31828e04bf5f,Snake3,97,7,1
ad5560d9-57b7-4d65-afb2-85365a1d4439,14,03977be2-2b25-436c-9090-3b9cbb68b3fd,Snake4,100,6,1
ad5560d9-57b7-4d65-afb2-85365a1d4439,15,45b4e980-12c2-4a01-931b-4bc009a47502,Snake1,87,4,1
ad5560d9-57b7-4d65-afb2-85365a1d4439,15,bc180fa1-7cd8-4807-b2b7-7a91a759b9a6,Snake2,98,6,1
ad5560d9-57b7-4d65-afb2-85365a1d4439,15,96f96377-cdd7-4702-84f8-31828e04bf5f,Snake3,96,7,1
ad5560d9-57b7-4d65-afb2-85365a1d4439,15,03977be2-2b25-436c-9090-3b9cbb68b3fd,Snake4,99,6,1
ad5560d9-57b7-4d65-afb2-85365a1d4439,15,45b4e980-12c2-4a01-931b-4bc009a47502,Snake1,87,4,1
ad5560d9-57b7-4d65-afb2-85365a1d4439,15,bc180fa1-7cd8-4807-b2b7-7a91a759b9a6,Snake2,98,6,1
ad5560d9-57b7-4d65-afb2-85365a1d4439,15,96f96377-cdd7-4702-84f8-31828e04bf5f,Snake3,96,7,1
ad5560d9-57b7-4d65-afb2-85365a1d4439,15,03977be2-2b25-436c-9090-3b9cbb68b3fd,Snake4,99,6,1
ad5560d9-57b7-4d65-afb2-85365a1d4439,16,45b4e980-12c2-4a01-931b-4bc009a47502,Snake1,86,4,1
ad5560d9-57b7-4d65-afb2-85365a1d4439,16,bc180fa1-7cd8-4807-b2b7-7a91a759b9a6,Snake2,97,6,1
ad5560d9-57b7-4d65-afb2-85365a1d4439,16,96f96377-cdd7-4702-84f8-31828e04bf5f,Snake3,95,7,1
ad5560d9-57b7-4d65-afb2-85365a1d4439,16,03977be2-2b25-436c-9090-3b9cbb68b3fd,Snake4,98,6,1
ad5560d9-57b7-4d65-afb2-85365a1d4439,16,45b4e980-12c2-4a01-931b-4bc009a47502,Snake1,86,4,1
ad5560d9-57b7-4d65-afb2-85365a1d4439,16,bc180fa1-7cd8-4807-b2b7-7a91a759b9a6,Snake2,97,6,1
ad5560d9-57b7-4d65-afb2-85365a1d4439,16,96f96377-cdd7-4702-84f8-31828e04bf5f,Snake3,95,7,1
ad5560d9-57b7-4d65-afb2-85365a1d4439,16,03977be2-2b25-436c-9090-3b9cbb68b3fd,Snake4,98,6,1
ad5560d9-57b7-4d65-afb2-85365a1d4439,16,45b4e980-12c2-4a01-931b-4bc009a47502,Snake1,86,4,1
ad5560d9-57b7-4d65-afb2-85365a1d4439,16,bc180fa1-7cd8-4807-b2b7-7a91a759b9a6,Snake2,97,6,1
ad5560d9-57b7-4d65-afb2-85365a1d4439,16,96f96377-cdd7-4702-84f8-31828e04bf5f,Snake3,95,7,1
ad5560d9-57b7-4d65-afb2-85365a1d4439,16,03977be2-2b25-436c-9090-3b9cbb68b3fd,Snake4,98,6,1
ad5560d9-57b7-4d65-afb2-85365a1d4439,16,45b4e980-12c2-4a01-931b-4bc009a47502,Snake1,86,4,1
ad5560d9-57b7-4d65-afb2-85365a1d4439,16,bc180fa1-7cd8-4807-b2b7-7a91a759b9a6,Snake2,97,6,1
ad5560d9-57b7-4d65-afb2-85365a1d4439,16,96f96377-cdd7-4702-84f8-31828e04bf5f,Snake3,95,7,1
ad5560d9-57b7-4d65-afb2-85365a1d4439,16,03977be2-2b25-436c-9090-3b9cbb68b3fd,Snake4,98,6,1
ad5560d9-57b7-4d65-afb2-85365a1d4439,17,45b4e980-12c2-4a01-931b-4bc009a47502,Snake1,85,4,1
ad5560d9-57b7-4d65-afb2-85365a1d4439,17,bc180fa1-7cd8-4807-b2b7-7a91a759b9a6,Snake2,96,6,1
ad5560d9-57b7-4d65-afb2-85365a1d4439,17,96f96377-cdd7-4702-84f8-31828e04bf5f,Snake3,94,7,1
ad5560d9-57b7-4d65-afb2-85365a1d4439,17,03977be2-2b25-436c-9090-3b9cbb68b3fd,Snake4,97,6,1
ad5560d9-57b7-4d65-afb2-85365a1d4439,18,45b4e980-12c2-4a01-931b-4bc009a47502,Snake1,84,4,1
ad5560d9-57b7-4d65-afb2-85365a1d4439,18,bc180fa1-7cd8-4807-b2b7-7a91a759b9a6,Snake2,95,6,1
ad5560d9-57b7-4d65-afb2-85365a1d4439,18,96f96377-cdd7-4702-84f8-31828e04bf5f,Snake3,93,7,1
ad5560d9-57b7-4d65-afb2-85365a1d4439,18,03977be2-2b25-436c-9090-3b9cbb68b3fd,Snake4,96,6,1
ad5560d9-57b7-4d65-afb2-85365a1d4439,18,45b4e980-12c2-4a01-931b-4bc009a47502,Snake1,84,4,1
ad5560d9-57b7-4d65-afb2-85365a1d4439,18,bc180fa1-7cd8-4807-b2b7-7a91a759b9a6,Snake2,95,6,1
ad5560d9-57b7-4d65-afb2-85365a1d4439,18,96f96377-cdd7-4702-84f8-31828e04bf5f,Snake3,93,7,1
ad5560d9-57b7-4d65-afb2-85365a1d4439,18,03977be2-2b25-436c-9090-3b9cbb68b3fd,Snake4,96,6,1
ad5560d9-57b7-4d65-afb2-85365a1d4439,18,45b4e980-12c2-4a01-931b-4bc009a47502,Snake1,84,4,1
ad5560d9-57b7-4d65-afb2-85365a1d4439,18,bc180fa1-7cd8-4807-b2b7-7a91a759b9a6,Snake2,95,6,1
ad5560d9-57b7-4d65-afb2-85365a1d4439,18,96f96377-cdd7-4702-84f8-31828e04bf5f,Snake3,93,7,1
ad5560d9-57b7-4d65-afb2-85365a1d4439,18,03977be2-2b25-436c-9090-3b9cbb68b3fd,Snake4,96,6,1
ad5560d9-57b7-4d65-afb2-85365a1d4439,18,45b4e980-12c2-4a01-931b-4bc009a47502,Snake1,84,4,1
ad5560d9-57b7-4d65-afb2-85365a1d4439,18,bc180fa1-7cd8-4807-b2b7-7a91a759b9a6,Snake2,95,6,1
ad5560d9-57b7-4d65-afb2-85365a1d4439,18,96f96377-cdd7-4702-84f8-31828e04bf5f,Snake3,93,7,1
ad5560d9-57b7-4d65-afb2-85365a1d4439,18,03977be2-2b25-436c-9090-3b9cbb68b3fd,Snake4,96,6,1
ad5560d9-57b7-4d65-afb2-85365a1d4439,19,45b4e980-12c2-4a01-931b-4bc009a47502,Snake1,100,5,1
ad5560d9-57b7-4d65-afb2-85365a1d4439,19,bc180fa1-7cd8-4807-b2b7-7a91a759b9a6,Snake2,94,6,1
ad5560d9-57b7-4d65-afb2-85365a1d4439,19,96f96377-cdd7-4702-84f8-31828e04bf5f,Snake3,92,7,1
ad5560d9-57b7-4d65-afb2-85365a1d4439,19,03977be2-2b25-436c-9090-3b9cbb68b3fd,Snake4,95,6,1
ad5560d9-57b7-4d65-afb2-85365a1d4439,19,45b4e980-12c2-4a01-931b-4bc009a47502,Snake1,100,5,1
ad5560d9-57b7-4d65-afb2-85365a1d4439,19,bc180fa1-7cd8-4807-b2b7-7a91a759b9a6,Snake2,94,6,1
ad5560d9-57b7-4d65-afb2-85365a1d4439,19,96f96377-cdd7-4702-84f8-31828e04bf5f,Snake3,92,7,1
ad5560d9-57b7-4d65-afb2-85365a1d4439,19,03977be2-2b25-436c-9090-3b9cbb68b3fd,Snake4,95,6,1
ad5560d9-57b7-4d65-afb2-85365a1d4439,19,45b4e980-12c2-4a01-931b-4bc009a47502,Snake1,100,5,1
ad5560d9-57b7-4d65-afb2-85365a1d4439,19,bc180fa1-7cd8-4807-b2b7-7a91a759b9a6,Snake2,94,6,1
ad5560d9-57b7-4d65-afb2-85365a1d4439,19,96f96377-cdd7-4702-84f8-31828e04bf5f,Snake3,92,7,1
ad5560d9-57b7-4d65-afb2-85365a1d4439,19,03977be2-2b25-436c-9090-3b9cbb68b3fd,Snake4,95,6,1
ad5560d9-57b7-4d65-afb2-85365a1d4439,20,45b4e980-12c2-4a01-931b-4bc009a47502,Snake1,99,5,1
ad5560d9-57b7-4d65-afb2-85365a1d4439,20,bc180fa1-7cd8-4807-b2b7-7a91a759b9a6,Snake2,93,6,1
ad5560d9-57b7-4d65-afb2-85365a1d4439,20,96f96377-cdd7-4702-84f8-31828e04bf5f,Snake3,91,7,1
ad5560d9-57b7-4d65-afb2-85365a1d4439,20,03977be2-2b25-436c-9090-3b9cbb68b3fd,Snake4,94,6,1
ad5560d9-57b7-4d65-afb2-85365a1d4439,20,45b4e980-12c2-4a01-931b-4bc009a47502,Snake1,99,5,1
ad5560d9-57b7-4d65-afb2-85365a1d4439,20,bc180fa1-7cd8-4807-b2b7-7a91a759b9a6,Snake2,93,6,1
ad5560d9-57b7-4d65-afb2-85365a1d4439,20,96f96377-cdd7-4702-84f8-31828e04bf5f,Snake3,91,7,1
ad5560d9-57b7-4d65-afb2-85365a1d4439,20,03977be2-2b25-436c-9090-3b9cbb68b3fd,Snake4,94,6,1
ad5560d9-57b7-4d65-afb2-85365a1d4439,21,45b4e980-12c2-4a01-931b-4bc009a47502,Snake1,98,5,1
ad5560d9-57b7-4d65-afb2-85365a1d4439,21,bc180fa1-7cd8-4807-b2b7-7a91a759b9a6,Snake2,92,6,1
ad5560d9-57b7-4d65-afb2-85365a1d4439,21,96f96377-cdd7-4702-84f8-31828e04bf5f,Snake3,90,7,1
ad5560d9-57b7-4d65-afb2-85365a1d4439,21,03977be2-2b25-436c-9090-3b9cbb68b3fd,Snake4,93,6,1
ad5560d9-57b7-4d65-afb2-85365a1d4439,21,45b4e980-12c2-4a01-931b-4bc009a47502,Snake1,98,5,1
ad5560d9-57b7-4d65-afb2-85365a1d4439,21,bc180fa1-7cd8-4807-b2b7-7a91a759b9a6,Snake2,92,6,1
ad5560d9-57b7-4d65-afb2-85365a1d4439,21,96f96377-cdd7-4702-84f8-31828e04bf5f,Snake3,90,7,1
ad5560d9-57b7-4d65-afb2-85365a1d4439,21,03977be2-2b25-436c-9090-3b9cbb68b3fd,Snake4,93,6,1
ad5560d9-57b7-4d65-afb2-85365a1d4439,22,45b4e980-12c2-4a01-931b-4bc009a47502,Snake1,97,5,1
ad5560d9-57b7-4d65-afb2-85365a1d4439,22,bc180fa1-7cd8-4807-b2b7-7a91a759b9a6,Snake2,91,6,1
ad5560d9-57b7-4d65-afb2-85365a1d4439,22,96f96377-cdd7-4702-84f8-31828e04bf5f,Snake3,89,7,1
ad5560d9-57b7-4d65-afb2-85365a1d4439,22,03977be2-2b25-436c-9090-3b9cbb68b3fd,Snake4,92,6,1
ad5560d9-57b7-4d65-afb2-85365a1d4439,22,45b4e980-12c2-4a01-931b-4bc009a47502,Snake1,97,5,1
ad5560d9-57b7-4d65-afb2-85365a1d4439,22,bc180fa1-7cd8-4807-b2b7-7a91a759b9a6,Snake2,91,6,1
ad5560d9-57b7-4d65-afb2-85365a1d4439,22,96f96377-cdd7-4702-84f8-31828e04bf5f,Snake3,89,7,1
ad5560d9-57b7-4d65-afb2-85365a1d4439,22,03977be2-2b25-436c-9090-3b9cbb68b3fd,Snake4,92,6,1
ad5560d9-57b7-4d65-afb2-85365a1d4439,23,45b4e980-12c2-4a01-931b-4bc009a47502,Snake1,96,5,1
ad5560d9-57b7-4d65-afb2-85365a1d4439,23,bc180fa1-7cd8-4807-b2b7-7a91a759b9a6,Snake2,90,6,1
ad5560d9-57b7-4d65-afb2-85365a1d4439,23,96f96377-cdd7-4702-84f8-31828e04bf5f,Snake3,100,8,1
ad5560d9-57b7-4d65-afb2-85365a1d4439,23,03977be2-2b25-436c-9090-3b9cbb68b3fd,Snake4,91,6,1
ad5560d9-57b7-4d65-afb2-85365a1d4439,23,45b4e980-12c2-4a01-931b-4bc009a47502,Snake1,96,5,1
ad5560d9-57b7-4d65-afb2-85365a1d4439,23,bc180fa1-7cd8-4807-b2b7-7a91a759b9a6,Snake2,90,6,1
ad5560d9-57b7-4d65-afb2-85365a1d4439,23,96f96377-cdd7-4702-84f8-31828e04bf5f,Snake3,100,8,1
ad5560d9-57b7-4d65-afb2-85365a1d4439,23,03977be2-2b25-436c-9090-3b9cbb68b3fd,Snake4,91,6,1
ad5560d9-57b7-4d65-afb2-85365a1d4439,23,45b4e980-12c2-4a01-931b-4bc009a47502,Snake1,96,5,1
ad5560d9-57b7-4d65-afb2-85365a1d4439,23,bc180fa1-7cd8-4807-b2b7-7a91a759b9a6,Snake2,90,6,1
ad5560d9-57b7-4d65-afb2-85365a1d4439,23,96f96377-cdd7-4702-84f8-31828e04bf5f,Snake3,100,8,1
ad5560d9-57b7-4d65-afb2-85365a1d4439,23,03977be2-2b25-436c-9090-3b9cbb68b3fd,Snake4,91,6,1
ad5560d9-57b7-4d65-afb2-85365a1d4439,24,45b4e980-12c2-4a01-931b-4bc009a47502,Snake1,95,5,1
ad5560d9-57b7-4d65-afb2-85365a1d4439,24,bc180fa1-7cd8-4807-b2b7-7a91a759b9a6,Snake2,89,6,1
ad5560d9-57b7-4d65-afb2-85365a1d4439,24,96f96377-cdd7-4702-84f8-31828e04bf5f,Snake3,99,8,1
ad5560d9-57b7-4d65-afb2-85365a1d4439,24,03977be2-2b25-436c-9090-3b9cbb68b3fd,Snake4,90,6,1
ad5560d9-57b7-4d65-afb2-85365a1d4439,24,45b4e980-12c2-4a01-931b-4bc009a47502,Snake1,95,5,1
ad5560d9-57b7-4d65-afb2-85365a1d4439,24,bc180fa1-7cd8-4807-b2b7-7a91a759b9a6,Snake2,89,6,1
ad5560d9-57b7-4d65-afb2-85365a1d4439,24,96f96377-cdd7-4702-84f8-31828e04bf5f,Snake3,99,8,1
ad5560d9-57b7-4d65-afb2-85365a1d4439,24,03977be2-2b25-436c-9090-3b9cbb68b3fd,Snake4,90,6,1
ad5560d9-57b7-4d65-afb2-85365a1d4439,24,45b4e980-12c2-4a01-931b-4bc009a47502,Snake1,95,5,1
ad5560d9-57b7-4d65-afb2-85365a1d4439,24,bc180fa1-7cd8-4807-b2b7-7a91a759b9a6,Snake2,89,6,1
ad5560d9-57b7-4d65-afb2-85365a1d4439,24,96f96377-cdd7-4702-84f8-31828e04bf5f,Snake3,99,8,1
ad5560d9-57b7-4d65-afb2-85365a1d4439,24,03977be2-2b25-436c-9090-3b9cbb68b3fd,Snake4,90,6,1
ad5560d9-57b7-4d65-afb2-85365a1d4439,25,45b4e980-12c2-4a01-931b-4bc009a47502,Snake1,94,5,1
ad5560d9-57b7-4d65-afb2-85365a1d4439,25,bc180fa1-7cd8-4807-b2b7-7a91a759b9a6,Snake2,88,6,1
ad5560d9-57b7-4d65-afb2-85365a1d4439,25,96f96377-cdd7-4702-84f8-31828e04bf5f,Snake3,98,8,1
ad5560d9-57b7-4d65-afb2-85365a1d4439,25,03977be2-2b25-436c-9090-3b9cbb68b3fd,Snake4,89,6,1
ad5560d9-57b7-4d65-afb2-85365a1d4439,25,45b4e980-12c2-4a01-931b-4bc009a47502,Snake1,94,5,1
ad5560d9-57b7-4d65-afb2-85365a1d4439,25,bc180fa1-7cd8-4807-b2b7-7a91a759b9a6,Snake2,88,6,1
ad5560d9-57b7-4d65-afb2-85365a1d4439,25,96f96377-cdd7-4702-84f8-31828e04bf5f,Snake3,98,8,1
ad5560d9-57b7-4d65-afb2-85365a1d4439,25,03977be2-2b25-436c-9090-3b9cbb68b3fd,Snake4,89,6,1
ad5560d9-57b7-4d65-afb2-85365a1d4439,26,45b4e980-12c2-4a01-931b-4bc009a47502,Snake1,93,5,1
ad5560d9-57b7-4d65-afb2-85365a1d4439,26,bc180fa1-7cd8-4807-b2b7-7a91a759b9a6,Snake2,87,6,1
ad5560d9-57b7-4d65-afb2-85365a1d4439,26,96f96377-cdd7-4702-84f8-31828e04bf5f,Snake3,97,8,1
ad5560d9-57b7-4d65-afb2-85365a1d4439,26,03977be2-2b25-436c-9090-3b9cbb68b3fd,Snake4,88,6,1
ad5560d9-57b7-4d65-afb2-85365a1d4439,26,45b4e980-12c2-4a01-931b-4bc009a47502,Snake1,93,5,1
ad5560d9-57b7-4d65-afb2-85365a1d4439,26,bc180fa1-7cd8-4807-b2b7-7a91a759b9a6,Snake2,87,6,1
ad5560d9-57b7-4d65-afb2-85365a1d4439,26,96f96377-cdd7-4702-84f8-31828e04bf5f,Snake3,97,8,1
ad5560d9-57b7-4d65-afb2-85365a1d4439,26,03977be2-2b25-436c-9090-3b9cbb68b3fd,Snake4,88,6,1
ad5560d9-57b7-4d65-afb2-85365a1d4439,26,45b4e980-12c2-4a01-931b-4bc009a47502,Snake1,93,5,1
ad5560d9-57b7-4d65-afb2-85365a1d4439,26,bc180fa1-7cd8-4807-b2b7-7a91a759b9a6,Snake2,87,6,1
ad5560d9-57b7-4d65-afb2-85365a1d4439,26,96f96377-cdd7-4702-84f8-31828e04bf5f,Snake3,97,8,1
ad5560d9-57b7-4d65-afb2-85365a1d4439,26,03977be2-2b25-436c-9090-3b9cbb68b3fd,Snake4,88,6,1
ad5560d9-57b7-4d65-afb2-85365a1d4439,26,45b4e980-12c2-4a01-931b-4bc009a47502,Snake1,93,5,1
ad5560d9-57b7-4d65-afb2-85365a1d4439,26,bc180fa1-7cd8-4807-b2b7-7a91a759b9a6,Snake2,87,6,1
ad5560d9-57b7-4d65-afb2-85365a1d4439,26,96f96377-cdd7-4702-84f8-31828e04bf5f,Snake3,97,8,1
ad5560d9-57b7-4d65-afb2-85365a1d4439,26,03977be2-2b25-436c-9090-3b9cbb68b3fd,Snake4,88,6,1
ad5560d9-57b7-4d65-afb2-85365a1d4439,27,45b4e980-12c2-4a01-931b-4bc009a47502,Snake1,92,5,1
ad5560d9-57b7-4d65-afb2-85365a1d4439,27,bc180fa1-7cd8-4807-b2b7-7a91a759b9a6,Snake2,86,6,1
ad5560d9-57b7-4d65-afb2-85365a1d4439,27,96f96377-cdd7-4702-84f8-31828e04bf5f,Snake3,96,8,1
ad5560d9-57b7-4d65-afb2-85365a1d4439,27,03977be2-2b25-436c-9090-3b9cbb68b3fd,Snake4,87,6,1
ad5560d9-57b7-4d65-afb2-85365a1d4439,27,45b4e980-12c2-4a01-931b-4bc009a47502,Snake1,92,5,1
ad5560d9-57b7-4d65-afb2-85365a1d4439,27,bc180fa1-7cd8-4807-b2b7-7a91a759b9a6,Snake2,86,6,1
ad5560d9-57b7-4d65-afb2-85365a1d4439,27,96f96377-cdd7-4702-84f8-31828e04bf5f,Snake3,96,8,1
ad5560d9-57b7-4d65-afb2-85365a1d4439,27,03977be2-2b25-436c-9090-3b9cbb68b3fd,Snake4,87,6,1
ad5560d9-57b7-4d65-afb2-85365a1d4439,27,45b4e980-12c2-4a01-931b-4bc009a47502,Snake1,92,5,1
ad5560d9-57b7-4d65-afb2-85365a1d4439,27,bc180fa1-7cd8-4807-b2b7-7a91a759b9a6,Snake2,86,6,1
ad5560d9-57b7-4d65-afb2-85365a1d4439,27,96f96377-cdd7-4702-84f8-31828e04bf5f,Snake3,96,8,1
ad5560d9-57b7-4d65-afb2-85365a1d4439,27,03977be2-2b25-436c-9090-3b9cbb68b3fd,Snake4,87,6,1
ad5560d9-57b7-4d65-afb2-85365a1d4439,27,45b4e980-12c2-4a01-931b-4bc009a47502,Snake1,92,5,1
ad5560d9-57b7-4d65-afb2-85365a1d4439,27,bc180fa1-7cd8-4807-b2b7-7a91a759b9a6,Snake2,86,6,1
ad5560d9-57b7-4d65-afb2-85365a1d4439,27,96f96377-cdd7-4702-84f8-31828e04bf5f,Snake3,96,8,1
ad5560d9-57b7-4d65-afb2-85365a1d4439,27,03977be2-2b25-436c-9090-3b9cbb68b3fd,Snake4,87,6,1
ad5560d9-57b7-4d65-afb2-85365a1d4439,28,45b4e980-12c2-4a01-931b-4bc009a47502,Snake1,91,5,1
ad5560d9-57b7-4d65-afb2-85365a1d4439,28,bc180fa1-7cd8-4807-b2b7-7a91a759b9a6,Snake2,85,6,1
ad5560d9-57b7-4d65-afb2-85365a1d4439,28,96f96377-cdd7-4702-84f8-31828e04bf5f,Snake3,95,8,1
ad5560d9-57b7-4d65-afb2-85365a1d4439,28,03977be2-2b25-436c-9090-3b9cbb68b3fd,Snake4,86,6,1
ad5560d9-57b7-4d65-afb2-85365a1d4439,28,45b4e980-12c2-4a01-931b-4bc009a47502,Snake1,91,5,1
ad5560d9-57b7-4d65-afb2-85365a1d4439,28,bc180fa1-7cd8-4807-b2b7-7a91a759b9a6,Snake2,85,6,1
ad5560d9-57b7-4d65-afb2-85365a1d4439,28,96f96377-cdd7-4702-84f8-31828e04bf5f,Snake3,95,8,1
ad5560d9-57b7-4d65-afb2-85365a1d4439,28,03977be2-2b25-436c-9090-3b9cbb68b3fd,Snake4,86,6,1
ad5560d9-57b7-4d65-afb2-85365a1d4439,28,45b4e980-12c2-4a01-931b-4bc009a47502,Snake1,91,5,1
ad5560d9-57b7-4d65-afb2-85365a1d4439,28,bc180fa1-7cd8-4807-b2b7-7a91a759b9a6,Snake2,85,6,1
ad5560d9-57b7-4d65-afb2-85365a1d4439,28,96f96377-cdd7-4702-84f8-31828e04bf5f,Snake3,95,8,1
ad5560d9-57b7-4d65-afb2-85365a1d4439,28,03977be2-2b25-436c-9090-3b9cbb68b3fd,Snake4,86,6,1
ad5560d9-57b7-4d65-afb2-85365a1d4439,28,45b4e980-12c2-4a01-931b-4bc009a47502,Snake1,91,5,1
ad5560d9-57b7-4d65-afb2-85365a1d4439,28,bc180fa1-7cd8-4807-b2b7-7a91a759b9a6,Snake2,85,6,1
ad5560d9-57b7-4d65-afb2-85365a1d4439,28,96f96377-cdd7-4702-84f8-31828e04bf5f,Snake3,95,8,1
ad5560d9-57b7-4d65-afb2-85365a1d4439,28,03977be2-2b25-436c-9090-3b9cbb68b3fd,Snake4,86,6,1
ad5560d9-57b7-4d65-afb2-85365a1d4439,29,45b4e980-12c2-4a01-931b-4bc009a47502,Snake1,90,5,1
ad5560d9-57b7-4d65-afb2-85365a1d4439,29,bc180fa1-7cd8-4807-b2b7-7a91a759b9a6,Snake2,84,6,1
ad5560d9-57b7-4d65-afb2-85365a1d4439,29,96f96377-cdd7-4702-84f8-31828e04bf5f,Snake3,94,8,1
ad5560d9-57b7-4d65-afb2-85365a1d4439,29,03977be2-2b25-436c-9090-3b9cbb68b3fd,Snake4,85,6,1
ad5560d9-57b7-4d65-afb2-85365a1d4439,29,45b4e980-12c2-4a01-931b-4bc009a47502,Snake1,90,5,1
ad5560d9-57b7-4d65-afb2-85365a1d4439,29,bc180fa1-7cd8-4807-b2b7-7a91a759b9a6,Snake2,84,6,1
ad5560d9-57b7-4d65-afb2-85365a1d4439,29,96f96377-cdd7-4702-84f8-31828e04bf5f,Snake3,94,8,1
ad5560d9-57b7-4d65-afb2-85365a1d4439,29,03977be2-2b25-436c-9090-3b9cbb68b3fd,Snake4,85,6,1
ad5560d9-57b7-4d65-afb2-85365a1d4439,30,45b4e980-12c2-4a01-931b-4bc009a47502,Snake1,89,5,1
ad5560d9-57b7-4d65-afb2-85365a1d4439,30,bc180fa1-7cd8-4807-b2b7-7a91a759b9a6,Snake2,83,6,1
ad5560d9-57b7-4d65-afb2-85365a1d4439,30,96f96377-cdd7-4702-84f8-31828e04bf5f,Snake3,93,8,1
ad5560d9-57b7-4d65-afb2-85365a1d4439,30,03977be2-2b25-436c-9090-3b9cbb68b3fd,Snake4,84,6,1
ad5560d9-57b7-4d65-afb2-85365a1d4439,30,45b4e980-12c2-4a01-931b-4bc009a47502,Snake1,89,5,1
ad5560d9-57b7-4d65-afb2-85365a1d4439,30,bc180fa1-7cd8-4807-b2b7-7a91a759b9a6,Snake2,83,6,1
ad5560d9-57b7-4d65-afb2-85365a1d4439,30,96f96377-cdd7-4702-84f8-31828e04bf5f,Snake3,93,8,1
ad5560d9-57b7-4d65-afb2-85365a1d4439,30,03977be2-2b25-436c-9090-3b9cbb68b3fd,Snake4,84,6,1
ad5560d9-57b7-4d65-afb2-85365a1d4439,30,45b4e980-12c2-4a01-931b-4bc009a47502,Snake1,89,5,1
ad5560d9-57b7-4d65-afb2-85365a1d4439,30,bc180fa1-7cd8-4807-b2b7-7a91a759b9a6,Snake2,83,6,1
ad5560d9-57b7-4d65-afb2-85365a1d4439,30,96f96377-cdd7-4702-84f8-31828e04bf5f,Snake3,93,8,1
ad5560d9-57b7-4d65-afb2-85365a1d4439,30,03977be2-2b25-436c-9090-3b9cbb68b3fd,Snake4,84,6,1
ad5560d9-57b7-4d65-afb2-85365a1d4439,30,45b4e980-12c2-4a01-931b-4bc009a47502,Snake1,89,5,1
ad5560d9-57b7-4d65-afb2-85365a1d4439,30,bc180fa1-7cd8-4807-b2b7-7a91a759b9a6,Snake2,83,6,1
ad5560d9-57b7-4d65-afb2-85365a1d4439,30,96f96377-cdd7-4702-84f8-31828e04bf5f,Snake3,93,8,1
ad5560d9-57b7-4d65-afb2-85365a1d4439,30,03977be2-2b25-436c-9090-3b9cbb68b3fd,Snake4,84,6,1
ad5560d9-57b7-4d65-afb2-85365a1d4439,31,45b4e980-12c2-4a01-931b-4bc009a47502,Snake1,88,5,1
ad5560d9-57b7-4d65-afb2-85365a1d4439,31,bc180fa1-7cd8-4807-b2b7-7a91a759b9a6,Snake2,82,6,1
ad5560d9-57b7-4d65-afb2-85365a1d4439,31,96f96377-cdd7-4702-84f8-31828e04bf5f,Snake3,92,8,1
ad5560d9-57b7-4d65-afb2-85365a1d4439,31,03977be2-2b25-436c-9090-3b9cbb68b3fd,Snake4,83,6,1
ad5560d9-57b7-4d65-afb2-85365a1d4439,31,45b4e980-12c2-4a01-931b-4bc009a47502,Snake1,88,5,1
ad5560d9-57b7-4d65-afb2-85365a1d4439,31,bc180fa1-7cd8-4807-b2b7-7a91a759b9a6,Snake2,82,6,1
ad5560d9-57b7-4d65-afb2-85365a1d4439,31,96f96377-cdd7-4702-84f8-31828e04bf5f,Snake3,92,8,1
ad5560d9-57b7-4d65-afb2-85365a1d4439,31,03977be2-2b25-436c-9090-3b9cbb68b3fd,Snake4,83,6,1
ad5560d9-57b7-4d65-afb2-85365a1d4439,31,45b4e980-12c2-4a01-931b-4bc009a47502,Snake1,88,5,1
ad5560d9-57b7-4d65-afb2-85365a1d4439,31,bc180fa1-7cd8-4807-b2b7-7a91a759b9a6,Snake2,82,6,1
ad5560d9-57b7-4d65-afb2-85365a1d4439,31,96f96377-cdd7-4702-84f8-31828e04bf5f,Snake3,92,8,1
ad5560d9-57b7-4d65-afb2-85365a1d4439,31,03977be2-2b25-436c-9090-3b9cbb68b3fd,Snake4,83,6,1
ad5560d9-57b7-4d65-afb2-85365a1d4439,32,45b4e980-12c2-4a01-931b-4bc009a47502,Snake1,87,5,1
ad5560d9-57b7-4d65-afb2-85365a1d4439,32,bc180fa1-7cd8-4807-b2b7-7a91a759b9a6,Snake2,81,6,1
ad5560d9-57b7-4d65-afb2-85365a1d4439,32,96f96377-cdd7-4702-84f8-31828e04bf5f,Snake3,91,8,1
ad5560d9-57b7-4d65-afb2-85365a1d4439,32,03977be2-2b25-436c-9090-3b9cbb68b3fd,Snake4,82,6,1
ad5560d9-57b7-4d65-afb2-85365a1d4439,32,45b4e980-12c2-4a01-931b-4bc009a47502,Snake1,87,5,1
ad5560d9-57b7-4d65-afb2-85365a1d4439,32,bc180fa1-7cd8-4807-b2b7-7a91a759b9a6,Snake2,81,6,1
ad5560d9-57b7-4d65-afb2-85365a1d4439,32,96f96377-cdd7-4702-84f8-31828e04bf5f,Snake3,91,8,1
ad5560d9-57b7-4d65-afb2-85365a1d4439,32,03977be2-2b25-436c-9090-3b9cbb68b3fd,Snake4,82,6,1
ad5560d9-57b7-4d65-afb2-85365a1d4439,33,45b4e980-12c2-4a01-931b-4bc009a47502,Snake1,86,5,1
ad5560d9-57b7-4d65-afb2-85365a1d4439,33,bc180fa1-7cd8-4807-b2b7-7a91a759b9a6,Snake2,80,6,1
ad5560d9-57b7-4d65-afb2-85365a1d4439,33,96f96377-cdd7-4702-84f8-31828e04bf5f,Snake3,90,8,1
ad5560d9-57b7-4d65-afb2-85365a1d4439,33,03977be2-2b25-436c-9090-3b9cbb68b3fd,Snake4,81,6,1
ad5560d9-57b7-4d65-afb2-85365a1d4439,33,45b4e980-12c2-4a01-931b-4bc009a47502,Snake1,86,5,1
ad5560d9-57b7-4d65-afb2-85365a1d4439,33,bc180fa1-7cd8-4807-b2b7-7a91a759b9a6,Snake2,80,6,1
ad5560d9-57b7-4d65-afb2-85365a1d4439,33,96f96377-cdd7-4702-84f8-31828e04bf5f,Snake3,90,8,1
ad5560d9-57b7-4d65-afb2-85365a1d4439,33,03977be2-2b25-436c-9090-3b9cbb68b3fd,Snake4,81,6,1
ad5560d9-57b7-4d65-afb2-85365a1d4439,33,45b4e980-12c2-4a01-931b-4bc009a47502,Snake1,86,5,1
ad5560d9-57b7-4d65-afb2-85365a1d4439,33,bc180fa1-7cd8-4807-b2b7-7a91a759b9a6,Snake2,80,6,1
ad5560d9-57b7-4d65-afb2-85365a1d4439,33,96f96377-cdd7-4702-84f8-31828e04bf5f,Snake3,90,8,1
ad5560d9-57b7-4d65-afb2-85365a1d4439,33,03977be2-2b25-436c-9090-3b9cbb68b3fd,Snake4,81,6,1
ad5560d9-57b7-4d65-afb2-85365a1d4439,34,45b4e980-12c2-4a01-931b-4bc009a47502,Snake1,85,5,1
ad5560d9-57b7-4d65-afb2-85365a1d4439,34,bc180fa1-7cd8-4807-b2b7-7a91a759b9a6,Snake2,79,6,1
ad5560d9-57b7-4d65-afb2-85365a1d4439,34,96f96377-cdd7-4702-84f8-31828e04bf5f,Snake3,89,8,1
ad5560d9-57b7-4d65-afb2-85365a1d4439,34,03977be2-2b25-436c-9090-3b9cbb68b3fd,Snake4,80,6,1
ad5560d9-57b7-4d65-afb2-85365a1d4439,35,45b4e980-12c2-4a01-931b-4bc009a47502,Snake1,84,5,1
ad5560d9-57b7-4d65-afb2-85365a1d4439,35,bc180fa1-7cd8-4807-b2b7-7a91a759b9a6,Snake2,100,7,1
ad5560d9-57b7-4d65-afb2-85365a1d4439,35,96f96377-cdd7-4702-84f8-31828e04bf5f,Snake3,88,8,1
ad5560d9-57b7-4d65-afb2-85365a1d4439,35,03977be2-2b25-436c-9090-3b9cbb68b3fd,Snake4,79,6,1
ad5560d9-57b7-4d65-afb2-85365a1d4439,35,45b4e980-12c2-4a01-931b-4bc009a47502,Snake1,84,5,1
ad5560d9-57b7-4d65-afb2-85365a1d4439,35,bc180fa1-7cd8-4807-b2b7-7a91a759b9a6,Snake2,100,7,1
ad5560d9-57b7-4d65-afb2-85365a1d4439,35,96f96377-cdd7-4702-84f8-31828e04bf5f,Snake3,88,8,1
ad5560d9-57b7-4d65-afb2-85365a1d4439,35,03977be2-2b25-436c-9090-3b9cbb68b3fd,Snake4,79,6,1
ad5560d9-57b7-4d65-afb2-85365a1d4439,36,45b4e980-12c2-4a01-931b-4bc009a47502,Snake1,83,5,1
ad5560d9-57b7-4d65-afb2-85365a1d4439,36,bc180fa1-7cd8-4807-b2b7-7a91a759b9a6,Snake2,99,7,1
ad5560d9-57b7-4d65-afb2-85365a1d4439,36,96f96377-cdd7-4702-84f8-31828e04bf5f,Snake3,87,8,1
ad5560d9-57b7-4d65-afb2-85365a1d4439,36,03977be2-2b25-436c-9090-3b9cbb68b3fd,Snake4,78,6,1
ad5560d9-57b7-4d65-afb2-85365a1d4439,36,45b4e980-12c2-4a01-931b-4bc009a47502,Snake1,83,5,1
ad5560d9-57b7-4d65-afb2-85365a1d4439,36,bc180fa1-7cd8-4807-b2b7-7a91a759b9a6,Snake2,99,7,1
ad5560d9-57b7-4d65-afb2-85365a1d4439,36,96f96377-cdd7-4702-84f8-31828e04bf5f,Snake3,87,8,1
ad5560d9-57b7-4d65-afb2-85365a1d4439,36,03977be2-2b25-436c-9090-3b9cbb68b3fd,Snake4,78,6,1
ad5560d9-57b7-4d65-afb2-85365a1d4439,36,45b4e980-12c2-4a01-931b-4bc009a47502,Snake1,83,5,1
ad5560d9-57b7-4d65-afb2-85365a1d4439,36,bc180fa1-7cd8-4807-b2b7-7a91a759b9a6,Snake2,99,7,1
ad5560d9-57b7-4d65-afb2-85365a1d4439,36,96f96377-cdd7-4702-84f8-31828e04bf5f,Snake3,87,8,1
ad5560d9-57b7-4d65-afb2-85365a1d4439,36,03977be2-2b25-436c-9090-3b9cbb68b3fd,Snake4,78,6,1
ad5560d9-57b7-4d65-afb2-85365a1d4439,36,45b4e980-12c2-4a01-931b-4bc009a47502,Snake1,83,5,1
ad5560d9-57b7-4d65-afb2-85365a1d4439,36,bc180fa1-7cd8-4807-b2b7-7a91a759b9a6,Snake2,99,7,1
ad5560d9-57b7-4d65-afb2-85365a1d4439,36,96f96377-cdd7-4702-84f8-31828e04bf5f,Snake3,87,8,1
ad5560d9-57b7-4d65-afb2-85365a1d4439,36,03977be2-2b25-436c-9090-3b9cbb68b3fd,Snake4,78,6,1
ad5560d9-57b7-4d65-afb2-85365a1d4439,37,45b4e980-12c2-4a01-931b-4bc009a47502,Snake1,100,6,1
ad5560d9-57b7-4d65-afb2-85365a1d4439,37,bc180fa1-7cd8-4807-b2b7-7a91a759b9a6,Snake2,98,7,1
ad5560d9-57b7-4d65-afb2-85365a1d4439,37,96f96377-cdd7-4702-84f8-31828e04bf5f,Snake3,86,8,1
ad5560d9-57b7-4d65-afb2-85365a1d4439,37,03977be2-2b25-436c-9090-3b9cbb68b3fd,Snake4,77,6,1
ad5560d9-57b7-4d65-afb2-85365a1d4439,37,45b4e980-12c2-4a01-931b-4bc009a47502,Snake1,100,6,1
ad5560d9-57b7-4d65-afb2-85365a1d4439,37,bc180fa1-7cd8-4807-b2b7-7a91a759b9a6,Snake2,98,7,1
ad5560d9-57b7-4d65-afb2-85365a1d4439,37,96f96377-cdd7-4702-84f8-31828e04bf5f,Snake3,86,8,1
ad5560d9-57b7-4d65-afb2-85365a1d4439,37,03977be2-2b25-436c-9090-3b9cbb68b3fd,Snake4,77,6,1
ad5560d9-57b7-4d65-afb2-85365a1d4439,37,45b4e980-12c2-4a01-931b-4bc009a47502,Snake1,100,6,1
ad5560d9-57b7-4d65-afb2-85365a1d4439,37,bc180fa1-7cd8-4807-b2b7-7a91a759b9a6,Snake2,98,7,1
ad5560d9-57b7-4d65-afb2-85365a1d4439,37,96f96377-cdd7-4702-84f8-31828e04bf5f,Snake3,86,8,1
ad5560d9-57b7-4d65-afb2-85365a1d4439,37,03977be2-2b25-436c-9090-3b9cbb68b3fd,Snake4,77,6,1
ad5560d9-57b7-4d65-afb2-85365a1d4439,37,45b4e980-12c2-4a01-931b-4bc009a47502,Snake1,100,6,1
ad5560d9-57b7-4d65-afb2-85365a1d4439,37,bc180fa1-7cd8-4807-b2b7-7a91a759b9a6,Snake2,98,7,1
ad5560d9-57b7-4d65-afb2-85365a1d4439,37,96f96377-cdd7-4702-84f8-31828e04bf5f,Snake3,86,8,1
ad5560d9-57b7-4d65-afb2-85365a1d4439,37,03977be2-2b25-436c-9090-3b9cbb68b3fd,Snake4,77,6,1
ad5560d9-57b7-4d65-afb2-85365a1d4439,38,45b4e980-12c2-4a01-931b-4bc009a47502,Snake1,99,6,1
ad5560d9-57b7-4d65-afb2-85365a1d4439,38,bc180fa1-7cd8-4807-b2b7-7a91a759b9a6,Snake2,97,7,1
ad5560d9-57b7-4d65-afb2-85365a1d4439,38,96f96377-cdd7-4702-84f8-31828e04bf5f,Snake3,85,8,1
ad5560d9-57b7-4d65-afb2-85365a1d4439,38,03977be2-2b25-436c-9090-3b9cbb68b3fd,Snake4,76,6,1
ad5560d9-57b7-4d65-afb2-85365a1d4439,38,45b4e980-12c2-4a01-931b-4bc009a47502,Snake1,99,6,1
ad5560d9-57b7-4d65-afb2-85365a1d4439,38,bc180fa1-7cd8-4807-b2b7-7a91a759b9a6,Snake2,97,7,1
ad5560d9-57b7-4d65-afb2-85365a1d4439,38,96f96377-cdd7-4702-84f8-31828e04bf5f,Snake3,85,8,1
ad5560d9-57b7-4d65-afb2-85365a1d4439,38,03977be2-2b25-436c-9090-3b9cbb68b3fd,Snake4,76,6,1
ad5560d9-57b7-4d65-afb2-85365a1d4439,38,45b4e980-12c2-4a01-931b-4bc009a47502,Snake1,99,6,1
ad5560d9-57b7-4d65-afb2-85365a1d4439,38,bc180fa1-7cd8-4807-b2b7-7a91a759b9a6,Snake2,97,7,1
ad5560d9-57b7-4d65-afb2-85365a1d4439,38,96f96377-cdd7-4702-84f8-31828e04bf5f,Snake3,85,8,1
ad5560d9-57b7-4d65-afb2-85365a1d4439,38,03977be2-2b25-436c-9090-3b9cbb68b3fd,Snake4,76,6,1
ad5560d9-57b7-4d65-afb2-85365a1d4439,39,45b4e980-12c2-4a01-931b-4bc009a47502,Snake1,98,6,1
ad5560d9-57b7-4d65-afb2-85365a1d4439,39,bc180fa1-7cd8-4807-b2b7-7a91a759b9a6,Snake2,96,7,1
ad5560d9-57b7-4d65-afb2-85365a1d4439,39,96f96377-cdd7-4702-84f8-31828e04bf5f,Snake3,84,8,1
ad5560d9-57b7-4d65-afb2-85365a1d4439,39,03977be2-2b25-436c-9090-3b9cbb68b3fd,Snake4,75,6,1
ad5560d9-57b7-4d65-afb2-85365a1d4439,39,45b4e980-12c2-4a01-931b-4bc009a47502,Snake1,98,6,1
ad5560d9-57b7-4d65-afb2-85365a1d4439,39,bc180fa1-7cd8-4807-b2b7-7a91a759b9a6,Snake2,96,7,1
ad5560d9-57b7-4d65-afb2-85365a1d4439,39,96f96377-cdd7-4702-84f8-31828e04bf5f,Snake3,84,8,1
ad5560d9-57b7-4d65-afb2-85365a1d4439,39,03977be2-2b25-436c-9090-3b9cbb68b3fd,Snake4,75,6,1
ad5560d9-57b7-4d65-afb2-85365a1d4439,39,45b4e980-12c2-4a01-931b-4bc009a47502,Snake1,98,6,1
ad5560d9-57b7-4d65-afb2-85365a1d4439,39,bc180fa1-7cd8-4807-b2b7-7a91a759b9a6,Snake2,96,7,1
ad5560d9-57b7-4d65-afb2-85365a1d4439,39,96f96377-cdd7-4702-84f8-31828e04bf5f,Snake3,84,8,1
ad5560d9-57b7-4d65-afb2-85365a1d4439,39,03977be2-2b25-436c-9090-3b9cbb68b3fd,Snake4,75,6,1
ad5560d9-57b7-4d65-afb2-85365a1d4439,39,45b4e980-12c2-4a01-931b-4bc009a47502,Snake1,98,6,1
ad5560d9-57b7-4d65-afb2-85365a1d4439,39,bc180fa1-7cd8-4807-b2b7-7a91a759b9a6,Snake2,96,7,1
ad5560d9-57b7-4d65-afb2-85365a1d4439,39,96f96377-cdd7-4702-84f8-31828e04bf5f,Snake3,84,8,1
ad5560d9-57b7-4d65-afb2-85365a1d4439,39,03977be2-2b25-436c-9090-3b9cbb68b3fd,Snake4,75,6,1
ad5560d9-57b7-4d65-afb2-85365a1d4439,40,45b4e980-12c2-4a01-931b-4bc009a47502,Snake1,97,6,1
ad5560d9-57b7-4d65-afb2-85365a1d4439,40,bc180fa1-7cd8-4807-b2b7-7a91a759b9a6,Snake2,95,7,1
ad5560d9-57b7-4d65-afb2-85365a1d4439,40,96f96377-cdd7-4702-84f8-31828e04bf5f,Snake3,83,8,1
ad5560d9-57b7-4d65-afb2-85365a1d4439,40,03977be2-2b25-436c-9090-3b9cbb68b3fd,Snake4,74,6,1
ad5560d9-57b7-4d65-afb2-85365a1d4439,40,45b4e980-12c2-4a01-931b-4bc009a47502,Snake1,97,6,1
ad5560d9-57b7-4d65-afb2-85365a1d4439,40,bc180fa1-7cd8-4807-b2b7-7a91a759b9a6,Snake2,95,7,1
ad5560d9-57b7-4d65-afb2-85365a1d4439,40,96f96377-cdd7-4702-84f8-31828e04bf5f,Snake3,83,8,1
ad5560d9-57b7-4d65-afb2-85365a1d4439,40,03977be2-2b25-436c-9090-3b9cbb68b3fd,Snake4,74,6,1
ad5560d9-57b7-4d65-afb2-85365a1d4439,40,45b4e980-12c2-4a01-931b-4bc009a47502,Snake1,97,6,1
ad5560d9-57b7-4d65-afb2-85365a1d4439,40,bc180fa1-7cd8-4807-b2b7-7a91a759b9a6,Snake2,95,7,1
ad5560d9-57b7-4d65-afb2-85365a1d4439,40,96f96377-cdd7-4702-84f8-31828e04bf5f,Snake3,83,8,1
ad5560d9-57b7-4d65-afb2-85365a1d4439,40,03977be2-2b25-436c-9090-3b9cbb68b3fd,Snake4,74,6,1
ad5560d9-57b7-4d65-afb2-85365a1d4439,41,45b4e980-12c2-4a01-931b-4bc009a47502,Snake1,96,6,1
ad5560d9-57b7-4d65-afb2-85365a1d4439,41,bc180fa1-7cd8-4807-b2b7-7a91a759b9a6,Snake2,94,7,1
ad5560d9-57b7-4d65-afb2-85365a1d4439,41,96f96377-cdd7-4702-84f8-31828e04bf5f,Snake3,82,8,1
ad5560d9-57b7-4d65-afb2-85365a1d4439,41,03977be2-2b25-436c-9090-3b9cbb68b3fd,Snake4,73,6,1
ad5560d9-57b7-4d65-afb2-85365a1d4439,41,45b4e980-12c2-4a01-931b-4bc009a47502,Snake1,96,6,1
ad5560d9-57b7-4d65-afb2-85365a1d4439,41,bc180fa1-7cd8-4807-b2b7-7a91a759b9a6,Snake2,94,7,1
ad5560d9-57b7-4d65-afb2-85365a1d4439,41,96f96377-cdd7-4702-84f8-31828e04bf5f,Snake3,82,8,1
ad5560d9-57b7-4d65-afb2-85365a1d4439,41,03977be2-2b25-436c-9090-3b9cbb68b3fd,Snake4,73,6,1
ad5560d9-57b7-4d65-afb2-85365a1d4439,41,45b4e980-12c2-4a01-931b-4bc009a47502,Snake1,96,6,1
ad5560d9-57b7-4d65-afb2-85365a1d4439,41,bc180fa1-7cd8-4807-b2b7-7a91a759b9a6,Snake2,94,7,1
ad5560d9-57b7-4d65-afb2-85365a1d4439,41,96f96377-cdd7-4702-84f8-31828e04bf5f,Snake3,82,8,1
ad5560d9-57b7-4d65-afb2-85365a1d4439,41,03977be2-2b25-436c-9090-3b9cbb68b3fd,Snake4,73,6,1
ad5560d9-57b7-4d65-afb2-85365a1d4439,42,45b4e980-12c2-4a01-931b-4bc009a47502,Snake1,95,6,1
ad5560d9-57b7-4d65-afb2-85365a1d4439,42,bc180fa1-7cd8-4807-b2b7-7a91a759b9a6,Snake2,93,7,1
ad5560d9-57b7-4d65-afb2-85365a1d4439,42,96f96377-cdd7-4702-84f8-31828e04bf5f,Snake3,100,9,1
ad5560d9-57b7-4d65-afb2-85365a1d4439,42,03977be2-2b25-436c-9090-3b9cbb68b3fd,Snake4,72,6,1
ad5560d9-57b7-4d65-afb2-85365a1d4439,42,45b4e980-12c2-4a01-931b-4bc009a47502,Snake1,95,6,1
ad5560d9-57b7-4d65-afb2-85365a1d4439,42,bc180fa1-7cd8-4807-b2b7-7a91a759b9a6,Snake2,93,7,1
ad5560d9-57b7-4d65-afb2-85365a1d4439,42,96f96377-cdd7-4702-84f8-31828e04bf5f,Snake3,100,9,1
ad5560d9-57b7-4d65-afb2-85365a1d4439,42,03977be2-2b25-436c-9090-3b9cbb68b3fd,Snake4,72,6,1
ad5560d9-57b7-4d65-afb2-85365a1d4439,42,45b4e980-12c2-4a01-931b-4bc009a47502,Snake1,95,6,1
ad5560d9-57b7-4d65-afb2-85365a1d4439,42,bc180fa1-7cd8-4807-b2b7-7a91a759b9a6,Snake2,93,7,1
ad5560d9-57b7-4d65-afb2-85365a1d4439,42,96f96377-cdd7-4702-84f8-31828e04bf5f,Snake3,100,9,1
ad5560d9-57b7-4d65-afb2-85365a1d4439,42,03977be2-2b25-436c-9090-3b9cbb68b3fd,Snake4,72,6,1
ad5560d9-57b7-4d65-afb2-85365a1d4439,42,45b4e980-12c2-4a01-931b-4bc009a47502,Snake1,95,6,1
ad5560d9-57b7-4d65-afb2-85365a1d4439,42,bc180fa1-7cd8-4807-b2b7-7a91a759b9a6,Snake2,93,7,1
ad5560d9-57b7-4d65-afb2-85365a1d4439,42,96f96377-cdd7-4702-84f8-31828e04bf5f,Snake3,100,9,1
ad5560d9-57b7-4d65-afb2-85365a1d4439,42,03977be2-2b25-436c-9090-3b9cbb68b3fd,Snake4,72,6,1
ad5560d9-57b7-4d65-afb2-85365a1d4439,43,45b4e980-12c2-4a01-931b-4bc009a47502,Snake1,94,6,1
ad5560d9-57b7-4d65-afb2-85365a1d4439,43,bc180fa1-7cd8-4807-b2b7-7a91a759b9a6,Snake2,92,7,1
ad5560d9-57b7-4d65-afb2-85365a1d4439,43,96f96377-cdd7-4702-84f8-31828e04bf5f,Snake3,99,9,1
ad5560d9-57b7-4d65-afb2-85365a1d4439,43,03977be2-2b25-436c-9090-3b9cbb68b3fd,Snake4,71,6,1
ad5560d9-57b7-4d65-afb2-85365a1d4439,43,45b4e980-12c2-4a01-931b-4bc009a47502,Snake1,94,6,1
ad5560d9-57b7-4d65-afb2-85365a1d4439,43,bc180fa1-7cd8-4807-b2b7-7a91a759b9a6,Snake2,92,7,1
ad5560d9-57b7-4d65-afb2-85365a1d4439,43,96f96377-cdd7-4702-84f8-31828e04bf5f,Snake3,99,9,1
ad5560d9-57b7-4d65-afb2-85365a1d4439,43,03977be2-2b25-436c-9090-3b9cbb68b3fd,Snake4,71,6,1
ad5560d9-57b7-4d65-afb2-85365a1d4439,43,45b4e980-12c2-4a01-931b-4bc009a47502,Snake1,94,6,1
ad5560d9-57b7-4d65-afb2-85365a1d4439,43,bc180fa1-7cd8-4807-b2b7-7a91a759b9a6,Snake2,92,7,1
ad5560d9-57b7-4d65-afb2-85365a1d4439,43,96f96377-cdd7-4702-84f8-31828e04bf5f,Snake3,99,9,1
ad5560d9-57b7-4d65-afb2-85365a1d4439,43,03977be2-2b25-436c-9090-3b9cbb68b3fd,Snake4,71,6,1
ad5560d9-57b7-4d65-afb2-85365a1d4439,44,45b4e980-12c2-4a01-931b-4bc009a47502,Snake1,93,6,1
ad5560d9-57b7-4d65-afb2-85365a1d4439,44,bc180fa1-7cd8-4807-b2b7-7a91a759b9a6,Snake2,91,7,1
ad5560d9-57b7-4d65-afb2-85365a1d4439,44,96f96377-cdd7-4702-84f8-31828e04bf5f,Snake3,98,9,1
ad5560d9-57b7-4d65-afb2-85365a1d4439,44,03977be2-2b25-436c-9090-3b9cbb68b3fd,Snake4,70,6,1
ad5560d9-57b7-4d65-afb2-85365a1d4439,44,45b4e980-12c2-4a01-931b-4bc009a47502,Snake1,93,6,1
ad5560d9-57b7-4d65-afb2-85365a1d4439,44,bc180fa1-7cd8-4807-b2b7-7a91a759b9a6,Snake2,91,7,1
ad5560d9-57b7-4d65-afb2-85365a1d4439,44,96f96377-cdd7-4702-84f8-31828e04bf5f,Snake3,98,9,1
ad5560d9-57b7-4d65-afb2-85365a1d4439,44,03977be2-2b25-436c-9090-3b9cbb68b3fd,Snake4,70,6,1
ad5560d9-57b7-4d65-afb2-85365a1d4439,44,45b4e980-12c2-4a01-931b-4bc009a47502,Snake1,93,6,1
ad5560d9-57b7-4d65-afb2-85365a1d4439,44,bc180fa1-7cd8-4807-b2b7-7a91a759b9a6,Snake2,91,7,1
ad5560d9-57b7-4d65-afb2-85365a1d4439,44,96f96377-cdd7-4702-84f8-31828e04bf5f,Snake3,98,9,1
ad5560d9-57b7-4d65-afb2-85365a1d4439,44,03977be2-2b25-436c-9090-3b9cbb68b3fd,Snake4,70,6,1
ad5560d9-57b7-4d65-afb2-85365a1d4439,44,45b4e980-12c2-4a01-931b-4bc009a47502,Snake1,93,6,1
ad5560d9-57b7-4d65-afb2-85365a1d4439,44,bc180fa1-7cd8-4807-b2b7-7a91a759b9a6,Snake2,91,7,1
ad5560d9-57b7-4d65-afb2-85365a1d4439,44,96f96377-cdd7-4702-84f8-31828e04bf5f,Snake3,98,9,1
ad5560d9-57b7-4d65-afb2-85365a1d4439,44,03977be2-2b25-436c-9090-3b9cbb68b3fd,Snake4,70,6,1
ad5560d9-57b7-4d65-afb2-85365a1d4439,45,45b4e980-12c2-4a01-931b-4bc009a47502,Snake1,92,6,1
ad5560d9-57b7-4d65-afb2-85365a1d4439,45,bc180fa1-7cd8-4807-b2b7-7a91a759b9a6,Snake2,90,7,1
ad5560d9-57b7-4d65-afb2-85365a1d4439,45,96f96377-cdd7-4702-84f8-31828e04bf5f,Snake3,100,10,1
ad5560d9-57b7-4d65-afb2-85365a1d4439,45,03977be2-2b25-436c-9090-3b9cbb68b3fd,Snake4,69,6,1
ad5560d9-57b7-4d65-afb2-85365a1d4439,45,45b4e980-12c2-4a01-931b-4bc009a47502,Snake1,92,6,1
ad5560d9-57b7-4d65-afb2-85365a1d4439,45,bc180fa1-7cd8-4807-b2b7-7a91a759b9a6,Snake2,90,7,1
ad5560d9-57b7-4d65-afb2-85365a1d4439,45,96f96377-cdd7-4702-84f8-31828e04bf5f,Snake3,100,10,1
ad5560d9-57b7-4d65-afb2-85365a1d4439,45,03977be2-2b25-436c-9090-3b9cbb68b3fd,Snake4,69,6,1
ad5560d9-57b7-4d65-afb2-85365a1d4439,46,45b4e980-12c2-4a01-931b-4bc009a47502,Snake1,91,6,1
ad5560d9-57b7-4d65-afb2-85365a1d4439,46,bc180fa1-7cd8-4807-b2b7-7a91a759b9a6,Snake2,89,7,1
ad5560d9-57b7-4d65-afb2-85365a1d4439,46,96f96377-cdd7-4702-84f8-31828e04bf5f,Snake3,99,10,1
ad5560d9-57b7-4d65-afb2-85365a1d4439,46,03977be2-2b25-436c-9090-3b9cbb68b3fd,Snake4,68,6,1
ad5560d9-57b7-4d65-afb2-85365a1d4439,46,45b4e980-12c2-4a01-931b-4bc009a47502,Snake1,91,6,1
ad5560d9-57b7-4d65-afb2-85365a1d4439,46,bc180fa1-7cd8-4807-b2b7-7a91a759b9a6,Snake2,89,7,1
ad5560d9-57b7-4d65-afb2-85365a1d4439,46,96f96377-cdd7-4702-84f8-31828e04bf5f,Snake3,99,10,1
ad5560d9-57b7-4d65-afb2-85365a1d4439,46,03977be2-2b25-436c-9090-3b9cbb68b3fd,Snake4,68,6,1
ad5560d9-57b7-4d65-afb2-85365a1d4439,46,45b4e980-12c2-4a01-931b-4bc009a47502,Snake1,91,6,1
ad5560d9-57b7-4d65-afb2-85365a1d4439,46,bc180fa1-7cd8-4807-b2b7-7a91a759b9a6,Snake2,89,7,1
ad5560d9-57b7-4d65-afb2-85365a1d4439,46,96f96377-cdd7-4702-84f8-31828e04bf5f,Snake3,99,10,1
ad5560d9-57b7-4d65-afb2-85365a1d4439,46,03977be2-2b25-436c-9090-3b9cbb68b3fd,Snake4,68,6,1
ad5560d9-57b7-4d65-afb2-85365a1d4439,47,45b4e980-12c2-4a01-931b-4bc009a47502,Snake1,90,6,1
ad5560d9-57b7-4d65-afb2-85365a1d4439,47,bc180fa1-7cd8-4807-b2b7-7a91a759b9a6,Snake2,88,7,1
ad5560d9-57b7-4d65-afb2-85365a1d4439,47,96f96377-cdd7-4702-84f8-31828e04bf5f,Snake3,98,10,1
ad5560d9-57b7-4d65-afb2-85365a1d4439,47,03977be2-2b25-436c-9090-3b9cbb68b3fd,Snake4,67,6,1
ad5560d9-57b7-4d65-afb2-85365a1d4439,47,45b4e980-12c2-4a01-931b-4bc009a47502,Snake1,90,6,1
ad5560d9-57b7-4d65-afb2-85365a1d4439,47,bc180fa1-7cd8-4807-b2b7-7a91a759b9a6,Snake2,88,7,1
ad5560d9-57b7-4d65-afb2-85365a1d4439,47,96f96377-cdd7-4702-84f8-31828e04bf5f,Snake3,98,10,1
ad5560d9-57b7-4d65-afb2-85365a1d4439,47,03977be2-2b25-436c-9090-3b9cbb68b3fd,Snake4,67,6,1
ad5560d9-57b7-4d65-afb2-85365a1d4439,48,45b4e980-12c2-4a01-931b-4bc009a47502,Snake1,89,6,1
ad5560d9-57b7-4d65-afb2-85365a1d4439,48,bc180fa1-7cd8-4807-b2b7-7a91a759b9a6,Snake2,87,7,1
ad5560d9-57b7-4d65-afb2-85365a1d4439,48,96f96377-cdd7-4702-84f8-31828e04bf5f,Snake3,97,10,1
ad5560d9-57b7-4d65-afb2-85365a1d4439,48,03977be2-2b25-436c-9090-3b9cbb68b3fd,Snake4,66,6,1
ad5560d9-57b7-4d65-afb2-85365a1d4439,48,45b4e980-12c2-4a01-931b-4bc009a47502,Snake1,89,6,1
ad5560d9-57b7-4d65-afb2-85365a1d4439,48,bc180fa1-7cd8-4807-b2b7-7a91a759b9a6,Snake2,87,7,1
ad5560d9-57b7-4d65-afb2-85365a1d4439,48,96f96377-cdd7-4702-84f8-31828e04bf5f,Snake3,97,10,1
ad5560d9-57b7-4d65-afb2-85365a1d4439,48,03977be2-2b25-436c-9090-3b9cbb68b3fd,Snake4,66,6,1
ad5560d9-57b7-4d65-afb2-85365a1d4439,49,45b4e980-12c2-4a01-931b-4bc009a47502,Snake1,88,6,1
ad5560d9-57b7-4d65-afb2-85365a1d4439,49,bc180fa1-7cd8-4807-b2b7-7a91a759b9a6,Snake2,86,7,1
ad5560d9-57b7-4d65-afb2-85365a1d4439,49,96f96377-cdd7-4702-84f8-31828e04bf5f,Snake3,96,10,1
ad5560d9-57b7-4d65-afb2-85365a1d4439,49,03977be2-2b25-436c-9090-3b9cbb68b3fd,Snake4,65,6,1
ad5560d9-57b7-4d65-afb2-85365a1d4439,49,45b4e980-12c2-4a01-931b-4bc009a47502,Snake1,88,6,1
ad5560d9-57b7-4d65-afb2-85365a1d4439,49,bc180fa1-7cd8-4807-b2b7-7a91a759b9a6,Snake2,86,7,1
ad5560d9-57b7-4d65-afb2-85365a1d4439,49,96f96377-cdd7-4702-84f8-31828e04bf5f,Snake3,96,10,1
ad5560d9-57b7-4d65-afb2-85365a1d4439,49,03977be2-2b25-436c-9090-3b9cbb68b3fd,Snake4,65,6,1
ad5560d9-57b7-4d65-afb2-85365a1d4439,49,45b4e980-12c2-4a01-931b-4bc009a47502,Snake1,88,6,1
ad5560d9-57b7-4d65-afb2-85365a1d4439,49,bc180fa1-7cd8-4807-b2b7-7a91a759b9a6,Snake2,86,7,1
ad5560d9-57b7-4d65-afb2-85365a1d4439,49,96f96377-cdd7-4702-84f8-31828e04bf5f,Snake3,96,10,1
ad5560d9-57b7-4d65-afb2-85365a1d4439,49,03977be2-2b25-436c-9090-3b9cbb68b3fd,Snake4,65,6,1
ad5560d9-57b7-4d65-afb2-85365a1d4439,50,bc180fa1-7cd8-4807-b2b7-7a91a759b9a6,Snake2,85,7,1
ad5560d9-57b7-4d65-afb2-85365a1d4439,50,96f96377-cdd7-4702-84f8-31828e04bf5f,Snake3,95,10,1
ad5560d9-57b7-4d65-afb2-85365a1d4439,50,03977be2-2b25-436c-9090-3b9cbb68b3fd,Snake4,64,6,1
ad5560d9-57b7-4d65-afb2-85365a1d4439,50,45b4e980-12c2-4a01-931b-4bc009a47502,Snake1,88,6,0
ad5560d9-57b7-4d65-afb2-85365a1d4439,50,bc180fa1-7cd8-4807-b2b7-7a91a759b9a6,Snake2,85,7,1
ad5560d9-57b7-4d65-afb2-85365a1d4439,50,96f96377-cdd7-4702-84f8-31828e04bf5f,Snake3,95,10,1
ad5560d9-57b7-4d65-afb2-85365a1d4439,50,03977be2-2b25-436c-9090-3b9cbb68b3fd,Snake4,64,6,1
ad5560d9-57b7-4d65-afb2-85365a1d4439,50,45b4e980-12c2-4a01-931b-4bc009a47502,Snake1,88,6,0
ad5560d9-57b7-4d65-afb2-85365a1d4439,51,bc180fa1-7cd8-4807-b2b7-7a91a759b9a6,Snake2,84,7,1
ad5560d9-57b7-4d65-afb2-85365a1d4439,51,96f96377-cdd7-4702-84f8-31828e04bf5f,Snake3,94,10,1
ad5560d9-57b7-4d65-afb2-85365a1d4439,51,03977be2-2b25-436c-9090-3b9cbb68b3fd,Snake4,63,6,1
ad5560d9-57b7-4d65-afb2-85365a1d4439,51,45b4e980-12c2-4a01-931b-4bc009a47502,Snake1,88,6,0
ad5560d9-57b7-4d65-afb2-85365a1d4439,51,bc180fa1-7cd8-4807-b2b7-7a91a759b9a6,Snake2,84,7,1
ad5560d9-57b7-4d65-afb2-85365a1d4439,51,96f96377-cdd7-4702-84f8-31828e04bf5f,Snake3,94,10,1
ad5560d9-57b7-4d65-afb2-85365a1d4439,51,03977be2-2b25-436c-9090-3b9cbb68b3fd,Snake4,63,6,1
ad5560d9-57b7-4d65-afb2-85365a1d4439,51,45b4e980-12c2-4a01-931b-4bc009a47502,Snake1,88,6,0
ad5560d9-57b7-4d65-afb2-85365a1d4439,51,bc180fa1-7cd8-4807-b2b7-7a91a759b9a6,Snake2,84,7,1
ad5560d9-57b7-4d65-afb2-85365a1d4439,51,96f96377-cdd7-4702-84f8-31828e04bf5f,Snake3,94,10,1
ad5560d9-57b7-4d65-afb2-85365a1d4439,51,03977be2-2b25-436c-9090-3b9cbb68b3fd,Snake4,63,6,1
ad5560d9-57b7-4d65-afb2-85365a1d4439,51,45b4e980-12c2-4a01-931b-4bc009a47502,Snake1,88,6,0
ad5560d9-57b7-4d65-afb2-85365a1d4439,52,bc180fa1-7cd8-4807-b2b7-7a91a759b9a6,Snake2,83,7,1
ad5560d9-57b7-4d65-afb2-85365a1d4439,52,96f96377-cdd7-4702-84f8-31828e04bf5f,Snake3,100,11,1
ad5560d9-57b7-4d65-afb2-85365a1d4439,52,03977be2-2b25-436c-9090-3b9cbb68b3fd,Snake4,62,6,1
ad5560d9-57b7-4d65-afb2-85365a1d4439,52,45b4e980-12c2-4a01-931b-4bc009a47502,Snake1,88,6,0
ad5560d9-57b7-4d65-afb2-85365a1d4439,52,bc180fa1-7cd8-4807-b2b7-7a91a759b9a6,Snake2,83,7,1
ad5560d9-57b7-4d65-afb2-85365a1d4439,52,96f96377-cdd7-4702-84f8-31828e04bf5f,Snake3,100,11,1
ad5560d9-57b7-4d65-afb2-85365a1d4439,52,03977be2-2b25-436c-9090-3b9cbb68b3fd,Snake4,62,6,1
ad5560d9-57b7-4d65-afb2-85365a1d4439,52,45b4e980-12c2-4a01-931b-4bc009a47502,Snake1,88,6,0
ad5560d9-57b7-4d65-afb2-85365a1d4439,52,bc180fa1-7cd8-4807-b2b7-7a91a759b9a6,Snake2,83,7,1
ad5560d9-57b7-4d65-afb2-85365a1d4439,52,96f96377-cdd7-4702-84f8-31828e04bf5f,Snake3,100,11,1
ad5560d9-57b7-4d65-afb2-85365a1d4439,52,03977be2-2b25-436c-9090-3b9cbb68b3fd,Snake4,62,6,1
ad5560d9-57b7-4d65-afb2-85365a1d4439,52,45b4e980-12c2-4a01-931b-4bc009a47502,Snake1,88,6,0
ad5560d9-57b7-4d65-afb2-85365a1d4439,53,bc180fa1-7cd8-4807-b2b7-7a91a759b9a6,Snake2,82,7,1
ad5560d9-57b7-4d65-afb2-85365a1d4439,53,96f96377-cdd7-4702-84f8-31828e04bf5f,Snake3,99,11,1
ad5560d9-57b7-4d65-afb2-85365a1d4439,53,03977be2-2b25-436c-9090-3b9cbb68b3fd,Snake4,61,6,1
ad5560d9-57b7-4d65-afb2-85365a1d4439,53,45b4e980-12c2-4a01-931b-4bc009a47502,Snake1,88,6,0
ad5560d9-57b7-4d65-afb2-85365a1d4439,53,bc180fa1-7cd8-4807-b2b7-7a91a759b9a6,Snake2,82,7,1
ad5560d9-57b7-4d65-afb2-85365a1d4439,53,96f96377-cdd7-4702-84f8-31828e04bf5f,Snake3,99,11,1
ad5560d9-57b7-4d65-afb2-85365a1d4439,53,03977be2-2b25-436c-9090-3b9cbb68b3fd,Snake4,61,6,1
ad5560d9-57b7-4d65-afb2-85365a1d4439,53,45b4e980-12c2-4a01-931b-4bc009a47502,Snake1,88,6,0
ad5560d9-57b7-4d65-afb2-85365a1d4439,53,bc180fa1-7cd8-4807-b2b7-7a91a759b9a6,Snake2,82,7,1
ad5560d9-57b7-4d65-afb2-85365a1d4439,53,96f96377-cdd7-4702-84f8-31828e04bf5f,Snake3,99,11,1
ad5560d9-57b7-4d65-afb2-85365a1d4439,53,03977be2-2b25-436c-9090-3b9cbb68b3fd,Snake4,61,6,1
ad5560d9-57b7-4d65-afb2-85365a1d4439,53,45b4e980-12c2-4a01-931b-4bc009a47502,Snake1,88,6,0
ad5560d9-57b7-4d65-afb2-85365a1d4439,54,bc180fa1-7cd8-4807-b2b7-7a91a759b9a6,Snake2,81,7,1
ad5560d9-57b7-4d65-afb2-85365a1d4439,54,96f96377-cdd7-4702-84f8-31828e04bf5f,Snake3,98,11,1
ad5560d9-57b7-4d65-afb2-85365a1d4439,54,03977be2-2b25-436c-9090-3b9cbb68b3fd,Snake4,60,6,1
ad5560d9-57b7-4d65-afb2-85365a1d4439,54,45b4e980-12c2-4a01-931b-4bc009a47502,Snake1,88,6,0
ad5560d9-57b7-4d65-afb2-85365a1d4439,54,bc180fa1-7cd8-4807-b2b7-7a91a759b9a6,Snake2,81,7,1
ad5560d9-57b7-4d65-afb2-85365a1d4439,54,96f96377-cdd7-4702-84f8-31828e04bf5f,Snake3,98,11,1
ad5560d9-57b7-4d65-afb2-85365a1d4439,54,03977be2-2b25-436c-9090-3b9cbb68b3fd,Snake4,60,6,1
ad5560d9-57b7-4d65-afb2-85365a1d4439,54,45b4e980-12c2-4a01-931b-4bc009a47502,Snake1,88,6,0
ad5560d9-57b7-4d65-afb2-85365a1d4439,55,bc180fa1-7cd8-4807-b2b7-7a91a759b9a6,Snake2,80,7,1
ad5560d9-57b7-4d65-afb2-85365a1d4439,55,96f96377-cdd7-4702-84f8-31828e04bf5f,Snake3,97,11,1
ad5560d9-57b7-4d65-afb2-85365a1d4439,55,03977be2-2b25-436c-9090-3b9cbb68b3fd,Snake4,59,6,1
ad5560d9-57b7-4d65-afb2-85365a1d4439,55,45b4e980-12c2-4a01-931b-4bc009a47502,Snake1,88,6,0
ad5560d9-57b7-4d65-afb2-85365a1d4439,55,bc180fa1-7cd8-4807-b2b7-7a91a759b9a6,Snake2,80,7,1
ad5560d9-57b7-4d65-afb2-85365a1d4439,55,96f96377-cdd7-4702-84f8-31828e04bf5f,Snake3,97,11,1
ad5560d9-57b7-4d65-afb2-85365a1d4439,55,03977be2-2b25-436c-9090-3b9cbb68b3fd,Snake4,59,6,1
ad5560d9-57b7-4d65-afb2-85365a1d4439,55,45b4e980-12c2-4a01-931b-4bc009a47502,Snake1,88,6,0
ad5560d9-57b7-4d65-afb2-85365a1d4439,55,bc180fa1-7cd8-4807-b2b7-7a91a759b9a6,Snake2,80,7,1
ad5560d9-57b7-4d65-afb2-85365a1d4439,55,96f96377-cdd7-4702-84f8-31828e04bf5f,Snake3,97,11,1
ad5560d9-57b7-4d65-afb2-85365a1d4439,55,03977be2-2b25-436c-9090-3b9cbb68b3fd,Snake4,59,6,1
ad5560d9-57b7-4d65-afb2-85365a1d4439,55,45b4e980-12c2-4a01-931b-4bc009a47502,Snake1,88,6,0
ad5560d9-57b7-4d65-afb2-85365a1d4439,56,bc180fa1-7cd8-4807-b2b7-7a91a759b9a6,Snake2,79,7,1
ad5560d9-57b7-4d65-afb2-85365a1d4439,56,96f96377-cdd7-4702-84f8-31828e04bf5f,Snake3,96,11,1
ad5560d9-57b7-4d65-afb2-85365a1d4439,56,03977be2-2b25-436c-9090-3b9cbb68b3fd,Snake4,58,6,1
ad5560d9-57b7-4d65-afb2-85365a1d4439,56,45b4e980-12c2-4a01-931b-4bc009a47502,Snake1,88,6,0
ad5560d9-57b7-4d65-afb2-85365a1d4439,56,bc180fa1-7cd8-4807-b2b7-7a91a759b9a6,Snake2,79,7,1
ad5560d9-57b7-4d65-afb2-85365a1d4439,56,96f96377-cdd7-4702-84f8-31828e04bf5f,Snake3,96,11,1
ad5560d9-57b7-4d65-afb2-85365a1d4439,56,03977be2-2b25-436c-9090-3b9cbb68b3fd,Snake4,58,6,1
ad5560d9-57b7-4d65-afb2-85365a1d4439,56,45b4e980-12c2-4a01-931b-4bc009a47502,Snake1,88,6,0
ad5560d9-57b7-4d65-afb2-85365a1d4439,56,bc180fa1-7cd8-4807-b2b7-7a91a759b9a6,Snake2,79,7,1
ad5560d9-57b7-4d65-afb2-85365a1d4439,56,96f96377-cdd7-4702-84f8-31828e04bf5f,Snake3,96,11,1
ad5560d9-57b7-4d65-afb2-85365a1d4439,56,03977be2-2b25-436c-9090-3b9cbb68b3fd,Snake4,58,6,1
ad5560d9-57b7-4d65-afb2-85365a1d4439,56,45b4e980-12c2-4a01-931b-4bc009a47502,Snake1,88,6,0
ad5560d9-57b7-4d65-afb2-85365a1d4439,57,bc180fa1-7cd8-4807-b2b7-7a91a759b9a6,Snake2,78,7,1
ad5560d9-57b7-4d65-afb2-85365a1d4439,57,96f96377-cdd7-4702-84f8-31828e04bf5f,Snake3,100,12,1
ad5560d9-57b7-4d65-afb2-85365a1d4439,57,03977be2-2b25-436c-9090-3b9cbb68b3fd,Snake4,57,6,1
ad5560d9-57b7-4d65-afb2-85365a1d4439,57,45b4e980-12c2-4a01-931b-4bc009a47502,Snake1,88,6,0
ad5560d9-57b7-4d65-afb2-85365a1d4439,57,bc180fa1-7cd8-4807-b2b7-7a91a759b9a6,Snake2,78,7,1
ad5560d9-57b7-4d65-afb2-85365a1d4439,57,96f96377-cdd7-4702-84f8-31828e04bf5f,Snake3,100,12,1
ad5560d9-57b7-4d65-afb2-85365a1d4439,57,03977be2-2b25-436c-9090-3b9cbb68b3fd,Snake4,57,6,1
ad5560d9-57b7-4d65-afb2-85365a1d4439,57,45b4e980-12c2-4a01-931b-4bc009a47502,Snake1,88,6,0
ad5560d9-57b7-4d65-afb2-85365a1d4439,58,bc180fa1-7cd8-4807-b2b7-7a91a759b9a6,Snake2,77,7,1
ad5560d9-57b7-4d65-afb2-85365a1d4439,58,96f96377-cdd7-4702-84f8-31828e04bf5f,Snake3,99,12,1
ad5560d9-57b7-4d65-afb2-85365a1d4439,58,03977be2-2b25-436c-9090-3b9cbb68b3fd,Snake4,56,6,1
ad5560d9-57b7-4d65-afb2-85365a1d4439,58,45b4e980-12c2-4a01-931b-4bc009a47502,Snake1,88,6,0
ad5560d9-57b7-4d65-afb2-85365a1d4439,58,bc180fa1-7cd8-4807-b2b7-7a91a759b9a6,Snake2,77,7,1
ad5560d9-57b7-4d65-afb2-85365a1d4439,58,96f96377-cdd7-4702-84f8-31828e04bf5f,Snake3,99,12,1
ad5560d9-57b7-4d65-afb2-85365a1d4439,58,03977be2-2b25-436c-9090-3b9cbb68b3fd,Snake4,56,6,1
ad5560d9-57b7-4d65-afb2-85365a1d4439,58,45b4e980-12c2-4a01-931b-4bc009a47502,Snake1,88,6,0
ad5560d9-57b7-4d65-afb2-85365a1d4439,58,bc180fa1-7cd8-4807-b2b7-7a91a759b9a6,Snake2,77,7,1
ad5560d9-57b7-4d65-afb2-85365a1d4439,58,96f96377-cdd7-4702-84f8-31828e04bf5f,Snake3,99,12,1
ad5560d9-57b7-4d65-afb2-85365a1d4439,58,03977be2-2b25-436c-9090-3b9cbb68b3fd,Snake4,56,6,1
ad5560d9-57b7-4d65-afb2-85365a1d4439,58,45b4e980-12c2-4a01-931b-4bc009a47502,Snake1,88,6,0
ad5560d9-57b7-4d65-afb2-85365a1d4439,59,bc180fa1-7cd8-4807-b2b7-7a91a759b9a6,Snake2,76,7,1
ad5560d9-57b7-4d65-afb2-85365a1d4439,59,96f96377-cdd7-4702-84f8-31828e04bf5f,Snake3,98,12,1
ad5560d9-57b7-4d65-afb2-85365a1d4439,59,03977be2-2b25-436c-9090-3b9cbb68b3fd,Snake4,55,6,1
ad5560d9-57b7-4d65-afb2-85365a1d4439,59,45b4e980-12c2-4a01-931b-4bc009a47502,Snake1,88,6,0
ad5560d9-57b7-4d65-afb2-85365a1d4439,60,bc180fa1-7cd8-4807-b2b7-7a91a759b9a6,Snake2,100,8,1
ad5560d9-57b7-4d65-afb2-85365a1d4439,60,96f96377-cdd7-4702-84f8-31828e04bf5f,Snake3,97,12,1
ad5560d9-57b7-4d65-afb2-85365a1d4439,60,03977be2-2b25-436c-9090-3b9cbb68b3fd,Snake4,54,6,1
ad5560d9-57b7-4d65-afb2-85365a1d4439,60,45b4e980-12c2-4a01-931b-4bc009a47502,Snake1,88,6,0
ad5560d9-57b7-4d65-afb2-85365a1d4439,61,bc180fa1-7cd8-4807-b2b7-7a91a759b9a6,Snake2,99,8,1
ad5560d9-57b7-4d65-afb2-85365a1d4439,61,96f96377-cdd7-4702-84f8-31828e04bf5f,Snake3,96,12,1
ad5560d9-57b7-4d65-afb2-85365a1d4439,61,03977be2-2b25-436c-9090-3b9cbb68b3fd,Snake4,53,6,1
ad5560d9-57b7-4d65-afb2-85365a1d4439,61,45b4e980-12c2-4a01-931b-4bc009a47502,Snake1,88,6,0
ad5560d9-57b7-4d65-afb2-85365a1d4439,61,bc180fa1-7cd8-4807-b2b7-7a91a759b9a6,Snake2,99,8,1
ad5560d9-57b7-4d65-afb2-85365a1d4439,61,96f96377-cdd7-4702-84f8-31828e04bf5f,Snake3,96,12,1
ad5560d9-57b7-4d65-afb2-85365a1d4439,61,03977be2-2b25-436c-9090-3b9cbb68b3fd,Snake4,53,6,1
ad5560d9-57b7-4d65-afb2-85365a1d4439,61,45b4e980-12c2-4a01-931b-4bc009a47502,Snake1,88,6,0
ad5560d9-57b7-4d65-afb2-85365a1d4439,61,bc180fa1-7cd8-4807-b2b7-7a91a759b9a6,Snake2,99,8,1
ad5560d9-57b7-4d65-afb2-85365a1d4439,61,96f96377-cdd7-4702-84f8-31828e04bf5f,Snake3,96,12,1
ad5560d9-57b7-4d65-afb2-85365a1d4439,61,03977be2-2b25-436c-9090-3b9cbb68b3fd,Snake4,53,6,1
ad5560d9-57b7-4d65-afb2-85365a1d4439,61,45b4e980-12c2-4a01-931b-4bc009a47502,Snake1,88,6,0
ad5560d9-57b7-4d65-afb2-85365a1d4439,62,bc180fa1-7cd8-4807-b2b7-7a91a759b9a6,Snake2,98,8,1
ad5560d9-57b7-4d65-afb2-85365a1d4439,62,96f96377-cdd7-4702-84f8-31828e04bf5f,Snake3,95,12,1
ad5560d9-57b7-4d65-afb2-85365a1d4439,62,03977be2-2b25-436c-9090-3b9cbb68b3fd,Snake4,52,6,1
ad5560d9-57b7-4d65-afb2-85365a1d4439,62,45b4e980-12c2-4a01-931b-4bc009a47502,Snake1,88,6,0
ad5560d9-57b7-4d65-afb2-85365a1d4439,63,bc180fa1-7cd8-4807-b2b7-7a91a759b9a6,Snake2,97,8,1
ad5560d9-57b7-4d65-afb2-85365a1d4439,63,96f96377-cdd7-4702-84f8-31828e04bf5f,Snake3,94,12,1
ad5560d9-57b7-4d65-afb2-85365a1d4439,63,03977be2-2b25-436c-9090-3b9cbb68b3fd,Snake4,51,6,1
ad5560d9-57b7-4d65-afb2-85365a1d4439,63,45b4e980-12c2-4a01-931b-4bc009a47502,Snake1,88,6,0
ad5560d9-57b7-4d65-afb2-85365a1d4439,63,bc180fa1-7cd8-4807-b2b7-7a91a759b9a6,Snake2,97,8,1
ad5560d9-57b7-4d65-afb2-85365a1d4439,63,96f96377-cdd7-4702-84f8-31828e04bf5f,Snake3,94,12,1
ad5560d9-57b7-4d65-afb2-85365a1d4439,63,03977be2-2b25-436c-9090-3b9cbb68b3fd,Snake4,51,6,1
ad5560d9-57b7-4d65-afb2-85365a1d4439,63,45b4e980-12c2-4a01-931b-4bc009a47502,Snake1,88,6,0
ad5560d9-57b7-4d65-afb2-85365a1d4439,63,bc180fa1-7cd8-4807-b2b7-7a91a759b9a6,Snake2,97,8,1
ad5560d9-57b7-4d65-afb2-85365a1d4439,63,96f96377-cdd7-4702-84f8-31828e04bf5f,Snake3,94,12,1
ad5560d9-57b7-4d65-afb2-85365a1d4439,63,03977be2-2b25-436c-9090-3b9cbb68b3fd,Snake4,51,6,1
ad5560d9-57b7-4d65-afb2-85365a1d4439,63,45b4e980-12c2-4a01-931b-4bc009a47502,Snake1,88,6,0
ad5560d9-57b7-4d65-afb2-85365a1d4439,64,bc180fa1-7cd8-4807-b2b7-7a91a759b9a6,Snake2,96,8,1
ad5560d9-57b7-4d65-afb2-85365a1d4439,64,96f96377-cdd7-4702-84f8-31828e04bf5f,Snake3,93,12,1
ad5560d9-57b7-4d65-afb2-85365a1d4439,64,03977be2-2b25-436c-9090-3b9cbb68b3fd,Snake4,50,6,1
ad5560d9-57b7-4d65-afb2-85365a1d4439,64,45b4e980-12c2-4a01-931b-4bc009a47502,Snake1,88,6,0
ad5560d9-57b7-4d65-afb2-85365a1d4439,64,bc180fa1-7cd8-4807-b2b7-7a91a759b9a6,Snake2,96,8,1
ad5560d9-57b7-4d65-afb2-85365a1d4439,64,96f96377-cdd7-4702-84f8-31828e04bf5f,Snake3,93,12,1
ad5560d9-57b7-4d65-afb2-85365a1d4439,64,03977be2-2b25-436c-9090-3b9cbb68b3fd,Snake4,50,6,1
ad5560d9-57b7-4d65-afb2-85365a1d4439,64,45b4e980-12c2-4a01-931b-4bc009a47502,Snake1,88,6,0
ad5560d9-57b7-4d65-afb2-85365a1d4439,65,bc180fa1-7cd8-4807-b2b7-7a91a759b9a6,Snake2,95,8,1
ad5560d9-57b7-4d65-afb2-85365a1d4439,65,96f96377-cdd7-4702-84f8-31828e04bf5f,Snake3,92,12,1
ad5560d9-57b7-4d65-afb2-85365a1d4439,65,03977be2-2b25-436c-9090-3b9cbb68b3fd,Snake4,49,6,1
ad5560d9-57b7-4d65-afb2-85365a1d4439,65,45b4e980-12c2-4a01-931b-4bc009a47502,Snake1,88,6,0
ad5560d9-57b7-4d65-afb2-85365a1d4439,66,bc180fa1-7cd8-4807-b2b7-7a91a759b9a6,Snake2,94,8,1
ad5560d9-57b7-4d65-afb2-85365a1d4439,66,96f96377-cdd7-4702-84f8-31828e04bf5f,Snake3,91,12,1
ad5560d9-57b7-4d65-afb2-85365a1d4439,66,03977be2-2b25-436c-9090-3b9cbb68b3fd,Snake4,48,6,1
ad5560d9-57b7-4d65-afb2-85365a1d4439,66,45b4e980-12c2-4a01-931b-4bc009a47502,Snake1,88,6,0
ad5560d9-57b7-4d65-afb2-85365a1d4439,66,bc180fa1-7cd8-4807-b2b7-7a91a759b9a6,Snake2,94,8,1
ad5560d9-57b7-4d65-afb2-85365a1d4439,66,96f96377-cdd7-4702-84f8-31828e04bf5f,Snake3,91,12,1
ad5560d9-57b7-4d65-afb2-85365a1d4439,66,03977be2-2b25-436c-9090-3b9cbb68b3fd,Snake4,48,6,1
ad5560d9-57b7-4d65-afb2-85365a1d4439,66,45b4e980-12c2-4a01-931b-4bc009a47502,Snake1,88,6,0
ad5560d9-57b7-4d65-afb2-85365a1d4439,67,bc180fa1-7cd8-4807-b2b7-7a91a759b9a6,Snake2,93,8,1
ad5560d9-57b7-4d65-afb2-85365a1d4439,67,96f96377-cdd7-4702-84f8-31828e04bf5f,Snake3,90,12,1
ad5560d9-57b7-4d65-afb2-85365a1d4439,67,03977be2-2b25-436c-9090-3b9cbb68b3fd,Snake4,47,6,1
ad5560d9-57b7-4d65-afb2-85365a1d4439,67,45b4e980-12c2-4a01-931b-4bc009a47502,Snake1,88,6,0
ad5560d9-57b7-4d65-afb2-85365a1d4439,67,bc180fa1-7cd8-4807-b2b7-7a91a759b9a6,Snake2,93,8,1
ad5560d9-57b7-4d65-afb2-85365a1d4439,67,96f96377-cdd7-4702-84f8-31828e04bf5f,Snake3,90,12,1
ad5560d9-57b7-4d65-afb2-85365a1d4439,67,03977be2-2b25-436c-9090-3b9cbb68b3fd,Snake4,47,6,1
ad5560d9-57b7-4d65-afb2-85365a1d4439,67,45b4e980-12c2-4a01-931b-4bc009a47502,Snake1,88,6,0
ad5560d9-57b7-4d65-afb2-85365a1d4439,68,bc180fa1-7cd8-4807-b2b7-7a91a759b9a6,Snake2,92,8,1
ad5560d9-57b7-4d65-afb2-85365a1d4439,68,96f96377-cdd7-4702-84f8-31828e04bf5f,Snake3,89,12,1
ad5560d9-57b7-4d65-afb2-85365a1d4439,68,03977be2-2b25-436c-9090-3b9cbb68b3fd,Snake4,46,6,1
ad5560d9-57b7-4d65-afb2-85365a1d4439,68,45b4e980-12c2-4a01-931b-4bc009a47502,Snake1,88,6,0
ad5560d9-57b7-4d65-afb2-85365a1d4439,69,bc180fa1-7cd8-4807-b2b7-7a91a759b9a6,Snake2,91,8,1
ad5560d9-57b7-4d65-afb2-85365a1d4439,69,96f96377-cdd7-4702-84f8-31828e04bf5f,Snake3,88,12,1
ad5560d9-57b7-4d65-afb2-85365a1d4439,69,03977be2-2b25-436c-9090-3b9cbb68b3fd,Snake4,45,6,1
ad5560d9-57b7-4d65-afb2-85365a1d4439,69,45b4e980-12c2-4a01-931b-4bc009a47502,Snake1,88,6,0
ad5560d9-57b7-4d65-afb2-85365a1d4439,69,bc180fa1-7cd8-4807-b2b7-7a91a759b9a6,Snake2,91,8,1
ad5560d9-57b7-4d65-afb2-85365a1d4439,69,96f96377-cdd7-4702-84f8-31828e04bf5f,Snake3,88,12,1
ad5560d9-57b7-4d65-afb2-85365a1d4439,69,03977be2-2b25-436c-9090-3b9cbb68b3fd,Snake4,45,6,1
ad5560d9-57b7-4d65-afb2-85365a1d4439,69,45b4e980-12c2-4a01-931b-4bc009a47502,Snake1,88,6,0
ad5560d9-57b7-4d65-afb2-85365a1d4439,69,bc180fa1-7cd8-4807-b2b7-7a91a759b9a6,Snake2,91,8,1
ad5560d9-57b7-4d65-afb2-85365a1d4439,69,96f96377-cdd7-4702-84f8-31828e04bf5f,Snake3,88,12,1
ad5560d9-57b7-4d65-afb2-85365a1d4439,69,03977be2-2b25-436c-9090-3b9cbb68b3fd,Snake4,45,6,1
ad5560d9-57b7-4d65-afb2-85365a1d4439,69,45b4e980-12c2-4a01-931b-4bc009a47502,Snake1,88,6,0
ad5560d9-57b7-4d65-afb2-85365a1d4439,70,bc180fa1-7cd8-4807-b2b7-7a91a759b9a6,Snake2,90,8,1
ad5560d9-57b7-4d65-afb2-85365a1d4439,70,96f96377-cdd7-4702-84f8-31828e04bf5f,Snake3,87,12,1
ad5560d9-57b7-4d65-afb2-85365a1d4439,70,03977be2-2b25-436c-9090-3b9cbb68b3fd,Snake4,44,6,1
ad5560d9-57b7-4d65-afb2-85365a1d4439,70,45b4e980-12c2-4a01-931b-4bc009a47502,Snake1,88,6,0
ad5560d9-57b7-4d65-afb2-85365a1d4439,70,bc180fa1-7cd8-4807-b2b7-7a91a759b9a6,Snake2,90,8,1
ad5560d9-57b7-4d65-afb2-85365a1d4439,70,96f96377-cdd7-4702-84f8-31828e04bf5f,Snake3,87,12,1
ad5560d9-57b7-4d65-afb2-85365a1d4439,70,03977be2-2b25-436c-9090-3b9cbb68b3fd,Snake4,44,6,1
ad5560d9-57b7-4d65-afb2-85365a1d4439,70,45b4e980-12c2-4a01-931b-4bc009a47502,Snake1,88,6,0
ad5560d9-57b7-4d65-afb2-85365a1d4439,70,bc180fa1-7cd8-4807-b2b7-7a91a759b9a6,Snake2,90,8,1
ad5560d9-57b7-4d65-afb2-85365a1d4439,70,96f96377-cdd7-4702-84f8-31828e04bf5f,Snake3,87,12,1
ad5560d9-57b7-4d65-afb2-85365a1d4439,70,03977be2-2b25-436c-9090-3b9cbb68b3fd,Snake4,44,6,1
ad5560d9-57b7-4d65-afb2-85365a1d4439,70,45b4e980-12c2-4a01-931b-4bc009a47502,Snake1,88,6,0
ad5560d9-57b7-4d65-afb2-85365a1d4439,71,bc180fa1-7cd8-4807-b2b7-7a91a759b9a6,Snake2,89,8,1
ad5560d9-57b7-4d65-afb2-85365a1d4439,71,96f96377-cdd7-4702-84f8-31828e04bf5f,Snake3,86,12,1
ad5560d9-57b7-4d65-afb2-85365a1d4439,71,03977be2-2b25-436c-9090-3b9cbb68b3fd,Snake4,43,6,1
ad5560d9-57b7-4d65-afb2-85365a1d4439,71,45b4e980-12c2-4a01-931b-4bc009a47502,Snake1,88,6,0
ad5560d9-57b7-4d65-afb2-85365a1d4439,71,bc180fa1-7cd8-4807-b2b7-7a91a759b9a6,Snake2,89,8,1
ad5560d9-57b7-4d65-afb2-85365a1d4439,71,96f96377-cdd7-4702-84f8-31828e04bf5f,Snake3,86,12,1
ad5560d9-57b7-4d65-afb2-85365a1d4439,71,03977be2-2b25-436c-9090-3b9cbb68b3fd,Snake4,43,6,1
ad5560d9-57b7-4d65-afb2-85365a1d4439,71,45b4e980-12c2-4a01-931b-4bc009a47502,Snake1,88,6,0
ad5560d9-57b7-4d65-afb2-85365a1d4439,72,bc180fa1-7cd8-4807-b2b7-7a91a759b9a6,Snake2,88,8,1
ad5560d9-57b7-4d65-afb2-85365a1d4439,72,96f96377-cdd7-4702-84f8-31828e04bf5f,Snake3,85,12,1
ad5560d9-57b7-4d65-afb2-85365a1d4439,72,03977be2-2b25-436c-9090-3b9cbb68b3fd,Snake4,42,6,1
ad5560d9-57b7-4d65-afb2-85365a1d4439,72,45b4e980-12c2-4a01-931b-4bc009a47502,Snake1,88,6,0
ad5560d9-57b7-4d65-afb2-85365a1d4439,72,bc180fa1-7cd8-4807-b2b7-7a91a759b9a6,Snake2,88,8,1
ad5560d9-57b7-4d65-afb2-85365a1d4439,72,96f96377-cdd7-4702-84f8-31828e04bf5f,Snake3,85,12,1
ad5560d9-57b7-4d65-afb2-85365a1d4439,72,03977be2-2b25-436c-9090-3b9cbb68b3fd,Snake4,42,6,1
ad5560d9-57b7-4d65-afb2-85365a1d4439,72,45b4e980-12c2-4a01-931b-4bc009a47502,Snake1,88,6,0
ad5560d9-57b7-4d65-afb2-85365a1d4439,72,bc180fa1-7cd8-4807-b2b7-7a91a759b9a6,Snake2,88,8,1
ad5560d9-57b7-4d65-afb2-85365a1d4439,72,96f96377-cdd7-4702-84f8-31828e04bf5f,Snake3,85,12,1
ad5560d9-57b7-4d65-afb2-85365a1d4439,72,03977be2-2b25-436c-9090-3b9cbb68b3fd,Snake4,42,6,1
ad5560d9-57b7-4d65-afb2-85365a1d4439,72,45b4e980-12c2-4a01-931b-4bc009a47502,Snake1,88,6,0
ad5560d9-57b7-4d65-afb2-85365a1d4439,73,bc180fa1-7cd8-4807-b2b7-7a91a759b9a6,Snake2,87,8,1
ad5560d9-57b7-4d65-afb2-85365a1d4439,73,96f96377-cdd7-4702-84f8-31828e04bf5f,Snake3,84,12,1
ad5560d9-57b7-4d65-afb2-85365a1d4439,73,03977be2-2b25-436c-9090-3b9cbb68b3fd,Snake4,41,6,1
ad5560d9-57b7-4d65-afb2-85365a1d4439,73,45b4e980-12c2-4a01-931b-4bc009a47502,Snake1,88,6,0
ad5560d9-57b7-4d65-afb2-85365a1d4439,73,bc180fa1-7cd8-4807-b2b7-7a91a759b9a6,Snake2,87,8,1
ad5560d9-57b7-4d65-afb2-85365a1d4439,73,96f96377-cdd7-4702-84f8-31828e04bf5f,Snake3,84,12,1
ad5560d9-57b7-4d65-afb2-85365a1d4439,73,03977be2-2b25-436c-9090-3b9cbb68b3fd,Snake4,41,6,1
ad5560d9-57b7-4d65-afb2-85365a1d4439,73,45b4e980-12c2-4a01-931b-4bc009a47502,Snake1,88,6,0
ad5560d9-57b7-4d65-afb2-85365a1d4439,74,bc180fa1-7cd8-4807-b2b7-7a91a759b9a6,Snake2,86,8,1
ad5560d9-57b7-4d65-afb2-85365a1d4439,74,96f96377-cdd7-4702-84f8-31828e04bf5f,Snake3,83,12,1
ad5560d9-57b7-4d65-afb2-85365a1d4439,74,03977be2-2b25-436c-9090-3b9cbb68b3fd,Snake4,40,6,1
ad5560d9-57b7-4d65-afb2-85365a1d4439,74,45b4e980-12c2-4a01-931b-4bc009a47502,Snake1,88,6,0
ad5560d9-57b7-4d65-afb2-85365a1d4439,74,bc180fa1-7cd8-4807-b2b7-7a91a759b9a6,Snake2,86,8,1
ad5560d9-57b7-4d65-afb2-85365a1d4439,74,96f96377-cdd7-4702-84f8-31828e04bf5f,Snake3,83,12,1
ad5560d9-57b7-4d65-afb2-85365a1d4439,74,03977be2-2b25-436c-9090-3b9cbb68b3fd,Snake4,40,6,1
ad5560d9-57b7-4d65-afb2-85365a1d4439,74,45b4e980-12c2-4a01-931b-4bc009a47502,Snake1,88,6,0
ad5560d9-57b7-4d65-afb2-85365a1d4439,74,bc180fa1-7cd8-4807-b2b7-7a91a759b9a6,Snake2,86,8,1
ad5560d9-57b7-4d65-afb2-85365a1d4439,74,96f96377-cdd7-4702-84f8-31828e04bf5f,Snake3,83,12,1
ad5560d9-57b7-4d65-afb2-85365a1d4439,74,03977be2-2b25-436c-9090-3b9cbb68b3fd,Snake4,40,6,1
ad5560d9-57b7-4d65-afb2-85365a1d4439,74,45b4e980-12c2-4a01-931b-4bc009a47502,Snake1,88,6,0
ad5560d9-57b7-4d65-afb2-85365a1d4439,75,bc180fa1-7cd8-4807-b2b7-7a91a759b9a6,Snake2,85,8,1
ad5560d9-57b7-4d65-afb2-85365a1d4439,75,96f96377-cdd7-4702-84f8-31828e04bf5f,Snake3,82,12,1
ad5560d9-57b7-4d65-afb2-85365a1d4439,75,03977be2-2b25-436c-9090-3b9cbb68b3fd,Snake4,39,6,1
ad5560d9-57b7-4d65-afb2-85365a1d4439,75,45b4e980-12c2-4a01-931b-4bc009a47502,Snake1,88,6,0
ad5560d9-57b7-4d65-afb2-85365a1d4439,76,bc180fa1-7cd8-4807-b2b7-7a91a759b9a6,Snake2,84,8,1
ad5560d9-57b7-4d65-afb2-85365a1d4439,76,96f96377-cdd7-4702-84f8-31828e04bf5f,Snake3,81,12,1
ad5560d9-57b7-4d65-afb2-85365a1d4439,76,03977be2-2b25-436c-9090-3b9cbb68b3fd,Snake4,38,6,1
ad5560d9-57b7-4d65-afb2-85365a1d4439,76,45b4e980-12c2-4a01-931b-4bc009a47502,Snake1,88,6,0
ad5560d9-57b7-4d65-afb2-85365a1d4439,76,bc180fa1-7cd8-4807-b2b7-7a91a759b9a6,Snake2,84,8,1
ad5560d9-57b7-4d65-afb2-85365a1d4439,76,96f96377-cdd7-4702-84f8-31828e04bf5f,Snake3,81,12,1
ad5560d9-57b7-4d65-afb2-85365a1d4439,76,03977be2-2b25-436c-9090-3b9cbb68b3fd,Snake4,38,6,1
ad5560d9-57b7-4d65-afb2-85365a1d4439,76,45b4e980-12c2-4a01-931b-4bc009a47502,Snake1,88,6,0
ad5560d9-57b7-4d65-afb2-85365a1d4439,77,bc180fa1-7cd8-4807-b2b7-7a91a759b9a6,Snake2,83,8,1
ad5560d9-57b7-4d65-afb2-85365a1d4439,77,96f96377-cdd7-4702-84f8-31828e04bf5f,Snake3,80,12,1
ad5560d9-57b7-4d65-afb2-85365a1d4439,77,03977be2-2b25-436c-9090-3b9cbb68b3fd,Snake4,37,6,1
ad5560d9-57b7-4d65-afb2-85365a1d4439,77,45b4e980-12c2-4a01-931b-4bc009a47502,Snake1,88,6,0
ad5560d9-57b7-4d65-afb2-85365a1d4439,77,bc180fa1-7cd8-4807-b2b7-7a91a759b9a6,Snake2,83,8,1
ad5560d9-57b7-4d65-afb2-85365a1d4439,77,96f96377-cdd7-4702-84f8-31828e04bf5f,Snake3,80,12,1
ad5560d9-57b7-4d65-afb2-85365a1d4439,77,03977be2-2b25-436c-9090-3b9cbb68b3fd,Snake4,37,6,1
ad5560d9-57b7-4d65-afb2-85365a1d4439,77,45b4e980-12c2-4a01-931b-4bc009a47502,Snake1,88,6,0
ad5560d9-57b7-4d65-afb2-85365a1d4439,77,bc180fa1-7cd8-4807-b2b7-7a91a759b9a6,Snake2,83,8,1
ad5560d9-57b7-4d65-afb2-85365a1d4439,77,96f96377-cdd7-4702-84f8-31828e04bf5f,Snake3,80,12,1
ad5560d9-57b7-4d65-afb2-85365a1d4439,77,03977be2-2b25-436c-9090-3b9cbb68b3fd,Snake4,37,6,1
ad5560d9-57b7-4d65-afb2-85365a1d4439,77,45b4e980-12c2-4a01-931b-4bc009a47502,Snake1,88,6,0
ad5560d9-57b7-4d65-afb2-85365a1d4439,78,bc180fa1-7cd8-4807-b2b7-7a91a759b9a6,Snake2,82,8,1
ad5560d9-57b7-4d65-afb2-85365a1d4439,78,96f96377-cdd7-4702-84f8-31828e04bf5f,Snake3,79,12,1
ad5560d9-57b7-4d65-afb2-85365a1d4439,78,03977be2-2b25-436c-9090-3b9cbb68b3fd,Snake4,36,6,1
ad5560d9-57b7-4d65-afb2-85365a1d4439,78,45b4e980-12c2-4a01-931b-4bc009a47502,Snake1,88,6,0
ad5560d9-57b7-4d65-afb2-85365a1d4439,78,bc180fa1-7cd8-4807-b2b7-7a91a759b9a6,Snake2,82,8,1
ad5560d9-57b7-4d65-afb2-85365a1d4439,78,96f96377-cdd7-4702-84f8-31828e04bf5f,Snake3,79,12,1
ad5560d9-57b7-4d65-afb2-85365a1d4439,78,03977be2-2b25-436c-9090-3b9cbb68b3fd,Snake4,36,6,1
ad5560d9-57b7-4d65-afb2-85365a1d4439,78,45b4e980-12c2-4a01-931b-4bc009a47502,Snake1,88,6,0
ad5560d9-57b7-4d65-afb2-85365a1d4439,79,bc180fa1-7cd8-4807-b2b7-7a91a759b9a6,Snake2,81,8,1
ad5560d9-57b7-4d65-afb2-85365a1d4439,79,96f96377-cdd7-4702-84f8-31828e04bf5f,Snake3,78,12,1
ad5560d9-57b7-4d65-afb2-85365a1d4439,79,03977be2-2b25-436c-9090-3b9cbb68b3fd,Snake4,35,6,1
ad5560d9-57b7-4d65-afb2-85365a1d4439,79,45b4e980-12c2-4a01-931b-4bc009a47502,Snake1,88,6,0
ad5560d9-57b7-4d65-afb2-85365a1d4439,79,bc180fa1-7cd8-4807-b2b7-7a91a759b9a6,Snake2,81,8,1
ad5560d9-57b7-4d65-afb2-85365a1d4439,79,96f96377-cdd7-4702-84f8-31828e04bf5f,Snake3,78,12,1
ad5560d9-57b7-4d65-afb2-85365a1d4439,79,03977be2-2b25-436c-9090-3b9cbb68b3fd,Snake4,35,6,1
ad5560d9-57b7-4d65-afb2-85365a1d4439,79,45b4e980-12c2-4a01-931b-4bc009a47502,Snake1,88,6,0
ad5560d9-57b7-4d65-afb2-85365a1d4439,79,bc180fa1-7cd8-4807-b2b7-7a91a759b9a6,Snake2,81,8,1
ad5560d9-57b7-4d65-afb2-85365a1d4439,79,96f96377-cdd7-4702-84f8-31828e04bf5f,Snake3,78,12,1
ad5560d9-57b7-4d65-afb2-85365a1d4439,79,03977be2-2b25-436c-9090-3b9cbb68b3fd,Snake4,35,6,1
ad5560d9-57b7-4d65-afb2-85365a1d4439,79,45b4e980-12c2-4a01-931b-4bc009a47502,Snake1,88,6,0
ad5560d9-57b7-4d65-afb2-85365a1d4439,80,bc180fa1-7cd8-4807-b2b7-7a91a759b9a6,Snake2,80,8,1
ad5560d9-57b7-4d65-afb2-85365a1d4439,80,96f96377-cdd7-4702-84f8-31828e04bf5f,Snake3,77,12,1
ad5560d9-57b7-4d65-afb2-85365a1d4439,80,03977be2-2b25-436c-9090-3b9cbb68b3fd,Snake4,34,6,1
ad5560d9-57b7-4d65-afb2-85365a1d4439,80,45b4e980-12c2-4a01-931b-4bc009a47502,Snake1,88,6,0
ad5560d9-57b7-4d65-afb2-85365a1d4439,80,bc180fa1-7cd8-4807-b2b7-7a91a759b9a6,Snake2,80,8,1
ad5560d9-57b7-4d65-afb2-85365a1d4439,80,96f96377-cdd7-4702-84f8-31828e04bf5f,Snake3,77,12,1
ad5560d9-57b7-4d65-afb2-85365a1d4439,80,03977be2-2b25-436c-9090-3b9cbb68b3fd,Snake4,34,6,1
ad5560d9-57b7-4d65-afb2-85365a1d4439,80,45b4e980-12c2-4a01-931b-4bc009a47502,Snake1,88,6,0
ad5560d9-57b7-4d65-afb2-85365a1d4439,81,bc180fa1-7cd8-4807-b2b7-7a91a759b9a6,Snake2,79,8,1
ad5560d9-57b7-4d65-afb2-85365a1d4439,81,96f96377-cdd7-4702-84f8-31828e04bf5f,Snake3,76,12,1
ad5560d9-57b7-4d65-afb2-85365a1d4439,81,03977be2-2b25-436c-9090-3b9cbb68b3fd,Snake4,33,6,1
ad5560d9-57b7-4d65-afb2-85365a1d4439,81,45b4e980-12c2-4a01-931b-4bc009a47502,Snake1,88,6,0
ad5560d9-57b7-4d65-afb2-85365a1d4439,81,bc180fa1-7cd8-4807-b2b7-7a91a759b9a6,Snake2,79,8,1
ad5560d9-57b7-4d65-afb2-85365a1d4439,81,96f96377-cdd7-4702-84f8-31828e04bf5f,Snake3,76,12,1
ad5560d9-57b7-4d65-afb2-85365a1d4439,81,03977be2-2b25-436c-9090-3b9cbb68b3fd,Snake4,33,6,1
ad5560d9-57b7-4d65-afb2-85365a1d4439,81,45b4e980-12c2-4a01-931b-4bc009a47502,Snake1,88,6,0
ad5560d9-57b7-4d65-afb2-85365a1d4439,82,bc180fa1-7cd8-4807-b2b7-7a91a759b9a6,Snake2,78,8,1
ad5560d9-57b7-4d65-afb2-85365a1d4439,82,96f96377-cdd7-4702-84f8-31828e04bf5f,Snake3,75,12,1
ad5560d9-57b7-4d65-afb2-85365a1d4439,82,03977be2-2b25-436c-9090-3b9cbb68b3fd,Snake4,32,6,1
ad5560d9-57b7-4d65-afb2-85365a1d4439,82,45b4e980-12c2-4a01-931b-4bc009a47502,Snake1,88,6,0
ad5560d9-57b7-4d65-afb2-85365a1d4439,82,bc180fa1-7cd8-4807-b2b7-7a91a759b9a6,Snake2,78,8,1
ad5560d9-57b7-4d65-afb2-85365a1d4439,82,96f96377-cdd7-4702-84f8-31828e04bf5f,Snake3,75,12,1
ad5560d9-57b7-4d65-afb2-85365a1d4439,82,03977be2-2b25-436c-9090-3b9cbb68b3fd,Snake4,32,6,1
ad5560d9-57b7-4d65-afb2-85365a1d4439,82,45b4e980-12c2-4a01-931b-4bc009a47502,Snake1,88,6,0
ad5560d9-57b7-4d65-afb2-85365a1d4439,82,bc180fa1-7cd8-4807-b2b7-7a91a759b9a6,Snake2,78,8,1
ad5560d9-57b7-4d65-afb2-85365a1d4439,82,96f96377-cdd7-4702-84f8-31828e04bf5f,Snake3,75,12,1
ad5560d9-57b7-4d65-afb2-85365a1d4439,82,03977be2-2b25-436c-9090-3b9cbb68b3fd,Snake4,32,6,1
ad5560d9-57b7-4d65-afb2-85365a1d4439,82,45b4e980-12c2-4a01-931b-4bc009a47502,Snake1,88,6,0
ad5560d9-57b7-4d65-afb2-85365a1d4439,83,bc180fa1-7cd8-4807-b2b7-7a91a759b9a6,Snake2,77,8,1
ad5560d9-57b7-4d65-afb2-85365a1d4439,83,96f96377-cdd7-4702-84f8-31828e04bf5f,Snake3,74,12,1
ad5560d9-57b7-4d65-afb2-85365a1d4439,83,03977be2-2b25-436c-9090-3b9cbb68b3fd,Snake4,31,6,1
ad5560d9-57b7-4d65-afb2-85365a1d4439,83,45b4e980-12c2-4a01-931b-4bc009a47502,Snake1,88,6,0
ad5560d9-57b7-4d65-afb2-85365a1d4439,83,bc180fa1-7cd8-4807-b2b7-7a91a759b9a6,Snake2,77,8,1
ad5560d9-57b7-4d65-afb2-85365a1d4439,83,96f96377-cdd7-4702-84f8-31828e04bf5f,Snake3,74,12,1
ad5560d9-57b7-4d65-afb2-85365a1d4439,83,03977be2-2b25-436c-9090-3b9cbb68b3fd,Snake4,31,6,1
ad5560d9-57b7-4d65-afb2-85365a1d4439,83,45b4e980-12c2-4a01-931b-4bc009a47502,Snake1,88,6,0
ad5560d9-57b7-4d65-afb2-85365a1d4439,83,bc180fa1-7cd8-4807-b2b7-7a91a759b9a6,Snake2,77,8,1
ad5560d9-57b7-4d65-afb2-85365a1d4439,83,96f96377-cdd7-4702-84f8-31828e04bf5f,Snake3,74,12,1
ad5560d9-57b7-4d65-afb2-85365a1d4439,83,03977be2-2b25-436c-9090-3b9cbb68b3fd,Snake4,31,6,1
ad5560d9-57b7-4d65-afb2-85365a1d4439,83,45b4e980-12c2-4a01-931b-4bc009a47502,Snake1,88,6,0
ad5560d9-57b7-4d65-afb2-85365a1d4439,84,bc180fa1-7cd8-4807-b2b7-7a91a759b9a6,Snake2,76,8,1
ad5560d9-57b7-4d65-afb2-85365a1d4439,84,96f96377-cdd7-4702-84f8-31828e04bf5f,Snake3,73,12,1
ad5560d9-57b7-4d65-afb2-85365a1d4439,84,03977be2-2b25-436c-9090-3b9cbb68b3fd,Snake4,30,6,1
ad5560d9-57b7-4d65-afb2-85365a1d4439,84,45b4e980-12c2-4a01-931b-4bc009a47502,Snake1,88,6,0
ad5560d9-57b7-4d65-afb2-85365a1d4439,84,bc180fa1-7cd8-4807-b2b7-7a91a759b9a6,Snake2,76,8,1
ad5560d9-57b7-4d65-afb2-85365a1d4439,84,96f96377-cdd7-4702-84f8-31828e04bf5f,Snake3,73,12,1
ad5560d9-57b7-4d65-afb2-85365a1d4439,84,03977be2-2b25-436c-9090-3b9cbb68b3fd,Snake4,30,6,1
ad5560d9-57b7-4d65-afb2-85365a1d4439,84,45b4e980-12c2-4a01-931b-4bc009a47502,Snake1,88,6,0
ad5560d9-57b7-4d65-afb2-85365a1d4439,85,bc180fa1-7cd8-4807-b2b7-7a91a759b9a6,Snake2,75,8,1
ad5560d9-57b7-4d65-afb2-85365a1d4439,85,96f96377-cdd7-4702-84f8-31828e04bf5f,Snake3,72,12,1
ad5560d9-57b7-4d65-afb2-85365a1d4439,85,03977be2-2b25-436c-9090-3b9cbb68b3fd,Snake4,29,6,1
ad5560d9-57b7-4d65-afb2-85365a1d4439,85,45b4e980-12c2-4a01-931b-4bc009a47502,Snake1,88,6,0
ad5560d9-57b7-4d65-afb2-85365a1d4439,85,bc180fa1-7cd8-4807-b2b7-7a91a759b9a6,Snake2,75,8,1
ad5560d9-57b7-4d65-afb2-85365a1d4439,85,96f96377-cdd7-4702-84f8-31828e04bf5f,Snake3,72,12,1
ad5560d9-57b7-4d65-afb2-85365a1d4439,85,03977be2-2b25-436c-9090-3b9cbb68b3fd,Snake4,29,6,1
ad5560d9-57b7-4d65-afb2-85365a1d4439,85,45b4e980-12c2-4a01-931b-4bc009a47502,Snake1,88,6,0
ad5560d9-57b7-4d65-afb2-85365a1d4439,86,bc180fa1-7cd8-4807-b2b7-7a91a759b9a6,Snake2,74,8,1
ad5560d9-57b7-4d65-afb2-85365a1d4439,86,96f96377-cdd7-4702-84f8-31828e04bf5f,Snake3,71,12,1
ad5560d9-57b7-4d65-afb2-85365a1d4439,86,03977be2-2b25-436c-9090-3b9cbb68b3fd,Snake4,28,6,1
ad5560d9-57b7-4d65-afb2-85365a1d4439,86,45b4e980-12c2-4a01-931b-4bc009a47502,Snake1,88,6,0
ad5560d9-57b7-4d65-afb2-85365a1d4439,86,bc180fa1-7cd8-4807-b2b7-7a91a759b9a6,Snake2,74,8,1
ad5560d9-57b7-4d65-afb2-85365a1d4439,86,96f96377-cdd7-4702-84f8-31828e04bf5f,Snake3,71,12,1
ad5560d9-57b7-4d65-afb2-85365a1d4439,86,03977be2-2b25-436c-9090-3b9cbb68b3fd,Snake4,28,6,1
ad5560d9-57b7-4d65-afb2-85365a1d4439,86,45b4e980-12c2-4a01-931b-4bc009a47502,Snake1,88,6,0
ad5560d9-57b7-4d65-afb2-85365a1d4439,86,bc180fa1-7cd8-4807-b2b7-7a91a759b9a6,Snake2,74,8,1
ad5560d9-57b7-4d65-afb2-85365a1d4439,86,96f96377-cdd7-4702-84f8-31828e04bf5f,Snake3,71,12,1
ad5560d9-57b7-4d65-afb2-85365a1d4439,86,03977be2-2b25-436c-9090-3b9cbb68b3fd,Snake4,28,6,1
ad5560d9-57b7-4d65-afb2-85365a1d4439,86,45b4e980-12c2-4a01-931b-4bc009a47502,Snake1,88,6,0
ad5560d9-57b7-4d65-afb2-85365a1d4439,87,bc180fa1-7cd8-4807-b2b7-7a91a759b9a6,Snake2,73,8,1
ad5560d9-57b7-4d65-afb2-85365a1d4439,87,96f96377-cdd7-4702-84f8-31828e04bf5f,Snake3,70,12,1
ad5560d9-57b7-4d65-afb2-85365a1d4439,87,03977be2-2b25-436c-9090-3b9cbb68b3fd,Snake4,27,6,1
ad5560d9-57b7-4d65-afb2-85365a1d4439,87,45b4e980-12c2-4a01-931b-4bc009a47502,Snake1,88,6,0
ad5560d9-57b7-4d65-afb2-85365a1d4439,87,bc180fa1-7cd8-4807-b2b7-7a91a759b9a6,Snake2,73,8,1
ad5560d9-57b7-4d65-afb2-85365a1d4439,87,96f96377-cdd7-4702-84f8-31828e04bf5f,Snake3,70,12,1
ad5560d9-57b7-4d65-afb2-85365a1d4439,87,03977be2-2b25-436c-9090-3b9cbb68b3fd,Snake4,27,6,1
ad5560d9-57b7-4d65-afb2-85365a1d4439,87,45b4e980-12c2-4a01-931b-4bc009a47502,Snake1,88,6,0
ad5560d9-57b7-4d65-afb2-85365a1d4439,88,bc180fa1-7cd8-4807-b2b7-7a91a759b9a6,Snake2,72,8,1
ad5560d9-57b7-4d65-afb2-85365a1d4439,88,96f96377-cdd7-4702-84f8-31828e04bf5f,Snake3,69,12,1
ad5560d9-57b7-4d65-afb2-85365a1d4439,88,03977be2-2b25-436c-9090-3b9cbb68b3fd,Snake4,100,7,1
ad5560d9-57b7-4d65-afb2-85365a1d4439,88,45b4e980-12c2-4a01-931b-4bc009a47502,Snake1,88,6,0
ad5560d9-57b7-4d65-afb2-85365a1d4439,88,bc180fa1-7cd8-4807-b2b7-7a91a759b9a6,Snake2,72,8,1
ad5560d9-57b7-4d65-afb2-85365a1d4439,88,96f96377-cdd7-4702-84f8-31828e04bf5f,Snake3,69,12,1
ad5560d9-57b7-4d65-afb2-85365a1d4439,88,03977be2-2b25-436c-9090-3b9cbb68b3fd,Snake4,100,7,1
ad5560d9-57b7-4d65-afb2-85365a1d4439,88,45b4e980-12c2-4a01-931b-4bc009a47502,Snake1,88,6,0
ad5560d9-57b7-4d65-afb2-85365a1d4439,89,bc180fa1-7cd8-4807-b2b7-7a91a759b9a6,Snake2,71,8,1
ad5560d9-57b7-4d65-afb2-85365a1d4439,89,96f96377-cdd7-4702-84f8-31828e04bf5f,Snake3,68,12,1
ad5560d9-57b7-4d65-afb2-85365a1d4439,89,03977be2-2b25-436c-9090-3b9cbb68b3fd,Snake4,99,7,1
ad5560d9-57b7-4d65-afb2-85365a1d4439,89,45b4e980-12c2-4a01-931b-4bc009a47502,Snake1,88,6,0
ad5560d9-57b7-4d65-afb2-85365a1d4439,89,bc180fa1-7cd8-4807-b2b7-7a91a759b9a6,Snake2,71,8,1
ad5560d9-57b7-4d65-afb2-85365a1d4439,89,96f96377-cdd7-4702-84f8-31828e04bf5f,Snake3,68,12,1
ad5560d9-57b7-4d65-afb2-85365a1d4439,89,03977be2-2b25-436c-9090-3b9cbb68b3fd,Snake4,99,7,1
ad5560d9-57b7-4d65-afb2-85365a1d4439,89,45b4e980-12c2-4a01-931b-4bc009a47502,Snake1,88,6,0
ad5560d9-57b7-4d65-afb2-85365a1d4439,90,bc180fa1-7cd8-4807-b2b7-7a91a759b9a6,Snake2,70,8,1
ad5560d9-57b7-4d65-afb2-85365a1d4439,90,96f96377-cdd7-4702-84f8-31828e04bf5f,Snake3,67,12,1
ad5560d9-57b7-4d65-afb2-85365a1d4439,90,03977be2-2b25-436c-9090-3b9cbb68b3fd,Snake4,98,7,1
ad5560d9-57b7-4d65-afb2-85365a1d4439,90,45b4e980-12c2-4a01-931b-4bc009a47502,Snake1,88,6,0
ad5560d9-57b7-4d65-afb2-85365a1d4439,90,bc180fa1-7cd8-4807-b2b7-7a91a759b9a6,Snake2,70,8,1
ad5560d9-57b7-4d65-afb2-85365a1d4439,90,96f96377-cdd7-4702-84f8-31828e04bf5f,Snake3,67,12,1
ad5560d9-57b7-4d65-afb2-85365a1d4439,90,03977be2-2b25-436c-9090-3b9cbb68b3fd,Snake4,98,7,1
ad5560d9-57b7-4d65-afb2-85365a1d4439,90,45b4e980-12c2-4a01-931b-4bc009a47502,Snake1,88,6,0
ad5560d9-57b7-4d65-afb2-85365a1d4439,91,bc180fa1-7cd8-4807-b2b7-7a91a759b9a6,Snake2,69,8,1
ad5560d9-57b7-4d65-afb2-85365a1d4439,91,96f96377-cdd7-4702-84f8-31828e04bf5f,Snake3,66,12,1
ad5560d9-57b7-4d65-afb2-85365a1d4439,91,03977be2-2b25-436c-9090-3b9cbb68b3fd,Snake4,97,7,1
ad5560d9-57b7-4d65-afb2-85365a1d4439,91,45b4e980-12c2-4a01-931b-4bc009a47502,Snake1,88,6,0
ad5560d9-57b7-4d65-afb2-85365a1d4439,91,bc180fa1-7cd8-4807-b2b7-7a91a759b9a6,Snake2,69,8,1
ad5560d9-57b7-4d65-afb2-85365a1d4439,91,96f96377-cdd7-4702-84f8-31828e04bf5f,Snake3,66,12,1
ad5560d9-57b7-4d65-afb2-85365a1d4439,91,03977be2-2b25-436c-9090-3b9cbb68b3fd,Snake4,97,7,1
ad5560d9-57b7-4d65-afb2-85365a1d4439,91,45b4e980-12c2-4a01-931b-4bc009a47502,Snake1,88,6,0
ad5560d9-57b7-4d65-afb2-85365a1d4439,91,bc180fa1-7cd8-4807-b2b7-7a91a759b9a6,Snake2,69,8,1
ad5560d9-57b7-4d65-afb2-85365a1d4439,91,96f96377-cdd7-4702-84f8-31828e04bf5f,Snake3,66,12,1
ad5560d9-57b7-4d65-afb2-85365a1d4439,91,03977be2-2b25-436c-9090-3b9cbb68b3fd,Snake4,97,7,1
ad5560d9-57b7-4d65-afb2-85365a1d4439,91,45b4e980-12c2-4a01-931b-4bc009a47502,Snake1,88,6,0
ad5560d9-57b7-4d65-afb2-85365a1d4439,92,bc180fa1-7cd8-4807-b2b7-7a91a759b9a6,Snake2,68,8,1
ad5560d9-57b7-4d65-afb2-85365a1d4439,92,96f96377-cdd7-4702-84f8-31828e04bf5f,Snake3,65,12,1
ad5560d9-57b7-4d65-afb2-85365a1d4439,92,03977be2-2b25-436c-9090-3b9cbb68b3fd,Snake4,96,7,1
ad5560d9-57b7-4d65-afb2-85365a1d4439,92,45b4e980-12c2-4a01-931b-4bc009a47502,Snake1,88,6,0
ad5560d9-57b7-4d65-afb2-85365a1d4439,92,bc180fa1-7cd8-4807-b2b7-7a91a759b9a6,Snake2,68,8,1
ad5560d9-57b7-4d65-afb2-85365a1d4439,92,96f96377-cdd7-4702-84f8-31828e04bf5f,Snake3,65,12,1
ad5560d9-57b7-4d65-afb2-85365a1d4439,92,03977be2-2b25-436c-9090-3b9cbb68b3fd,Snake4,96,7,1
ad5560d9-57b7-4d65-afb2-85365a1d4439,92,45b4e980-12c2-4a01-931b-4bc009a47502,Snake1,88,6,0
ad5560d9-57b7-4d65-afb2-85365a1d4439,92,bc180fa1-7cd8-4807-b2b7-7a91a759b9a6,Snake2,68,8,1
ad5560d9-57b7-4d65-afb2-85365a1d4439,92,96f96377-cdd7-4702-84f8-31828e04bf5f,Snake3,65,12,1
ad5560d9-57b7-4d65-afb2-85365a1d4439,92,03977be2-2b25-436c-9090-3b9cbb68b3fd,Snake4,96,7,1
ad5560d9-57b7-4d65-afb2-85365a1d4439,92,45b4e980-12c2-4a01-931b-4bc009a47502,Snake1,88,6,0
ad5560d9-57b7-4d65-afb2-85365a1d4439,93,bc180fa1-7cd8-4807-b2b7-7a91a759b9a6,Snake2,67,8,1
ad5560d9-57b7-4d65-afb2-85365a1d4439,93,96f96377-cdd7-4702-84f8-31828e04bf5f,Snake3,64,12,1
ad5560d9-57b7-4d65-afb2-85365a1d4439,93,03977be2-2b25-436c-9090-3b9cbb68b3fd,Snake4,95,7,1
ad5560d9-57b7-4d65-afb2-85365a1d4439,93,45b4e980-12c2-4a01-931b-4bc009a47502,Snake1,88,6,0
ad5560d9-57b7-4d65-afb2-85365a1d4439,93,bc180fa1-7cd8-4807-b2b7-7a91a759b9a6,Snake2,67,8,1
ad5560d9-57b7-4d65-afb2-85365a1d4439,93,96f96377-cdd7-4702-84f8-31828e04bf5f,Snake3,64,12,1
ad5560d9-57b7-4d65-afb2-85365a1d4439,93,03977be2-2b25-436c-9090-3b9cbb68b3fd,Snake4,95,7,1
ad5560d9-57b7-4d65-afb2-85365a1d4439,93,45b4e980-12c2-4a01-931b-4bc009a47502,Snake1,88,6,0
ad5560d9-57b7-4d65-afb2-85365a1d4439,93,bc180fa1-7cd8-4807-b2b7-7a91a759b9a6,Snake2,67,8,1
ad5560d9-57b7-4d65-afb2-85365a1d4439,93,96f96377-cdd7-4702-84f8-31828e04bf5f,Snake3,64,12,1
ad5560d9-57b7-4d65-afb2-85365a1d4439,93,03977be2-2b25-436c-9090-3b9cbb68b3fd,Snake4,95,7,1
ad5560d9-57b7-4d65-afb2-85365a1d4439,93,45b4e980-12c2-4a01-931b-4bc009a47502,Snake1,88,6,0
ad5560d9-57b7-4d65-afb2-85365a1d4439,94,bc180fa1-7cd8-4807-b2b7-7a91a759b9a6,Snake2,66,8,1
ad5560d9-57b7-4d65-afb2-85365a1d4439,94,96f96377-cdd7-4702-84f8-31828e04bf5f,Snake3,63,12,1
ad5560d9-57b7-4d65-afb2-85365a1d4439,94,03977be2-2b25-436c-9090-3b9cbb68b3fd,Snake4,94,7,1
ad5560d9-57b7-4d65-afb2-85365a1d4439,94,45b4e980-12c2-4a01-931b-4bc009a47502,Snake1,88,6,0
ad5560d9-57b7-4d65-afb2-85365a1d4439,94,bc180fa1-7cd8-4807-b2b7-7a91a759b9a6,Snake2,66,8,1
ad5560d9-57b7-4d65-afb2-85365a1d4439,94,96f96377-cdd7-4702-84f8-31828e04bf5f,Snake3,63,12,1
ad5560d9-57b7-4d65-afb2-85365a1d4439,94,03977be2-2b25-436c-9090-3b9cbb68b3fd,Snake4,94,7,1
ad5560d9-57b7-4d65-afb2-85365a1d4439,94,45b4e980-12c2-4a01-931b-4bc009a47502,Snake1,88,6,0
ad5560d9-57b7-4d65-afb2-85365a1d4439,95,bc180fa1-7cd8-4807-b2b7-7a91a759b9a6,Snake2,65,8,1
ad5560d9-57b7-4d65-afb2-85365a1d4439,95,96f96377-cdd7-4702-84f8-31828e04bf5f,Snake3,62,12,1
ad5560d9-57b7-4d65-afb2-85365a1d4439,95,03977be2-2b25-436c-9090-3b9cbb68b3fd,Snake4,93,7,1
ad5560d9-57b7-4d65-afb2-85365a1d4439,95,45b4e980-12c2-4a01-931b-4bc009a47502,Snake1,88,6,0
ad5560d9-57b7-4d65-afb2-85365a1d4439,95,bc180fa1-7cd8-4807-b2b7-7a91a759b9a6,Snake2,65,8,1
ad5560d9-57b7-4d65-afb2-85365a1d4439,95,96f96377-cdd7-4702-84f8-31828e04bf5f,Snake3,62,12,1
ad5560d9-57b7-4d65-afb2-85365a1d4439,95,03977be2-2b25-436c-9090-3b9cbb68b3fd,Snake4,93,7,1
ad5560d9-57b7-4d65-afb2-85365a1d4439,95,45b4e980-12c2-4a01-931b-4bc009a47502,Snake1,88,6,0
ad5560d9-57b7-4d65-afb2-85365a1d4439,96,bc180fa1-7cd8-4807-b2b7-7a91a759b9a6,Snake2,64,8,1
ad5560d9-57b7-4d65-afb2-85365a1d4439,96,96f96377-cdd7-4702-84f8-31828e04bf5f,Snake3,19,12,1
ad5560d9-57b7-4d65-afb2-85365a1d4439,96,03977be2-2b25-436c-9090-3b9cbb68b3fd,Snake4,92,7,1
ad5560d9-57b7-4d65-afb2-85365a1d4439,96,45b4e980-12c2-4a01-931b-4bc009a47502,Snake1,88,6,0
ad5560d9-57b7-4d65-afb2-85365a1d4439,96,bc180fa1-7cd8-4807-b2b7-7a91a759b9a6,Snake2,64,8,1
ad5560d9-57b7-4d65-afb2-85365a1d4439,96,96f96377-cdd7-4702-84f8-31828e04bf5f,Snake3,19,12,1
ad5560d9-57b7-4d65-afb2-85365a1d4439,96,03977be2-2b25-436c-9090-3b9cbb68b3fd,Snake4,92,7,1
ad5560d9-57b7-4d65-afb2-85365a1d4439,96,45b4e980-12c2-4a01-931b-4bc009a47502,Snake1,88,6,0
ad5560d9-57b7-4d65-afb2-85365a1d4439,97,bc180fa1-7cd8-4807-b2b7-7a91a759b9a6,Snake2,63,8,1
ad5560d9-57b7-4d65-afb2-85365a1d4439,97,96f96377-cdd7-4702-84f8-31828e04bf5f,Snake3,18,12,1
ad5560d9-57b7-4d65-afb2-85365a1d4439,97,03977be2-2b25-436c-9090-3b9cbb68b3fd,Snake4,91,7,1
ad5560d9-57b7-4d65-afb2-85365a1d4439,97,45b4e980-12c2-4a01-931b-4bc009a47502,Snake1,88,6,0
ad5560d9-57b7-4d65-afb2-85365a1d4439,97,bc180fa1-7cd8-4807-b2b7-7a91a759b9a6,Snake2,63,8,1
ad5560d9-57b7-4d65-afb2-85365a1d4439,97,96f96377-cdd7-4702-84f8-31828e04bf5f,Snake3,18,12,1
ad5560d9-57b7-4d65-afb2-85365a1d4439,97,03977be2-2b25-436c-9090-3b9cbb68b3fd,Snake4,91,7,1
ad5560d9-57b7-4d65-afb2-85365a1d4439,97,45b4e980-12c2-4a01-931b-4bc009a47502,Snake1,88,6,0
ad5560d9-57b7-4d65-afb2-85365a1d4439,97,bc180fa1-7cd8-4807-b2b7-7a91a759b9a6,Snake2,63,8,1
ad5560d9-57b7-4d65-afb2-85365a1d4439,97,96f96377-cdd7-4702-84f8-31828e04bf5f,Snake3,18,12,1
ad5560d9-57b7-4d65-afb2-85365a1d4439,97,03977be2-2b25-436c-9090-3b9cbb68b3fd,Snake4,91,7,1
ad5560d9-57b7-4d65-afb2-85365a1d4439,97,45b4e980-12c2-4a01-931b-4bc009a47502,Snake1,88,6,0
ad5560d9-57b7-4d65-afb2-85365a1d4439,98,bc180fa1-7cd8-4807-b2b7-7a91a759b9a6,Snake2,62,8,1
ad5560d9-57b7-4d65-afb2-85365a1d4439,98,03977be2-2b25-436c-9090-3b9cbb68b3fd,Snake4,90,7,1
ad5560d9-57b7-4d65-afb2-85365a1d4439,98,45b4e980-12c2-4a01-931b-4bc009a47502,Snake1,88,6,0
ad5560d9-57b7-4d65-afb2-85365a1d4439,98,96f96377-cdd7-4702-84f8-31828e04bf5f,Snake3,18,12,0
ad5560d9-57b7-4d65-afb2-85365a1d4439,99,bc180fa1-7cd8-4807-b2b7-7a91a759b9a6,Snake2,61,8,1
ad5560d9-57b7-4d65-afb2-85365a1d4439,99,03977be2-2b25-436c-9090-3b9cbb68b3fd,Snake4,89,7,1
ad5560d9-57b7-4d65-afb2-85365a1d4439,99,45b4e980-12c2-4a01-931b-4bc009a47502,Snake1,88,6,0
ad5560d9-57b7-4d65-afb2-85365a1d4439,99,96f96377-cdd7-4702-84f8-31828e04bf5f,Snake3,18,12,0
ad5560d9-57b7-4d65-afb2-85365a1d4439,99,bc180fa1-7cd8-4807-b2b7-7a91a759b9a6,Snake2,61,8,1
ad5560d9-57b7-4d65-afb2-85365a1d4439,99,03977be2-2b25-436c-9090-3b9cbb68b3fd,Snake4,89,7,1
ad5560d9-57b7-4d65-afb2-85365a1d4439,99,45b4e980-12c2-4a01-931b-4bc009a47502,Snake1,88,6,0
ad5560d9-57b7-4d65-afb2-85365a1d4439,99,96f96377-cdd7-4702-84f8-31828e04bf5f,Snake3,18,12,0
ad5560d9-57b7-4d65-afb2-85365a1d4439,100,bc180fa1-7cd8-4807-b2b7-7a91a759b9a6,Snake2,60,8,1
ad5560d9-57b7-4d65-afb2-85365a1d4439,100,03977be2-2b25-436c-9090-3b9cbb68b3fd,Snake4,88,7,1
ad5560d9-57b7-4d65-afb2-85365a1d4439,100,45b4e980-12c2-4a01-931b-4bc009a47502,Snake1,88,6,0
ad5560d9-57b7-4d65-afb2-85365a1d4439,100,96f96377-cdd7-4702-84f8-31828e04bf5f,Snake3,18,12,0
ad5560d9-57b7-4d65-afb2-85365a1d4439,101,bc180fa1-7cd8-4807-b2b7-7a91a759b9a6,Snake2,59,8,1
ad5560d9-57b7-4d65-afb2-85365a1d4439,101,03977be2-2b25-436c-9090-3b9cbb68b3fd,Snake4,87,7,1
ad5560d9-57b7-4d65-afb2-85365a1d4439,101,45b4e980-12c2-4a01-931b-4bc009a47502,Snake1,88,6,0
ad5560d9-57b7-4d65-afb2-85365a1d4439,101,96f96377-cdd7-4702-84f8-31828e04bf5f,Snake3,18,12,0
ad5560d9-57b7-4d65-afb2-85365a1d4439,102,bc180fa1-7cd8-4807-b2b7-7a91a759b9a6,Snake2,58,8,1
ad5560d9-57b7-4d65-afb2-85365a1d4439,102,03977be2-2b25-436c-9090-3b9cbb68b3fd,Snake4,86,7,1
ad5560d9-57b7-4d65-afb2-85365a1d4439,102,45b4e980-12c2-4a01-931b-4bc009a47502,Snake1,88,6,0
ad5560d9-57b7-4d65-afb2-85365a1d4439,102,96f96377-cdd7-4702-84f8-31828e04bf5f,Snake3,18,12,0
ad5560d9-57b7-4d65-afb2-85365a1d4439,103,bc180fa1-7cd8-4807-b2b7-7a91a759b9a6,Snake2,57,8,1
ad5560d9-57b7-4d65-afb2-85365a1d4439,103,03977be2-2b25-436c-9090-3b9cbb68b3fd,Snake4,85,7,1
ad5560d9-57b7-4d65-afb2-85365a1d4439,103,45b4e980-12c2-4a01-931b-4bc009a47502,Snake1,88,6,0
ad5560d9-57b7-4d65-afb2-85365a1d4439,103,96f96377-cdd7-4702-84f8-31828e04bf5f,Snake3,18,12,0
ad5560d9-57b7-4d65-afb2-85365a1d4439,104,bc180fa1-7cd8-4807-b2b7-7a91a759b9a6,Snake2,56,8,1
ad5560d9-57b7-4d65-afb2-85365a1d4439,104,03977be2-2b25-436c-9090-3b9cbb68b3fd,Snake4,84,7,1
ad5560d9-57b7-4d65-afb2-85365a1d4439,104,45b4e980-12c2-4a01-931b-4bc009a47502,Snake1,88,6,0
ad5560d9-57b7-4d65-afb2-85365a1d4439,104,96f96377-cdd7-4702-84f8-31828e04bf5f,Snake3,18,12,0
ad5560d9-57b7-4d65-afb2-85365a1d4439,104,bc180fa1-7cd8-4807-b2b7-7a91a759b9a6,Snake2,56,8,1
ad5560d9-57b7-4d65-afb2-85365a1d4439,104,03977be2-2b25-436c-9090-3b9cbb68b3fd,Snake4,84,7,1
ad5560d9-57b7-4d65-afb2-85365a1d4439,104,45b4e980-12c2-4a01-931b-4bc009a47502,Snake1,88,6,0
ad5560d9-57b7-4d65-afb2-85365a1d4439,104,96f96377-cdd7-4702-84f8-31828e04bf5f,Snake3,18,12,0
ad5560d9-57b7-4d65-afb2-85365a1d4439,105,bc180fa1-7cd8-4807-b2b7-7a91a759b9a6,Snake2,55,8,1
ad5560d9-57b7-4d65-afb2-85365a1d4439,105,03977be2-2b25-436c-9090-3b9cbb68b3fd,Snake4,83,7,1
ad5560d9-57b7-4d65-afb2-85365a1d4439,105,45b4e980-12c2-4a01-931b-4bc009a47502,Snake1,88,6,0
ad5560d9-57b7-4d65-afb2-85365a1d4439,105,96f96377-cdd7-4702-84f8-31828e04bf5f,Snake3,18,12,0
ad5560d9-57b7-4d65-afb2-85365a1d4439,105,bc180fa1-7cd8-4807-b2b7-7a91a759b9a6,Snake2,55,8,1
ad5560d9-57b7-4d65-afb2-85365a1d4439,105,03977be2-2b25-436c-9090-3b9cbb68b3fd,Snake4,83,7,1
ad5560d9-57b7-4d65-afb2-85365a1d4439,105,45b4e980-12c2-4a01-931b-4bc009a47502,Snake1,88,6,0
ad5560d9-57b7-4d65-afb2-85365a1d4439,105,96f96377-cdd7-4702-84f8-31828e04bf5f,Snake3,18,12,0
ad5560d9-57b7-4d65-afb2-85365a1d4439,106,bc180fa1-7cd8-4807-b2b7-7a91a759b9a6,Snake2,54,8,1
ad5560d9-57b7-4d65-afb2-85365a1d4439,106,03977be2-2b25-436c-9090-3b9cbb68b3fd,Snake4,82,7,1
ad5560d9-57b7-4d65-afb2-85365a1d4439,106,45b4e980-12c2-4a01-931b-4bc009a47502,Snake1,88,6,0
ad5560d9-57b7-4d65-afb2-85365a1d4439,106,96f96377-cdd7-4702-84f8-31828e04bf5f,Snake3,18,12,0
ad5560d9-57b7-4d65-afb2-85365a1d4439,107,bc180fa1-7cd8-4807-b2b7-7a91a759b9a6,Snake2,53,8,1
ad5560d9-57b7-4d65-afb2-85365a1d4439,107,03977be2-2b25-436c-9090-3b9cbb68b3fd,Snake4,81,7,1
ad5560d9-57b7-4d65-afb2-85365a1d4439,107,45b4e980-12c2-4a01-931b-4bc009a47502,Snake1,88,6,0
ad5560d9-57b7-4d65-afb2-85365a1d4439,107,96f96377-cdd7-4702-84f8-31828e04bf5f,Snake3,18,12,0
ad5560d9-57b7-4d65-afb2-85365a1d4439,107,bc180fa1-7cd8-4807-b2b7-7a91a759b9a6,Snake2,53,8,1
ad5560d9-57b7-4d65-afb2-85365a1d4439,107,03977be2-2b25-436c-9090-3b9cbb68b3fd,Snake4,81,7,1
ad5560d9-57b7-4d65-afb2-85365a1d4439,107,45b4e980-12c2-4a01-931b-4bc009a47502,Snake1,88,6,0
ad5560d9-57b7-4d65-afb2-85365a1d4439,107,96f96377-cdd7-4702-84f8-31828e04bf5f,Snake3,18,12,0
ad5560d9-57b7-4d65-afb2-85365a1d4439,108,bc180fa1-7cd8-4807-b2b7-7a91a759b9a6,Snake2,52,8,1
ad5560d9-57b7-4d65-afb2-85365a1d4439,108,03977be2-2b25-436c-9090-3b9cbb68b3fd,Snake4,80,7,1
ad5560d9-57b7-4d65-afb2-85365a1d4439,108,45b4e980-12c2-4a01-931b-4bc009a47502,Snake1,88,6,0
ad5560d9-57b7-4d65-afb2-85365a1d4439,108,96f96377-cdd7-4702-84f8-31828e04bf5f,Snake3,18,12,0
ad5560d9-57b7-4d65-afb2-85365a1d4439,108,bc180fa1-7cd8-4807-b2b7-7a91a759b9a6,Snake2,52,8,1
ad5560d9-57b7-4d65-afb2-85365a1d4439,108,03977be2-2b25-436c-9090-3b9cbb68b3fd,Snake4,80,7,1
ad5560d9-57b7-4d65-afb2-85365a1d4439,108,45b4e980-12c2-4a01-931b-4bc009a47502,Snake1,88,6,0
ad5560d9-57b7-4d65-afb2-85365a1d4439,108,96f96377-cdd7-4702-84f8-31828e04bf5f,Snake3,18,12,0
ad5560d9-57b7-4d65-afb2-85365a1d4439,109,bc180fa1-7cd8-4807-b2b7-7a91a759b9a6,Snake2,51,8,1
ad5560d9-57b7-4d65-afb2-85365a1d4439,109,03977be2-2b25-436c-9090-3b9cbb68b3fd,Snake4,79,7,1
ad5560d9-57b7-4d65-afb2-85365a1d4439,109,45b4e980-12c2-4a01-931b-4bc009a47502,Snake1,88,6,0
ad5560d9-57b7-4d65-afb2-85365a1d4439,109,96f96377-cdd7-4702-84f8-31828e04bf5f,Snake3,18,12,0
ad5560d9-57b7-4d65-afb2-85365a1d4439,109,bc180fa1-7cd8-4807-b2b7-7a91a759b9a6,Snake2,51,8,1
ad5560d9-57b7-4d65-afb2-85365a1d4439,109,03977be2-2b25-436c-9090-3b9cbb68b3fd,Snake4,79,7,1
ad5560d9-57b7-4d65-afb2-85365a1d4439,109,45b4e980-12c2-4a01-931b-4bc009a47502,Snake1,88,6,0
ad5560d9-57b7-4d65-afb2-85365a1d4439,109,96f96377-cdd7-4702-84f8-31828e04bf5f,Snake3,18,12,0
ad5560d9-57b7-4d65-afb2-85365a1d4439,110,bc180fa1-7cd8-4807-b2b7-7a91a759b9a6,Snake2,50,8,1
ad5560d9-57b7-4d65-afb2-85365a1d4439,110,03977be2-2b25-436c-9090-3b9cbb68b3fd,Snake4,78,7,1
ad5560d9-57b7-4d65-afb2-85365a1d4439,110,45b4e980-12c2-4a01-931b-4bc009a47502,Snake1,88,6,0
ad5560d9-57b7-4d65-afb2-85365a1d4439,110,96f96377-cdd7-4702-84f8-31828e04bf5f,Snake3,18,12,0
ad5560d9-57b7-4d65-afb2-85365a1d4439,110,bc180fa1-7cd8-4807-b2b7-7a91a759b9a6,Snake2,50,8,1
ad5560d9-57b7-4d65-afb2-85365a1d4439,110,03977be2-2b25-436c-9090-3b9cbb68b3fd,Snake4,78,7,1
ad5560d9-57b7-4d65-afb2-85365a1d4439,110,45b4e980-12c2-4a01-931b-4bc009a47502,Snake1,88,6,0
ad5560d9-57b7-4d65-afb2-85365a1d4439,110,96f96377-cdd7-4702-84f8-31828e04bf5f,Snake3,18,12,0
ad5560d9-57b7-4d65-afb2-85365a1d4439,111,bc180fa1-7cd8-4807-b2b7-7a91a759b9a6,Snake2,49,8,1
ad5560d9-57b7-4d65-afb2-85365a1d4439,111,03977be2-2b25-436c-9090-3b9cbb68b3fd,Snake4,77,7,1
ad5560d9-57b7-4d65-afb2-85365a1d4439,111,45b4e980-12c2-4a01-931b-4bc009a47502,Snake1,88,6,0
ad5560d9-57b7-4d65-afb2-85365a1d4439,111,96f96377-cdd7-4702-84f8-31828e04bf5f,Snake3,18,12,0
ad5560d9-57b7-4d65-afb2-85365a1d4439,111,bc180fa1-7cd8-4807-b2b7-7a91a759b9a6,Snake2,49,8,1
ad5560d9-57b7-4d65-afb2-85365a1d4439,111,03977be2-2b25-436c-9090-3b9cbb68b3fd,Snake4,77,7,1
ad5560d9-57b7-4d65-afb2-85365a1d4439,111,45b4e980-12c2-4a01-931b-4bc009a47502,Snake1,88,6,0
ad5560d9-57b7-4d65-afb2-85365a1d4439,111,96f96377-cdd7-4702-84f8-31828e04bf5f,Snake3,18,12,0
ad5560d9-57b7-4d65-afb2-85365a1d4439,112,bc180fa1-7cd8-4807-b2b7-7a91a759b9a6,Snake2,48,8,1
ad5560d9-57b7-4d65-afb2-85365a1d4439,112,03977be2-2b25-436c-9090-3b9cbb68b3fd,Snake4,76,7,1
ad5560d9-57b7-4d65-afb2-85365a1d4439,112,45b4e980-12c2-4a01-931b-4bc009a47502,Snake1,88,6,0
ad5560d9-57b7-4d65-afb2-85365a1d4439,112,96f96377-cdd7-4702-84f8-31828e04bf5f,Snake3,18,12,0
ad5560d9-57b7-4d65-afb2-85365a1d4439,113,bc180fa1-7cd8-4807-b2b7-7a91a759b9a6,Snake2,47,8,1
ad5560d9-57b7-4d65-afb2-85365a1d4439,113,03977be2-2b25-436c-9090-3b9cbb68b3fd,Snake4,75,7,1
ad5560d9-57b7-4d65-afb2-85365a1d4439,113,45b4e980-12c2-4a01-931b-4bc009a47502,Snake1,88,6,0
ad5560d9-57b7-4d65-afb2-85365a1d4439,113,96f96377-cdd7-4702-84f8-31828e04bf5f,Snake3,18,12,0
ad5560d9-57b7-4d65-afb2-85365a1d4439,114,bc180fa1-7cd8-4807-b2b7-7a91a759b9a6,Snake2,46,8,1
ad5560d9-57b7-4d65-afb2-85365a1d4439,114,03977be2-2b25-436c-9090-3b9cbb68b3fd,Snake4,74,7,1
ad5560d9-57b7-4d65-afb2-85365a1d4439,114,45b4e980-12c2-4a01-931b-4bc009a47502,Snake1,88,6,0
ad5560d9-57b7-4d65-afb2-85365a1d4439,114,96f96377-cdd7-4702-84f8-31828e04bf5f,Snake3,18,12,0
ad5560d9-57b7-4d65-afb2-85365a1d4439,115,bc180fa1-7cd8-4807-b2b7-7a91a759b9a6,Snake2,45,8,1
ad5560d9-57b7-4d65-afb2-85365a1d4439,115,03977be2-2b25-436c-9090-3b9cbb68b3fd,Snake4,73,7,1
ad5560d9-57b7-4d65-afb2-85365a1d4439,115,45b4e980-12c2-4a01-931b-4bc009a47502,Snake1,88,6,0
ad5560d9-57b7-4d65-afb2-85365a1d4439,115,96f96377-cdd7-4702-84f8-31828e04bf5f,Snake3,18,12,0
ad5560d9-57b7-4d65-afb2-85365a1d4439,116,bc180fa1-7cd8-4807-b2b7-7a91a759b9a6,Snake2,44,8,1
ad5560d9-57b7-4d65-afb2-85365a1d4439,116,03977be2-2b25-436c-9090-3b9cbb68b3fd,Snake4,72,7,1
ad5560d9-57b7-4d65-afb2-85365a1d4439,116,45b4e980-12c2-4a01-931b-4bc009a47502,Snake1,88,6,0
ad5560d9-57b7-4d65-afb2-85365a1d4439,116,96f96377-cdd7-4702-84f8-31828e04bf5f,Snake3,18,12,0
ad5560d9-57b7-4d65-afb2-85365a1d4439,116,bc180fa1-7cd8-4807-b2b7-7a91a759b9a6,Snake2,44,8,1
ad5560d9-57b7-4d65-afb2-85365a1d4439,116,03977be2-2b25-436c-9090-3b9cbb68b3fd,Snake4,72,7,1
ad5560d9-57b7-4d65-afb2-85365a1d4439,116,45b4e980-12c2-4a01-931b-4bc009a47502,Snake1,88,6,0
ad5560d9-57b7-4d65-afb2-85365a1d4439,116,96f96377-cdd7-4702-84f8-31828e04bf5f,Snake3,18,12,0
ad5560d9-57b7-4d65-afb2-85365a1d4439,117,bc180fa1-7cd8-4807-b2b7-7a91a759b9a6,Snake2,43,8,1
ad5560d9-57b7-4d65-afb2-85365a1d4439,117,03977be2-2b25-436c-9090-3b9cbb68b3fd,Snake4,71,7,1
ad5560d9-57b7-4d65-afb2-85365a1d4439,117,45b4e980-12c2-4a01-931b-4bc009a47502,Snake1,88,6,0
ad5560d9-57b7-4d65-afb2-85365a1d4439,117,96f96377-cdd7-4702-84f8-31828e04bf5f,Snake3,18,12,0
ad5560d9-57b7-4d65-afb2-85365a1d4439,117,bc180fa1-7cd8-4807-b2b7-7a91a759b9a6,Snake2,43,8,1
ad5560d9-57b7-4d65-afb2-85365a1d4439,117,03977be2-2b25-436c-9090-3b9cbb68b3fd,Snake4,71,7,1
ad5560d9-57b7-4d65-afb2-85365a1d4439,117,45b4e980-12c2-4a01-931b-4bc009a47502,Snake1,88,6,0
ad5560d9-57b7-4d65-afb2-85365a1d4439,117,96f96377-cdd7-4702-84f8-31828e04bf5f,Snake3,18,12,0
ad5560d9-57b7-4d65-afb2-85365a1d4439,118,bc180fa1-7cd8-4807-b2b7-7a91a759b9a6,Snake2,42,8,1
ad5560d9-57b7-4d65-afb2-85365a1d4439,118,03977be2-2b25-436c-9090-3b9cbb68b3fd,Snake4,70,7,1
ad5560d9-57b7-4d65-afb2-85365a1d4439,118,45b4e980-12c2-4a01-931b-4bc009a47502,Snake1,88,6,0
ad5560d9-57b7-4d65-afb2-85365a1d4439,118,96f96377-cdd7-4702-84f8-31828e04bf5f,Snake3,18,12,0
ad5560d9-57b7-4d65-afb2-85365a1d4439,118,bc180fa1-7cd8-4807-b2b7-7a91a759b9a6,Snake2,42,8,1
ad5560d9-57b7-4d65-afb2-85365a1d4439,118,03977be2-2b25-436c-9090-3b9cbb68b3fd,Snake4,70,7,1
ad5560d9-57b7-4d65-afb2-85365a1d4439,118,45b4e980-12c2-4a01-931b-4bc009a47502,Snake1,88,6,0
ad5560d9-57b7-4d65-afb2-85365a1d4439,118,96f96377-cdd7-4702-84f8-31828e04bf5f,Snake3,18,12,0
ad5560d9-57b7-4d65-afb2-85365a1d4439,119,bc180fa1-7cd8-4807-b2b7-7a91a759b9a6,Snake2,41,8,1
ad5560d9-57b7-4d65-afb2-85365a1d4439,119,03977be2-2b25-436c-9090-3b9cbb68b3fd,Snake4,69,7,1
ad5560d9-57b7-4d65-afb2-85365a1d4439,119,45b4e980-12c2-4a01-931b-4bc009a47502,Snake1,88,6,0
ad5560d9-57b7-4d65-afb2-85365a1d4439,119,96f96377-cdd7-4702-84f8-31828e04bf5f,Snake3,18,12,0
ad5560d9-57b7-4d65-afb2-85365a1d4439,119,bc180fa1-7cd8-4807-b2b7-7a91a759b9a6,Snake2,41,8,1
ad5560d9-57b7-4d65-afb2-85365a1d4439,119,03977be2-2b25-436c-9090-3b9cbb68b3fd,Snake4,69,7,1
ad5560d9-57b7-4d65-afb2-85365a1d4439,119,45b4e980-12c2-4a01-931b-4bc009a47502,Snake1,88,6,0
ad5560d9-57b7-4d65-afb2-85365a1d4439,119,96f96377-cdd7-4702-84f8-31828e04bf5f,Snake3,18,12,0
ad5560d9-57b7-4d65-afb2-85365a1d4439,120,bc180fa1-7cd8-4807-b2b7-7a91a759b9a6,Snake2,40,8,1
ad5560d9-57b7-4d65-afb2-85365a1d4439,120,03977be2-2b25-436c-9090-3b9cbb68b3fd,Snake4,68,7,1
ad5560d9-57b7-4d65-afb2-85365a1d4439,120,45b4e980-12c2-4a01-931b-4bc009a47502,Snake1,88,6,0
ad5560d9-57b7-4d65-afb2-85365a1d4439,120,96f96377-cdd7-4702-84f8-31828e04bf5f,Snake3,18,12,0
ad5560d9-57b7-4d65-afb2-85365a1d4439,120,bc180fa1-7cd8-4807-b2b7-7a91a759b9a6,Snake2,40,8,1
ad5560d9-57b7-4d65-afb2-85365a1d4439,120,03977be2-2b25-436c-9090-3b9cbb68b3fd,Snake4,68,7,1
ad5560d9-57b7-4d65-afb2-85365a1d4439,120,45b4e980-12c2-4a01-931b-4bc009a47502,Snake1,88,6,0
ad5560d9-57b7-4d65-afb2-85365a1d4439,120,96f96377-cdd7-4702-84f8-31828e04bf5f,Snake3,18,12,0
ad5560d9-57b7-4d65-afb2-85365a1d4439,121,bc180fa1-7cd8-4807-b2b7-7a91a759b9a6,Snake2,39,8,1
ad5560d9-57b7-4d65-afb2-85365a1d4439,121,03977be2-2b25-436c-9090-3b9cbb68b3fd,Snake4,67,7,1
ad5560d9-57b7-4d65-afb2-85365a1d4439,121,45b4e980-12c2-4a01-931b-4bc009a47502,Snake1,88,6,0
ad5560d9-57b7-4d65-afb2-85365a1d4439,121,96f96377-cdd7-4702-84f8-31828e04bf5f,Snake3,18,12,0
ad5560d9-57b7-4d65-afb2-85365a1d4439,121,bc180fa1-7cd8-4807-b2b7-7a91a759b9a6,Snake2,39,8,1
ad5560d9-57b7-4d65-afb2-85365a1d4439,121,03977be2-2b25-436c-9090-3b9cbb68b3fd,Snake4,67,7,1
ad5560d9-57b7-4d65-afb2-85365a1d4439,121,45b4e980-12c2-4a01-931b-4bc009a47502,Snake1,88,6,0
ad5560d9-57b7-4d65-afb2-85365a1d4439,121,96f96377-cdd7-4702-84f8-31828e04bf5f,Snake3,18,12,0
ad5560d9-57b7-4d65-afb2-85365a1d4439,122,bc180fa1-7cd8-4807-b2b7-7a91a759b9a6,Snake2,38,8,1
ad5560d9-57b7-4d65-afb2-85365a1d4439,122,03977be2-2b25-436c-9090-3b9cbb68b3fd,Snake4,66,7,1
ad5560d9-57b7-4d65-afb2-85365a1d4439,122,45b4e980-12c2-4a01-931b-4bc009a47502,Snake1,88,6,0
ad5560d9-57b7-4d65-afb2-85365a1d4439,122,96f96377-cdd7-4702-84f8-31828e04bf5f,Snake3,18,12,0
ad5560d9-57b7-4d65-afb2-85365a1d4439,122,bc180fa1-7cd8-4807-b2b7-7a91a759b9a6,Snake2,38,8,1
ad5560d9-57b7-4d65-afb2-85365a1d4439,122,03977be2-2b25-436c-9090-3b9cbb68b3fd,Snake4,66,7,1
ad5560d9-57b7-4d65-afb2-85365a1d4439,122,45b4e980-12c2-4a01-931b-4bc009a47502,Snake1,88,6,0
ad5560d9-57b7-4d65-afb2-85365a1d4439,122,96f96377-cdd7-4702-84f8-31828e04bf5f,Snake3,18,12,0
ad5560d9-57b7-4d65-afb2-85365a1d4439,123,bc180fa1-7cd8-4807-b2b7-7a91a759b9a6,Snake2,37,8,1
ad5560d9-57b7-4d65-afb2-85365a1d4439,123,03977be2-2b25-436c-9090-3b9cbb68b3fd,Snake4,65,7,1
ad5560d9-57b7-4d65-afb2-85365a1d4439,123,45b4e980-12c2-4a01-931b-4bc009a47502,Snake1,88,6,0
ad5560d9-57b7-4d65-afb2-85365a1d4439,123,96f96377-cdd7-4702-84f8-31828e04bf5f,Snake3,18,12,0
ad5560d9-57b7-4d65-afb2-85365a1d4439,124,bc180fa1-7cd8-4807-b2b7-7a91a759b9a6,Snake2,36,8,1
ad5560d9-57b7-4d65-afb2-85365a1d4439,124,03977be2-2b25-436c-9090-3b9cbb68b3fd,Snake4,64,7,1
ad5560d9-57b7-4d65-afb2-85365a1d4439,124,45b4e980-12c2-4a01-931b-4bc009a47502,Snake1,88,6,0
ad5560d9-57b7-4d65-afb2-85365a1d4439,124,96f96377-cdd7-4702-84f8-31828e04bf5f,Snake3,18,12,0
ad5560d9-57b7-4d65-afb2-85365a1d4439,125,bc180fa1-7cd8-4807-b2b7-7a91a759b9a6,Snake2,35,8,1
ad5560d9-57b7-4d65-afb2-85365a1d4439,125,03977be2-2b25-436c-9090-3b9cbb68b3fd,Snake4,63,7,1
ad5560d9-57b7-4d65-afb2-85365a1d4439,125,45b4e980-12c2-4a01-931b-4bc009a47502,Snake1,88,6,0
ad5560d9-57b7-4d65-afb2-85365a1d4439,125,96f96377-cdd7-4702-84f8-31828e04bf5f,Snake3,18,12,0
ad5560d9-57b7-4d65-afb2-85365a1d4439,126,bc180fa1-7cd8-4807-b2b7-7a91a759b9a6,Snake2,34,8,1
ad5560d9-57b7-4d65-afb2-85365a1d4439,126,03977be2-2b25-436c-9090-3b9cbb68b3fd,Snake4,100,8,1
ad5560d9-57b7-4d65-afb2-85365a1d4439,126,45b4e980-12c2-4a01-931b-4bc009a47502,Snake1,88,6,0
ad5560d9-57b7-4d65-afb2-85365a1d4439,126,96f96377-cdd7-4702-84f8-31828e04bf5f,Snake3,18,12,0
ad5560d9-57b7-4d65-afb2-85365a1d4439,127,bc180fa1-7cd8-4807-b2b7-7a91a759b9a6,Snake2,33,8,1
ad5560d9-57b7-4d65-afb2-85365a1d4439,127,03977be2-2b25-436c-9090-3b9cbb68b3fd,Snake4,99,8,1
ad5560d9-57b7-4d65-afb2-85365a1d4439,127,45b4e980-12c2-4a01-931b-4bc009a47502,Snake1,88,6,0
ad5560d9-57b7-4d65-afb2-85365a1d4439,127,96f96377-cdd7-4702-84f8-31828e04bf5f,Snake3,18,12,0
ad5560d9-57b7-4d65-afb2-85365a1d4439,128,bc180fa1-7cd8-4807-b2b7-7a91a759b9a6,Snake2,32,8,1
ad5560d9-57b7-4d65-afb2-85365a1d4439,128,03977be2-2b25-436c-9090-3b9cbb68b3fd,Snake4,98,8,1
ad5560d9-57b7-4d65-afb2-85365a1d4439,128,45b4e980-12c2-4a01-931b-4bc009a47502,Snake1,88,6,0
ad5560d9-57b7-4d65-afb2-85365a1d4439,128,96f96377-cdd7-4702-84f8-31828e04bf5f,Snake3,18,12,0
ad5560d9-57b7-4d65-afb2-85365a1d4439,129,bc180fa1-7cd8-4807-b2b7-7a91a759b9a6,Snake2,31,8,1
ad5560d9-57b7-4d65-afb2-85365a1d4439,129,03977be2-2b25-436c-9090-3b9cbb68b3fd,Snake4,97,8,1
ad5560d9-57b7-4d65-afb2-85365a1d4439,129,45b4e980-12c2-4a01-931b-4bc009a47502,Snake1,88,6,0
ad5560d9-57b7-4d65-afb2-85365a1d4439,129,96f96377-cdd7-4702-84f8-31828e04bf5f,Snake3,18,12,0
ad5560d9-57b7-4d65-afb2-85365a1d4439,129,bc180fa1-7cd8-4807-b2b7-7a91a759b9a6,Snake2,31,8,1
ad5560d9-57b7-4d65-afb2-85365a1d4439,129,03977be2-2b25-436c-9090-3b9cbb68b3fd,Snake4,97,8,1
ad5560d9-57b7-4d65-afb2-85365a1d4439,129,45b4e980-12c2-4a01-931b-4bc009a47502,Snake1,88,6,0
ad5560d9-57b7-4d65-afb2-85365a1d4439,129,96f96377-cdd7-4702-84f8-31828e04bf5f,Snake3,18,12,0
ad5560d9-57b7-4d65-afb2-85365a1d4439,130,bc180fa1-7cd8-4807-b2b7-7a91a759b9a6,Snake2,30,8,1
ad5560d9-57b7-4d65-afb2-85365a1d4439,130,03977be2-2b25-436c-9090-3b9cbb68b3fd,Snake4,96,8,1
ad5560d9-57b7-4d65-afb2-85365a1d4439,130,45b4e980-12c2-4a01-931b-4bc009a47502,Snake1,88,6,0
ad5560d9-57b7-4d65-afb2-85365a1d4439,130,96f96377-cdd7-4702-84f8-31828e04bf5f,Snake3,18,12,0
ad5560d9-57b7-4d65-afb2-85365a1d4439,130,bc180fa1-7cd8-4807-b2b7-7a91a759b9a6,Snake2,30,8,1
ad5560d9-57b7-4d65-afb2-85365a1d4439,130,03977be2-2b25-436c-9090-3b9cbb68b3fd,Snake4,96,8,1
ad5560d9-57b7-4d65-afb2-85365a1d4439,130,45b4e980-12c2-4a01-931b-4bc009a47502,Snake1,88,6,0
ad5560d9-57b7-4d65-afb2-85365a1d4439,130,96f96377-cdd7-4702-84f8-31828e04bf5f,Snake3,18,12,0
ad5560d9-57b7-4d65-afb2-85365a1d4439,131,bc180fa1-7cd8-4807-b2b7-7a91a759b9a6,Snake2,29,8,1
ad5560d9-57b7-4d65-afb2-85365a1d4439,131,03977be2-2b25-436c-9090-3b9cbb68b3fd,Snake4,95,8,1
ad5560d9-57b7-4d65-afb2-85365a1d4439,131,45b4e980-12c2-4a01-931b-4bc009a47502,Snake1,88,6,0
ad5560d9-57b7-4d65-afb2-85365a1d4439,131,96f96377-cdd7-4702-84f8-31828e04bf5f,Snake3,18,12,0
ad5560d9-57b7-4d65-afb2-85365a1d4439,132,bc180fa1-7cd8-4807-b2b7-7a91a759b9a6,Snake2,28,8,1
ad5560d9-57b7-4d65-afb2-85365a1d4439,132,03977be2-2b25-436c-9090-3b9cbb68b3fd,Snake4,94,8,1
ad5560d9-57b7-4d65-afb2-85365a1d4439,132,45b4e980-12c2-4a01-931b-4bc009a47502,Snake1,88,6,0
ad5560d9-57b7-4d65-afb2-85365a1d4439,132,96f96377-cdd7-4702-84f8-31828e04bf5f,Snake3,18,12,0
ad5560d9-57b7-4d65-afb2-85365a1d4439,133,bc180fa1-7cd8-4807-b2b7-7a91a759b9a6,Snake2,27,8,1
ad5560d9-57b7-4d65-afb2-85365a1d4439,133,03977be2-2b25-436c-9090-3b9cbb68b3fd,Snake4,93,8,1
ad5560d9-57b7-4d65-afb2-85365a1d4439,133,45b4e980-12c2-4a01-931b-4bc009a47502,Snake1,88,6,0
ad5560d9-57b7-4d65-afb2-85365a1d4439,133,96f96377-cdd7-4702-84f8-31828e04bf5f,Snake3,18,12,0
ad5560d9-57b7-4d65-afb2-85365a1d4439,134,bc180fa1-7cd8-4807-b2b7-7a91a759b9a6,Snake2,26,8,1
ad5560d9-57b7-4d65-afb2-85365a1d4439,134,03977be2-2b25-436c-9090-3b9cbb68b3fd,Snake4,92,8,1
ad5560d9-57b7-4d65-afb2-85365a1d4439,134,45b4e980-12c2-4a01-931b-4bc009a47502,Snake1,88,6,0
ad5560d9-57b7-4d65-afb2-85365a1d4439,134,96f96377-cdd7-4702-84f8-31828e04bf5f,Snake3,18,12,0
ad5560d9-57b7-4d65-afb2-85365a1d4439,135,bc180fa1-7cd8-4807-b2b7-7a91a759b9a6,Snake2,25,8,1
ad5560d9-57b7-4d65-afb2-85365a1d4439,135,03977be2-2b25-436c-9090-3b9cbb68b3fd,Snake4,91,8,1
ad5560d9-57b7-4d65-afb2-85365a1d4439,135,45b4e980-12c2-4a01-931b-4bc009a47502,Snake1,88,6,0
ad5560d9-57b7-4d65-afb2-85365a1d4439,135,96f96377-cdd7-4702-84f8-31828e04bf5f,Snake3,18,12,0
ad5560d9-57b7-4d65-afb2-85365a1d4439,136,bc180fa1-7cd8-4807-b2b7-7a91a759b9a6,Snake2,24,8,1
ad5560d9-57b7-4d65-afb2-85365a1d4439,136,03977be2-2b25-436c-9090-3b9cbb68b3fd,Snake4,90,8,1
ad5560d9-57b7-4d65-afb2-85365a1d4439,136,45b4e980-12c2-4a01-931b-4bc009a47502,Snake1,88,6,0
ad5560d9-57b7-4d65-afb2-85365a1d4439,136,96f96377-cdd7-4702-84f8-31828e04bf5f,Snake3,18,12,0
ad5560d9-57b7-4d65-afb2-85365a1d4439,137,bc180fa1-7cd8-4807-b2b7-7a91a759b9a6,Snake2,23,8,1
ad5560d9-57b7-4d65-afb2-85365a1d4439,137,03977be2-2b25-436c-9090-3b9cbb68b3fd,Snake4,89,8,1
ad5560d9-57b7-4d65-afb2-85365a1d4439,137,45b4e980-12c2-4a01-931b-4bc009a47502,Snake1,88,6,0
ad5560d9-57b7-4d65-afb2-85365a1d4439,137,96f96377-cdd7-4702-84f8-31828e04bf5f,Snake3,18,12,0
ad5560d9-57b7-4d65-afb2-85365a1d4439,137,bc180fa1-7cd8-4807-b2b7-7a91a759b9a6,Snake2,23,8,1
ad5560d9-57b7-4d65-afb2-85365a1d4439,137,03977be2-2b25-436c-9090-3b9cbb68b3fd,Snake4,89,8,1
ad5560d9-57b7-4d65-afb2-85365a1d4439,137,45b4e980-12c2-4a01-931b-4bc009a47502,Snake1,88,6,0
ad5560d9-57b7-4d65-afb2-85365a1d4439,137,96f96377-cdd7-4702-84f8-31828e04bf5f,Snake3,18,12,0
ad5560d9-57b7-4d65-afb2-85365a1d4439,138,bc180fa1-7cd8-4807-b2b7-7a91a759b9a6,Snake2,22,8,1
ad5560d9-57b7-4d65-afb2-85365a1d4439,138,03977be2-2b25-436c-9090-3b9cbb68b3fd,Snake4,88,8,1
ad5560d9-57b7-4d65-afb2-85365a1d4439,138,45b4e980-12c2-4a01-931b-4bc009a47502,Snake1,88,6,0
ad5560d9-57b7-4d65-afb2-85365a1d4439,138,96f96377-cdd7-4702-84f8-31828e04bf5f,Snake3,18,12,0
ad5560d9-57b7-4d65-afb2-85365a1d4439,138,bc180fa1-7cd8-4807-b2b7-7a91a759b9a6,Snake2,22,8,1
ad5560d9-57b7-4d65-afb2-85365a1d4439,138,03977be2-2b25-436c-9090-3b9cbb68b3fd,Snake4,88,8,1
ad5560d9-57b7-4d65-afb2-85365a1d4439,138,45b4e980-12c2-4a01-931b-4bc009a47502,Snake1,88,6,0
ad5560d9-57b7-4d65-afb2-85365a1d4439,138,96f96377-cdd7-4702-84f8-31828e04bf5f,Snake3,18,12,0
ad5560d9-57b7-4d65-afb2-85365a1d4439,139,bc180fa1-7cd8-4807-b2b7-7a91a759b9a6,Snake2,21,8,1
ad5560d9-57b7-4d65-afb2-85365a1d4439,139,03977be2-2b25-436c-9090-3b9cbb68b3fd,Snake4,87,8,1
ad5560d9-57b7-4d65-afb2-85365a1d4439,139,45b4e980-12c2-4a01-931b-4bc009a47502,Snake1,88,6,0
ad5560d9-57b7-4d65-afb2-85365a1d4439,139,96f96377-cdd7-4702-84f8-31828e04bf5f,Snake3,18,12,0
ad5560d9-57b7-4d65-afb2-85365a1d4439,140,bc180fa1-7cd8-4807-b2b7-7a91a759b9a6,Snake2,20,8,1
ad5560d9-57b7-4d65-afb2-85365a1d4439,140,03977be2-2b25-436c-9090-3b9cbb68b3fd,Snake4,86,8,1
ad5560d9-57b7-4d65-afb2-85365a1d4439,140,45b4e980-12c2-4a01-931b-4bc009a47502,Snake1,88,6,0
ad5560d9-57b7-4d65-afb2-85365a1d4439,140,96f96377-cdd7-4702-84f8-31828e04bf5f,Snake3,18,12,0
ad5560d9-57b7-4d65-afb2-85365a1d4439,140,bc180fa1-7cd8-4807-b2b7-7a91a759b9a6,Snake2,20,8,1
ad5560d9-57b7-4d65-afb2-85365a1d4439,140,03977be2-2b25-436c-9090-3b9cbb68b3fd,Snake4,86,8,1
ad5560d9-57b7-4d65-afb2-85365a1d4439,140,45b4e980-12c2-4a01-931b-4bc009a47502,Snake1,88,6,0
ad5560d9-57b7-4d65-afb2-85365a1d4439,140,96f96377-cdd7-4702-84f8-31828e04bf5f,Snake3,18,12,0
ad5560d9-57b7-4d65-afb2-85365a1d4439,141,bc180fa1-7cd8-4807-b2b7-7a91a759b9a6,Snake2,19,8,1
ad5560d9-57b7-4d65-afb2-85365a1d4439,141,03977be2-2b25-436c-9090-3b9cbb68b3fd,Snake4,85,8,1
ad5560d9-57b7-4d65-afb2-85365a1d4439,141,45b4e980-12c2-4a01-931b-4bc009a47502,Snake1,88,6,0
ad5560d9-57b7-4d65-afb2-85365a1d4439,141,96f96377-cdd7-4702-84f8-31828e04bf5f,Snake3,18,12,0
ad5560d9-57b7-4d65-afb2-85365a1d4439,141,bc180fa1-7cd8-4807-b2b7-7a91a759b9a6,Snake2,19,8,1
ad5560d9-57b7-4d65-afb2-85365a1d4439,141,03977be2-2b25-436c-9090-3b9cbb68b3fd,Snake4,85,8,1
ad5560d9-57b7-4d65-afb2-85365a1d4439,141,45b4e980-12c2-4a01-931b-4bc009a47502,Snake1,88,6,0
ad5560d9-57b7-4d65-afb2-85365a1d4439,141,96f96377-cdd7-4702-84f8-31828e04bf5f,Snake3,18,12,0
ad5560d9-57b7-4d65-afb2-85365a1d4439,142,bc180fa1-7cd8-4807-b2b7-7a91a759b9a6,Snake2,18,8,1
ad5560d9-57b7-4d65-afb2-85365a1d4439,142,03977be2-2b25-436c-9090-3b9cbb68b3fd,Snake4,84,8,1
ad5560d9-57b7-4d65-afb2-85365a1d4439,142,45b4e980-12c2-4a01-931b-4bc009a47502,Snake1,88,6,0
ad5560d9-57b7-4d65-afb2-85365a1d4439,142,96f96377-cdd7-4702-84f8-31828e04bf5f,Snake3,18,12,0
ad5560d9-57b7-4d65-afb2-85365a1d4439,142,bc180fa1-7cd8-4807-b2b7-7a91a759b9a6,Snake2,18,8,1
ad5560d9-57b7-4d65-afb2-85365a1d4439,142,03977be2-2b25-436c-9090-3b9cbb68b3fd,Snake4,84,8,1
ad5560d9-57b7-4d65-afb2-85365a1d4439,142,45b4e980-12c2-4a01-931b-4bc009a47502,Snake1,88,6,0
ad5560d9-57b7-4d65-afb2-85365a1d4439,142,96f96377-cdd7-4702-84f8-31828e04bf5f,Snake3,18,12,0
ad5560d9-57b7-4d65-afb2-85365a1d4439,143,bc180fa1-7cd8-4807-b2b7-7a91a759b9a6,Snake2,17,8,1
ad5560d9-57b7-4d65-afb2-85365a1d4439,143,03977be2-2b25-436c-9090-3b9cbb68b3fd,Snake4,83,8,1
ad5560d9-57b7-4d65-afb2-85365a1d4439,143,45b4e980-12c2-4a01-931b-4bc009a47502,Snake1,88,6,0
ad5560d9-57b7-4d65-afb2-85365a1d4439,143,96f96377-cdd7-4702-84f8-31828e04bf5f,Snake3,18,12,0
ad5560d9-57b7-4d65-afb2-85365a1d4439,143,bc180fa1-7cd8-4807-b2b7-7a91a759b9a6,Snake2,17,8,1
ad5560d9-57b7-4d65-afb2-85365a1d4439,143,03977be2-2b25-436c-9090-3b9cbb68b3fd,Snake4,83,8,1
ad5560d9-57b7-4d65-afb2-85365a1d4439,143,45b4e980-12c2-4a01-931b-4bc009a47502,Snake1,88,6,0
ad5560d9-57b7-4d65-afb2-85365a1d4439,143,96f96377-cdd7-4702-84f8-31828e04bf5f,Snake3,18,12,0
ad5560d9-57b7-4d65-afb2-85365a1d4439,144,bc180fa1-7cd8-4807-b2b7-7a91a759b9a6,Snake2,16,8,1
ad5560d9-57b7-4d65-afb2-85365a1d4439,144,03977be2-2b25-436c-9090-3b9cbb68b3fd,Snake4,82,8,1
ad5560d9-57b7-4d65-afb2-85365a1d4439,144,45b4e980-12c2-4a01-931b-4bc009a47502,Snake1,88,6,0
ad5560d9-57b7-4d65-afb2-85365a1d4439,144,96f96377-cdd7-4702-84f8-31828e04bf5f,Snake3,18,12,0
ad5560d9-57b7-4d65-afb2-85365a1d4439,144,bc180fa1-7cd8-4807-b2b7-7a91a759b9a6,Snake2,16,8,1
ad5560d9-57b7-4d65-afb2-85365a1d4439,144,03977be2-2b25-436c-9090-3b9cbb68b3fd,Snake4,82,8,1
ad5560d9-57b7-4d65-afb2-85365a1d4439,144,45b4e980-12c2-4a01-931b-4bc009a47502,Snake1,88,6,0
ad5560d9-57b7-4d65-afb2-85365a1d4439,144,96f96377-cdd7-4702-84f8-31828e04bf5f,Snake3,18,12,0
ad5560d9-57b7-4d65-afb2-85365a1d4439,145,bc180fa1-7cd8-4807-b2b7-7a91a759b9a6,Snake2,15,8,1
ad5560d9-57b7-4d65-afb2-85365a1d4439,145,03977be2-2b25-436c-9090-3b9cbb68b3fd,Snake4,81,8,1
ad5560d9-57b7-4d65-afb2-85365a1d4439,145,45b4e980-12c2-4a01-931b-4bc009a47502,Snake1,88,6,0
ad5560d9-57b7-4d65-afb2-85365a1d4439,145,96f96377-cdd7-4702-84f8-31828e04bf5f,Snake3,18,12,0
ad5560d9-57b7-4d65-afb2-85365a1d4439,146,bc180fa1-7cd8-4807-b2b7-7a91a759b9a6,Snake2,14,8,1
ad5560d9-57b7-4d65-afb2-85365a1d4439,146,03977be2-2b25-436c-9090-3b9cbb68b3fd,Snake4,80,8,1
ad5560d9-57b7-4d65-afb2-85365a1d4439,146,45b4e980-12c2-4a01-931b-4bc009a47502,Snake1,88,6,0
ad5560d9-57b7-4d65-afb2-85365a1d4439,146,96f96377-cdd7-4702-84f8-31828e04bf5f,Snake3,18,12,0
ad5560d9-57b7-4d65-afb2-85365a1d4439,146,bc180fa1-7cd8-4807-b2b7-7a91a759b9a6,Snake2,14,8,1
ad5560d9-57b7-4d65-afb2-85365a1d4439,146,03977be2-2b25-436c-9090-3b9cbb68b3fd,Snake4,80,8,1
ad5560d9-57b7-4d65-afb2-85365a1d4439,146,45b4e980-12c2-4a01-931b-4bc009a47502,Snake1,88,6,0
ad5560d9-57b7-4d65-afb2-85365a1d4439,146,96f96377-cdd7-4702-84f8-31828e04bf5f,Snake3,18,12,0
ad5560d9-57b7-4d65-afb2-85365a1d4439,147,bc180fa1-7cd8-4807-b2b7-7a91a759b9a6,Snake2,13,8,1
ad5560d9-57b7-4d65-afb2-85365a1d4439,147,03977be2-2b25-436c-9090-3b9cbb68b3fd,Snake4,79,8,1
ad5560d9-57b7-4d65-afb2-85365a1d4439,147,45b4e980-12c2-4a01-931b-4bc009a47502,Snake1,88,6,0
ad5560d9-57b7-4d65-afb2-85365a1d4439,147,96f96377-cdd7-4702-84f8-31828e04bf5f,Snake3,18,12,0
ad5560d9-57b7-4d65-afb2-85365a1d4439,147,bc180fa1-7cd8-4807-b2b7-7a91a759b9a6,Snake2,13,8,1
ad5560d9-57b7-4d65-afb2-85365a1d4439,147,03977be2-2b25-436c-9090-3b9cbb68b3fd,Snake4,79,8,1
ad5560d9-57b7-4d65-afb2-85365a1d4439,147,45b4e980-12c2-4a01-931b-4bc009a47502,Snake1,88,6,0
ad5560d9-57b7-4d65-afb2-85365a1d4439,147,96f96377-cdd7-4702-84f8-31828e04bf5f,Snake3,18,12,0
ad5560d9-57b7-4d65-afb2-85365a1d4439,148,bc180fa1-7cd8-4807-b2b7-7a91a759b9a6,Snake2,12,8,1
ad5560d9-57b7-4d65-afb2-85365a1d4439,148,03977be2-2b25-436c-9090-3b9cbb68b3fd,Snake4,78,8,1
ad5560d9-57b7-4d65-afb2-85365a1d4439,148,45b4e980-12c2-4a01-931b-4bc009a47502,Snake1,88,6,0
ad5560d9-57b7-4d65-afb2-85365a1d4439,148,96f96377-cdd7-4702-84f8-31828e04bf5f,Snake3,18,12,0
ad5560d9-57b7-4d65-afb2-85365a1d4439,149,bc180fa1-7cd8-4807-b2b7-7a91a759b9a6,Snake2,11,8,1
ad5560d9-57b7-4d65-afb2-85365a1d4439,149,03977be2-2b25-436c-9090-3b9cbb68b3fd,Snake4,77,8,1
ad5560d9-57b7-4d65-afb2-85365a1d4439,149,45b4e980-12c2-4a01-931b-4bc009a47502,Snake1,88,6,0
ad5560d9-57b7-4d65-afb2-85365a1d4439,149,96f96377-cdd7-4702-84f8-31828e04bf5f,Snake3,18,12,0
ad5560d9-57b7-4d65-afb2-85365a1d4439,149,bc180fa1-7cd8-4807-b2b7-7a91a759b9a6,Snake2,11,8,1
ad5560d9-57b7-4d65-afb2-85365a1d4439,149,03977be2-2b25-436c-9090-3b9cbb68b3fd,Snake4,77,8,1
ad5560d9-57b7-4d65-afb2-85365a1d4439,149,45b4e980-12c2-4a01-931b-4bc009a47502,Snake1,88,6,0
ad5560d9-57b7-4d65-afb2-85365a1d4439,149,96f96377-cdd7-4702-84f8-31828e04bf5f,Snake3,18,12,0
ad5560d9-57b7-4d65-afb2-85365a1d4439,150,bc180fa1-7cd8-4807-b2b7-7a91a759b9a6,Snake2,10,8,1
ad5560d9-57b7-4d65-afb2-85365a1d4439,150,03977be2-2b25-436c-9090-3b9cbb68b3fd,Snake4,76,8,1
ad5560d9-57b7-4d65-afb2-85365a1d4439,150,45b4e980-12c2-4a01-931b-4bc009a47502,Snake1,88,6,0
ad5560d9-57b7-4d65-afb2-85365a1d4439,150,96f96377-cdd7-4702-84f8-31828e04bf5f,Snake3,18,12,0
ad5560d9-57b7-4d65-afb2-85365a1d4439,150,bc180fa1-7cd8-4807-b2b7-7a91a759b9a6,Snake2,10,8,1
ad5560d9-57b7-4d65-afb2-85365a1d4439,150,03977be2-2b25-436c-9090-3b9cbb68b3fd,Snake4,76,8,1
ad5560d9-57b7-4d65-afb2-85365a1d4439,150,45b4e980-12c2-4a01-931b-4bc009a47502,Snake1,88,6,0
ad5560d9-57b7-4d65-afb2-85365a1d4439,150,96f96377-cdd7-4702-84f8-31828e04bf5f,Snake3,18,12,0
ad5560d9-57b7-4d65-afb2-85365a1d4439,151,bc180fa1-7cd8-4807-b2b7-7a91a759b9a6,Snake2,9,8,1
ad5560d9-57b7-4d65-afb2-85365a1d4439,151,03977be2-2b25-436c-9090-3b9cbb68b3fd,Snake4,75,8,1
ad5560d9-57b7-4d65-afb2-85365a1d4439,151,45b4e980-12c2-4a01-931b-4bc009a47502,Snake1,88,6,0
ad5560d9-57b7-4d65-afb2-85365a1d4439,151,96f96377-cdd7-4702-84f8-31828e04bf5f,Snake3,18,12,0
ad5560d9-57b7-4d65-afb2-85365a1d4439,151,bc180fa1-7cd8-4807-b2b7-7a91a759b9a6,Snake2,9,8,1
ad5560d9-57b7-4d65-afb2-85365a1d4439,151,03977be2-2b25-436c-9090-3b9cbb68b3fd,Snake4,75,8,1
ad5560d9-57b7-4d65-afb2-85365a1d4439,151,45b4e980-12c2-4a01-931b-4bc009a47502,Snake1,88,6,0
ad5560d9-57b7-4d65-afb2-85365a1d4439,151,96f96377-cdd7-4702-84f8-31828e04bf5f,Snake3,18,12,0
ad5560d9-57b7-4d65-afb2-85365a1d4439,152,bc180fa1-7cd8-4807-b2b7-7a91a759b9a6,Snake2,8,8,1
ad5560d9-57b7-4d65-afb2-85365a1d4439,152,03977be2-2b25-436c-9090-3b9cbb68b3fd,Snake4,74,8,1
ad5560d9-57b7-4d65-afb2-85365a1d4439,152,45b4e980-12c2-4a01-931b-4bc009a47502,Snake1,88,6,0
ad5560d9-57b7-4d65-afb2-85365a1d4439,152,96f96377-cdd7-4702-84f8-31828e04bf5f,Snake3,18,12,0
ad5560d9-57b7-4d65-afb2-85365a1d4439,153,bc180fa1-7cd8-4807-b2b7-7a91a759b9a6,Snake2,7,8,1
ad5560d9-57b7-4d65-afb2-85365a1d4439,153,03977be2-2b25-436c-9090-3b9cbb68b3fd,Snake4,73,8,1
ad5560d9-57b7-4d65-afb2-85365a1d4439,153,45b4e980-12c2-4a01-931b-4bc009a47502,Snake1,88,6,0
ad5560d9-57b7-4d65-afb2-85365a1d4439,153,96f96377-cdd7-4702-84f8-31828e04bf5f,Snake3,18,12,0
ad5560d9-57b7-4d65-afb2-85365a1d4439,153,bc180fa1-7cd8-4807-b2b7-7a91a759b9a6,Snake2,7,8,1
ad5560d9-57b7-4d65-afb2-85365a1d4439,153,03977be2-2b25-436c-9090-3b9cbb68b3fd,Snake4,73,8,1
ad5560d9-57b7-4d65-afb2-85365a1d4439,153,45b4e980-12c2-4a01-931b-4bc009a47502,Snake1,88,6,0
ad5560d9-57b7-4d65-afb2-85365a1d4439,153,96f96377-cdd7-4702-84f8-31828e04bf5f,Snake3,18,12,0
ad5560d9-57b7-4d65-afb2-85365a1d4439,154,bc180fa1-7cd8-4807-b2b7-7a91a759b9a6,Snake2,6,8,1
ad5560d9-57b7-4d65-afb2-85365a1d4439,154,03977be2-2b25-436c-9090-3b9cbb68b3fd,Snake4,72,8,1
ad5560d9-57b7-4d65-afb2-85365a1d4439,154,45b4e980-12c2-4a01-931b-4bc009a47502,Snake1,88,6,0
ad5560d9-57b7-4d65-afb2-85365a1d4439,154,96f96377-cdd7-4702-84f8-31828e04bf5f,Snake3,18,12,0
ad5560d9-57b7-4d65-afb2-85365a1d4439,154,bc180fa1-7cd8-4807-b2b7-7a91a759b9a6,Snake2,6,8,1
ad5560d9-57b7-4d65-afb2-85365a1d4439,154,03977be2-2b25-436c-9090-3b9cbb68b3fd,Snake4,72,8,1
ad5560d9-57b7-4d65-afb2-85365a1d4439,154,45b4e980-12c2-4a01-931b-4bc009a47502,Snake1,88,6,0
ad5560d9-57b7-4d65-afb2-85365a1d4439,154,96f96377-cdd7-4702-84f8-31828e04bf5f,Snake3,18,12,0
ad5560d9-57b7-4d65-afb2-85365a1d4439,155,bc180fa1-7cd8-4807-b2b7-7a91a759b9a6,Snake2,5,8,1
ad5560d9-57b7-4d65-afb2-85365a1d4439,155,03977be2-2b25-436c-9090-3b9cbb68b3fd,Snake4,71,8,1
ad5560d9-57b7-4d65-afb2-85365a1d4439,155,45b4e980-12c2-4a01-931b-4bc009a47502,Snake1,88,6,0
ad5560d9-57b7-4d65-afb2-85365a1d4439,155,96f96377-cdd7-4702-84f8-31828e04bf5f,Snake3,18,12,0
ad5560d9-57b7-4d65-afb2-85365a1d4439,155,bc180fa1-7cd8-4807-b2b7-7a91a759b9a6,Snake2,5,8,1
ad5560d9-57b7-4d65-afb2-85365a1d4439,155,03977be2-2b25-436c-9090-3b9cbb68b3fd,Snake4,71,8,1
ad5560d9-57b7-4d65-afb2-85365a1d4439,155,45b4e980-12c2-4a01-931b-4bc009a47502,Snake1,88,6,0
ad5560d9-57b7-4d65-afb2-85365a1d4439,155,96f96377-cdd7-4702-84f8-31828e04bf5f,Snake3,18,12,0
ad5560d9-57b7-4d65-afb2-85365a1d4439,156,bc180fa1-7cd8-4807-b2b7-7a91a759b9a6,Snake2,4,8,1
ad5560d9-57b7-4d65-afb2-85365a1d4439,156,03977be2-2b25-436c-9090-3b9cbb68b3fd,Snake4,70,8,1
ad5560d9-57b7-4d65-afb2-85365a1d4439,156,45b4e980-12c2-4a01-931b-4bc009a47502,Snake1,88,6,0
ad5560d9-57b7-4d65-afb2-85365a1d4439,156,96f96377-cdd7-4702-84f8-31828e04bf5f,Snake3,18,12,0
ad5560d9-57b7-4d65-afb2-85365a1d4439,156,bc180fa1-7cd8-4807-b2b7-7a91a759b9a6,Snake2,4,8,1
ad5560d9-57b7-4d65-afb2-85365a1d4439,156,03977be2-2b25-436c-9090-3b9cbb68b3fd,Snake4,70,8,1
ad5560d9-57b7-4d65-afb2-85365a1d4439,156,45b4e980-12c2-4a01-931b-4bc009a47502,Snake1,88,6,0
ad5560d9-57b7-4d65-afb2-85365a1d4439,156,96f96377-cdd7-4702-84f8-31828e04bf5f,Snake3,18,12,0
ad5560d9-57b7-4d65-afb2-85365a1d4439,157,bc180fa1-7cd8-4807-b2b7-7a91a759b9a6,Snake2,3,8,1
ad5560d9-57b7-4d65-afb2-85365a1d4439,157,03977be2-2b25-436c-9090-3b9cbb68b3fd,Snake4,69,8,1
ad5560d9-57b7-4d65-afb2-85365a1d4439,157,45b4e980-12c2-4a01-931b-4bc009a47502,Snake1,88,6,0
ad5560d9-57b7-4d65-afb2-85365a1d4439,157,96f96377-cdd7-4702-84f8-31828e04bf5f,Snake3,18,12,0
ad5560d9-57b7-4d65-afb2-85365a1d4439,158,bc180fa1-7cd8-4807-b2b7-7a91a759b9a6,Snake2,2,8,1
ad5560d9-57b7-4d65-afb2-85365a1d4439,158,03977be2-2b25-436c-9090-3b9cbb68b3fd,Snake4,68,8,1
ad5560d9-57b7-4d65-afb2-85365a1d4439,158,45b4e980-12c2-4a01-931b-4bc009a47502,Snake1,88,6,0
ad5560d9-57b7-4d65-afb2-85365a1d4439,158,96f96377-cdd7-4702-84f8-31828e04bf5f,Snake3,18,12,0
ad5560d9-57b7-4d65-afb2-85365a1d4439,159,bc180fa1-7cd8-4807-b2b7-7a91a759b9a6,Snake2,1,8,1
ad5560d9-57b7-4d65-afb2-85365a1d4439,159,03977be2-2b25-436c-9090-3b9cbb68b3fd,Snake4,67,8,1
ad5560d9-57b7-4d65-afb2-85365a1d4439,159,45b4e980-12c2-4a01-931b-4bc009a47502,Snake1,88,6,0
ad5560d9-57b7-4d65-afb2-85365a1d4439,159,96f96377-cdd7-4702-84f8-31828e04bf5f,Snake3,18,12,0
ad5560d9-57b7-4d65-afb2-85365a1d4439,160,03977be2-2b25-436c-9090-3b9cbb68b3fd,Snake4,66,8,1
ad5560d9-57b7-4d65-afb2-85365a1d4439,160,45b4e980-12c2-4a01-931b-4bc009a47502,Snake1,88,6,0
ad5560d9-57b7-4d65-afb2-85365a1d4439,160,bc180fa1-7cd8-4807-b2b7-7a91a759b9a6,Snake2,1,8,0
ad5560d9-57b7-4d65-afb2-85365a1d4439,160,96f96377-cdd7-4702-84f8-31828e04bf5f,Snake3,18,12,0
ad5560d9-57b7-4d65-afb2-85365a1d4439,161,03977be2-2b25-436c-9090-3b9cbb68b3fd,Snake4,66,8,1
ad5560d9-57b7-4d65-afb2-85365a1d4439,161,45b4e980-12c2-4a01-931b-4bc009a47502,Snake1,88,6,0
ad5560d9-57b7-4d65-afb2-85365a1d4439,161,bc180fa1-7cd8-4807-b2b7-7a91a759b9a6,Snake2,86,7,0
ad5560d9-57b7-4d65-afb2-85365a1d4439,161,96f96377-cdd7-4702-84f8-31828e04bf5f,Snake3,96,10,0
ad5560d9-57b7-4d65-afb2-85365a1d4439,161,03977be2-2b25-436c-9090-3b9cbb68b3fd,Snake4,66,8,1
ad5560d9-57b7-4d65-afb2-85365a1d4439,161,45b4e980-12c2-4a01-931b-4bc009a47502,Snake1,88,6,0
ad5560d9-57b7-4d65-afb2-85365a1d4439,161,bc180fa1-7cd8-4807-b2b7-7a91a759b9a6,Snake2,1,8,0
ad5560d9-57b7-4d65-afb2-85365a1d4439,161,96f96377-cdd7-4702-84f8-31828e04bf5f,Snake3,18,12,0
ad5560d9-57b7-4d65-afb2-85365a1d4439,161,03977be2-2b25-436c-9090-3b9cbb68b3fd,Snake4,66,8,1
ad5560d9-57b7-4d65-afb2-85365a1d4439,161,45b4e980-12c2-4a01-931b-4bc009a47502,Snake1,88,6,0
ad5560d9-57b7-4d65-afb2-85365a1d4439,161,bc180fa1-7cd8-4807-b2b7-7a91a759b9a6,Snake2,63,8,0
ad5560d9-57b7-4d65-afb2-85365a1d4439,161,96f96377-cdd7-4702-84f8-31828e04bf5f,Snake3,18,12,0
ad5560d9-57b7-4d65-afb2-85365a1d4439,161,03977be2-2b25-436c-9090-3b9cbb68b3fd,Snake4,66,8,1
ad5560d9-57b7-4d65-afb2-85365a1d4439,161,45b4e980-12c2-4a01-931b-4bc009a47502,Snake1,88,6,0
ad5560d9-57b7-4d65-afb2-85365a1d4439,161,bc180fa1-7cd8-4807-b2b7-7a91a759b9a6,Snake2,1,8,0
ad5560d9-57b7-4d65-afb2-85365a1d4439,161,96f96377-cdd7-4702-84f8-31828e04bf5f,Snake3,18,12,0
