game_id,turn,snake_id,snake_name,health,length,alive
3b7eb5e8-9d6d-4413-a957-ba34403c1c50,0,391e4fee-c96f-4e14-8476-492ab7615cbc,Snake3,100,3,1
3b7eb5e8-9d6d-4413-a957-ba34403c1c50,0,8b1cd01f-7b2e-4b79-9d5d-2f867c4be915,Snake4,100,3,1
3b7eb5e8-9d6d-4413-a957-ba34403c1c50,0,b85bf8af-5551-4172-97ec-5e618d451380,Snake1,100,3,1
3b7eb5e8-9d6d-4413-a957-ba34403c1c50,0,e593ddde-937f-446c-ac3e-fb2e9eccf695,Snake2,100,3,1
3b7eb5e8-9d6d-4413-a957-ba34403c1c50,1,391e4fee-c96f-4e14-8476-492ab7615cbc,Snake3,99,3,1
3b7eb5e8-9d6d-4413-a957-ba34403c1c50,1,8b1cd01f-7b2e-4b79-9d5d-2f867c4be915,Snake4,99,3,1
3b7eb5e8-9d6d-4413-a957-ba34403c1c50,1,b85bf8af-5551-4172-97ec-5e618d451380,Snake1,99,3,1
3b7eb5e8-9d6d-4413-a957-ba34403c1c50,1,e593ddde-937f-446c-ac3e-fb2e9eccf695,Snake2,99,3,1
3b7eb5e8-9d6d-4413-a957-ba34403c1c50,2,391e4fee-c96f-4e14-8476-492ab7615cbc,Snake3,100,4,1
3b7eb5e8-9d6d-4413-a957-ba34403c1c50,2,8b1cd01f-7b2e-4b79-9d5d-2f867c4be915,Snake4,100,4,1
3b7eb5e8-9d6d-4413-a957-ba34403c1c50,2,b85bf8af-5551-4172-97ec-5e618d451380,Snake1,100,4,1
3b7eb5e8-9d6d-4413-a957-ba34403c1c50,2,e593ddde-937f-446c-ac3e-fb2e9eccf695,Snake2,100,4,1
3b7eb5e8-9d6d-4413-a957-ba34403c1c50,2,391e4fee-c96f-4e14-8476-492ab7615cbc,Snake3,100,4,1
3b7eb5e8-9d6d-4413-a957-ba34403c1c50,2,8b1cd01f-7b2e-4b79-9d5d-2f867c4be915,Snake4,100,4,1
3b7eb5e8-9d6d-4413-a957-ba34403c1c50,2,b85bf8af-5551-4172-97ec-5e618d451380,Snake1,100,4,1
3b7eb5e8-9d6d-4413-a957-ba34403c1c50,2,e593ddde-937f-446c-ac3e-fb2e9eccf695,Snake2,100,4,1
3b7eb5e8-9d6d-4413-a957-ba34403c1c50,2,391e4fee-c96f-4e14-8476-492ab7615cbc,Snake3,100,4,1
3b7eb5e8-9d6d-4413-a957-ba34403c1c50,2,8b1cd01f-7b2e-4b79-9d5d-2f867c4be915,Snake4,100,4,1
3b7eb5e8-9d6d-4413-a957-ba34403c1c50,2,b85bf8af-5551-4172-97ec-5e618d451380,Snake1,100,4,1
3b7eb5e8-9d6d-4413-a957-ba34403c1c50,2,e593ddde-937f-446c-ac3e-fb2e9eccf695,Snake2,100,4,1
3b7eb5e8-9d6d-4413-a957-ba34403c1c50,2,391e4fee-c96f-4e14-8476-492ab7615cbc,Snake3,100,4,1
3b7eb5e8-9d6d-4413-a957-ba34403c1c50,2,8b1cd01f-7b2e-4b79-9d5d-2f867c4be915,Snake4,100,4,1
3b7eb5e8-9d6d-4413-a957-ba34403c1c50,2,b85bf8af-5551-4172-97ec-5e618d451380,Snake1,100,4,1
3b7eb5e8-9d6d-4413-a957-ba34403c1c50,2,e593ddde-937f-446c-ac3e-fb2e9eccf695,Snake2,100,4,1
3b7eb5e8-9d6d-4413-a957-ba34403c1c50,3,391e4fee-c96f-4e14-8476-492ab7615cbc,Snake3,99,4,1
3b7eb5e8-9d6d-4413-a957-ba34403c1c50,3,8b1cd01f-7b2e-4b79-9d5d-2f867c4be915,Snake4,99,4,1
3b7eb5e8-9d6d-4413-a957-ba34403c1c50,3,b85bf8af-5551-4172-97ec-5e618d451380,Snake1,99,4,1
3b7eb5e8-9d6d-4413-a957-ba34403c1c50,3,e593ddde-937f-446c-ac3e-fb2e9eccf695,Snake2,99,4,1
3b7eb5e8-9d6d-4413-a957-ba34403c1c50,3,391e4fee-c96f-4e14-8476-492ab7615cbc,Snake3,99,4,1
3b7eb5e8-9d6d-4413-a957-ba34403c1c50,3,8b1cd01f-7b2e-4b79-9d5d-2f867c4be915,Snake4,99,4,1
3b7eb5e8-9d6d-4413-a957-ba34403c1c50,3,b85bf8af-5551-4172-97ec-5e618d451380,Snake1,99,4,1
3b7eb5e8-9d6d-4413-a957-ba34403c1c50,3,e593ddde-937f-446c-ac3e-fb2e9eccf695,Snake2,99,4,1
3b7eb5e8-9d6d-4413-a957-ba34403c1c50,3,391e4fee-c96f-4e14-8476-492ab7615cbc,Snake3,99,4,1
3b7eb5e8-9d6d-4413-a957-ba34403c1c50,3,8b1cd01f-7b2e-4b79-9d5d-2f867c4be915,Snake4,99,4,1
3b7eb5e8-9d6d-4413-a957-ba34403c1c50,3,b85bf8af-5551-4172-97ec-5e618d451380,Snake1,99,4,1
3b7eb5e8-9d6d-4413-a957-ba34403c1c50,3,e593ddde-937f-446c-ac3e-fb2e9eccf695,Snake2,99,4,1
3b7eb5e8-9d6d-4413-a957-ba34403c1c50,4,391e4fee-c96f-4e14-8476-492ab7615cbc,Snake3,98,4,1
3b7eb5e8-9d6d-4413-a957-ba34403c1c50,4,8b1cd01f-7b2e-4b79-9d5d-2f867c4be915,Snake4,98,4,1
3b7eb5e8-9d6d-4413-a957-ba34403c1c50,4,b85bf8af-5551-4172-97ec-5e618d451380,Snake1,98,4,1
3b7eb5e8-9d6d-4413-a957-ba34403c1c50,4,e593ddde-937f-446c-ac3e-fb2e9eccf695,Snake2,98,4,1
3b7eb5e8-9d6d-4413-a957-ba34403c1c50,4,391e4fee-c96f-4e14-8476-492ab7615cbc,Snake3,98,4,1
3b7eb5e8-9d6d-4413-a957-ba34403c1c50,4,8b1cd01f-7b2e-4b79-9d5d-2f867c4be915,Snake4,98,4,1
3b7eb5e8-9d6d-4413-a957-ba34403c1c50,4,b85bf8af-5551-4172-97ec-5e618d451380,Snake1,98,4,1
3b7eb5e8-9d6d-4413-a957-ba34403c1c50,4,e593ddde-937f-446c-ac3e-fb2e9eccf695,Snake2,98,4,1
3b7eb5e8-9d6d-4413-a957-ba34403c1c50,4,391e4fee-c96f-4e14-8476-492ab7615cbc,Snake3,98,4,1
3b7eb5e8-9d6d-4413-a957-ba34403c1c50,4,8b1cd01f-7b2e-4b79-9d5d-2f867c4be915,Snake4,98,4,1
3b7eb5e8-9d6d-4413-a957-ba34403c1c50,4,b85bf8af-5551-4172-97ec-5e618d451380,Snake1,98,4,1
3b7eb5e8-9d6d-4413-a957-ba34403c1c50,4,e593ddde-937f-446c-ac3e-fb2e9eccf695,Snake2,98,4,1
3b7eb5e8-9d6d-4413-a957-ba34403c1c50,5,391e4fee-c96f-4e14-8476-492ab7615cbc,Snake3,97,4,1
3b7eb5e8-9d6d-4413-a957-ba34403c1c50,5,8b1cd01f-7b2e-4b79-9d5d-2f867c4be915,Snake4,97,4,1
3b7eb5e8-9d6d-4413-a957-ba34403c1c50,5,b85bf8af-5551-4172-97ec-5e618d451380,Snake1,97,4,1
3b7eb5e8-9d6d-4413-a957-ba34403c1c50,5,e593ddde-937f-446c-ac3e-fb2e9eccf695,Snake2,100,5,1
3b7eb5e8-9d6d-4413-a957-ba34403c1c50,5,391e4fee-c96f-4e14-8476-492ab7615cbc,Snake3,97,4,1
3b7eb5e8-9d6d-4413-a957-ba34403c1c50,5,8b1cd01f-7b2e-4b79-9d5d-2f867c4be915,Snake4,97,4,1
3b7eb5e8-9d6d-4413-a957-ba34403c1c50,5,b85bf8af-5551-4172-97ec-5e618d451380,Snake1,97,4,1
3b7eb5e8-9d6d-4413-a957-ba34403c1c50,5,e593ddde-937f-446c-ac3e-fb2e9eccf695,Snake2,100,5,1
3b7eb5e8-9d6d-4413-a957-ba34403c1c50,5,391e4fee-c96f-4e14-8476-492ab7615cbc,Snake3,97,4,1
3b7eb5e8-9d6d-4413-a957-ba34403c1c50,5,8b1cd01f-7b2e-4b79-9d5d-2f867c4be915,Snake4,97,4,1
3b7eb5e8-9d6d-4413-a957-ba34403c1c50,5,b85bf8af-5551-4172-97ec-5e618d451380,Snake1,97,4,1
3b7eb5e8-9d6d-4413-a957-ba34403c1c50,5,e593ddde-937f-446c-ac3e-fb2e9eccf695,Snake2,100,5,1
3b7eb5e8-9d6d-4413-a957-ba34403c1c50,6,391e4fee-c96f-4e14-8476-492ab7615cbc,Snake3,96,4,1
3b7eb5e8-9d6d-4413-a957-ba34403c1c50,6,8b1cd01f-7b2e-4b79-9d5d-2f867c4be915,Snake4,96,4,1
3b7eb5e8-9d6d-4413-a957-ba34403c1c50,6,b85bf8af-5551-4172-97ec-5e618d451380,Snake1,96,4,1
3b7eb5e8-9d6d-4413-a957-ba34403c1c50,6,e593ddde-937f-446c-ac3e-fb2e9eccf695,Snake2,99,5,1
3b7eb5e8-9d6d-4413-a957-ba34403c1c50,6,391e4fee-c96f-4e14-8476-492ab7615cbc,Snake3,96,4,1
3b7eb5e8-9d6d-4413-a957-ba34403c1c50,6,8b1cd01f-7b2e-4b79-9d5d-2f867c4be915,Snake4,96,4,1
3b7eb5e8-9d6d-4413-a957-ba34403c1c50,6,b85bf8af-5551-4172-97ec-5e618d451380,Snake1,96,4,1
3b7eb5e8-9d6d-4413-a957-ba34403c1c50,6,e593ddde-937f-446c-ac3e-fb2e9eccf695,Snake2,99,5,1
3b7eb5e8-9d6d-4413-a957-ba34403c1c50,6,391e4fee-c96f-4e14-8476-492ab7615cbc,Snake3,96,4,1
3b7eb5e8-9d6d-4413-a957-ba34403c1c50,6,8b1cd01f-7b2e-4b79-9d5d-2f867c4be915,Snake4,96,4,1
3b7eb5e8-9d6d-4413-a957-ba34403c1c50,6,b85bf8af-5551-4172-97ec-5e618d451380,Snake1,96,4,1
3b7eb5e8-9d6d-4413-a957-ba34403c1c50,6,e593ddde-937f-446c-ac3e-fb2e9eccf695,Snake2,99,5,1
3b7eb5e8-9d6d-4413-a957-ba34403c1c50,7,391e4fee-c96f-4e14-8476-492ab7615cbc,Snake3,95,4,1
3b7eb5e8-9d6d-4413-a957-ba34403c1c50,7,8b1cd01f-7b2e-4b79-9d5d-2f867c4be915,Snake4,95,4,1
3b7eb5e8-9d6d-4413-a957-ba34403c1c50,7,b85bf8af-5551-4172-97ec-5e618d451380,Snake1,95,4,1
3b7eb5e8-9d6d-4413-a957-ba34403c1c50,7,e593ddde-937f-446c-ac3e-fb2e9eccf695,Snake2,98,5,1
3b7eb5e8-9d6d-4413-a957-ba34403c1c50,7,391e4fee-c96f-4e14-8476-492ab7615cbc,Snake3,95,4,1
3b7eb5e8-9d6d-4413-a957-ba34403c1c50,7,8b1cd01f-7b2e-4b79-9d5d-2f867c4be915,Snake4,95,4,1
3b7eb5e8-9d6d-4413-a957-ba34403c1c50,7,b85bf8af-5551-4172-97ec-5e618d451380,Snake1,95,4,1
3b7eb5e8-9d6d-4413-a957-ba34403c1c50,7,e593ddde-937f-446c-ac3e-fb2e9eccf695,Snake2,98,5,1
3b7eb5e8-9d6d-4413-a957-ba34403c1c50,7,391e4fee-c96f-4e14-8476-492ab7615cbc,Snake3,95,4,1
3b7eb5e8-9d6d-4413-a957-ba34403c1c50,7,8b1cd01f-7b2e-4b79-9d5d-2f867c4be915,Snake4,95,4,1
3b7eb5e8-9d6d-4413-a957-ba34403c1c50,7,b85bf8af-5551-4172-97ec-5e618d451380,Snake1,95,4,1
3b7eb5e8-9d6d-4413-a957-ba34403c1c50,7,e593ddde-937f-446c-ac3e-fb2e9eccf695,Snake2,98,5,1
3b7eb5e8-9d6d-4413-a957-ba34403c1c50,8,391e4fee-c96f-4e14-8476-492ab7615cbc,Snake3,94,4,1
3b7eb5e8-9d6d-4413-a957-ba34403c1c50,8,8b1cd01f-7b2e-4b79-9d5d-2f867c4be915,Snake4,100,5,1
3b7eb5e8-9d6d-4413-a957-ba34403c1c50,8,b85bf8af-5551-4172-97ec-5e618d451380,Snake1,94,4,1
3b7eb5e8-9d6d-4413-a957-ba34403c1c50,8,e593ddde-937f-446c-ac3e-fb2e9eccf695,Snake2,97,5,1
3b7eb5e8-9d6d-4413-a957-ba34403c1c50,8,391e4fee-c96f-4e14-8476-492ab7615cbc,Snake3,94,4,1
3b7eb5e8-9d6d-4413-a957-ba34403c1c50,8,8b1cd01f-7b2e-4b79-9d5d-2f867c4be915,Snake4,100,5,1
3b7eb5e8-9d6d-4413-a957-ba34403c1c50,8,b85bf8af-5551-4172-97ec-5e618d451380,Snake1,94,4,1
3b7eb5e8-9d6d-4413-a957-ba34403c1c50,8,e593ddde-937f-446c-ac3e-fb2e9eccf695,Snake2,97,5,1
3b7eb5e8-9d6d-4413-a957-ba34403c1c50,8,391e4fee-c96f-4e14-8476-492ab7615cbc,Snake3,94,4,1
3b7eb5e8-9d6d-4413-a957-ba34403c1c50,8,8b1cd01f-7b2e-4b79-9d5d-2f867c4be915,Snake4,100,5,1
3b7eb5e8-9d6d-4413-a957-ba34403c1c50,8,b85bf8af-5551-4172-97ec-5e618d451380,Snake1,94,4,1
3b7eb5e8-9d6d-4413-a957-ba34403c1c50,8,e593ddde-937f-446c-ac3e-fb2e9eccf695,Snake2,97,5,1
3b7eb5e8-9d6d-4413-a957-ba34403c1c50,8,391e4fee-c96f-4e14-8476-492ab7615cbc,Snake3,94,4,1
3b7eb5e8-9d6d-4413-a957-ba34403c1c50,8,8b1cd01f-7b2e-4b79-9d5d-2f867c4be915,Snake4,100,5,1
3b7eb5e8-9d6d-4413-a957-ba34403c1c50,8,b85bf8af-5551-4172-97ec-5e618d451380,Snake1,94,4,1
3b7eb5e8-9d6d-4413-a957-ba34403c1c50,8,e593ddde-937f-446c-ac3e-fb2e9eccf695,Snake2,97,5,1
3b7eb5e8-9d6d-4413-a957-ba34403c1c50,9,391e4fee-c96f-4e14-8476-492ab7615cbc,Snake3,100,5,1
3b7eb5e8-9d6d-4413-a957-ba34403c1c50,9,8b1cd01f-7b2e-4b79-9d5d-2f867c4be915,Snake4,99,5,1
3b7eb5e8-9d6d-4413-a957-ba34403c1c50,9,b85bf8af-5551-4172-97ec-5e618d451380,Snake1,93,4,1
3b7eb5e8-9d6d-4413-a957-ba34403c1c50,9,e593ddde-937f-446c-ac3e-fb2e9eccf695,Snake2,96,5,1
3b7eb5e8-9d6d-4413-a957-ba34403c1c50,9,391e4fee-c96f-4e14-8476-492ab7615cbc,Snake3,100,5,1
3b7eb5e8-9d6d-4413-a957-ba34403c1c50,9,8b1cd01f-7b2e-4b79-9d5d-2f867c4be915,Snake4,99,5,1
3b7eb5e8-9d6d-4413-a957-ba34403c1c50,9,b85bf8af-5551-4172-97ec-5e618d451380,Snake1,93,4,1
3b7eb5e8-9d6d-4413-a957-ba34403c1c50,9,e593ddde-937f-446c-ac3e-fb2e9eccf695,Snake2,96,5,1
3b7eb5e8-9d6d-4413-a957-ba34403c1c50,9,391e4fee-c96f-4e14-8476-492ab7615cbc,Snake3,100,5,1
3b7eb5e8-9d6d-4413-a957-ba34403c1c50,9,8b1cd01f-7b2e-4b79-9d5d-2f867c4be915,Snake4,99,5,1
3b7eb5e8-9d6d-4413-a957-ba34403c1c50,9,b85bf8af-5551-4172-97ec-5e618d451380,Snake1,93,4,1
3b7eb5e8-9d6d-4413-a957-ba34403c1c50,9,e593ddde-937f-446c-ac3e-fb2e9eccf695,Snake2,96,5,1
3b7eb5e8-9d6d-4413-a957-ba34403c1c50,9,391e4fee-c96f-4e14-8476-492ab7615cbc,Snake3,100,5,1
3b7eb5e8-9d6d-4413-a957-ba34403c1c50,9,8b1cd01f-7b2e-4b79-9d5d-2f867c4be915,Snake4,99,5,1
3b7eb5e8-9d6d-4413-a957-ba34403c1c50,9,b85bf8af-5551-4172-97ec-5e618d451380,Snake1,93,4,1
3b7eb5e8-9d6d-4413-a957-ba34403c1c50,9,e593ddde-937f-446c-ac3e-fb2e9eccf695,Snake2,96,5,1
3b7eb5e8-9d6d-4413-a957-ba34403c1c50,10,391e4fee-c96f-4e14-8476-492ab7615cbc,Snake3,99,5,1
3b7eb5e8-9d6d-4413-a957-ba34403c1c50,10,8b1cd01f-7b2e-4b79-9d5d-2f867c4be915,Snake4,98,5,1
3b7eb5e8-9d6d-4413-a957-ba34403c1c50,10,b85bf8af-5551-4172-97ec-5e618d451380,Snake1,100,5,1
3b7eb5e8-9d6d-4413-a957-ba34403c1c50,10,e593ddde-937f-446c-ac3e-fb2e9eccf695,Snake2,100,6,1
3b7eb5e8-9d6d-4413-a957-ba34403c1c50,10,391e4fee-c96f-4e14-8476-492ab7615cbc,Snake3,99,5,1
3b7eb5e8-9d6d-4413-a957-ba34403c1c50,10,8b1cd01f-7b2e-4b79-9d5d-2f867c4be915,Snake4,98,5,1
3b7eb5e8-9d6d-4413-a957-ba34403c1c50,10,b85bf8af-5551-4172-97ec-5e618d451380,Snake1,100,5,1
3b7eb5e8-9d6d-4413-a957-ba34403c1c50,10,e593ddde-937f-446c-ac3e-fb2e9eccf695,Snake2,100,6,1
3b7eb5e8-9d6d-4413-a957-ba34403c1c50,10,391e4fee-c96f-4e14-8476-492ab7615cbc,Snake3,99,5,1
3b7eb5e8-9d6d-4413-a957-ba34403c1c50,10,8b1cd01f-7b2e-4b79-9d5d-2f867c4be915,Snake4,98,5,1
3b7eb5e8-9d6d-4413-a957-ba34403c1c50,10,b85bf8af-5551-4172-97ec-5e618d451380,Snake1,100,5,1
3b7eb5e8-9d6d-4413-a957-ba34403c1c50,10,e593ddde-937f-446c-ac3e-fb2e9eccf695,Snake2,100,6,1
3b7eb5e8-9d6d-4413-a957-ba34403c1c50,10,391e4fee-c96f-4e14-8476-492ab7615cbc,Snake3,99,5,1
3b7eb5e8-9d6d-4413-a957-ba34403c1c50,10,8b1cd01f-7b2e-4b79-9d5d-2f867c4be915,Snake4,98,5,1
3b7eb5e8-9d6d-4413-a957-ba34403c1c50,10,b85bf8af-5551-4172-97ec-5e618d451380,Snake1,100,5,1
3b7eb5e8-9d6d-4413-a957-ba34403c1c50,10,e593ddde-937f-446c-ac3e-fb2e9eccf695,Snake2,100,6,1
3b7eb5e8-9d6d-4413-a957-ba34403c1c50,11,391e4fee-c96f-4e14-8476-492ab7615cbc,Snake3,98,5,1
3b7eb5e8-9d6d-4413-a957-ba34403c1c50,11,8b1cd01f-7b2e-4b79-9d5d-2f867c4be915,Snake4,97,5,1
3b7eb5e8-9d6d-4413-a957-ba34403c1c50,11,b85bf8af-5551-4172-97ec-5e618d451380,Snake1,99,5,1
3b7eb5e8-9d6d-4413-a957-ba34403c1c50,11,e593ddde-937f-446c-ac3e-fb2e9eccf695,Snake2,99,6,1
3b7eb5e8-9d6d-4413-a957-ba34403c1c50,11,391e4fee-c96f-4e14-8476-492ab7615cbc,Snake3,98,5,1
3b7eb5e8-9d6d-4413-a957-ba34403c1c50,11,8b1cd01f-7b2e-4b79-9d5d-2f867c4be915,Snake4,97,5,1
3b7eb5e8-9d6d-4413-a957-ba34403c1c50,11,b85bf8af-5551-4172-97ec-5e618d451380,Snake1,99,5,1
3b7eb5e8-9d6d-4413-a957-ba34403c1c50,11,e593ddde-937f-446c-ac3e-fb2e9eccf695,Snake2,99,6,1
3b7eb5e8-9d6d-4413-a957-ba34403c1c50,11,391e4fee-c96f-4e14-8476-492ab7615cbc,Snake3,98,5,1
3b7eb5e8-9d6d-4413-a957-ba34403c1c50,11,8b1cd01f-7b2e-4b79-9d5d-2f867c4be915,Snake4,97,5,1
3b7eb5e8-9d6d-4413-a957-ba34403c1c50,11,b85bf8af-5551-4172-97ec-5e618d451380,Snake1,99,5,1
3b7eb5e8-9d6d-4413-a957-ba34403c1c50,11,e593ddde-937f-446c-ac3e-fb2e9eccf695,Snake2,99,6,1
3b7eb5e8-9d6d-4413-a957-ba34403c1c50,11,391e4fee-c96f-4e14-8476-492ab7615cbc,Snake3,98,5,1
3b7eb5e8-9d6d-4413-a957-ba34403c1c50,11,8b1cd01f-7b2e-4b79-9d5d-2f867c4be915,Snake4,97,5,1
3b7eb5e8-9d6d-4413-a957-ba34403c1c50,11,b85bf8af-5551-4172-97ec-5e618d451380,Snake1,99,5,1
3b7eb5e8-9d6d-4413-a957-ba34403c1c50,11,e593ddde-937f-446c-ac3e-fb2e9eccf695,Snake2,99,6,1
3b7eb5e8-9d6d-4413-a957-ba34403c1c50,12,391e4fee-c96f-4e14-8476-492ab7615cbc,Snake3,97,5,1
3b7eb5e8-9d6d-4413-a957-ba34403c1c50,12,8b1cd01f-7b2e-4b79-9d5d-2f867c4be915,Snake4,96,5,1
3b7eb5e8-9d6d-4413-a957-ba34403c1c50,12,b85bf8af-5551-4172-97ec-5e618d451380,Snake1,98,5,1
3b7eb5e8-9d6d-4413-a957-ba34403c1c50,12,e593ddde-937f-446c-ac3e-fb2e9eccf695,Snake2,98,6,1
3b7eb5e8-9d6d-4413-a957-ba34403c1c50,12,391e4fee-c96f-4e14-8476-492ab7615cbc,Snake3,97,5,1
3b7eb5e8-9d6d-4413-a957-ba34403c1c50,12,8b1cd01f-7b2e-4b79-9d5d-2f867c4be915,Snake4,96,5,1
3b7eb5e8-9d6d-4413-a957-ba34403c1c50,12,b85bf8af-5551-4172-97ec-5e618d451380,Snake1,98,5,1
3b7eb5e8-9d6d-4413-a957-ba34403c1c50,12,e593ddde-937f-446c-ac3e-fb2e9eccf695,Snake2,98,6,1
3b7eb5e8-9d6d-4413-a957-ba34403c1c50,12,391e4fee-c96f-4e14-8476-492ab7615cbc,Snake3,97,5,1
3b7eb5e8-9d6d-4413-a957-ba34403c1c50,12,8b1cd01f-7b2e-4b79-9d5d-2f867c4be915,Snake4,96,5,1
3b7eb5e8-9d6d-4413-a957-ba34403c1c50,12,b85bf8af-5551-4172-97ec-5e618d451380,Snake1,98,5,1
3b7eb5e8-9d6d-4413-a957-ba34403c1c50,12,e593ddde-937f-446c-ac3e-fb2e9eccf695,Snake2,98,6,1
3b7eb5e8-9d6d-4413-a957-ba34403c1c50,13,391e4fee-c96f-4e14-8476-492ab7615cbc,Snake3,96,5,1
3b7eb5e8-9d6d-4413-a957-ba34403c1c50,13,8b1cd01f-7b2e-4b79-9d5d-2f867c4be915,Snake4,95,5,1
3b7eb5e8-9d6d-4413-a957-ba34403c1c50,13,b85bf8af-5551-4172-97ec-5e618d451380,Snake1,97,5,1
3b7eb5e8-9d6d-4413-a957-ba34403c1c50,13,e593ddde-937f-446c-ac3e-fb2e9eccf695,Snake2,97,6,1
3b7eb5e8-9d6d-4413-a957-ba34403c1c50,13,391e4fee-c96f-4e14-8476-492ab7615cbc,Snake3,96,5,1
3b7eb5e8-9d6d-4413-a957-ba34403c1c50,13,8b1cd01f-7b2e-4b79-9d5d-2f867c4be915,Snake4,95,5,1
3b7eb5e8-9d6d-4413-a957-ba34403c1c50,13,b85bf8af-5551-4172-97ec-5e618d451380,Snake1,97,5,1
3b7eb5e8-9d6d-4413-a957-ba34403c1c50,13,e593ddde-937f-446c-ac3e-fb2e9eccf695,Snake2,97,6,1
3b7eb5e8-9d6d-4413-a957-ba34403c1c50,13,391e4fee-c96f-4e14-8476-492ab7615cbc,Snake3,96,5,1
3b7eb5e8-9d6d-4413-a957-ba34403c1c50,13,8b1cd01f-7b2e-4b79-9d5d-2f867c4be915,Snake4,95,5,1
3b7eb5e8-9d6d-4413-a957-ba34403c1c50,13,b85bf8af-5551-4172-97ec-5e618d451380,Snake1,97,5,1
3b7eb5e8-9d6d-4413-a957-ba34403c1c50,13,e593ddde-937f-446c-ac3e-fb2e9eccf695,Snake2,97,6,1
3b7eb5e8-9d6d-4413-a957-ba34403c1c50,13,391e4fee-c96f-4e14-8476-492ab7615cbc,Snake3,96,5,1
3b7eb5e8-9d6d-4413-a957-ba34403c1c50,13,8b1cd01f-7b2e-4b79-9d5d-2f867c4be915,Snake4,95,5,1
3b7eb5e8-9d6d-4413-a957-ba34403c1c50,13,b85bf8af-5551-4172-97ec-5e618d451380,Snake1,97,5,1
3b7eb5e8-9d6d-4413-a957-ba34403c1c50,13,e593ddde-937f-446c-ac3e-fb2e9eccf695,Snake2,97,6,1
3b7eb5e8-9d6d-4413-a957-ba34403c1c50,14,391e4fee-c96f-4e14-8476-492ab7615cbc,Snake3,95,5,1
3b7eb5e8-9d6d-4413-a957-ba34403c1c50,14,8b1cd01f-7b2e-4b79-9d5d-2f867c4be915,Snake4,94,5,1
3b7eb5e8-9d6d-4413-a957-ba34403c1c50,14,b85bf8af-5551-4172-97ec-5e618d451380,Snake1,96,5,1
3b7eb5e8-9d6d-4413-a957-ba34403c1c50,14,e593ddde-937f-446c-ac3e-fb2e9eccf695,Snake2,96,6,1
3b7eb5e8-9d6d-4413-a957-ba34403c1c50,14,391e4fee-c96f-4e14-8476-492ab7615cbc,Snake3,95,5,1
3b7eb5e8-9d6d-4413-a957-ba34403c1c50,14,8b1cd01f-7b2e-4b79-9d5d-2f867c4be915,Snake4,94,5,1
3b7eb5e8-9d6d-4413-a957-ba34403c1c50,14,b85bf8af-5551-4172-97ec-5e618d451380,Snake1,96,5,1
3b7eb5e8-9d6d-4413-a957-ba34403c1c50,14,e593ddde-937f-446c-ac3e-fb2e9eccf695,Snake2,96,6,1
3b7eb5e8-9d6d-4413-a957-ba34403c1c50,14,391e4fee-c96f-4e14-8476-492ab7615cbc,Snake3,95,5,1
3b7eb5e8-9d6d-4413-a957-ba34403c1c50,14,8b1cd01f-7b2e-4b79-9d5d-2f867c4be915,Snake4,94,5,1
3b7eb5e8-9d6d-4413-a957-ba34403c1c50,14,b85bf8af-5551-4172-97ec-5e618d451380,Snake1,96,5,1
3b7eb5e8-9d6d-4413-a957-ba34403c1c50,14,e593ddde-937f-446c-ac3e-fb2e9eccf695,Snake2,96,6,1
3b7eb5e8-9d6d-4413-a957-ba34403c1c50,14,391e4fee-c96f-4e14-8476-492ab7615cbc,Snake3,95,5,1
3b7eb5e8-9d6d-4413-a957-ba34403c1c50,14,8b1cd01f-7b2e-4b79-9d5d-2f867c4be915,Snake4,94,5,1
3b7eb5e8-9d6d-4413-a957-ba34403c1c50,14,b85bf8af-5551-4172-97ec-5e618d451380,Snake1,96,5,1
3b7eb5e8-9d6d-4413-a957-ba34403c1c50,14,e593ddde-937f-446c-ac3e-fb2e9eccf695,Snake2,96,6,1
3b7eb5e8-9d6d-4413-a957-ba34403c1c50,15,391e4fee-c96f-4e14-8476-492ab7615cbc,Snake3,100,6,1
3b7eb5e8-9d6d-4413-a957-ba34403c1c50,15,8b1cd01f-7b2e-4b79-9d5d-2f867c4be915,Snake4,100,6,1
3b7eb5e8-9d6d-4413-a957-ba34403c1c50,15,b85bf8af-5551-4172-97ec-5e618d451380,Snake1,95,5,1
3b7eb5e8-9d6d-4413-a957-ba34403c1c50,15,e593ddde-937f-446c-ac3e-fb2e9eccf695,Snake2,95,6,1
3b7eb5e8-9d6d-4413-a957-ba34403c1c50,15,391e4fee-c96f-4e14-8476-492ab7615cbc,Snake3,100,6,1
3b7eb5e8-9d6d-4413-a957-ba34403c1c50,15,8b1cd01f-7b2e-4b79-9d5d-2f867c4be915,Snake4,100,6,1
3b7eb5e8-9d6d-4413-a957-ba34403c1c50,15,b85bf8af-5551-4172-97ec-5e618d451380,Snake1,95,5,1
3b7eb5e8-9d6d-4413-a957-ba34403c1c50,15,e593ddde-937f-446c-ac3e-fb2e9eccf695,Snake2,95,6,1
3b7eb5e8-9d6d-4413-a957-ba34403c1c50,15,391e4fee-c96f-4e14-8476-492ab7615cbc,Snake3,100,6,1
3b7eb5e8-9d6d-4413-a957-ba34403c1c50,15,8b1cd01f-7b2e-4b79-9d5d-2f867c4be915,Snake4,100,6,1
3b7eb5e8-9d6d-4413-a957-ba34403c1c50,15,b85bf8af-5551-4172-97ec-5e618d451380,Snake1,95,5,1
3b7eb5e8-9d6d-4413-a957-ba34403c1c50,15,e593ddde-937f-446c-ac3e-fb2e9eccf695,Snake2,95,6,1
3b7eb5e8-9d6d-4413-a957-ba34403c1c50,15,391e4fee-c96f-4e14-8476-492ab7615cbc,Snake3,100,6,1
3b7eb5e8-9d6d-4413-a957-ba34403c1c50,15,8b1cd01f-7b2e-4b79-9d5d-2f867c4be915,Snake4,100,6,1
3b7eb5e8-9d6d-4413-a957-ba34403c1c50,15,b85bf8af-5551-4172-97ec-5e618d451380,Snake1,95,5,1
3b7eb5e8-9d6d-4413-a957-ba34403c1c50,15,e593ddde-937f-446c-ac3e-fb2e9eccf695,Snake2,95,6,1
3b7eb5e8-9d6d-4413-a957-ba34403c1c50,16,391e4fee-c96f-4e14-8476-492ab7615cbc,Snake3,99,6,1
3b7eb5e8-9d6d-4413-a957-ba34403c1c50,16,8b1cd01f-7b2e-4b79-9d5d-2f867c4be915,Snake4,99,6,1
3b7eb5e8-9d6d-4413-a957-ba34403c1c50,16,b85bf8af-5551-4172-97ec-5e618d451380,Snake1,94,5,1
3b7eb5e8-9d6d-4413-a957-ba34403c1c50,16,e593ddde-937f-446c-ac3e-fb2e9eccf695,Snake2,94,6,1
3b7eb5e8-9d6d-4413-a957-ba34403c1c50,16,391e4fee-c96f-4e14-8476-492ab7615cbc,Snake3,99,6,1
3b7eb5e8-9d6d-4413-a957-ba34403c1c50,16,8b1cd01f-7b2e-4b79-9d5d-2f867c4be915,Snake4,99,6,1
3b7eb5e8-9d6d-4413-a957-ba34403c1c50,16,b85bf8af-5551-4172-97ec-5e618d451380,Snake1,94,5,1
3b7eb5e8-9d6d-4413-a957-ba34403c1c50,16,e593ddde-937f-446c-ac3e-fb2e9eccf695,Snake2,94,6,1
3b7eb5e8-9d6d-4413-a957-ba34403c1c50,16,391e4fee-c96f-4e14-8476-492ab7615cbc,Snake3,99,6,1
3b7eb5e8-9d6d-4413-a957-ba34403c1c50,16,8b1cd01f-7b2e-4b79-9d5d-2f867c4be915,Snake4,99,6,1
3b7eb5e8-9d6d-4413-a957-ba34403c1c50,16,b85bf8af-5551-4172-97ec-5e618d451380,Snake1,94,5,1
3b7eb5e8-9d6d-4413-a957-ba34403c1c50,16,e593ddde-937f-446c-ac3e-fb2e9eccf695,Snake2,94,6,1
3b7eb5e8-9d6d-4413-a957-ba34403c1c50,17,391e4fee-c96f-4e14-8476-492ab7615cbc,Snake3,98,6,1
3b7eb5e8-9d6d-4413-a957-ba34403c1c50,17,8b1cd01f-7b2e-4b79-9d5d-2f867c4be915,Snake4,98,6,1
3b7eb5e8-9d6d-4413-a957-ba34403c1c50,17,b85bf8af-5551-4172-97ec-5e618d451380,Snake1,93,5,1
3b7eb5e8-9d6d-4413-a957-ba34403c1c50,17,e593ddde-937f-446c-ac3e-fb2e9eccf695,Snake2,93,6,1
3b7eb5e8-9d6d-4413-a957-ba34403c1c50,17,391e4fee-c96f-4e14-8476-492ab7615cbc,Snake3,98,6,1
3b7eb5e8-9d6d-4413-a957-ba34403c1c50,17,8b1cd01f-7b2e-4b79-9d5d-2f867c4be915,Snake4,98,6,1
3b7eb5e8-9d6d-4413-a957-ba34403c1c50,17,b85bf8af-5551-4172-97ec-5e618d451380,Snake1,93,5,1
3b7eb5e8-9d6d-4413-a957-ba34403c1c50,17,e593ddde-937f-446c-ac3e-fb2e9eccf695,Snake2,93,6,1
3b7eb5e8-9d6d-4413-a957-ba34403c1c50,17,391e4fee-c96f-4e14-8476-492ab7615cbc,Snake3,98,6,1
3b7eb5e8-9d6d-4413-a957-ba34403c1c50,17,8b1cd01f-7b2e-4b79-9d5d-2f867c4be915,Snake4,98,6,1
3b7eb5e8-9d6d-4413-a957-ba34403c1c50,17,b85bf8af-5551-4172-97ec-5e618d451380,Snake1,93,5,1
3b7eb5e8-9d6d-4413-a957-ba34403c1c50,17,e593ddde-937f-446c-ac3e-fb2e9eccf695,Snake2,93,6,1
3b7eb5e8-9d6d-4413-a957-ba34403c1c50,18,391e4fee-c96f-4e14-8476-492ab7615cbc,Snake3,97,6,1
3b7eb5e8-9d6d-4413-a957-ba34403c1c50,18,8b1cd01f-7b2e-4b79-9d5d-2f867c4be915,Snake4,97,6,1
3b7eb5e8-9d6d-4413-a957-ba34403c1c50,18,b85bf8af-5551-4172-97ec-5e618d451380,Snake1,92,5,1
3b7eb5e8-9d6d-4413-a957-ba34403c1c50,18,e593ddde-937f-446c-ac3e-fb2e9eccf695,Snake2,92,6,1
3b7eb5e8-9d6d-4413-a957-ba34403c1c50,18,391e4fee-c96f-4e14-8476-492ab7615cbc,Snake3,97,6,1
3b7eb5e8-9d6d-4413-a957-ba34403c1c50,18,8b1cd01f-7b2e-4b79-9d5d-2f867c4be915,Snake4,97,6,1
3b7eb5e8-9d6d-4413-a957-ba34403c1c50,18,b85bf8af-5551-4172-97ec-5e618d451380,Snake1,92,5,1
3b7eb5e8-9d6d-4413-a957-ba34403c1c50,18,e593ddde-937f-446c-ac3e-fb2e9eccf695,Snake2,92,6,1
3b7eb5e8-9d6d-4413-a957-ba34403c1c50,18,391e4fee-c96f-4e14-8476-492ab7615cbc,Snake3,97,6,1
3b7eb5e8-9d6d-4413-a957-ba34403c1c50,18,8b1cd01f-7b2e-4b79-9d5d-2f867c4be915,Snake4,97,6,1
3b7eb5e8-9d6d-4413-a957-ba34403c1c50,18,b85bf8af-5551-4172-97ec-5e618d451380,Snake1,92,5,1
3b7eb5e8-9d6d-4413-a957-ba34403c1c50,18,e593ddde-937f-446c-ac3e-fb2e9eccf695,Snake2,92,6,1
3b7eb5e8-9d6d-4413-a957-ba34403c1c50,18,391e4fee-c96f-4e14-8476-492ab7615cbc,Snake3,97,6,1
3b7eb5e8-9d6d-4413-a957-ba34403c1c50,18,8b1cd01f-7b2e-4b79-9d5d-2f867c4be915,Snake4,97,6,1
3b7eb5e8-9d6d-4413-a957-ba34403c1c50,18,b85bf8af-5551-4172-97ec-5e618d451380,Snake1,92,5,1
3b7eb5e8-9d6d-4413-a957-ba34403c1c50,18,e593ddde-937f-446c-ac3e-fb2e9eccf695,Snake2,92,6,1
3b7eb5e8-9d6d-4413-a957-ba34403c1c50,19,391e4fee-c96f-4e14-8476-492ab7615cbc,Snake3,96,6,1
3b7eb5e8-9d6d-4413-a957-ba34403c1c50,19,8b1cd01f-7b2e-4b79-9d5d-2f867c4be915,Snake4,96,6,1
3b7eb5e8-9d6d-4413-a957-ba34403c1c50,19,b85bf8af-5551-4172-97ec-5e618d451380,Snake1,91,5,1
3b7eb5e8-9d6d-4413-a957-ba34403c1c50,19,e593ddde-937f-446c-ac3e-fb2e9eccf695,Snake2,91,6,1
3b7eb5e8-9d6d-4413-a957-ba34403c1c50,19,391e4fee-c96f-4e14-8476-492ab7615cbc,Snake3,96,6,1
3b7eb5e8-9d6d-4413-a957-ba34403c1c50,19,8b1cd01f-7b2e-4b79-9d5d-2f867c4be915,Snake4,96,6,1
3b7eb5e8-9d6d-4413-a957-ba34403c1c50,19,b85bf8af-5551-4172-97ec-5e618d451380,Snake1,91,5,1
3b7eb5e8-9d6d-4413-a957-ba34403c1c50,19,e593ddde-937f-446c-ac3e-fb2e9eccf695,Snake2,91,6,1
3b7eb5e8-9d6d-4413-a957-ba34403c1c50,19,391e4fee-c96f-4e14-8476-492ab7615cbc,Snake3,96,6,1
3b7eb5e8-9d6d-4413-a957-ba34403c1c50,19,8b1cd01f-7b2e-4b79-9d5d-2f867c4be915,Snake4,96,6,1
3b7eb5e8-9d6d-4413-a957-ba34403c1c50,19,b85bf8af-5551-4172-97ec-5e618d451380,Snake1,91,5,1
3b7eb5e8-9d6d-4413-a957-ba34403c1c50,19,e593ddde-937f-446c-ac3e-fb2e9eccf695,Snake2,91,6,1
3b7eb5e8-9d6d-4413-a957-ba34403c1c50,19,391e4fee-c96f-4e14-8476-492ab7615cbc,Snake3,96,6,1
3b7eb5e8-9d6d-4413-a957-ba34403c1c50,19,8b1cd01f-7b2e-4b79-9d5d-2f867c4be915,Snake4,96,6,1
3b7eb5e8-9d6d-4413-a957-ba34403c1c50,19,b85bf8af-5551-4172-97ec-5e618d451380,Snake1,91,5,1
3b7eb5e8-9d6d-4413-a957-ba34403c1c50,19,e593ddde-937f-446c-ac3e-fb2e9eccf695,Snake2,91,6,1
3b7eb5e8-9d6d-4413-a957-ba34403c1c50,20,391e4fee-c96f-4e14-8476-492ab7615cbc,Snake3,95,6,1
3b7eb5e8-9d6d-4413-a957-ba34403c1c50,20,8b1cd01f-7b2e-4b79-9d5d-2f867c4be915,Snake4,95,6,1
3b7eb5e8-9d6d-4413-a957-ba34403c1c50,20,b85bf8af-5551-4172-97ec-5e618d451380,Snake1,90,5,1
3b7eb5e8-9d6d-4413-a957-ba34403c1c50,20,e593ddde-937f-446c-ac3e-fb2e9eccf695,Snake2,90,6,1
3b7eb5e8-9d6d-4413-a957-ba34403c1c50,20,391e4fee-c96f-4e14-8476-492ab7615cbc,Snake3,95,6,1
3b7eb5e8-9d6d-4413-a957-ba34403c1c50,20,8b1cd01f-7b2e-4b79-9d5d-2f867c4be915,Snake4,95,6,1
3b7eb5e8-9d6d-4413-a957-ba34403c1c50,20,b85bf8af-5551-4172-97ec-5e618d451380,Snake1,90,5,1
3b7eb5e8-9d6d-4413-a957-ba34403c1c50,20,e593ddde-937f-446c-ac3e-fb2e9eccf695,Snake2,90,6,1
3b7eb5e8-9d6d-4413-a957-ba34403c1c50,20,391e4fee-c96f-4e14-8476-492ab7615cbc,Snake3,95,6,1
3b7eb5e8-9d6d-4413-a957-ba34403c1c50,20,8b1cd01f-7b2e-4b79-9d5d-2f867c4be915,Snake4,95,6,1
3b7eb5e8-9d6d-4413-a957-ba34403c1c50,20,b85bf8af-5551-4172-97ec-5e618d451380,Snake1,90,5,1
3b7eb5e8-9d6d-4413-a957-ba34403c1c50,20,e593ddde-937f-446c-ac3e-fb2e9eccf695,Snake2,90,6,1
3b7eb5e8-9d6d-4413-a957-ba34403c1c50,20,391e4fee-c96f-4e14-8476-492ab7615cbc,Snake3,95,6,1
3b7eb5e8-9d6d-4413-a957-ba34403c1c50,20,8b1cd01f-7b2e-4b79-9d5d-2f867c4be915,Snake4,95,6,1
3b7eb5e8-9d6d-4413-a957-ba34403c1c50,20,b85bf8af-5551-4172-97ec-5e618d451380,Snake1,90,5,1
3b7eb5e8-9d6d-4413-a957-ba34403c1c50,20,e593ddde-937f-446c-ac3e-fb2e9eccf695,Snake2,90,6,1
3b7eb5e8-9d6d-4413-a957-ba34403c1c50,21,391e4fee-c96f-4e14-8476-492ab7615cbc,Snake3,94,6,1
3b7eb5e8-9d6d-4413-a957-ba34403c1c50,21,8b1cd01f-7b2e-4b79-9d5d-2f867c4be915,Snake4,100,7,1
3b7eb5e8-9d6d-4413-a957-ba34403c1c50,21,b85bf8af-5551-4172-97ec-5e618d451380,Snake1,89,5,1
3b7eb5e8-9d6d-4413-a957-ba34403c1c50,21,e593ddde-937f-446c-ac3e-fb2e9eccf695,Snake2,100,7,1
3b7eb5e8-9d6d-4413-a957-ba34403c1c50,21,391e4fee-c96f-4e14-8476-492ab7615cbc,Snake3,94,6,1
3b7eb5e8-9d6d-4413-a957-ba34403c1c50,21,8b1cd01f-7b2e-4b79-9d5d-2f867c4be915,Snake4,100,7,1
3b7eb5e8-9d6d-4413-a957-ba34403c1c50,21,b85bf8af-5551-4172-97ec-5e618d451380,Snake1,89,5,1
3b7eb5e8-9d6d-4413-a957-ba34403c1c50,21,e593ddde-937f-446c-ac3e-fb2e9eccf695,Snake2,100,7,1
3b7eb5e8-9d6d-4413-a957-ba34403c1c50,21,391e4fee-c96f-4e14-8476-492ab7615cbc,Snake3,94,6,1
3b7eb5e8-9d6d-4413-a957-ba34403c1c50,21,8b1cd01f-7b2e-4b79-9d5d-2f867c4be915,Snake4,100,7,1
3b7eb5e8-9d6d-4413-a957-ba34403c1c50,21,b85bf8af-5551-4172-97ec-5e618d451380,Snake1,89,5,1
3b7eb5e8-9d6d-4413-a957-ba34403c1c50,21,e593ddde-937f-446c-ac3e-fb2e9eccf695,Snake2,100,7,1
3b7eb5e8-9d6d-4413-a957-ba34403c1c50,21,391e4fee-c96f-4e14-8476-492ab7615cbc,Snake3,94,6,1
3b7eb5e8-9d6d-4413-a957-ba34403c1c50,21,8b1cd01f-7b2e-4b79-9d5d-2f867c4be915,Snake4,100,7,1
3b7eb5e8-9d6d-4413-a957-ba34403c1c50,21,b85bf8af-5551-4172-97ec-5e618d451380,Snake1,89,5,1
3b7eb5e8-9d6d-4413-a957-ba34403c1c50,21,e593ddde-937f-446c-ac3e-fb2e9eccf695,Snake2,100,7,1
3b7eb5e8-9d6d-4413-a957-ba34403c1c50,22,391e4fee-c96f-4e14-8476-492ab7615cbc,Snake3,100,7,1
3b7eb5e8-9d6d-4413-a957-ba34403c1c50,22,8b1cd01f-7b2e-4b79-9d5d-2f867c4be915,Snake4,99,7,1
3b7eb5e8-9d6d-4413-a957-ba34403c1c50,22,b85bf8af-5551-4172-97ec-5e618d451380,Snake1,88,5,1
3b7eb5e8-9d6d-4413-a957-ba34403c1c50,22,e593ddde-937f-446c-ac3e-fb2e9eccf695,Snake2,99,7,1
3b7eb5e8-9d6d-4413-a957-ba34403c1c50,22,391e4fee-c96f-4e14-8476-492ab7615cbc,Snake3,100,7,1
3b7eb5e8-9d6d-4413-a957-ba34403c1c50,22,8b1cd01f-7b2e-4b79-9d5d-2f867c4be915,Snake4,99,7,1
3b7eb5e8-9d6d-4413-a957-ba34403c1c50,22,b85bf8af-5551-4172-97ec-5e618d451380,Snake1,88,5,1
3b7eb5e8-9d6d-4413-a957-ba34403c1c50,22,e593ddde-937f-446c-ac3e-fb2e9eccf695,Snake2,99,7,1
3b7eb5e8-9d6d-4413-a957-ba34403c1c50,23,391e4fee-c96f-4e14-8476-492ab7615cbc,Snake3,99,7,1
3b7eb5e8-9d6d-4413-a957-ba34403c1c50,23,8b1cd01f-7b2e-4b79-9d5d-2f867c4be915,Snake4,98,7,1
3b7eb5e8-9d6d-4413-a957-ba34403c1c50,23,b85bf8af-5551-4172-97ec-5e618d451380,Snake1,87,5,1
3b7eb5e8-9d6d-4413-a957-ba34403c1c50,23,e593ddde-937f-446c-ac3e-fb2e9eccf695,Snake2,98,7,1
3b7eb5e8-9d6d-4413-a957-ba34403c1c50,23,391e4fee-c96f-4e14-8476-492ab7615cbc,Snake3,99,7,1
3b7eb5e8-9d6d-4413-a957-ba34403c1c50,23,8b1cd01f-7b2e-4b79-9d5d-2f867c4be915,Snake4,98,7,1
3b7eb5e8-9d6d-4413-a957-ba34403c1c50,23,b85bf8af-5551-4172-97ec-5e618d451380,Snake1,87,5,1
3b7eb5e8-9d6d-4413-a957-ba34403c1c50,23,e593ddde-937f-446c-ac3e-fb2e9eccf695,Snake2,98,7,1
3b7eb5e8-9d6d-4413-a957-ba34403c1c50,23,391e4fee-c96f-4e14-8476-492ab7615cbc,Snake3,99,7,1
3b7eb5e8-9d6d-4413-a957-ba34403c1c50,23,8b1cd01f-7b2e-4b79-9d5d-2f867c4be915,Snake4,98,7,1
3b7eb5e8-9d6d-4413-a957-ba34403c1c50,23,b85bf8af-5551-4172-97ec-5e618d451380,Snake1,87,5,1
3b7eb5e8-9d6d-4413-a957-ba34403c1c50,23,e593ddde-937f-446c-ac3e-fb2e9eccf695,Snake2,98,7,1
3b7eb5e8-9d6d-4413-a957-ba34403c1c50,24,391e4fee-c96f-4e14-8476-492ab7615cbc,Snake3,98,7,1
3b7eb5e8-9d6d-4413-a957-ba34403c1c50,24,8b1cd01f-7b2e-4b79-9d5d-2f867c4be915,Snake4,97,7,1
3b7eb5e8-9d6d-4413-a957-ba34403c1c50,24,b85bf8af-5551-4172-97ec-5e618d451380,Snake1,86,5,1
3b7eb5e8-9d6d-4413-a957-ba34403c1c50,24,e593ddde-937f-446c-ac3e-fb2e9eccf695,Snake2,97,7,1
3b7eb5e8-9d6d-4413-a957-ba34403c1c50,24,391e4fee-c96f-4e14-8476-492ab7615cbc,Snake3,98,7,1
3b7eb5e8-9d6d-4413-a957-ba34403c1c50,24,8b1cd01f-7b2e-4b79-9d5d-2f867c4be915,Snake4,97,7,1
3b7eb5e8-9d6d-4413-a957-ba34403c1c50,24,b85bf8af-5551-4172-97ec-5e618d451380,Snake1,86,5,1
3b7eb5e8-9d6d-4413-a957-ba34403c1c50,24,e593ddde-937f-446c-ac3e-fb2e9eccf695,Snake2,97,7,1
3b7eb5e8-9d6d-4413-a957-ba34403c1c50,24,391e4fee-c96f-4e14-8476-492ab7615cbc,Snake3,98,7,1
3b7eb5e8-9d6d-4413-a957-ba34403c1c50,24,8b1cd01f-7b2e-4b79-9d5d-2f867c4be915,Snake4,97,7,1
3b7eb5e8-9d6d-4413-a957-ba34403c1c50,24,b85bf8af-5551-4172-97ec-5e618d451380,Snake1,86,5,1
3b7eb5e8-9d6d-4413-a957-ba34403c1c50,24,e593ddde-937f-446c-ac3e-fb2e9eccf695,Snake2,97,7,1
3b7eb5e8-9d6d-4413-a957-ba34403c1c50,25,391e4fee-c96f-4e14-8476-492ab7615cbc,Snake3,97,7,1
3b7eb5e8-9d6d-4413-a957-ba34403c1c50,25,8b1cd01f-7b2e-4b79-9d5d-2f867c4be915,Snake4,96,7,1
3b7eb5e8-9d6d-4413-a957-ba34403c1c50,25,b85bf8af-5551-4172-97ec-5e618d451380,Snake1,85,5,1
3b7eb5e8-9d6d-4413-a957-ba34403c1c50,25,e593ddde-937f-446c-ac3e-fb2e9eccf695,Snake2,96,7,1
3b7eb5e8-9d6d-4413-a957-ba34403c1c50,25,391e4fee-c96f-4e14-8476-492ab7615cbc,Snake3,97,7,1
3b7eb5e8-9d6d-4413-a957-ba34403c1c50,25,8b1cd01f-7b2e-4b79-9d5d-2f867c4be915,Snake4,96,7,1
3b7eb5e8-9d6d-4413-a957-ba34403c1c50,25,b85bf8af-5551-4172-97ec-5e618d451380,Snake1,85,5,1
3b7eb5e8-9d6d-4413-a957-ba34403c1c50,25,e593ddde-937f-446c-ac3e-fb2e9eccf695,Snake2,96,7,1
3b7eb5e8-9d6d-4413-a957-ba34403c1c50,25,391e4fee-c96f-4e14-8476-492ab7615cbc,Snake3,97,7,1
3b7eb5e8-9d6d-4413-a957-ba34403c1c50,25,8b1cd01f-7b2e-4b79-9d5d-2f867c4be915,Snake4,96,7,1
3b7eb5e8-9d6d-4413-a957-ba34403c1c50,25,b85bf8af-5551-4172-97ec-5e618d451380,Snake1,85,5,1
3b7eb5e8-9d6d-4413-a957-ba34403c1c50,25,e593ddde-937f-446c-ac3e-fb2e9eccf695,Snake2,96,7,1
3b7eb5e8-9d6d-4413-a957-ba34403c1c50,25,391e4fee-c96f-4e14-8476-492ab7615cbc,Snake3,97,7,1
3b7eb5e8-9d6d-4413-a957-ba34403c1c50,25,8b1cd01f-7b2e-4b79-9d5d-2f867c4be915,Snake4,96,7,1
3b7eb5e8-9d6d-4413-a957-ba34403c1c50,25,b85bf8af-5551-4172-97ec-5e618d451380,Snake1,85,5,1
3b7eb5e8-9d6d-4413-a957-ba34403c1c50,25,e593ddde-937f-446c-ac3e-fb2e9eccf695,Snake2,96,7,1
3b7eb5e8-9d6d-4413-a957-ba34403c1c50,26,391e4fee-c96f-4e14-8476-492ab7615cbc,Snake3,96,7,1
3b7eb5e8-9d6d-4413-a957-ba34403c1c50,26,8b1cd01f-7b2e-4b79-9d5d-2f867c4be915,Snake4,95,7,1
3b7eb5e8-9d6d-4413-a957-ba34403c1c50,26,b85bf8af-5551-4172-97ec-5e618d451380,Snake1,84,5,1
3b7eb5e8-9d6d-4413-a957-ba34403c1c50,26,e593ddde-937f-446c-ac3e-fb2e9eccf695,Snake2,95,7,1
3b7eb5e8-9d6d-4413-a957-ba34403c1c50,26,391e4fee-c96f-4e14-8476-492ab7615cbc,Snake3,96,7,1
3b7eb5e8-9d6d-4413-a957-ba34403c1c50,26,8b1cd01f-7b2e-4b79-9d5d-2f867c4be915,Snake4,95,7,1
3b7eb5e8-9d6d-4413-a957-ba34403c1c50,26,b85bf8af-5551-4172-97ec-5e618d451380,Snake1,84,5,1
3b7eb5e8-9d6d-4413-a957-ba34403c1c50,26,e593ddde-937f-446c-ac3e-fb2e9eccf695,Snake2,95,7,1
3b7eb5e8-9d6d-4413-a957-ba34403c1c50,26,391e4fee-c96f-4e14-8476-492ab7615cbc,Snake3,96,7,1
3b7eb5e8-9d6d-4413-a957-ba34403c1c50,26,8b1cd01f-7b2e-4b79-9d5d-2f867c4be915,Snake4,95,7,1
3b7eb5e8-9d6d-4413-a957-ba34403c1c50,26,b85bf8af-5551-4172-97ec-5e618d451380,Snake1,84,5,1
3b7eb5e8-9d6d-4413-a957-ba34403c1c50,26,e593ddde-937f-446c-ac3e-fb2e9eccf695,Snake2,95,7,1
3b7eb5e8-9d6d-4413-a957-ba34403c1c50,26,391e4fee-c96f-4e14-8476-492ab7615cbc,Snake3,96,7,1
3b7eb5e8-9d6d-4413-a957-ba34403c1c50,26,8b1cd01f-7b2e-4b79-9d5d-2f867c4be915,Snake4,95,7,1
3b7eb5e8-9d6d-4413-a957-ba34403c1c50,26,b85bf8af-5551-4172-97ec-5e618d451380,Snake1,84,5,1
3b7eb5e8-9d6d-4413-a957-ba34403c1c50,26,e593ddde-937f-446c-ac3e-fb2e9eccf695,Snake2,95,7,1
3b7eb5e8-9d6d-4413-a957-ba34403c1c50,27,391e4fee-c96f-4e14-8476-492ab7615cbc,Snake3,95,7,1
3b7eb5e8-9d6d-4413-a957-ba34403c1c50,27,8b1cd01f-7b2e-4b79-9d5d-2f867c4be915,Snake4,94,7,1
3b7eb5e8-9d6d-4413-a957-ba34403c1c50,27,b85bf8af-5551-4172-97ec-5e618d451380,Snake1,100,6,1
3b7eb5e8-9d6d-4413-a957-ba34403c1c50,27,e593ddde-937f-446c-ac3e-fb2e9eccf695,Snake2,94,7,1
3b7eb5e8-9d6d-4413-a957-ba34403c1c50,27,391e4fee-c96f-4e14-8476-492ab7615cbc,Snake3,95,7,1
3b7eb5e8-9d6d-4413-a957-ba34403c1c50,27,8b1cd01f-7b2e-4b79-9d5d-2f867c4be915,Snake4,94,7,1
3b7eb5e8-9d6d-4413-a957-ba34403c1c50,27,b85bf8af-5551-4172-97ec-5e618d451380,Snake1,100,6,1
3b7eb5e8-9d6d-4413-a957-ba34403c1c50,27,e593ddde-937f-446c-ac3e-fb2e9eccf695,Snake2,94,7,1
3b7eb5e8-9d6d-4413-a957-ba34403c1c50,28,391e4fee-c96f-4e14-8476-492ab7615cbc,Snake3,94,7,1
3b7eb5e8-9d6d-4413-a957-ba34403c1c50,28,8b1cd01f-7b2e-4b79-9d5d-2f867c4be915,Snake4,93,7,1
3b7eb5e8-9d6d-4413-a957-ba34403c1c50,28,b85bf8af-5551-4172-97ec-5e618d451380,Snake1,99,6,1
3b7eb5e8-9d6d-4413-a957-ba34403c1c50,28,e593ddde-937f-446c-ac3e-fb2e9eccf695,Snake2,100,8,1
3b7eb5e8-9d6d-4413-a957-ba34403c1c50,28,391e4fee-c96f-4e14-8476-492ab7615cbc,Snake3,94,7,1
3b7eb5e8-9d6d-4413-a957-ba34403c1c50,28,8b1cd01f-7b2e-4b79-9d5d-2f867c4be915,Snake4,93,7,1
3b7eb5e8-9d6d-4413-a957-ba34403c1c50,28,b85bf8af-5551-4172-97ec-5e618d451380,Snake1,99,6,1
3b7eb5e8-9d6d-4413-a957-ba34403c1c50,28,e593ddde-937f-446c-ac3e-fb2e9eccf695,Snake2,100,8,1
3b7eb5e8-9d6d-4413-a957-ba34403c1c50,28,391e4fee-c96f-4e14-8476-492ab7615cbc,Snake3,94,7,1
3b7eb5e8-9d6d-4413-a957-ba34403c1c50,28,8b1cd01f-7b2e-4b79-9d5d-2f867c4be915,Snake4,93,7,1
3b7eb5e8-9d6d-4413-a957-ba34403c1c50,28,b85bf8af-5551-4172-97ec-5e618d451380,Snake1,99,6,1
3b7eb5e8-9d6d-4413-a957-ba34403c1c50,28,e593ddde-937f-446c-ac3e-fb2e9eccf695,Snake2,100,8,1
3b7eb5e8-9d6d-4413-a957-ba34403c1c50,28,391e4fee-c96f-4e14-8476-492ab7615cbc,Snake3,94,7,1
3b7eb5e8-9d6d-4413-a957-ba34403c1c50,28,8b1cd01f-7b2e-4b79-9d5d-2f867c4be915,Snake4,93,7,1
3b7eb5e8-9d6d-4413-a957-ba34403c1c50,28,b85bf8af-5551-4172-97ec-5e618d451380,Snake1,99,6,1
3b7eb5e8-9d6d-4413-a957-ba34403c1c50,28,e593ddde-937f-446c-ac3e-fb2e9eccf695,Snake2,100,8,1
3b7eb5e8-9d6d-4413-a957-ba34403c1c50,29,391e4fee-c96f-4e14-8476-492ab7615cbc,Snake3,93,7,1
3b7eb5e8-9d6d-4413-a957-ba34403c1c50,29,8b1cd01f-7b2e-4b79-9d5d-2f867c4be915,Snake4,92,7,1
3b7eb5e8-9d6d-4413-a957-ba34403c1c50,29,b85bf8af-5551-4172-97ec-5e618d451380,Snake1,98,6,1
3b7eb5e8-9d6d-4413-a957-ba34403c1c50,29,e593ddde-937f-446c-ac3e-fb2e9eccf695,Snake2,99,8,1
3b7eb5e8-9d6d-4413-a957-ba34403c1c50,29,391e4fee-c96f-4e14-8476-492ab7615cbc,Snake3,93,7,1
3b7eb5e8-9d6d-4413-a957-ba34403c1c50,29,8b1cd01f-7b2e-4b79-9d5d-2f867c4be915,Snake4,92,7,1
3b7eb5e8-9d6d-4413-a957-ba34403c1c50,29,b85bf8af-5551-4172-97ec-5e618d451380,Snake1,98,6,1
3b7eb5e8-9d6d-4413-a957-ba34403c1c50,29,e593ddde-937f-446c-ac3e-fb2e9eccf695,Snake2,99,8,1
3b7eb5e8-9d6d-4413-a957-ba34403c1c50,29,391e4fee-c96f-4e14-8476-492ab7615cbc,Snake3,93,7,1
3b7eb5e8-9d6d-4413-a957-ba34403c1c50,29,8b1cd01f-7b2e-4b79-9d5d-2f867c4be915,Snake4,92,7,1
3b7eb5e8-9d6d-4413-a957-ba34403c1c50,29,b85bf8af-5551-4172-97ec-5e618d451380,Snake1,98,6,1
3b7eb5e8-9d6d-4413-a957-ba34403c1c50,29,e593ddde-937f-446c-ac3e-fb2e9eccf695,Snake2,99,8,1
3b7eb5e8-9d6d-4413-a957-ba34403c1c50,29,391e4fee-c96f-4e14-8476-492ab7615cbc,Snake3,93,7,1
3b7eb5e8-9d6d-4413-a957-ba34403c1c50,29,8b1cd01f-7b2e-4b79-9d5d-2f867c4be915,Snake4,92,7,1
3b7eb5e8-9d6d-4413-a957-ba34403c1c50,29,b85bf8af-5551-4172-97ec-5e618d451380,Snake1,98,6,1
3b7eb5e8-9d6d-4413-a957-ba34403c1c50,29,e593ddde-937f-446c-ac3e-fb2e9eccf695,Snake2,99,8,1
3b7eb5e8-9d6d-4413-a957-ba34403c1c50,30,391e4fee-c96f-4e14-8476-492ab7615cbc,Snake3,92,7,1
3b7eb5e8-9d6d-4413-a957-ba34403c1c50,30,8b1cd01f-7b2e-4b79-9d5d-2f867c4be915,Snake4,91,7,1
3b7eb5e8-9d6d-4413-a957-ba34403c1c50,30,b85bf8af-5551-4172-97ec-5e618d451380,Snake1,97,6,1
3b7eb5e8-9d6d-4413-a957-ba34403c1c50,30,e593ddde-937f-446c-ac3e-fb2e9eccf695,Snake2,98,8,1
3b7eb5e8-9d6d-4413-a957-ba34403c1c50,30,391e4fee-c96f-4e14-8476-492ab7615cbc,Snake3,92,7,1
3b7eb5e8-9d6d-4413-a957-ba34403c1c50,30,8b1cd01f-7b2e-4b79-9d5d-2f867c4be915,Snake4,91,7,1
3b7eb5e8-9d6d-4413-a957-ba34403c1c50,30,b85bf8af-5551-4172-97ec-5e618d451380,Snake1,97,6,1
3b7eb5e8-9d6d-4413-a957-ba34403c1c50,30,e593ddde-937f-446c-ac3e-fb2e9eccf695,Snake2,98,8,1
3b7eb5e8-9d6d-4413-a957-ba34403c1c50,30,391e4fee-c96f-4e14-8476-492ab7615cbc,Snake3,92,7,1
3b7eb5e8-9d6d-4413-a957-ba34403c1c50,30,8b1cd01f-7b2e-4b79-9d5d-2f867c4be915,Snake4,91,7,1
3b7eb5e8-9d6d-4413-a957-ba34403c1c50,30,b85bf8af-5551-4172-97ec-5e618d451380,Snake1,97,6,1
3b7eb5e8-9d6d-4413-a957-ba34403c1c50,30,e593ddde-937f-446c-ac3e-fb2e9eccf695,Snake2,98,8,1
3b7eb5e8-9d6d-4413-a957-ba34403c1c50,31,391e4fee-c96f-4e14-8476-492ab7615cbc,Snake3,91,7,1
3b7eb5e8-9d6d-4413-a957-ba34403c1c50,31,8b1cd01f-7b2e-4b79-9d5d-2f867c4be915,Snake4,90,7,1
3b7eb5e8-9d6d-4413-a957-ba34403c1c50,31,b85bf8af-5551-4172-97ec-5e618d451380,Snake1,96,6,1
3b7eb5e8-9d6d-4413-a957-ba34403c1c50,31,e593ddde-937f-446c-ac3e-fb2e9eccf695,Snake2,97,8,1
3b7eb5e8-9d6d-4413-a957-ba34403c1c50,31,391e4fee-c96f-4e14-8476-492ab7615cbc,Snake3,91,7,1
3b7eb5e8-9d6d-4413-a957-ba34403c1c50,31,8b1cd01f-7b2e-4b79-9d5d-2f867c4be915,Snake4,90,7,1
3b7eb5e8-9d6d-4413-a957-ba34403c1c50,31,b85bf8af-5551-4172-97ec-5e618d451380,Snake1,96,6,1
3b7eb5e8-9d6d-4413-a957-ba34403c1c50,31,e593ddde-937f-446c-ac3e-fb2e9eccf695,Snake2,97,8,1
3b7eb5e8-9d6d-4413-a957-ba34403c1c50,31,391e4fee-c96f-4e14-8476-492ab7615cbc,Snake3,91,7,1
3b7eb5e8-9d6d-4413-a957-ba34403c1c50,31,8b1cd01f-7b2e-4b79-9d5d-2f867c4be915,Snake4,90,7,1
3b7eb5e8-9d6d-4413-a957-ba34403c1c50,31,b85bf8af-5551-4172-97ec-5e618d451380,Snake1,96,6,1
3b7eb5e8-9d6d-4413-a957-ba34403c1c50,31,e593ddde-937f-446c-ac3e-fb2e9eccf695,Snake2,97,8,1
3b7eb5e8-9d6d-4413-a957-ba34403c1c50,31,391e4fee-c96f-4e14-8476-492ab7615cbc,Snake3,91,7,1
3b7eb5e8-9d6d-4413-a957-ba34403c1c50,31,8b1cd01f-7b2e-4b79-9d5d-2f867c4be915,Snake4,90,7,1
3b7eb5e8-9d6d-4413-a957-ba34403c1c50,31,b85bf8af-5551-4172-97ec-5e618d451380,Snake1,96,6,1
3b7eb5e8-9d6d-4413-a957-ba34403c1c50,31,e593ddde-937f-446c-ac3e-fb2e9eccf695,Snake2,97,8,1
3b7eb5e8-9d6d-4413-a957-ba34403c1c50,32,391e4fee-c96f-4e14-8476-492ab7615cbc,Snake3,90,7,1
3b7eb5e8-9d6d-4413-a957-ba34403c1c50,32,8b1cd01f-7b2e-4b79-9d5d-2f867c4be915,Snake4,89,7,1
3b7eb5e8-9d6d-4413-a957-ba34403c1c50,32,b85bf8af-5551-4172-97ec-5e618d451380,Snake1,95,6,1
3b7eb5e8-9d6d-4413-a957-ba34403c1c50,32,e593ddde-937f-446c-ac3e-fb2e9eccf695,Snake2,96,8,1
3b7eb5e8-9d6d-4413-a957-ba34403c1c50,32,391e4fee-c96f-4e14-8476-492ab7615cbc,Snake3,90,7,1
3b7eb5e8-9d6d-4413-a957-ba34403c1c50,32,8b1cd01f-7b2e-4b79-9d5d-2f867c4be915,Snake4,89,7,1
3b7eb5e8-9d6d-4413-a957-ba34403c1c50,32,b85bf8af-5551-4172-97ec-5e618d451380,Snake1,95,6,1
3b7eb5e8-9d6d-4413-a957-ba34403c1c50,32,e593ddde-937f-446c-ac3e-fb2e9eccf695,Snake2,96,8,1
3b7eb5e8-9d6d-4413-a957-ba34403c1c50,32,391e4fee-c96f-4e14-8476-492ab7615cbc,Snake3,90,7,1
3b7eb5e8-9d6d-4413-a957-ba34403c1c50,32,8b1cd01f-7b2e-4b79-9d5d-2f867c4be915,Snake4,89,7,1
3b7eb5e8-9d6d-4413-a957-ba34403c1c50,32,b85bf8af-5551-4172-97ec-5e618d451380,Snake1,95,6,1
3b7eb5e8-9d6d-4413-a957-ba34403c1c50,32,e593ddde-937f-446c-ac3e-fb2e9eccf695,Snake2,96,8,1
3b7eb5e8-9d6d-4413-a957-ba34403c1c50,32,391e4fee-c96f-4e14-8476-492ab7615cbc,Snake3,90,7,1
3b7eb5e8-9d6d-4413-a957-ba34403c1c50,32,8b1cd01f-7b2e-4b79-9d5d-2f867c4be915,Snake4,89,7,1
3b7eb5e8-9d6d-4413-a957-ba34403c1c50,32,b85bf8af-5551-4172-97ec-5e618d451380,Snake1,95,6,1
3b7eb5e8-9d6d-4413-a957-ba34403c1c50,32,e593ddde-937f-446c-ac3e-fb2e9eccf695,Snake2,96,8,1
3b7eb5e8-9d6d-4413-a957-ba34403c1c50,33,391e4fee-c96f-4e14-8476-492ab7615cbc,Snake3,89,7,1
3b7eb5e8-9d6d-4413-a957-ba34403c1c50,33,8b1cd01f-7b2e-4b79-9d5d-2f867c4be915,Snake4,88,7,1
3b7eb5e8-9d6d-4413-a957-ba34403c1c50,33,b85bf8af-5551-4172-97ec-5e618d451380,Snake1,94,6,1
3b7eb5e8-9d6d-4413-a957-ba34403c1c50,33,e593ddde-937f-446c-ac3e-fb2e9eccf695,Snake2,100,9,1
3b7eb5e8-9d6d-4413-a957-ba34403c1c50,33,391e4fee-c96f-4e14-8476-492ab7615cbc,Snake3,89,7,1
3b7eb5e8-9d6d-4413-a957-ba34403c1c50,33,8b1cd01f-7b2e-4b79-9d5d-2f867c4be915,Snake4,88,7,1
3b7eb5e8-9d6d-4413-a957-ba34403c1c50,33,b85bf8af-5551-4172-97ec-5e618d451380,Snake1,94,6,1
3b7eb5e8-9d6d-4413-a957-ba34403c1c50,33,e593ddde-937f-446c-ac3e-fb2e9eccf695,Snake2,100,9,1
3b7eb5e8-9d6d-4413-a957-ba34403c1c50,33,391e4fee-c96f-4e14-8476-492ab7615cbc,Snake3,89,7,1
3b7eb5e8-9d6d-4413-a957-ba34403c1c50,33,8b1cd01f-7b2e-4b79-9d5d-2f867c4be915,Snake4,88,7,1
3b7eb5e8-9d6d-4413-a957-ba34403c1c50,33,b85bf8af-5551-4172-97ec-5e618d451380,Snake1,94,6,1
3b7eb5e8-9d6d-4413-a957-ba34403c1c50,33,e593ddde-937f-446c-ac3e-fb2e9eccf695,Snake2,100,9,1
3b7eb5e8-9d6d-4413-a957-ba34403c1c50,33,391e4fee-c96f-4e14-8476-492ab7615cbc,Snake3,89,7,1
3b7eb5e8-9d6d-4413-a957-ba34403c1c50,33,8b1cd01f-7b2e-4b79-9d5d-2f867c4be915,Snake4,88,7,1
3b7eb5e8-9d6d-4413-a957-ba34403c1c50,33,b85bf8af-5551-4172-97ec-5e618d451380,Snake1,94,6,1
3b7eb5e8-9d6d-4413-a957-ba34403c1c50,33,e593ddde-937f-446c-ac3e-fb2e9eccf695,Snake2,100,9,1
3b7eb5e8-9d6d-4413-a957-ba34403c1c50,34,391e4fee-c96f-4e14-8476-492ab7615cbc,Snake3,88,7,1
3b7eb5e8-9d6d-4413-a957-ba34403c1c50,34,8b1cd01f-7b2e-4b79-9d5d-2f867c4be915,Snake4,87,7,1
3b7eb5e8-9d6d-4413-a957-ba34403c1c50,34,b85bf8af-5551-4172-97ec-5e618d451380,Snake1,93,6,1
3b7eb5e8-9d6d-4413-a957-ba34403c1c50,34,e593ddde-937f-446c-ac3e-fb2e9eccf695,Snake2,99,9,1
3b7eb5e8-9d6d-4413-a957-ba34403c1c50,34,391e4fee-c96f-4e14-8476-492ab7615cbc,Snake3,88,7,1
3b7eb5e8-9d6d-4413-a957-ba34403c1c50,34,8b1cd01f-7b2e-4b79-9d5d-2f867c4be915,Snake4,87,7,1
3b7eb5e8-9d6d-4413-a957-ba34403c1c50,34,b85bf8af-5551-4172-97ec-5e618d451380,Snake1,93,6,1
3b7eb5e8-9d6d-4413-a957-ba34403c1c50,34,e593ddde-937f-446c-ac3e-fb2e9eccf695,Snake2,99,9,1
3b7eb5e8-9d6d-4413-a957-ba34403c1c50,34,391e4fee-c96f-4e14-8476-492ab7615cbc,Snake3,88,7,1
3b7eb5e8-9d6d-4413-a957-ba34403c1c50,34,8b1cd01f-7b2e-4b79-9d5d-2f867c4be915,Snake4,87,7,1
3b7eb5e8-9d6d-4413-a957-ba34403c1c50,34,b85bf8af-5551-4172-97ec-5e618d451380,Snake1,93,6,1
3b7eb5e8-9d6d-4413-a957-ba34403c1c50,34,e593ddde-937f-446c-ac3e-fb2e9eccf695,Snake2,99,9,1
3b7eb5e8-9d6d-4413-a957-ba34403c1c50,34,391e4fee-c96f-4e14-8476-492ab7615cbc,Snake3,88,7,1
3b7eb5e8-9d6d-4413-a957-ba34403c1c50,34,8b1cd01f-7b2e-4b79-9d5d-2f867c4be915,Snake4,87,7,1
3b7eb5e8-9d6d-4413-a957-ba34403c1c50,34,b85bf8af-5551-4172-97ec-5e618d451380,Snake1,93,6,1
3b7eb5e8-9d6d-4413-a957-ba34403c1c50,34,e593ddde-937f-446c-ac3e-fb2e9eccf695,Snake2,99,9,1
3b7eb5e8-9d6d-4413-a957-ba34403c1c50,35,8b1cd01f-7b2e-4b79-9d5d-2f867c4be915,Snake4,86,7,1
3b7eb5e8-9d6d-4413-a957-ba34403c1c50,35,b85bf8af-5551-4172-97ec-5e618d451380,Snake1,92,6,1
3b7eb5e8-9d6d-4413-a957-ba34403c1c50,35,e593ddde-937f-446c-ac3e-fb2e9eccf695,Snake2,98,9,1
3b7eb5e8-9d6d-4413-a957-ba34403c1c50,35,391e4fee-c96f-4e14-8476-492ab7615cbc,Snake3,88,7,0
3b7eb5e8-9d6d-4413-a957-ba34403c1c50,35,8b1cd01f-7b2e-4b79-9d5d-2f867c4be915,Snake4,86,7,1
3b7eb5e8-9d6d-4413-a957-ba34403c1c50,35,b85bf8af-5551-4172-97ec-5e618d451380,Snake1,92,6,1
3b7eb5e8-9d6d-4413-a957-ba34403c1c50,35,e593ddde-937f-446c-ac3e-fb2e9eccf695,Snake2,98,9,1
3b7eb5e8-9d6d-4413-a957-ba34403c1c50,35,391e4fee-c96f-4e14-8476-492ab7615cbc,Snake3,88,7,0
3b7eb5e8-9d6d-4413-a957-ba34403c1c50,35,8b1cd01f-7b2e-4b79-9d5d-2f867c4be915,Snake4,86,7,1
3b7eb5e8-9d6d-4413-a957-ba34403c1c50,35,b85bf8af-5551-4172-97ec-5e618d451380,Snake1,92,6,1
3b7eb5e8-9d6d-4413-a957-ba34403c1c50,35,e593ddde-937f-446c-ac3e-fb2e9eccf695,Snake2,98,9,1
3b7eb5e8-9d6d-4413-a957-ba34403c1c50,35,391e4fee-c96f-4e14-8476-492ab7615cbc,Snake3,88,7,0
3b7eb5e8-9d6d-4413-a957-ba34403c1c50,36,8b1cd01f-7b2e-4b79-9d5d-2f867c4be915,Snake4,85,7,1
3b7eb5e8-9d6d-4413-a957-ba34403c1c50,36,b85bf8af-5551-4172-97ec-5e618d451380,Snake1,91,6,1
3b7eb5e8-9d6d-4413-a957-ba34403c1c50,36,e593ddde-937f-446c-ac3e-fb2e9eccf695,Snake2,97,9,1
3b7eb5e8-9d6d-4413-a957-ba34403c1c50,36,391e4fee-c96f-4e14-8476-492ab7615cbc,Snake3,88,7,0
3b7eb5e8-9d6d-4413-a957-ba34403c1c50,36,8b1cd01f-7b2e-4b79-9d5d-2f867c4be915,Snake4,85,7,1
3b7eb5e8-9d6d-4413-a957-ba34403c1c50,36,b85bf8af-5551-4172-97ec-5e618d451380,Snake1,91,6,1
3b7eb5e8-9d6d-4413-a957-ba34403c1c50,36,e593ddde-937f-446c-ac3e-fb2e9eccf695,Snake2,97,9,1
3b7eb5e8-9d6d-4413-a957-ba34403c1c50,36,391e4fee-c96f-4e14-8476-492ab7615cbc,Snake3,88,7,0
3b7eb5e8-9d6d-4413-a957-ba34403c1c50,36,8b1cd01f-7b2e-4b79-9d5d-2f867c4be915,Snake4,85,7,1
3b7eb5e8-9d6d-4413-a957-ba34403c1c50,36,b85bf8af-5551-4172-97ec-5e618d451380,Snake1,91,6,1
3b7eb5e8-9d6d-4413-a957-ba34403c1c50,36,e593ddde-937f-446c-ac3e-fb2e9eccf695,Snake2,97,9,1
3b7eb5e8-9d6d-4413-a957-ba34403c1c50,36,391e4fee-c96f-4e14-8476-492ab7615cbc,Snake3,88,7,0
3b7eb5e8-9d6d-4413-a957-ba34403c1c50,37,8b1cd01f-7b2e-4b79-9d5d-2f867c4be915,Snake4,84,7,1
3b7eb5e8-9d6d-4413-a957-ba34403c1c50,37,b85bf8af-5551-4172-97ec-5e618d451380,Snake1,90,6,1
3b7eb5e8-9d6d-4413-a957-ba34403c1c50,37,e593ddde-937f-446c-ac3e-fb2e9eccf695,Snake2,96,9,1
3b7eb5e8-9d6d-4413-a957-ba34403c1c50,37,391e4fee-c96f-4e14-8476-492ab7615cbc,Snake3,88,7,0
3b7eb5e8-9d6d-4413-a957-ba34403c1c50,37,8b1cd01f-7b2e-4b79-9d5d-2f867c4be915,Snake4,84,7,1
3b7eb5e8-9d6d-4413-a957-ba34403c1c50,37,b85bf8af-5551-4172-97ec-5e618d451380,Snake1,90,6,1
3b7eb5e8-9d6d-4413-a957-ba34403c1c50,37,e593ddde-937f-446c-ac3e-fb2e9eccf695,Snake2,96,9,1
3b7eb5e8-9d6d-4413-a957-ba34403c1c50,37,391e4fee-c96f-4e14-8476-492ab7615cbc,Snake3,88,7,0
3b7eb5e8-9d6d-4413-a957-ba34403c1c50,37,8b1cd01f-7b2e-4b79-9d5d-2f867c4be915,Snake4,84,7,1
3b7eb5e8-9d6d-4413-a957-ba34403c1c50,37,b85bf8af-5551-4172-97ec-5e618d451380,Snake1,90,6,1
3b7eb5e8-9d6d-4413-a957-ba34403c1c50,37,e593ddde-937f-446c-ac3e-fb2e9eccf695,Snake2,96,9,1
3b7eb5e8-9d6d-4413-a957-ba34403c1c50,37,391e4fee-c96f-4e14-8476-492ab7615cbc,Snake3,88,7,0
3b7eb5e8-9d6d-4413-a957-ba34403c1c50,38,8b1cd01f-7b2e-4b79-9d5d-2f867c4be915,Snake4,83,7,1
3b7eb5e8-9d6d-4413-a957-ba34403c1c50,38,b85bf8af-5551-4172-97ec-5e618d451380,Snake1,89,6,1
3b7eb5e8-9d6d-4413-a957-ba34403c1c50,38,e593ddde-937f-446c-ac3e-fb2e9eccf695,Snake2,95,9,1
3b7eb5e8-9d6d-4413-a957-ba34403c1c50,38,391e4fee-c96f-4e14-8476-492ab7615cbc,Snake3,88,7,0
3b7eb5e8-9d6d-4413-a957-ba34403c1c50,38,8b1cd01f-7b2e-4b79-9d5d-2f867c4be915,Snake4,83,7,1
3b7eb5e8-9d6d-4413-a957-ba34403c1c50,38,b85bf8af-5551-4172-97ec-5e618d451380,Snake1,89,6,1
3b7eb5e8-9d6d-4413-a957-ba34403c1c50,38,e593ddde-937f-446c-ac3e-fb2e9eccf695,Snake2,95,9,1
3b7eb5e8-9d6d-4413-a957-ba34403c1c50,38,391e4fee-c96f-4e14-8476-492ab7615cbc,Snake3,88,7,0
3b7eb5e8-9d6d-4413-a957-ba34403c1c50,38,8b1cd01f-7b2e-4b79-9d5d-2f867c4be915,Snake4,83,7,1
3b7eb5e8-9d6d-4413-a957-ba34403c1c50,38,b85bf8af-5551-4172-97ec-5e618d451380,Snake1,89,6,1
3b7eb5e8-9d6d-4413-a957-ba34403c1c50,38,e593ddde-937f-446c-ac3e-fb2e9eccf695,Snake2,95,9,1
3b7eb5e8-9d6d-4413-a957-ba34403c1c50,38,391e4fee-c96f-4e14-8476-492ab7615cbc,Snake3,88,7,0
3b7eb5e8-9d6d-4413-a957-ba34403c1c50,39,8b1cd01f-7b2e-4b79-9d5d-2f867c4be915,Snake4,82,7,1
3b7eb5e8-9d6d-4413-a957-ba34403c1c50,39,b85bf8af-5551-4172-97ec-5e618d451380,Snake1,88,6,1
3b7eb5e8-9d6d-4413-a957-ba34403c1c50,39,e593ddde-937f-446c-ac3e-fb2e9eccf695,Snake2,94,9,1
3b7eb5e8-9d6d-4413-a957-ba34403c1c50,39,391e4fee-c96f-4e14-8476-492ab7615cbc,Snake3,88,7,0
3b7eb5e8-9d6d-4413-a957-ba34403c1c50,39,8b1cd01f-7b2e-4b79-9d5d-2f867c4be915,Snake4,82,7,1
3b7eb5e8-9d6d-4413-a957-ba34403c1c50,39,b85bf8af-5551-4172-97ec-5e618d451380,Snake1,88,6,1
3b7eb5e8-9d6d-4413-a957-ba34403c1c50,39,e593ddde-937f-446c-ac3e-fb2e9eccf695,Snake2,94,9,1
3b7eb5e8-9d6d-4413-a957-ba34403c1c50,39,391e4fee-c96f-4e14-8476-492ab7615cbc,Snake3,88,7,0
3b7eb5e8-9d6d-4413-a957-ba34403c1c50,40,8b1cd01f-7b2e-4b79-9d5d-2f867c4be915,Snake4,81,7,1
3b7eb5e8-9d6d-4413-a957-ba34403c1c50,40,b85bf8af-5551-4172-97ec-5e618d451380,Snake1,87,6,1
3b7eb5e8-9d6d-4413-a957-ba34403c1c50,40,e593ddde-937f-446c-ac3e-fb2e9eccf695,Snake2,93,9,1
3b7eb5e8-9d6d-4413-a957-ba34403c1c50,40,391e4fee-c96f-4e14-8476-492ab7615cbc,Snake3,88,7,0
3b7eb5e8-9d6d-4413-a957-ba34403c1c50,40,8b1cd01f-7b2e-4b79-9d5d-2f867c4be915,Snake4,81,7,1
3b7eb5e8-9d6d-4413-a957-ba34403c1c50,40,b85bf8af-5551-4172-97ec-5e618d451380,Snake1,87,6,1
3b7eb5e8-9d6d-4413-a957-ba34403c1c50,40,e593ddde-937f-446c-ac3e-fb2e9eccf695,Snake2,93,9,1
3b7eb5e8-9d6d-4413-a957-ba34403c1c50,40,391e4fee-c96f-4e14-8476-492ab7615cbc,Snake3,88,7,0
3b7eb5e8-9d6d-4413-a957-ba34403c1c50,40,8b1cd01f-7b2e-4b79-9d5d-2f867c4be915,Snake4,81,7,1
3b7eb5e8-9d6d-4413-a957-ba34403c1c50,40,b85bf8af-5551-4172-97ec-5e618d451380,Snake1,87,6,1
3b7eb5e8-9d6d-4413-a957-ba34403c1c50,40,e593ddde-937f-446c-ac3e-fb2e9eccf695,Snake2,93,9,1
3b7eb5e8-9d6d-4413-a957-ba34403c1c50,40,391e4fee-c96f-4e14-8476-492ab7615cbc,Snake3,88,7,0
3b7eb5e8-9d6d-4413-a957-ba34403c1c50,41,8b1cd01f-7b2e-4b79-9d5d-2f867c4be915,Snake4,100,8,1
3b7eb5e8-9d6d-4413-a957-ba34403c1c50,41,b85bf8af-5551-4172-97ec-5e618d451380,Snake1,86,6,1
3b7eb5e8-9d6d-4413-a957-ba34403c1c50,41,e593ddde-937f-446c-ac3e-fb2e9eccf695,Snake2,100,10,1
3b7eb5e8-9d6d-4413-a957-ba34403c1c50,41,391e4fee-c96f-4e14-8476-492ab7615cbc,Snake3,88,7,0
3b7eb5e8-9d6d-4413-a957-ba34403c1c50,41,8b1cd01f-7b2e-4b79-9d5d-2f867c4be915,Snake4,100,8,1
3b7eb5e8-9d6d-4413-a957-ba34403c1c50,41,b85bf8af-5551-4172-97ec-5e618d451380,Snake1,86,6,1
3b7eb5e8-9d6d-4413-a957-ba34403c1c50,41,e593ddde-937f-446c-ac3e-fb2e9eccf695,Snake2,100,10,1
3b7eb5e8-9d6d-4413-a957-ba34403c1c50,41,391e4fee-c96f-4e14-8476-492ab7615cbc,Snake3,88,7,0
3b7eb5e8-9d6d-4413-a957-ba34403c1c50,41,8b1cd01f-7b2e-4b79-9d5d-2f867c4be915,Snake4,100,8,1
3b7eb5e8-9d6d-4413-a957-ba34403c1c50,41,b85bf8af-5551-4172-97ec-5e618d451380,Snake1,86,6,1
3b7eb5e8-9d6d-4413-a957-ba34403c1c50,41,e593ddde-937f-446c-ac3e-fb2e9eccf695,Snake2,100,10,1
3b7eb5e8-9d6d-4413-a957-ba34403c1c50,41,391e4fee-c96f-4e14-8476-492ab7615cbc,Snake3,88,7,0
3b7eb5e8-9d6d-4413-a957-ba34403c1c50,42,8b1cd01f-7b2e-4b79-9d5d-2f867c4be915,Snake4,99,8,1
3b7eb5e8-9d6d-4413-a957-ba34403c1c50,42,b85bf8af-5551-4172-97ec-5e618d451380,Snake1,85,6,1
3b7eb5e8-9d6d-4413-a957-ba34403c1c50,42,e593ddde-937f-446c-ac3e-fb2e9eccf695,Snake2,99,10,1
3b7eb5e8-9d6d-4413-a957-ba34403c1c50,42,391e4fee-c96f-4e14-8476-492ab7615cbc,Snake3,88,7,0
3b7eb5e8-9d6d-4413-a957-ba34403c1c50,42,8b1cd01f-7b2e-4b79-9d5d-2f867c4be915,Snake4,99,8,1
3b7eb5e8-9d6d-4413-a957-ba34403c1c50,42,b85bf8af-5551-4172-97ec-5e618d451380,Snake1,85,6,1
3b7eb5e8-9d6d-4413-a957-ba34403c1c50,42,e593ddde-937f-446c-ac3e-fb2e9eccf695,Snake2,99,10,1
3b7eb5e8-9d6d-4413-a957-ba34403c1c50,42,391e4fee-c96f-4e14-8476-492ab7615cbc,Snake3,88,7,0
3b7eb5e8-9d6d-4413-a957-ba34403c1c50,42,8b1cd01f-7b2e-4b79-9d5d-2f867c4be915,Snake4,99,8,1
3b7eb5e8-9d6d-4413-a957-ba34403c1c50,42,b85bf8af-5551-4172-97ec-5e618d451380,Snake1,85,6,1
3b7eb5e8-9d6d-4413-a957-ba34403c1c50,42,e593ddde-937f-446c-ac3e-fb2e9eccf695,Snake2,99,10,1
3b7eb5e8-9d6d-4413-a957-ba34403c1c50,42,391e4fee-c96f-4e14-8476-492ab7615cbc,Snake3,88,7,0
3b7eb5e8-9d6d-4413-a957-ba34403c1c50,43,8b1cd01f-7b2e-4b79-9d5d-2f867c4be915,Snake4,100,9,1
3b7eb5e8-9d6d-4413-a957-ba34403c1c50,43,b85bf8af-5551-4172-97ec-5e618d451380,Snake1,84,6,1
3b7eb5e8-9d6d-4413-a957-ba34403c1c50,43,e593ddde-937f-446c-ac3e-fb2e9eccf695,Snake2,98,10,1
3b7eb5e8-9d6d-4413-a957-ba34403c1c50,43,391e4fee-c96f-4e14-8476-492ab7615cbc,Snake3,88,7,0
3b7eb5e8-9d6d-4413-a957-ba34403c1c50,43,8b1cd01f-7b2e-4b79-9d5d-2f867c4be915,Snake4,100,9,1
3b7eb5e8-9d6d-4413-a957-ba34403c1c50,43,b85bf8af-5551-4172-97ec-5e618d451380,Snake1,84,6,1
3b7eb5e8-9d6d-4413-a957-ba34403c1c50,43,e593ddde-937f-446c-ac3e-fb2e9eccf695,Snake2,98,10,1
3b7eb5e8-9d6d-4413-a957-ba34403c1c50,43,391e4fee-c96f-4e14-8476-492ab7615cbc,Snake3,88,7,0
3b7eb5e8-9d6d-4413-a957-ba34403c1c50,43,8b1cd01f-7b2e-4b79-9d5d-2f867c4be915,Snake4,100,9,1
3b7eb5e8-9d6d-4413-a957-ba34403c1c50,43,b85bf8af-5551-4172-97ec-5e618d451380,Snake1,84,6,1
3b7eb5e8-9d6d-4413-a957-ba34403c1c50,43,e593ddde-937f-446c-ac3e-fb2e9eccf695,Snake2,98,10,1
3b7eb5e8-9d6d-4413-a957-ba34403c1c50,43,391e4fee-c96f-4e14-8476-492ab7615cbc,Snake3,88,7,0
3b7eb5e8-9d6d-4413-a957-ba34403c1c50,44,b85bf8af-5551-4172-97ec-5e618d451380,Snake1,83,6,1
3b7eb5e8-9d6d-4413-a957-ba34403c1c50,44,e593ddde-937f-446c-ac3e-fb2e9eccf695,Snake2,97,10,1
3b7eb5e8-9d6d-4413-a957-ba34403c1c50,44,391e4fee-c96f-4e14-8476-492ab7615cbc,Snake3,88,7,0
3b7eb5e8-9d6d-4413-a957-ba34403c1c50,44,8b1cd01f-7b2e-4b79-9d5d-2f867c4be915,Snake4,100,9,0
3b7eb5e8-9d6d-4413-a957-ba34403c1c50,44,b85bf8af-5551-4172-97ec-5e618d451380,Snake1,83,6,1
3b7eb5e8-9d6d-4413-a957-ba34403c1c50,44,e593ddde-937f-446c-ac3e-fb2e9eccf695,Snake2,97,10,1
3b7eb5e8-9d6d-4413-a957-ba34403c1c50,44,391e4fee-c96f-4e14-8476-492ab7615cbc,Snake3,88,7,0
3b7eb5e8-9d6d-4413-a957-ba34403c1c50,44,8b1cd01f-7b2e-4b79-9d5d-2f867c4be915,Snake4,100,9,0
3b7eb5e8-9d6d-4413-a957-ba34403c1c50,45,b85bf8af-5551-4172-97ec-5e618d451380,Snake1,82,6,1
3b7eb5e8-9d6d-4413-a957-ba34403c1c50,45,e593ddde-937f-446c-ac3e-fb2e9eccf695,Snake2,96,10,1
3b7eb5e8-9d6d-4413-a957-ba34403c1c50,45,391e4fee-c96f-4e14-8476-492ab7615cbc,Snake3,88,7,0
3b7eb5e8-9d6d-4413-a957-ba34403c1c50,45,8b1cd01f-7b2e-4b79-9d5d-2f867c4be915,Snake4,100,9,0
3b7eb5e8-9d6d-4413-a957-ba34403c1c50,45,b85bf8af-5551-4172-97ec-5e618d451380,Snake1,82,6,1
3b7eb5e8-9d6d-4413-a957-ba34403c1c50,45,e593ddde-937f-446c-ac3e-fb2e9eccf695,Snake2,96,10,1
3b7eb5e8-9d6d-4413-a957-ba34403c1c50,45,391e4fee-c96f-4e14-8476-492ab7615cbc,Snake3,88,7,0
3b7eb5e8-9d6d-4413-a957-ba34403c1c50,45,8b1cd01f-7b2e-4b79-9d5d-2f867c4be915,Snake4,100,9,0
3b7eb5e8-9d6d-4413-a957-ba34403c1c50,46,b85bf8af-5551-4172-97ec-5e618d451380,Snake1,81,6,1
3b7eb5e8-9d6d-4413-a957-ba34403c1c50,46,e593ddde-937f-446c-ac3e-fb2e9eccf695,Snake2,95,10,1
3b7eb5e8-9d6d-4413-a957-ba34403c1c50,46,391e4fee-c96f-4e14-8476-492ab7615cbc,Snake3,88,7,0
3b7eb5e8-9d6d-4413-a957-ba34403c1c50,46,8b1cd01f-7b2e-4b79-9d5d-2f867c4be915,Snake4,100,9,0
3b7eb5e8-9d6d-4413-a957-ba34403c1c50,46,b85bf8af-5551-4172-97ec-5e618d451380,Snake1,81,6,1
3b7eb5e8-9d6d-4413-a957-ba34403c1c50,46,e593ddde-937f-446c-ac3e-fb2e9eccf695,Snake2,95,10,1
3b7eb5e8-9d6d-4413-a957-ba34403c1c50,46,391e4fee-c96f-4e14-8476-492ab7615cbc,Snake3,88,7,0
3b7eb5e8-9d6d-4413-a957-ba34403c1c50,46,8b1cd01f-7b2e-4b79-9d5d-2f867c4be915,Snake4,100,9,0
3b7eb5e8-9d6d-4413-a957-ba34403c1c50,47,b85bf8af-5551-4172-97ec-5e618d451380,Snake1,80,6,1
3b7eb5e8-9d6d-4413-a957-ba34403c1c50,47,e593ddde-937f-446c-ac3e-fb2e9eccf695,Snake2,94,10,1
3b7eb5e8-9d6d-4413-a957-ba34403c1c50,47,391e4fee-c96f-4e14-8476-492ab7615cbc,Snake3,88,7,0
3b7eb5e8-9d6d-4413-a957-ba34403c1c50,47,8b1cd01f-7b2e-4b79-9d5d-2f867c4be915,Snake4,100,9,0
3b7eb5e8-9d6d-4413-a957-ba34403c1c50,47,b85bf8af-5551-4172-97ec-5e618d451380,Snake1,80,6,1
3b7eb5e8-9d6d-4413-a957-ba34403c1c50,47,e593ddde-937f-446c-ac3e-fb2e9eccf695,Snake2,94,10,1
3b7eb5e8-9d6d-4413-a957-ba34403c1c50,47,391e4fee-c96f-4e14-8476-492ab7615cbc,Snake3,88,7,0
3b7eb5e8-9d6d-4413-a957-ba34403c1c50,47,8b1cd01f-7b2e-4b79-9d5d-2f867c4be915,Snake4,100,9,0
3b7eb5e8-9d6d-4413-a957-ba34403c1c50,48,b85bf8af-5551-4172-97ec-5e618d451380,Snake1,79,6,1
3b7eb5e8-9d6d-4413-a957-ba34403c1c50,48,e593ddde-937f-446c-ac3e-fb2e9eccf695,Snake2,93,10,1
3b7eb5e8-9d6d-4413-a957-ba34403c1c50,48,391e4fee-c96f-4e14-8476-492ab7615cbc,Snake3,88,7,0
3b7eb5e8-9d6d-4413-a957-ba34403c1c50,48,8b1cd01f-7b2e-4b79-9d5d-2f867c4be915,Snake4,100,9,0
3b7eb5e8-9d6d-4413-a957-ba34403c1c50,48,b85bf8af-5551-4172-97ec-5e618d451380,Snake1,79,6,1
3b7eb5e8-9d6d-4413-a957-ba34403c1c50,48,e593ddde-937f-446c-ac3e-fb2e9eccf695,Snake2,93,10,1
3b7eb5e8-9d6d-4413-a957-ba34403c1c50,48,391e4fee-c96f-4e14-8476-492ab7615cbc,Snake3,88,7,0
3b7eb5e8-9d6d-4413-a957-ba34403c1c50,48,8b1cd01f-7b2e-4b79-9d5d-2f867c4be915,Snake4,100,9,0
3b7eb5e8-9d6d-4413-a957-ba34403c1c50,49,b85bf8af-5551-4172-97ec-5e618d451380,Snake1,78,6,1
3b7eb5e8-9d6d-4413-a957-ba34403c1c50,49,e593ddde-937f-446c-ac3e-fb2e9eccf695,Snake2,92,10,1
3b7eb5e8-9d6d-4413-a957-ba34403c1c50,49,391e4fee-c96f-4e14-8476-492ab7615cbc,Snake3,88,7,0
3b7eb5e8-9d6d-4413-a957-ba34403c1c50,49,8b1cd01f-7b2e-4b79-9d5d-2f867c4be915,Snake4,100,9,0
3b7eb5e8-9d6d-4413-a957-ba34403c1c50,49,b85bf8af-5551-4172-97ec-5e618d451380,Snake1,78,6,1
3b7eb5e8-9d6d-4413-a957-ba34403c1c50,49,e593ddde-937f-446c-ac3e-fb2e9eccf695,Snake2,92,10,1
3b7eb5e8-9d6d-4413-a957-ba34403c1c50,49,391e4fee-c96f-4e14-8476-492ab7615cbc,Snake3,88,7,0
3b7eb5e8-9d6d-4413-a957-ba34403c1c50,49,8b1cd01f-7b2e-4b79-9d5d-2f867c4be915,Snake4,100,9,0
3b7eb5e8-9d6d-4413-a957-ba34403c1c50,50,b85bf8af-5551-4172-97ec-5e618d451380,Snake1,77,6,1
3b7eb5e8-9d6d-4413-a957-ba34403c1c50,50,e593ddde-937f-446c-ac3e-fb2e9eccf695,Snake2,91,10,1
3b7eb5e8-9d6d-4413-a957-ba34403c1c50,50,391e4fee-c96f-4e14-8476-492ab7615cbc,Snake3,88,7,0
3b7eb5e8-9d6d-4413-a957-ba34403c1c50,50,8b1cd01f-7b2e-4b79-9d5d-2f867c4be915,Snake4,100,9,0
3b7eb5e8-9d6d-4413-a957-ba34403c1c50,50,b85bf8af-5551-4172-97ec-5e618d451380,Snake1,77,6,1
3b7eb5e8-9d6d-4413-a957-ba34403c1c50,50,e593ddde-937f-446c-ac3e-fb2e9eccf695,Snake2,91,10,1
3b7eb5e8-9d6d-4413-a957-ba34403c1c50,50,391e4fee-c96f-4e14-8476-492ab7615cbc,Snake3,88,7,0
3b7eb5e8-9d6d-4413-a957-ba34403c1c50,50,8b1cd01f-7b2e-4b79-9d5d-2f867c4be915,Snake4,100,9,0
3b7eb5e8-9d6d-4413-a957-ba34403c1c50,51,b85bf8af-5551-4172-97ec-5e618d451380,Snake1,76,6,1
3b7eb5e8-9d6d-4413-a957-ba34403c1c50,51,e593ddde-937f-446c-ac3e-fb2e9eccf695,Snake2,90,10,1
3b7eb5e8-9d6d-4413-a957-ba34403c1c50,51,391e4fee-c96f-4e14-8476-492ab7615cbc,Snake3,88,7,0
3b7eb5e8-9d6d-4413-a957-ba34403c1c50,51,8b1cd01f-7b2e-4b79-9d5d-2f867c4be915,Snake4,100,9,0
3b7eb5e8-9d6d-4413-a957-ba34403c1c50,51,b85bf8af-5551-4172-97ec-5e618d451380,Snake1,76,6,1
3b7eb5e8-9d6d-4413-a957-ba34403c1c50,51,e593ddde-937f-446c-ac3e-fb2e9eccf695,Snake2,90,10,1
3b7eb5e8-9d6d-4413-a957-ba34403c1c50,51,391e4fee-c96f-4e14-8476-492ab7615cbc,Snake3,88,7,0
3b7eb5e8-9d6d-4413-a957-ba34403c1c50,51,8b1cd01f-7b2e-4b79-9d5d-2f867c4be915,Snake4,100,9,0
3b7eb5e8-9d6d-4413-a957-ba34403c1c50,52,b85bf8af-5551-4172-97ec-5e618d451380,Snake1,75,6,1
3b7eb5e8-9d6d-4413-a957-ba34403c1c50,52,e593ddde-937f-446c-ac3e-fb2e9eccf695,Snake2,89,10,1
3b7eb5e8-9d6d-4413-a957-ba34403c1c50,52,391e4fee-c96f-4e14-8476-492ab7615cbc,Snake3,88,7,0
3b7eb5e8-9d6d-4413-a957-ba34403c1c50,52,8b1cd01f-7b2e-4b79-9d5d-2f867c4be915,Snake4,100,9,0
3b7eb5e8-9d6d-4413-a957-ba34403c1c50,52,b85bf8af-5551-4172-97ec-5e618d451380,Snake1,75,6,1
3b7eb5e8-9d6d-4413-a957-ba34403c1c50,52,e593ddde-937f-446c-ac3e-fb2e9eccf695,Snake2,89,10,1
3b7eb5e8-9d6d-4413-a957-ba34403c1c50,52,391e4fee-c96f-4e14-8476-492ab7615cbc,Snake3,88,7,0
3b7eb5e8-9d6d-4413-a957-ba34403c1c50,52,8b1cd01f-7b2e-4b79-9d5d-2f867c4be915,Snake4,100,9,0
3b7eb5e8-9d6d-4413-a957-ba34403c1c50,53,b85bf8af-5551-4172-97ec-5e618d451380,Snake1,74,6,1
3b7eb5e8-9d6d-4413-a957-ba34403c1c50,53,e593ddde-937f-446c-ac3e-fb2e9eccf695,Snake2,88,10,1
3b7eb5e8-9d6d-4413-a957-ba34403c1c50,53,391e4fee-c96f-4e14-8476-492ab7615cbc,Snake3,88,7,0
3b7eb5e8-9d6d-4413-a957-ba34403c1c50,53,8b1cd01f-7b2e-4b79-9d5d-2f867c4be915,Snake4,100,9,0
3b7eb5e8-9d6d-4413-a957-ba34403c1c50,53,b85bf8af-5551-4172-97ec-5e618d451380,Snake1,74,6,1
3b7eb5e8-9d6d-4413-a957-ba34403c1c50,53,e593ddde-937f-446c-ac3e-fb2e9eccf695,Snake2,88,10,1
3b7eb5e8-9d6d-4413-a957-ba34403c1c50,53,391e4fee-c96f-4e14-8476-492ab7615cbc,Snake3,88,7,0
3b7eb5e8-9d6d-4413-a957-ba34403c1c50,53,8b1cd01f-7b2e-4b79-9d5d-2f867c4be915,Snake4,100,9,0
3b7eb5e8-9d6d-4413-a957-ba34403c1c50,54,b85bf8af-5551-4172-97ec-5e618d451380,Snake1,73,6,1
3b7eb5e8-9d6d-4413-a957-ba34403c1c50,54,e593ddde-937f-446c-ac3e-fb2e9eccf695,Snake2,87,10,1
3b7eb5e8-9d6d-4413-a957-ba34403c1c50,54,391e4fee-c96f-4e14-8476-492ab7615cbc,Snake3,88,7,0
3b7eb5e8-9d6d-4413-a957-ba34403c1c50,54,8b1cd01f-7b2e-4b79-9d5d-2f867c4be915,Snake4,100,9,0
3b7eb5e8-9d6d-4413-a957-ba34403c1c50,55,b85bf8af-5551-4172-97ec-5e618d451380,Snake1,72,6,1
3b7eb5e8-9d6d-4413-a957-ba34403c1c50,55,e593ddde-937f-446c-ac3e-fb2e9eccf695,Snake2,86,10,1
3b7eb5e8-9d6d-4413-a957-ba34403c1c50,55,391e4fee-c96f-4e14-8476-492ab7615cbc,Snake3,88,7,0
3b7eb5e8-9d6d-4413-a957-ba34403c1c50,55,8b1cd01f-7b2e-4b79-9d5d-2f867c4be915,Snake4,100,9,0
3b7eb5e8-9d6d-4413-a957-ba34403c1c50,55,b85bf8af-5551-4172-97ec-5e618d451380,Snake1,72,6,1
3b7eb5e8-9d6d-4413-a957-ba34403c1c50,55,e593ddde-937f-446c-ac3e-fb2e9eccf695,Snake2,86,10,1
3b7eb5e8-9d6d-4413-a957-ba34403c1c50,55,391e4fee-c96f-4e14-8476-492ab7615cbc,Snake3,88,7,0
3b7eb5e8-9d6d-4413-a957-ba34403c1c50,55,8b1cd01f-7b2e-4b79-9d5d-2f867c4be915,Snake4,100,9,0
3b7eb5e8-9d6d-4413-a957-ba34403c1c50,56,b85bf8af-5551-4172-97ec-5e618d451380,Snake1,71,6,1
3b7eb5e8-9d6d-4413-a957-ba34403c1c50,56,e593ddde-937f-446c-ac3e-fb2e9eccf695,Snake2,85,10,1
3b7eb5e8-9d6d-4413-a957-ba34403c1c50,56,391e4fee-c96f-4e14-8476-492ab7615cbc,Snake3,88,7,0
3b7eb5e8-9d6d-4413-a957-ba34403c1c50,56,8b1cd01f-7b2e-4b79-9d5d-2f867c4be915,Snake4,100,9,0
3b7eb5e8-9d6d-4413-a957-ba34403c1c50,57,b85bf8af-5551-4172-97ec-5e618d451380,Snake1,70,6,1
3b7eb5e8-9d6d-4413-a957-ba34403c1c50,57,e593ddde-937f-446c-ac3e-fb2e9eccf695,Snake2,100,11,1
3b7eb5e8-9d6d-4413-a957-ba34403c1c50,57,391e4fee-c96f-4e14-8476-492ab7615cbc,Snake3,88,7,0
3b7eb5e8-9d6d-4413-a957-ba34403c1c50,57,8b1cd01f-7b2e-4b79-9d5d-2f867c4be915,Snake4,100,9,0
3b7eb5e8-9d6d-4413-a957-ba34403c1c50,57,b85bf8af-5551-4172-97ec-5e618d451380,Snake1,70,6,1
3b7eb5e8-9d6d-4413-a957-ba34403c1c50,57,e593ddde-937f-446c-ac3e-fb2e9eccf695,Snake2,100,11,1
3b7eb5e8-9d6d-4413-a957-ba34403c1c50,57,391e4fee-c96f-4e14-8476-492ab7615cbc,Snake3,88,7,0
3b7eb5e8-9d6d-4413-a957-ba34403c1c50,57,8b1cd01f-7b2e-4b79-9d5d-2f867c4be915,Snake4,100,9,0
3b7eb5e8-9d6d-4413-a957-ba34403c1c50,58,b85bf8af-5551-4172-97ec-5e618d451380,Snake1,69,6,1
3b7eb5e8-9d6d-4413-a957-ba34403c1c50,58,e593ddde-937f-446c-ac3e-fb2e9eccf695,Snake2,99,11,1
3b7eb5e8-9d6d-4413-a957-ba34403c1c50,58,391e4fee-c96f-4e14-8476-492ab7615cbc,Snake3,88,7,0
3b7eb5e8-9d6d-4413-a957-ba34403c1c50,58,8b1cd01f-7b2e-4b79-9d5d-2f867c4be915,Snake4,100,9,0
3b7eb5e8-9d6d-4413-a957-ba34403c1c50,58,b85bf8af-5551-4172-97ec-5e618d451380,Snake1,69,6,1
3b7eb5e8-9d6d-4413-a957-ba34403c1c50,58,e593ddde-937f-446c-ac3e-fb2e9eccf695,Snake2,99,11,1
3b7eb5e8-9d6d-4413-a957-ba34403c1c50,58,391e4fee-c96f-4e14-8476-492ab7615cbc,Snake3,88,7,0
3b7eb5e8-9d6d-4413-a957-ba34403c1c50,58,8b1cd01f-7b2e-4b79-9d5d-2f867c4be915,Snake4,100,9,0
3b7eb5e8-9d6d-4413-a957-ba34403c1c50,59,b85bf8af-5551-4172-97ec-5e618d451380,Snake1,68,6,1
3b7eb5e8-9d6d-4413-a957-ba34403c1c50,59,e593ddde-937f-446c-ac3e-fb2e9eccf695,Snake2,98,11,1
3b7eb5e8-9d6d-4413-a957-ba34403c1c50,59,391e4fee-c96f-4e14-8476-492ab7615cbc,Snake3,88,7,0
3b7eb5e8-9d6d-4413-a957-ba34403c1c50,59,8b1cd01f-7b2e-4b79-9d5d-2f867c4be915,Snake4,100,9,0
3b7eb5e8-9d6d-4413-a957-ba34403c1c50,59,b85bf8af-5551-4172-97ec-5e618d451380,Snake1,68,6,1
3b7eb5e8-9d6d-4413-a957-ba34403c1c50,59,e593ddde-937f-446c-ac3e-fb2e9eccf695,Snake2,98,11,1
3b7eb5e8-9d6d-4413-a957-ba34403c1c50,59,391e4fee-c96f-4e14-8476-492ab7615cbc,Snake3,88,7,0
3b7eb5e8-9d6d-4413-a957-ba34403c1c50,59,8b1cd01f-7b2e-4b79-9d5d-2f867c4be915,Snake4,100,9,0
3b7eb5e8-9d6d-4413-a957-ba34403c1c50,60,b85bf8af-5551-4172-97ec-5e618d451380,Snake1,67,6,1
3b7eb5e8-9d6d-4413-a957-ba34403c1c50,60,e593ddde-937f-446c-ac3e-fb2e9eccf695,Snake2,97,11,1
3b7eb5e8-9d6d-4413-a957-ba34403c1c50,60,391e4fee-c96f-4e14-8476-492ab7615cbc,Snake3,88,7,0
3b7eb5e8-9d6d-4413-a957-ba34403c1c50,60,8b1cd01f-7b2e-4b79-9d5d-2f867c4be915,Snake4,100,9,0
3b7eb5e8-9d6d-4413-a957-ba34403c1c50,60,b85bf8af-5551-4172-97ec-5e618d451380,Snake1,67,6,1
3b7eb5e8-9d6d-4413-a957-ba34403c1c50,60,e593ddde-937f-446c-ac3e-fb2e9eccf695,Snake2,97,11,1
3b7eb5e8-9d6d-4413-a957-ba34403c1c50,60,391e4fee-c96f-4e14-8476-492ab7615cbc,Snake3,88,7,0
3b7eb5e8-9d6d-4413-a957-ba34403c1c50,60,8b1cd01f-7b2e-4b79-9d5d-2f867c4be915,Snake4,100,9,0
3b7eb5e8-9d6d-4413-a957-ba34403c1c50,61,b85bf8af-5551-4172-97ec-5e618d451380,Snake1,66,6,1
3b7eb5e8-9d6d-4413-a957-ba34403c1c50,61,e593ddde-937f-446c-ac3e-fb2e9eccf695,Snake2,96,11,1
3b7eb5e8-9d6d-4413-a957-ba34403c1c50,61,391e4fee-c96f-4e14-8476-492ab7615cbc,Snake3,88,7,0
3b7eb5e8-9d6d-4413-a957-ba34403c1c50,61,8b1cd01f-7b2e-4b79-9d5d-2f867c4be915,Snake4,100,9,0
3b7eb5e8-9d6d-4413-a957-ba34403c1c50,61,b85bf8af-5551-4172-97ec-5e618d451380,Snake1,66,6,1
3b7eb5e8-9d6d-4413-a957-ba34403c1c50,61,e593ddde-937f-446c-ac3e-fb2e9eccf695,Snake2,96,11,1
3b7eb5e8-9d6d-4413-a957-ba34403c1c50,61,391e4fee-c96f-4e14-8476-492ab7615cbc,Snake3,88,7,0
3b7eb5e8-9d6d-4413-a957-ba34403c1c50,61,8b1cd01f-7b2e-4b79-9d5d-2f867c4be915,Snake4,100,9,0
3b7eb5e8-9d6d-4413-a957-ba34403c1c50,62,b85bf8af-5551-4172-97ec-5e618d451380,Snake1,65,6,1
3b7eb5e8-9d6d-4413-a957-ba34403c1c50,62,e593ddde-937f-446c-ac3e-fb2e9eccf695,Snake2,100,12,1
3b7eb5e8-9d6d-4413-a957-ba34403c1c50,62,391e4fee-c96f-4e14-8476-492ab7615cbc,Snake3,88,7,0
3b7eb5e8-9d6d-4413-a957-ba34403c1c50,62,8b1cd01f-7b2e-4b79-9d5d-2f867c4be915,Snake4,100,9,0
3b7eb5e8-9d6d-4413-a957-ba34403c1c50,62,b85bf8af-5551-4172-97ec-5e618d451380,Snake1,65,6,1
3b7eb5e8-9d6d-4413-a957-ba34403c1c50,62,e593ddde-937f-446c-ac3e-fb2e9eccf695,Snake2,100,12,1
3b7eb5e8-9d6d-4413-a957-ba34403c1c50,62,391e4fee-c96f-4e14-8476-492ab7615cbc,Snake3,88,7,0
3b7eb5e8-9d6d-4413-a957-ba34403c1c50,62,8b1cd01f-7b2e-4b79-9d5d-2f867c4be915,Snake4,100,9,0
3b7eb5e8-9d6d-4413-a957-ba34403c1c50,63,b85bf8af-5551-4172-97ec-5e618d451380,Snake1,64,6,1
3b7eb5e8-9d6d-4413-a957-ba34403c1c50,63,e593ddde-937f-446c-ac3e-fb2e9eccf695,Snake2,99,12,1
3b7eb5e8-9d6d-4413-a957-ba34403c1c50,63,391e4fee-c96f-4e14-8476-492ab7615cbc,Snake3,88,7,0
3b7eb5e8-9d6d-4413-a957-ba34403c1c50,63,8b1cd01f-7b2e-4b79-9d5d-2f867c4be915,Snake4,100,9,0
3b7eb5e8-9d6d-4413-a957-ba34403c1c50,63,b85bf8af-5551-4172-97ec-5e618d451380,Snake1,64,6,1
3b7eb5e8-9d6d-4413-a957-ba34403c1c50,63,e593ddde-937f-446c-ac3e-fb2e9eccf695,Snake2,99,12,1
3b7eb5e8-9d6d-4413-a957-ba34403c1c50,63,391e4fee-c96f-4e14-8476-492ab7615cbc,Snake3,88,7,0
3b7eb5e8-9d6d-4413-a957-ba34403c1c50,63,8b1cd01f-7b2e-4b79-9d5d-2f867c4be915,Snake4,100,9,0
3b7eb5e8-9d6d-4413-a957-ba34403c1c50,64,b85bf8af-5551-4172-97ec-5e618d451380,Snake1,63,6,1
3b7eb5e8-9d6d-4413-a957-ba34403c1c50,64,e593ddde-937f-446c-ac3e-fb2e9eccf695,Snake2,98,12,1
3b7eb5e8-9d6d-4413-a957-ba34403c1c50,64,391e4fee-c96f-4e14-8476-492ab7615cbc,Snake3,88,7,0
3b7eb5e8-9d6d-4413-a957-ba34403c1c50,64,8b1cd01f-7b2e-4b79-9d5d-2f867c4be915,Snake4,100,9,0
3b7eb5e8-9d6d-4413-a957-ba34403c1c50,64,b85bf8af-5551-4172-97ec-5e618d451380,Snake1,63,6,1
3b7eb5e8-9d6d-4413-a957-ba34403c1c50,64,e593ddde-937f-446c-ac3e-fb2e9eccf695,Snake2,98,12,1
3b7eb5e8-9d6d-4413-a957-ba34403c1c50,64,391e4fee-c96f-4e14-8476-492ab7615cbc,Snake3,88,7,0
3b7eb5e8-9d6d-4413-a957-ba34403c1c50,64,8b1cd01f-7b2e-4b79-9d5d-2f867c4be915,Snake4,100,9,0
3b7eb5e8-9d6d-4413-a957-ba34403c1c50,65,b85bf8af-5551-4172-97ec-5e618d451380,Snake1,62,6,1
3b7eb5e8-9d6d-4413-a957-ba34403c1c50,65,e593ddde-937f-446c-ac3e-fb2e9eccf695,Snake2,97,12,1
3b7eb5e8-9d6d-4413-a957-ba34403c1c50,65,391e4fee-c96f-4e14-8476-492ab7615cbc,Snake3,88,7,0
3b7eb5e8-9d6d-4413-a957-ba34403c1c50,65,8b1cd01f-7b2e-4b79-9d5d-2f867c4be915,Snake4,100,9,0
3b7eb5e8-9d6d-4413-a957-ba34403c1c50,65,b85bf8af-5551-4172-97ec-5e618d451380,Snake1,62,6,1
3b7eb5e8-9d6d-4413-a957-ba34403c1c50,65,e593ddde-937f-446c-ac3e-fb2e9eccf695,Snake2,97,12,1
3b7eb5e8-9d6d-4413-a957-ba34403c1c50,65,391e4fee-c96f-4e14-8476-492ab7615cbc,Snake3,88,7,0
3b7eb5e8-9d6d-4413-a957-ba34403c1c50,65,8b1cd01f-7b2e-4b79-9d5d-2f867c4be915,Snake4,100,9,0
3b7eb5e8-9d6d-4413-a957-ba34403c1c50,66,b85bf8af-5551-4172-97ec-5e618d451380,Snake1,61,6,1
3b7eb5e8-9d6d-4413-a957-ba34403c1c50,66,e593ddde-937f-446c-ac3e-fb2e9eccf695,Snake2,96,12,1
3b7eb5e8-9d6d-4413-a957-ba34403c1c50,66,391e4fee-c96f-4e14-8476-492ab7615cbc,Snake3,88,7,0
3b7eb5e8-9d6d-4413-a957-ba34403c1c50,66,8b1cd01f-7b2e-4b79-9d5d-2f867c4be915,Snake4,100,9,0
3b7eb5e8-9d6d-4413-a957-ba34403c1c50,66,b85bf8af-5551-4172-97ec-5e618d451380,Snake1,61,6,1
3b7eb5e8-9d6d-4413-a957-ba34403c1c50,66,e593ddde-937f-446c-ac3e-fb2e9eccf695,Snake2,96,12,1
3b7eb5e8-9d6d-4413-a957-ba34403c1c50,66,391e4fee-c96f-4e14-8476-492ab7615cbc,Snake3,88,7,0
3b7eb5e8-9d6d-4413-a957-ba34403c1c50,66,8b1cd01f-7b2e-4b79-9d5d-2f867c4be915,Snake4,100,9,0
3b7eb5e8-9d6d-4413-a957-ba34403c1c50,67,b85bf8af-5551-4172-97ec-5e618d451380,Snake1,60,6,1
3b7eb5e8-9d6d-4413-a957-ba34403c1c50,67,e593ddde-937f-446c-ac3e-fb2e9eccf695,Snake2,100,13,1
3b7eb5e8-9d6d-4413-a957-ba34403c1c50,67,391e4fee-c96f-4e14-8476-492ab7615cbc,Snake3,88,7,0
3b7eb5e8-9d6d-4413-a957-ba34403c1c50,67,8b1cd01f-7b2e-4b79-9d5d-2f867c4be915,Snake4,100,9,0
3b7eb5e8-9d6d-4413-a957-ba34403c1c50,67,b85bf8af-5551-4172-97ec-5e618d451380,Snake1,60,6,1
3b7eb5e8-9d6d-4413-a957-ba34403c1c50,67,e593ddde-937f-446c-ac3e-fb2e9eccf695,Snake2,100,13,1
3b7eb5e8-9d6d-4413-a957-ba34403c1c50,67,391e4fee-c96f-4e14-8476-492ab7615cbc,Snake3,88,7,0
3b7eb5e8-9d6d-4413-a957-ba34403c1c50,67,8b1cd01f-7b2e-4b79-9d5d-2f867c4be915,Snake4,100,9,0
3b7eb5e8-9d6d-4413-a957-ba34403c1c50,68,b85bf8af-5551-4172-97ec-5e618d451380,Snake1,59,6,1
3b7eb5e8-9d6d-4413-a957-ba34403c1c50,68,e593ddde-937f-446c-ac3e-fb2e9eccf695,Snake2,99,13,1
3b7eb5e8-9d6d-4413-a957-ba34403c1c50,68,391e4fee-c96f-4e14-8476-492ab7615cbc,Snake3,88,7,0
3b7eb5e8-9d6d-4413-a957-ba34403c1c50,68,8b1cd01f-7b2e-4b79-9d5d-2f867c4be915,Snake4,100,9,0
3b7eb5e8-9d6d-4413-a957-ba34403c1c50,68,b85bf8af-5551-4172-97ec-5e618d451380,Snake1,59,6,1
3b7eb5e8-9d6d-4413-a957-ba34403c1c50,68,e593ddde-937f-446c-ac3e-fb2e9eccf695,Snake2,99,13,1
3b7eb5e8-9d6d-4413-a957-ba34403c1c50,68,391e4fee-c96f-4e14-8476-492ab7615cbc,Snake3,88,7,0
3b7eb5e8-9d6d-4413-a957-ba34403c1c50,68,8b1cd01f-7b2e-4b79-9d5d-2f867c4be915,Snake4,100,9,0
3b7eb5e8-9d6d-4413-a957-ba34403c1c50,69,b85bf8af-5551-4172-97ec-5e618d451380,Snake1,58,6,1
3b7eb5e8-9d6d-4413-a957-ba34403c1c50,69,e593ddde-937f-446c-ac3e-fb2e9eccf695,Snake2,98,13,1
3b7eb5e8-9d6d-4413-a957-ba34403c1c50,69,391e4fee-c96f-4e14-8476-492ab7615cbc,Snake3,88,7,0
3b7eb5e8-9d6d-4413-a957-ba34403c1c50,69,8b1cd01f-7b2e-4b79-9d5d-2f867c4be915,Snake4,100,9,0
3b7eb5e8-9d6d-4413-a957-ba34403c1c50,69,b85bf8af-5551-4172-97ec-5e618d451380,Snake1,58,6,1
3b7eb5e8-9d6d-4413-a957-ba34403c1c50,69,e593ddde-937f-446c-ac3e-fb2e9eccf695,Snake2,98,13,1
3b7eb5e8-9d6d-4413-a957-ba34403c1c50,69,391e4fee-c96f-4e14-8476-492ab7615cbc,Snake3,88,7,0
3b7eb5e8-9d6d-4413-a957-ba34403c1c50,69,8b1cd01f-7b2e-4b79-9d5d-2f867c4be915,Snake4,100,9,0
3b7eb5e8-9d6d-4413-a957-ba34403c1c50,70,b85bf8af-5551-4172-97ec-5e618d451380,Snake1,57,6,1
3b7eb5e8-9d6d-4413-a957-ba34403c1c50,70,e593ddde-937f-446c-ac3e-fb2e9eccf695,Snake2,97,13,1
3b7eb5e8-9d6d-4413-a957-ba34403c1c50,70,391e4fee-c96f-4e14-8476-492ab7615cbc,Snake3,88,7,0
3b7eb5e8-9d6d-4413-a957-ba34403c1c50,70,8b1cd01f-7b2e-4b79-9d5d-2f867c4be915,Snake4,100,9,0
3b7eb5e8-9d6d-4413-a957-ba34403c1c50,70,b85bf8af-5551-4172-97ec-5e618d451380,Snake1,57,6,1
3b7eb5e8-9d6d-4413-a957-ba34403c1c50,70,e593ddde-937f-446c-ac3e-fb2e9eccf695,Snake2,97,13,1
3b7eb5e8-9d6d-4413-a957-ba34403c1c50,70,391e4fee-c96f-4e14-8476-492ab7615cbc,Snake3,88,7,0
3b7eb5e8-9d6d-4413-a957-ba34403c1c50,70,8b1cd01f-7b2e-4b79-9d5d-2f867c4be915,Snake4,100,9,0
3b7eb5e8-9d6d-4413-a957-ba34403c1c50,71,b85bf8af-5551-4172-97ec-5e618d451380,Snake1,56,6,1
3b7eb5e8-9d6d-4413-a957-ba34403c1c50,71,e593ddde-937f-446c-ac3e-fb2e9eccf695,Snake2,96,13,1
3b7eb5e8-9d6d-4413-a957-ba34403c1c50,71,391e4fee-c96f-4e14-8476-492ab7615cbc,Snake3,88,7,0
3b7eb5e8-9d6d-4413-a957-ba34403c1c50,71,8b1cd01f-7b2e-4b79-9d5d-2f867c4be915,Snake4,100,9,0
3b7eb5e8-9d6d-4413-a957-ba34403c1c50,71,b85bf8af-5551-4172-97ec-5e618d451380,Snake1,56,6,1
3b7eb5e8-9d6d-4413-a957-ba34403c1c50,71,e593ddde-937f-446c-ac3e-fb2e9eccf695,Snake2,96,13,1
3b7eb5e8-9d6d-4413-a957-ba34403c1c50,71,391e4fee-c96f-4e14-8476-492ab7615cbc,Snake3,88,7,0
3b7eb5e8-9d6d-4413-a957-ba34403c1c50,71,8b1cd01f-7b2e-4b79-9d5d-2f867c4be915,Snake4,100,9,0
3b7eb5e8-9d6d-4413-a957-ba34403c1c50,72,b85bf8af-5551-4172-97ec-5e618d451380,Snake1,55,6,1
3b7eb5e8-9d6d-4413-a957-ba34403c1c50,72,e593ddde-937f-446c-ac3e-fb2e9eccf695,Snake2,95,13,1
3b7eb5e8-9d6d-4413-a957-ba34403c1c50,72,391e4fee-c96f-4e14-8476-492ab7615cbc,Snake3,88,7,0
3b7eb5e8-9d6d-4413-a957-ba34403c1c50,72,8b1cd01f-7b2e-4b79-9d5d-2f867c4be915,Snake4,100,9,0
3b7eb5e8-9d6d-4413-a957-ba34403c1c50,72,b85bf8af-5551-4172-97ec-5e618d451380,Snake1,55,6,1
3b7eb5e8-9d6d-4413-a957-ba34403c1c50,72,e593ddde-937f-446c-ac3e-fb2e9eccf695,Snake2,95,13,1
3b7eb5e8-9d6d-4413-a957-ba34403c1c50,72,391e4fee-c96f-4e14-8476-492ab7615cbc,Snake3,88,7,0
3b7eb5e8-9d6d-4413-a957-ba34403c1c50,72,8b1cd01f-7b2e-4b79-9d5d-2f867c4be915,Snake4,100,9,0
3b7eb5e8-9d6d-4413-a957-ba34403c1c50,73,b85bf8af-5551-4172-97ec-5e618d451380,Snake1,54,6,1
3b7eb5e8-9d6d-4413-a957-ba34403c1c50,73,e593ddde-937f-446c-ac3e-fb2e9eccf695,Snake2,94,13,1
3b7eb5e8-9d6d-4413-a957-ba34403c1c50,73,391e4fee-c96f-4e14-8476-492ab7615cbc,Snake3,88,7,0
3b7eb5e8-9d6d-4413-a957-ba34403c1c50,73,8b1cd01f-7b2e-4b79-9d5d-2f867c4be915,Snake4,100,9,0
3b7eb5e8-9d6d-4413-a957-ba34403c1c50,73,b85bf8af-5551-4172-97ec-5e618d451380,Snake1,54,6,1
3b7eb5e8-9d6d-4413-a957-ba34403c1c50,73,e593ddde-937f-446c-ac3e-fb2e9eccf695,Snake2,94,13,1
3b7eb5e8-9d6d-4413-a957-ba34403c1c50,73,391e4fee-c96f-4e14-8476-492ab7615cbc,Snake3,88,7,0
3b7eb5e8-9d6d-4413-a957-ba34403c1c50,73,8b1cd01f-7b2e-4b79-9d5d-2f867c4be915,Snake4,100,9,0
3b7eb5e8-9d6d-4413-a957-ba34403c1c50,74,b85bf8af-5551-4172-97ec-5e618d451380,Snake1,53,6,1
3b7eb5e8-9d6d-4413-a957-ba34403c1c50,74,e593ddde-937f-446c-ac3e-fb2e9eccf695,Snake2,100,14,1
3b7eb5e8-9d6d-4413-a957-ba34403c1c50,74,391e4fee-c96f-4e14-8476-492ab7615cbc,Snake3,88,7,0
3b7eb5e8-9d6d-4413-a957-ba34403c1c50,74,8b1cd01f-7b2e-4b79-9d5d-2f867c4be915,Snake4,100,9,0
3b7eb5e8-9d6d-4413-a957-ba34403c1c50,75,b85bf8af-5551-4172-97ec-5e618d451380,Snake1,52,6,1
3b7eb5e8-9d6d-4413-a957-ba34403c1c50,75,e593ddde-937f-446c-ac3e-fb2e9eccf695,Snake2,99,14,1
3b7eb5e8-9d6d-4413-a957-ba34403c1c50,75,391e4fee-c96f-4e14-8476-492ab7615cbc,Snake3,88,7,0
3b7eb5e8-9d6d-4413-a957-ba34403c1c50,75,8b1cd01f-7b2e-4b79-9d5d-2f867c4be915,Snake4,100,9,0
3b7eb5e8-9d6d-4413-a957-ba34403c1c50,75,b85bf8af-5551-4172-97ec-5e618d451380,Snake1,52,6,1
3b7eb5e8-9d6d-4413-a957-ba34403c1c50,75,e593ddde-937f-446c-ac3e-fb2e9eccf695,Snake2,99,14,1
3b7eb5e8-9d6d-4413-a957-ba34403c1c50,75,391e4fee-c96f-4e14-8476-492ab7615cbc,Snake3,88,7,0
3b7eb5e8-9d6d-4413-a957-ba34403c1c50,75,8b1cd01f-7b2e-4b79-9d5d-2f867c4be915,Snake4,100,9,0
3b7eb5e8-9d6d-4413-a957-ba34403c1c50,76,b85bf8af-5551-4172-97ec-5e618d451380,Snake1,51,6,1
3b7eb5e8-9d6d-4413-a957-ba34403c1c50,76,e593ddde-937f-446c-ac3e-fb2e9eccf695,Snake2,98,14,1
3b7eb5e8-9d6d-4413-a957-ba34403c1c50,76,391e4fee-c96f-4e14-8476-492ab7615cbc,Snake3,88,7,0
3b7eb5e8-9d6d-4413-a957-ba34403c1c50,76,8b1cd01f-7b2e-4b79-9d5d-2f867c4be915,Snake4,100,9,0
3b7eb5e8-9d6d-4413-a957-ba34403c1c50,76,b85bf8af-5551-4172-97ec-5e618d451380,Snake1,51,6,1
3b7eb5e8-9d6d-4413-a957-ba34403c1c50,76,e593ddde-937f-446c-ac3e-fb2e9eccf695,Snake2,98,14,1
3b7eb5e8-9d6d-4413-a957-ba34403c1c50,76,391e4fee-c96f-4e14-8476-492ab7615cbc,Snake3,88,7,0
3b7eb5e8-9d6d-4413-a957-ba34403c1c50,76,8b1cd01f-7b2e-4b79-9d5d-2f867c4be915,Snake4,100,9,0
3b7eb5e8-9d6d-4413-a957-ba34403c1c50,77,b85bf8af-5551-4172-97ec-5e618d451380,Snake1,50,6,1
3b7eb5e8-9d6d-4413-a957-ba34403c1c50,77,e593ddde-937f-446c-ac3e-fb2e9eccf695,Snake2,97,14,1
3b7eb5e8-9d6d-4413-a957-ba34403c1c50,77,391e4fee-c96f-4e14-8476-492ab7615cbc,Snake3,88,7,0
3b7eb5e8-9d6d-4413-a957-ba34403c1c50,77,8b1cd01f-7b2e-4b79-9d5d-2f867c4be915,Snake4,100,9,0
3b7eb5e8-9d6d-4413-a957-ba34403c1c50,78,b85bf8af-5551-4172-97ec-5e618d451380,Snake1,49,6,1
3b7eb5e8-9d6d-4413-a957-ba34403c1c50,78,e593ddde-937f-446c-ac3e-fb2e9eccf695,Snake2,96,14,1
3b7eb5e8-9d6d-4413-a957-ba34403c1c50,78,391e4fee-c96f-4e14-8476-492ab7615cbc,Snake3,88,7,0
3b7eb5e8-9d6d-4413-a957-ba34403c1c50,78,8b1cd01f-7b2e-4b79-9d5d-2f867c4be915,Snake4,100,9,0
3b7eb5e8-9d6d-4413-a957-ba34403c1c50,78,b85bf8af-5551-4172-97ec-5e618d451380,Snake1,49,6,1
3b7eb5e8-9d6d-4413-a957-ba34403c1c50,78,e593ddde-937f-446c-ac3e-fb2e9eccf695,Snake2,96,14,1
3b7eb5e8-9d6d-4413-a957-ba34403c1c50,78,391e4fee-c96f-4e14-8476-492ab7615cbc,Snake3,88,7,0
3b7eb5e8-9d6d-4413-a957-ba34403c1c50,78,8b1cd01f-7b2e-4b79-9d5d-2f867c4be915,Snake4,100,9,0
3b7eb5e8-9d6d-4413-a957-ba34403c1c50,79,b85bf8af-5551-4172-97ec-5e618d451380,Snake1,48,6,1
3b7eb5e8-9d6d-4413-a957-ba34403c1c50,79,e593ddde-937f-446c-ac3e-fb2e9eccf695,Snake2,95,14,1
3b7eb5e8-9d6d-4413-a957-ba34403c1c50,79,391e4fee-c96f-4e14-8476-492ab7615cbc,Snake3,88,7,0
3b7eb5e8-9d6d-4413-a957-ba34403c1c50,79,8b1cd01f-7b2e-4b79-9d5d-2f867c4be915,Snake4,100,9,0
3b7eb5e8-9d6d-4413-a957-ba34403c1c50,79,b85bf8af-5551-4172-97ec-5e618d451380,Snake1,48,6,1
3b7eb5e8-9d6d-4413-a957-ba34403c1c50,79,e593ddde-937f-446c-ac3e-fb2e9eccf695,Snake2,95,14,1
3b7eb5e8-9d6d-4413-a957-ba34403c1c50,79,391e4fee-c96f-4e14-8476-492ab7615cbc,Snake3,88,7,0
3b7eb5e8-9d6d-4413-a957-ba34403c1c50,79,8b1cd01f-7b2e-4b79-9d5d-2f867c4be915,Snake4,100,9,0
3b7eb5e8-9d6d-4413-a957-ba34403c1c50,80,b85bf8af-5551-4172-97ec-5e618d451380,Snake1,47,6,1
3b7eb5e8-9d6d-4413-a957-ba34403c1c50,80,e593ddde-937f-446c-ac3e-fb2e9eccf695,Snake2,94,14,1
3b7eb5e8-9d6d-4413-a957-ba34403c1c50,80,391e4fee-c96f-4e14-8476-492ab7615cbc,Snake3,88,7,0
3b7eb5e8-9d6d-4413-a957-ba34403c1c50,80,8b1cd01f-7b2e-4b79-9d5d-2f867c4be915,Snake4,100,9,0
3b7eb5e8-9d6d-4413-a957-ba34403c1c50,80,b85bf8af-5551-4172-97ec-5e618d451380,Snake1,47,6,1
3b7eb5e8-9d6d-4413-a957-ba34403c1c50,80,e593ddde-937f-446c-ac3e-fb2e9eccf695,Snake2,94,14,1
3b7eb5e8-9d6d-4413-a957-ba34403c1c50,80,391e4fee-c96f-4e14-8476-492ab7615cbc,Snake3,88,7,0
3b7eb5e8-9d6d-4413-a957-ba34403c1c50,80,8b1cd01f-7b2e-4b79-9d5d-2f867c4be915,Snake4,100,9,0
3b7eb5e8-9d6d-4413-a957-ba34403c1c50,81,b85bf8af-5551-4172-97ec-5e618d451380,Snake1,46,6,1
3b7eb5e8-9d6d-4413-a957-ba34403c1c50,81,e593ddde-937f-446c-ac3e-fb2e9eccf695,Snake2,93,14,1
3b7eb5e8-9d6d-4413-a957-ba34403c1c50,81,391e4fee-c96f-4e14-8476-492ab7615cbc,Snake3,88,7,0
3b7eb5e8-9d6d-4413-a957-ba34403c1c50,81,8b1cd01f-7b2e-4b79-9d5d-2f867c4be915,Snake4,100,9,0
3b7eb5e8-9d6d-4413-a957-ba34403c1c50,81,b85bf8af-5551-4172-97ec-5e618d451380,Snake1,46,6,1
3b7eb5e8-9d6d-4413-a957-ba34403c1c50,81,e593ddde-937f-446c-ac3e-fb2e9eccf695,Snake2,93,14,1
3b7eb5e8-9d6d-4413-a957-ba34403c1c50,81,391e4fee-c96f-4e14-8476-492ab7615cbc,Snake3,88,7,0
3b7eb5e8-9d6d-4413-a957-ba34403c1c50,81,8b1cd01f-7b2e-4b79-9d5d-2f867c4be915,Snake4,100,9,0
3b7eb5e8-9d6d-4413-a957-ba34403c1c50,82,b85bf8af-5551-4172-97ec-5e618d451380,Snake1,45,6,1
3b7eb5e8-9d6d-4413-a957-ba34403c1c50,82,e593ddde-937f-446c-ac3e-fb2e9eccf695,Snake2,92,14,1
3b7eb5e8-9d6d-4413-a957-ba34403c1c50,82,391e4fee-c96f-4e14-8476-492ab7615cbc,Snake3,88,7,0
3b7eb5e8-9d6d-4413-a957-ba34403c1c50,82,8b1cd01f-7b2e-4b79-9d5d-2f867c4be915,Snake4,100,9,0
3b7eb5e8-9d6d-4413-a957-ba34403c1c50,82,b85bf8af-5551-4172-97ec-5e618d451380,Snake1,45,6,1
3b7eb5e8-9d6d-4413-a957-ba34403c1c50,82,e593ddde-937f-446c-ac3e-fb2e9eccf695,Snake2,92,14,1
3b7eb5e8-9d6d-4413-a957-ba34403c1c50,82,391e4fee-c96f-4e14-8476-492ab7615cbc,Snake3,88,7,0
3b7eb5e8-9d6d-4413-a957-ba34403c1c50,82,8b1cd01f-7b2e-4b79-9d5d-2f867c4be915,Snake4,100,9,0
3b7eb5e8-9d6d-4413-a957-ba34403c1c50,83,b85bf8af-5551-4172-97ec-5e618d451380,Snake1,44,6,1
3b7eb5e8-9d6d-4413-a957-ba34403c1c50,83,e593ddde-937f-446c-ac3e-fb2e9eccf695,Snake2,91,14,1
3b7eb5e8-9d6d-4413-a957-ba34403c1c50,83,391e4fee-c96f-4e14-8476-492ab7615cbc,Snake3,88,7,0
3b7eb5e8-9d6d-4413-a957-ba34403c1c50,83,8b1cd01f-7b2e-4b79-9d5d-2f867c4be915,Snake4,100,9,0
3b7eb5e8-9d6d-4413-a957-ba34403c1c50,83,b85bf8af-5551-4172-97ec-5e618d451380,Snake1,44,6,1
3b7eb5e8-9d6d-4413-a957-ba34403c1c50,83,e593ddde-937f-446c-ac3e-fb2e9eccf695,Snake2,91,14,1
3b7eb5e8-9d6d-4413-a957-ba34403c1c50,83,391e4fee-c96f-4e14-8476-492ab7615cbc,Snake3,88,7,0
3b7eb5e8-9d6d-4413-a957-ba34403c1c50,83,8b1cd01f-7b2e-4b79-9d5d-2f867c4be915,Snake4,100,9,0
3b7eb5e8-9d6d-4413-a957-ba34403c1c50,84,b85bf8af-5551-4172-97ec-5e618d451380,Snake1,43,6,1
3b7eb5e8-9d6d-4413-a957-ba34403c1c50,84,e593ddde-937f-446c-ac3e-fb2e9eccf695,Snake2,90,14,1
3b7eb5e8-9d6d-4413-a957-ba34403c1c50,84,391e4fee-c96f-4e14-8476-492ab7615cbc,Snake3,88,7,0
3b7eb5e8-9d6d-4413-a957-ba34403c1c50,84,8b1cd01f-7b2e-4b79-9d5d-2f867c4be915,Snake4,100,9,0
3b7eb5e8-9d6d-4413-a957-ba34403c1c50,84,b85bf8af-5551-4172-97ec-5e618d451380,Snake1,43,6,1
3b7eb5e8-9d6d-4413-a957-ba34403c1c50,84,e593ddde-937f-446c-ac3e-fb2e9eccf695,Snake2,90,14,1
3b7eb5e8-9d6d-4413-a957-ba34403c1c50,84,391e4fee-c96f-4e14-8476-492ab7615cbc,Snake3,88,7,0
3b7eb5e8-9d6d-4413-a957-ba34403c1c50,84,8b1cd01f-7b2e-4b79-9d5d-2f867c4be915,Snake4,100,9,0
3b7eb5e8-9d6d-4413-a957-ba34403c1c50,85,b85bf8af-5551-4172-97ec-5e618d451380,Snake1,42,6,1
3b7eb5e8-9d6d-4413-a957-ba34403c1c50,85,e593ddde-937f-446c-ac3e-fb2e9eccf695,Snake2,89,14,1
3b7eb5e8-9d6d-4413-a957-ba34403c1c50,85,391e4fee-c96f-4e14-8476-492ab7615cbc,Snake3,88,7,0
3b7eb5e8-9d6d-4413-a957-ba34403c1c50,85,8b1cd01f-7b2e-4b79-9d5d-2f867c4be915,Snake4,100,9,0
3b7eb5e8-9d6d-4413-a957-ba34403c1c50,85,b85bf8af-5551-4172-97ec-5e618d451380,Snake1,42,6,1
3b7eb5e8-9d6d-4413-a957-ba34403c1c50,85,e593ddde-937f-446c-ac3e-fb2e9eccf695,Snake2,89,14,1
3b7eb5e8-9d6d-4413-a957-ba34403c1c50,85,391e4fee-c96f-4e14-8476-492ab7615cbc,Snake3,88,7,0
3b7eb5e8-9d6d-4413-a957-ba34403c1c50,85,8b1cd01f-7b2e-4b79-9d5d-2f867c4be915,Snake4,100,9,0
3b7eb5e8-9d6d-4413-a957-ba34403c1c50,86,b85bf8af-5551-4172-97ec-5e618d451380,Snake1,41,6,1
3b7eb5e8-9d6d-4413-a957-ba34403c1c50,86,e593ddde-937f-446c-ac3e-fb2e9eccf695,Snake2,88,14,1
3b7eb5e8-9d6d-4413-a957-ba34403c1c50,86,391e4fee-c96f-4e14-8476-492ab7615cbc,Snake3,88,7,0
3b7eb5e8-9d6d-4413-a957-ba34403c1c50,86,8b1cd01f-7b2e-4b79-9d5d-2f867c4be915,Snake4,100,9,0
3b7eb5e8-9d6d-4413-a957-ba34403c1c50,86,b85bf8af-5551-4172-97ec-5e618d451380,Snake1,41,6,1
3b7eb5e8-9d6d-4413-a957-ba34403c1c50,86,e593ddde-937f-446c-ac3e-fb2e9eccf695,Snake2,88,14,1
3b7eb5e8-9d6d-4413-a957-ba34403c1c50,86,391e4fee-c96f-4e14-8476-492ab7615cbc,Snake3,88,7,0
3b7eb5e8-9d6d-4413-a957-ba34403c1c50,86,8b1cd01f-7b2e-4b79-9d5d-2f867c4be915,Snake4,100,9,0
3b7eb5e8-9d6d-4413-a957-ba34403c1c50,87,b85bf8af-5551-4172-97ec-5e618d451380,Snake1,40,6,1
3b7eb5e8-9d6d-4413-a957-ba34403c1c50,87,e593ddde-937f-446c-ac3e-fb2e9eccf695,Snake2,87,14,1
3b7eb5e8-9d6d-4413-a957-ba34403c1c50,87,391e4fee-c96f-4e14-8476-492ab7615cbc,Snake3,88,7,0
3b7eb5e8-9d6d-4413-a957-ba34403c1c50,87,8b1cd01f-7b2e-4b79-9d5d-2f867c4be915,Snake4,100,9,0
3b7eb5e8-9d6d-4413-a957-ba34403c1c50,87,b85bf8af-5551-4172-97ec-5e618d451380,Snake1,40,6,1
3b7eb5e8-9d6d-4413-a957-ba34403c1c50,87,e593ddde-937f-446c-ac3e-fb2e9eccf695,Snake2,87,14,1
3b7eb5e8-9d6d-4413-a957-ba34403c1c50,87,391e4fee-c96f-4e14-8476-492ab7615cbc,Snake3,88,7,0
3b7eb5e8-9d6d-4413-a957-ba34403c1c50,87,8b1cd01f-7b2e-4b79-9d5d-2f867c4be915,Snake4,100,9,0
3b7eb5e8-9d6d-4413-a957-ba34403c1c50,88,b85bf8af-5551-4172-97ec-5e618d451380,Snake1,39,6,1
3b7eb5e8-9d6d-4413-a957-ba34403c1c50,88,e593ddde-937f-446c-ac3e-fb2e9eccf695,Snake2,86,14,1
3b7eb5e8-9d6d-4413-a957-ba34403c1c50,88,391e4fee-c96f-4e14-8476-492ab7615cbc,Snake3,88,7,0
3b7eb5e8-9d6d-4413-a957-ba34403c1c50,88,8b1cd01f-7b2e-4b79-9d5d-2f867c4be915,Snake4,100,9,0
3b7eb5e8-9d6d-4413-a957-ba34403c1c50,88,b85bf8af-5551-4172-97ec-5e618d451380,Snake1,39,6,1
3b7eb5e8-9d6d-4413-a957-ba34403c1c50,88,e593ddde-937f-446c-ac3e-fb2e9eccf695,Snake2,86,14,1
3b7eb5e8-9d6d-4413-a957-ba34403c1c50,88,391e4fee-c96f-4e14-8476-492ab7615cbc,Snake3,88,7,0
3b7eb5e8-9d6d-4413-a957-ba34403c1c50,88,8b1cd01f-7b2e-4b79-9d5d-2f867c4be915,Snake4,100,9,0
3b7eb5e8-9d6d-4413-a957-ba34403c1c50,89,b85bf8af-5551-4172-97ec-5e618d451380,Snake1,38,6,1
3b7eb5e8-9d6d-4413-a957-ba34403c1c50,89,e593ddde-937f-446c-ac3e-fb2e9eccf695,Snake2,85,14,1
3b7eb5e8-9d6d-4413-a957-ba34403c1c50,89,391e4fee-c96f-4e14-8476-492ab7615cbc,Snake3,88,7,0
3b7eb5e8-9d6d-4413-a957-ba34403c1c50,89,8b1cd01f-7b2e-4b79-9d5d-2f867c4be915,Snake4,100,9,0
3b7eb5e8-9d6d-4413-a957-ba34403c1c50,89,b85bf8af-5551-4172-97ec-5e618d451380,Snake1,38,6,1
3b7eb5e8-9d6d-4413-a957-ba34403c1c50,89,e593ddde-937f-446c-ac3e-fb2e9eccf695,Snake2,85,14,1
3b7eb5e8-9d6d-4413-a957-ba34403c1c50,89,391e4fee-c96f-4e14-8476-492ab7615cbc,Snake3,88,7,0
3b7eb5e8-9d6d-4413-a957-ba34403c1c50,89,8b1cd01f-7b2e-4b79-9d5d-2f867c4be915,Snake4,100,9,0
3b7eb5e8-9d6d-4413-a957-ba34403c1c50,90,b85bf8af-5551-4172-97ec-5e618d451380,Snake1,37,6,1
3b7eb5e8-9d6d-4413-a957-ba34403c1c50,90,e593ddde-937f-446c-ac3e-fb2e9eccf695,Snake2,84,14,1
3b7eb5e8-9d6d-4413-a957-ba34403c1c50,90,391e4fee-c96f-4e14-8476-492ab7615cbc,Snake3,88,7,0
3b7eb5e8-9d6d-4413-a957-ba34403c1c50,90,8b1cd01f-7b2e-4b79-9d5d-2f867c4be915,Snake4,100,9,0
3b7eb5e8-9d6d-4413-a957-ba34403c1c50,90,b85bf8af-5551-4172-97ec-5e618d451380,Snake1,37,6,1
3b7eb5e8-9d6d-4413-a957-ba34403c1c50,90,e593ddde-937f-446c-ac3e-fb2e9eccf695,Snake2,84,14,1
3b7eb5e8-9d6d-4413-a957-ba34403c1c50,90,391e4fee-c96f-4e14-8476-492ab7615cbc,Snake3,88,7,0
3b7eb5e8-9d6d-4413-a957-ba34403c1c50,90,8b1cd01f-7b2e-4b79-9d5d-2f867c4be915,Snake4,100,9,0
3b7eb5e8-9d6d-4413-a957-ba34403c1c50,91,b85bf8af-5551-4172-97ec-5e618d451380,Snake1,36,6,1
3b7eb5e8-9d6d-4413-a957-ba34403c1c50,91,e593ddde-937f-446c-ac3e-fb2e9eccf695,Snake2,83,14,1
3b7eb5e8-9d6d-4413-a957-ba34403c1c50,91,391e4fee-c96f-4e14-8476-492ab7615cbc,Snake3,88,7,0
3b7eb5e8-9d6d-4413-a957-ba34403c1c50,91,8b1cd01f-7b2e-4b79-9d5d-2f867c4be915,Snake4,100,9,0
3b7eb5e8-9d6d-4413-a957-ba34403c1c50,91,b85bf8af-5551-4172-97ec-5e618d451380,Snake1,36,6,1
3b7eb5e8-9d6d-4413-a957-ba34403c1c50,91,e593ddde-937f-446c-ac3e-fb2e9eccf695,Snake2,83,14,1
3b7eb5e8-9d6d-4413-a957-ba34403c1c50,91,391e4fee-c96f-4e14-8476-492ab7615cbc,Snake3,88,7,0
3b7eb5e8-9d6d-4413-a957-ba34403c1c50,91,8b1cd01f-7b2e-4b79-9d5d-2f867c4be915,Snake4,100,9,0
3b7eb5e8-9d6d-4413-a957-ba34403c1c50,92,b85bf8af-5551-4172-97ec-5e618d451380,Snake1,35,6,1
3b7eb5e8-9d6d-4413-a957-ba34403c1c50,92,e593ddde-937f-446c-ac3e-fb2e9eccf695,Snake2,82,14,1
3b7eb5e8-9d6d-4413-a957-ba34403c1c50,92,391e4fee-c96f-4e14-8476-492ab7615cbc,Snake3,88,7,0
3b7eb5e8-9d6d-4413-a957-ba34403c1c50,92,8b1cd01f-7b2e-4b79-9d5d-2f867c4be915,Snake4,100,9,0
3b7eb5e8-9d6d-4413-a957-ba34403c1c50,92,b85bf8af-5551-4172-97ec-5e618d451380,Snake1,35,6,1
3b7eb5e8-9d6d-4413-a957-ba34403c1c50,92,e593ddde-937f-446c-ac3e-fb2e9eccf695,Snake2,82,14,1
3b7eb5e8-9d6d-4413-a957-ba34403c1c50,92,391e4fee-c96f-4e14-8476-492ab7615cbc,Snake3,88,7,0
3b7eb5e8-9d6d-4413-a957-ba34403c1c50,92,8b1cd01f-7b2e-4b79-9d5d-2f867c4be915,Snake4,100,9,0
3b7eb5e8-9d6d-4413-a957-ba34403c1c50,93,b85bf8af-5551-4172-97ec-5e618d451380,Snake1,34,6,1
3b7eb5e8-9d6d-4413-a957-ba34403c1c50,93,e593ddde-937f-446c-ac3e-fb2e9eccf695,Snake2,81,14,1
3b7eb5e8-9d6d-4413-a957-ba34403c1c50,93,391e4fee-c96f-4e14-8476-492ab7615cbc,Snake3,88,7,0
3b7eb5e8-9d6d-4413-a957-ba34403c1c50,93,8b1cd01f-7b2e-4b79-9d5d-2f867c4be915,Snake4,100,9,0
3b7eb5e8-9d6d-4413-a957-ba34403c1c50,93,b85bf8af-5551-4172-97ec-5e618d451380,Snake1,34,6,1
3b7eb5e8-9d6d-4413-a957-ba34403c1c50,93,e593ddde-937f-446c-ac3e-fb2e9eccf695,Snake2,81,14,1
3b7eb5e8-9d6d-4413-a957-ba34403c1c50,93,391e4fee-c96f-4e14-8476-492ab7615cbc,Snake3,88,7,0
3b7eb5e8-9d6d-4413-a957-ba34403c1c50,93,8b1cd01f-7b2e-4b79-9d5d-2f867c4be915,Snake4,100,9,0
3b7eb5e8-9d6d-4413-a957-ba34403c1c50,94,b85bf8af-5551-4172-97ec-5e618d451380,Snake1,33,6,1
3b7eb5e8-9d6d-4413-a957-ba34403c1c50,94,e593ddde-937f-446c-ac3e-fb2e9eccf695,Snake2,80,14,1
3b7eb5e8-9d6d-4413-a957-ba34403c1c50,94,391e4fee-c96f-4e14-8476-492ab7615cbc,Snake3,88,7,0
3b7eb5e8-9d6d-4413-a957-ba34403c1c50,94,8b1cd01f-7b2e-4b79-9d5d-2f867c4be915,Snake4,100,9,0
3b7eb5e8-9d6d-4413-a957-ba34403c1c50,94,b85bf8af-5551-4172-97ec-5e618d451380,Snake1,33,6,1
3b7eb5e8-9d6d-4413-a957-ba34403c1c50,94,e593ddde-937f-446c-ac3e-fb2e9eccf695,Snake2,80,14,1
3b7eb5e8-9d6d-4413-a957-ba34403c1c50,94,391e4fee-c96f-4e14-8476-492ab7615cbc,Snake3,88,7,0
3b7eb5e8-9d6d-4413-a957-ba34403c1c50,94,8b1cd01f-7b2e-4b79-9d5d-2f867c4be915,Snake4,100,9,0
3b7eb5e8-9d6d-4413-a957-ba34403c1c50,95,b85bf8af-5551-4172-97ec-5e618d451380,Snake1,32,6,1
3b7eb5e8-9d6d-4413-a957-ba34403c1c50,95,e593ddde-937f-446c-ac3e-fb2e9eccf695,Snake2,79,14,1
3b7eb5e8-9d6d-4413-a957-ba34403c1c50,95,391e4fee-c96f-4e14-8476-492ab7615cbc,Snake3,88,7,0
3b7eb5e8-9d6d-4413-a957-ba34403c1c50,95,8b1cd01f-7b2e-4b79-9d5d-2f867c4be915,Snake4,100,9,0
3b7eb5e8-9d6d-4413-a957-ba34403c1c50,95,b85bf8af-5551-4172-97ec-5e618d451380,Snake1,32,6,1
3b7eb5e8-9d6d-4413-a957-ba34403c1c50,95,e593ddde-937f-446c-ac3e-fb2e9eccf695,Snake2,79,14,1
3b7eb5e8-9d6d-4413-a957-ba34403c1c50,95,391e4fee-c96f-4e14-8476-492ab7615cbc,Snake3,88,7,0
3b7eb5e8-9d6d-4413-a957-ba34403c1c50,95,8b1cd01f-7b2e-4b79-9d5d-2f867c4be915,Snake4,100,9,0
3b7eb5e8-9d6d-4413-a957-ba34403c1c50,96,b85bf8af-5551-4172-97ec-5e618d451380,Snake1,31,6,1
3b7eb5e8-9d6d-4413-a957-ba34403c1c50,96,e593ddde-937f-446c-ac3e-fb2e9eccf695,Snake2,78,14,1
3b7eb5e8-9d6d-4413-a957-ba34403c1c50,96,391e4fee-c96f-4e14-8476-492ab7615cbc,Snake3,88,7,0
3b7eb5e8-9d6d-4413-a957-ba34403c1c50,96,8b1cd01f-7b2e-4b79-9d5d-2f867c4be915,Snake4,100,9,0
3b7eb5e8-9d6d-4413-a957-ba34403c1c50,96,b85bf8af-5551-4172-97ec-5e618d451380,Snake1,31,6,1
3b7eb5e8-9d6d-4413-a957-ba34403c1c50,96,e593ddde-937f-446c-ac3e-fb2e9eccf695,Snake2,78,14,1
3b7eb5e8-9d6d-4413-a957-ba34403c1c50,96,391e4fee-c96f-4e14-8476-492ab7615cbc,Snake3,88,7,0
3b7eb5e8-9d6d-4413-a957-ba34403c1c50,96,8b1cd01f-7b2e-4b79-9d5d-2f867c4be915,Snake4,100,9,0
3b7eb5e8-9d6d-4413-a957-ba34403c1c50,97,b85bf8af-5551-4172-97ec-5e618d451380,Snake1,30,6,1
3b7eb5e8-9d6d-4413-a957-ba34403c1c50,97,e593ddde-937f-446c-ac3e-fb2e9eccf695,Snake2,77,14,1
3b7eb5e8-9d6d-4413-a957-ba34403c1c50,97,391e4fee-c96f-4e14-8476-492ab7615cbc,Snake3,88,7,0
3b7eb5e8-9d6d-4413-a957-ba34403c1c50,97,8b1cd01f-7b2e-4b79-9d5d-2f867c4be915,Snake4,100,9,0
3b7eb5e8-9d6d-4413-a957-ba34403c1c50,97,b85bf8af-5551-4172-97ec-5e618d451380,Snake1,30,6,1
3b7eb5e8-9d6d-4413-a957-ba34403c1c50,97,e593ddde-937f-446c-ac3e-fb2e9eccf695,Snake2,77,14,1
3b7eb5e8-9d6d-4413-a957-ba34403c1c50,97,391e4fee-c96f-4e14-8476-492ab7615cbc,Snake3,88,7,0
3b7eb5e8-9d6d-4413-a957-ba34403c1c50,97,8b1cd01f-7b2e-4b79-9d5d-2f867c4be915,Snake4,100,9,0
3b7eb5e8-9d6d-4413-a957-ba34403c1c50,98,b85bf8af-5551-4172-97ec-5e618d451380,Snake1,29,6,1
3b7eb5e8-9d6d-4413-a957-ba34403c1c50,98,e593ddde-937f-446c-ac3e-fb2e9eccf695,Snake2,76,14,1
3b7eb5e8-9d6d-4413-a957-ba34403c1c50,98,391e4fee-c96f-4e14-8476-492ab7615cbc,Snake3,88,7,0
3b7eb5e8-9d6d-4413-a957-ba34403c1c50,98,8b1cd01f-7b2e-4b79-9d5d-2f867c4be915,Snake4,100,9,0
3b7eb5e8-9d6d-4413-a957-ba34403c1c50,98,b85bf8af-5551-4172-97ec-5e618d451380,Snake1,29,6,1
3b7eb5e8-9d6d-4413-a957-ba34403c1c50,98,e593ddde-937f-446c-ac3e-fb2e9eccf695,Snake2,76,14,1
3b7eb5e8-9d6d-4413-a957-ba34403c1c50,98,391e4fee-c96f-4e14-8476-492ab7615cbc,Snake3,88,7,0
3b7eb5e8-9d6d-4413-a957-ba34403c1c50,98,8b1cd01f-7b2e-4b79-9d5d-2f867c4be915,Snake4,100,9,0
3b7eb5e8-9d6d-4413-a957-ba34403c1c50,99,b85bf8af-5551-4172-97ec-5e618d451380,Snake1,28,6,1
3b7eb5e8-9d6d-4413-a957-ba34403c1c50,99,e593ddde-937f-446c-ac3e-fb2e9eccf695,Snake2,75,14,1
3b7eb5e8-9d6d-4413-a957-ba34403c1c50,99,391e4fee-c96f-4e14-8476-492ab7615cbc,Snake3,88,7,0
3b7eb5e8-9d6d-4413-a957-ba34403c1c50,99,8b1cd01f-7b2e-4b79-9d5d-2f867c4be915,Snake4,100,9,0
3b7eb5e8-9d6d-4413-a957-ba34403c1c50,99,b85bf8af-5551-4172-97ec-5e618d451380,Snake1,28,6,1
3b7eb5e8-9d6d-4413-a957-ba34403c1c50,99,e593ddde-937f-446c-ac3e-fb2e9eccf695,Snake2,75,14,1
3b7eb5e8-9d6d-4413-a957-ba34403c1c50,99,391e4fee-c96f-4e14-8476-492ab7615cbc,Snake3,88,7,0
3b7eb5e8-9d6d-4413-a957-ba34403c1c50,99,8b1cd01f-7b2e-4b79-9d5d-2f867c4be915,Snake4,100,9,0
3b7eb5e8-9d6d-4413-a957-ba34403c1c50,100,b85bf8af-5551-4172-97ec-5e618d451380,Snake1,27,6,1
3b7eb5e8-9d6d-4413-a957-ba34403c1c50,100,e593ddde-937f-446c-ac3e-fb2e9eccf695,Snake2,74,14,1
3b7eb5e8-9d6d-4413-a957-ba34403c1c50,100,391e4fee-c96f-4e14-8476-492ab7615cbc,Snake3,88,7,0
3b7eb5e8-9d6d-4413-a957-ba34403c1c50,100,8b1cd01f-7b2e-4b79-9d5d-2f867c4be915,Snake4,100,9,0
3b7eb5e8-9d6d-4413-a957-ba34403c1c50,100,b85bf8af-5551-4172-97ec-5e618d451380,Snake1,27,6,1
3b7eb5e8-9d6d-4413-a957-ba34403c1c50,100,e593ddde-937f-446c-ac3e-fb2e9eccf695,Snake2,74,14,1
3b7eb5e8-9d6d-4413-a957-ba34403c1c50,100,391e4fee-c96f-4e14-8476-492ab7615cbc,Snake3,88,7,0
3b7eb5e8-9d6d-4413-a957-ba34403c1c50,100,8b1cd01f-7b2e-4b79-9d5d-2f867c4be915,Snake4,100,9,0
3b7eb5e8-9d6d-4413-a957-ba34403c1c50,101,b85bf8af-5551-4172-97ec-5e618d451380,Snake1,26,6,1
3b7eb5e8-9d6d-4413-a957-ba34403c1c50,101,e593ddde-937f-446c-ac3e-fb2e9eccf695,Snake2,73,14,1
3b7eb5e8-9d6d-4413-a957-ba34403c1c50,101,391e4fee-c96f-4e14-8476-492ab7615cbc,Snake3,88,7,0
3b7eb5e8-9d6d-4413-a957-ba34403c1c50,101,8b1cd01f-7b2e-4b79-9d5d-2f867c4be915,Snake4,100,9,0
3b7eb5e8-9d6d-4413-a957-ba34403c1c50,101,b85bf8af-5551-4172-97ec-5e618d451380,Snake1,26,6,1
3b7eb5e8-9d6d-4413-a957-ba34403c1c50,101,e593ddde-937f-446c-ac3e-fb2e9eccf695,Snake2,73,14,1
3b7eb5e8-9d6d-4413-a957-ba34403c1c50,101,391e4fee-c96f-4e14-8476-492ab7615cbc,Snake3,88,7,0
3b7eb5e8-9d6d-4413-a957-ba34403c1c50,101,8b1cd01f-7b2e-4b79-9d5d-2f867c4be915,Snake4,100,9,0
3b7eb5e8-9d6d-4413-a957-ba34403c1c50,102,b85bf8af-5551-4172-97ec-5e618d451380,Snake1,25,6,1
3b7eb5e8-9d6d-4413-a957-ba34403c1c50,102,e593ddde-937f-446c-ac3e-fb2e9eccf695,Snake2,72,14,1
3b7eb5e8-9d6d-4413-a957-ba34403c1c50,102,391e4fee-c96f-4e14-8476-492ab7615cbc,Snake3,88,7,0
3b7eb5e8-9d6d-4413-a957-ba34403c1c50,102,8b1cd01f-7b2e-4b79-9d5d-2f867c4be915,Snake4,100,9,0
3b7eb5e8-9d6d-4413-a957-ba34403c1c50,102,b85bf8af-5551-4172-97ec-5e618d451380,Snake1,25,6,1
3b7eb5e8-9d6d-4413-a957-ba34403c1c50,102,e593ddde-937f-446c-ac3e-fb2e9eccf695,Snake2,72,14,1
3b7eb5e8-9d6d-4413-a957-ba34403c1c50,102,391e4fee-c96f-4e14-8476-492ab7615cbc,Snake3,88,7,0
3b7eb5e8-9d6d-4413-a957-ba34403c1c50,102,8b1cd01f-7b2e-4b79-9d5d-2f867c4be915,Snake4,100,9,0
3b7eb5e8-9d6d-4413-a957-ba34403c1c50,103,b85bf8af-5551-4172-97ec-5e618d451380,Snake1,24,6,1
3b7eb5e8-9d6d-4413-a957-ba34403c1c50,103,e593ddde-937f-446c-ac3e-fb2e9eccf695,Snake2,71,14,1
3b7eb5e8-9d6d-4413-a957-ba34403c1c50,103,391e4fee-c96f-4e14-8476-492ab7615cbc,Snake3,88,7,0
3b7eb5e8-9d6d-4413-a957-ba34403c1c50,103,8b1cd01f-7b2e-4b79-9d5d-2f867c4be915,Snake4,100,9,0
3b7eb5e8-9d6d-4413-a957-ba34403c1c50,103,b85bf8af-5551-4172-97ec-5e618d451380,Snake1,24,6,1
3b7eb5e8-9d6d-4413-a957-ba34403c1c50,103,e593ddde-937f-446c-ac3e-fb2e9eccf695,Snake2,71,14,1
3b7eb5e8-9d6d-4413-a957-ba34403c1c50,103,391e4fee-c96f-4e14-8476-492ab7615cbc,Snake3,88,7,0
3b7eb5e8-9d6d-4413-a957-ba34403c1c50,103,8b1cd01f-7b2e-4b79-9d5d-2f867c4be915,Snake4,100,9,0
3b7eb5e8-9d6d-4413-a957-ba34403c1c50,104,b85bf8af-5551-4172-97ec-5e618d451380,Snake1,23,6,1
3b7eb5e8-9d6d-4413-a957-ba34403c1c50,104,e593ddde-937f-446c-ac3e-fb2e9eccf695,Snake2,70,14,1
3b7eb5e8-9d6d-4413-a957-ba34403c1c50,104,391e4fee-c96f-4e14-8476-492ab7615cbc,Snake3,88,7,0
3b7eb5e8-9d6d-4413-a957-ba34403c1c50,104,8b1cd01f-7b2e-4b79-9d5d-2f867c4be915,Snake4,100,9,0
3b7eb5e8-9d6d-4413-a957-ba34403c1c50,104,b85bf8af-5551-4172-97ec-5e618d451380,Snake1,23,6,1
3b7eb5e8-9d6d-4413-a957-ba34403c1c50,104,e593ddde-937f-446c-ac3e-fb2e9eccf695,Snake2,70,14,1
3b7eb5e8-9d6d-4413-a957-ba34403c1c50,104,391e4fee-c96f-4e14-8476-492ab7615cbc,Snake3,88,7,0
3b7eb5e8-9d6d-4413-a957-ba34403c1c50,104,8b1cd01f-7b2e-4b79-9d5d-2f867c4be915,Snake4,100,9,0
3b7eb5e8-9d6d-4413-a957-ba34403c1c50,105,b85bf8af-5551-4172-97ec-5e618d451380,Snake1,22,6,1
3b7eb5e8-9d6d-4413-a957-ba34403c1c50,105,e593ddde-937f-446c-ac3e-fb2e9eccf695,Snake2,69,14,1
3b7eb5e8-9d6d-4413-a957-ba34403c1c50,105,391e4fee-c96f-4e14-8476-492ab7615cbc,Snake3,88,7,0
3b7eb5e8-9d6d-4413-a957-ba34403c1c50,105,8b1cd01f-7b2e-4b79-9d5d-2f867c4be915,Snake4,100,9,0
3b7eb5e8-9d6d-4413-a957-ba34403c1c50,105,b85bf8af-5551-4172-97ec-5e618d451380,Snake1,22,6,1
3b7eb5e8-9d6d-4413-a957-ba34403c1c50,105,e593ddde-937f-446c-ac3e-fb2e9eccf695,Snake2,69,14,1
3b7eb5e8-9d6d-4413-a957-ba34403c1c50,105,391e4fee-c96f-4e14-8476-492ab7615cbc,Snake3,88,7,0
3b7eb5e8-9d6d-4413-a957-ba34403c1c50,105,8b1cd01f-7b2e-4b79-9d5d-2f867c4be915,Snake4,100,9,0
3b7eb5e8-9d6d-4413-a957-ba34403c1c50,106,b85bf8af-5551-4172-97ec-5e618d451380,Snake1,21,6,1
3b7eb5e8-9d6d-4413-a957-ba34403c1c50,106,e593ddde-937f-446c-ac3e-fb2e9eccf695,Snake2,68,14,1
3b7eb5e8-9d6d-4413-a957-ba34403c1c50,106,391e4fee-c96f-4e14-8476-492ab7615cbc,Snake3,88,7,0
3b7eb5e8-9d6d-4413-a957-ba34403c1c50,106,8b1cd01f-7b2e-4b79-9d5d-2f867c4be915,Snake4,100,9,0
3b7eb5e8-9d6d-4413-a957-ba34403c1c50,107,b85bf8af-5551-4172-97ec-5e618d451380,Snake1,20,6,1
3b7eb5e8-9d6d-4413-a957-ba34403c1c50,107,e593ddde-937f-446c-ac3e-fb2e9eccf695,Snake2,67,14,1
3b7eb5e8-9d6d-4413-a957-ba34403c1c50,107,391e4fee-c96f-4e14-8476-492ab7615cbc,Snake3,88,7,0
3b7eb5e8-9d6d-4413-a957-ba34403c1c50,107,8b1cd01f-7b2e-4b79-9d5d-2f867c4be915,Snake4,100,9,0
3b7eb5e8-9d6d-4413-a957-ba34403c1c50,107,b85bf8af-5551-4172-97ec-5e618d451380,Snake1,20,6,1
3b7eb5e8-9d6d-4413-a957-ba34403c1c50,107,e593ddde-937f-446c-ac3e-fb2e9eccf695,Snake2,67,14,1
3b7eb5e8-9d6d-4413-a957-ba34403c1c50,107,391e4fee-c96f-4e14-8476-492ab7615cbc,Snake3,88,7,0
3b7eb5e8-9d6d-4413-a957-ba34403c1c50,107,8b1cd01f-7b2e-4b79-9d5d-2f867c4be915,Snake4,100,9,0
3b7eb5e8-9d6d-4413-a957-ba34403c1c50,108,b85bf8af-5551-4172-97ec-5e618d451380,Snake1,19,6,1
3b7eb5e8-9d6d-4413-a957-ba34403c1c50,108,e593ddde-937f-446c-ac3e-fb2e9eccf695,Snake2,66,14,1
3b7eb5e8-9d6d-4413-a957-ba34403c1c50,108,391e4fee-c96f-4e14-8476-492ab7615cbc,Snake3,88,7,0
3b7eb5e8-9d6d-4413-a957-ba34403c1c50,108,8b1cd01f-7b2e-4b79-9d5d-2f867c4be915,Snake4,100,9,0
3b7eb5e8-9d6d-4413-a957-ba34403c1c50,108,b85bf8af-5551-4172-97ec-5e618d451380,Snake1,19,6,1
3b7eb5e8-9d6d-4413-a957-ba34403c1c50,108,e593ddde-937f-446c-ac3e-fb2e9eccf695,Snake2,66,14,1
3b7eb5e8-9d6d-4413-a957-ba34403c1c50,108,391e4fee-c96f-4e14-8476-492ab7615cbc,Snake3,88,7,0
3b7eb5e8-9d6d-4413-a957-ba34403c1c50,108,8b1cd01f-7b2e-4b79-9d5d-2f867c4be915,Snake4,100,9,0
3b7eb5e8-9d6d-4413-a957-ba34403c1c50,109,b85bf8af-5551-4172-97ec-5e618d451380,Snake1,18,6,1
3b7eb5e8-9d6d-4413-a957-ba34403c1c50,109,e593ddde-937f-446c-ac3e-fb2e9eccf695,Snake2,65,14,1
3b7eb5e8-9d6d-4413-a957-ba34403c1c50,109,391e4fee-c96f-4e14-8476-492ab7615cbc,Snake3,88,7,0
3b7eb5e8-9d6d-4413-a957-ba34403c1c50,109,8b1cd01f-7b2e-4b79-9d5d-2f867c4be915,Snake4,100,9,0
3b7eb5e8-9d6d-4413-a957-ba34403c1c50,109,b85bf8af-5551-4172-97ec-5e618d451380,Snake1,18,6,1
3b7eb5e8-9d6d-4413-a957-ba34403c1c50,109,e593ddde-937f-446c-ac3e-fb2e9eccf695,Snake2,65,14,1
3b7eb5e8-9d6d-4413-a957-ba34403c1c50,109,391e4fee-c96f-4e14-8476-492ab7615cbc,Snake3,88,7,0
3b7eb5e8-9d6d-4413-a957-ba34403c1c50,109,8b1cd01f-7b2e-4b79-9d5d-2f867c4be915,Snake4,100,9,0
3b7eb5e8-9d6d-4413-a957-ba34403c1c50,110,b85bf8af-5551-4172-97ec-5e618d451380,Snake1,17,6,1
3b7eb5e8-9d6d-4413-a957-ba34403c1c50,110,e593ddde-937f-446c-ac3e-fb2e9eccf695,Snake2,64,14,1
3b7eb5e8-9d6d-4413-a957-ba34403c1c50,110,391e4fee-c96f-4e14-8476-492ab7615cbc,Snake3,88,7,0
3b7eb5e8-9d6d-4413-a957-ba34403c1c50,110,8b1cd01f-7b2e-4b79-9d5d-2f867c4be915,Snake4,100,9,0
3b7eb5e8-9d6d-4413-a957-ba34403c1c50,110,b85bf8af-5551-4172-97ec-5e618d451380,Snake1,17,6,1
3b7eb5e8-9d6d-4413-a957-ba34403c1c50,110,e593ddde-937f-446c-ac3e-fb2e9eccf695,Snake2,64,14,1
3b7eb5e8-9d6d-4413-a957-ba34403c1c50,110,391e4fee-c96f-4e14-8476-492ab7615cbc,Snake3,88,7,0
3b7eb5e8-9d6d-4413-a957-ba34403c1c50,110,8b1cd01f-7b2e-4b79-9d5d-2f867c4be915,Snake4,100,9,0
3b7eb5e8-9d6d-4413-a957-ba34403c1c50,111,b85bf8af-5551-4172-97ec-5e618d451380,Snake1,16,6,1
3b7eb5e8-9d6d-4413-a957-ba34403c1c50,111,e593ddde-937f-446c-ac3e-fb2e9eccf695,Snake2,63,14,1
3b7eb5e8-9d6d-4413-a957-ba34403c1c50,111,391e4fee-c96f-4e14-8476-492ab7615cbc,Snake3,88,7,0
3b7eb5e8-9d6d-4413-a957-ba34403c1c50,111,8b1cd01f-7b2e-4b79-9d5d-2f867c4be915,Snake4,100,9,0
3b7eb5e8-9d6d-4413-a957-ba34403c1c50,111,b85bf8af-5551-4172-97ec-5e618d451380,Snake1,16,6,1
3b7eb5e8-9d6d-4413-a957-ba34403c1c50,111,e593ddde-937f-446c-ac3e-fb2e9eccf695,Snake2,63,14,1
3b7eb5e8-9d6d-4413-a957-ba34403c1c50,111,391e4fee-c96f-4e14-8476-492ab7615cbc,Snake3,88,7,0
3b7eb5e8-9d6d-4413-a957-ba34403c1c50,111,8b1cd01f-7b2e-4b79-9d5d-2f867c4be915,Snake4,100,9,0
3b7eb5e8-9d6d-4413-a957-ba34403c1c50,112,b85bf8af-5551-4172-97ec-5e618d451380,Snake1,15,6,1
3b7eb5e8-9d6d-4413-a957-ba34403c1c50,112,e593ddde-937f-446c-ac3e-fb2e9eccf695,Snake2,100,15,1
3b7eb5e8-9d6d-4413-a957-ba34403c1c50,112,391e4fee-c96f-4e14-8476-492ab7615cbc,Snake3,88,7,0
3b7eb5e8-9d6d-4413-a957-ba34403c1c50,112,8b1cd01f-7b2e-4b79-9d5d-2f867c4be915,Snake4,100,9,0
3b7eb5e8-9d6d-4413-a957-ba34403c1c50,112,b85bf8af-5551-4172-97ec-5e618d451380,Snake1,15,6,1
3b7eb5e8-9d6d-4413-a957-ba34403c1c50,112,e593ddde-937f-446c-ac3e-fb2e9eccf695,Snake2,100,15,1
3b7eb5e8-9d6d-4413-a957-ba34403c1c50,112,391e4fee-c96f-4e14-8476-492ab7615cbc,Snake3,88,7,0
3b7eb5e8-9d6d-4413-a957-ba34403c1c50,112,8b1cd01f-7b2e-4b79-9d5d-2f867c4be915,Snake4,100,9,0
3b7eb5e8-9d6d-4413-a957-ba34403c1c50,113,b85bf8af-5551-4172-97ec-5e618d451380,Snake1,14,6,1
3b7eb5e8-9d6d-4413-a957-ba34403c1c50,113,e593ddde-937f-446c-ac3e-fb2e9eccf695,Snake2,99,15,1
3b7eb5e8-9d6d-4413-a957-ba34403c1c50,113,391e4fee-c96f-4e14-8476-492ab7615cbc,Snake3,88,7,0
3b7eb5e8-9d6d-4413-a957-ba34403c1c50,113,8b1cd01f-7b2e-4b79-9d5d-2f867c4be915,Snake4,100,9,0
3b7eb5e8-9d6d-4413-a957-ba34403c1c50,114,b85bf8af-5551-4172-97ec-5e618d451380,Snake1,13,6,1
3b7eb5e8-9d6d-4413-a957-ba34403c1c50,114,e593ddde-937f-446c-ac3e-fb2e9eccf695,Snake2,98,15,1
3b7eb5e8-9d6d-4413-a957-ba34403c1c50,114,391e4fee-c96f-4e14-8476-492ab7615cbc,Snake3,88,7,0
3b7eb5e8-9d6d-4413-a957-ba34403c1c50,114,8b1cd01f-7b2e-4b79-9d5d-2f867c4be915,Snake4,100,9,0
3b7eb5e8-9d6d-4413-a957-ba34403c1c50,115,b85bf8af-5551-4172-97ec-5e618d451380,Snake1,12,6,1
3b7eb5e8-9d6d-4413-a957-ba34403c1c50,115,e593ddde-937f-446c-ac3e-fb2e9eccf695,Snake2,97,15,1
3b7eb5e8-9d6d-4413-a957-ba34403c1c50,115,391e4fee-c96f-4e14-8476-492ab7615cbc,Snake3,88,7,0
3b7eb5e8-9d6d-4413-a957-ba34403c1c50,115,8b1cd01f-7b2e-4b79-9d5d-2f867c4be915,Snake4,100,9,0
3b7eb5e8-9d6d-4413-a957-ba34403c1c50,115,b85bf8af-5551-4172-97ec-5e618d451380,Snake1,12,6,1
3b7eb5e8-9d6d-4413-a957-ba34403c1c50,115,e593ddde-937f-446c-ac3e-fb2e9eccf695,Snake2,97,15,1
3b7eb5e8-9d6d-4413-a957-ba34403c1c50,115,391e4fee-c96f-4e14-8476-492ab7615cbc,Snake3,88,7,0
3b7eb5e8-9d6d-4413-a957-ba34403c1c50,115,8b1cd01f-7b2e-4b79-9d5d-2f867c4be915,Snake4,100,9,0
3b7eb5e8-9d6d-4413-a957-ba34403c1c50,116,b85bf8af-5551-4172-97ec-5e618d451380,Snake1,11,6,1
3b7eb5e8-9d6d-4413-a957-ba34403c1c50,116,e593ddde-937f-446c-ac3e-fb2e9eccf695,Snake2,96,15,1
3b7eb5e8-9d6d-4413-a957-ba34403c1c50,116,391e4fee-c96f-4e14-8476-492ab7615cbc,Snake3,88,7,0
3b7eb5e8-9d6d-4413-a957-ba34403c1c50,116,8b1cd01f-7b2e-4b79-9d5d-2f867c4be915,Snake4,100,9,0
3b7eb5e8-9d6d-4413-a957-ba34403c1c50,116,b85bf8af-5551-4172-97ec-5e618d451380,Snake1,11,6,1
3b7eb5e8-9d6d-4413-a957-ba34403c1c50,116,e593ddde-937f-446c-ac3e-fb2e9eccf695,Snake2,96,15,1
3b7eb5e8-9d6d-4413-a957-ba34403c1c50,116,391e4fee-c96f-4e14-8476-492ab7615cbc,Snake3,88,7,0
3b7eb5e8-9d6d-4413-a957-ba34403c1c50,116,8b1cd01f-7b2e-4b79-9d5d-2f867c4be915,Snake4,100,9,0
3b7eb5e8-9d6d-4413-a957-ba34403c1c50,117,b85bf8af-5551-4172-97ec-5e618d451380,Snake1,10,6,1
3b7eb5e8-9d6d-4413-a957-ba34403c1c50,117,e593ddde-937f-446c-ac3e-fb2e9eccf695,Snake2,95,15,1
3b7eb5e8-9d6d-4413-a957-ba34403c1c50,117,391e4fee-c96f-4e14-8476-492ab7615cbc,Snake3,88,7,0
3b7eb5e8-9d6d-4413-a957-ba34403c1c50,117,8b1cd01f-7b2e-4b79-9d5d-2f867c4be915,Snake4,100,9,0
3b7eb5e8-9d6d-4413-a957-ba34403c1c50,117,b85bf8af-5551-4172-97ec-5e618d451380,Snake1,10,6,1
3b7eb5e8-9d6d-4413-a957-ba34403c1c50,117,e593ddde-937f-446c-ac3e-fb2e9eccf695,Snake2,95,15,1
3b7eb5e8-9d6d-4413-a957-ba34403c1c50,117,391e4fee-c96f-4e14-8476-492ab7615cbc,Snake3,88,7,0
3b7eb5e8-9d6d-4413-a957-ba34403c1c50,117,8b1cd01f-7b2e-4b79-9d5d-2f867c4be915,Snake4,100,9,0
3b7eb5e8-9d6d-4413-a957-ba34403c1c50,118,b85bf8af-5551-4172-97ec-5e618d451380,Snake1,9,6,1
3b7eb5e8-9d6d-4413-a957-ba34403c1c50,118,e593ddde-937f-446c-ac3e-fb2e9eccf695,Snake2,94,15,1
3b7eb5e8-9d6d-4413-a957-ba34403c1c50,118,391e4fee-c96f-4e14-8476-492ab7615cbc,Snake3,88,7,0
3b7eb5e8-9d6d-4413-a957-ba34403c1c50,118,8b1cd01f-7b2e-4b79-9d5d-2f867c4be915,Snake4,100,9,0
3b7eb5e8-9d6d-4413-a957-ba34403c1c50,118,b85bf8af-5551-4172-97ec-5e618d451380,Snake1,9,6,1
3b7eb5e8-9d6d-4413-a957-ba34403c1c50,118,e593ddde-937f-446c-ac3e-fb2e9eccf695,Snake2,94,15,1
3b7eb5e8-9d6d-4413-a957-ba34403c1c50,118,391e4fee-c96f-4e14-8476-492ab7615cbc,Snake3,88,7,0
3b7eb5e8-9d6d-4413-a957-ba34403c1c50,118,8b1cd01f-7b2e-4b79-9d5d-2f867c4be915,Snake4,100,9,0
3b7eb5e8-9d6d-4413-a957-ba34403c1c50,119,b85bf8af-5551-4172-97ec-5e618d451380,Snake1,8,6,1
3b7eb5e8-9d6d-4413-a957-ba34403c1c50,119,e593ddde-937f-446c-ac3e-fb2e9eccf695,Snake2,100,16,1
3b7eb5e8-9d6d-4413-a957-ba34403c1c50,119,391e4fee-c96f-4e14-8476-492ab7615cbc,Snake3,88,7,0
3b7eb5e8-9d6d-4413-a957-ba34403c1c50,119,8b1cd01f-7b2e-4b79-9d5d-2f867c4be915,Snake4,100,9,0
3b7eb5e8-9d6d-4413-a957-ba34403c1c50,119,b85bf8af-5551-4172-97ec-5e618d451380,Snake1,8,6,1
3b7eb5e8-9d6d-4413-a957-ba34403c1c50,119,e593ddde-937f-446c-ac3e-fb2e9eccf695,Snake2,100,16,1
3b7eb5e8-9d6d-4413-a957-ba34403c1c50,119,391e4fee-c96f-4e14-8476-492ab7615cbc,Snake3,88,7,0
3b7eb5e8-9d6d-4413-a957-ba34403c1c50,119,8b1cd01f-7b2e-4b79-9d5d-2f867c4be915,Snake4,100,9,0
3b7eb5e8-9d6d-4413-a957-ba34403c1c50,120,b85bf8af-5551-4172-97ec-5e618d451380,Snake1,7,6,1
3b7eb5e8-9d6d-4413-a957-ba34403c1c50,120,e593ddde-937f-446c-ac3e-fb2e9eccf695,Snake2,99,16,1
3b7eb5e8-9d6d-4413-a957-ba34403c1c50,120,391e4fee-c96f-4e14-8476-492ab7615cbc,Snake3,88,7,0
3b7eb5e8-9d6d-4413-a957-ba34403c1c50,120,8b1cd01f-7b2e-4b79-9d5d-2f867c4be915,Snake4,100,9,0
3b7eb5e8-9d6d-4413-a957-ba34403c1c50,120,b85bf8af-5551-4172-97ec-5e618d451380,Snake1,7,6,1
3b7eb5e8-9d6d-4413-a957-ba34403c1c50,120,e593ddde-937f-446c-ac3e-fb2e9eccf695,Snake2,99,16,1
3b7eb5e8-9d6d-4413-a957-ba34403c1c50,120,391e4fee-c96f-4e14-8476-492ab7615cbc,Snake3,88,7,0
3b7eb5e8-9d6d-4413-a957-ba34403c1c50,120,8b1cd01f-7b2e-4b79-9d5d-2f867c4be915,Snake4,100,9,0
3b7eb5e8-9d6d-4413-a957-ba34403c1c50,121,b85bf8af-5551-4172-97ec-5e618d451380,Snake1,6,6,1
3b7eb5e8-9d6d-4413-a957-ba34403c1c50,121,e593ddde-937f-446c-ac3e-fb2e9eccf695,Snake2,98,16,1
3b7eb5e8-9d6d-4413-a957-ba34403c1c50,121,391e4fee-c96f-4e14-8476-492ab7615cbc,Snake3,88,7,0
3b7eb5e8-9d6d-4413-a957-ba34403c1c50,121,8b1cd01f-7b2e-4b79-9d5d-2f867c4be915,Snake4,100,9,0
3b7eb5e8-9d6d-4413-a957-ba34403c1c50,121,b85bf8af-5551-4172-97ec-5e618d451380,Snake1,6,6,1
3b7eb5e8-9d6d-4413-a957-ba34403c1c50,121,e593ddde-937f-446c-ac3e-fb2e9eccf695,Snake2,98,16,1
3b7eb5e8-9d6d-4413-a957-ba34403c1c50,121,391e4fee-c96f-4e14-8476-492ab7615cbc,Snake3,88,7,0
3b7eb5e8-9d6d-4413-a957-ba34403c1c50,121,8b1cd01f-7b2e-4b79-9d5d-2f867c4be915,Snake4,100,9,0
3b7eb5e8-9d6d-4413-a957-ba34403c1c50,122,b85bf8af-5551-4172-97ec-5e618d451380,Snake1,100,7,1
3b7eb5e8-9d6d-4413-a957-ba34403c1c50,122,e593ddde-937f-446c-ac3e-fb2e9eccf695,Snake2,97,16,1
3b7eb5e8-9d6d-4413-a957-ba34403c1c50,122,391e4fee-c96f-4e14-8476-492ab7615cbc,Snake3,88,7,0
3b7eb5e8-9d6d-4413-a957-ba34403c1c50,122,8b1cd01f-7b2e-4b79-9d5d-2f867c4be915,Snake4,100,9,0
3b7eb5e8-9d6d-4413-a957-ba34403c1c50,123,b85bf8af-5551-4172-97ec-5e618d451380,Snake1,99,7,1
3b7eb5e8-9d6d-4413-a957-ba34403c1c50,123,e593ddde-937f-446c-ac3e-fb2e9eccf695,Snake2,96,16,1
3b7eb5e8-9d6d-4413-a957-ba34403c1c50,123,391e4fee-c96f-4e14-8476-492ab7615cbc,Snake3,88,7,0
3b7eb5e8-9d6d-4413-a957-ba34403c1c50,123,8b1cd01f-7b2e-4b79-9d5d-2f867c4be915,Snake4,100,9,0
3b7eb5e8-9d6d-4413-a957-ba34403c1c50,123,b85bf8af-5551-4172-97ec-5e618d451380,Snake1,99,7,1
3b7eb5e8-9d6d-4413-a957-ba34403c1c50,123,e593ddde-937f-446c-ac3e-fb2e9eccf695,Snake2,96,16,1
3b7eb5e8-9d6d-4413-a957-ba34403c1c50,123,391e4fee-c96f-4e14-8476-492ab7615cbc,Snake3,88,7,0
3b7eb5e8-9d6d-4413-a957-ba34403c1c50,123,8b1cd01f-7b2e-4b79-9d5d-2f867c4be915,Snake4,100,9,0
3b7eb5e8-9d6d-4413-a957-ba34403c1c50,124,b85bf8af-5551-4172-97ec-5e618d451380,Snake1,98,7,1
3b7eb5e8-9d6d-4413-a957-ba34403c1c50,124,e593ddde-937f-446c-ac3e-fb2e9eccf695,Snake2,95,16,1
3b7eb5e8-9d6d-4413-a957-ba34403c1c50,124,391e4fee-c96f-4e14-8476-492ab7615cbc,Snake3,88,7,0
3b7eb5e8-9d6d-4413-a957-ba34403c1c50,124,8b1cd01f-7b2e-4b79-9d5d-2f867c4be915,Snake4,100,9,0
3b7eb5e8-9d6d-4413-a957-ba34403c1c50,124,b85bf8af-5551-4172-97ec-5e618d451380,Snake1,98,7,1
3b7eb5e8-9d6d-4413-a957-ba34403c1c50,124,e593ddde-937f-446c-ac3e-fb2e9eccf695,Snake2,95,16,1
3b7eb5e8-9d6d-4413-a957-ba34403c1c50,124,391e4fee-c96f-4e14-8476-492ab7615cbc,Snake3,88,7,0
3b7eb5e8-9d6d-4413-a957-ba34403c1c50,124,8b1cd01f-7b2e-4b79-9d5d-2f867c4be915,Snake4,100,9,0
3b7eb5e8-9d6d-4413-a957-ba34403c1c50,125,b85bf8af-5551-4172-97ec-5e618d451380,Snake1,97,7,1
3b7eb5e8-9d6d-4413-a957-ba34403c1c50,125,e593ddde-937f-446c-ac3e-fb2e9eccf695,Snake2,94,16,1
3b7eb5e8-9d6d-4413-a957-ba34403c1c50,125,391e4fee-c96f-4e14-8476-492ab7615cbc,Snake3,88,7,0
3b7eb5e8-9d6d-4413-a957-ba34403c1c50,125,8b1cd01f-7b2e-4b79-9d5d-2f867c4be915,Snake4,100,9,0
3b7eb5e8-9d6d-4413-a957-ba34403c1c50,125,b85bf8af-5551-4172-97ec-5e618d451380,Snake1,97,7,1
3b7eb5e8-9d6d-4413-a957-ba34403c1c50,125,e593ddde-937f-446c-ac3e-fb2e9eccf695,Snake2,94,16,1
3b7eb5e8-9d6d-4413-a957-ba34403c1c50,125,391e4fee-c96f-4e14-8476-492ab7615cbc,Snake3,88,7,0
3b7eb5e8-9d6d-4413-a957-ba34403c1c50,125,8b1cd01f-7b2e-4b79-9d5d-2f867c4be915,Snake4,100,9,0
3b7eb5e8-9d6d-4413-a957-ba34403c1c50,126,b85bf8af-5551-4172-97ec-5e618d451380,Snake1,96,7,1
3b7eb5e8-9d6d-4413-a957-ba34403c1c50,126,e593ddde-937f-446c-ac3e-fb2e9eccf695,Snake2,93,16,1
3b7eb5e8-9d6d-4413-a957-ba34403c1c50,126,391e4fee-c96f-4e14-8476-492ab7615cbc,Snake3,88,7,0
3b7eb5e8-9d6d-4413-a957-ba34403c1c50,126,8b1cd01f-7b2e-4b79-9d5d-2f867c4be915,Snake4,100,9,0
3b7eb5e8-9d6d-4413-a957-ba34403c1c50,126,b85bf8af-5551-4172-97ec-5e618d451380,Snake1,96,7,1
3b7eb5e8-9d6d-4413-a957-ba34403c1c50,126,e593ddde-937f-446c-ac3e-fb2e9eccf695,Snake2,93,16,1
3b7eb5e8-9d6d-4413-a957-ba34403c1c50,126,391e4fee-c96f-4e14-8476-492ab7615cbc,Snake3,88,7,0
3b7eb5e8-9d6d-4413-a957-ba34403c1c50,126,8b1cd01f-7b2e-4b79-9d5d-2f867c4be915,Snake4,100,9,0
3b7eb5e8-9d6d-4413-a957-ba34403c1c50,127,b85bf8af-5551-4172-97ec-5e618d451380,Snake1,100,8,1
3b7eb5e8-9d6d-4413-a957-ba34403c1c50,127,e593ddde-937f-446c-ac3e-fb2e9eccf695,Snake2,92,16,1
3b7eb5e8-9d6d-4413-a957-ba34403c1c50,127,391e4fee-c96f-4e14-8476-492ab7615cbc,Snake3,88,7,0
3b7eb5e8-9d6d-4413-a957-ba34403c1c50,127,8b1cd01f-7b2e-4b79-9d5d-2f867c4be915,Snake4,100,9,0
3b7eb5e8-9d6d-4413-a957-ba34403c1c50,127,b85bf8af-5551-4172-97ec-5e618d451380,Snake1,100,8,1
3b7eb5e8-9d6d-4413-a957-ba34403c1c50,127,e593ddde-937f-446c-ac3e-fb2e9eccf695,Snake2,92,16,1
3b7eb5e8-9d6d-4413-a957-ba34403c1c50,127,391e4fee-c96f-4e14-8476-492ab7615cbc,Snake3,88,7,0
3b7eb5e8-9d6d-4413-a957-ba34403c1c50,127,8b1cd01f-7b2e-4b79-9d5d-2f867c4be915,Snake4,100,9,0
3b7eb5e8-9d6d-4413-a957-ba34403c1c50,128,b85bf8af-5551-4172-97ec-5e618d451380,Snake1,99,8,1
3b7eb5e8-9d6d-4413-a957-ba34403c1c50,128,e593ddde-937f-446c-ac3e-fb2e9eccf695,Snake2,91,16,1
3b7eb5e8-9d6d-4413-a957-ba34403c1c50,128,391e4fee-c96f-4e14-8476-492ab7615cbc,Snake3,88,7,0
3b7eb5e8-9d6d-4413-a957-ba34403c1c50,128,8b1cd01f-7b2e-4b79-9d5d-2f867c4be915,Snake4,100,9,0
3b7eb5e8-9d6d-4413-a957-ba34403c1c50,128,b85bf8af-5551-4172-97ec-5e618d451380,Snake1,99,8,1
3b7eb5e8-9d6d-4413-a957-ba34403c1c50,128,e593ddde-937f-446c-ac3e-fb2e9eccf695,Snake2,91,16,1
3b7eb5e8-9d6d-4413-a957-ba34403c1c50,128,391e4fee-c96f-4e14-8476-492ab7615cbc,Snake3,88,7,0
3b7eb5e8-9d6d-4413-a957-ba34403c1c50,128,8b1cd01f-7b2e-4b79-9d5d-2f867c4be915,Snake4,100,9,0
3b7eb5e8-9d6d-4413-a957-ba34403c1c50,129,b85bf8af-5551-4172-97ec-5e618d451380,Snake1,98,8,1
3b7eb5e8-9d6d-4413-a957-ba34403c1c50,129,e593ddde-937f-446c-ac3e-fb2e9eccf695,Snake2,90,16,1
3b7eb5e8-9d6d-4413-a957-ba34403c1c50,129,391e4fee-c96f-4e14-8476-492ab7615cbc,Snake3,88,7,0
3b7eb5e8-9d6d-4413-a957-ba34403c1c50,129,8b1cd01f-7b2e-4b79-9d5d-2f867c4be915,Snake4,100,9,0
3b7eb5e8-9d6d-4413-a957-ba34403c1c50,129,b85bf8af-5551-4172-97ec-5e618d451380,Snake1,98,8,1
3b7eb5e8-9d6d-4413-a957-ba34403c1c50,129,e593ddde-937f-446c-ac3e-fb2e9eccf695,Snake2,90,16,1
3b7eb5e8-9d6d-4413-a957-ba34403c1c50,129,391e4fee-c96f-4e14-8476-492ab7615cbc,Snake3,88,7,0
3b7eb5e8-9d6d-4413-a957-ba34403c1c50,129,8b1cd01f-7b2e-4b79-9d5d-2f867c4be915,Snake4,100,9,0
3b7eb5e8-9d6d-4413-a957-ba34403c1c50,130,b85bf8af-5551-4172-97ec-5e618d451380,Snake1,97,8,1
3b7eb5e8-9d6d-4413-a957-ba34403c1c50,130,e593ddde-937f-446c-ac3e-fb2e9eccf695,Snake2,89,16,1
3b7eb5e8-9d6d-4413-a957-ba34403c1c50,130,391e4fee-c96f-4e14-8476-492ab7615cbc,Snake3,88,7,0
3b7eb5e8-9d6d-4413-a957-ba34403c1c50,130,8b1cd01f-7b2e-4b79-9d5d-2f867c4be915,Snake4,100,9,0
3b7eb5e8-9d6d-4413-a957-ba34403c1c50,130,b85bf8af-5551-4172-97ec-5e618d451380,Snake1,97,8,1
3b7eb5e8-9d6d-4413-a957-ba34403c1c50,130,e593ddde-937f-446c-ac3e-fb2e9eccf695,Snake2,89,16,1
3b7eb5e8-9d6d-4413-a957-ba34403c1c50,130,391e4fee-c96f-4e14-8476-492ab7615cbc,Snake3,88,7,0
3b7eb5e8-9d6d-4413-a957-ba34403c1c50,130,8b1cd01f-7b2e-4b79-9d5d-2f867c4be915,Snake4,100,9,0
3b7eb5e8-9d6d-4413-a957-ba34403c1c50,131,b85bf8af-5551-4172-97ec-5e618d451380,Snake1,96,8,1
3b7eb5e8-9d6d-4413-a957-ba34403c1c50,131,e593ddde-937f-446c-ac3e-fb2e9eccf695,Snake2,88,16,1
3b7eb5e8-9d6d-4413-a957-ba34403c1c50,131,391e4fee-c96f-4e14-8476-492ab7615cbc,Snake3,88,7,0
3b7eb5e8-9d6d-4413-a957-ba34403c1c50,131,8b1cd01f-7b2e-4b79-9d5d-2f867c4be915,Snake4,100,9,0
3b7eb5e8-9d6d-4413-a957-ba34403c1c50,131,b85bf8af-5551-4172-97ec-5e618d451380,Snake1,96,8,1
3b7eb5e8-9d6d-4413-a957-ba34403c1c50,131,e593ddde-937f-446c-ac3e-fb2e9eccf695,Snake2,88,16,1
3b7eb5e8-9d6d-4413-a957-ba34403c1c50,131,391e4fee-c96f-4e14-8476-492ab7615cbc,Snake3,88,7,0
3b7eb5e8-9d6d-4413-a957-ba34403c1c50,131,8b1cd01f-7b2e-4b79-9d5d-2f867c4be915,Snake4,100,9,0
3b7eb5e8-9d6d-4413-a957-ba34403c1c50,132,b85bf8af-5551-4172-97ec-5e618d451380,Snake1,100,9,1
3b7eb5e8-9d6d-4413-a957-ba34403c1c50,132,e593ddde-937f-446c-ac3e-fb2e9eccf695,Snake2,100,17,1
3b7eb5e8-9d6d-4413-a957-ba34403c1c50,132,391e4fee-c96f-4e14-8476-492ab7615cbc,Snake3,88,7,0
3b7eb5e8-9d6d-4413-a957-ba34403c1c50,132,8b1cd01f-7b2e-4b79-9d5d-2f867c4be915,Snake4,100,9,0
3b7eb5e8-9d6d-4413-a957-ba34403c1c50,132,b85bf8af-5551-4172-97ec-5e618d451380,Snake1,100,9,1
3b7eb5e8-9d6d-4413-a957-ba34403c1c50,132,e593ddde-937f-446c-ac3e-fb2e9eccf695,Snake2,100,17,1
3b7eb5e8-9d6d-4413-a957-ba34403c1c50,132,391e4fee-c96f-4e14-8476-492ab7615cbc,Snake3,88,7,0
3b7eb5e8-9d6d-4413-a957-ba34403c1c50,132,8b1cd01f-7b2e-4b79-9d5d-2f867c4be915,Snake4,100,9,0
3b7eb5e8-9d6d-4413-a957-ba34403c1c50,133,b85bf8af-5551-4172-97ec-5e618d451380,Snake1,99,9,1
3b7eb5e8-9d6d-4413-a957-ba34403c1c50,133,e593ddde-937f-446c-ac3e-fb2e9eccf695,Snake2,99,17,1
3b7eb5e8-9d6d-4413-a957-ba34403c1c50,133,391e4fee-c96f-4e14-8476-492ab7615cbc,Snake3,88,7,0
3b7eb5e8-9d6d-4413-a957-ba34403c1c50,133,8b1cd01f-7b2e-4b79-9d5d-2f867c4be915,Snake4,100,9,0
3b7eb5e8-9d6d-4413-a957-ba34403c1c50,133,b85bf8af-5551-4172-97ec-5e618d451380,Snake1,99,9,1
3b7eb5e8-9d6d-4413-a957-ba34403c1c50,133,e593ddde-937f-446c-ac3e-fb2e9eccf695,Snake2,99,17,1
3b7eb5e8-9d6d-4413-a957-ba34403c1c50,133,391e4fee-c96f-4e14-8476-492ab7615cbc,Snake3,88,7,0
3b7eb5e8-9d6d-4413-a957-ba34403c1c50,133,8b1cd01f-7b2e-4b79-9d5d-2f867c4be915,Snake4,100,9,0
3b7eb5e8-9d6d-4413-a957-ba34403c1c50,134,b85bf8af-5551-4172-97ec-5e618d451380,Snake1,98,9,1
3b7eb5e8-9d6d-4413-a957-ba34403c1c50,134,e593ddde-937f-446c-ac3e-fb2e9eccf695,Snake2,98,17,1
3b7eb5e8-9d6d-4413-a957-ba34403c1c50,134,391e4fee-c96f-4e14-8476-492ab7615cbc,Snake3,88,7,0
3b7eb5e8-9d6d-4413-a957-ba34403c1c50,134,8b1cd01f-7b2e-4b79-9d5d-2f867c4be915,Snake4,100,9,0
3b7eb5e8-9d6d-4413-a957-ba34403c1c50,134,b85bf8af-5551-4172-97ec-5e618d451380,Snake1,98,9,1
3b7eb5e8-9d6d-4413-a957-ba34403c1c50,134,e593ddde-937f-446c-ac3e-fb2e9eccf695,Snake2,98,17,1
3b7eb5e8-9d6d-4413-a957-ba34403c1c50,134,391e4fee-c96f-4e14-8476-492ab7615cbc,Snake3,88,7,0
3b7eb5e8-9d6d-4413-a957-ba34403c1c50,134,8b1cd01f-7b2e-4b79-9d5d-2f867c4be915,Snake4,100,9,0
3b7eb5e8-9d6d-4413-a957-ba34403c1c50,135,b85bf8af-5551-4172-97ec-5e618d451380,Snake1,97,9,1
3b7eb5e8-9d6d-4413-a957-ba34403c1c50,135,e593ddde-937f-446c-ac3e-fb2e9eccf695,Snake2,97,17,1
3b7eb5e8-9d6d-4413-a957-ba34403c1c50,135,391e4fee-c96f-4e14-8476-492ab7615cbc,Snake3,88,7,0
3b7eb5e8-9d6d-4413-a957-ba34403c1c50,135,8b1cd01f-7b2e-4b79-9d5d-2f867c4be915,Snake4,100,9,0
3b7eb5e8-9d6d-4413-a957-ba34403c1c50,135,b85bf8af-5551-4172-97ec-5e618d451380,Snake1,97,9,1
3b7eb5e8-9d6d-4413-a957-ba34403c1c50,135,e593ddde-937f-446c-ac3e-fb2e9eccf695,Snake2,97,17,1
3b7eb5e8-9d6d-4413-a957-ba34403c1c50,135,391e4fee-c96f-4e14-8476-492ab7615cbc,Snake3,88,7,0
3b7eb5e8-9d6d-4413-a957-ba34403c1c50,135,8b1cd01f-7b2e-4b79-9d5d-2f867c4be915,Snake4,100,9,0
3b7eb5e8-9d6d-4413-a957-ba34403c1c50,136,b85bf8af-5551-4172-97ec-5e618d451380,Snake1,96,9,1
3b7eb5e8-9d6d-4413-a957-ba34403c1c50,136,e593ddde-937f-446c-ac3e-fb2e9eccf695,Snake2,96,17,1
3b7eb5e8-9d6d-4413-a957-ba34403c1c50,136,391e4fee-c96f-4e14-8476-492ab7615cbc,Snake3,88,7,0
3b7eb5e8-9d6d-4413-a957-ba34403c1c50,136,8b1cd01f-7b2e-4b79-9d5d-2f867c4be915,Snake4,100,9,0
3b7eb5e8-9d6d-4413-a957-ba34403c1c50,136,b85bf8af-5551-4172-97ec-5e618d451380,Snake1,96,9,1
3b7eb5e8-9d6d-4413-a957-ba34403c1c50,136,e593ddde-937f-446c-ac3e-fb2e9eccf695,Snake2,96,17,1
3b7eb5e8-9d6d-4413-a957-ba34403c1c50,136,391e4fee-c96f-4e14-8476-492ab7615cbc,Snake3,88,7,0
3b7eb5e8-9d6d-4413-a957-ba34403c1c50,136,8b1cd01f-7b2e-4b79-9d5d-2f867c4be915,Snake4,100,9,0
3b7eb5e8-9d6d-4413-a957-ba34403c1c50,137,b85bf8af-5551-4172-97ec-5e618d451380,Snake1,95,9,1
3b7eb5e8-9d6d-4413-a957-ba34403c1c50,137,e593ddde-937f-446c-ac3e-fb2e9eccf695,Snake2,95,17,1
3b7eb5e8-9d6d-4413-a957-ba34403c1c50,137,391e4fee-c96f-4e14-8476-492ab7615cbc,Snake3,88,7,0
3b7eb5e8-9d6d-4413-a957-ba34403c1c50,137,8b1cd01f-7b2e-4b79-9d5d-2f867c4be915,Snake4,100,9,0
3b7eb5e8-9d6d-4413-a957-ba34403c1c50,137,b85bf8af-5551-4172-97ec-5e618d451380,Snake1,95,9,1
3b7eb5e8-9d6d-4413-a957-ba34403c1c50,137,e593ddde-937f-446c-ac3e-fb2e9eccf695,Snake2,95,17,1
3b7eb5e8-9d6d-4413-a957-ba34403c1c50,137,391e4fee-c96f-4e14-8476-492ab7615cbc,Snake3,88,7,0
3b7eb5e8-9d6d-4413-a957-ba34403c1c50,137,8b1cd01f-7b2e-4b79-9d5d-2f867c4be915,Snake4,100,9,0
3b7eb5e8-9d6d-4413-a957-ba34403c1c50,138,b85bf8af-5551-4172-97ec-5e618d451380,Snake1,94,9,1
3b7eb5e8-9d6d-4413-a957-ba34403c1c50,138,e593ddde-937f-446c-ac3e-fb2e9eccf695,Snake2,94,17,1
3b7eb5e8-9d6d-4413-a957-ba34403c1c50,138,391e4fee-c96f-4e14-8476-492ab7615cbc,Snake3,88,7,0
3b7eb5e8-9d6d-4413-a957-ba34403c1c50,138,8b1cd01f-7b2e-4b79-9d5d-2f867c4be915,Snake4,100,9,0
3b7eb5e8-9d6d-4413-a957-ba34403c1c50,138,b85bf8af-5551-4172-97ec-5e618d451380,Snake1,94,9,1
3b7eb5e8-9d6d-4413-a957-ba34403c1c50,138,e593ddde-937f-446c-ac3e-fb2e9eccf695,Snake2,94,17,1
3b7eb5e8-9d6d-4413-a957-ba34403c1c50,138,391e4fee-c96f-4e14-8476-492ab7615cbc,Snake3,88,7,0
3b7eb5e8-9d6d-4413-a957-ba34403c1c50,138,8b1cd01f-7b2e-4b79-9d5d-2f867c4be915,Snake4,100,9,0
3b7eb5e8-9d6d-4413-a957-ba34403c1c50,139,b85bf8af-5551-4172-97ec-5e618d451380,Snake1,93,9,1
3b7eb5e8-9d6d-4413-a957-ba34403c1c50,139,e593ddde-937f-446c-ac3e-fb2e9eccf695,Snake2,93,17,1
3b7eb5e8-9d6d-4413-a957-ba34403c1c50,139,391e4fee-c96f-4e14-8476-492ab7615cbc,Snake3,88,7,0
3b7eb5e8-9d6d-4413-a957-ba34403c1c50,139,8b1cd01f-7b2e-4b79-9d5d-2f867c4be915,Snake4,100,9,0
3b7eb5e8-9d6d-4413-a957-ba34403c1c50,139,b85bf8af-5551-4172-97ec-5e618d451380,Snake1,93,9,1
3b7eb5e8-9d6d-4413-a957-ba34403c1c50,139,e593ddde-937f-446c-ac3e-fb2e9eccf695,Snake2,93,17,1
3b7eb5e8-9d6d-4413-a957-ba34403c1c50,139,391e4fee-c96f-4e14-8476-492ab7615cbc,Snake3,88,7,0
3b7eb5e8-9d6d-4413-a957-ba34403c1c50,139,8b1cd01f-7b2e-4b79-9d5d-2f867c4be915,Snake4,100,9,0
3b7eb5e8-9d6d-4413-a957-ba34403c1c50,140,b85bf8af-5551-4172-97ec-5e618d451380,Snake1,92,9,1
3b7eb5e8-9d6d-4413-a957-ba34403c1c50,140,e593ddde-937f-446c-ac3e-fb2e9eccf695,Snake2,92,17,1
3b7eb5e8-9d6d-4413-a957-ba34403c1c50,140,391e4fee-c96f-4e14-8476-492ab7615cbc,Snake3,88,7,0
3b7eb5e8-9d6d-4413-a957-ba34403c1c50,140,8b1cd01f-7b2e-4b79-9d5d-2f867c4be915,Snake4,100,9,0
3b7eb5e8-9d6d-4413-a957-ba34403c1c50,140,b85bf8af-5551-4172-97ec-5e618d451380,Snake1,92,9,1
3b7eb5e8-9d6d-4413-a957-ba34403c1c50,140,e593ddde-937f-446c-ac3e-fb2e9eccf695,Snake2,92,17,1
3b7eb5e8-9d6d-4413-a957-ba34403c1c50,140,391e4fee-c96f-4e14-8476-492ab7615cbc,Snake3,88,7,0
3b7eb5e8-9d6d-4413-a957-ba34403c1c50,140,8b1cd01f-7b2e-4b79-9d5d-2f867c4be915,Snake4,100,9,0
3b7eb5e8-9d6d-4413-a957-ba34403c1c50,141,b85bf8af-5551-4172-97ec-5e618d451380,Snake1,100,10,1
3b7eb5e8-9d6d-4413-a957-ba34403c1c50,141,e593ddde-937f-446c-ac3e-fb2e9eccf695,Snake2,91,17,1
3b7eb5e8-9d6d-4413-a957-ba34403c1c50,141,391e4fee-c96f-4e14-8476-492ab7615cbc,Snake3,88,7,0
3b7eb5e8-9d6d-4413-a957-ba34403c1c50,141,8b1cd01f-7b2e-4b79-9d5d-2f867c4be915,Snake4,100,9,0
3b7eb5e8-9d6d-4413-a957-ba34403c1c50,141,b85bf8af-5551-4172-97ec-5e618d451380,Snake1,100,10,1
3b7eb5e8-9d6d-4413-a957-ba34403c1c50,141,e593ddde-937f-446c-ac3e-fb2e9eccf695,Snake2,91,17,1
3b7eb5e8-9d6d-4413-a957-ba34403c1c50,141,391e4fee-c96f-4e14-8476-492ab7615cbc,Snake3,88,7,0
3b7eb5e8-9d6d-4413-a957-ba34403c1c50,141,8b1cd01f-7b2e-4b79-9d5d-2f867c4be915,Snake4,100,9,0
3b7eb5e8-9d6d-4413-a957-ba34403c1c50,142,b85bf8af-5551-4172-97ec-5e618d451380,Snake1,99,10,1
3b7eb5e8-9d6d-4413-a957-ba34403c1c50,142,e593ddde-937f-446c-ac3e-fb2e9eccf695,Snake2,90,17,1
3b7eb5e8-9d6d-4413-a957-ba34403c1c50,142,391e4fee-c96f-4e14-8476-492ab7615cbc,Snake3,88,7,0
3b7eb5e8-9d6d-4413-a957-ba34403c1c50,142,8b1cd01f-7b2e-4b79-9d5d-2f867c4be915,Snake4,100,9,0
3b7eb5e8-9d6d-4413-a957-ba34403c1c50,142,b85bf8af-5551-4172-97ec-5e618d451380,Snake1,99,10,1
3b7eb5e8-9d6d-4413-a957-ba34403c1c50,142,e593ddde-937f-446c-ac3e-fb2e9eccf695,Snake2,90,17,1
3b7eb5e8-9d6d-4413-a957-ba34403c1c50,142,391e4fee-c96f-4e14-8476-492ab7615cbc,Snake3,88,7,0
3b7eb5e8-9d6d-4413-a957-ba34403c1c50,142,8b1cd01f-7b2e-4b79-9d5d-2f867c4be915,Snake4,100,9,0
3b7eb5e8-9d6d-4413-a957-ba34403c1c50,143,b85bf8af-5551-4172-97ec-5e618d451380,Snake1,98,10,1
3b7eb5e8-9d6d-4413-a957-ba34403c1c50,143,e593ddde-937f-446c-ac3e-fb2e9eccf695,Snake2,89,17,1
3b7eb5e8-9d6d-4413-a957-ba34403c1c50,143,391e4fee-c96f-4e14-8476-492ab7615cbc,Snake3,88,7,0
3b7eb5e8-9d6d-4413-a957-ba34403c1c50,143,8b1cd01f-7b2e-4b79-9d5d-2f867c4be915,Snake4,100,9,0
3b7eb5e8-9d6d-4413-a957-ba34403c1c50,143,b85bf8af-5551-4172-97ec-5e618d451380,Snake1,98,10,1
3b7eb5e8-9d6d-4413-a957-ba34403c1c50,143,e593ddde-937f-446c-ac3e-fb2e9eccf695,Snake2,89,17,1
3b7eb5e8-9d6d-4413-a957-ba34403c1c50,143,391e4fee-c96f-4e14-8476-492ab7615cbc,Snake3,88,7,0
3b7eb5e8-9d6d-4413-a957-ba34403c1c50,143,8b1cd01f-7b2e-4b79-9d5d-2f867c4be915,Snake4,100,9,0
3b7eb5e8-9d6d-4413-a957-ba34403c1c50,144,b85bf8af-5551-4172-97ec-5e618d451380,Snake1,97,10,1
3b7eb5e8-9d6d-4413-a957-ba34403c1c50,144,e593ddde-937f-446c-ac3e-fb2e9eccf695,Snake2,88,17,1
3b7eb5e8-9d6d-4413-a957-ba34403c1c50,144,391e4fee-c96f-4e14-8476-492ab7615cbc,Snake3,88,7,0
3b7eb5e8-9d6d-4413-a957-ba34403c1c50,144,8b1cd01f-7b2e-4b79-9d5d-2f867c4be915,Snake4,100,9,0
3b7eb5e8-9d6d-4413-a957-ba34403c1c50,144,b85bf8af-5551-4172-97ec-5e618d451380,Snake1,97,10,1
3b7eb5e8-9d6d-4413-a957-ba34403c1c50,144,e593ddde-937f-446c-ac3e-fb2e9eccf695,Snake2,88,17,1
3b7eb5e8-9d6d-4413-a957-ba34403c1c50,144,391e4fee-c96f-4e14-8476-492ab7615cbc,Snake3,88,7,0
3b7eb5e8-9d6d-4413-a957-ba34403c1c50,144,8b1cd01f-7b2e-4b79-9d5d-2f867c4be915,Snake4,100,9,0
3b7eb5e8-9d6d-4413-a957-ba34403c1c50,145,b85bf8af-5551-4172-97ec-5e618d451380,Snake1,100,11,1
3b7eb5e8-9d6d-4413-a957-ba34403c1c50,145,e593ddde-937f-446c-ac3e-fb2e9eccf695,Snake2,87,17,1
3b7eb5e8-9d6d-4413-a957-ba34403c1c50,145,391e4fee-c96f-4e14-8476-492ab7615cbc,Snake3,88,7,0
3b7eb5e8-9d6d-4413-a957-ba34403c1c50,145,8b1cd01f-7b2e-4b79-9d5d-2f867c4be915,Snake4,100,9,0
3b7eb5e8-9d6d-4413-a957-ba34403c1c50,145,b85bf8af-5551-4172-97ec-5e618d451380,Snake1,100,11,1
3b7eb5e8-9d6d-4413-a957-ba34403c1c50,145,e593ddde-937f-446c-ac3e-fb2e9eccf695,Snake2,87,17,1
3b7eb5e8-9d6d-4413-a957-ba34403c1c50,145,391e4fee-c96f-4e14-8476-492ab7615cbc,Snake3,88,7,0
3b7eb5e8-9d6d-4413-a957-ba34403c1c50,145,8b1cd01f-7b2e-4b79-9d5d-2f867c4be915,Snake4,100,9,0
3b7eb5e8-9d6d-4413-a957-ba34403c1c50,146,b85bf8af-5551-4172-97ec-5e618d451380,Snake1,99,11,1
3b7eb5e8-9d6d-4413-a957-ba34403c1c50,146,e593ddde-937f-446c-ac3e-fb2e9eccf695,Snake2,86,17,1
3b7eb5e8-9d6d-4413-a957-ba34403c1c50,146,391e4fee-c96f-4e14-8476-492ab7615cbc,Snake3,88,7,0
3b7eb5e8-9d6d-4413-a957-ba34403c1c50,146,8b1cd01f-7b2e-4b79-9d5d-2f867c4be915,Snake4,100,9,0
3b7eb5e8-9d6d-4413-a957-ba34403c1c50,146,b85bf8af-5551-4172-97ec-5e618d451380,Snake1,99,11,1
3b7eb5e8-9d6d-4413-a957-ba34403c1c50,146,e593ddde-937f-446c-ac3e-fb2e9eccf695,Snake2,86,17,1
3b7eb5e8-9d6d-4413-a957-ba34403c1c50,146,391e4fee-c96f-4e14-8476-492ab7615cbc,Snake3,88,7,0
3b7eb5e8-9d6d-4413-a957-ba34403c1c50,146,8b1cd01f-7b2e-4b79-9d5d-2f867c4be915,Snake4,100,9,0
3b7eb5e8-9d6d-4413-a957-ba34403c1c50,147,b85bf8af-5551-4172-97ec-5e618d451380,Snake1,98,11,1
3b7eb5e8-9d6d-4413-a957-ba34403c1c50,147,e593ddde-937f-446c-ac3e-fb2e9eccf695,Snake2,85,17,1
3b7eb5e8-9d6d-4413-a957-ba34403c1c50,147,391e4fee-c96f-4e14-8476-492ab7615cbc,Snake3,88,7,0
3b7eb5e8-9d6d-4413-a957-ba34403c1c50,147,8b1cd01f-7b2e-4b79-9d5d-2f867c4be915,Snake4,100,9,0
3b7eb5e8-9d6d-4413-a957-ba34403c1c50,147,b85bf8af-5551-4172-97ec-5e618d451380,Snake1,98,11,1
3b7eb5e8-9d6d-4413-a957-ba34403c1c50,147,e593ddde-937f-446c-ac3e-fb2e9eccf695,Snake2,85,17,1
3b7eb5e8-9d6d-4413-a957-ba34403c1c50,147,391e4fee-c96f-4e14-8476-492ab7615cbc,Snake3,88,7,0
3b7eb5e8-9d6d-4413-a957-ba34403c1c50,147,8b1cd01f-7b2e-4b79-9d5d-2f867c4be915,Snake4,100,9,0
3b7eb5e8-9d6d-4413-a957-ba34403c1c50,148,b85bf8af-5551-4172-97ec-5e618d451380,Snake1,97,11,1
3b7eb5e8-9d6d-4413-a957-ba34403c1c50,148,e593ddde-937f-446c-ac3e-fb2e9eccf695,Snake2,84,17,1
3b7eb5e8-9d6d-4413-a957-ba34403c1c50,148,391e4fee-c96f-4e14-8476-492ab7615cbc,Snake3,88,7,0
3b7eb5e8-9d6d-4413-a957-ba34403c1c50,148,8b1cd01f-7b2e-4b79-9d5d-2f867c4be915,Snake4,100,9,0
3b7eb5e8-9d6d-4413-a957-ba34403c1c50,149,b85bf8af-5551-4172-97ec-5e618d451380,Snake1,100,12,1
3b7eb5e8-9d6d-4413-a957-ba34403c1c50,149,e593ddde-937f-446c-ac3e-fb2e9eccf695,Snake2,83,17,1
3b7eb5e8-9d6d-4413-a957-ba34403c1c50,149,391e4fee-c96f-4e14-8476-492ab7615cbc,Snake3,88,7,0
3b7eb5e8-9d6d-4413-a957-ba34403c1c50,149,8b1cd01f-7b2e-4b79-9d5d-2f867c4be915,Snake4,100,9,0
3b7eb5e8-9d6d-4413-a957-ba34403c1c50,149,b85bf8af-5551-4172-97ec-5e618d451380,Snake1,100,12,1
3b7eb5e8-9d6d-4413-a957-ba34403c1c50,149,e593ddde-937f-446c-ac3e-fb2e9eccf695,Snake2,83,17,1
3b7eb5e8-9d6d-4413-a957-ba34403c1c50,149,391e4fee-c96f-4e14-8476-492ab7615cbc,Snake3,88,7,0
3b7eb5e8-9d6d-4413-a957-ba34403c1c50,149,8b1cd01f-7b2e-4b79-9d5d-2f867c4be915,Snake4,100,9,0
3b7eb5e8-9d6d-4413-a957-ba34403c1c50,150,b85bf8af-5551-4172-97ec-5e618d451380,Snake1,99,12,1
3b7eb5e8-9d6d-4413-a957-ba34403c1c50,150,e593ddde-937f-446c-ac3e-fb2e9eccf695,Snake2,82,17,1
3b7eb5e8-9d6d-4413-a957-ba34403c1c50,150,391e4fee-c96f-4e14-8476-492ab7615cbc,Snake3,88,7,0
3b7eb5e8-9d6d-4413-a957-ba34403c1c50,150,8b1cd01f-7b2e-4b79-9d5d-2f867c4be915,Snake4,100,9,0
3b7eb5e8-9d6d-4413-a957-ba34403c1c50,151,b85bf8af-5551-4172-97ec-5e618d451380,Snake1,98,12,1
3b7eb5e8-9d6d-4413-a957-ba34403c1c50,151,e593ddde-937f-446c-ac3e-fb2e9eccf695,Snake2,81,17,1
3b7eb5e8-9d6d-4413-a957-ba34403c1c50,151,391e4fee-c96f-4e14-8476-492ab7615cbc,Snake3,88,7,0
3b7eb5e8-9d6d-4413-a957-ba34403c1c50,151,8b1cd01f-7b2e-4b79-9d5d-2f867c4be915,Snake4,100,9,0
3b7eb5e8-9d6d-4413-a957-ba34403c1c50,151,b85bf8af-5551-4172-97ec-5e618d451380,Snake1,98,12,1
3b7eb5e8-9d6d-4413-a957-ba34403c1c50,151,e593ddde-937f-446c-ac3e-fb2e9eccf695,Snake2,81,17,1
3b7eb5e8-9d6d-4413-a957-ba34403c1c50,151,391e4fee-c96f-4e14-8476-492ab7615cbc,Snake3,88,7,0
3b7eb5e8-9d6d-4413-a957-ba34403c1c50,151,8b1cd01f-7b2e-4b79-9d5d-2f867c4be915,Snake4,100,9,0
3b7eb5e8-9d6d-4413-a957-ba34403c1c50,152,b85bf8af-5551-4172-97ec-5e618d451380,Snake1,97,12,1
3b7eb5e8-9d6d-4413-a957-ba34403c1c50,152,e593ddde-937f-446c-ac3e-fb2e9eccf695,Snake2,80,17,1
3b7eb5e8-9d6d-4413-a957-ba34403c1c50,152,391e4fee-c96f-4e14-8476-492ab7615cbc,Snake3,88,7,0
3b7eb5e8-9d6d-4413-a957-ba34403c1c50,152,8b1cd01f-7b2e-4b79-9d5d-2f867c4be915,Snake4,100,9,0
3b7eb5e8-9d6d-4413-a957-ba34403c1c50,152,b85bf8af-5551-4172-97ec-5e618d451380,Snake1,97,12,1
3b7eb5e8-9d6d-4413-a957-ba34403c1c50,152,e593ddde-937f-446c-ac3e-fb2e9eccf695,Snake2,80,17,1
3b7eb5e8-9d6d-4413-a957-ba34403c1c50,152,391e4fee-c96f-4e14-8476-492ab7615cbc,Snake3,88,7,0
3b7eb5e8-9d6d-4413-a957-ba34403c1c50,152,8b1cd01f-7b2e-4b79-9d5d-2f867c4be915,Snake4,100,9,0
3b7eb5e8-9d6d-4413-a957-ba34403c1c50,153,b85bf8af-5551-4172-97ec-5e618d451380,Snake1,96,12,1
3b7eb5e8-9d6d-4413-a957-ba34403c1c50,153,e593ddde-937f-446c-ac3e-fb2e9eccf695,Snake2,79,17,1
3b7eb5e8-9d6d-4413-a957-ba34403c1c50,153,391e4fee-c96f-4e14-8476-492ab7615cbc,Snake3,88,7,0
3b7eb5e8-9d6d-4413-a957-ba34403c1c50,153,8b1cd01f-7b2e-4b79-9d5d-2f867c4be915,Snake4,100,9,0
3b7eb5e8-9d6d-4413-a957-ba34403c1c50,153,b85bf8af-5551-4172-97ec-5e618d451380,Snake1,96,12,1
3b7eb5e8-9d6d-4413-a957-ba34403c1c50,153,e593ddde-937f-446c-ac3e-fb2e9eccf695,Snake2,79,17,1
3b7eb5e8-9d6d-4413-a957-ba34403c1c50,153,391e4fee-c96f-4e14-8476-492ab7615cbc,Snake3,88,7,0
3b7eb5e8-9d6d-4413-a957-ba34403c1c50,153,8b1cd01f-7b2e-4b79-9d5d-2f867c4be915,Snake4,100,9,0
3b7eb5e8-9d6d-4413-a957-ba34403c1c50,154,b85bf8af-5551-4172-97ec-5e618d451380,Snake1,95,12,1
3b7eb5e8-9d6d-4413-a957-ba34403c1c50,154,e593ddde-937f-446c-ac3e-fb2e9eccf695,Snake2,78,17,1
3b7eb5e8-9d6d-4413-a957-ba34403c1c50,154,391e4fee-c96f-4e14-8476-492ab7615cbc,Snake3,88,7,0
3b7eb5e8-9d6d-4413-a957-ba34403c1c50,154,8b1cd01f-7b2e-4b79-9d5d-2f867c4be915,Snake4,100,9,0
3b7eb5e8-9d6d-4413-a957-ba34403c1c50,154,b85bf8af-5551-4172-97ec-5e618d451380,Snake1,95,12,1
3b7eb5e8-9d6d-4413-a957-ba34403c1c50,154,e593ddde-937f-446c-ac3e-fb2e9eccf695,Snake2,78,17,1
3b7eb5e8-9d6d-4413-a957-ba34403c1c50,154,391e4fee-c96f-4e14-8476-492ab7615cbc,Snake3,88,7,0
3b7eb5e8-9d6d-4413-a957-ba34403c1c50,154,8b1cd01f-7b2e-4b79-9d5d-2f867c4be915,Snake4,100,9,0
3b7eb5e8-9d6d-4413-a957-ba34403c1c50,155,b85bf8af-5551-4172-97ec-5e618d451380,Snake1,94,12,1
3b7eb5e8-9d6d-4413-a957-ba34403c1c50,155,e593ddde-937f-446c-ac3e-fb2e9eccf695,Snake2,77,17,1
3b7eb5e8-9d6d-4413-a957-ba34403c1c50,155,391e4fee-c96f-4e14-8476-492ab7615cbc,Snake3,88,7,0
3b7eb5e8-9d6d-4413-a957-ba34403c1c50,155,8b1cd01f-7b2e-4b79-9d5d-2f867c4be915,Snake4,100,9,0
3b7eb5e8-9d6d-4413-a957-ba34403c1c50,155,b85bf8af-5551-4172-97ec-5e618d451380,Snake1,94,12,1
3b7eb5e8-9d6d-4413-a957-ba34403c1c50,155,e593ddde-937f-446c-ac3e-fb2e9eccf695,Snake2,77,17,1
3b7eb5e8-9d6d-4413-a957-ba34403c1c50,155,391e4fee-c96f-4e14-8476-492ab7615cbc,Snake3,88,7,0
3b7eb5e8-9d6d-4413-a957-ba34403c1c50,155,8b1cd01f-7b2e-4b79-9d5d-2f867c4be915,Snake4,100,9,0
3b7eb5e8-9d6d-4413-a957-ba34403c1c50,156,b85bf8af-5551-4172-97ec-5e618d451380,Snake1,93,12,1
3b7eb5e8-9d6d-4413-a957-ba34403c1c50,156,e593ddde-937f-446c-ac3e-fb2e9eccf695,Snake2,76,17,1
3b7eb5e8-9d6d-4413-a957-ba34403c1c50,156,391e4fee-c96f-4e14-8476-492ab7615cbc,Snake3,88,7,0
3b7eb5e8-9d6d-4413-a957-ba34403c1c50,156,8b1cd01f-7b2e-4b79-9d5d-2f867c4be915,Snake4,100,9,0
3b7eb5e8-9d6d-4413-a957-ba34403c1c50,156,b85bf8af-5551-4172-97ec-5e618d451380,Snake1,93,12,1
3b7eb5e8-9d6d-4413-a957-ba34403c1c50,156,e593ddde-937f-446c-ac3e-fb2e9eccf695,Snake2,76,17,1
3b7eb5e8-9d6d-4413-a957-ba34403c1c50,156,391e4fee-c96f-4e14-8476-492ab7615cbc,Snake3,88,7,0
3b7eb5e8-9d6d-4413-a957-ba34403c1c50,156,8b1cd01f-7b2e-4b79-9d5d-2f867c4be915,Snake4,100,9,0
3b7eb5e8-9d6d-4413-a957-ba34403c1c50,157,b85bf8af-5551-4172-97ec-5e618d451380,Snake1,92,12,1
3b7eb5e8-9d6d-4413-a957-ba34403c1c50,157,e593ddde-937f-446c-ac3e-fb2e9eccf695,Snake2,75,17,1
3b7eb5e8-9d6d-4413-a957-ba34403c1c50,157,391e4fee-c96f-4e14-8476-492ab7615cbc,Snake3,88,7,0
3b7eb5e8-9d6d-4413-a957-ba34403c1c50,157,8b1cd01f-7b2e-4b79-9d5d-2f867c4be915,Snake4,100,9,0
3b7eb5e8-9d6d-4413-a957-ba34403c1c50,157,b85bf8af-5551-4172-97ec-5e618d451380,Snake1,92,12,1
3b7eb5e8-9d6d-4413-a957-ba34403c1c50,157,e593ddde-937f-446c-ac3e-fb2e9eccf695,Snake2,75,17,1
3b7eb5e8-9d6d-4413-a957-ba34403c1c50,157,391e4fee-c96f-4e14-8476-492ab7615cbc,Snake3,88,7,0
3b7eb5e8-9d6d-4413-a957-ba34403c1c50,157,8b1cd01f-7b2e-4b79-9d5d-2f867c4be915,Snake4,100,9,0
3b7eb5e8-9d6d-4413-a957-ba34403c1c50,158,b85bf8af-5551-4172-97ec-5e618d451380,Snake1,91,12,1
3b7eb5e8-9d6d-4413-a957-ba34403c1c50,158,e593ddde-937f-446c-ac3e-fb2e9eccf695,Snake2,74,17,1
3b7eb5e8-9d6d-4413-a957-ba34403c1c50,158,391e4fee-c96f-4e14-8476-492ab7615cbc,Snake3,88,7,0
3b7eb5e8-9d6d-4413-a957-ba34403c1c50,158,8b1cd01f-7b2e-4b79-9d5d-2f867c4be915,Snake4,100,9,0
3b7eb5e8-9d6d-4413-a957-ba34403c1c50,158,b85bf8af-5551-4172-97ec-5e618d451380,Snake1,91,12,1
3b7eb5e8-9d6d-4413-a957-ba34403c1c50,158,e593ddde-937f-446c-ac3e-fb2e9eccf695,Snake2,74,17,1
3b7eb5e8-9d6d-4413-a957-ba34403c1c50,158,391e4fee-c96f-4e14-8476-492ab7615cbc,Snake3,88,7,0
3b7eb5e8-9d6d-4413-a957-ba34403c1c50,158,8b1cd01f-7b2e-4b79-9d5d-2f867c4be915,Snake4,100,9,0
3b7eb5e8-9d6d-4413-a957-ba34403c1c50,159,b85bf8af-5551-4172-97ec-5e618d451380,Snake1,90,12,1
3b7eb5e8-9d6d-4413-a957-ba34403c1c50,159,e593ddde-937f-446c-ac3e-fb2e9eccf695,Snake2,73,17,1
3b7eb5e8-9d6d-4413-a957-ba34403c1c50,159,391e4fee-c96f-4e14-8476-492ab7615cbc,Snake3,88,7,0
3b7eb5e8-9d6d-4413-a957-ba34403c1c50,159,8b1cd01f-7b2e-4b79-9d5d-2f867c4be915,Snake4,100,9,0
3b7eb5e8-9d6d-4413-a957-ba34403c1c50,159,b85bf8af-5551-4172-97ec-5e618d451380,Snake1,90,12,1
3b7eb5e8-9d6d-4413-a957-ba34403c1c50,159,e593ddde-937f-446c-ac3e-fb2e9eccf695,Snake2,73,17,1
3b7eb5e8-9d6d-4413-a957-ba34403c1c50,159,391e4fee-c96f-4e14-8476-492ab7615cbc,Snake3,88,7,0
3b7eb5e8-9d6d-4413-a957-ba34403c1c50,159,8b1cd01f-7b2e-4b79-9d5d-2f867c4be915,Snake4,100,9,0
3b7eb5e8-9d6d-4413-a957-ba34403c1c50,160,b85bf8af-5551-4172-97ec-5e618d451380,Snake1,89,12,1
3b7eb5e8-9d6d-4413-a957-ba34403c1c50,160,e593ddde-937f-446c-ac3e-fb2e9eccf695,Snake2,72,17,1
3b7eb5e8-9d6d-4413-a957-ba34403c1c50,160,391e4fee-c96f-4e14-8476-492ab7615cbc,Snake3,88,7,0
3b7eb5e8-9d6d-4413-a957-ba34403c1c50,160,8b1cd01f-7b2e-4b79-9d5d-2f867c4be915,Snake4,100,9,0
3b7eb5e8-9d6d-4413-a957-ba34403c1c50,160,b85bf8af-5551-4172-97ec-5e618d451380,Snake1,89,12,1
3b7eb5e8-9d6d-4413-a957-ba34403c1c50,160,e593ddde-937f-446c-ac3e-fb2e9eccf695,Snake2,72,17,1
3b7eb5e8-9d6d-4413-a957-ba34403c1c50,160,391e4fee-c96f-4e14-8476-492ab7615cbc,Snake3,88,7,0
3b7eb5e8-9d6d-4413-a957-ba34403c1c50,160,8b1cd01f-7b2e-4b79-9d5d-2f867c4be915,Snake4,100,9,0
3b7eb5e8-9d6d-4413-a957-ba34403c1c50,161,b85bf8af-5551-4172-97ec-5e618d451380,Snake1,88,12,1
3b7eb5e8-9d6d-4413-a957-ba34403c1c50,161,e593ddde-937f-446c-ac3e-fb2e9eccf695,Snake2,100,18,1
3b7eb5e8-9d6d-4413-a957-ba34403c1c50,161,391e4fee-c96f-4e14-8476-492ab7615cbc,Snake3,88,7,0
3b7eb5e8-9d6d-4413-a957-ba34403c1c50,161,8b1cd01f-7b2e-4b79-9d5d-2f867c4be915,Snake4,100,9,0
3b7eb5e8-9d6d-4413-a957-ba34403c1c50,161,b85bf8af-5551-4172-97ec-5e618d451380,Snake1,88,12,1
3b7eb5e8-9d6d-4413-a957-ba34403c1c50,161,e593ddde-937f-446c-ac3e-fb2e9eccf695,Snake2,100,18,1
3b7eb5e8-9d6d-4413-a957-ba34403c1c50,161,391e4fee-c96f-4e14-8476-492ab7615cbc,Snake3,88,7,0
3b7eb5e8-9d6d-4413-a957-ba34403c1c50,161,8b1cd01f-7b2e-4b79-9d5d-2f867c4be915,Snake4,100,9,0
3b7eb5e8-9d6d-4413-a957-ba34403c1c50,162,b85bf8af-5551-4172-97ec-5e618d451380,Snake1,87,12,1
3b7eb5e8-9d6d-4413-a957-ba34403c1c50,162,e593ddde-937f-446c-ac3e-fb2e9eccf695,Snake2,99,18,1
3b7eb5e8-9d6d-4413-a957-ba34403c1c50,162,391e4fee-c96f-4e14-8476-492ab7615cbc,Snake3,88,7,0
3b7eb5e8-9d6d-4413-a957-ba34403c1c50,162,8b1cd01f-7b2e-4b79-9d5d-2f867c4be915,Snake4,100,9,0
3b7eb5e8-9d6d-4413-a957-ba34403c1c50,162,b85bf8af-5551-4172-97ec-5e618d451380,Snake1,87,12,1
3b7eb5e8-9d6d-4413-a957-ba34403c1c50,162,e593ddde-937f-446c-ac3e-fb2e9eccf695,Snake2,99,18,1
3b7eb5e8-9d6d-4413-a957-ba34403c1c50,162,391e4fee-c96f-4e14-8476-492ab7615cbc,Snake3,88,7,0
3b7eb5e8-9d6d-4413-a957-ba34403c1c50,162,8b1cd01f-7b2e-4b79-9d5d-2f867c4be915,Snake4,100,9,0
3b7eb5e8-9d6d-4413-a957-ba34403c1c50,163,b85bf8af-5551-4172-97ec-5e618d451380,Snake1,86,12,1
3b7eb5e8-9d6d-4413-a957-ba34403c1c50,163,e593ddde-937f-446c-ac3e-fb2e9eccf695,Snake2,98,18,1
3b7eb5e8-9d6d-4413-a957-ba34403c1c50,163,391e4fee-c96f-4e14-8476-492ab7615cbc,Snake3,88,7,0
3b7eb5e8-9d6d-4413-a957-ba34403c1c50,163,8b1cd01f-7b2e-4b79-9d5d-2f867c4be915,Snake4,100,9,0
3b7eb5e8-9d6d-4413-a957-ba34403c1c50,163,b85bf8af-5551-4172-97ec-5e618d451380,Snake1,86,12,1
3b7eb5e8-9d6d-4413-a957-ba34403c1c50,163,e593ddde-937f-446c-ac3e-fb2e9eccf695,Snake2,98,18,1
3b7eb5e8-9d6d-4413-a957-ba34403c1c50,163,391e4fee-c96f-4e14-8476-492ab7615cbc,Snake3,88,7,0
3b7eb5e8-9d6d-4413-a957-ba34403c1c50,163,8b1cd01f-7b2e-4b79-9d5d-2f867c4be915,Snake4,100,9,0
3b7eb5e8-9d6d-4413-a957-ba34403c1c50,164,b85bf8af-5551-4172-97ec-5e618d451380,Snake1,85,12,1
3b7eb5e8-9d6d-4413-a957-ba34403c1c50,164,e593ddde-937f-446c-ac3e-fb2e9eccf695,Snake2,100,19,1
3b7eb5e8-9d6d-4413-a957-ba34403c1c50,164,391e4fee-c96f-4e14-8476-492ab7615cbc,Snake3,88,7,0
3b7eb5e8-9d6d-4413-a957-ba34403c1c50,164,8b1cd01f-7b2e-4b79-9d5d-2f867c4be915,Snake4,100,9,0
3b7eb5e8-9d6d-4413-a957-ba34403c1c50,164,b85bf8af-5551-4172-97ec-5e618d451380,Snake1,85,12,1
3b7eb5e8-9d6d-4413-a957-ba34403c1c50,164,e593ddde-937f-446c-ac3e-fb2e9eccf695,Snake2,100,19,1
3b7eb5e8-9d6d-4413-a957-ba34403c1c50,164,391e4fee-c96f-4e14-8476-492ab7615cbc,Snake3,88,7,0
3b7eb5e8-9d6d-4413-a957-ba34403c1c50,164,8b1cd01f-7b2e-4b79-9d5d-2f867c4be915,Snake4,100,9,0
3b7eb5e8-9d6d-4413-a957-ba34403c1c50,165,b85bf8af-5551-4172-97ec-5e618d451380,Snake1,84,12,1
3b7eb5e8-9d6d-4413-a957-ba34403c1c50,165,e593ddde-937f-446c-ac3e-fb2e9eccf695,Snake2,99,19,1
3b7eb5e8-9d6d-4413-a957-ba34403c1c50,165,391e4fee-c96f-4e14-8476-492ab7615cbc,Snake3,88,7,0
3b7eb5e8-9d6d-4413-a957-ba34403c1c50,165,8b1cd01f-7b2e-4b79-9d5d-2f867c4be915,Snake4,100,9,0
3b7eb5e8-9d6d-4413-a957-ba34403c1c50,165,b85bf8af-5551-4172-97ec-5e618d451380,Snake1,84,12,1
3b7eb5e8-9d6d-4413-a957-ba34403c1c50,165,e593ddde-937f-446c-ac3e-fb2e9eccf695,Snake2,99,19,1
3b7eb5e8-9d6d-4413-a957-ba34403c1c50,165,391e4fee-c96f-4e14-8476-492ab7615cbc,Snake3,88,7,0
3b7eb5e8-9d6d-4413-a957-ba34403c1c50,165,8b1cd01f-7b2e-4b79-9d5d-2f867c4be915,Snake4,100,9,0
3b7eb5e8-9d6d-4413-a957-ba34403c1c50,166,b85bf8af-5551-4172-97ec-5e618d451380,Snake1,83,12,1
3b7eb5e8-9d6d-4413-a957-ba34403c1c50,166,e593ddde-937f-446c-ac3e-fb2e9eccf695,Snake2,100,20,1
3b7eb5e8-9d6d-4413-a957-ba34403c1c50,166,391e4fee-c96f-4e14-8476-492ab7615cbc,Snake3,88,7,0
3b7eb5e8-9d6d-4413-a957-ba34403c1c50,166,8b1cd01f-7b2e-4b79-9d5d-2f867c4be915,Snake4,100,9,0
3b7eb5e8-9d6d-4413-a957-ba34403c1c50,166,b85bf8af-5551-4172-97ec-5e618d451380,Snake1,83,12,1
3b7eb5e8-9d6d-4413-a957-ba34403c1c50,166,e593ddde-937f-446c-ac3e-fb2e9eccf695,Snake2,100,20,1
3b7eb5e8-9d6d-4413-a957-ba34403c1c50,166,391e4fee-c96f-4e14-8476-492ab7615cbc,Snake3,88,7,0
3b7eb5e8-9d6d-4413-a957-ba34403c1c50,166,8b1cd01f-7b2e-4b79-9d5d-2f867c4be915,Snake4,100,9,0
3b7eb5e8-9d6d-4413-a957-ba34403c1c50,167,b85bf8af-5551-4172-97ec-5e618d451380,Snake1,82,12,1
3b7eb5e8-9d6d-4413-a957-ba34403c1c50,167,e593ddde-937f-446c-ac3e-fb2e9eccf695,Snake2,99,20,1
3b7eb5e8-9d6d-4413-a957-ba34403c1c50,167,391e4fee-c96f-4e14-8476-492ab7615cbc,Snake3,88,7,0
3b7eb5e8-9d6d-4413-a957-ba34403c1c50,167,8b1cd01f-7b2e-4b79-9d5d-2f867c4be915,Snake4,100,9,0
3b7eb5e8-9d6d-4413-a957-ba34403c1c50,167,b85bf8af-5551-4172-97ec-5e618d451380,Snake1,82,12,1
3b7eb5e8-9d6d-4413-a957-ba34403c1c50,167,e593ddde-937f-446c-ac3e-fb2e9eccf695,Snake2,99,20,1
3b7eb5e8-9d6d-4413-a957-ba34403c1c50,167,391e4fee-c96f-4e14-8476-492ab7615cbc,Snake3,88,7,0
3b7eb5e8-9d6d-4413-a957-ba34403c1c50,167,8b1cd01f-7b2e-4b79-9d5d-2f867c4be915,Snake4,100,9,0
3b7eb5e8-9d6d-4413-a957-ba34403c1c50,168,b85bf8af-5551-4172-97ec-5e618d451380,Snake1,100,13,1
3b7eb5e8-9d6d-4413-a957-ba34403c1c50,168,e593ddde-937f-446c-ac3e-fb2e9eccf695,Snake2,98,20,1
3b7eb5e8-9d6d-4413-a957-ba34403c1c50,168,391e4fee-c96f-4e14-8476-492ab7615cbc,Snake3,88,7,0
3b7eb5e8-9d6d-4413-a957-ba34403c1c50,168,8b1cd01f-7b2e-4b79-9d5d-2f867c4be915,Snake4,100,9,0
3b7eb5e8-9d6d-4413-a957-ba34403c1c50,168,b85bf8af-5551-4172-97ec-5e618d451380,Snake1,100,13,1
3b7eb5e8-9d6d-4413-a957-ba34403c1c50,168,e593ddde-937f-446c-ac3e-fb2e9eccf695,Snake2,98,20,1
3b7eb5e8-9d6d-4413-a957-ba34403c1c50,168,391e4fee-c96f-4e14-8476-492ab7615cbc,Snake3,88,7,0
3b7eb5e8-9d6d-4413-a957-ba34403c1c50,168,8b1cd01f-7b2e-4b79-9d5d-2f867c4be915,Snake4,100,9,0
3b7eb5e8-9d6d-4413-a957-ba34403c1c50,169,b85bf8af-5551-4172-97ec-5e618d451380,Snake1,99,13,1
3b7eb5e8-9d6d-4413-a957-ba34403c1c50,169,e593ddde-937f-446c-ac3e-fb2e9eccf695,Snake2,97,20,1
3b7eb5e8-9d6d-4413-a957-ba34403c1c50,169,391e4fee-c96f-4e14-8476-492ab7615cbc,Snake3,88,7,0
3b7eb5e8-9d6d-4413-a957-ba34403c1c50,169,8b1cd01f-7b2e-4b79-9d5d-2f867c4be915,Snake4,100,9,0
3b7eb5e8-9d6d-4413-a957-ba34403c1c50,169,b85bf8af-5551-4172-97ec-5e618d451380,Snake1,99,13,1
3b7eb5e8-9d6d-4413-a957-ba34403c1c50,169,e593ddde-937f-446c-ac3e-fb2e9eccf695,Snake2,97,20,1
3b7eb5e8-9d6d-4413-a957-ba34403c1c50,169,391e4fee-c96f-4e14-8476-492ab7615cbc,Snake3,88,7,0
3b7eb5e8-9d6d-4413-a957-ba34403c1c50,169,8b1cd01f-7b2e-4b79-9d5d-2f867c4be915,Snake4,100,9,0
3b7eb5e8-9d6d-4413-a957-ba34403c1c50,170,b85bf8af-5551-4172-97ec-5e618d451380,Snake1,98,13,1
3b7eb5e8-9d6d-4413-a957-ba34403c1c50,170,e593ddde-937f-446c-ac3e-fb2e9eccf695,Snake2,96,20,1
3b7eb5e8-9d6d-4413-a957-ba34403c1c50,170,391e4fee-c96f-4e14-8476-492ab7615cbc,Snake3,88,7,0
3b7eb5e8-9d6d-4413-a957-ba34403c1c50,170,8b1cd01f-7b2e-4b79-9d5d-2f867c4be915,Snake4,100,9,0
3b7eb5e8-9d6d-4413-a957-ba34403c1c50,170,b85bf8af-5551-4172-97ec-5e618d451380,Snake1,98,13,1
3b7eb5e8-9d6d-4413-a957-ba34403c1c50,170,e593ddde-937f-446c-ac3e-fb2e9eccf695,Snake2,96,20,1
3b7eb5e8-9d6d-4413-a957-ba34403c1c50,170,391e4fee-c96f-4e14-8476-492ab7615cbc,Snake3,88,7,0
3b7eb5e8-9d6d-4413-a957-ba34403c1c50,170,8b1cd01f-7b2e-4b79-9d5d-2f867c4be915,Snake4,100,9,0
3b7eb5e8-9d6d-4413-a957-ba34403c1c50,171,b85bf8af-5551-4172-97ec-5e618d451380,Snake1,97,13,1
3b7eb5e8-9d6d-4413-a957-ba34403c1c50,171,e593ddde-937f-446c-ac3e-fb2e9eccf695,Snake2,100,21,1
3b7eb5e8-9d6d-4413-a957-ba34403c1c50,171,391e4fee-c96f-4e14-8476-492ab7615cbc,Snake3,88,7,0
3b7eb5e8-9d6d-4413-a957-ba34403c1c50,171,8b1cd01f-7b2e-4b79-9d5d-2f867c4be915,Snake4,100,9,0
3b7eb5e8-9d6d-4413-a957-ba34403c1c50,171,b85bf8af-5551-4172-97ec-5e618d451380,Snake1,97,13,1
3b7eb5e8-9d6d-4413-a957-ba34403c1c50,171,e593ddde-937f-446c-ac3e-fb2e9eccf695,Snake2,100,21,1
3b7eb5e8-9d6d-4413-a957-ba34403c1c50,171,391e4fee-c96f-4e14-8476-492ab7615cbc,Snake3,88,7,0
3b7eb5e8-9d6d-4413-a957-ba34403c1c50,171,8b1cd01f-7b2e-4b79-9d5d-2f867c4be915,Snake4,100,9,0
3b7eb5e8-9d6d-4413-a957-ba34403c1c50,172,b85bf8af-5551-4172-97ec-5e618d451380,Snake1,96,13,1
3b7eb5e8-9d6d-4413-a957-ba34403c1c50,172,e593ddde-937f-446c-ac3e-fb2e9eccf695,Snake2,99,21,1
3b7eb5e8-9d6d-4413-a957-ba34403c1c50,172,391e4fee-c96f-4e14-8476-492ab7615cbc,Snake3,88,7,0
3b7eb5e8-9d6d-4413-a957-ba34403c1c50,172,8b1cd01f-7b2e-4b79-9d5d-2f867c4be915,Snake4,100,9,0
3b7eb5e8-9d6d-4413-a957-ba34403c1c50,173,b85bf8af-5551-4172-97ec-5e618d451380,Snake1,95,13,1
3b7eb5e8-9d6d-4413-a957-ba34403c1c50,173,e593ddde-937f-446c-ac3e-fb2e9eccf695,Snake2,98,21,1
3b7eb5e8-9d6d-4413-a957-ba34403c1c50,173,391e4fee-c96f-4e14-8476-492ab7615cbc,Snake3,88,7,0
3b7eb5e8-9d6d-4413-a957-ba34403c1c50,173,8b1cd01f-7b2e-4b79-9d5d-2f867c4be915,Snake4,100,9,0
3b7eb5e8-9d6d-4413-a957-ba34403c1c50,174,b85bf8af-5551-4172-97ec-5e618d451380,Snake1,94,13,1
3b7eb5e8-9d6d-4413-a957-ba34403c1c50,174,e593ddde-937f-446c-ac3e-fb2e9eccf695,Snake2,97,21,1
3b7eb5e8-9d6d-4413-a957-ba34403c1c50,174,391e4fee-c96f-4e14-8476-492ab7615cbc,Snake3,88,7,0
3b7eb5e8-9d6d-4413-a957-ba34403c1c50,174,8b1cd01f-7b2e-4b79-9d5d-2f867c4be915,Snake4,100,9,0
3b7eb5e8-9d6d-4413-a957-ba34403c1c50,174,b85bf8af-5551-4172-97ec-5e618d451380,Snake1,94,13,1
3b7eb5e8-9d6d-4413-a957-ba34403c1c50,174,e593ddde-937f-446c-ac3e-fb2e9eccf695,Snake2,97,21,1
3b7eb5e8-9d6d-4413-a957-ba34403c1c50,174,391e4fee-c96f-4e14-8476-492ab7615cbc,Snake3,88,7,0
3b7eb5e8-9d6d-4413-a957-ba34403c1c50,174,8b1cd01f-7b2e-4b79-9d5d-2f867c4be915,Snake4,100,9,0
3b7eb5e8-9d6d-4413-a957-ba34403c1c50,175,b85bf8af-5551-4172-97ec-5e618d451380,Snake1,93,13,1
3b7eb5e8-9d6d-4413-a957-ba34403c1c50,175,e593ddde-937f-446c-ac3e-fb2e9eccf695,Snake2,96,21,1
3b7eb5e8-9d6d-4413-a957-ba34403c1c50,175,391e4fee-c96f-4e14-8476-492ab7615cbc,Snake3,88,7,0
3b7eb5e8-9d6d-4413-a957-ba34403c1c50,175,8b1cd01f-7b2e-4b79-9d5d-2f867c4be915,Snake4,100,9,0
3b7eb5e8-9d6d-4413-a957-ba34403c1c50,176,b85bf8af-5551-4172-97ec-5e618d451380,Snake1,92,13,1
3b7eb5e8-9d6d-4413-a957-ba34403c1c50,176,e593ddde-937f-446c-ac3e-fb2e9eccf695,Snake2,95,21,1
3b7eb5e8-9d6d-4413-a957-ba34403c1c50,176,391e4fee-c96f-4e14-8476-492ab7615cbc,Snake3,88,7,0
3b7eb5e8-9d6d-4413-a957-ba34403c1c50,176,8b1cd01f-7b2e-4b79-9d5d-2f867c4be915,Snake4,100,9,0
3b7eb5e8-9d6d-4413-a957-ba34403c1c50,176,b85bf8af-5551-4172-97ec-5e618d451380,Snake1,92,13,1
3b7eb5e8-9d6d-4413-a957-ba34403c1c50,176,e593ddde-937f-446c-ac3e-fb2e9eccf695,Snake2,95,21,1
3b7eb5e8-9d6d-4413-a957-ba34403c1c50,176,391e4fee-c96f-4e14-8476-492ab7615cbc,Snake3,88,7,0
3b7eb5e8-9d6d-4413-a957-ba34403c1c50,176,8b1cd01f-7b2e-4b79-9d5d-2f867c4be915,Snake4,100,9,0
3b7eb5e8-9d6d-4413-a957-ba34403c1c50,177,b85bf8af-5551-4172-97ec-5e618d451380,Snake1,100,14,1
3b7eb5e8-9d6d-4413-a957-ba34403c1c50,177,e593ddde-937f-446c-ac3e-fb2e9eccf695,Snake2,94,21,1
3b7eb5e8-9d6d-4413-a957-ba34403c1c50,177,391e4fee-c96f-4e14-8476-492ab7615cbc,Snake3,88,7,0
3b7eb5e8-9d6d-4413-a957-ba34403c1c50,177,8b1cd01f-7b2e-4b79-9d5d-2f867c4be915,Snake4,100,9,0
3b7eb5e8-9d6d-4413-a957-ba34403c1c50,177,b85bf8af-5551-4172-97ec-5e618d451380,Snake1,100,14,1
3b7eb5e8-9d6d-4413-a957-ba34403c1c50,177,e593ddde-937f-446c-ac3e-fb2e9eccf695,Snake2,94,21,1
3b7eb5e8-9d6d-4413-a957-ba34403c1c50,177,391e4fee-c96f-4e14-8476-492ab7615cbc,Snake3,88,7,0
3b7eb5e8-9d6d-4413-a957-ba34403c1c50,177,8b1cd01f-7b2e-4b79-9d5d-2f867c4be915,Snake4,100,9,0
3b7eb5e8-9d6d-4413-a957-ba34403c1c50,178,b85bf8af-5551-4172-97ec-5e618d451380,Snake1,100,15,1
3b7eb5e8-9d6d-4413-a957-ba34403c1c50,178,e593ddde-937f-446c-ac3e-fb2e9eccf695,Snake2,100,22,1
3b7eb5e8-9d6d-4413-a957-ba34403c1c50,178,391e4fee-c96f-4e14-8476-492ab7615cbc,Snake3,88,7,0
3b7eb5e8-9d6d-4413-a957-ba34403c1c50,178,8b1cd01f-7b2e-4b79-9d5d-2f867c4be915,Snake4,100,9,0
3b7eb5e8-9d6d-4413-a957-ba34403c1c50,178,b85bf8af-5551-4172-97ec-5e618d451380,Snake1,100,15,1
3b7eb5e8-9d6d-4413-a957-ba34403c1c50,178,e593ddde-937f-446c-ac3e-fb2e9eccf695,Snake2,100,22,1
3b7eb5e8-9d6d-4413-a957-ba34403c1c50,178,391e4fee-c96f-4e14-8476-492ab7615cbc,Snake3,88,7,0
3b7eb5e8-9d6d-4413-a957-ba34403c1c50,178,8b1cd01f-7b2e-4b79-9d5d-2f867c4be915,Snake4,100,9,0
3b7eb5e8-9d6d-4413-a957-ba34403c1c50,179,b85bf8af-5551-4172-97ec-5e618d451380,Snake1,99,15,1
3b7eb5e8-9d6d-4413-a957-ba34403c1c50,179,e593ddde-937f-446c-ac3e-fb2e9eccf695,Snake2,99,22,1
3b7eb5e8-9d6d-4413-a957-ba34403c1c50,179,391e4fee-c96f-4e14-8476-492ab7615cbc,Snake3,88,7,0
3b7eb5e8-9d6d-4413-a957-ba34403c1c50,179,8b1cd01f-7b2e-4b79-9d5d-2f867c4be915,Snake4,100,9,0
3b7eb5e8-9d6d-4413-a957-ba34403c1c50,179,b85bf8af-5551-4172-97ec-5e618d451380,Snake1,99,15,1
3b7eb5e8-9d6d-4413-a957-ba34403c1c50,179,e593ddde-937f-446c-ac3e-fb2e9eccf695,Snake2,99,22,1
3b7eb5e8-9d6d-4413-a957-ba34403c1c50,179,391e4fee-c96f-4e14-8476-492ab7615cbc,Snake3,88,7,0
3b7eb5e8-9d6d-4413-a957-ba34403c1c50,179,8b1cd01f-7b2e-4b79-9d5d-2f867c4be915,Snake4,100,9,0
3b7eb5e8-9d6d-4413-a957-ba34403c1c50,180,b85bf8af-5551-4172-97ec-5e618d451380,Snake1,98,15,1
3b7eb5e8-9d6d-4413-a957-ba34403c1c50,180,e593ddde-937f-446c-ac3e-fb2e9eccf695,Snake2,100,23,1
3b7eb5e8-9d6d-4413-a957-ba34403c1c50,180,391e4fee-c96f-4e14-8476-492ab7615cbc,Snake3,88,7,0
3b7eb5e8-9d6d-4413-a957-ba34403c1c50,180,8b1cd01f-7b2e-4b79-9d5d-2f867c4be915,Snake4,100,9,0
3b7eb5e8-9d6d-4413-a957-ba34403c1c50,180,b85bf8af-5551-4172-97ec-5e618d451380,Snake1,98,15,1
3b7eb5e8-9d6d-4413-a957-ba34403c1c50,180,e593ddde-937f-446c-ac3e-fb2e9eccf695,Snake2,100,23,1
3b7eb5e8-9d6d-4413-a957-ba34403c1c50,180,391e4fee-c96f-4e14-8476-492ab7615cbc,Snake3,88,7,0
3b7eb5e8-9d6d-4413-a957-ba34403c1c50,180,8b1cd01f-7b2e-4b79-9d5d-2f867c4be915,Snake4,100,9,0
3b7eb5e8-9d6d-4413-a957-ba34403c1c50,181,b85bf8af-5551-4172-97ec-5e618d451380,Snake1,97,15,1
3b7eb5e8-9d6d-4413-a957-ba34403c1c50,181,e593ddde-937f-446c-ac3e-fb2e9eccf695,Snake2,99,23,1
3b7eb5e8-9d6d-4413-a957-ba34403c1c50,181,391e4fee-c96f-4e14-8476-492ab7615cbc,Snake3,88,7,0
3b7eb5e8-9d6d-4413-a957-ba34403c1c50,181,8b1cd01f-7b2e-4b79-9d5d-2f867c4be915,Snake4,100,9,0
3b7eb5e8-9d6d-4413-a957-ba34403c1c50,181,b85bf8af-5551-4172-97ec-5e618d451380,Snake1,97,15,1
3b7eb5e8-9d6d-4413-a957-ba34403c1c50,181,e593ddde-937f-446c-ac3e-fb2e9eccf695,Snake2,99,23,1
3b7eb5e8-9d6d-4413-a957-ba34403c1c50,181,391e4fee-c96f-4e14-8476-492ab7615cbc,Snake3,88,7,0
3b7eb5e8-9d6d-4413-a957-ba34403c1c50,181,8b1cd01f-7b2e-4b79-9d5d-2f867c4be915,Snake4,100,9,0
3b7eb5e8-9d6d-4413-a957-ba34403c1c50,182,b85bf8af-5551-4172-97ec-5e618d451380,Snake1,100,16,1
3b7eb5e8-9d6d-4413-a957-ba34403c1c50,182,e593ddde-937f-446c-ac3e-fb2e9eccf695,Snake2,98,23,1
3b7eb5e8-9d6d-4413-a957-ba34403c1c50,182,391e4fee-c96f-4e14-8476-492ab7615cbc,Snake3,88,7,0
3b7eb5e8-9d6d-4413-a957-ba34403c1c50,182,8b1cd01f-7b2e-4b79-9d5d-2f867c4be915,Snake4,100,9,0
3b7eb5e8-9d6d-4413-a957-ba34403c1c50,182,b85bf8af-5551-4172-97ec-5e618d451380,Snake1,100,16,1
3b7eb5e8-9d6d-4413-a957-ba34403c1c50,182,e593ddde-937f-446c-ac3e-fb2e9eccf695,Snake2,98,23,1
3b7eb5e8-9d6d-4413-a957-ba34403c1c50,182,391e4fee-c96f-4e14-8476-492ab7615cbc,Snake3,88,7,0
3b7eb5e8-9d6d-4413-a957-ba34403c1c50,182,8b1cd01f-7b2e-4b79-9d5d-2f867c4be915,Snake4,100,9,0
3b7eb5e8-9d6d-4413-a957-ba34403c1c50,183,b85bf8af-5551-4172-97ec-5e618d451380,Snake1,99,16,1
3b7eb5e8-9d6d-4413-a957-ba34403c1c50,183,e593ddde-937f-446c-ac3e-fb2e9eccf695,Snake2,97,23,1
3b7eb5e8-9d6d-4413-a957-ba34403c1c50,183,391e4fee-c96f-4e14-8476-492ab7615cbc,Snake3,88,7,0
3b7eb5e8-9d6d-4413-a957-ba34403c1c50,183,8b1cd01f-7b2e-4b79-9d5d-2f867c4be915,Snake4,100,9,0
3b7eb5e8-9d6d-4413-a957-ba34403c1c50,183,b85bf8af-5551-4172-97ec-5e618d451380,Snake1,99,16,1
3b7eb5e8-9d6d-4413-a957-ba34403c1c50,183,e593ddde-937f-446c-ac3e-fb2e9eccf695,Snake2,97,23,1
3b7eb5e8-9d6d-4413-a957-ba34403c1c50,183,391e4fee-c96f-4e14-8476-492ab7615cbc,Snake3,88,7,0
3b7eb5e8-9d6d-4413-a957-ba34403c1c50,183,8b1cd01f-7b2e-4b79-9d5d-2f867c4be915,Snake4,100,9,0
3b7eb5e8-9d6d-4413-a957-ba34403c1c50,184,b85bf8af-5551-4172-97ec-5e618d451380,Snake1,100,17,1
3b7eb5e8-9d6d-4413-a957-ba34403c1c50,184,e593ddde-937f-446c-ac3e-fb2e9eccf695,Snake2,96,23,1
3b7eb5e8-9d6d-4413-a957-ba34403c1c50,184,391e4fee-c96f-4e14-8476-492ab7615cbc,Snake3,88,7,0
3b7eb5e8-9d6d-4413-a957-ba34403c1c50,184,8b1cd01f-7b2e-4b79-9d5d-2f867c4be915,Snake4,100,9,0
3b7eb5e8-9d6d-4413-a957-ba34403c1c50,184,b85bf8af-5551-4172-97ec-5e618d451380,Snake1,100,17,1
3b7eb5e8-9d6d-4413-a957-ba34403c1c50,184,e593ddde-937f-446c-ac3e-fb2e9eccf695,Snake2,96,23,1
3b7eb5e8-9d6d-4413-a957-ba34403c1c50,184,391e4fee-c96f-4e14-8476-492ab7615cbc,Snake3,88,7,0
3b7eb5e8-9d6d-4413-a957-ba34403c1c50,184,8b1cd01f-7b2e-4b79-9d5d-2f867c4be915,Snake4,100,9,0
3b7eb5e8-9d6d-4413-a957-ba34403c1c50,185,b85bf8af-5551-4172-97ec-5e618d451380,Snake1,99,17,1
3b7eb5e8-9d6d-4413-a957-ba34403c1c50,185,e593ddde-937f-446c-ac3e-fb2e9eccf695,Snake2,95,23,1
3b7eb5e8-9d6d-4413-a957-ba34403c1c50,185,391e4fee-c96f-4e14-8476-492ab7615cbc,Snake3,88,7,0
3b7eb5e8-9d6d-4413-a957-ba34403c1c50,185,8b1cd01f-7b2e-4b79-9d5d-2f867c4be915,Snake4,100,9,0
3b7eb5e8-9d6d-4413-a957-ba34403c1c50,185,b85bf8af-5551-4172-97ec-5e618d451380,Snake1,99,17,1
3b7eb5e8-9d6d-4413-a957-ba34403c1c50,185,e593ddde-937f-446c-ac3e-fb2e9eccf695,Snake2,95,23,1
3b7eb5e8-9d6d-4413-a957-ba34403c1c50,185,391e4fee-c96f-4e14-8476-492ab7615cbc,Snake3,88,7,0
3b7eb5e8-9d6d-4413-a957-ba34403c1c50,185,8b1cd01f-7b2e-4b79-9d5d-2f867c4be915,Snake4,100,9,0
3b7eb5e8-9d6d-4413-a957-ba34403c1c50,186,b85bf8af-5551-4172-97ec-5e618d451380,Snake1,98,17,1
3b7eb5e8-9d6d-4413-a957-ba34403c1c50,186,e593ddde-937f-446c-ac3e-fb2e9eccf695,Snake2,94,23,1
3b7eb5e8-9d6d-4413-a957-ba34403c1c50,186,391e4fee-c96f-4e14-8476-492ab7615cbc,Snake3,88,7,0
3b7eb5e8-9d6d-4413-a957-ba34403c1c50,186,8b1cd01f-7b2e-4b79-9d5d-2f867c4be915,Snake4,100,9,0
3b7eb5e8-9d6d-4413-a957-ba34403c1c50,186,b85bf8af-5551-4172-97ec-5e618d451380,Snake1,98,17,1
3b7eb5e8-9d6d-4413-a957-ba34403c1c50,186,e593ddde-937f-446c-ac3e-fb2e9eccf695,Snake2,94,23,1
3b7eb5e8-9d6d-4413-a957-ba34403c1c50,186,391e4fee-c96f-4e14-8476-492ab7615cbc,Snake3,88,7,0
3b7eb5e8-9d6d-4413-a957-ba34403c1c50,186,8b1cd01f-7b2e-4b79-9d5d-2f867c4be915,Snake4,100,9,0
3b7eb5e8-9d6d-4413-a957-ba34403c1c50,187,b85bf8af-5551-4172-97ec-5e618d451380,Snake1,97,17,1
3b7eb5e8-9d6d-4413-a957-ba34403c1c50,187,e593ddde-937f-446c-ac3e-fb2e9eccf695,Snake2,93,23,1
3b7eb5e8-9d6d-4413-a957-ba34403c1c50,187,391e4fee-c96f-4e14-8476-492ab7615cbc,Snake3,88,7,0
3b7eb5e8-9d6d-4413-a957-ba34403c1c50,187,8b1cd01f-7b2e-4b79-9d5d-2f867c4be915,Snake4,100,9,0
3b7eb5e8-9d6d-4413-a957-ba34403c1c50,187,b85bf8af-5551-4172-97ec-5e618d451380,Snake1,97,17,1
3b7eb5e8-9d6d-4413-a957-ba34403c1c50,187,e593ddde-937f-446c-ac3e-fb2e9eccf695,Snake2,93,23,1
3b7eb5e8-9d6d-4413-a957-ba34403c1c50,187,391e4fee-c96f-4e14-8476-492ab7615cbc,Snake3,88,7,0
3b7eb5e8-9d6d-4413-a957-ba34403c1c50,187,8b1cd01f-7b2e-4b79-9d5d-2f867c4be915,Snake4,100,9,0
3b7eb5e8-9d6d-4413-a957-ba34403c1c50,188,b85bf8af-5551-4172-97ec-5e618d451380,Snake1,100,18,1
3b7eb5e8-9d6d-4413-a957-ba34403c1c50,188,e593ddde-937f-446c-ac3e-fb2e9eccf695,Snake2,92,23,1
3b7eb5e8-9d6d-4413-a957-ba34403c1c50,188,391e4fee-c96f-4e14-8476-492ab7615cbc,Snake3,88,7,0
3b7eb5e8-9d6d-4413-a957-ba34403c1c50,188,8b1cd01f-7b2e-4b79-9d5d-2f867c4be915,Snake4,100,9,0
3b7eb5e8-9d6d-4413-a957-ba34403c1c50,188,b85bf8af-5551-4172-97ec-5e618d451380,Snake1,100,18,1
3b7eb5e8-9d6d-4413-a957-ba34403c1c50,188,e593ddde-937f-446c-ac3e-fb2e9eccf695,Snake2,92,23,1
3b7eb5e8-9d6d-4413-a957-ba34403c1c50,188,391e4fee-c96f-4e14-8476-492ab7615cbc,Snake3,88,7,0
3b7eb5e8-9d6d-4413-a957-ba34403c1c50,188,8b1cd01f-7b2e-4b79-9d5d-2f867c4be915,Snake4,100,9,0
3b7eb5e8-9d6d-4413-a957-ba34403c1c50,189,b85bf8af-5551-4172-97ec-5e618d451380,Snake1,99,18,1
3b7eb5e8-9d6d-4413-a957-ba34403c1c50,189,e593ddde-937f-446c-ac3e-fb2e9eccf695,Snake2,91,23,1
3b7eb5e8-9d6d-4413-a957-ba34403c1c50,189,391e4fee-c96f-4e14-8476-492ab7615cbc,Snake3,88,7,0
3b7eb5e8-9d6d-4413-a957-ba34403c1c50,189,8b1cd01f-7b2e-4b79-9d5d-2f867c4be915,Snake4,100,9,0
3b7eb5e8-9d6d-4413-a957-ba34403c1c50,189,b85bf8af-5551-4172-97ec-5e618d451380,Snake1,99,18,1
3b7eb5e8-9d6d-4413-a957-ba34403c1c50,189,e593ddde-937f-446c-ac3e-fb2e9eccf695,Snake2,91,23,1
3b7eb5e8-9d6d-4413-a957-ba34403c1c50,189,391e4fee-c96f-4e14-8476-492ab7615cbc,Snake3,88,7,0
3b7eb5e8-9d6d-4413-a957-ba34403c1c50,189,8b1cd01f-7b2e-4b79-9d5d-2f867c4be915,Snake4,100,9,0
3b7eb5e8-9d6d-4413-a957-ba34403c1c50,190,b85bf8af-5551-4172-97ec-5e618d451380,Snake1,98,18,1
3b7eb5e8-9d6d-4413-a957-ba34403c1c50,190,e593ddde-937f-446c-ac3e-fb2e9eccf695,Snake2,90,23,1
3b7eb5e8-9d6d-4413-a957-ba34403c1c50,190,391e4fee-c96f-4e14-8476-492ab7615cbc,Snake3,88,7,0
3b7eb5e8-9d6d-4413-a957-ba34403c1c50,190,8b1cd01f-7b2e-4b79-9d5d-2f867c4be915,Snake4,100,9,0
3b7eb5e8-9d6d-4413-a957-ba34403c1c50,190,b85bf8af-5551-4172-97ec-5e618d451380,Snake1,98,18,1
3b7eb5e8-9d6d-4413-a957-ba34403c1c50,190,e593ddde-937f-446c-ac3e-fb2e9eccf695,Snake2,90,23,1
3b7eb5e8-9d6d-4413-a957-ba34403c1c50,190,391e4fee-c96f-4e14-8476-492ab7615cbc,Snake3,88,7,0
3b7eb5e8-9d6d-4413-a957-ba34403c1c50,190,8b1cd01f-7b2e-4b79-9d5d-2f867c4be915,Snake4,100,9,0
3b7eb5e8-9d6d-4413-a957-ba34403c1c50,191,b85bf8af-5551-4172-97ec-5e618d451380,Snake1,97,18,1
3b7eb5e8-9d6d-4413-a957-ba34403c1c50,191,e593ddde-937f-446c-ac3e-fb2e9eccf695,Snake2,89,23,1
3b7eb5e8-9d6d-4413-a957-ba34403c1c50,191,391e4fee-c96f-4e14-8476-492ab7615cbc,Snake3,88,7,0
3b7eb5e8-9d6d-4413-a957-ba34403c1c50,191,8b1cd01f-7b2e-4b79-9d5d-2f867c4be915,Snake4,100,9,0
3b7eb5e8-9d6d-4413-a957-ba34403c1c50,192,b85bf8af-5551-4172-97ec-5e618d451380,Snake1,100,19,1
3b7eb5e8-9d6d-4413-a957-ba34403c1c50,192,e593ddde-937f-446c-ac3e-fb2e9eccf695,Snake2,88,23,1
3b7eb5e8-9d6d-4413-a957-ba34403c1c50,192,391e4fee-c96f-4e14-8476-492ab7615cbc,Snake3,88,7,0
3b7eb5e8-9d6d-4413-a957-ba34403c1c50,192,8b1cd01f-7b2e-4b79-9d5d-2f867c4be915,Snake4,100,9,0
3b7eb5e8-9d6d-4413-a957-ba34403c1c50,192,b85bf8af-5551-4172-97ec-5e618d451380,Snake1,100,19,1
3b7eb5e8-9d6d-4413-a957-ba34403c1c50,192,e593ddde-937f-446c-ac3e-fb2e9eccf695,Snake2,88,23,1
3b7eb5e8-9d6d-4413-a957-ba34403c1c50,192,391e4fee-c96f-4e14-8476-492ab7615cbc,Snake3,88,7,0
3b7eb5e8-9d6d-4413-a957-ba34403c1c50,192,8b1cd01f-7b2e-4b79-9d5d-2f867c4be915,Snake4,100,9,0
3b7eb5e8-9d6d-4413-a957-ba34403c1c50,193,b85bf8af-5551-4172-97ec-5e618d451380,Snake1,100,20,1
3b7eb5e8-9d6d-4413-a957-ba34403c1c50,193,e593ddde-937f-446c-ac3e-fb2e9eccf695,Snake2,87,23,1
3b7eb5e8-9d6d-4413-a957-ba34403c1c50,193,391e4fee-c96f-4e14-8476-492ab7615cbc,Snake3,88,7,0
3b7eb5e8-9d6d-4413-a957-ba34403c1c50,193,8b1cd01f-7b2e-4b79-9d5d-2f867c4be915,Snake4,100,9,0
3b7eb5e8-9d6d-4413-a957-ba34403c1c50,193,b85bf8af-5551-4172-97ec-5e618d451380,Snake1,100,20,1
3b7eb5e8-9d6d-4413-a957-ba34403c1c50,193,e593ddde-937f-446c-ac3e-fb2e9eccf695,Snake2,87,23,1
3b7eb5e8-9d6d-4413-a957-ba34403c1c50,193,391e4fee-c96f-4e14-8476-492ab7615cbc,Snake3,88,7,0
3b7eb5e8-9d6d-4413-a957-ba34403c1c50,193,8b1cd01f-7b2e-4b79-9d5d-2f867c4be915,Snake4,100,9,0
3b7eb5e8-9d6d-4413-a957-ba34403c1c50,194,b85bf8af-5551-4172-97ec-5e618d451380,Snake1,99,20,1
3b7eb5e8-9d6d-4413-a957-ba34403c1c50,194,e593ddde-937f-446c-ac3e-fb2e9eccf695,Snake2,86,23,1
3b7eb5e8-9d6d-4413-a957-ba34403c1c50,194,391e4fee-c96f-4e14-8476-492ab7615cbc,Snake3,88,7,0
3b7eb5e8-9d6d-4413-a957-ba34403c1c50,194,8b1cd01f-7b2e-4b79-9d5d-2f867c4be915,Snake4,100,9,0
3b7eb5e8-9d6d-4413-a957-ba34403c1c50,194,b85bf8af-5551-4172-97ec-5e618d451380,Snake1,99,20,1
3b7eb5e8-9d6d-4413-a957-ba34403c1c50,194,e593ddde-937f-446c-ac3e-fb2e9eccf695,Snake2,86,23,1
3b7eb5e8-9d6d-4413-a957-ba34403c1c50,194,391e4fee-c96f-4e14-8476-492ab7615cbc,Snake3,88,7,0
3b7eb5e8-9d6d-4413-a957-ba34403c1c50,194,8b1cd01f-7b2e-4b79-9d5d-2f867c4be915,Snake4,100,9,0
3b7eb5e8-9d6d-4413-a957-ba34403c1c50,195,b85bf8af-5551-4172-97ec-5e618d451380,Snake1,100,21,1
3b7eb5e8-9d6d-4413-a957-ba34403c1c50,195,e593ddde-937f-446c-ac3e-fb2e9eccf695,Snake2,85,23,1
3b7eb5e8-9d6d-4413-a957-ba34403c1c50,195,391e4fee-c96f-4e14-8476-492ab7615cbc,Snake3,88,7,0
3b7eb5e8-9d6d-4413-a957-ba34403c1c50,195,8b1cd01f-7b2e-4b79-9d5d-2f867c4be915,Snake4,100,9,0
3b7eb5e8-9d6d-4413-a957-ba34403c1c50,195,b85bf8af-5551-4172-97ec-5e618d451380,Snake1,100,21,1
3b7eb5e8-9d6d-4413-a957-ba34403c1c50,195,e593ddde-937f-446c-ac3e-fb2e9eccf695,Snake2,85,23,1
3b7eb5e8-9d6d-4413-a957-ba34403c1c50,195,391e4fee-c96f-4e14-8476-492ab7615cbc,Snake3,88,7,0
3b7eb5e8-9d6d-4413-a957-ba34403c1c50,195,8b1cd01f-7b2e-4b79-9d5d-2f867c4be915,Snake4,100,9,0
3b7eb5e8-9d6d-4413-a957-ba34403c1c50,196,b85bf8af-5551-4172-97ec-5e618d451380,Snake1,99,21,1
3b7eb5e8-9d6d-4413-a957-ba34403c1c50,196,e593ddde-937f-446c-ac3e-fb2e9eccf695,Snake2,84,23,1
3b7eb5e8-9d6d-4413-a957-ba34403c1c50,196,391e4fee-c96f-4e14-8476-492ab7615cbc,Snake3,88,7,0
3b7eb5e8-9d6d-4413-a957-ba34403c1c50,196,8b1cd01f-7b2e-4b79-9d5d-2f867c4be915,Snake4,100,9,0
3b7eb5e8-9d6d-4413-a957-ba34403c1c50,196,b85bf8af-5551-4172-97ec-5e618d451380,Snake1,99,21,1
3b7eb5e8-9d6d-4413-a957-ba34403c1c50,196,e593ddde-937f-446c-ac3e-fb2e9eccf695,Snake2,84,23,1
3b7eb5e8-9d6d-4413-a957-ba34403c1c50,196,391e4fee-c96f-4e14-8476-492ab7615cbc,Snake3,88,7,0
3b7eb5e8-9d6d-4413-a957-ba34403c1c50,196,8b1cd01f-7b2e-4b79-9d5d-2f867c4be915,Snake4,100,9,0
3b7eb5e8-9d6d-4413-a957-ba34403c1c50,197,b85bf8af-5551-4172-97ec-5e618d451380,Snake1,100,22,1
3b7eb5e8-9d6d-4413-a957-ba34403c1c50,197,e593ddde-937f-446c-ac3e-fb2e9eccf695,Snake2,83,23,1
3b7eb5e8-9d6d-4413-a957-ba34403c1c50,197,391e4fee-c96f-4e14-8476-492ab7615cbc,Snake3,88,7,0
3b7eb5e8-9d6d-4413-a957-ba34403c1c50,197,8b1cd01f-7b2e-4b79-9d5d-2f867c4be915,Snake4,100,9,0
3b7eb5e8-9d6d-4413-a957-ba34403c1c50,197,b85bf8af-5551-4172-97ec-5e618d451380,Snake1,100,22,1
3b7eb5e8-9d6d-4413-a957-ba34403c1c50,197,e593ddde-937f-446c-ac3e-fb2e9eccf695,Snake2,83,23,1
3b7eb5e8-9d6d-4413-a957-ba34403c1c50,197,391e4fee-c96f-4e14-8476-492ab7615cbc,Snake3,88,7,0
3b7eb5e8-9d6d-4413-a957-ba34403c1c50,197,8b1cd01f-7b2e-4b79-9d5d-2f867c4be915,Snake4,100,9,0
3b7eb5e8-9d6d-4413-a957-ba34403c1c50,198,b85bf8af-5551-4172-97ec-5e618d451380,Snake1,100,23,1
3b7eb5e8-9d6d-4413-a957-ba34403c1c50,198,e593ddde-937f-446c-ac3e-fb2e9eccf695,Snake2,100,24,1
3b7eb5e8-9d6d-4413-a957-ba34403c1c50,198,391e4fee-c96f-4e14-8476-492ab7615cbc,Snake3,88,7,0
3b7eb5e8-9d6d-4413-a957-ba34403c1c50,198,8b1cd01f-7b2e-4b79-9d5d-2f867c4be915,Snake4,100,9,0
3b7eb5e8-9d6d-4413-a957-ba34403c1c50,198,b85bf8af-5551-4172-97ec-5e618d451380,Snake1,100,23,1
3b7eb5e8-9d6d-4413-a957-ba34403c1c50,198,e593ddde-937f-446c-ac3e-fb2e9eccf695,Snake2,100,24,1
3b7eb5e8-9d6d-4413-a957-ba34403c1c50,198,391e4fee-c96f-4e14-8476-492ab7615cbc,Snake3,88,7,0
3b7eb5e8-9d6d-4413-a957-ba34403c1c50,198,8b1cd01f-7b2e-4b79-9d5d-2f867c4be915,Snake4,100,9,0
3b7eb5e8-9d6d-4413-a957-ba34403c1c50,199,b85bf8af-5551-4172-97ec-5e618d451380,Snake1,99,23,1
3b7eb5e8-9d6d-4413-a957-ba34403c1c50,199,e593ddde-937f-446c-ac3e-fb2e9eccf695,Snake2,99,24,1
3b7eb5e8-9d6d-4413-a957-ba34403c1c50,199,391e4fee-c96f-4e14-8476-492ab7615cbc,Snake3,88,7,0
3b7eb5e8-9d6d-4413-a957-ba34403c1c50,199,8b1cd01f-7b2e-4b79-9d5d-2f867c4be915,Snake4,100,9,0
3b7eb5e8-9d6d-4413-a957-ba34403c1c50,199,b85bf8af-5551-4172-97ec-5e618d451380,Snake1,99,23,1
3b7eb5e8-9d6d-4413-a957-ba34403c1c50,199,e593ddde-937f-446c-ac3e-fb2e9eccf695,Snake2,99,24,1
3b7eb5e8-9d6d-4413-a957-ba34403c1c50,199,391e4fee-c96f-4e14-8476-492ab7615cbc,Snake3,88,7,0
3b7eb5e8-9d6d-4413-a957-ba34403c1c50,199,8b1cd01f-7b2e-4b79-9d5d-2f867c4be915,Snake4,100,9,0
3b7eb5e8-9d6d-4413-a957-ba34403c1c50,200,b85bf8af-5551-4172-97ec-5e618d451380,Snake1,98,23,1
3b7eb5e8-9d6d-4413-a957-ba34403c1c50,200,e593ddde-937f-446c-ac3e-fb2e9eccf695,Snake2,98,24,1
3b7eb5e8-9d6d-4413-a957-ba34403c1c50,200,391e4fee-c96f-4e14-8476-492ab7615cbc,Snake3,88,7,0
3b7eb5e8-9d6d-4413-a957-ba34403c1c50,200,8b1cd01f-7b2e-4b79-9d5d-2f867c4be915,Snake4,100,9,0
3b7eb5e8-9d6d-4413-a957-ba34403c1c50,200,b85bf8af-5551-4172-97ec-5e618d451380,Snake1,98,23,1
3b7eb5e8-9d6d-4413-a957-ba34403c1c50,200,e593ddde-937f-446c-ac3e-fb2e9eccf695,Snake2,98,24,1
3b7eb5e8-9d6d-4413-a957-ba34403c1c50,200,391e4fee-c96f-4e14-8476-492ab7615cbc,Snake3,88,7,0
3b7eb5e8-9d6d-4413-a957-ba34403c1c50,200,8b1cd01f-7b2e-4b79-9d5d-2f867c4be915,Snake4,100,9,0
3b7eb5e8-9d6d-4413-a957-ba34403c1c50,201,b85bf8af-5551-4172-97ec-5e618d451380,Snake1,97,23,1
3b7eb5e8-9d6d-4413-a957-ba34403c1c50,201,e593ddde-937f-446c-ac3e-fb2e9eccf695,Snake2,97,24,1
3b7eb5e8-9d6d-4413-a957-ba34403c1c50,201,391e4fee-c96f-4e14-8476-492ab7615cbc,Snake3,88,7,0
3b7eb5e8-9d6d-4413-a957-ba34403c1c50,201,8b1cd01f-7b2e-4b79-9d5d-2f867c4be915,Snake4,100,9,0
3b7eb5e8-9d6d-4413-a957-ba34403c1c50,201,b85bf8af-5551-4172-97ec-5e618d451380,Snake1,97,23,1
3b7eb5e8-9d6d-4413-a957-ba34403c1c50,201,e593ddde-937f-446c-ac3e-fb2e9eccf695,Snake2,97,24,1
3b7eb5e8-9d6d-4413-a957-ba34403c1c50,201,391e4fee-c96f-4e14-8476-492ab7615cbc,Snake3,88,7,0
3b7eb5e8-9d6d-4413-a957-ba34403c1c50,201,8b1cd01f-7b2e-4b79-9d5d-2f867c4be915,Snake4,100,9,0
3b7eb5e8-9d6d-4413-a957-ba34403c1c50,202,b85bf8af-5551-4172-97ec-5e618d451380,Snake1,96,23,1
3b7eb5e8-9d6d-4413-a957-ba34403c1c50,202,e593ddde-937f-446c-ac3e-fb2e9eccf695,Snake2,100,25,1
3b7eb5e8-9d6d-4413-a957-ba34403c1c50,202,391e4fee-c96f-4e14-8476-492ab7615cbc,Snake3,88,7,0
3b7eb5e8-9d6d-4413-a957-ba34403c1c50,202,8b1cd01f-7b2e-4b79-9d5d-2f867c4be915,Snake4,100,9,0
3b7eb5e8-9d6d-4413-a957-ba34403c1c50,202,b85bf8af-5551-4172-97ec-5e618d451380,Snake1,96,23,1
3b7eb5e8-9d6d-4413-a957-ba34403c1c50,202,e593ddde-937f-446c-ac3e-fb2e9eccf695,Snake2,100,25,1
3b7eb5e8-9d6d-4413-a957-ba34403c1c50,202,391e4fee-c96f-4e14-8476-492ab7615cbc,Snake3,88,7,0
3b7eb5e8-9d6d-4413-a957-ba34403c1c50,202,8b1cd01f-7b2e-4b79-9d5d-2f867c4be915,Snake4,100,9,0
3b7eb5e8-9d6d-4413-a957-ba34403c1c50,203,b85bf8af-5551-4172-97ec-5e618d451380,Snake1,95,23,1
3b7eb5e8-9d6d-4413-a957-ba34403c1c50,203,391e4fee-c96f-4e14-8476-492ab7615cbc,Snake3,88,7,0
3b7eb5e8-9d6d-4413-a957-ba34403c1c50,203,8b1cd01f-7b2e-4b79-9d5d-2f867c4be915,Snake4,100,9,0
3b7eb5e8-9d6d-4413-a957-ba34403c1c50,203,e593ddde-937f-446c-ac3e-fb2e9eccf695,Snake2,100,25,0
3b7eb5e8-9d6d-4413-a957-ba34403c1c50,204,b85bf8af-5551-4172-97ec-5e618d451380,Snake1,95,23,1
3b7eb5e8-9d6d-4413-a957-ba34403c1c50,204,391e4fee-c96f-4e14-8476-492ab7615cbc,Snake3,88,7,0
3b7eb5e8-9d6d-4413-a957-ba34403c1c50,204,8b1cd01f-7b2e-4b79-9d5d-2f867c4be915,Snake4,87,7,0
3b7eb5e8-9d6d-4413-a957-ba34403c1c50,204,e593ddde-937f-446c-ac3e-fb2e9eccf695,Snake2,99,9,0
3b7eb5e8-9d6d-4413-a957-ba34403c1c50,204,b85bf8af-5551-4172-97ec-5e618d451380,Snake1,95,23,1
3b7eb5e8-9d6d-4413-a957-ba34403c1c50,204,391e4fee-c96f-4e14-8476-492ab7615cbc,Snake3,88,7,0
3b7eb5e8-9d6d-4413-a957-ba34403c1c50,204,8b1cd01f-7b2e-4b79-9d5d-2f867c4be915,Snake4,100,9,0
3b7eb5e8-9d6d-4413-a957-ba34403c1c50,204,e593ddde-937f-446c-ac3e-fb2e9eccf695,Snake2,98,10,0
3b7eb5e8-9d6d-4413-a957-ba34403c1c50,204,b85bf8af-5551-4172-97ec-5e618d451380,Snake1,95,23,1
3b7eb5e8-9d6d-4413-a957-ba34403c1c50,204,391e4fee-c96f-4e14-8476-492ab7615cbc,Snake3,88,7,0
3b7eb5e8-9d6d-4413-a957-ba34403c1c50,204,8b1cd01f-7b2e-4b79-9d5d-2f867c4be915,Snake4,100,9,0
3b7eb5e8-9d6d-4413-a957-ba34403c1c50,204,e593ddde-937f-446c-ac3e-fb2e9eccf695,Snake2,100,25,0
3b7eb5e8-9d6d-4413-a957-ba34403c1c50,204,b85bf8af-5551-4172-97ec-5e618d451380,Snake1,95,23,1
3b7eb5e8-9d6d-4413-a957-ba34403c1c50,204,391e4fee-c96f-4e14-8476-492ab7615cbc,Snake3,88,7,0
3b7eb5e8-9d6d-4413-a957-ba34403c1c50,204,8b1cd01f-7b2e-4b79-9d5d-2f867c4be915,Snake4,100,9,0
3b7eb5e8-9d6d-4413-a957-ba34403c1c50,204,e593ddde-937f-446c-ac3e-fb2e9eccf695,Snake2,100,25,0
