game_id,turn,snake_id,snake_name,health,length,alive
d78e6d14-d46b-4628-9cd5-c8a344696add,0,27fdb69e-37d5-4584-9445-4b0b6a03a29c,Snake1,100,3,1
d78e6d14-d46b-4628-9cd5-c8a344696add,0,5bb638ac-1633-4344-82eb-fdddece1745c,Snake2,100,3,1
d78e6d14-d46b-4628-9cd5-c8a344696add,0,51844632-1e1e-456a-bf01-515999d5bb48,Heuristic,100,3,1
d78e6d14-d46b-4628-9cd5-c8a344696add,0,e53457d2-f81b-4959-895e-6a87d28c3b62,Heuristic,100,3,1
d78e6d14-d46b-4628-9cd5-c8a344696add,1,27fdb69e-37d5-4584-9445-4b0b6a03a29c,Snake1,99,3,1
d78e6d14-d46b-4628-9cd5-c8a344696add,1,5bb638ac-1633-4344-82eb-fdddece1745c,Snake2,99,3,1
d78e6d14-d46b-4628-9cd5-c8a344696add,1,51844632-1e1e-456a-bf01-515999d5bb48,Heuristic,99,3,1
d78e6d14-d46b-4628-9cd5-c8a344696add,1,e53457d2-f81b-4959-895e-6a87d28c3b62,Heuristic,99,3,1
d78e6d14-d46b-4628-9cd5-c8a344696add,1,27fdb69e-37d5-4584-9445-4b0b6a03a29c,Snake1,99,3,1
d78e6d14-d46b-4628-9cd5-c8a344696add,1,5bb638ac-1633-4344-82eb-fdddece1745c,Snake2,99,3,1
d78e6d14-d46b-4628-9cd5-c8a344696add,1,51844632-1e1e-456a-bf01-515999d5bb48,Heuristic,99,3,1
d78e6d14-d46b-4628-9cd5-c8a344696add,1,e53457d2-f81b-4959-895e-6a87d28c3b62,Heuristic,99,3,1
d78e6d14-d46b-4628-9cd5-c8a344696add,1,27fdb69e-37d5-4584-9445-4b0b6a03a29c,Snake1,99,3,1
d78e6d14-d46b-4628-9cd5-c8a344696add,1,5bb638ac-1633-4344-82eb-fdddece1745c,Snake2,99,3,1
d78e6d14-d46b-4628-9cd5-c8a344696add,1,51844632-1e1e-456a-bf01-515999d5bb48,Heuristic,99,3,1
d78e6d14-d46b-4628-9cd5-c8a344696add,1,e53457d2-f81b-4959-895e-6a87d28c3b62,Heuristic,99,3,1
d78e6d14-d46b-4628-9cd5-c8a344696add,1,27fdb69e-37d5-4584-9445-4b0b6a03a29c,Snake1,99,3,1
d78e6d14-d46b-4628-9cd5-c8a344696add,1,5bb638ac-1633-4344-82eb-fdddece1745c,Snake2,99,3,1
d78e6d14-d46b-4628-9cd5-c8a344696add,1,51844632-1e1e-456a-bf01-515999d5bb48,Heuristic,99,3,1
d78e6d14-d46b-4628-9cd5-c8a344696add,1,e53457d2-f81b-4959-895e-6a87d28c3b62,Heuristic,99,3,1
d78e6d14-d46b-4628-9cd5-c8a344696add,2,27fdb69e-37d5-4584-9445-4b0b6a03a29c,Snake1,98,3,1
d78e6d14-d46b-4628-9cd5-c8a344696add,2,5bb638ac-1633-4344-82eb-fdddece1745c,Snake2,98,3,1
d78e6d14-d46b-4628-9cd5-c8a344696add,2,51844632-1e1e-456a-bf01-515999d5bb48,Heuristic,98,3,1
d78e6d14-d46b-4628-9cd5-c8a344696add,2,e53457d2-f81b-4959-895e-6a87d28c3b62,Heuristic,98,3,1
d78e6d14-d46b-4628-9cd5-c8a344696add,2,27fdb69e-37d5-4584-9445-4b0b6a03a29c,Snake1,98,3,1
d78e6d14-d46b-4628-9cd5-c8a344696add,2,5bb638ac-1633-4344-82eb-fdddece1745c,Snake2,98,3,1
d78e6d14-d46b-4628-9cd5-c8a344696add,2,51844632-1e1e-456a-bf01-515999d5bb48,Heuristic,98,3,1
d78e6d14-d46b-4628-9cd5-c8a344696add,2,e53457d2-f81b-4959-895e-6a87d28c3b62,Heuristic,98,3,1
d78e6d14-d46b-4628-9cd5-c8a344696add,2,27fdb69e-37d5-4584-9445-4b0b6a03a29c,Snake1,98,3,1
d78e6d14-d46b-4628-9cd5-c8a344696add,2,5bb638ac-1633-4344-82eb-fdddece1745c,Snake2,98,3,1
d78e6d14-d46b-4628-9cd5-c8a344696add,2,51844632-1e1e-456a-bf01-515999d5bb48,Heuristic,98,3,1
d78e6d14-d46b-4628-9cd5-c8a344696add,2,e53457d2-f81b-4959-895e-6a87d28c3b62,Heuristic,98,3,1
d78e6d14-d46b-4628-9cd5-c8a344696add,2,27fdb69e-37d5-4584-9445-4b0b6a03a29c,Snake1,98,3,1
d78e6d14-d46b-4628-9cd5-c8a344696add,2,5bb638ac-1633-4344-82eb-fdddece1745c,Snake2,98,3,1
d78e6d14-d46b-4628-9cd5-c8a344696add,2,51844632-1e1e-456a-bf01-515999d5bb48,Heuristic,98,3,1
d78e6d14-d46b-4628-9cd5-c8a344696add,2,e53457d2-f81b-4959-895e-6a87d28c3b62,Heuristic,98,3,1
d78e6d14-d46b-4628-9cd5-c8a344696add,3,27fdb69e-37d5-4584-9445-4b0b6a03a29c,Snake1,97,3,1
d78e6d14-d46b-4628-9cd5-c8a344696add,3,5bb638ac-1633-4344-82eb-fdddece1745c,Snake2,97,3,1
d78e6d14-d46b-4628-9cd5-c8a344696add,3,51844632-1e1e-456a-bf01-515999d5bb48,Heuristic,97,3,1
d78e6d14-d46b-4628-9cd5-c8a344696add,3,e53457d2-f81b-4959-895e-6a87d28c3b62,Heuristic,97,3,1
d78e6d14-d46b-4628-9cd5-c8a344696add,3,27fdb69e-37d5-4584-9445-4b0b6a03a29c,Snake1,97,3,1
d78e6d14-d46b-4628-9cd5-c8a344696add,3,5bb638ac-1633-4344-82eb-fdddece1745c,Snake2,97,3,1
d78e6d14-d46b-4628-9cd5-c8a344696add,3,51844632-1e1e-456a-bf01-515999d5bb48,Heuristic,97,3,1
d78e6d14-d46b-4628-9cd5-c8a344696add,3,e53457d2-f81b-4959-895e-6a87d28c3b62,Heuristic,97,3,1
d78e6d14-d46b-4628-9cd5-c8a344696add,3,27fdb69e-37d5-4584-9445-4b0b6a03a29c,Snake1,97,3,1
d78e6d14-d46b-4628-9cd5-c8a344696add,3,5bb638ac-1633-4344-82eb-fdddece1745c,Snake2,97,3,1
d78e6d14-d46b-4628-9cd5-c8a344696add,3,51844632-1e1e-456a-bf01-515999d5bb48,Heuristic,97,3,1
d78e6d14-d46b-4628-9cd5-c8a344696add,3,e53457d2-f81b-4959-895e-6a87d28c3b62,Heuristic,97,3,1
d78e6d14-d46b-4628-9cd5-c8a344696add,3,27fdb69e-37d5-4584-9445-4b0b6a03a29c,Snake1,97,3,1
d78e6d14-d46b-4628-9cd5-c8a344696add,3,5bb638ac-1633-4344-82eb-fdddece1745c,Snake2,97,3,1
d78e6d14-d46b-4628-9cd5-c8a344696add,3,51844632-1e1e-456a-bf01-515999d5bb48,Heuristic,97,3,1
d78e6d14-d46b-4628-9cd5-c8a344696add,3,e53457d2-f81b-4959-895e-6a87d28c3b62,Heuristic,97,3,1
d78e6d14-d46b-4628-9cd5-c8a344696add,4,27fdb69e-37d5-4584-9445-4b0b6a03a29c,Snake1,96,3,1
d78e6d14-d46b-4628-9cd5-c8a344696add,4,5bb638ac-1633-4344-82eb-fdddece1745c,Snake2,96,3,1
d78e6d14-d46b-4628-9cd5-c8a344696add,4,51844632-1e1e-456a-bf01-515999d5bb48,Heuristic,96,3,1
d78e6d14-d46b-4628-9cd5-c8a344696add,4,e53457d2-f81b-4959-895e-6a87d28c3b62,Heuristic,96,3,1
d78e6d14-d46b-4628-9cd5-c8a344696add,4,27fdb69e-37d5-4584-9445-4b0b6a03a29c,Snake1,96,3,1
d78e6d14-d46b-4628-9cd5-c8a344696add,4,5bb638ac-1633-4344-82eb-fdddece1745c,Snake2,96,3,1
d78e6d14-d46b-4628-9cd5-c8a344696add,4,51844632-1e1e-456a-bf01-515999d5bb48,Heuristic,96,3,1
d78e6d14-d46b-4628-9cd5-c8a344696add,4,e53457d2-f81b-4959-895e-6a87d28c3b62,Heuristic,96,3,1
d78e6d14-d46b-4628-9cd5-c8a344696add,4,27fdb69e-37d5-4584-9445-4b0b6a03a29c,Snake1,96,3,1
d78e6d14-d46b-4628-9cd5-c8a344696add,4,5bb638ac-1633-4344-82eb-fdddece1745c,Snake2,96,3,1
d78e6d14-d46b-4628-9cd5-c8a344696add,4,51844632-1e1e-456a-bf01-515999d5bb48,Heuristic,96,3,1
d78e6d14-d46b-4628-9cd5-c8a344696add,4,e53457d2-f81b-4959-895e-6a87d28c3b62,Heuristic,96,3,1
d78e6d14-d46b-4628-9cd5-c8a344696add,4,27fdb69e-37d5-4584-9445-4b0b6a03a29c,Snake1,96,3,1
d78e6d14-d46b-4628-9cd5-c8a344696add,4,5bb638ac-1633-4344-82eb-fdddece1745c,Snake2,96,3,1
d78e6d14-d46b-4628-9cd5-c8a344696add,4,51844632-1e1e-456a-bf01-515999d5bb48,Heuristic,96,3,1
d78e6d14-d46b-4628-9cd5-c8a344696add,4,e53457d2-f81b-4959-895e-6a87d28c3b62,Heuristic,96,3,1
d78e6d14-d46b-4628-9cd5-c8a344696add,5,27fdb69e-37d5-4584-9445-4b0b6a03a29c,Snake1,95,3,1
d78e6d14-d46b-4628-9cd5-c8a344696add,5,5bb638ac-1633-4344-82eb-fdddece1745c,Snake2,95,3,1
d78e6d14-d46b-4628-9cd5-c8a344696add,5,51844632-1e1e-456a-bf01-515999d5bb48,Heuristic,95,3,1
d78e6d14-d46b-4628-9cd5-c8a344696add,5,e53457d2-f81b-4959-895e-6a87d28c3b62,Heuristic,95,3,1
d78e6d14-d46b-4628-9cd5-c8a344696add,5,27fdb69e-37d5-4584-9445-4b0b6a03a29c,Snake1,95,3,1
d78e6d14-d46b-4628-9cd5-c8a344696add,5,5bb638ac-1633-4344-82eb-fdddece1745c,Snake2,95,3,1
d78e6d14-d46b-4628-9cd5-c8a344696add,5,51844632-1e1e-456a-bf01-515999d5bb48,Heuristic,95,3,1
d78e6d14-d46b-4628-9cd5-c8a344696add,5,e53457d2-f81b-4959-895e-6a87d28c3b62,Heuristic,95,3,1
d78e6d14-d46b-4628-9cd5-c8a344696add,5,27fdb69e-37d5-4584-9445-4b0b6a03a29c,Snake1,95,3,1
d78e6d14-d46b-4628-9cd5-c8a344696add,5,5bb638ac-1633-4344-82eb-fdddece1745c,Snake2,95,3,1
d78e6d14-d46b-4628-9cd5-c8a344696add,5,51844632-1e1e-456a-bf01-515999d5bb48,Heuristic,95,3,1
d78e6d14-d46b-4628-9cd5-c8a344696add,5,e53457d2-f81b-4959-895e-6a87d28c3b62,Heuristic,95,3,1
d78e6d14-d46b-4628-9cd5-c8a344696add,5,27fdb69e-37d5-4584-9445-4b0b6a03a29c,Snake1,95,3,1
d78e6d14-d46b-4628-9cd5-c8a344696add,5,5bb638ac-1633-4344-82eb-fdddece1745c,Snake2,95,3,1
d78e6d14-d46b-4628-9cd5-c8a344696add,5,51844632-1e1e-456a-bf01-515999d5bb48,Heuristic,95,3,1
d78e6d14-d46b-4628-9cd5-c8a344696add,5,e53457d2-f81b-4959-895e-6a87d28c3b62,Heuristic,95,3,1
d78e6d14-d46b-4628-9cd5-c8a344696add,6,27fdb69e-37d5-4584-9445-4b0b6a03a29c,Snake1,94,3,1
d78e6d14-d46b-4628-9cd5-c8a344696add,6,5bb638ac-1633-4344-82eb-fdddece1745c,Snake2,94,3,1
d78e6d14-d46b-4628-9cd5-c8a344696add,6,51844632-1e1e-456a-bf01-515999d5bb48,Heuristic,94,3,1
d78e6d14-d46b-4628-9cd5-c8a344696add,6,e53457d2-f81b-4959-895e-6a87d28c3b62,Heuristic,94,3,1
d78e6d14-d46b-4628-9cd5-c8a344696add,6,27fdb69e-37d5-4584-9445-4b0b6a03a29c,Snake1,94,3,1
d78e6d14-d46b-4628-9cd5-c8a344696add,6,5bb638ac-1633-4344-82eb-fdddece1745c,Snake2,94,3,1
d78e6d14-d46b-4628-9cd5-c8a344696add,6,51844632-1e1e-456a-bf01-515999d5bb48,Heuristic,94,3,1
d78e6d14-d46b-4628-9cd5-c8a344696add,6,e53457d2-f81b-4959-895e-6a87d28c3b62,Heuristic,94,3,1
d78e6d14-d46b-4628-9cd5-c8a344696add,6,27fdb69e-37d5-4584-9445-4b0b6a03a29c,Snake1,94,3,1
d78e6d14-d46b-4628-9cd5-c8a344696add,6,5bb638ac-1633-4344-82eb-fdddece1745c,Snake2,94,3,1
d78e6d14-d46b-4628-9cd5-c8a344696add,6,51844632-1e1e-456a-bf01-515999d5bb48,Heuristic,94,3,1
d78e6d14-d46b-4628-9cd5-c8a344696add,6,e53457d2-f81b-4959-895e-6a87d28c3b62,Heuristic,94,3,1
d78e6d14-d46b-4628-9cd5-c8a344696add,6,27fdb69e-37d5-4584-9445-4b0b6a03a29c,Snake1,94,3,1
d78e6d14-d46b-4628-9cd5-c8a344696add,6,5bb638ac-1633-4344-82eb-fdddece1745c,Snake2,94,3,1
d78e6d14-d46b-4628-9cd5-c8a344696add,6,51844632-1e1e-456a-bf01-515999d5bb48,Heuristic,94,3,1
d78e6d14-d46b-4628-9cd5-c8a344696add,6,e53457d2-f81b-4959-895e-6a87d28c3b62,Heuristic,94,3,1
d78e6d14-d46b-4628-9cd5-c8a344696add,7,27fdb69e-37d5-4584-9445-4b0b6a03a29c,Snake1,93,3,1
d78e6d14-d46b-4628-9cd5-c8a344696add,7,5bb638ac-1633-4344-82eb-fdddece1745c,Snake2,93,3,1
d78e6d14-d46b-4628-9cd5-c8a344696add,7,51844632-1e1e-456a-bf01-515999d5bb48,Heuristic,93,3,1
d78e6d14-d46b-4628-9cd5-c8a344696add,7,e53457d2-f81b-4959-895e-6a87d28c3b62,Heuristic,93,3,1
d78e6d14-d46b-4628-9cd5-c8a344696add,7,27fdb69e-37d5-4584-9445-4b0b6a03a29c,Snake1,93,3,1
d78e6d14-d46b-4628-9cd5-c8a344696add,7,5bb638ac-1633-4344-82eb-fdddece1745c,Snake2,93,3,1
d78e6d14-d46b-4628-9cd5-c8a344696add,7,51844632-1e1e-456a-bf01-515999d5bb48,Heuristic,93,3,1
d78e6d14-d46b-4628-9cd5-c8a344696add,7,e53457d2-f81b-4959-895e-6a87d28c3b62,Heuristic,93,3,1
d78e6d14-d46b-4628-9cd5-c8a344696add,7,27fdb69e-37d5-4584-9445-4b0b6a03a29c,Snake1,93,3,1
d78e6d14-d46b-4628-9cd5-c8a344696add,7,5bb638ac-1633-4344-82eb-fdddece1745c,Snake2,93,3,1
d78e6d14-d46b-4628-9cd5-c8a344696add,7,51844632-1e1e-456a-bf01-515999d5bb48,Heuristic,93,3,1
d78e6d14-d46b-4628-9cd5-c8a344696add,7,e53457d2-f81b-4959-895e-6a87d28c3b62,Heuristic,93,3,1
d78e6d14-d46b-4628-9cd5-c8a344696add,7,27fdb69e-37d5-4584-9445-4b0b6a03a29c,Snake1,93,3,1
d78e6d14-d46b-4628-9cd5-c8a344696add,7,5bb638ac-1633-4344-82eb-fdddece1745c,Snake2,93,3,1
d78e6d14-d46b-4628-9cd5-c8a344696add,7,51844632-1e1e-456a-bf01-515999d5bb48,Heuristic,93,3,1
d78e6d14-d46b-4628-9cd5-c8a344696add,7,e53457d2-f81b-4959-895e-6a87d28c3b62,Heuristic,93,3,1
d78e6d14-d46b-4628-9cd5-c8a344696add,8,27fdb69e-37d5-4584-9445-4b0b6a03a29c,Snake1,92,3,1
d78e6d14-d46b-4628-9cd5-c8a344696add,8,5bb638ac-1633-4344-82eb-fdddece1745c,Snake2,92,3,1
d78e6d14-d46b-4628-9cd5-c8a344696add,8,51844632-1e1e-456a-bf01-515999d5bb48,Heuristic,92,3,1
d78e6d14-d46b-4628-9cd5-c8a344696add,8,e53457d2-f81b-4959-895e-6a87d28c3b62,Heuristic,92,3,1
d78e6d14-d46b-4628-9cd5-c8a344696add,8,27fdb69e-37d5-4584-9445-4b0b6a03a29c,Snake1,92,3,1
d78e6d14-d46b-4628-9cd5-c8a344696add,8,5bb638ac-1633-4344-82eb-fdddece1745c,Snake2,92,3,1
d78e6d14-d46b-4628-9cd5-c8a344696add,8,51844632-1e1e-456a-bf01-515999d5bb48,Heuristic,92,3,1
d78e6d14-d46b-4628-9cd5-c8a344696add,8,e53457d2-f81b-4959-895e-6a87d28c3b62,Heuristic,92,3,1
d78e6d14-d46b-4628-9cd5-c8a344696add,8,27fdb69e-37d5-4584-9445-4b0b6a03a29c,Snake1,92,3,1
d78e6d14-d46b-4628-9cd5-c8a344696add,8,5bb638ac-1633-4344-82eb-fdddece1745c,Snake2,92,3,1
d78e6d14-d46b-4628-9cd5-c8a344696add,8,51844632-1e1e-456a-bf01-515999d5bb48,Heuristic,92,3,1
d78e6d14-d46b-4628-9cd5-c8a344696add,8,e53457d2-f81b-4959-895e-6a87d28c3b62,Heuristic,92,3,1
d78e6d14-d46b-4628-9cd5-c8a344696add,8,27fdb69e-37d5-4584-9445-4b0b6a03a29c,Snake1,92,3,1
d78e6d14-d46b-4628-9cd5-c8a344696add,8,5bb638ac-1633-4344-82eb-fdddece1745c,Snake2,92,3,1
d78e6d14-d46b-4628-9cd5-c8a344696add,8,51844632-1e1e-456a-bf01-515999d5bb48,Heuristic,92,3,1
d78e6d14-d46b-4628-9cd5-c8a344696add,8,e53457d2-f81b-4959-895e-6a87d28c3b62,Heuristic,92,3,1
d78e6d14-d46b-4628-9cd5-c8a344696add,9,27fdb69e-37d5-4584-9445-4b0b6a03a29c,Snake1,91,3,1
d78e6d14-d46b-4628-9cd5-c8a344696add,9,5bb638ac-1633-4344-82eb-fdddece1745c,Snake2,91,3,1
d78e6d14-d46b-4628-9cd5-c8a344696add,9,51844632-1e1e-456a-bf01-515999d5bb48,Heuristic,91,3,1
d78e6d14-d46b-4628-9cd5-c8a344696add,9,e53457d2-f81b-4959-895e-6a87d28c3b62,Heuristic,91,3,1
d78e6d14-d46b-4628-9cd5-c8a344696add,9,27fdb69e-37d5-4584-9445-4b0b6a03a29c,Snake1,91,3,1
d78e6d14-d46b-4628-9cd5-c8a344696add,9,5bb638ac-1633-4344-82eb-fdddece1745c,Snake2,91,3,1
d78e6d14-d46b-4628-9cd5-c8a344696add,9,51844632-1e1e-456a-bf01-515999d5bb48,Heuristic,91,3,1
d78e6d14-d46b-4628-9cd5-c8a344696add,9,e53457d2-f81b-4959-895e-6a87d28c3b62,Heuristic,91,3,1
d78e6d14-d46b-4628-9cd5-c8a344696add,9,27fdb69e-37d5-4584-9445-4b0b6a03a29c,Snake1,91,3,1
d78e6d14-d46b-4628-9cd5-c8a344696add,9,5bb638ac-1633-4344-82eb-fdddece1745c,Snake2,91,3,1
d78e6d14-d46b-4628-9cd5-c8a344696add,9,51844632-1e1e-456a-bf01-515999d5bb48,Heuristic,91,3,1
d78e6d14-d46b-4628-9cd5-c8a344696add,9,e53457d2-f81b-4959-895e-6a87d28c3b62,Heuristic,91,3,1
d78e6d14-d46b-4628-9cd5-c8a344696add,9,27fdb69e-37d5-4584-9445-4b0b6a03a29c,Snake1,91,3,1
d78e6d14-d46b-4628-9cd5-c8a344696add,9,5bb638ac-1633-4344-82eb-fdddece1745c,Snake2,91,3,1
d78e6d14-d46b-4628-9cd5-c8a344696add,9,51844632-1e1e-456a-bf01-515999d5bb48,Heuristic,91,3,1
d78e6d14-d46b-4628-9cd5-c8a344696add,9,e53457d2-f81b-4959-895e-6a87d28c3b62,Heuristic,91,3,1
d78e6d14-d46b-4628-9cd5-c8a344696add,10,27fdb69e-37d5-4584-9445-4b0b6a03a29c,Snake1,90,3,1
d78e6d14-d46b-4628-9cd5-c8a344696add,10,5bb638ac-1633-4344-82eb-fdddece1745c,Snake2,90,3,1
d78e6d14-d46b-4628-9cd5-c8a344696add,10,51844632-1e1e-456a-bf01-515999d5bb48,Heuristic,90,3,1
d78e6d14-d46b-4628-9cd5-c8a344696add,10,e53457d2-f81b-4959-895e-6a87d28c3b62,Heuristic,90,3,1
d78e6d14-d46b-4628-9cd5-c8a344696add,10,27fdb69e-37d5-4584-9445-4b0b6a03a29c,Snake1,90,3,1
d78e6d14-d46b-4628-9cd5-c8a344696add,10,5bb638ac-1633-4344-82eb-fdddece1745c,Snake2,90,3,1
d78e6d14-d46b-4628-9cd5-c8a344696add,10,51844632-1e1e-456a-bf01-515999d5bb48,Heuristic,90,3,1
d78e6d14-d46b-4628-9cd5-c8a344696add,10,e53457d2-f81b-4959-895e-6a87d28c3b62,Heuristic,90,3,1
d78e6d14-d46b-4628-9cd5-c8a344696add,10,27fdb69e-37d5-4584-9445-4b0b6a03a29c,Snake1,90,3,1
d78e6d14-d46b-4628-9cd5-c8a344696add,10,5bb638ac-1633-4344-82eb-fdddece1745c,Snake2,90,3,1
d78e6d14-d46b-4628-9cd5-c8a344696add,10,51844632-1e1e-456a-bf01-515999d5bb48,Heuristic,90,3,1
d78e6d14-d46b-4628-9cd5-c8a344696add,10,e53457d2-f81b-4959-895e-6a87d28c3b62,Heuristic,90,3,1
d78e6d14-d46b-4628-9cd5-c8a344696add,10,27fdb69e-37d5-4584-9445-4b0b6a03a29c,Snake1,90,3,1
d78e6d14-d46b-4628-9cd5-c8a344696add,10,5bb638ac-1633-4344-82eb-fdddece1745c,Snake2,90,3,1
d78e6d14-d46b-4628-9cd5-c8a344696add,10,51844632-1e1e-456a-bf01-515999d5bb48,Heuristic,90,3,1
d78e6d14-d46b-4628-9cd5-c8a344696add,10,e53457d2-f81b-4959-895e-6a87d28c3b62,Heuristic,90,3,1
d78e6d14-d46b-4628-9cd5-c8a344696add,11,27fdb69e-37d5-4584-9445-4b0b6a03a29c,Snake1,89,3,1
d78e6d14-d46b-4628-9cd5-c8a344696add,11,5bb638ac-1633-4344-82eb-fdddece1745c,Snake2,89,3,1
d78e6d14-d46b-4628-9cd5-c8a344696add,11,51844632-1e1e-456a-bf01-515999d5bb48,Heuristic,89,3,1
d78e6d14-d46b-4628-9cd5-c8a344696add,11,e53457d2-f81b-4959-895e-6a87d28c3b62,Heuristic,89,3,1
d78e6d14-d46b-4628-9cd5-c8a344696add,11,27fdb69e-37d5-4584-9445-4b0b6a03a29c,Snake1,89,3,1
d78e6d14-d46b-4628-9cd5-c8a344696add,11,5bb638ac-1633-4344-82eb-fdddece1745c,Snake2,89,3,1
d78e6d14-d46b-4628-9cd5-c8a344696add,11,51844632-1e1e-456a-bf01-515999d5bb48,Heuristic,89,3,1
d78e6d14-d46b-4628-9cd5-c8a344696add,11,e53457d2-f81b-4959-895e-6a87d28c3b62,Heuristic,89,3,1
d78e6d14-d46b-4628-9cd5-c8a344696add,11,27fdb69e-37d5-4584-9445-4b0b6a03a29c,Snake1,89,3,1
d78e6d14-d46b-4628-9cd5-c8a344696add,11,5bb638ac-1633-4344-82eb-fdddece1745c,Snake2,89,3,1
d78e6d14-d46b-4628-9cd5-c8a344696add,11,51844632-1e1e-456a-bf01-515999d5bb48,Heuristic,89,3,1
d78e6d14-d46b-4628-9cd5-c8a344696add,11,e53457d2-f81b-4959-895e-6a87d28c3b62,Heuristic,89,3,1
d78e6d14-d46b-4628-9cd5-c8a344696add,11,27fdb69e-37d5-4584-9445-4b0b6a03a29c,Snake1,89,3,1
d78e6d14-d46b-4628-9cd5-c8a344696add,11,5bb638ac-1633-4344-82eb-fdddece1745c,Snake2,89,3,1
d78e6d14-d46b-4628-9cd5-c8a344696add,11,51844632-1e1e-456a-bf01-515999d5bb48,Heuristic,89,3,1
d78e6d14-d46b-4628-9cd5-c8a344696add,11,e53457d2-f81b-4959-895e-6a87d28c3b62,Heuristic,89,3,1
d78e6d14-d46b-4628-9cd5-c8a344696add,12,27fdb69e-37d5-4584-9445-4b0b6a03a29c,Snake1,88,3,1
d78e6d14-d46b-4628-9cd5-c8a344696add,12,5bb638ac-1633-4344-82eb-fdddece1745c,Snake2,88,3,1
d78e6d14-d46b-4628-9cd5-c8a344696add,12,51844632-1e1e-456a-bf01-515999d5bb48,Heuristic,88,3,1
d78e6d14-d46b-4628-9cd5-c8a344696add,12,e53457d2-f81b-4959-895e-6a87d28c3b62,Heuristic,88,3,1
d78e6d14-d46b-4628-9cd5-c8a344696add,12,27fdb69e-37d5-4584-9445-4b0b6a03a29c,Snake1,88,3,1
d78e6d14-d46b-4628-9cd5-c8a344696add,12,5bb638ac-1633-4344-82eb-fdddece1745c,Snake2,88,3,1
d78e6d14-d46b-4628-9cd5-c8a344696add,12,51844632-1e1e-456a-bf01-515999d5bb48,Heuristic,88,3,1
d78e6d14-d46b-4628-9cd5-c8a344696add,12,e53457d2-f81b-4959-895e-6a87d28c3b62,Heuristic,88,3,1
d78e6d14-d46b-4628-9cd5-c8a344696add,12,27fdb69e-37d5-4584-9445-4b0b6a03a29c,Snake1,88,3,1
d78e6d14-d46b-4628-9cd5-c8a344696add,12,5bb638ac-1633-4344-82eb-fdddece1745c,Snake2,88,3,1
d78e6d14-d46b-4628-9cd5-c8a344696add,12,51844632-1e1e-456a-bf01-515999d5bb48,Heuristic,88,3,1
d78e6d14-d46b-4628-9cd5-c8a344696add,12,e53457d2-f81b-4959-895e-6a87d28c3b62,Heuristic,88,3,1
d78e6d14-d46b-4628-9cd5-c8a344696add,12,27fdb69e-37d5-4584-9445-4b0b6a03a29c,Snake1,88,3,1
d78e6d14-d46b-4628-9cd5-c8a344696add,12,5bb638ac-1633-4344-82eb-fdddece1745c,Snake2,88,3,1
d78e6d14-d46b-4628-9cd5-c8a344696add,12,51844632-1e1e-456a-bf01-515999d5bb48,Heuristic,88,3,1
d78e6d14-d46b-4628-9cd5-c8a344696add,12,e53457d2-f81b-4959-895e-6a87d28c3b62,Heuristic,88,3,1
d78e6d14-d46b-4628-9cd5-c8a344696add,13,27fdb69e-37d5-4584-9445-4b0b6a03a29c,Snake1,87,3,1
d78e6d14-d46b-4628-9cd5-c8a344696add,13,5bb638ac-1633-4344-82eb-fdddece1745c,Snake2,87,3,1
d78e6d14-d46b-4628-9cd5-c8a344696add,13,51844632-1e1e-456a-bf01-515999d5bb48,Heuristic,87,3,1
d78e6d14-d46b-4628-9cd5-c8a344696add,13,e53457d2-f81b-4959-895e-6a87d28c3b62,Heuristic,87,3,1
d78e6d14-d46b-4628-9cd5-c8a344696add,13,27fdb69e-37d5-4584-9445-4b0b6a03a29c,Snake1,87,3,1
d78e6d14-d46b-4628-9cd5-c8a344696add,13,5bb638ac-1633-4344-82eb-fdddece1745c,Snake2,87,3,1
d78e6d14-d46b-4628-9cd5-c8a344696add,13,51844632-1e1e-456a-bf01-515999d5bb48,Heuristic,87,3,1
d78e6d14-d46b-4628-9cd5-c8a344696add,13,e53457d2-f81b-4959-895e-6a87d28c3b62,Heuristic,87,3,1
d78e6d14-d46b-4628-9cd5-c8a344696add,13,27fdb69e-37d5-4584-9445-4b0b6a03a29c,Snake1,87,3,1
d78e6d14-d46b-4628-9cd5-c8a344696add,13,5bb638ac-1633-4344-82eb-fdddece1745c,Snake2,87,3,1
d78e6d14-d46b-4628-9cd5-c8a344696add,13,51844632-1e1e-456a-bf01-515999d5bb48,Heuristic,87,3,1
d78e6d14-d46b-4628-9cd5-c8a344696add,13,e53457d2-f81b-4959-895e-6a87d28c3b62,Heuristic,87,3,1
d78e6d14-d46b-4628-9cd5-c8a344696add,13,27fdb69e-37d5-4584-9445-4b0b6a03a29c,Snake1,87,3,1
d78e6d14-d46b-4628-9cd5-c8a344696add,13,5bb638ac-1633-4344-82eb-fdddece1745c,Snake2,87,3,1
d78e6d14-d46b-4628-9cd5-c8a344696add,13,51844632-1e1e-456a-bf01-515999d5bb48,Heuristic,87,3,1
d78e6d14-d46b-4628-9cd5-c8a344696add,13,e53457d2-f81b-4959-895e-6a87d28c3b62,Heuristic,87,3,1
d78e6d14-d46b-4628-9cd5-c8a344696add,14,27fdb69e-37d5-4584-9445-4b0b6a03a29c,Snake1,86,3,1
d78e6d14-d46b-4628-9cd5-c8a344696add,14,5bb638ac-1633-4344-82eb-fdddece1745c,Snake2,86,3,1
d78e6d14-d46b-4628-9cd5-c8a344696add,14,51844632-1e1e-456a-bf01-515999d5bb48,Heuristic,86,3,1
d78e6d14-d46b-4628-9cd5-c8a344696add,14,e53457d2-f81b-4959-895e-6a87d28c3b62,Heuristic,86,3,1
d78e6d14-d46b-4628-9cd5-c8a344696add,14,27fdb69e-37d5-4584-9445-4b0b6a03a29c,Snake1,86,3,1
d78e6d14-d46b-4628-9cd5-c8a344696add,14,5bb638ac-1633-4344-82eb-fdddece1745c,Snake2,86,3,1
d78e6d14-d46b-4628-9cd5-c8a344696add,14,51844632-1e1e-456a-bf01-515999d5bb48,Heuristic,86,3,1
d78e6d14-d46b-4628-9cd5-c8a344696add,14,e53457d2-f81b-4959-895e-6a87d28c3b62,Heuristic,86,3,1
d78e6d14-d46b-4628-9cd5-c8a344696add,14,27fdb69e-37d5-4584-9445-4b0b6a03a29c,Snake1,86,3,1
d78e6d14-d46b-4628-9cd5-c8a344696add,14,5bb638ac-1633-4344-82eb-fdddece1745c,Snake2,86,3,1
d78e6d14-d46b-4628-9cd5-c8a344696add,14,51844632-1e1e-456a-bf01-515999d5bb48,Heuristic,86,3,1
d78e6d14-d46b-4628-9cd5-c8a344696add,14,e53457d2-f81b-4959-895e-6a87d28c3b62,Heuristic,86,3,1
d78e6d14-d46b-4628-9cd5-c8a344696add,14,27fdb69e-37d5-4584-9445-4b0b6a03a29c,Snake1,86,3,1
d78e6d14-d46b-4628-9cd5-c8a344696add,14,5bb638ac-1633-4344-82eb-fdddece1745c,Snake2,86,3,1
d78e6d14-d46b-4628-9cd5-c8a344696add,14,51844632-1e1e-456a-bf01-515999d5bb48,Heuristic,86,3,1
d78e6d14-d46b-4628-9cd5-c8a344696add,14,e53457d2-f81b-4959-895e-6a87d28c3b62,Heuristic,86,3,1
d78e6d14-d46b-4628-9cd5-c8a344696add,15,27fdb69e-37d5-4584-9445-4b0b6a03a29c,Snake1,85,3,1
d78e6d14-d46b-4628-9cd5-c8a344696add,15,5bb638ac-1633-4344-82eb-fdddece1745c,Snake2,85,3,1
d78e6d14-d46b-4628-9cd5-c8a344696add,15,51844632-1e1e-456a-bf01-515999d5bb48,Heuristic,85,3,1
d78e6d14-d46b-4628-9cd5-c8a344696add,15,e53457d2-f81b-4959-895e-6a87d28c3b62,Heuristic,85,3,1
d78e6d14-d46b-4628-9cd5-c8a344696add,15,27fdb69e-37d5-4584-9445-4b0b6a03a29c,Snake1,85,3,1
d78e6d14-d46b-4628-9cd5-c8a344696add,15,5bb638ac-1633-4344-82eb-fdddece1745c,Snake2,85,3,1
d78e6d14-d46b-4628-9cd5-c8a344696add,15,51844632-1e1e-456a-bf01-515999d5bb48,Heuristic,85,3,1
d78e6d14-d46b-4628-9cd5-c8a344696add,15,e53457d2-f81b-4959-895e-6a87d28c3b62,Heuristic,85,3,1
d78e6d14-d46b-4628-9cd5-c8a344696add,15,27fdb69e-37d5-4584-9445-4b0b6a03a29c,Snake1,85,3,1
d78e6d14-d46b-4628-9cd5-c8a344696add,15,5bb638ac-1633-4344-82eb-fdddece1745c,Snake2,85,3,1
d78e6d14-d46b-4628-9cd5-c8a344696add,15,51844632-1e1e-456a-bf01-515999d5bb48,Heuristic,85,3,1
d78e6d14-d46b-4628-9cd5-c8a344696add,15,e53457d2-f81b-4959-895e-6a87d28c3b62,Heuristic,85,3,1
d78e6d14-d46b-4628-9cd5-c8a344696add,15,27fdb69e-37d5-4584-9445-4b0b6a03a29c,Snake1,85,3,1
d78e6d14-d46b-4628-9cd5-c8a344696add,15,5bb638ac-1633-4344-82eb-fdddece1745c,Snake2,85,3,1
d78e6d14-d46b-4628-9cd5-c8a344696add,15,51844632-1e1e-456a-bf01-515999d5bb48,Heuristic,85,3,1
d78e6d14-d46b-4628-9cd5-c8a344696add,15,e53457d2-f81b-4959-895e-6a87d28c3b62,Heuristic,85,3,1
d78e6d14-d46b-4628-9cd5-c8a344696add,16,27fdb69e-37d5-4584-9445-4b0b6a03a29c,Snake1,84,3,1
d78e6d14-d46b-4628-9cd5-c8a344696add,16,5bb638ac-1633-4344-82eb-fdddece1745c,Snake2,84,3,1
d78e6d14-d46b-4628-9cd5-c8a344696add,16,51844632-1e1e-456a-bf01-515999d5bb48,Heuristic,84,3,1
d78e6d14-d46b-4628-9cd5-c8a344696add,16,e53457d2-f81b-4959-895e-6a87d28c3b62,Heuristic,84,3,1
d78e6d14-d46b-4628-9cd5-c8a344696add,16,27fdb69e-37d5-4584-9445-4b0b6a03a29c,Snake1,84,3,1
d78e6d14-d46b-4628-9cd5-c8a344696add,16,5bb638ac-1633-4344-82eb-fdddece1745c,Snake2,84,3,1
d78e6d14-d46b-4628-9cd5-c8a344696add,16,51844632-1e1e-456a-bf01-515999d5bb48,Heuristic,84,3,1
d78e6d14-d46b-4628-9cd5-c8a344696add,16,e53457d2-f81b-4959-895e-6a87d28c3b62,Heuristic,84,3,1
d78e6d14-d46b-4628-9cd5-c8a344696add,16,27fdb69e-37d5-4584-9445-4b0b6a03a29c,Snake1,84,3,1
d78e6d14-d46b-4628-9cd5-c8a344696add,16,5bb638ac-1633-4344-82eb-fdddece1745c,Snake2,84,3,1
d78e6d14-d46b-4628-9cd5-c8a344696add,16,51844632-1e1e-456a-bf01-515999d5bb48,Heuristic,84,3,1
d78e6d14-d46b-4628-9cd5-c8a344696add,16,e53457d2-f81b-4959-895e-6a87d28c3b62,Heuristic,84,3,1
d78e6d14-d46b-4628-9cd5-c8a344696add,16,27fdb69e-37d5-4584-9445-4b0b6a03a29c,Snake1,84,3,1
d78e6d14-d46b-4628-9cd5-c8a344696add,16,5bb638ac-1633-4344-82eb-fdddece1745c,Snake2,84,3,1
d78e6d14-d46b-4628-9cd5-c8a344696add,16,51844632-1e1e-456a-bf01-515999d5bb48,Heuristic,84,3,1
d78e6d14-d46b-4628-9cd5-c8a344696add,16,e53457d2-f81b-4959-895e-6a87d28c3b62,Heuristic,84,3,1
d78e6d14-d46b-4628-9cd5-c8a344696add,17,27fdb69e-37d5-4584-9445-4b0b6a03a29c,Snake1,83,3,1
d78e6d14-d46b-4628-9cd5-c8a344696add,17,5bb638ac-1633-4344-82eb-fdddece1745c,Snake2,83,3,1
d78e6d14-d46b-4628-9cd5-c8a344696add,17,51844632-1e1e-456a-bf01-515999d5bb48,Heuristic,83,3,1
d78e6d14-d46b-4628-9cd5-c8a344696add,17,e53457d2-f81b-4959-895e-6a87d28c3b62,Heuristic,83,3,1
d78e6d14-d46b-4628-9cd5-c8a344696add,17,27fdb69e-37d5-4584-9445-4b0b6a03a29c,Snake1,83,3,1
d78e6d14-d46b-4628-9cd5-c8a344696add,17,5bb638ac-1633-4344-82eb-fdddece1745c,Snake2,83,3,1
d78e6d14-d46b-4628-9cd5-c8a344696add,17,51844632-1e1e-456a-bf01-515999d5bb48,Heuristic,83,3,1
d78e6d14-d46b-4628-9cd5-c8a344696add,17,e53457d2-f81b-4959-895e-6a87d28c3b62,Heuristic,83,3,1
d78e6d14-d46b-4628-9cd5-c8a344696add,17,27fdb69e-37d5-4584-9445-4b0b6a03a29c,Snake1,83,3,1
d78e6d14-d46b-4628-9cd5-c8a344696add,17,5bb638ac-1633-4344-82eb-fdddece1745c,Snake2,83,3,1
d78e6d14-d46b-4628-9cd5-c8a344696add,17,51844632-1e1e-456a-bf01-515999d5bb48,Heuristic,83,3,1
d78e6d14-d46b-4628-9cd5-c8a344696add,17,e53457d2-f81b-4959-895e-6a87d28c3b62,Heuristic,83,3,1
d78e6d14-d46b-4628-9cd5-c8a344696add,17,27fdb69e-37d5-4584-9445-4b0b6a03a29c,Snake1,83,3,1
d78e6d14-d46b-4628-9cd5-c8a344696add,17,5bb638ac-1633-4344-82eb-fdddece1745c,Snake2,83,3,1
d78e6d14-d46b-4628-9cd5-c8a344696add,17,51844632-1e1e-456a-bf01-515999d5bb48,Heuristic,83,3,1
d78e6d14-d46b-4628-9cd5-c8a344696add,17,e53457d2-f81b-4959-895e-6a87d28c3b62,Heuristic,83,3,1
d78e6d14-d46b-4628-9cd5-c8a344696add,18,27fdb69e-37d5-4584-9445-4b0b6a03a29c,Snake1,82,3,1
d78e6d14-d46b-4628-9cd5-c8a344696add,18,5bb638ac-1633-4344-82eb-fdddece1745c,Snake2,82,3,1
d78e6d14-d46b-4628-9cd5-c8a344696add,18,51844632-1e1e-456a-bf01-515999d5bb48,Heuristic,82,3,1
d78e6d14-d46b-4628-9cd5-c8a344696add,18,e53457d2-f81b-4959-895e-6a87d28c3b62,Heuristic,82,3,1
d78e6d14-d46b-4628-9cd5-c8a344696add,18,27fdb69e-37d5-4584-9445-4b0b6a03a29c,Snake1,82,3,1
d78e6d14-d46b-4628-9cd5-c8a344696add,18,5bb638ac-1633-4344-82eb-fdddece1745c,Snake2,82,3,1
d78e6d14-d46b-4628-9cd5-c8a344696add,18,51844632-1e1e-456a-bf01-515999d5bb48,Heuristic,82,3,1
d78e6d14-d46b-4628-9cd5-c8a344696add,18,e53457d2-f81b-4959-895e-6a87d28c3b62,Heuristic,82,3,1
d78e6d14-d46b-4628-9cd5-c8a344696add,18,27fdb69e-37d5-4584-9445-4b0b6a03a29c,Snake1,82,3,1
d78e6d14-d46b-4628-9cd5-c8a344696add,18,5bb638ac-1633-4344-82eb-fdddece1745c,Snake2,82,3,1
d78e6d14-d46b-4628-9cd5-c8a344696add,18,51844632-1e1e-456a-bf01-515999d5bb48,Heuristic,82,3,1
d78e6d14-d46b-4628-9cd5-c8a344696add,18,e53457d2-f81b-4959-895e-6a87d28c3b62,Heuristic,82,3,1
d78e6d14-d46b-4628-9cd5-c8a344696add,18,27fdb69e-37d5-4584-9445-4b0b6a03a29c,Snake1,82,3,1
d78e6d14-d46b-4628-9cd5-c8a344696add,18,5bb638ac-1633-4344-82eb-fdddece1745c,Snake2,82,3,1
d78e6d14-d46b-4628-9cd5-c8a344696add,18,51844632-1e1e-456a-bf01-515999d5bb48,Heuristic,82,3,1
d78e6d14-d46b-4628-9cd5-c8a344696add,18,e53457d2-f81b-4959-895e-6a87d28c3b62,Heuristic,82,3,1
d78e6d14-d46b-4628-9cd5-c8a344696add,19,27fdb69e-37d5-4584-9445-4b0b6a03a29c,Snake1,81,3,1
d78e6d14-d46b-4628-9cd5-c8a344696add,19,5bb638ac-1633-4344-82eb-fdddece1745c,Snake2,81,3,1
d78e6d14-d46b-4628-9cd5-c8a344696add,19,51844632-1e1e-456a-bf01-515999d5bb48,Heuristic,81,3,1
d78e6d14-d46b-4628-9cd5-c8a344696add,19,e53457d2-f81b-4959-895e-6a87d28c3b62,Heuristic,81,3,1
d78e6d14-d46b-4628-9cd5-c8a344696add,19,27fdb69e-37d5-4584-9445-4b0b6a03a29c,Snake1,81,3,1
d78e6d14-d46b-4628-9cd5-c8a344696add,19,5bb638ac-1633-4344-82eb-fdddece1745c,Snake2,81,3,1
d78e6d14-d46b-4628-9cd5-c8a344696add,19,51844632-1e1e-456a-bf01-515999d5bb48,Heuristic,81,3,1
d78e6d14-d46b-4628-9cd5-c8a344696add,19,e53457d2-f81b-4959-895e-6a87d28c3b62,Heuristic,81,3,1
d78e6d14-d46b-4628-9cd5-c8a344696add,19,27fdb69e-37d5-4584-9445-4b0b6a03a29c,Snake1,81,3,1
d78e6d14-d46b-4628-9cd5-c8a344696add,19,5bb638ac-1633-4344-82eb-fdddece1745c,Snake2,81,3,1
d78e6d14-d46b-4628-9cd5-c8a344696add,19,51844632-1e1e-456a-bf01-515999d5bb48,Heuristic,81,3,1
d78e6d14-d46b-4628-9cd5-c8a344696add,19,e53457d2-f81b-4959-895e-6a87d28c3b62,Heuristic,81,3,1
d78e6d14-d46b-4628-9cd5-c8a344696add,19,27fdb69e-37d5-4584-9445-4b0b6a03a29c,Snake1,81,3,1
d78e6d14-d46b-4628-9cd5-c8a344696add,19,5bb638ac-1633-4344-82eb-fdddece1745c,Snake2,81,3,1
d78e6d14-d46b-4628-9cd5-c8a344696add,19,51844632-1e1e-456a-bf01-515999d5bb48,Heuristic,81,3,1
d78e6d14-d46b-4628-9cd5-c8a344696add,19,e53457d2-f81b-4959-895e-6a87d28c3b62,Heuristic,81,3,1
d78e6d14-d46b-4628-9cd5-c8a344696add,20,27fdb69e-37d5-4584-9445-4b0b6a03a29c,Snake1,80,3,1
d78e6d14-d46b-4628-9cd5-c8a344696add,20,5bb638ac-1633-4344-82eb-fdddece1745c,Snake2,80,3,1
d78e6d14-d46b-4628-9cd5-c8a344696add,20,51844632-1e1e-456a-bf01-515999d5bb48,Heuristic,80,3,1
d78e6d14-d46b-4628-9cd5-c8a344696add,20,e53457d2-f81b-4959-895e-6a87d28c3b62,Heuristic,80,3,1
d78e6d14-d46b-4628-9cd5-c8a344696add,20,27fdb69e-37d5-4584-9445-4b0b6a03a29c,Snake1,80,3,1
d78e6d14-d46b-4628-9cd5-c8a344696add,20,5bb638ac-1633-4344-82eb-fdddece1745c,Snake2,80,3,1
d78e6d14-d46b-4628-9cd5-c8a344696add,20,51844632-1e1e-456a-bf01-515999d5bb48,Heuristic,80,3,1
d78e6d14-d46b-4628-9cd5-c8a344696add,20,e53457d2-f81b-4959-895e-6a87d28c3b62,Heuristic,80,3,1
d78e6d14-d46b-4628-9cd5-c8a344696add,20,27fdb69e-37d5-4584-9445-4b0b6a03a29c,Snake1,80,3,1
d78e6d14-d46b-4628-9cd5-c8a344696add,20,5bb638ac-1633-4344-82eb-fdddece1745c,Snake2,80,3,1
d78e6d14-d46b-4628-9cd5-c8a344696add,20,51844632-1e1e-456a-bf01-515999d5bb48,Heuristic,80,3,1
d78e6d14-d46b-4628-9cd5-c8a344696add,20,e53457d2-f81b-4959-895e-6a87d28c3b62,Heuristic,80,3,1
d78e6d14-d46b-4628-9cd5-c8a344696add,20,27fdb69e-37d5-4584-9445-4b0b6a03a29c,Snake1,80,3,1
d78e6d14-d46b-4628-9cd5-c8a344696add,20,5bb638ac-1633-4344-82eb-fdddece1745c,Snake2,80,3,1
d78e6d14-d46b-4628-9cd5-c8a344696add,20,51844632-1e1e-456a-bf01-515999d5bb48,Heuristic,80,3,1
d78e6d14-d46b-4628-9cd5-c8a344696add,20,e53457d2-f81b-4959-895e-6a87d28c3b62,Heuristic,80,3,1
d78e6d14-d46b-4628-9cd5-c8a344696add,21,27fdb69e-37d5-4584-9445-4b0b6a03a29c,Snake1,79,3,1
d78e6d14-d46b-4628-9cd5-c8a344696add,21,5bb638ac-1633-4344-82eb-fdddece1745c,Snake2,79,3,1
d78e6d14-d46b-4628-9cd5-c8a344696add,21,51844632-1e1e-456a-bf01-515999d5bb48,Heuristic,79,3,1
d78e6d14-d46b-4628-9cd5-c8a344696add,21,e53457d2-f81b-4959-895e-6a87d28c3b62,Heuristic,79,3,1
d78e6d14-d46b-4628-9cd5-c8a344696add,21,27fdb69e-37d5-4584-9445-4b0b6a03a29c,Snake1,79,3,1
d78e6d14-d46b-4628-9cd5-c8a344696add,21,5bb638ac-1633-4344-82eb-fdddece1745c,Snake2,79,3,1
d78e6d14-d46b-4628-9cd5-c8a344696add,21,51844632-1e1e-456a-bf01-515999d5bb48,Heuristic,79,3,1
d78e6d14-d46b-4628-9cd5-c8a344696add,21,e53457d2-f81b-4959-895e-6a87d28c3b62,Heuristic,79,3,1
d78e6d14-d46b-4628-9cd5-c8a344696add,21,27fdb69e-37d5-4584-9445-4b0b6a03a29c,Snake1,79,3,1
d78e6d14-d46b-4628-9cd5-c8a344696add,21,5bb638ac-1633-4344-82eb-fdddece1745c,Snake2,79,3,1
d78e6d14-d46b-4628-9cd5-c8a344696add,21,51844632-1e1e-456a-bf01-515999d5bb48,Heuristic,79,3,1
d78e6d14-d46b-4628-9cd5-c8a344696add,21,e53457d2-f81b-4959-895e-6a87d28c3b62,Heuristic,79,3,1
d78e6d14-d46b-4628-9cd5-c8a344696add,21,27fdb69e-37d5-4584-9445-4b0b6a03a29c,Snake1,79,3,1
d78e6d14-d46b-4628-9cd5-c8a344696add,21,5bb638ac-1633-4344-82eb-fdddece1745c,Snake2,79,3,1
d78e6d14-d46b-4628-9cd5-c8a344696add,21,51844632-1e1e-456a-bf01-515999d5bb48,Heuristic,79,3,1
d78e6d14-d46b-4628-9cd5-c8a344696add,21,e53457d2-f81b-4959-895e-6a87d28c3b62,Heuristic,79,3,1
d78e6d14-d46b-4628-9cd5-c8a344696add,22,27fdb69e-37d5-4584-9445-4b0b6a03a29c,Snake1,78,3,1
d78e6d14-d46b-4628-9cd5-c8a344696add,22,5bb638ac-1633-4344-82eb-fdddece1745c,Snake2,78,3,1
d78e6d14-d46b-4628-9cd5-c8a344696add,22,51844632-1e1e-456a-bf01-515999d5bb48,Heuristic,78,3,1
d78e6d14-d46b-4628-9cd5-c8a344696add,22,e53457d2-f81b-4959-895e-6a87d28c3b62,Heuristic,78,3,1
d78e6d14-d46b-4628-9cd5-c8a344696add,22,27fdb69e-37d5-4584-9445-4b0b6a03a29c,Snake1,78,3,1
d78e6d14-d46b-4628-9cd5-c8a344696add,22,5bb638ac-1633-4344-82eb-fdddece1745c,Snake2,78,3,1
d78e6d14-d46b-4628-9cd5-c8a344696add,22,51844632-1e1e-456a-bf01-515999d5bb48,Heuristic,78,3,1
d78e6d14-d46b-4628-9cd5-c8a344696add,22,e53457d2-f81b-4959-895e-6a87d28c3b62,Heuristic,78,3,1
d78e6d14-d46b-4628-9cd5-c8a344696add,22,27fdb69e-37d5-4584-9445-4b0b6a03a29c,Snake1,78,3,1
d78e6d14-d46b-4628-9cd5-c8a344696add,22,5bb638ac-1633-4344-82eb-fdddece1745c,Snake2,78,3,1
d78e6d14-d46b-4628-9cd5-c8a344696add,22,51844632-1e1e-456a-bf01-515999d5bb48,Heuristic,78,3,1
d78e6d14-d46b-4628-9cd5-c8a344696add,22,e53457d2-f81b-4959-895e-6a87d28c3b62,Heuristic,78,3,1
d78e6d14-d46b-4628-9cd5-c8a344696add,22,27fdb69e-37d5-4584-9445-4b0b6a03a29c,Snake1,78,3,1
d78e6d14-d46b-4628-9cd5-c8a344696add,22,5bb638ac-1633-4344-82eb-fdddece1745c,Snake2,78,3,1
d78e6d14-d46b-4628-9cd5-c8a344696add,22,51844632-1e1e-456a-bf01-515999d5bb48,Heuristic,78,3,1
d78e6d14-d46b-4628-9cd5-c8a344696add,22,e53457d2-f81b-4959-895e-6a87d28c3b62,Heuristic,78,3,1
d78e6d14-d46b-4628-9cd5-c8a344696add,23,27fdb69e-37d5-4584-9445-4b0b6a03a29c,Snake1,77,3,1
d78e6d14-d46b-4628-9cd5-c8a344696add,23,5bb638ac-1633-4344-82eb-fdddece1745c,Snake2,77,3,1
d78e6d14-d46b-4628-9cd5-c8a344696add,23,51844632-1e1e-456a-bf01-515999d5bb48,Heuristic,77,3,1
d78e6d14-d46b-4628-9cd5-c8a344696add,23,e53457d2-f81b-4959-895e-6a87d28c3b62,Heuristic,77,3,1
d78e6d14-d46b-4628-9cd5-c8a344696add,23,27fdb69e-37d5-4584-9445-4b0b6a03a29c,Snake1,77,3,1
d78e6d14-d46b-4628-9cd5-c8a344696add,23,5bb638ac-1633-4344-82eb-fdddece1745c,Snake2,77,3,1
d78e6d14-d46b-4628-9cd5-c8a344696add,23,51844632-1e1e-456a-bf01-515999d5bb48,Heuristic,77,3,1
d78e6d14-d46b-4628-9cd5-c8a344696add,23,e53457d2-f81b-4959-895e-6a87d28c3b62,Heuristic,77,3,1
d78e6d14-d46b-4628-9cd5-c8a344696add,23,27fdb69e-37d5-4584-9445-4b0b6a03a29c,Snake1,77,3,1
d78e6d14-d46b-4628-9cd5-c8a344696add,23,5bb638ac-1633-4344-82eb-fdddece1745c,Snake2,77,3,1
d78e6d14-d46b-4628-9cd5-c8a344696add,23,51844632-1e1e-456a-bf01-515999d5bb48,Heuristic,77,3,1
d78e6d14-d46b-4628-9cd5-c8a344696add,23,e53457d2-f81b-4959-895e-6a87d28c3b62,Heuristic,77,3,1
d78e6d14-d46b-4628-9cd5-c8a344696add,23,27fdb69e-37d5-4584-9445-4b0b6a03a29c,Snake1,77,3,1
d78e6d14-d46b-4628-9cd5-c8a344696add,23,5bb638ac-1633-4344-82eb-fdddece1745c,Snake2,77,3,1
d78e6d14-d46b-4628-9cd5-c8a344696add,23,51844632-1e1e-456a-bf01-515999d5bb48,Heuristic,77,3,1
d78e6d14-d46b-4628-9cd5-c8a344696add,23,e53457d2-f81b-4959-895e-6a87d28c3b62,Heuristic,77,3,1
d78e6d14-d46b-4628-9cd5-c8a344696add,24,27fdb69e-37d5-4584-9445-4b0b6a03a29c,Snake1,76,3,1
d78e6d14-d46b-4628-9cd5-c8a344696add,24,5bb638ac-1633-4344-82eb-fdddece1745c,Snake2,76,3,1
d78e6d14-d46b-4628-9cd5-c8a344696add,24,51844632-1e1e-456a-bf01-515999d5bb48,Heuristic,76,3,1
d78e6d14-d46b-4628-9cd5-c8a344696add,24,e53457d2-f81b-4959-895e-6a87d28c3b62,Heuristic,76,3,1
d78e6d14-d46b-4628-9cd5-c8a344696add,24,27fdb69e-37d5-4584-9445-4b0b6a03a29c,Snake1,76,3,1
d78e6d14-d46b-4628-9cd5-c8a344696add,24,5bb638ac-1633-4344-82eb-fdddece1745c,Snake2,76,3,1
d78e6d14-d46b-4628-9cd5-c8a344696add,24,51844632-1e1e-456a-bf01-515999d5bb48,Heuristic,76,3,1
d78e6d14-d46b-4628-9cd5-c8a344696add,24,e53457d2-f81b-4959-895e-6a87d28c3b62,Heuristic,76,3,1
d78e6d14-d46b-4628-9cd5-c8a344696add,24,27fdb69e-37d5-4584-9445-4b0b6a03a29c,Snake1,76,3,1
d78e6d14-d46b-4628-9cd5-c8a344696add,24,5bb638ac-1633-4344-82eb-fdddece1745c,Snake2,76,3,1
d78e6d14-d46b-4628-9cd5-c8a344696add,24,51844632-1e1e-456a-bf01-515999d5bb48,Heuristic,76,3,1
d78e6d14-d46b-4628-9cd5-c8a344696add,24,e53457d2-f81b-4959-895e-6a87d28c3b62,Heuristic,76,3,1
d78e6d14-d46b-4628-9cd5-c8a344696add,24,27fdb69e-37d5-4584-9445-4b0b6a03a29c,Snake1,76,3,1
d78e6d14-d46b-4628-9cd5-c8a344696add,24,5bb638ac-1633-4344-82eb-fdddece1745c,Snake2,76,3,1
d78e6d14-d46b-4628-9cd5-c8a344696add,24,51844632-1e1e-456a-bf01-515999d5bb48,Heuristic,76,3,1
d78e6d14-d46b-4628-9cd5-c8a344696add,24,e53457d2-f81b-4959-895e-6a87d28c3b62,Heuristic,76,3,1
d78e6d14-d46b-4628-9cd5-c8a344696add,25,27fdb69e-37d5-4584-9445-4b0b6a03a29c,Snake1,75,3,1
d78e6d14-d46b-4628-9cd5-c8a344696add,25,5bb638ac-1633-4344-82eb-fdddece1745c,Snake2,75,3,1
d78e6d14-d46b-4628-9cd5-c8a344696add,25,51844632-1e1e-456a-bf01-515999d5bb48,Heuristic,75,3,1
d78e6d14-d46b-4628-9cd5-c8a344696add,25,e53457d2-f81b-4959-895e-6a87d28c3b62,Heuristic,75,3,1
d78e6d14-d46b-4628-9cd5-c8a344696add,25,27fdb69e-37d5-4584-9445-4b0b6a03a29c,Snake1,75,3,1
d78e6d14-d46b-4628-9cd5-c8a344696add,25,5bb638ac-1633-4344-82eb-fdddece1745c,Snake2,75,3,1
d78e6d14-d46b-4628-9cd5-c8a344696add,25,51844632-1e1e-456a-bf01-515999d5bb48,Heuristic,75,3,1
d78e6d14-d46b-4628-9cd5-c8a344696add,25,e53457d2-f81b-4959-895e-6a87d28c3b62,Heuristic,75,3,1
d78e6d14-d46b-4628-9cd5-c8a344696add,25,27fdb69e-37d5-4584-9445-4b0b6a03a29c,Snake1,75,3,1
d78e6d14-d46b-4628-9cd5-c8a344696add,25,5bb638ac-1633-4344-82eb-fdddece1745c,Snake2,75,3,1
d78e6d14-d46b-4628-9cd5-c8a344696add,25,51844632-1e1e-456a-bf01-515999d5bb48,Heuristic,75,3,1
d78e6d14-d46b-4628-9cd5-c8a344696add,25,e53457d2-f81b-4959-895e-6a87d28c3b62,Heuristic,75,3,1
d78e6d14-d46b-4628-9cd5-c8a344696add,25,27fdb69e-37d5-4584-9445-4b0b6a03a29c,Snake1,75,3,1
d78e6d14-d46b-4628-9cd5-c8a344696add,25,5bb638ac-1633-4344-82eb-fdddece1745c,Snake2,75,3,1
d78e6d14-d46b-4628-9cd5-c8a344696add,25,51844632-1e1e-456a-bf01-515999d5bb48,Heuristic,75,3,1
d78e6d14-d46b-4628-9cd5-c8a344696add,25,e53457d2-f81b-4959-895e-6a87d28c3b62,Heuristic,75,3,1
d78e6d14-d46b-4628-9cd5-c8a344696add,26,27fdb69e-37d5-4584-9445-4b0b6a03a29c,Snake1,74,3,1
d78e6d14-d46b-4628-9cd5-c8a344696add,26,5bb638ac-1633-4344-82eb-fdddece1745c,Snake2,74,3,1
d78e6d14-d46b-4628-9cd5-c8a344696add,26,51844632-1e1e-456a-bf01-515999d5bb48,Heuristic,74,3,1
d78e6d14-d46b-4628-9cd5-c8a344696add,26,e53457d2-f81b-4959-895e-6a87d28c3b62,Heuristic,74,3,1
d78e6d14-d46b-4628-9cd5-c8a344696add,26,27fdb69e-37d5-4584-9445-4b0b6a03a29c,Snake1,74,3,1
d78e6d14-d46b-4628-9cd5-c8a344696add,26,5bb638ac-1633-4344-82eb-fdddece1745c,Snake2,74,3,1
d78e6d14-d46b-4628-9cd5-c8a344696add,26,51844632-1e1e-456a-bf01-515999d5bb48,Heuristic,74,3,1
d78e6d14-d46b-4628-9cd5-c8a344696add,26,e53457d2-f81b-4959-895e-6a87d28c3b62,Heuristic,74,3,1
d78e6d14-d46b-4628-9cd5-c8a344696add,26,27fdb69e-37d5-4584-9445-4b0b6a03a29c,Snake1,74,3,1
d78e6d14-d46b-4628-9cd5-c8a344696add,26,5bb638ac-1633-4344-82eb-fdddece1745c,Snake2,74,3,1
d78e6d14-d46b-4628-9cd5-c8a344696add,26,51844632-1e1e-456a-bf01-515999d5bb48,Heuristic,74,3,1
d78e6d14-d46b-4628-9cd5-c8a344696add,26,e53457d2-f81b-4959-895e-6a87d28c3b62,Heuristic,74,3,1
d78e6d14-d46b-4628-9cd5-c8a344696add,26,27fdb69e-37d5-4584-9445-4b0b6a03a29c,Snake1,74,3,1
d78e6d14-d46b-4628-9cd5-c8a344696add,26,5bb638ac-1633-4344-82eb-fdddece1745c,Snake2,74,3,1
d78e6d14-d46b-4628-9cd5-c8a344696add,26,51844632-1e1e-456a-bf01-515999d5bb48,Heuristic,74,3,1
d78e6d14-d46b-4628-9cd5-c8a344696add,26,e53457d2-f81b-4959-895e-6a87d28c3b62,Heuristic,74,3,1
d78e6d14-d46b-4628-9cd5-c8a344696add,27,27fdb69e-37d5-4584-9445-4b0b6a03a29c,Snake1,73,3,1
d78e6d14-d46b-4628-9cd5-c8a344696add,27,5bb638ac-1633-4344-82eb-fdddece1745c,Snake2,73,3,1
d78e6d14-d46b-4628-9cd5-c8a344696add,27,51844632-1e1e-456a-bf01-515999d5bb48,Heuristic,73,3,1
d78e6d14-d46b-4628-9cd5-c8a344696add,27,e53457d2-f81b-4959-895e-6a87d28c3b62,Heuristic,73,3,1
d78e6d14-d46b-4628-9cd5-c8a344696add,27,27fdb69e-37d5-4584-9445-4b0b6a03a29c,Snake1,73,3,1
d78e6d14-d46b-4628-9cd5-c8a344696add,27,5bb638ac-1633-4344-82eb-fdddece1745c,Snake2,73,3,1
d78e6d14-d46b-4628-9cd5-c8a344696add,27,51844632-1e1e-456a-bf01-515999d5bb48,Heuristic,73,3,1
d78e6d14-d46b-4628-9cd5-c8a344696add,27,e53457d2-f81b-4959-895e-6a87d28c3b62,Heuristic,73,3,1
d78e6d14-d46b-4628-9cd5-c8a344696add,27,27fdb69e-37d5-4584-9445-4b0b6a03a29c,Snake1,73,3,1
d78e6d14-d46b-4628-9cd5-c8a344696add,27,5bb638ac-1633-4344-82eb-fdddece1745c,Snake2,73,3,1
d78e6d14-d46b-4628-9cd5-c8a344696add,27,51844632-1e1e-456a-bf01-515999d5bb48,Heuristic,73,3,1
d78e6d14-d46b-4628-9cd5-c8a344696add,27,e53457d2-f81b-4959-895e-6a87d28c3b62,Heuristic,73,3,1
d78e6d14-d46b-4628-9cd5-c8a344696add,27,27fdb69e-37d5-4584-9445-4b0b6a03a29c,Snake1,73,3,1
d78e6d14-d46b-4628-9cd5-c8a344696add,27,5bb638ac-1633-4344-82eb-fdddece1745c,Snake2,73,3,1
d78e6d14-d46b-4628-9cd5-c8a344696add,27,51844632-1e1e-456a-bf01-515999d5bb48,Heuristic,73,3,1
d78e6d14-d46b-4628-9cd5-c8a344696add,27,e53457d2-f81b-4959-895e-6a87d28c3b62,Heuristic,73,3,1
d78e6d14-d46b-4628-9cd5-c8a344696add,28,27fdb69e-37d5-4584-9445-4b0b6a03a29c,Snake1,72,3,1
d78e6d14-d46b-4628-9cd5-c8a344696add,28,5bb638ac-1633-4344-82eb-fdddece1745c,Snake2,72,3,1
d78e6d14-d46b-4628-9cd5-c8a344696add,28,51844632-1e1e-456a-bf01-515999d5bb48,Heuristic,58,3,1
d78e6d14-d46b-4628-9cd5-c8a344696add,28,e53457d2-f81b-4959-895e-6a87d28c3b62,Heuristic,58,3,1
d78e6d14-d46b-4628-9cd5-c8a344696add,28,27fdb69e-37d5-4584-9445-4b0b6a03a29c,Snake1,72,3,1
d78e6d14-d46b-4628-9cd5-c8a344696add,28,5bb638ac-1633-4344-82eb-fdddece1745c,Snake2,72,3,1
d78e6d14-d46b-4628-9cd5-c8a344696add,28,51844632-1e1e-456a-bf01-515999d5bb48,Heuristic,58,3,1
d78e6d14-d46b-4628-9cd5-c8a344696add,28,e53457d2-f81b-4959-895e-6a87d28c3b62,Heuristic,58,3,1
d78e6d14-d46b-4628-9cd5-c8a344696add,28,27fdb69e-37d5-4584-9445-4b0b6a03a29c,Snake1,72,3,1
d78e6d14-d46b-4628-9cd5-c8a344696add,28,5bb638ac-1633-4344-82eb-fdddece1745c,Snake2,72,3,1
d78e6d14-d46b-4628-9cd5-c8a344696add,28,51844632-1e1e-456a-bf01-515999d5bb48,Heuristic,58,3,1
d78e6d14-d46b-4628-9cd5-c8a344696add,28,e53457d2-f81b-4959-895e-6a87d28c3b62,Heuristic,58,3,1
d78e6d14-d46b-4628-9cd5-c8a344696add,28,27fdb69e-37d5-4584-9445-4b0b6a03a29c,Snake1,72,3,1
d78e6d14-d46b-4628-9cd5-c8a344696add,28,5bb638ac-1633-4344-82eb-fdddece1745c,Snake2,72,3,1
d78e6d14-d46b-4628-9cd5-c8a344696add,28,51844632-1e1e-456a-bf01-515999d5bb48,Heuristic,58,3,1
d78e6d14-d46b-4628-9cd5-c8a344696add,28,e53457d2-f81b-4959-895e-6a87d28c3b62,Heuristic,58,3,1
d78e6d14-d46b-4628-9cd5-c8a344696add,29,27fdb69e-37d5-4584-9445-4b0b6a03a29c,Snake1,71,3,1
d78e6d14-d46b-4628-9cd5-c8a344696add,29,5bb638ac-1633-4344-82eb-fdddece1745c,Snake2,71,3,1
d78e6d14-d46b-4628-9cd5-c8a344696add,29,51844632-1e1e-456a-bf01-515999d5bb48,Heuristic,57,3,1
d78e6d14-d46b-4628-9cd5-c8a344696add,29,e53457d2-f81b-4959-895e-6a87d28c3b62,Heuristic,57,3,1
d78e6d14-d46b-4628-9cd5-c8a344696add,29,27fdb69e-37d5-4584-9445-4b0b6a03a29c,Snake1,71,3,1
d78e6d14-d46b-4628-9cd5-c8a344696add,29,5bb638ac-1633-4344-82eb-fdddece1745c,Snake2,71,3,1
d78e6d14-d46b-4628-9cd5-c8a344696add,29,51844632-1e1e-456a-bf01-515999d5bb48,Heuristic,57,3,1
d78e6d14-d46b-4628-9cd5-c8a344696add,29,e53457d2-f81b-4959-895e-6a87d28c3b62,Heuristic,57,3,1
d78e6d14-d46b-4628-9cd5-c8a344696add,29,27fdb69e-37d5-4584-9445-4b0b6a03a29c,Snake1,71,3,1
d78e6d14-d46b-4628-9cd5-c8a344696add,29,5bb638ac-1633-4344-82eb-fdddece1745c,Snake2,71,3,1
d78e6d14-d46b-4628-9cd5-c8a344696add,29,51844632-1e1e-456a-bf01-515999d5bb48,Heuristic,57,3,1
d78e6d14-d46b-4628-9cd5-c8a344696add,29,e53457d2-f81b-4959-895e-6a87d28c3b62,Heuristic,57,3,1
d78e6d14-d46b-4628-9cd5-c8a344696add,29,27fdb69e-37d5-4584-9445-4b0b6a03a29c,Snake1,71,3,1
d78e6d14-d46b-4628-9cd5-c8a344696add,29,5bb638ac-1633-4344-82eb-fdddece1745c,Snake2,71,3,1
d78e6d14-d46b-4628-9cd5-c8a344696add,29,51844632-1e1e-456a-bf01-515999d5bb48,Heuristic,57,3,1
d78e6d14-d46b-4628-9cd5-c8a344696add,29,e53457d2-f81b-4959-895e-6a87d28c3b62,Heuristic,57,3,1
d78e6d14-d46b-4628-9cd5-c8a344696add,30,27fdb69e-37d5-4584-9445-4b0b6a03a29c,Snake1,70,3,1
d78e6d14-d46b-4628-9cd5-c8a344696add,30,5bb638ac-1633-4344-82eb-fdddece1745c,Snake2,70,3,1
d78e6d14-d46b-4628-9cd5-c8a344696add,30,51844632-1e1e-456a-bf01-515999d5bb48,Heuristic,56,3,1
d78e6d14-d46b-4628-9cd5-c8a344696add,30,e53457d2-f81b-4959-895e-6a87d28c3b62,Heuristic,56,3,1
d78e6d14-d46b-4628-9cd5-c8a344696add,30,27fdb69e-37d5-4584-9445-4b0b6a03a29c,Snake1,70,3,1
d78e6d14-d46b-4628-9cd5-c8a344696add,30,5bb638ac-1633-4344-82eb-fdddece1745c,Snake2,70,3,1
d78e6d14-d46b-4628-9cd5-c8a344696add,30,51844632-1e1e-456a-bf01-515999d5bb48,Heuristic,56,3,1
d78e6d14-d46b-4628-9cd5-c8a344696add,30,e53457d2-f81b-4959-895e-6a87d28c3b62,Heuristic,56,3,1
d78e6d14-d46b-4628-9cd5-c8a344696add,30,27fdb69e-37d5-4584-9445-4b0b6a03a29c,Snake1,70,3,1
d78e6d14-d46b-4628-9cd5-c8a344696add,30,5bb638ac-1633-4344-82eb-fdddece1745c,Snake2,70,3,1
d78e6d14-d46b-4628-9cd5-c8a344696add,30,51844632-1e1e-456a-bf01-515999d5bb48,Heuristic,56,3,1
d78e6d14-d46b-4628-9cd5-c8a344696add,30,e53457d2-f81b-4959-895e-6a87d28c3b62,Heuristic,56,3,1
d78e6d14-d46b-4628-9cd5-c8a344696add,30,27fdb69e-37d5-4584-9445-4b0b6a03a29c,Snake1,70,3,1
d78e6d14-d46b-4628-9cd5-c8a344696add,30,5bb638ac-1633-4344-82eb-fdddece1745c,Snake2,70,3,1
d78e6d14-d46b-4628-9cd5-c8a344696add,30,51844632-1e1e-456a-bf01-515999d5bb48,Heuristic,56,3,1
d78e6d14-d46b-4628-9cd5-c8a344696add,30,e53457d2-f81b-4959-895e-6a87d28c3b62,Heuristic,56,3,1
d78e6d14-d46b-4628-9cd5-c8a344696add,31,27fdb69e-37d5-4584-9445-4b0b6a03a29c,Snake1,69,3,1
d78e6d14-d46b-4628-9cd5-c8a344696add,31,5bb638ac-1633-4344-82eb-fdddece1745c,Snake2,69,3,1
d78e6d14-d46b-4628-9cd5-c8a344696add,31,51844632-1e1e-456a-bf01-515999d5bb48,Heuristic,55,3,1
d78e6d14-d46b-4628-9cd5-c8a344696add,31,e53457d2-f81b-4959-895e-6a87d28c3b62,Heuristic,55,3,1
d78e6d14-d46b-4628-9cd5-c8a344696add,31,27fdb69e-37d5-4584-9445-4b0b6a03a29c,Snake1,69,3,1
d78e6d14-d46b-4628-9cd5-c8a344696add,31,5bb638ac-1633-4344-82eb-fdddece1745c,Snake2,69,3,1
d78e6d14-d46b-4628-9cd5-c8a344696add,31,51844632-1e1e-456a-bf01-515999d5bb48,Heuristic,55,3,1
d78e6d14-d46b-4628-9cd5-c8a344696add,31,e53457d2-f81b-4959-895e-6a87d28c3b62,Heuristic,55,3,1
d78e6d14-d46b-4628-9cd5-c8a344696add,31,27fdb69e-37d5-4584-9445-4b0b6a03a29c,Snake1,69,3,1
d78e6d14-d46b-4628-9cd5-c8a344696add,31,5bb638ac-1633-4344-82eb-fdddece1745c,Snake2,69,3,1
d78e6d14-d46b-4628-9cd5-c8a344696add,31,51844632-1e1e-456a-bf01-515999d5bb48,Heuristic,55,3,1
d78e6d14-d46b-4628-9cd5-c8a344696add,31,e53457d2-f81b-4959-895e-6a87d28c3b62,Heuristic,55,3,1
d78e6d14-d46b-4628-9cd5-c8a344696add,31,27fdb69e-37d5-4584-9445-4b0b6a03a29c,Snake1,69,3,1
d78e6d14-d46b-4628-9cd5-c8a344696add,31,5bb638ac-1633-4344-82eb-fdddece1745c,Snake2,69,3,1
d78e6d14-d46b-4628-9cd5-c8a344696add,31,51844632-1e1e-456a-bf01-515999d5bb48,Heuristic,55,3,1
d78e6d14-d46b-4628-9cd5-c8a344696add,31,e53457d2-f81b-4959-895e-6a87d28c3b62,Heuristic,55,3,1
d78e6d14-d46b-4628-9cd5-c8a344696add,32,27fdb69e-37d5-4584-9445-4b0b6a03a29c,Snake1,68,3,1
d78e6d14-d46b-4628-9cd5-c8a344696add,32,5bb638ac-1633-4344-82eb-fdddece1745c,Snake2,54,3,1
d78e6d14-d46b-4628-9cd5-c8a344696add,32,51844632-1e1e-456a-bf01-515999d5bb48,Heuristic,40,3,1
d78e6d14-d46b-4628-9cd5-c8a344696add,32,e53457d2-f81b-4959-895e-6a87d28c3b62,Heuristic,40,3,1
d78e6d14-d46b-4628-9cd5-c8a344696add,32,27fdb69e-37d5-4584-9445-4b0b6a03a29c,Snake1,68,3,1
d78e6d14-d46b-4628-9cd5-c8a344696add,32,5bb638ac-1633-4344-82eb-fdddece1745c,Snake2,54,3,1
d78e6d14-d46b-4628-9cd5-c8a344696add,32,51844632-1e1e-456a-bf01-515999d5bb48,Heuristic,40,3,1
d78e6d14-d46b-4628-9cd5-c8a344696add,32,e53457d2-f81b-4959-895e-6a87d28c3b62,Heuristic,40,3,1
d78e6d14-d46b-4628-9cd5-c8a344696add,32,27fdb69e-37d5-4584-9445-4b0b6a03a29c,Snake1,68,3,1
d78e6d14-d46b-4628-9cd5-c8a344696add,32,5bb638ac-1633-4344-82eb-fdddece1745c,Snake2,54,3,1
d78e6d14-d46b-4628-9cd5-c8a344696add,32,51844632-1e1e-456a-bf01-515999d5bb48,Heuristic,40,3,1
d78e6d14-d46b-4628-9cd5-c8a344696add,32,e53457d2-f81b-4959-895e-6a87d28c3b62,Heuristic,40,3,1
d78e6d14-d46b-4628-9cd5-c8a344696add,32,27fdb69e-37d5-4584-9445-4b0b6a03a29c,Snake1,68,3,1
d78e6d14-d46b-4628-9cd5-c8a344696add,32,5bb638ac-1633-4344-82eb-fdddece1745c,Snake2,54,3,1
d78e6d14-d46b-4628-9cd5-c8a344696add,32,51844632-1e1e-456a-bf01-515999d5bb48,Heuristic,40,3,1
d78e6d14-d46b-4628-9cd5-c8a344696add,32,e53457d2-f81b-4959-895e-6a87d28c3b62,Heuristic,40,3,1
d78e6d14-d46b-4628-9cd5-c8a344696add,33,27fdb69e-37d5-4584-9445-4b0b6a03a29c,Snake1,67,3,1
d78e6d14-d46b-4628-9cd5-c8a344696add,33,5bb638ac-1633-4344-82eb-fdddece1745c,Snake2,53,3,1
d78e6d14-d46b-4628-9cd5-c8a344696add,33,51844632-1e1e-456a-bf01-515999d5bb48,Heuristic,39,3,1
d78e6d14-d46b-4628-9cd5-c8a344696add,33,e53457d2-f81b-4959-895e-6a87d28c3b62,Heuristic,39,3,1
d78e6d14-d46b-4628-9cd5-c8a344696add,33,27fdb69e-37d5-4584-9445-4b0b6a03a29c,Snake1,67,3,1
d78e6d14-d46b-4628-9cd5-c8a344696add,33,5bb638ac-1633-4344-82eb-fdddece1745c,Snake2,53,3,1
d78e6d14-d46b-4628-9cd5-c8a344696add,33,51844632-1e1e-456a-bf01-515999d5bb48,Heuristic,39,3,1
d78e6d14-d46b-4628-9cd5-c8a344696add,33,e53457d2-f81b-4959-895e-6a87d28c3b62,Heuristic,39,3,1
d78e6d14-d46b-4628-9cd5-c8a344696add,33,27fdb69e-37d5-4584-9445-4b0b6a03a29c,Snake1,67,3,1
d78e6d14-d46b-4628-9cd5-c8a344696add,33,5bb638ac-1633-4344-82eb-fdddece1745c,Snake2,53,3,1
d78e6d14-d46b-4628-9cd5-c8a344696add,33,51844632-1e1e-456a-bf01-515999d5bb48,Heuristic,39,3,1
d78e6d14-d46b-4628-9cd5-c8a344696add,33,e53457d2-f81b-4959-895e-6a87d28c3b62,Heuristic,39,3,1
d78e6d14-d46b-4628-9cd5-c8a344696add,33,27fdb69e-37d5-4584-9445-4b0b6a03a29c,Snake1,67,3,1
d78e6d14-d46b-4628-9cd5-c8a344696add,33,5bb638ac-1633-4344-82eb-fdddece1745c,Snake2,53,3,1
d78e6d14-d46b-4628-9cd5-c8a344696add,33,51844632-1e1e-456a-bf01-515999d5bb48,Heuristic,39,3,1
d78e6d14-d46b-4628-9cd5-c8a344696add,33,e53457d2-f81b-4959-895e-6a87d28c3b62,Heuristic,39,3,1
d78e6d14-d46b-4628-9cd5-c8a344696add,34,27fdb69e-37d5-4584-9445-4b0b6a03a29c,Snake1,66,3,1
d78e6d14-d46b-4628-9cd5-c8a344696add,34,5bb638ac-1633-4344-82eb-fdddece1745c,Snake2,52,3,1
d78e6d14-d46b-4628-9cd5-c8a344696add,34,51844632-1e1e-456a-bf01-515999d5bb48,Heuristic,38,3,1
d78e6d14-d46b-4628-9cd5-c8a344696add,34,e53457d2-f81b-4959-895e-6a87d28c3b62,Heuristic,38,3,1
d78e6d14-d46b-4628-9cd5-c8a344696add,34,27fdb69e-37d5-4584-9445-4b0b6a03a29c,Snake1,66,3,1
d78e6d14-d46b-4628-9cd5-c8a344696add,34,5bb638ac-1633-4344-82eb-fdddece1745c,Snake2,52,3,1
d78e6d14-d46b-4628-9cd5-c8a344696add,34,51844632-1e1e-456a-bf01-515999d5bb48,Heuristic,38,3,1
d78e6d14-d46b-4628-9cd5-c8a344696add,34,e53457d2-f81b-4959-895e-6a87d28c3b62,Heuristic,38,3,1
d78e6d14-d46b-4628-9cd5-c8a344696add,34,27fdb69e-37d5-4584-9445-4b0b6a03a29c,Snake1,66,3,1
d78e6d14-d46b-4628-9cd5-c8a344696add,34,5bb638ac-1633-4344-82eb-fdddece1745c,Snake2,52,3,1
d78e6d14-d46b-4628-9cd5-c8a344696add,34,51844632-1e1e-456a-bf01-515999d5bb48,Heuristic,38,3,1
d78e6d14-d46b-4628-9cd5-c8a344696add,34,e53457d2-f81b-4959-895e-6a87d28c3b62,Heuristic,38,3,1
d78e6d14-d46b-4628-9cd5-c8a344696add,34,27fdb69e-37d5-4584-9445-4b0b6a03a29c,Snake1,66,3,1
d78e6d14-d46b-4628-9cd5-c8a344696add,34,5bb638ac-1633-4344-82eb-fdddece1745c,Snake2,52,3,1
d78e6d14-d46b-4628-9cd5-c8a344696add,34,51844632-1e1e-456a-bf01-515999d5bb48,Heuristic,38,3,1
d78e6d14-d46b-4628-9cd5-c8a344696add,34,e53457d2-f81b-4959-895e-6a87d28c3b62,Heuristic,38,3,1
d78e6d14-d46b-4628-9cd5-c8a344696add,35,27fdb69e-37d5-4584-9445-4b0b6a03a29c,Snake1,65,3,1
d78e6d14-d46b-4628-9cd5-c8a344696add,35,5bb638ac-1633-4344-82eb-fdddece1745c,Snake2,51,3,1
d78e6d14-d46b-4628-9cd5-c8a344696add,35,51844632-1e1e-456a-bf01-515999d5bb48,Heuristic,37,3,1
d78e6d14-d46b-4628-9cd5-c8a344696add,35,e53457d2-f81b-4959-895e-6a87d28c3b62,Heuristic,37,3,1
d78e6d14-d46b-4628-9cd5-c8a344696add,35,27fdb69e-37d5-4584-9445-4b0b6a03a29c,Snake1,65,3,1
d78e6d14-d46b-4628-9cd5-c8a344696add,35,5bb638ac-1633-4344-82eb-fdddece1745c,Snake2,51,3,1
d78e6d14-d46b-4628-9cd5-c8a344696add,35,51844632-1e1e-456a-bf01-515999d5bb48,Heuristic,37,3,1
d78e6d14-d46b-4628-9cd5-c8a344696add,35,e53457d2-f81b-4959-895e-6a87d28c3b62,Heuristic,37,3,1
d78e6d14-d46b-4628-9cd5-c8a344696add,35,27fdb69e-37d5-4584-9445-4b0b6a03a29c,Snake1,65,3,1
d78e6d14-d46b-4628-9cd5-c8a344696add,35,5bb638ac-1633-4344-82eb-fdddece1745c,Snake2,51,3,1
d78e6d14-d46b-4628-9cd5-c8a344696add,35,51844632-1e1e-456a-bf01-515999d5bb48,Heuristic,37,3,1
d78e6d14-d46b-4628-9cd5-c8a344696add,35,e53457d2-f81b-4959-895e-6a87d28c3b62,Heuristic,37,3,1
d78e6d14-d46b-4628-9cd5-c8a344696add,35,27fdb69e-37d5-4584-9445-4b0b6a03a29c,Snake1,65,3,1
d78e6d14-d46b-4628-9cd5-c8a344696add,35,5bb638ac-1633-4344-82eb-fdddece1745c,Snake2,51,3,1
d78e6d14-d46b-4628-9cd5-c8a344696add,35,51844632-1e1e-456a-bf01-515999d5bb48,Heuristic,37,3,1
d78e6d14-d46b-4628-9cd5-c8a344696add,35,e53457d2-f81b-4959-895e-6a87d28c3b62,Heuristic,37,3,1
d78e6d14-d46b-4628-9cd5-c8a344696add,36,27fdb69e-37d5-4584-9445-4b0b6a03a29c,Snake1,64,3,1
d78e6d14-d46b-4628-9cd5-c8a344696add,36,5bb638ac-1633-4344-82eb-fdddece1745c,Snake2,50,3,1
d78e6d14-d46b-4628-9cd5-c8a344696add,36,51844632-1e1e-456a-bf01-515999d5bb48,Heuristic,22,3,1
d78e6d14-d46b-4628-9cd5-c8a344696add,36,e53457d2-f81b-4959-895e-6a87d28c3b62,Heuristic,36,3,1
d78e6d14-d46b-4628-9cd5-c8a344696add,36,27fdb69e-37d5-4584-9445-4b0b6a03a29c,Snake1,64,3,1
d78e6d14-d46b-4628-9cd5-c8a344696add,36,5bb638ac-1633-4344-82eb-fdddece1745c,Snake2,50,3,1
d78e6d14-d46b-4628-9cd5-c8a344696add,36,51844632-1e1e-456a-bf01-515999d5bb48,Heuristic,22,3,1
d78e6d14-d46b-4628-9cd5-c8a344696add,36,e53457d2-f81b-4959-895e-6a87d28c3b62,Heuristic,36,3,1
d78e6d14-d46b-4628-9cd5-c8a344696add,36,27fdb69e-37d5-4584-9445-4b0b6a03a29c,Snake1,64,3,1
d78e6d14-d46b-4628-9cd5-c8a344696add,36,5bb638ac-1633-4344-82eb-fdddece1745c,Snake2,50,3,1
d78e6d14-d46b-4628-9cd5-c8a344696add,36,51844632-1e1e-456a-bf01-515999d5bb48,Heuristic,22,3,1
d78e6d14-d46b-4628-9cd5-c8a344696add,36,e53457d2-f81b-4959-895e-6a87d28c3b62,Heuristic,36,3,1
d78e6d14-d46b-4628-9cd5-c8a344696add,36,27fdb69e-37d5-4584-9445-4b0b6a03a29c,Snake1,64,3,1
d78e6d14-d46b-4628-9cd5-c8a344696add,36,5bb638ac-1633-4344-82eb-fdddece1745c,Snake2,50,3,1
d78e6d14-d46b-4628-9cd5-c8a344696add,36,51844632-1e1e-456a-bf01-515999d5bb48,Heuristic,22,3,1
d78e6d14-d46b-4628-9cd5-c8a344696add,36,e53457d2-f81b-4959-895e-6a87d28c3b62,Heuristic,36,3,1
d78e6d14-d46b-4628-9cd5-c8a344696add,37,27fdb69e-37d5-4584-9445-4b0b6a03a29c,Snake1,63,3,1
d78e6d14-d46b-4628-9cd5-c8a344696add,37,5bb638ac-1633-4344-82eb-fdddece1745c,Snake2,49,3,1
d78e6d14-d46b-4628-9cd5-c8a344696add,37,51844632-1e1e-456a-bf01-515999d5bb48,Heuristic,100,4,1
d78e6d14-d46b-4628-9cd5-c8a344696add,37,e53457d2-f81b-4959-895e-6a87d28c3b62,Heuristic,35,3,1
d78e6d14-d46b-4628-9cd5-c8a344696add,37,27fdb69e-37d5-4584-9445-4b0b6a03a29c,Snake1,63,3,1
d78e6d14-d46b-4628-9cd5-c8a344696add,37,5bb638ac-1633-4344-82eb-fdddece1745c,Snake2,49,3,1
d78e6d14-d46b-4628-9cd5-c8a344696add,37,51844632-1e1e-456a-bf01-515999d5bb48,Heuristic,100,4,1
d78e6d14-d46b-4628-9cd5-c8a344696add,37,e53457d2-f81b-4959-895e-6a87d28c3b62,Heuristic,35,3,1
d78e6d14-d46b-4628-9cd5-c8a344696add,37,27fdb69e-37d5-4584-9445-4b0b6a03a29c,Snake1,63,3,1
d78e6d14-d46b-4628-9cd5-c8a344696add,37,5bb638ac-1633-4344-82eb-fdddece1745c,Snake2,49,3,1
d78e6d14-d46b-4628-9cd5-c8a344696add,37,51844632-1e1e-456a-bf01-515999d5bb48,Heuristic,100,4,1
d78e6d14-d46b-4628-9cd5-c8a344696add,37,e53457d2-f81b-4959-895e-6a87d28c3b62,Heuristic,35,3,1
d78e6d14-d46b-4628-9cd5-c8a344696add,37,27fdb69e-37d5-4584-9445-4b0b6a03a29c,Snake1,63,3,1
d78e6d14-d46b-4628-9cd5-c8a344696add,37,5bb638ac-1633-4344-82eb-fdddece1745c,Snake2,49,3,1
d78e6d14-d46b-4628-9cd5-c8a344696add,37,51844632-1e1e-456a-bf01-515999d5bb48,Heuristic,100,4,1
d78e6d14-d46b-4628-9cd5-c8a344696add,37,e53457d2-f81b-4959-895e-6a87d28c3b62,Heuristic,35,3,1
d78e6d14-d46b-4628-9cd5-c8a344696add,38,27fdb69e-37d5-4584-9445-4b0b6a03a29c,Snake1,62,3,1
d78e6d14-d46b-4628-9cd5-c8a344696add,38,5bb638ac-1633-4344-82eb-fdddece1745c,Snake2,48,3,1
d78e6d14-d46b-4628-9cd5-c8a344696add,38,51844632-1e1e-456a-bf01-515999d5bb48,Heuristic,99,4,1
d78e6d14-d46b-4628-9cd5-c8a344696add,38,e53457d2-f81b-4959-895e-6a87d28c3b62,Heuristic,34,3,1
d78e6d14-d46b-4628-9cd5-c8a344696add,38,27fdb69e-37d5-4584-9445-4b0b6a03a29c,Snake1,62,3,1
d78e6d14-d46b-4628-9cd5-c8a344696add,38,5bb638ac-1633-4344-82eb-fdddece1745c,Snake2,48,3,1
d78e6d14-d46b-4628-9cd5-c8a344696add,38,51844632-1e1e-456a-bf01-515999d5bb48,Heuristic,99,4,1
d78e6d14-d46b-4628-9cd5-c8a344696add,38,e53457d2-f81b-4959-895e-6a87d28c3b62,Heuristic,34,3,1
d78e6d14-d46b-4628-9cd5-c8a344696add,38,27fdb69e-37d5-4584-9445-4b0b6a03a29c,Snake1,62,3,1
d78e6d14-d46b-4628-9cd5-c8a344696add,38,5bb638ac-1633-4344-82eb-fdddece1745c,Snake2,48,3,1
d78e6d14-d46b-4628-9cd5-c8a344696add,38,51844632-1e1e-456a-bf01-515999d5bb48,Heuristic,99,4,1
d78e6d14-d46b-4628-9cd5-c8a344696add,38,e53457d2-f81b-4959-895e-6a87d28c3b62,Heuristic,34,3,1
d78e6d14-d46b-4628-9cd5-c8a344696add,38,27fdb69e-37d5-4584-9445-4b0b6a03a29c,Snake1,62,3,1
d78e6d14-d46b-4628-9cd5-c8a344696add,38,5bb638ac-1633-4344-82eb-fdddece1745c,Snake2,48,3,1
d78e6d14-d46b-4628-9cd5-c8a344696add,38,51844632-1e1e-456a-bf01-515999d5bb48,Heuristic,99,4,1
d78e6d14-d46b-4628-9cd5-c8a344696add,38,e53457d2-f81b-4959-895e-6a87d28c3b62,Heuristic,34,3,1
d78e6d14-d46b-4628-9cd5-c8a344696add,39,27fdb69e-37d5-4584-9445-4b0b6a03a29c,Snake1,61,3,1
d78e6d14-d46b-4628-9cd5-c8a344696add,39,5bb638ac-1633-4344-82eb-fdddece1745c,Snake2,47,3,1
d78e6d14-d46b-4628-9cd5-c8a344696add,39,51844632-1e1e-456a-bf01-515999d5bb48,Heuristic,98,4,1
d78e6d14-d46b-4628-9cd5-c8a344696add,39,e53457d2-f81b-4959-895e-6a87d28c3b62,Heuristic,33,3,1
d78e6d14-d46b-4628-9cd5-c8a344696add,39,27fdb69e-37d5-4584-9445-4b0b6a03a29c,Snake1,61,3,1
d78e6d14-d46b-4628-9cd5-c8a344696add,39,5bb638ac-1633-4344-82eb-fdddece1745c,Snake2,47,3,1
d78e6d14-d46b-4628-9cd5-c8a344696add,39,51844632-1e1e-456a-bf01-515999d5bb48,Heuristic,98,4,1
d78e6d14-d46b-4628-9cd5-c8a344696add,39,e53457d2-f81b-4959-895e-6a87d28c3b62,Heuristic,33,3,1
d78e6d14-d46b-4628-9cd5-c8a344696add,39,27fdb69e-37d5-4584-9445-4b0b6a03a29c,Snake1,61,3,1
d78e6d14-d46b-4628-9cd5-c8a344696add,39,5bb638ac-1633-4344-82eb-fdddece1745c,Snake2,47,3,1
d78e6d14-d46b-4628-9cd5-c8a344696add,39,51844632-1e1e-456a-bf01-515999d5bb48,Heuristic,98,4,1
d78e6d14-d46b-4628-9cd5-c8a344696add,39,e53457d2-f81b-4959-895e-6a87d28c3b62,Heuristic,33,3,1
d78e6d14-d46b-4628-9cd5-c8a344696add,39,27fdb69e-37d5-4584-9445-4b0b6a03a29c,Snake1,61,3,1
d78e6d14-d46b-4628-9cd5-c8a344696add,39,5bb638ac-1633-4344-82eb-fdddece1745c,Snake2,47,3,1
d78e6d14-d46b-4628-9cd5-c8a344696add,39,51844632-1e1e-456a-bf01-515999d5bb48,Heuristic,98,4,1
d78e6d14-d46b-4628-9cd5-c8a344696add,39,e53457d2-f81b-4959-895e-6a87d28c3b62,Heuristic,33,3,1
d78e6d14-d46b-4628-9cd5-c8a344696add,40,27fdb69e-37d5-4584-9445-4b0b6a03a29c,Snake1,60,3,1
d78e6d14-d46b-4628-9cd5-c8a344696add,40,5bb638ac-1633-4344-82eb-fdddece1745c,Snake2,32,3,1
d78e6d14-d46b-4628-9cd5-c8a344696add,40,51844632-1e1e-456a-bf01-515999d5bb48,Heuristic,97,4,1
d78e6d14-d46b-4628-9cd5-c8a344696add,40,e53457d2-f81b-4959-895e-6a87d28c3b62,Heuristic,18,3,1
d78e6d14-d46b-4628-9cd5-c8a344696add,40,27fdb69e-37d5-4584-9445-4b0b6a03a29c,Snake1,60,3,1
d78e6d14-d46b-4628-9cd5-c8a344696add,40,5bb638ac-1633-4344-82eb-fdddece1745c,Snake2,32,3,1
d78e6d14-d46b-4628-9cd5-c8a344696add,40,51844632-1e1e-456a-bf01-515999d5bb48,Heuristic,97,4,1
d78e6d14-d46b-4628-9cd5-c8a344696add,40,e53457d2-f81b-4959-895e-6a87d28c3b62,Heuristic,18,3,1
d78e6d14-d46b-4628-9cd5-c8a344696add,40,27fdb69e-37d5-4584-9445-4b0b6a03a29c,Snake1,60,3,1
d78e6d14-d46b-4628-9cd5-c8a344696add,40,5bb638ac-1633-4344-82eb-fdddece1745c,Snake2,32,3,1
d78e6d14-d46b-4628-9cd5-c8a344696add,40,51844632-1e1e-456a-bf01-515999d5bb48,Heuristic,97,4,1
d78e6d14-d46b-4628-9cd5-c8a344696add,40,e53457d2-f81b-4959-895e-6a87d28c3b62,Heuristic,18,3,1
d78e6d14-d46b-4628-9cd5-c8a344696add,40,27fdb69e-37d5-4584-9445-4b0b6a03a29c,Snake1,60,3,1
d78e6d14-d46b-4628-9cd5-c8a344696add,40,5bb638ac-1633-4344-82eb-fdddece1745c,Snake2,32,3,1
d78e6d14-d46b-4628-9cd5-c8a344696add,40,51844632-1e1e-456a-bf01-515999d5bb48,Heuristic,97,4,1
d78e6d14-d46b-4628-9cd5-c8a344696add,40,e53457d2-f81b-4959-895e-6a87d28c3b62,Heuristic,18,3,1
d78e6d14-d46b-4628-9cd5-c8a344696add,41,27fdb69e-37d5-4584-9445-4b0b6a03a29c,Snake1,59,3,1
d78e6d14-d46b-4628-9cd5-c8a344696add,41,5bb638ac-1633-4344-82eb-fdddece1745c,Snake2,31,3,1
d78e6d14-d46b-4628-9cd5-c8a344696add,41,51844632-1e1e-456a-bf01-515999d5bb48,Heuristic,96,4,1
d78e6d14-d46b-4628-9cd5-c8a344696add,41,e53457d2-f81b-4959-895e-6a87d28c3b62,Heuristic,100,4,1
d78e6d14-d46b-4628-9cd5-c8a344696add,41,27fdb69e-37d5-4584-9445-4b0b6a03a29c,Snake1,59,3,1
d78e6d14-d46b-4628-9cd5-c8a344696add,41,5bb638ac-1633-4344-82eb-fdddece1745c,Snake2,31,3,1
d78e6d14-d46b-4628-9cd5-c8a344696add,41,51844632-1e1e-456a-bf01-515999d5bb48,Heuristic,96,4,1
d78e6d14-d46b-4628-9cd5-c8a344696add,41,e53457d2-f81b-4959-895e-6a87d28c3b62,Heuristic,100,4,1
d78e6d14-d46b-4628-9cd5-c8a344696add,41,27fdb69e-37d5-4584-9445-4b0b6a03a29c,Snake1,59,3,1
d78e6d14-d46b-4628-9cd5-c8a344696add,41,5bb638ac-1633-4344-82eb-fdddece1745c,Snake2,31,3,1
d78e6d14-d46b-4628-9cd5-c8a344696add,41,51844632-1e1e-456a-bf01-515999d5bb48,Heuristic,96,4,1
d78e6d14-d46b-4628-9cd5-c8a344696add,41,e53457d2-f81b-4959-895e-6a87d28c3b62,Heuristic,100,4,1
d78e6d14-d46b-4628-9cd5-c8a344696add,41,27fdb69e-37d5-4584-9445-4b0b6a03a29c,Snake1,59,3,1
d78e6d14-d46b-4628-9cd5-c8a344696add,41,5bb638ac-1633-4344-82eb-fdddece1745c,Snake2,31,3,1
d78e6d14-d46b-4628-9cd5-c8a344696add,41,51844632-1e1e-456a-bf01-515999d5bb48,Heuristic,96,4,1
d78e6d14-d46b-4628-9cd5-c8a344696add,41,e53457d2-f81b-4959-895e-6a87d28c3b62,Heuristic,100,4,1
d78e6d14-d46b-4628-9cd5-c8a344696add,42,5bb638ac-1633-4344-82eb-fdddece1745c,Snake2,30,3,1
d78e6d14-d46b-4628-9cd5-c8a344696add,42,51844632-1e1e-456a-bf01-515999d5bb48,Heuristic,95,4,1
d78e6d14-d46b-4628-9cd5-c8a344696add,42,e53457d2-f81b-4959-895e-6a87d28c3b62,Heuristic,99,4,1
d78e6d14-d46b-4628-9cd5-c8a344696add,42,27fdb69e-37d5-4584-9445-4b0b6a03a29c,Snake1,59,3,0
d78e6d14-d46b-4628-9cd5-c8a344696add,42,5bb638ac-1633-4344-82eb-fdddece1745c,Snake2,30,3,1
d78e6d14-d46b-4628-9cd5-c8a344696add,42,51844632-1e1e-456a-bf01-515999d5bb48,Heuristic,95,4,1
d78e6d14-d46b-4628-9cd5-c8a344696add,42,e53457d2-f81b-4959-895e-6a87d28c3b62,Heuristic,99,4,1
d78e6d14-d46b-4628-9cd5-c8a344696add,42,27fdb69e-37d5-4584-9445-4b0b6a03a29c,Snake1,59,3,0
d78e6d14-d46b-4628-9cd5-c8a344696add,42,5bb638ac-1633-4344-82eb-fdddece1745c,Snake2,30,3,1
d78e6d14-d46b-4628-9cd5-c8a344696add,42,51844632-1e1e-456a-bf01-515999d5bb48,Heuristic,95,4,1
d78e6d14-d46b-4628-9cd5-c8a344696add,42,e53457d2-f81b-4959-895e-6a87d28c3b62,Heuristic,99,4,1
d78e6d14-d46b-4628-9cd5-c8a344696add,42,27fdb69e-37d5-4584-9445-4b0b6a03a29c,Snake1,59,3,0
d78e6d14-d46b-4628-9cd5-c8a344696add,43,5bb638ac-1633-4344-82eb-fdddece1745c,Snake2,29,3,1
d78e6d14-d46b-4628-9cd5-c8a344696add,43,51844632-1e1e-456a-bf01-515999d5bb48,Heuristic,94,4,1
d78e6d14-d46b-4628-9cd5-c8a344696add,43,e53457d2-f81b-4959-895e-6a87d28c3b62,Heuristic,98,4,1
d78e6d14-d46b-4628-9cd5-c8a344696add,43,27fdb69e-37d5-4584-9445-4b0b6a03a29c,Snake1,59,3,0
d78e6d14-d46b-4628-9cd5-c8a344696add,43,5bb638ac-1633-4344-82eb-fdddece1745c,Snake2,29,3,1
d78e6d14-d46b-4628-9cd5-c8a344696add,43,51844632-1e1e-456a-bf01-515999d5bb48,Heuristic,94,4,1
d78e6d14-d46b-4628-9cd5-c8a344696add,43,e53457d2-f81b-4959-895e-6a87d28c3b62,Heuristic,98,4,1
d78e6d14-d46b-4628-9cd5-c8a344696add,43,27fdb69e-37d5-4584-9445-4b0b6a03a29c,Snake1,59,3,0
d78e6d14-d46b-4628-9cd5-c8a344696add,43,5bb638ac-1633-4344-82eb-fdddece1745c,Snake2,29,3,1
d78e6d14-d46b-4628-9cd5-c8a344696add,43,51844632-1e1e-456a-bf01-515999d5bb48,Heuristic,94,4,1
d78e6d14-d46b-4628-9cd5-c8a344696add,43,e53457d2-f81b-4959-895e-6a87d28c3b62,Heuristic,98,4,1
d78e6d14-d46b-4628-9cd5-c8a344696add,43,27fdb69e-37d5-4584-9445-4b0b6a03a29c,Snake1,59,3,0
d78e6d14-d46b-4628-9cd5-c8a344696add,44,5bb638ac-1633-4344-82eb-fdddece1745c,Snake2,100,4,1
d78e6d14-d46b-4628-9cd5-c8a344696add,44,51844632-1e1e-456a-bf01-515999d5bb48,Heuristic,93,4,1
d78e6d14-d46b-4628-9cd5-c8a344696add,44,e53457d2-f81b-4959-895e-6a87d28c3b62,Heuristic,97,4,1
d78e6d14-d46b-4628-9cd5-c8a344696add,44,27fdb69e-37d5-4584-9445-4b0b6a03a29c,Snake1,59,3,0
d78e6d14-d46b-4628-9cd5-c8a344696add,44,5bb638ac-1633-4344-82eb-fdddece1745c,Snake2,100,4,1
d78e6d14-d46b-4628-9cd5-c8a344696add,44,51844632-1e1e-456a-bf01-515999d5bb48,Heuristic,93,4,1
d78e6d14-d46b-4628-9cd5-c8a344696add,44,e53457d2-f81b-4959-895e-6a87d28c3b62,Heuristic,97,4,1
d78e6d14-d46b-4628-9cd5-c8a344696add,44,27fdb69e-37d5-4584-9445-4b0b6a03a29c,Snake1,59,3,0
d78e6d14-d46b-4628-9cd5-c8a344696add,44,5bb638ac-1633-4344-82eb-fdddece1745c,Snake2,100,4,1
d78e6d14-d46b-4628-9cd5-c8a344696add,44,51844632-1e1e-456a-bf01-515999d5bb48,Heuristic,93,4,1
d78e6d14-d46b-4628-9cd5-c8a344696add,44,e53457d2-f81b-4959-895e-6a87d28c3b62,Heuristic,97,4,1
d78e6d14-d46b-4628-9cd5-c8a344696add,44,27fdb69e-37d5-4584-9445-4b0b6a03a29c,Snake1,59,3,0
d78e6d14-d46b-4628-9cd5-c8a344696add,45,5bb638ac-1633-4344-82eb-fdddece1745c,Snake2,99,4,1
d78e6d14-d46b-4628-9cd5-c8a344696add,45,51844632-1e1e-456a-bf01-515999d5bb48,Heuristic,92,4,1
d78e6d14-d46b-4628-9cd5-c8a344696add,45,e53457d2-f81b-4959-895e-6a87d28c3b62,Heuristic,96,4,1
d78e6d14-d46b-4628-9cd5-c8a344696add,45,27fdb69e-37d5-4584-9445-4b0b6a03a29c,Snake1,59,3,0
d78e6d14-d46b-4628-9cd5-c8a344696add,45,5bb638ac-1633-4344-82eb-fdddece1745c,Snake2,99,4,1
d78e6d14-d46b-4628-9cd5-c8a344696add,45,51844632-1e1e-456a-bf01-515999d5bb48,Heuristic,92,4,1
d78e6d14-d46b-4628-9cd5-c8a344696add,45,e53457d2-f81b-4959-895e-6a87d28c3b62,Heuristic,96,4,1
d78e6d14-d46b-4628-9cd5-c8a344696add,45,27fdb69e-37d5-4584-9445-4b0b6a03a29c,Snake1,59,3,0
d78e6d14-d46b-4628-9cd5-c8a344696add,45,5bb638ac-1633-4344-82eb-fdddece1745c,Snake2,99,4,1
d78e6d14-d46b-4628-9cd5-c8a344696add,45,51844632-1e1e-456a-bf01-515999d5bb48,Heuristic,92,4,1
d78e6d14-d46b-4628-9cd5-c8a344696add,45,e53457d2-f81b-4959-895e-6a87d28c3b62,Heuristic,96,4,1
d78e6d14-d46b-4628-9cd5-c8a344696add,45,27fdb69e-37d5-4584-9445-4b0b6a03a29c,Snake1,59,3,0
d78e6d14-d46b-4628-9cd5-c8a344696add,46,5bb638ac-1633-4344-82eb-fdddece1745c,Snake2,98,4,1
d78e6d14-d46b-4628-9cd5-c8a344696add,46,51844632-1e1e-456a-bf01-515999d5bb48,Heuristic,100,5,1
d78e6d14-d46b-4628-9cd5-c8a344696add,46,e53457d2-f81b-4959-895e-6a87d28c3b62,Heuristic,81,4,1
d78e6d14-d46b-4628-9cd5-c8a344696add,46,27fdb69e-37d5-4584-9445-4b0b6a03a29c,Snake1,59,3,0
d78e6d14-d46b-4628-9cd5-c8a344696add,46,5bb638ac-1633-4344-82eb-fdddece1745c,Snake2,98,4,1
d78e6d14-d46b-4628-9cd5-c8a344696add,46,51844632-1e1e-456a-bf01-515999d5bb48,Heuristic,100,5,1
d78e6d14-d46b-4628-9cd5-c8a344696add,46,e53457d2-f81b-4959-895e-6a87d28c3b62,Heuristic,81,4,1
d78e6d14-d46b-4628-9cd5-c8a344696add,46,27fdb69e-37d5-4584-9445-4b0b6a03a29c,Snake1,59,3,0
d78e6d14-d46b-4628-9cd5-c8a344696add,46,5bb638ac-1633-4344-82eb-fdddece1745c,Snake2,98,4,1
d78e6d14-d46b-4628-9cd5-c8a344696add,46,51844632-1e1e-456a-bf01-515999d5bb48,Heuristic,100,5,1
d78e6d14-d46b-4628-9cd5-c8a344696add,46,e53457d2-f81b-4959-895e-6a87d28c3b62,Heuristic,81,4,1
d78e6d14-d46b-4628-9cd5-c8a344696add,46,27fdb69e-37d5-4584-9445-4b0b6a03a29c,Snake1,59,3,0
d78e6d14-d46b-4628-9cd5-c8a344696add,47,5bb638ac-1633-4344-82eb-fdddece1745c,Snake2,97,4,1
d78e6d14-d46b-4628-9cd5-c8a344696add,47,51844632-1e1e-456a-bf01-515999d5bb48,Heuristic,99,5,1
d78e6d14-d46b-4628-9cd5-c8a344696add,47,e53457d2-f81b-4959-895e-6a87d28c3b62,Heuristic,80,4,1
d78e6d14-d46b-4628-9cd5-c8a344696add,47,27fdb69e-37d5-4584-9445-4b0b6a03a29c,Snake1,59,3,0
d78e6d14-d46b-4628-9cd5-c8a344696add,47,5bb638ac-1633-4344-82eb-fdddece1745c,Snake2,97,4,1
d78e6d14-d46b-4628-9cd5-c8a344696add,47,51844632-1e1e-456a-bf01-515999d5bb48,Heuristic,99,5,1
d78e6d14-d46b-4628-9cd5-c8a344696add,47,e53457d2-f81b-4959-895e-6a87d28c3b62,Heuristic,80,4,1
d78e6d14-d46b-4628-9cd5-c8a344696add,47,27fdb69e-37d5-4584-9445-4b0b6a03a29c,Snake1,59,3,0
d78e6d14-d46b-4628-9cd5-c8a344696add,47,5bb638ac-1633-4344-82eb-fdddece1745c,Snake2,97,4,1
d78e6d14-d46b-4628-9cd5-c8a344696add,47,51844632-1e1e-456a-bf01-515999d5bb48,Heuristic,99,5,1
d78e6d14-d46b-4628-9cd5-c8a344696add,47,e53457d2-f81b-4959-895e-6a87d28c3b62,Heuristic,80,4,1
d78e6d14-d46b-4628-9cd5-c8a344696add,47,27fdb69e-37d5-4584-9445-4b0b6a03a29c,Snake1,59,3,0
d78e6d14-d46b-4628-9cd5-c8a344696add,48,5bb638ac-1633-4344-82eb-fdddece1745c,Snake2,96,4,1
d78e6d14-d46b-4628-9cd5-c8a344696add,48,51844632-1e1e-456a-bf01-515999d5bb48,Heuristic,98,5,1
d78e6d14-d46b-4628-9cd5-c8a344696add,48,e53457d2-f81b-4959-895e-6a87d28c3b62,Heuristic,79,4,1
d78e6d14-d46b-4628-9cd5-c8a344696add,48,27fdb69e-37d5-4584-9445-4b0b6a03a29c,Snake1,59,3,0
d78e6d14-d46b-4628-9cd5-c8a344696add,48,5bb638ac-1633-4344-82eb-fdddece1745c,Snake2,96,4,1
d78e6d14-d46b-4628-9cd5-c8a344696add,48,51844632-1e1e-456a-bf01-515999d5bb48,Heuristic,98,5,1
d78e6d14-d46b-4628-9cd5-c8a344696add,48,e53457d2-f81b-4959-895e-6a87d28c3b62,Heuristic,79,4,1
d78e6d14-d46b-4628-9cd5-c8a344696add,48,27fdb69e-37d5-4584-9445-4b0b6a03a29c,Snake1,59,3,0
d78e6d14-d46b-4628-9cd5-c8a344696add,48,5bb638ac-1633-4344-82eb-fdddece1745c,Snake2,96,4,1
d78e6d14-d46b-4628-9cd5-c8a344696add,48,51844632-1e1e-456a-bf01-515999d5bb48,Heuristic,98,5,1
d78e6d14-d46b-4628-9cd5-c8a344696add,48,e53457d2-f81b-4959-895e-6a87d28c3b62,Heuristic,79,4,1
d78e6d14-d46b-4628-9cd5-c8a344696add,48,27fdb69e-37d5-4584-9445-4b0b6a03a29c,Snake1,59,3,0
d78e6d14-d46b-4628-9cd5-c8a344696add,49,5bb638ac-1633-4344-82eb-fdddece1745c,Snake2,95,4,1
d78e6d14-d46b-4628-9cd5-c8a344696add,49,51844632-1e1e-456a-bf01-515999d5bb48,Heuristic,97,5,1
d78e6d14-d46b-4628-9cd5-c8a344696add,49,e53457d2-f81b-4959-895e-6a87d28c3b62,Heuristic,78,4,1
d78e6d14-d46b-4628-9cd5-c8a344696add,49,27fdb69e-37d5-4584-9445-4b0b6a03a29c,Snake1,59,3,0
d78e6d14-d46b-4628-9cd5-c8a344696add,49,5bb638ac-1633-4344-82eb-fdddece1745c,Snake2,95,4,1
d78e6d14-d46b-4628-9cd5-c8a344696add,49,51844632-1e1e-456a-bf01-515999d5bb48,Heuristic,97,5,1
d78e6d14-d46b-4628-9cd5-c8a344696add,49,e53457d2-f81b-4959-895e-6a87d28c3b62,Heuristic,78,4,1
d78e6d14-d46b-4628-9cd5-c8a344696add,49,27fdb69e-37d5-4584-9445-4b0b6a03a29c,Snake1,59,3,0
d78e6d14-d46b-4628-9cd5-c8a344696add,49,5bb638ac-1633-4344-82eb-fdddece1745c,Snake2,95,4,1
d78e6d14-d46b-4628-9cd5-c8a344696add,49,51844632-1e1e-456a-bf01-515999d5bb48,Heuristic,97,5,1
d78e6d14-d46b-4628-9cd5-c8a344696add,49,e53457d2-f81b-4959-895e-6a87d28c3b62,Heuristic,78,4,1
d78e6d14-d46b-4628-9cd5-c8a344696add,49,27fdb69e-37d5-4584-9445-4b0b6a03a29c,Snake1,59,3,0
d78e6d14-d46b-4628-9cd5-c8a344696add,50,5bb638ac-1633-4344-82eb-fdddece1745c,Snake2,80,4,1
d78e6d14-d46b-4628-9cd5-c8a344696add,50,51844632-1e1e-456a-bf01-515999d5bb48,Heuristic,96,5,1
d78e6d14-d46b-4628-9cd5-c8a344696add,50,e53457d2-f81b-4959-895e-6a87d28c3b62,Heuristic,77,4,1
d78e6d14-d46b-4628-9cd5-c8a344696add,50,27fdb69e-37d5-4584-9445-4b0b6a03a29c,Snake1,59,3,0
d78e6d14-d46b-4628-9cd5-c8a344696add,50,5bb638ac-1633-4344-82eb-fdddece1745c,Snake2,80,4,1
d78e6d14-d46b-4628-9cd5-c8a344696add,50,51844632-1e1e-456a-bf01-515999d5bb48,Heuristic,96,5,1
d78e6d14-d46b-4628-9cd5-c8a344696add,50,e53457d2-f81b-4959-895e-6a87d28c3b62,Heuristic,77,4,1
d78e6d14-d46b-4628-9cd5-c8a344696add,50,27fdb69e-37d5-4584-9445-4b0b6a03a29c,Snake1,59,3,0
d78e6d14-d46b-4628-9cd5-c8a344696add,50,5bb638ac-1633-4344-82eb-fdddece1745c,Snake2,80,4,1
d78e6d14-d46b-4628-9cd5-c8a344696add,50,51844632-1e1e-456a-bf01-515999d5bb48,Heuristic,96,5,1
d78e6d14-d46b-4628-9cd5-c8a344696add,50,e53457d2-f81b-4959-895e-6a87d28c3b62,Heuristic,77,4,1
d78e6d14-d46b-4628-9cd5-c8a344696add,50,27fdb69e-37d5-4584-9445-4b0b6a03a29c,Snake1,59,3,0
d78e6d14-d46b-4628-9cd5-c8a344696add,51,5bb638ac-1633-4344-82eb-fdddece1745c,Snake2,79,4,1
d78e6d14-d46b-4628-9cd5-c8a344696add,51,51844632-1e1e-456a-bf01-515999d5bb48,Heuristic,95,5,1
d78e6d14-d46b-4628-9cd5-c8a344696add,51,e53457d2-f81b-4959-895e-6a87d28c3b62,Heuristic,76,4,1
d78e6d14-d46b-4628-9cd5-c8a344696add,51,27fdb69e-37d5-4584-9445-4b0b6a03a29c,Snake1,59,3,0
d78e6d14-d46b-4628-9cd5-c8a344696add,51,5bb638ac-1633-4344-82eb-fdddece1745c,Snake2,79,4,1
d78e6d14-d46b-4628-9cd5-c8a344696add,51,51844632-1e1e-456a-bf01-515999d5bb48,Heuristic,95,5,1
d78e6d14-d46b-4628-9cd5-c8a344696add,51,e53457d2-f81b-4959-895e-6a87d28c3b62,Heuristic,76,4,1
d78e6d14-d46b-4628-9cd5-c8a344696add,51,27fdb69e-37d5-4584-9445-4b0b6a03a29c,Snake1,59,3,0
d78e6d14-d46b-4628-9cd5-c8a344696add,51,5bb638ac-1633-4344-82eb-fdddece1745c,Snake2,79,4,1
d78e6d14-d46b-4628-9cd5-c8a344696add,51,51844632-1e1e-456a-bf01-515999d5bb48,Heuristic,95,5,1
d78e6d14-d46b-4628-9cd5-c8a344696add,51,e53457d2-f81b-4959-895e-6a87d28c3b62,Heuristic,76,4,1
d78e6d14-d46b-4628-9cd5-c8a344696add,51,27fdb69e-37d5-4584-9445-4b0b6a03a29c,Snake1,59,3,0
d78e6d14-d46b-4628-9cd5-c8a344696add,52,5bb638ac-1633-4344-82eb-fdddece1745c,Snake2,78,4,1
d78e6d14-d46b-4628-9cd5-c8a344696add,52,51844632-1e1e-456a-bf01-515999d5bb48,Heuristic,66,5,1
d78e6d14-d46b-4628-9cd5-c8a344696add,52,e53457d2-f81b-4959-895e-6a87d28c3b62,Heuristic,47,4,1
d78e6d14-d46b-4628-9cd5-c8a344696add,52,27fdb69e-37d5-4584-9445-4b0b6a03a29c,Snake1,59,3,0
d78e6d14-d46b-4628-9cd5-c8a344696add,52,5bb638ac-1633-4344-82eb-fdddece1745c,Snake2,78,4,1
d78e6d14-d46b-4628-9cd5-c8a344696add,52,51844632-1e1e-456a-bf01-515999d5bb48,Heuristic,66,5,1
d78e6d14-d46b-4628-9cd5-c8a344696add,52,e53457d2-f81b-4959-895e-6a87d28c3b62,Heuristic,47,4,1
d78e6d14-d46b-4628-9cd5-c8a344696add,52,27fdb69e-37d5-4584-9445-4b0b6a03a29c,Snake1,59,3,0
d78e6d14-d46b-4628-9cd5-c8a344696add,52,5bb638ac-1633-4344-82eb-fdddece1745c,Snake2,78,4,1
d78e6d14-d46b-4628-9cd5-c8a344696add,52,51844632-1e1e-456a-bf01-515999d5bb48,Heuristic,66,5,1
d78e6d14-d46b-4628-9cd5-c8a344696add,52,e53457d2-f81b-4959-895e-6a87d28c3b62,Heuristic,47,4,1
d78e6d14-d46b-4628-9cd5-c8a344696add,52,27fdb69e-37d5-4584-9445-4b0b6a03a29c,Snake1,59,3,0
d78e6d14-d46b-4628-9cd5-c8a344696add,53,5bb638ac-1633-4344-82eb-fdddece1745c,Snake2,77,4,1
d78e6d14-d46b-4628-9cd5-c8a344696add,53,51844632-1e1e-456a-bf01-515999d5bb48,Heuristic,65,5,1
d78e6d14-d46b-4628-9cd5-c8a344696add,53,e53457d2-f81b-4959-895e-6a87d28c3b62,Heuristic,46,4,1
d78e6d14-d46b-4628-9cd5-c8a344696add,53,27fdb69e-37d5-4584-9445-4b0b6a03a29c,Snake1,59,3,0
d78e6d14-d46b-4628-9cd5-c8a344696add,53,5bb638ac-1633-4344-82eb-fdddece1745c,Snake2,77,4,1
d78e6d14-d46b-4628-9cd5-c8a344696add,53,51844632-1e1e-456a-bf01-515999d5bb48,Heuristic,65,5,1
d78e6d14-d46b-4628-9cd5-c8a344696add,53,e53457d2-f81b-4959-895e-6a87d28c3b62,Heuristic,46,4,1
d78e6d14-d46b-4628-9cd5-c8a344696add,53,27fdb69e-37d5-4584-9445-4b0b6a03a29c,Snake1,59,3,0
d78e6d14-d46b-4628-9cd5-c8a344696add,53,5bb638ac-1633-4344-82eb-fdddece1745c,Snake2,77,4,1
d78e6d14-d46b-4628-9cd5-c8a344696add,53,51844632-1e1e-456a-bf01-515999d5bb48,Heuristic,65,5,1
d78e6d14-d46b-4628-9cd5-c8a344696add,53,e53457d2-f81b-4959-895e-6a87d28c3b62,Heuristic,46,4,1
d78e6d14-d46b-4628-9cd5-c8a344696add,53,27fdb69e-37d5-4584-9445-4b0b6a03a29c,Snake1,59,3,0
d78e6d14-d46b-4628-9cd5-c8a344696add,54,5bb638ac-1633-4344-82eb-fdddece1745c,Snake2,76,4,1
d78e6d14-d46b-4628-9cd5-c8a344696add,54,51844632-1e1e-456a-bf01-515999d5bb48,Heuristic,64,5,1
d78e6d14-d46b-4628-9cd5-c8a344696add,54,e53457d2-f81b-4959-895e-6a87d28c3b62,Heuristic,45,4,1
d78e6d14-d46b-4628-9cd5-c8a344696add,54,27fdb69e-37d5-4584-9445-4b0b6a03a29c,Snake1,59,3,0
d78e6d14-d46b-4628-9cd5-c8a344696add,54,5bb638ac-1633-4344-82eb-fdddece1745c,Snake2,76,4,1
d78e6d14-d46b-4628-9cd5-c8a344696add,54,51844632-1e1e-456a-bf01-515999d5bb48,Heuristic,64,5,1
d78e6d14-d46b-4628-9cd5-c8a344696add,54,e53457d2-f81b-4959-895e-6a87d28c3b62,Heuristic,45,4,1
d78e6d14-d46b-4628-9cd5-c8a344696add,54,27fdb69e-37d5-4584-9445-4b0b6a03a29c,Snake1,59,3,0
d78e6d14-d46b-4628-9cd5-c8a344696add,54,5bb638ac-1633-4344-82eb-fdddece1745c,Snake2,76,4,1
d78e6d14-d46b-4628-9cd5-c8a344696add,54,51844632-1e1e-456a-bf01-515999d5bb48,Heuristic,64,5,1
d78e6d14-d46b-4628-9cd5-c8a344696add,54,e53457d2-f81b-4959-895e-6a87d28c3b62,Heuristic,45,4,1
d78e6d14-d46b-4628-9cd5-c8a344696add,54,27fdb69e-37d5-4584-9445-4b0b6a03a29c,Snake1,59,3,0
d78e6d14-d46b-4628-9cd5-c8a344696add,55,5bb638ac-1633-4344-82eb-fdddece1745c,Snake2,75,4,1
d78e6d14-d46b-4628-9cd5-c8a344696add,55,51844632-1e1e-456a-bf01-515999d5bb48,Heuristic,63,5,1
d78e6d14-d46b-4628-9cd5-c8a344696add,55,e53457d2-f81b-4959-895e-6a87d28c3b62,Heuristic,44,4,1
d78e6d14-d46b-4628-9cd5-c8a344696add,55,27fdb69e-37d5-4584-9445-4b0b6a03a29c,Snake1,59,3,0
d78e6d14-d46b-4628-9cd5-c8a344696add,55,5bb638ac-1633-4344-82eb-fdddece1745c,Snake2,75,4,1
d78e6d14-d46b-4628-9cd5-c8a344696add,55,51844632-1e1e-456a-bf01-515999d5bb48,Heuristic,63,5,1
d78e6d14-d46b-4628-9cd5-c8a344696add,55,e53457d2-f81b-4959-895e-6a87d28c3b62,Heuristic,44,4,1
d78e6d14-d46b-4628-9cd5-c8a344696add,55,27fdb69e-37d5-4584-9445-4b0b6a03a29c,Snake1,59,3,0
d78e6d14-d46b-4628-9cd5-c8a344696add,55,5bb638ac-1633-4344-82eb-fdddece1745c,Snake2,75,4,1
d78e6d14-d46b-4628-9cd5-c8a344696add,55,51844632-1e1e-456a-bf01-515999d5bb48,Heuristic,63,5,1
d78e6d14-d46b-4628-9cd5-c8a344696add,55,e53457d2-f81b-4959-895e-6a87d28c3b62,Heuristic,44,4,1
d78e6d14-d46b-4628-9cd5-c8a344696add,55,27fdb69e-37d5-4584-9445-4b0b6a03a29c,Snake1,59,3,0
d78e6d14-d46b-4628-9cd5-c8a344696add,56,5bb638ac-1633-4344-82eb-fdddece1745c,Snake2,74,4,1
d78e6d14-d46b-4628-9cd5-c8a344696add,56,51844632-1e1e-456a-bf01-515999d5bb48,Heuristic,62,5,1
d78e6d14-d46b-4628-9cd5-c8a344696add,56,e53457d2-f81b-4959-895e-6a87d28c3b62,Heuristic,43,4,1
d78e6d14-d46b-4628-9cd5-c8a344696add,56,27fdb69e-37d5-4584-9445-4b0b6a03a29c,Snake1,59,3,0
d78e6d14-d46b-4628-9cd5-c8a344696add,56,5bb638ac-1633-4344-82eb-fdddece1745c,Snake2,74,4,1
d78e6d14-d46b-4628-9cd5-c8a344696add,56,51844632-1e1e-456a-bf01-515999d5bb48,Heuristic,62,5,1
d78e6d14-d46b-4628-9cd5-c8a344696add,56,e53457d2-f81b-4959-895e-6a87d28c3b62,Heuristic,43,4,1
d78e6d14-d46b-4628-9cd5-c8a344696add,56,27fdb69e-37d5-4584-9445-4b0b6a03a29c,Snake1,59,3,0
d78e6d14-d46b-4628-9cd5-c8a344696add,56,5bb638ac-1633-4344-82eb-fdddece1745c,Snake2,74,4,1
d78e6d14-d46b-4628-9cd5-c8a344696add,56,51844632-1e1e-456a-bf01-515999d5bb48,Heuristic,62,5,1
d78e6d14-d46b-4628-9cd5-c8a344696add,56,e53457d2-f81b-4959-895e-6a87d28c3b62,Heuristic,43,4,1
d78e6d14-d46b-4628-9cd5-c8a344696add,56,27fdb69e-37d5-4584-9445-4b0b6a03a29c,Snake1,59,3,0
d78e6d14-d46b-4628-9cd5-c8a344696add,57,5bb638ac-1633-4344-82eb-fdddece1745c,Snake2,73,4,1
d78e6d14-d46b-4628-9cd5-c8a344696add,57,51844632-1e1e-456a-bf01-515999d5bb48,Heuristic,61,5,1
d78e6d14-d46b-4628-9cd5-c8a344696add,57,e53457d2-f81b-4959-895e-6a87d28c3b62,Heuristic,42,4,1
d78e6d14-d46b-4628-9cd5-c8a344696add,57,27fdb69e-37d5-4584-9445-4b0b6a03a29c,Snake1,59,3,0
d78e6d14-d46b-4628-9cd5-c8a344696add,57,5bb638ac-1633-4344-82eb-fdddece1745c,Snake2,73,4,1
d78e6d14-d46b-4628-9cd5-c8a344696add,57,51844632-1e1e-456a-bf01-515999d5bb48,Heuristic,61,5,1
d78e6d14-d46b-4628-9cd5-c8a344696add,57,e53457d2-f81b-4959-895e-6a87d28c3b62,Heuristic,42,4,1
d78e6d14-d46b-4628-9cd5-c8a344696add,57,27fdb69e-37d5-4584-9445-4b0b6a03a29c,Snake1,59,3,0
d78e6d14-d46b-4628-9cd5-c8a344696add,57,5bb638ac-1633-4344-82eb-fdddece1745c,Snake2,73,4,1
d78e6d14-d46b-4628-9cd5-c8a344696add,57,51844632-1e1e-456a-bf01-515999d5bb48,Heuristic,61,5,1
d78e6d14-d46b-4628-9cd5-c8a344696add,57,e53457d2-f81b-4959-895e-6a87d28c3b62,Heuristic,42,4,1
d78e6d14-d46b-4628-9cd5-c8a344696add,57,27fdb69e-37d5-4584-9445-4b0b6a03a29c,Snake1,59,3,0
d78e6d14-d46b-4628-9cd5-c8a344696add,58,5bb638ac-1633-4344-82eb-fdddece1745c,Snake2,72,4,1
d78e6d14-d46b-4628-9cd5-c8a344696add,58,51844632-1e1e-456a-bf01-515999d5bb48,Heuristic,32,5,1
d78e6d14-d46b-4628-9cd5-c8a344696add,58,e53457d2-f81b-4959-895e-6a87d28c3b62,Heuristic,13,4,1
d78e6d14-d46b-4628-9cd5-c8a344696add,58,27fdb69e-37d5-4584-9445-4b0b6a03a29c,Snake1,59,3,0
d78e6d14-d46b-4628-9cd5-c8a344696add,58,5bb638ac-1633-4344-82eb-fdddece1745c,Snake2,72,4,1
d78e6d14-d46b-4628-9cd5-c8a344696add,58,51844632-1e1e-456a-bf01-515999d5bb48,Heuristic,32,5,1
d78e6d14-d46b-4628-9cd5-c8a344696add,58,e53457d2-f81b-4959-895e-6a87d28c3b62,Heuristic,13,4,1
d78e6d14-d46b-4628-9cd5-c8a344696add,58,27fdb69e-37d5-4584-9445-4b0b6a03a29c,Snake1,59,3,0
d78e6d14-d46b-4628-9cd5-c8a344696add,58,5bb638ac-1633-4344-82eb-fdddece1745c,Snake2,72,4,1
d78e6d14-d46b-4628-9cd5-c8a344696add,58,51844632-1e1e-456a-bf01-515999d5bb48,Heuristic,32,5,1
d78e6d14-d46b-4628-9cd5-c8a344696add,58,e53457d2-f81b-4959-895e-6a87d28c3b62,Heuristic,13,4,1
d78e6d14-d46b-4628-9cd5-c8a344696add,58,27fdb69e-37d5-4584-9445-4b0b6a03a29c,Snake1,59,3,0
d78e6d14-d46b-4628-9cd5-c8a344696add,59,5bb638ac-1633-4344-82eb-fdddece1745c,Snake2,71,4,1
d78e6d14-d46b-4628-9cd5-c8a344696add,59,51844632-1e1e-456a-bf01-515999d5bb48,Heuristic,31,5,1
d78e6d14-d46b-4628-9cd5-c8a344696add,59,e53457d2-f81b-4959-895e-6a87d28c3b62,Heuristic,12,4,1
d78e6d14-d46b-4628-9cd5-c8a344696add,59,27fdb69e-37d5-4584-9445-4b0b6a03a29c,Snake1,59,3,0
d78e6d14-d46b-4628-9cd5-c8a344696add,59,5bb638ac-1633-4344-82eb-fdddece1745c,Snake2,71,4,1
d78e6d14-d46b-4628-9cd5-c8a344696add,59,51844632-1e1e-456a-bf01-515999d5bb48,Heuristic,31,5,1
d78e6d14-d46b-4628-9cd5-c8a344696add,59,e53457d2-f81b-4959-895e-6a87d28c3b62,Heuristic,12,4,1
d78e6d14-d46b-4628-9cd5-c8a344696add,59,27fdb69e-37d5-4584-9445-4b0b6a03a29c,Snake1,59,3,0
d78e6d14-d46b-4628-9cd5-c8a344696add,59,5bb638ac-1633-4344-82eb-fdddece1745c,Snake2,71,4,1
d78e6d14-d46b-4628-9cd5-c8a344696add,59,51844632-1e1e-456a-bf01-515999d5bb48,Heuristic,31,5,1
d78e6d14-d46b-4628-9cd5-c8a344696add,59,e53457d2-f81b-4959-895e-6a87d28c3b62,Heuristic,12,4,1
d78e6d14-d46b-4628-9cd5-c8a344696add,59,27fdb69e-37d5-4584-9445-4b0b6a03a29c,Snake1,59,3,0
d78e6d14-d46b-4628-9cd5-c8a344696add,60,5bb638ac-1633-4344-82eb-fdddece1745c,Snake2,70,4,1
d78e6d14-d46b-4628-9cd5-c8a344696add,60,51844632-1e1e-456a-bf01-515999d5bb48,Heuristic,30,5,1
d78e6d14-d46b-4628-9cd5-c8a344696add,60,e53457d2-f81b-4959-895e-6a87d28c3b62,Heuristic,11,4,1
d78e6d14-d46b-4628-9cd5-c8a344696add,60,27fdb69e-37d5-4584-9445-4b0b6a03a29c,Snake1,59,3,0
d78e6d14-d46b-4628-9cd5-c8a344696add,60,5bb638ac-1633-4344-82eb-fdddece1745c,Snake2,70,4,1
d78e6d14-d46b-4628-9cd5-c8a344696add,60,51844632-1e1e-456a-bf01-515999d5bb48,Heuristic,30,5,1
d78e6d14-d46b-4628-9cd5-c8a344696add,60,e53457d2-f81b-4959-895e-6a87d28c3b62,Heuristic,11,4,1
d78e6d14-d46b-4628-9cd5-c8a344696add,60,27fdb69e-37d5-4584-9445-4b0b6a03a29c,Snake1,59,3,0
d78e6d14-d46b-4628-9cd5-c8a344696add,60,5bb638ac-1633-4344-82eb-fdddece1745c,Snake2,70,4,1
d78e6d14-d46b-4628-9cd5-c8a344696add,60,51844632-1e1e-456a-bf01-515999d5bb48,Heuristic,30,5,1
d78e6d14-d46b-4628-9cd5-c8a344696add,60,e53457d2-f81b-4959-895e-6a87d28c3b62,Heuristic,11,4,1
d78e6d14-d46b-4628-9cd5-c8a344696add,60,27fdb69e-37d5-4584-9445-4b0b6a03a29c,Snake1,59,3,0
d78e6d14-d46b-4628-9cd5-c8a344696add,61,5bb638ac-1633-4344-82eb-fdddece1745c,Snake2,69,4,1
d78e6d14-d46b-4628-9cd5-c8a344696add,61,51844632-1e1e-456a-bf01-515999d5bb48,Heuristic,29,5,1
d78e6d14-d46b-4628-9cd5-c8a344696add,61,e53457d2-f81b-4959-895e-6a87d28c3b62,Heuristic,100,5,1
d78e6d14-d46b-4628-9cd5-c8a344696add,61,27fdb69e-37d5-4584-9445-4b0b6a03a29c,Snake1,59,3,0
d78e6d14-d46b-4628-9cd5-c8a344696add,61,5bb638ac-1633-4344-82eb-fdddece1745c,Snake2,69,4,1
d78e6d14-d46b-4628-9cd5-c8a344696add,61,51844632-1e1e-456a-bf01-515999d5bb48,Heuristic,29,5,1
d78e6d14-d46b-4628-9cd5-c8a344696add,61,e53457d2-f81b-4959-895e-6a87d28c3b62,Heuristic,100,5,1
d78e6d14-d46b-4628-9cd5-c8a344696add,61,27fdb69e-37d5-4584-9445-4b0b6a03a29c,Snake1,59,3,0
d78e6d14-d46b-4628-9cd5-c8a344696add,61,5bb638ac-1633-4344-82eb-fdddece1745c,Snake2,69,4,1
d78e6d14-d46b-4628-9cd5-c8a344696add,61,51844632-1e1e-456a-bf01-515999d5bb48,Heuristic,29,5,1
d78e6d14-d46b-4628-9cd5-c8a344696add,61,e53457d2-f81b-4959-895e-6a87d28c3b62,Heuristic,100,5,1
d78e6d14-d46b-4628-9cd5-c8a344696add,61,27fdb69e-37d5-4584-9445-4b0b6a03a29c,Snake1,59,3,0
d78e6d14-d46b-4628-9cd5-c8a344696add,62,5bb638ac-1633-4344-82eb-fdddece1745c,Snake2,68,4,1
d78e6d14-d46b-4628-9cd5-c8a344696add,62,51844632-1e1e-456a-bf01-515999d5bb48,Heuristic,100,6,1
d78e6d14-d46b-4628-9cd5-c8a344696add,62,e53457d2-f81b-4959-895e-6a87d28c3b62,Heuristic,71,5,1
d78e6d14-d46b-4628-9cd5-c8a344696add,62,27fdb69e-37d5-4584-9445-4b0b6a03a29c,Snake1,59,3,0
d78e6d14-d46b-4628-9cd5-c8a344696add,62,5bb638ac-1633-4344-82eb-fdddece1745c,Snake2,68,4,1
d78e6d14-d46b-4628-9cd5-c8a344696add,62,51844632-1e1e-456a-bf01-515999d5bb48,Heuristic,100,6,1
d78e6d14-d46b-4628-9cd5-c8a344696add,62,e53457d2-f81b-4959-895e-6a87d28c3b62,Heuristic,71,5,1
d78e6d14-d46b-4628-9cd5-c8a344696add,62,27fdb69e-37d5-4584-9445-4b0b6a03a29c,Snake1,59,3,0
d78e6d14-d46b-4628-9cd5-c8a344696add,62,5bb638ac-1633-4344-82eb-fdddece1745c,Snake2,68,4,1
d78e6d14-d46b-4628-9cd5-c8a344696add,62,51844632-1e1e-456a-bf01-515999d5bb48,Heuristic,100,6,1
d78e6d14-d46b-4628-9cd5-c8a344696add,62,e53457d2-f81b-4959-895e-6a87d28c3b62,Heuristic,71,5,1
d78e6d14-d46b-4628-9cd5-c8a344696add,62,27fdb69e-37d5-4584-9445-4b0b6a03a29c,Snake1,59,3,0
d78e6d14-d46b-4628-9cd5-c8a344696add,63,5bb638ac-1633-4344-82eb-fdddece1745c,Snake2,67,4,1
d78e6d14-d46b-4628-9cd5-c8a344696add,63,51844632-1e1e-456a-bf01-515999d5bb48,Heuristic,99,6,1
d78e6d14-d46b-4628-9cd5-c8a344696add,63,e53457d2-f81b-4959-895e-6a87d28c3b62,Heuristic,70,5,1
d78e6d14-d46b-4628-9cd5-c8a344696add,63,27fdb69e-37d5-4584-9445-4b0b6a03a29c,Snake1,59,3,0
d78e6d14-d46b-4628-9cd5-c8a344696add,63,5bb638ac-1633-4344-82eb-fdddece1745c,Snake2,67,4,1
d78e6d14-d46b-4628-9cd5-c8a344696add,63,51844632-1e1e-456a-bf01-515999d5bb48,Heuristic,99,6,1
d78e6d14-d46b-4628-9cd5-c8a344696add,63,e53457d2-f81b-4959-895e-6a87d28c3b62,Heuristic,70,5,1
d78e6d14-d46b-4628-9cd5-c8a344696add,63,27fdb69e-37d5-4584-9445-4b0b6a03a29c,Snake1,59,3,0
d78e6d14-d46b-4628-9cd5-c8a344696add,63,5bb638ac-1633-4344-82eb-fdddece1745c,Snake2,67,4,1
d78e6d14-d46b-4628-9cd5-c8a344696add,63,51844632-1e1e-456a-bf01-515999d5bb48,Heuristic,99,6,1
d78e6d14-d46b-4628-9cd5-c8a344696add,63,e53457d2-f81b-4959-895e-6a87d28c3b62,Heuristic,70,5,1
d78e6d14-d46b-4628-9cd5-c8a344696add,63,27fdb69e-37d5-4584-9445-4b0b6a03a29c,Snake1,59,3,0
d78e6d14-d46b-4628-9cd5-c8a344696add,64,5bb638ac-1633-4344-82eb-fdddece1745c,Snake2,66,4,1
d78e6d14-d46b-4628-9cd5-c8a344696add,64,51844632-1e1e-456a-bf01-515999d5bb48,Heuristic,98,6,1
d78e6d14-d46b-4628-9cd5-c8a344696add,64,e53457d2-f81b-4959-895e-6a87d28c3b62,Heuristic,69,5,1
d78e6d14-d46b-4628-9cd5-c8a344696add,64,27fdb69e-37d5-4584-9445-4b0b6a03a29c,Snake1,59,3,0
d78e6d14-d46b-4628-9cd5-c8a344696add,64,5bb638ac-1633-4344-82eb-fdddece1745c,Snake2,66,4,1
d78e6d14-d46b-4628-9cd5-c8a344696add,64,51844632-1e1e-456a-bf01-515999d5bb48,Heuristic,98,6,1
d78e6d14-d46b-4628-9cd5-c8a344696add,64,e53457d2-f81b-4959-895e-6a87d28c3b62,Heuristic,69,5,1
d78e6d14-d46b-4628-9cd5-c8a344696add,64,27fdb69e-37d5-4584-9445-4b0b6a03a29c,Snake1,59,3,0
d78e6d14-d46b-4628-9cd5-c8a344696add,64,5bb638ac-1633-4344-82eb-fdddece1745c,Snake2,66,4,1
d78e6d14-d46b-4628-9cd5-c8a344696add,64,51844632-1e1e-456a-bf01-515999d5bb48,Heuristic,98,6,1
d78e6d14-d46b-4628-9cd5-c8a344696add,64,e53457d2-f81b-4959-895e-6a87d28c3b62,Heuristic,69,5,1
d78e6d14-d46b-4628-9cd5-c8a344696add,64,27fdb69e-37d5-4584-9445-4b0b6a03a29c,Snake1,59,3,0
d78e6d14-d46b-4628-9cd5-c8a344696add,65,5bb638ac-1633-4344-82eb-fdddece1745c,Snake2,65,4,1
d78e6d14-d46b-4628-9cd5-c8a344696add,65,51844632-1e1e-456a-bf01-515999d5bb48,Heuristic,97,6,1
d78e6d14-d46b-4628-9cd5-c8a344696add,65,e53457d2-f81b-4959-895e-6a87d28c3b62,Heuristic,68,5,1
d78e6d14-d46b-4628-9cd5-c8a344696add,65,27fdb69e-37d5-4584-9445-4b0b6a03a29c,Snake1,59,3,0
d78e6d14-d46b-4628-9cd5-c8a344696add,65,5bb638ac-1633-4344-82eb-fdddece1745c,Snake2,65,4,1
d78e6d14-d46b-4628-9cd5-c8a344696add,65,51844632-1e1e-456a-bf01-515999d5bb48,Heuristic,97,6,1
d78e6d14-d46b-4628-9cd5-c8a344696add,65,e53457d2-f81b-4959-895e-6a87d28c3b62,Heuristic,68,5,1
d78e6d14-d46b-4628-9cd5-c8a344696add,65,27fdb69e-37d5-4584-9445-4b0b6a03a29c,Snake1,59,3,0
d78e6d14-d46b-4628-9cd5-c8a344696add,65,5bb638ac-1633-4344-82eb-fdddece1745c,Snake2,65,4,1
d78e6d14-d46b-4628-9cd5-c8a344696add,65,51844632-1e1e-456a-bf01-515999d5bb48,Heuristic,97,6,1
d78e6d14-d46b-4628-9cd5-c8a344696add,65,e53457d2-f81b-4959-895e-6a87d28c3b62,Heuristic,68,5,1
d78e6d14-d46b-4628-9cd5-c8a344696add,65,27fdb69e-37d5-4584-9445-4b0b6a03a29c,Snake1,59,3,0
d78e6d14-d46b-4628-9cd5-c8a344696add,66,5bb638ac-1633-4344-82eb-fdddece1745c,Snake2,64,4,1
d78e6d14-d46b-4628-9cd5-c8a344696add,66,51844632-1e1e-456a-bf01-515999d5bb48,Heuristic,68,6,1
d78e6d14-d46b-4628-9cd5-c8a344696add,66,e53457d2-f81b-4959-895e-6a87d28c3b62,Heuristic,39,5,1
d78e6d14-d46b-4628-9cd5-c8a344696add,66,27fdb69e-37d5-4584-9445-4b0b6a03a29c,Snake1,59,3,0
d78e6d14-d46b-4628-9cd5-c8a344696add,66,5bb638ac-1633-4344-82eb-fdddece1745c,Snake2,64,4,1
d78e6d14-d46b-4628-9cd5-c8a344696add,66,51844632-1e1e-456a-bf01-515999d5bb48,Heuristic,68,6,1
d78e6d14-d46b-4628-9cd5-c8a344696add,66,e53457d2-f81b-4959-895e-6a87d28c3b62,Heuristic,39,5,1
d78e6d14-d46b-4628-9cd5-c8a344696add,66,27fdb69e-37d5-4584-9445-4b0b6a03a29c,Snake1,59,3,0
d78e6d14-d46b-4628-9cd5-c8a344696add,66,5bb638ac-1633-4344-82eb-fdddece1745c,Snake2,64,4,1
d78e6d14-d46b-4628-9cd5-c8a344696add,66,51844632-1e1e-456a-bf01-515999d5bb48,Heuristic,68,6,1
d78e6d14-d46b-4628-9cd5-c8a344696add,66,e53457d2-f81b-4959-895e-6a87d28c3b62,Heuristic,39,5,1
d78e6d14-d46b-4628-9cd5-c8a344696add,66,27fdb69e-37d5-4584-9445-4b0b6a03a29c,Snake1,59,3,0
d78e6d14-d46b-4628-9cd5-c8a344696add,67,5bb638ac-1633-4344-82eb-fdddece1745c,Snake2,63,4,1
d78e6d14-d46b-4628-9cd5-c8a344696add,67,51844632-1e1e-456a-bf01-515999d5bb48,Heuristic,67,6,1
d78e6d14-d46b-4628-9cd5-c8a344696add,67,e53457d2-f81b-4959-895e-6a87d28c3b62,Heuristic,38,5,1
d78e6d14-d46b-4628-9cd5-c8a344696add,67,27fdb69e-37d5-4584-9445-4b0b6a03a29c,Snake1,59,3,0
d78e6d14-d46b-4628-9cd5-c8a344696add,67,5bb638ac-1633-4344-82eb-fdddece1745c,Snake2,63,4,1
d78e6d14-d46b-4628-9cd5-c8a344696add,67,51844632-1e1e-456a-bf01-515999d5bb48,Heuristic,67,6,1
d78e6d14-d46b-4628-9cd5-c8a344696add,67,e53457d2-f81b-4959-895e-6a87d28c3b62,Heuristic,38,5,1
d78e6d14-d46b-4628-9cd5-c8a344696add,67,27fdb69e-37d5-4584-9445-4b0b6a03a29c,Snake1,59,3,0
d78e6d14-d46b-4628-9cd5-c8a344696add,67,5bb638ac-1633-4344-82eb-fdddece1745c,Snake2,63,4,1
d78e6d14-d46b-4628-9cd5-c8a344696add,67,51844632-1e1e-456a-bf01-515999d5bb48,Heuristic,67,6,1
d78e6d14-d46b-4628-9cd5-c8a344696add,67,e53457d2-f81b-4959-895e-6a87d28c3b62,Heuristic,38,5,1
d78e6d14-d46b-4628-9cd5-c8a344696add,67,27fdb69e-37d5-4584-9445-4b0b6a03a29c,Snake1,59,3,0
d78e6d14-d46b-4628-9cd5-c8a344696add,68,5bb638ac-1633-4344-82eb-fdddece1745c,Snake2,62,4,1
d78e6d14-d46b-4628-9cd5-c8a344696add,68,51844632-1e1e-456a-bf01-515999d5bb48,Heuristic,66,6,1
d78e6d14-d46b-4628-9cd5-c8a344696add,68,e53457d2-f81b-4959-895e-6a87d28c3b62,Heuristic,37,5,1
d78e6d14-d46b-4628-9cd5-c8a344696add,68,27fdb69e-37d5-4584-9445-4b0b6a03a29c,Snake1,59,3,0
d78e6d14-d46b-4628-9cd5-c8a344696add,68,5bb638ac-1633-4344-82eb-fdddece1745c,Snake2,62,4,1
d78e6d14-d46b-4628-9cd5-c8a344696add,68,51844632-1e1e-456a-bf01-515999d5bb48,Heuristic,66,6,1
d78e6d14-d46b-4628-9cd5-c8a344696add,68,e53457d2-f81b-4959-895e-6a87d28c3b62,Heuristic,37,5,1
d78e6d14-d46b-4628-9cd5-c8a344696add,68,27fdb69e-37d5-4584-9445-4b0b6a03a29c,Snake1,59,3,0
d78e6d14-d46b-4628-9cd5-c8a344696add,68,5bb638ac-1633-4344-82eb-fdddece1745c,Snake2,62,4,1
d78e6d14-d46b-4628-9cd5-c8a344696add,68,51844632-1e1e-456a-bf01-515999d5bb48,Heuristic,66,6,1
d78e6d14-d46b-4628-9cd5-c8a344696add,68,e53457d2-f81b-4959-895e-6a87d28c3b62,Heuristic,37,5,1
d78e6d14-d46b-4628-9cd5-c8a344696add,68,27fdb69e-37d5-4584-9445-4b0b6a03a29c,Snake1,59,3,0
d78e6d14-d46b-4628-9cd5-c8a344696add,69,5bb638ac-1633-4344-82eb-fdddece1745c,Snake2,61,4,1
d78e6d14-d46b-4628-9cd5-c8a344696add,69,51844632-1e1e-456a-bf01-515999d5bb48,Heuristic,65,6,1
d78e6d14-d46b-4628-9cd5-c8a344696add,69,e53457d2-f81b-4959-895e-6a87d28c3b62,Heuristic,36,5,1
d78e6d14-d46b-4628-9cd5-c8a344696add,69,27fdb69e-37d5-4584-9445-4b0b6a03a29c,Snake1,59,3,0
d78e6d14-d46b-4628-9cd5-c8a344696add,69,5bb638ac-1633-4344-82eb-fdddece1745c,Snake2,61,4,1
d78e6d14-d46b-4628-9cd5-c8a344696add,69,51844632-1e1e-456a-bf01-515999d5bb48,Heuristic,65,6,1
d78e6d14-d46b-4628-9cd5-c8a344696add,69,e53457d2-f81b-4959-895e-6a87d28c3b62,Heuristic,36,5,1
d78e6d14-d46b-4628-9cd5-c8a344696add,69,27fdb69e-37d5-4584-9445-4b0b6a03a29c,Snake1,59,3,0
d78e6d14-d46b-4628-9cd5-c8a344696add,69,5bb638ac-1633-4344-82eb-fdddece1745c,Snake2,61,4,1
d78e6d14-d46b-4628-9cd5-c8a344696add,69,51844632-1e1e-456a-bf01-515999d5bb48,Heuristic,65,6,1
d78e6d14-d46b-4628-9cd5-c8a344696add,69,e53457d2-f81b-4959-895e-6a87d28c3b62,Heuristic,36,5,1
d78e6d14-d46b-4628-9cd5-c8a344696add,69,27fdb69e-37d5-4584-9445-4b0b6a03a29c,Snake1,59,3,0
d78e6d14-d46b-4628-9cd5-c8a344696add,70,5bb638ac-1633-4344-82eb-fdddece1745c,Snake2,32,4,1
d78e6d14-d46b-4628-9cd5-c8a344696add,70,51844632-1e1e-456a-bf01-515999d5bb48,Heuristic,36,6,1
d78e6d14-d46b-4628-9cd5-c8a344696add,70,e53457d2-f81b-4959-895e-6a87d28c3b62,Heuristic,35,5,1
d78e6d14-d46b-4628-9cd5-c8a344696add,70,27fdb69e-37d5-4584-9445-4b0b6a03a29c,Snake1,59,3,0
d78e6d14-d46b-4628-9cd5-c8a344696add,70,5bb638ac-1633-4344-82eb-fdddece1745c,Snake2,32,4,1
d78e6d14-d46b-4628-9cd5-c8a344696add,70,51844632-1e1e-456a-bf01-515999d5bb48,Heuristic,36,6,1
d78e6d14-d46b-4628-9cd5-c8a344696add,70,e53457d2-f81b-4959-895e-6a87d28c3b62,Heuristic,35,5,1
d78e6d14-d46b-4628-9cd5-c8a344696add,70,27fdb69e-37d5-4584-9445-4b0b6a03a29c,Snake1,59,3,0
d78e6d14-d46b-4628-9cd5-c8a344696add,70,5bb638ac-1633-4344-82eb-fdddece1745c,Snake2,32,4,1
d78e6d14-d46b-4628-9cd5-c8a344696add,70,51844632-1e1e-456a-bf01-515999d5bb48,Heuristic,36,6,1
d78e6d14-d46b-4628-9cd5-c8a344696add,70,e53457d2-f81b-4959-895e-6a87d28c3b62,Heuristic,35,5,1
d78e6d14-d46b-4628-9cd5-c8a344696add,70,27fdb69e-37d5-4584-9445-4b0b6a03a29c,Snake1,59,3,0
d78e6d14-d46b-4628-9cd5-c8a344696add,71,5bb638ac-1633-4344-82eb-fdddece1745c,Snake2,31,4,1
d78e6d14-d46b-4628-9cd5-c8a344696add,71,51844632-1e1e-456a-bf01-515999d5bb48,Heuristic,35,6,1
d78e6d14-d46b-4628-9cd5-c8a344696add,71,e53457d2-f81b-4959-895e-6a87d28c3b62,Heuristic,34,5,1
d78e6d14-d46b-4628-9cd5-c8a344696add,71,27fdb69e-37d5-4584-9445-4b0b6a03a29c,Snake1,59,3,0
d78e6d14-d46b-4628-9cd5-c8a344696add,71,5bb638ac-1633-4344-82eb-fdddece1745c,Snake2,31,4,1
d78e6d14-d46b-4628-9cd5-c8a344696add,71,51844632-1e1e-456a-bf01-515999d5bb48,Heuristic,35,6,1
d78e6d14-d46b-4628-9cd5-c8a344696add,71,e53457d2-f81b-4959-895e-6a87d28c3b62,Heuristic,34,5,1
d78e6d14-d46b-4628-9cd5-c8a344696add,71,27fdb69e-37d5-4584-9445-4b0b6a03a29c,Snake1,59,3,0
d78e6d14-d46b-4628-9cd5-c8a344696add,71,5bb638ac-1633-4344-82eb-fdddece1745c,Snake2,31,4,1
d78e6d14-d46b-4628-9cd5-c8a344696add,71,51844632-1e1e-456a-bf01-515999d5bb48,Heuristic,35,6,1
d78e6d14-d46b-4628-9cd5-c8a344696add,71,e53457d2-f81b-4959-895e-6a87d28c3b62,Heuristic,34,5,1
d78e6d14-d46b-4628-9cd5-c8a344696add,71,27fdb69e-37d5-4584-9445-4b0b6a03a29c,Snake1,59,3,0
d78e6d14-d46b-4628-9cd5-c8a344696add,72,5bb638ac-1633-4344-82eb-fdddece1745c,Snake2,30,4,1
d78e6d14-d46b-4628-9cd5-c8a344696add,72,51844632-1e1e-456a-bf01-515999d5bb48,Heuristic,34,6,1
d78e6d14-d46b-4628-9cd5-c8a344696add,72,e53457d2-f81b-4959-895e-6a87d28c3b62,Heuristic,33,5,1
d78e6d14-d46b-4628-9cd5-c8a344696add,72,27fdb69e-37d5-4584-9445-4b0b6a03a29c,Snake1,59,3,0
d78e6d14-d46b-4628-9cd5-c8a344696add,72,5bb638ac-1633-4344-82eb-fdddece1745c,Snake2,30,4,1
d78e6d14-d46b-4628-9cd5-c8a344696add,72,51844632-1e1e-456a-bf01-515999d5bb48,Heuristic,34,6,1
d78e6d14-d46b-4628-9cd5-c8a344696add,72,e53457d2-f81b-4959-895e-6a87d28c3b62,Heuristic,33,5,1
d78e6d14-d46b-4628-9cd5-c8a344696add,72,27fdb69e-37d5-4584-9445-4b0b6a03a29c,Snake1,59,3,0
d78e6d14-d46b-4628-9cd5-c8a344696add,72,5bb638ac-1633-4344-82eb-fdddece1745c,Snake2,30,4,1
d78e6d14-d46b-4628-9cd5-c8a344696add,72,51844632-1e1e-456a-bf01-515999d5bb48,Heuristic,34,6,1
d78e6d14-d46b-4628-9cd5-c8a344696add,72,e53457d2-f81b-4959-895e-6a87d28c3b62,Heuristic,33,5,1
d78e6d14-d46b-4628-9cd5-c8a344696add,72,27fdb69e-37d5-4584-9445-4b0b6a03a29c,Snake1,59,3,0
d78e6d14-d46b-4628-9cd5-c8a344696add,73,5bb638ac-1633-4344-82eb-fdddece1745c,Snake2,29,4,1
d78e6d14-d46b-4628-9cd5-c8a344696add,73,51844632-1e1e-456a-bf01-515999d5bb48,Heuristic,33,6,1
d78e6d14-d46b-4628-9cd5-c8a344696add,73,e53457d2-f81b-4959-895e-6a87d28c3b62,Heuristic,32,5,1
d78e6d14-d46b-4628-9cd5-c8a344696add,73,27fdb69e-37d5-4584-9445-4b0b6a03a29c,Snake1,59,3,0
d78e6d14-d46b-4628-9cd5-c8a344696add,73,5bb638ac-1633-4344-82eb-fdddece1745c,Snake2,29,4,1
d78e6d14-d46b-4628-9cd5-c8a344696add,73,51844632-1e1e-456a-bf01-515999d5bb48,Heuristic,33,6,1
d78e6d14-d46b-4628-9cd5-c8a344696add,73,e53457d2-f81b-4959-895e-6a87d28c3b62,Heuristic,32,5,1
d78e6d14-d46b-4628-9cd5-c8a344696add,73,27fdb69e-37d5-4584-9445-4b0b6a03a29c,Snake1,59,3,0
d78e6d14-d46b-4628-9cd5-c8a344696add,73,5bb638ac-1633-4344-82eb-fdddece1745c,Snake2,29,4,1
d78e6d14-d46b-4628-9cd5-c8a344696add,73,51844632-1e1e-456a-bf01-515999d5bb48,Heuristic,33,6,1
d78e6d14-d46b-4628-9cd5-c8a344696add,73,e53457d2-f81b-4959-895e-6a87d28c3b62,Heuristic,32,5,1
d78e6d14-d46b-4628-9cd5-c8a344696add,73,27fdb69e-37d5-4584-9445-4b0b6a03a29c,Snake1,59,3,0
d78e6d14-d46b-4628-9cd5-c8a344696add,74,5bb638ac-1633-4344-82eb-fdddece1745c,Snake2,100,5,1
d78e6d14-d46b-4628-9cd5-c8a344696add,74,51844632-1e1e-456a-bf01-515999d5bb48,Heuristic,32,6,1
d78e6d14-d46b-4628-9cd5-c8a344696add,74,e53457d2-f81b-4959-895e-6a87d28c3b62,Heuristic,31,5,1
d78e6d14-d46b-4628-9cd5-c8a344696add,74,27fdb69e-37d5-4584-9445-4b0b6a03a29c,Snake1,59,3,0
d78e6d14-d46b-4628-9cd5-c8a344696add,74,5bb638ac-1633-4344-82eb-fdddece1745c,Snake2,100,5,1
d78e6d14-d46b-4628-9cd5-c8a344696add,74,51844632-1e1e-456a-bf01-515999d5bb48,Heuristic,32,6,1
d78e6d14-d46b-4628-9cd5-c8a344696add,74,e53457d2-f81b-4959-895e-6a87d28c3b62,Heuristic,31,5,1
d78e6d14-d46b-4628-9cd5-c8a344696add,74,27fdb69e-37d5-4584-9445-4b0b6a03a29c,Snake1,59,3,0
d78e6d14-d46b-4628-9cd5-c8a344696add,74,5bb638ac-1633-4344-82eb-fdddece1745c,Snake2,100,5,1
d78e6d14-d46b-4628-9cd5-c8a344696add,74,51844632-1e1e-456a-bf01-515999d5bb48,Heuristic,32,6,1
d78e6d14-d46b-4628-9cd5-c8a344696add,74,e53457d2-f81b-4959-895e-6a87d28c3b62,Heuristic,31,5,1
d78e6d14-d46b-4628-9cd5-c8a344696add,74,27fdb69e-37d5-4584-9445-4b0b6a03a29c,Snake1,59,3,0
d78e6d14-d46b-4628-9cd5-c8a344696add,75,5bb638ac-1633-4344-82eb-fdddece1745c,Snake2,99,5,1
d78e6d14-d46b-4628-9cd5-c8a344696add,75,51844632-1e1e-456a-bf01-515999d5bb48,Heuristic,31,6,1
d78e6d14-d46b-4628-9cd5-c8a344696add,75,e53457d2-f81b-4959-895e-6a87d28c3b62,Heuristic,30,5,1
d78e6d14-d46b-4628-9cd5-c8a344696add,75,27fdb69e-37d5-4584-9445-4b0b6a03a29c,Snake1,59,3,0
d78e6d14-d46b-4628-9cd5-c8a344696add,75,5bb638ac-1633-4344-82eb-fdddece1745c,Snake2,99,5,1
d78e6d14-d46b-4628-9cd5-c8a344696add,75,51844632-1e1e-456a-bf01-515999d5bb48,Heuristic,31,6,1
d78e6d14-d46b-4628-9cd5-c8a344696add,75,e53457d2-f81b-4959-895e-6a87d28c3b62,Heuristic,30,5,1
d78e6d14-d46b-4628-9cd5-c8a344696add,75,27fdb69e-37d5-4584-9445-4b0b6a03a29c,Snake1,59,3,0
d78e6d14-d46b-4628-9cd5-c8a344696add,75,5bb638ac-1633-4344-82eb-fdddece1745c,Snake2,99,5,1
d78e6d14-d46b-4628-9cd5-c8a344696add,75,51844632-1e1e-456a-bf01-515999d5bb48,Heuristic,31,6,1
d78e6d14-d46b-4628-9cd5-c8a344696add,75,e53457d2-f81b-4959-895e-6a87d28c3b62,Heuristic,30,5,1
d78e6d14-d46b-4628-9cd5-c8a344696add,75,27fdb69e-37d5-4584-9445-4b0b6a03a29c,Snake1,59,3,0
d78e6d14-d46b-4628-9cd5-c8a344696add,76,5bb638ac-1633-4344-82eb-fdddece1745c,Snake2,70,5,1
d78e6d14-d46b-4628-9cd5-c8a344696add,76,51844632-1e1e-456a-bf01-515999d5bb48,Heuristic,30,6,1
d78e6d14-d46b-4628-9cd5-c8a344696add,76,e53457d2-f81b-4959-895e-6a87d28c3b62,Heuristic,29,5,1
d78e6d14-d46b-4628-9cd5-c8a344696add,76,27fdb69e-37d5-4584-9445-4b0b6a03a29c,Snake1,59,3,0
d78e6d14-d46b-4628-9cd5-c8a344696add,76,5bb638ac-1633-4344-82eb-fdddece1745c,Snake2,70,5,1
d78e6d14-d46b-4628-9cd5-c8a344696add,76,51844632-1e1e-456a-bf01-515999d5bb48,Heuristic,30,6,1
d78e6d14-d46b-4628-9cd5-c8a344696add,76,e53457d2-f81b-4959-895e-6a87d28c3b62,Heuristic,29,5,1
d78e6d14-d46b-4628-9cd5-c8a344696add,76,27fdb69e-37d5-4584-9445-4b0b6a03a29c,Snake1,59,3,0
d78e6d14-d46b-4628-9cd5-c8a344696add,76,5bb638ac-1633-4344-82eb-fdddece1745c,Snake2,70,5,1
d78e6d14-d46b-4628-9cd5-c8a344696add,76,51844632-1e1e-456a-bf01-515999d5bb48,Heuristic,30,6,1
d78e6d14-d46b-4628-9cd5-c8a344696add,76,e53457d2-f81b-4959-895e-6a87d28c3b62,Heuristic,29,5,1
d78e6d14-d46b-4628-9cd5-c8a344696add,76,27fdb69e-37d5-4584-9445-4b0b6a03a29c,Snake1,59,3,0
d78e6d14-d46b-4628-9cd5-c8a344696add,77,5bb638ac-1633-4344-82eb-fdddece1745c,Snake2,69,5,1
d78e6d14-d46b-4628-9cd5-c8a344696add,77,51844632-1e1e-456a-bf01-515999d5bb48,Heuristic,29,6,1
d78e6d14-d46b-4628-9cd5-c8a344696add,77,e53457d2-f81b-4959-895e-6a87d28c3b62,Heuristic,28,5,1
d78e6d14-d46b-4628-9cd5-c8a344696add,77,27fdb69e-37d5-4584-9445-4b0b6a03a29c,Snake1,59,3,0
d78e6d14-d46b-4628-9cd5-c8a344696add,77,5bb638ac-1633-4344-82eb-fdddece1745c,Snake2,69,5,1
d78e6d14-d46b-4628-9cd5-c8a344696add,77,51844632-1e1e-456a-bf01-515999d5bb48,Heuristic,29,6,1
d78e6d14-d46b-4628-9cd5-c8a344696add,77,e53457d2-f81b-4959-895e-6a87d28c3b62,Heuristic,28,5,1
d78e6d14-d46b-4628-9cd5-c8a344696add,77,27fdb69e-37d5-4584-9445-4b0b6a03a29c,Snake1,59,3,0
d78e6d14-d46b-4628-9cd5-c8a344696add,77,5bb638ac-1633-4344-82eb-fdddece1745c,Snake2,69,5,1
d78e6d14-d46b-4628-9cd5-c8a344696add,77,51844632-1e1e-456a-bf01-515999d5bb48,Heuristic,29,6,1
d78e6d14-d46b-4628-9cd5-c8a344696add,77,e53457d2-f81b-4959-895e-6a87d28c3b62,Heuristic,28,5,1
d78e6d14-d46b-4628-9cd5-c8a344696add,77,27fdb69e-37d5-4584-9445-4b0b6a03a29c,Snake1,59,3,0
d78e6d14-d46b-4628-9cd5-c8a344696add,78,5bb638ac-1633-4344-82eb-fdddece1745c,Snake2,68,5,1
d78e6d14-d46b-4628-9cd5-c8a344696add,78,51844632-1e1e-456a-bf01-515999d5bb48,Heuristic,100,7,1
d78e6d14-d46b-4628-9cd5-c8a344696add,78,e53457d2-f81b-4959-895e-6a87d28c3b62,Heuristic,27,5,1
d78e6d14-d46b-4628-9cd5-c8a344696add,78,27fdb69e-37d5-4584-9445-4b0b6a03a29c,Snake1,59,3,0
d78e6d14-d46b-4628-9cd5-c8a344696add,78,5bb638ac-1633-4344-82eb-fdddece1745c,Snake2,68,5,1
d78e6d14-d46b-4628-9cd5-c8a344696add,78,51844632-1e1e-456a-bf01-515999d5bb48,Heuristic,100,7,1
d78e6d14-d46b-4628-9cd5-c8a344696add,78,e53457d2-f81b-4959-895e-6a87d28c3b62,Heuristic,27,5,1
d78e6d14-d46b-4628-9cd5-c8a344696add,78,27fdb69e-37d5-4584-9445-4b0b6a03a29c,Snake1,59,3,0
d78e6d14-d46b-4628-9cd5-c8a344696add,78,5bb638ac-1633-4344-82eb-fdddece1745c,Snake2,68,5,1
d78e6d14-d46b-4628-9cd5-c8a344696add,78,51844632-1e1e-456a-bf01-515999d5bb48,Heuristic,100,7,1
d78e6d14-d46b-4628-9cd5-c8a344696add,78,e53457d2-f81b-4959-895e-6a87d28c3b62,Heuristic,27,5,1
d78e6d14-d46b-4628-9cd5-c8a344696add,78,27fdb69e-37d5-4584-9445-4b0b6a03a29c,Snake1,59,3,0
d78e6d14-d46b-4628-9cd5-c8a344696add,79,5bb638ac-1633-4344-82eb-fdddece1745c,Snake2,67,5,1
d78e6d14-d46b-4628-9cd5-c8a344696add,79,51844632-1e1e-456a-bf01-515999d5bb48,Heuristic,99,7,1
d78e6d14-d46b-4628-9cd5-c8a344696add,79,e53457d2-f81b-4959-895e-6a87d28c3b62,Heuristic,26,5,1
d78e6d14-d46b-4628-9cd5-c8a344696add,79,27fdb69e-37d5-4584-9445-4b0b6a03a29c,Snake1,59,3,0
d78e6d14-d46b-4628-9cd5-c8a344696add,79,5bb638ac-1633-4344-82eb-fdddece1745c,Snake2,67,5,1
d78e6d14-d46b-4628-9cd5-c8a344696add,79,51844632-1e1e-456a-bf01-515999d5bb48,Heuristic,99,7,1
d78e6d14-d46b-4628-9cd5-c8a344696add,79,e53457d2-f81b-4959-895e-6a87d28c3b62,Heuristic,26,5,1
d78e6d14-d46b-4628-9cd5-c8a344696add,79,27fdb69e-37d5-4584-9445-4b0b6a03a29c,Snake1,59,3,0
d78e6d14-d46b-4628-9cd5-c8a344696add,79,5bb638ac-1633-4344-82eb-fdddece1745c,Snake2,67,5,1
d78e6d14-d46b-4628-9cd5-c8a344696add,79,51844632-1e1e-456a-bf01-515999d5bb48,Heuristic,99,7,1
d78e6d14-d46b-4628-9cd5-c8a344696add,79,e53457d2-f81b-4959-895e-6a87d28c3b62,Heuristic,26,5,1
d78e6d14-d46b-4628-9cd5-c8a344696add,79,27fdb69e-37d5-4584-9445-4b0b6a03a29c,Snake1,59,3,0
d78e6d14-d46b-4628-9cd5-c8a344696add,80,5bb638ac-1633-4344-82eb-fdddece1745c,Snake2,66,5,1
d78e6d14-d46b-4628-9cd5-c8a344696add,80,51844632-1e1e-456a-bf01-515999d5bb48,Heuristic,98,7,1
d78e6d14-d46b-4628-9cd5-c8a344696add,80,e53457d2-f81b-4959-895e-6a87d28c3b62,Heuristic,100,6,1
d78e6d14-d46b-4628-9cd5-c8a344696add,80,27fdb69e-37d5-4584-9445-4b0b6a03a29c,Snake1,59,3,0
d78e6d14-d46b-4628-9cd5-c8a344696add,80,5bb638ac-1633-4344-82eb-fdddece1745c,Snake2,66,5,1
d78e6d14-d46b-4628-9cd5-c8a344696add,80,51844632-1e1e-456a-bf01-515999d5bb48,Heuristic,98,7,1
d78e6d14-d46b-4628-9cd5-c8a344696add,80,e53457d2-f81b-4959-895e-6a87d28c3b62,Heuristic,100,6,1
d78e6d14-d46b-4628-9cd5-c8a344696add,80,27fdb69e-37d5-4584-9445-4b0b6a03a29c,Snake1,59,3,0
d78e6d14-d46b-4628-9cd5-c8a344696add,80,5bb638ac-1633-4344-82eb-fdddece1745c,Snake2,66,5,1
d78e6d14-d46b-4628-9cd5-c8a344696add,80,51844632-1e1e-456a-bf01-515999d5bb48,Heuristic,98,7,1
d78e6d14-d46b-4628-9cd5-c8a344696add,80,e53457d2-f81b-4959-895e-6a87d28c3b62,Heuristic,100,6,1
d78e6d14-d46b-4628-9cd5-c8a344696add,80,27fdb69e-37d5-4584-9445-4b0b6a03a29c,Snake1,59,3,0
d78e6d14-d46b-4628-9cd5-c8a344696add,81,5bb638ac-1633-4344-82eb-fdddece1745c,Snake2,65,5,1
d78e6d14-d46b-4628-9cd5-c8a344696add,81,51844632-1e1e-456a-bf01-515999d5bb48,Heuristic,97,7,1
d78e6d14-d46b-4628-9cd5-c8a344696add,81,e53457d2-f81b-4959-895e-6a87d28c3b62,Heuristic,99,6,1
d78e6d14-d46b-4628-9cd5-c8a344696add,81,27fdb69e-37d5-4584-9445-4b0b6a03a29c,Snake1,59,3,0
d78e6d14-d46b-4628-9cd5-c8a344696add,81,5bb638ac-1633-4344-82eb-fdddece1745c,Snake2,65,5,1
d78e6d14-d46b-4628-9cd5-c8a344696add,81,51844632-1e1e-456a-bf01-515999d5bb48,Heuristic,97,7,1
d78e6d14-d46b-4628-9cd5-c8a344696add,81,e53457d2-f81b-4959-895e-6a87d28c3b62,Heuristic,99,6,1
d78e6d14-d46b-4628-9cd5-c8a344696add,81,27fdb69e-37d5-4584-9445-4b0b6a03a29c,Snake1,59,3,0
d78e6d14-d46b-4628-9cd5-c8a344696add,81,5bb638ac-1633-4344-82eb-fdddece1745c,Snake2,65,5,1
d78e6d14-d46b-4628-9cd5-c8a344696add,81,51844632-1e1e-456a-bf01-515999d5bb48,Heuristic,97,7,1
d78e6d14-d46b-4628-9cd5-c8a344696add,81,e53457d2-f81b-4959-895e-6a87d28c3b62,Heuristic,99,6,1
d78e6d14-d46b-4628-9cd5-c8a344696add,81,27fdb69e-37d5-4584-9445-4b0b6a03a29c,Snake1,59,3,0
d78e6d14-d46b-4628-9cd5-c8a344696add,82,5bb638ac-1633-4344-82eb-fdddece1745c,Snake2,64,5,1
d78e6d14-d46b-4628-9cd5-c8a344696add,82,51844632-1e1e-456a-bf01-515999d5bb48,Heuristic,96,7,1
d78e6d14-d46b-4628-9cd5-c8a344696add,82,27fdb69e-37d5-4584-9445-4b0b6a03a29c,Snake1,59,3,0
d78e6d14-d46b-4628-9cd5-c8a344696add,82,e53457d2-f81b-4959-895e-6a87d28c3b62,Heuristic,99,6,0
d78e6d14-d46b-4628-9cd5-c8a344696add,82,5bb638ac-1633-4344-82eb-fdddece1745c,Snake2,64,5,1
d78e6d14-d46b-4628-9cd5-c8a344696add,82,51844632-1e1e-456a-bf01-515999d5bb48,Heuristic,96,7,1
d78e6d14-d46b-4628-9cd5-c8a344696add,82,27fdb69e-37d5-4584-9445-4b0b6a03a29c,Snake1,59,3,0
d78e6d14-d46b-4628-9cd5-c8a344696add,82,e53457d2-f81b-4959-895e-6a87d28c3b62,Heuristic,99,6,0
d78e6d14-d46b-4628-9cd5-c8a344696add,83,5bb638ac-1633-4344-82eb-fdddece1745c,Snake2,63,5,1
d78e6d14-d46b-4628-9cd5-c8a344696add,83,51844632-1e1e-456a-bf01-515999d5bb48,Heuristic,95,7,1
d78e6d14-d46b-4628-9cd5-c8a344696add,83,27fdb69e-37d5-4584-9445-4b0b6a03a29c,Snake1,59,3,0
d78e6d14-d46b-4628-9cd5-c8a344696add,83,e53457d2-f81b-4959-895e-6a87d28c3b62,Heuristic,99,6,0
d78e6d14-d46b-4628-9cd5-c8a344696add,83,5bb638ac-1633-4344-82eb-fdddece1745c,Snake2,63,5,1
d78e6d14-d46b-4628-9cd5-c8a344696add,83,51844632-1e1e-456a-bf01-515999d5bb48,Heuristic,95,7,1
d78e6d14-d46b-4628-9cd5-c8a344696add,83,27fdb69e-37d5-4584-9445-4b0b6a03a29c,Snake1,59,3,0
d78e6d14-d46b-4628-9cd5-c8a344696add,83,e53457d2-f81b-4959-895e-6a87d28c3b62,Heuristic,99,6,0
d78e6d14-d46b-4628-9cd5-c8a344696add,84,5bb638ac-1633-4344-82eb-fdddece1745c,Snake2,62,5,1
d78e6d14-d46b-4628-9cd5-c8a344696add,84,51844632-1e1e-456a-bf01-515999d5bb48,Heuristic,52,7,1
d78e6d14-d46b-4628-9cd5-c8a344696add,84,27fdb69e-37d5-4584-9445-4b0b6a03a29c,Snake1,59,3,0
d78e6d14-d46b-4628-9cd5-c8a344696add,84,e53457d2-f81b-4959-895e-6a87d28c3b62,Heuristic,99,6,0
d78e6d14-d46b-4628-9cd5-c8a344696add,84,5bb638ac-1633-4344-82eb-fdddece1745c,Snake2,62,5,1
d78e6d14-d46b-4628-9cd5-c8a344696add,84,51844632-1e1e-456a-bf01-515999d5bb48,Heuristic,52,7,1
d78e6d14-d46b-4628-9cd5-c8a344696add,84,27fdb69e-37d5-4584-9445-4b0b6a03a29c,Snake1,59,3,0
d78e6d14-d46b-4628-9cd5-c8a344696add,84,e53457d2-f81b-4959-895e-6a87d28c3b62,Heuristic,99,6,0
d78e6d14-d46b-4628-9cd5-c8a344696add,85,5bb638ac-1633-4344-82eb-fdddece1745c,Snake2,61,5,1
d78e6d14-d46b-4628-9cd5-c8a344696add,85,51844632-1e1e-456a-bf01-515999d5bb48,Heuristic,51,7,1
d78e6d14-d46b-4628-9cd5-c8a344696add,85,27fdb69e-37d5-4584-9445-4b0b6a03a29c,Snake1,59,3,0
d78e6d14-d46b-4628-9cd5-c8a344696add,85,e53457d2-f81b-4959-895e-6a87d28c3b62,Heuristic,99,6,0
d78e6d14-d46b-4628-9cd5-c8a344696add,85,5bb638ac-1633-4344-82eb-fdddece1745c,Snake2,61,5,1
d78e6d14-d46b-4628-9cd5-c8a344696add,85,51844632-1e1e-456a-bf01-515999d5bb48,Heuristic,51,7,1
d78e6d14-d46b-4628-9cd5-c8a344696add,85,27fdb69e-37d5-4584-9445-4b0b6a03a29c,Snake1,59,3,0
d78e6d14-d46b-4628-9cd5-c8a344696add,85,e53457d2-f81b-4959-895e-6a87d28c3b62,Heuristic,99,6,0
d78e6d14-d46b-4628-9cd5-c8a344696add,86,5bb638ac-1633-4344-82eb-fdddece1745c,Snake2,60,5,1
d78e6d14-d46b-4628-9cd5-c8a344696add,86,51844632-1e1e-456a-bf01-515999d5bb48,Heuristic,50,7,1
d78e6d14-d46b-4628-9cd5-c8a344696add,86,27fdb69e-37d5-4584-9445-4b0b6a03a29c,Snake1,59,3,0
d78e6d14-d46b-4628-9cd5-c8a344696add,86,e53457d2-f81b-4959-895e-6a87d28c3b62,Heuristic,99,6,0
d78e6d14-d46b-4628-9cd5-c8a344696add,86,5bb638ac-1633-4344-82eb-fdddece1745c,Snake2,60,5,1
d78e6d14-d46b-4628-9cd5-c8a344696add,86,51844632-1e1e-456a-bf01-515999d5bb48,Heuristic,50,7,1
d78e6d14-d46b-4628-9cd5-c8a344696add,86,27fdb69e-37d5-4584-9445-4b0b6a03a29c,Snake1,59,3,0
d78e6d14-d46b-4628-9cd5-c8a344696add,86,e53457d2-f81b-4959-895e-6a87d28c3b62,Heuristic,99,6,0
d78e6d14-d46b-4628-9cd5-c8a344696add,87,5bb638ac-1633-4344-82eb-fdddece1745c,Snake2,59,5,1
d78e6d14-d46b-4628-9cd5-c8a344696add,87,51844632-1e1e-456a-bf01-515999d5bb48,Heuristic,49,7,1
d78e6d14-d46b-4628-9cd5-c8a344696add,87,27fdb69e-37d5-4584-9445-4b0b6a03a29c,Snake1,59,3,0
d78e6d14-d46b-4628-9cd5-c8a344696add,87,e53457d2-f81b-4959-895e-6a87d28c3b62,Heuristic,99,6,0
d78e6d14-d46b-4628-9cd5-c8a344696add,87,5bb638ac-1633-4344-82eb-fdddece1745c,Snake2,59,5,1
d78e6d14-d46b-4628-9cd5-c8a344696add,87,51844632-1e1e-456a-bf01-515999d5bb48,Heuristic,49,7,1
d78e6d14-d46b-4628-9cd5-c8a344696add,87,27fdb69e-37d5-4584-9445-4b0b6a03a29c,Snake1,59,3,0
d78e6d14-d46b-4628-9cd5-c8a344696add,87,e53457d2-f81b-4959-895e-6a87d28c3b62,Heuristic,99,6,0
d78e6d14-d46b-4628-9cd5-c8a344696add,88,5bb638ac-1633-4344-82eb-fdddece1745c,Snake2,58,5,1
d78e6d14-d46b-4628-9cd5-c8a344696add,88,51844632-1e1e-456a-bf01-515999d5bb48,Heuristic,48,7,1
d78e6d14-d46b-4628-9cd5-c8a344696add,88,27fdb69e-37d5-4584-9445-4b0b6a03a29c,Snake1,59,3,0
d78e6d14-d46b-4628-9cd5-c8a344696add,88,e53457d2-f81b-4959-895e-6a87d28c3b62,Heuristic,99,6,0
d78e6d14-d46b-4628-9cd5-c8a344696add,88,5bb638ac-1633-4344-82eb-fdddece1745c,Snake2,58,5,1
d78e6d14-d46b-4628-9cd5-c8a344696add,88,51844632-1e1e-456a-bf01-515999d5bb48,Heuristic,48,7,1
d78e6d14-d46b-4628-9cd5-c8a344696add,88,27fdb69e-37d5-4584-9445-4b0b6a03a29c,Snake1,59,3,0
d78e6d14-d46b-4628-9cd5-c8a344696add,88,e53457d2-f81b-4959-895e-6a87d28c3b62,Heuristic,99,6,0
d78e6d14-d46b-4628-9cd5-c8a344696add,89,5bb638ac-1633-4344-82eb-fdddece1745c,Snake2,57,5,1
d78e6d14-d46b-4628-9cd5-c8a344696add,89,51844632-1e1e-456a-bf01-515999d5bb48,Heuristic,47,7,1
d78e6d14-d46b-4628-9cd5-c8a344696add,89,27fdb69e-37d5-4584-9445-4b0b6a03a29c,Snake1,59,3,0
d78e6d14-d46b-4628-9cd5-c8a344696add,89,e53457d2-f81b-4959-895e-6a87d28c3b62,Heuristic,99,6,0
d78e6d14-d46b-4628-9cd5-c8a344696add,89,5bb638ac-1633-4344-82eb-fdddece1745c,Snake2,57,5,1
d78e6d14-d46b-4628-9cd5-c8a344696add,89,51844632-1e1e-456a-bf01-515999d5bb48,Heuristic,47,7,1
d78e6d14-d46b-4628-9cd5-c8a344696add,89,27fdb69e-37d5-4584-9445-4b0b6a03a29c,Snake1,59,3,0
d78e6d14-d46b-4628-9cd5-c8a344696add,89,e53457d2-f81b-4959-895e-6a87d28c3b62,Heuristic,99,6,0
d78e6d14-d46b-4628-9cd5-c8a344696add,90,5bb638ac-1633-4344-82eb-fdddece1745c,Snake2,14,5,1
d78e6d14-d46b-4628-9cd5-c8a344696add,90,51844632-1e1e-456a-bf01-515999d5bb48,Heuristic,46,7,1
d78e6d14-d46b-4628-9cd5-c8a344696add,90,27fdb69e-37d5-4584-9445-4b0b6a03a29c,Snake1,59,3,0
d78e6d14-d46b-4628-9cd5-c8a344696add,90,e53457d2-f81b-4959-895e-6a87d28c3b62,Heuristic,99,6,0
d78e6d14-d46b-4628-9cd5-c8a344696add,90,5bb638ac-1633-4344-82eb-fdddece1745c,Snake2,14,5,1
d78e6d14-d46b-4628-9cd5-c8a344696add,90,51844632-1e1e-456a-bf01-515999d5bb48,Heuristic,46,7,1
d78e6d14-d46b-4628-9cd5-c8a344696add,90,27fdb69e-37d5-4584-9445-4b0b6a03a29c,Snake1,59,3,0
d78e6d14-d46b-4628-9cd5-c8a344696add,90,e53457d2-f81b-4959-895e-6a87d28c3b62,Heuristic,99,6,0
d78e6d14-d46b-4628-9cd5-c8a344696add,91,5bb638ac-1633-4344-82eb-fdddece1745c,Snake2,100,6,1
d78e6d14-d46b-4628-9cd5-c8a344696add,91,51844632-1e1e-456a-bf01-515999d5bb48,Heuristic,45,7,1
d78e6d14-d46b-4628-9cd5-c8a344696add,91,27fdb69e-37d5-4584-9445-4b0b6a03a29c,Snake1,59,3,0
d78e6d14-d46b-4628-9cd5-c8a344696add,91,e53457d2-f81b-4959-895e-6a87d28c3b62,Heuristic,99,6,0
d78e6d14-d46b-4628-9cd5-c8a344696add,91,5bb638ac-1633-4344-82eb-fdddece1745c,Snake2,100,6,1
d78e6d14-d46b-4628-9cd5-c8a344696add,91,51844632-1e1e-456a-bf01-515999d5bb48,Heuristic,45,7,1
d78e6d14-d46b-4628-9cd5-c8a344696add,91,27fdb69e-37d5-4584-9445-4b0b6a03a29c,Snake1,59,3,0
d78e6d14-d46b-4628-9cd5-c8a344696add,91,e53457d2-f81b-4959-895e-6a87d28c3b62,Heuristic,99,6,0
d78e6d14-d46b-4628-9cd5-c8a344696add,92,5bb638ac-1633-4344-82eb-fdddece1745c,Snake2,99,6,1
d78e6d14-d46b-4628-9cd5-c8a344696add,92,51844632-1e1e-456a-bf01-515999d5bb48,Heuristic,44,7,1
d78e6d14-d46b-4628-9cd5-c8a344696add,92,27fdb69e-37d5-4584-9445-4b0b6a03a29c,Snake1,59,3,0
d78e6d14-d46b-4628-9cd5-c8a344696add,92,e53457d2-f81b-4959-895e-6a87d28c3b62,Heuristic,99,6,0
d78e6d14-d46b-4628-9cd5-c8a344696add,92,5bb638ac-1633-4344-82eb-fdddece1745c,Snake2,99,6,1
d78e6d14-d46b-4628-9cd5-c8a344696add,92,51844632-1e1e-456a-bf01-515999d5bb48,Heuristic,44,7,1
d78e6d14-d46b-4628-9cd5-c8a344696add,92,27fdb69e-37d5-4584-9445-4b0b6a03a29c,Snake1,59,3,0
d78e6d14-d46b-4628-9cd5-c8a344696add,92,e53457d2-f81b-4959-895e-6a87d28c3b62,Heuristic,99,6,0
d78e6d14-d46b-4628-9cd5-c8a344696add,93,5bb638ac-1633-4344-82eb-fdddece1745c,Snake2,98,6,1
d78e6d14-d46b-4628-9cd5-c8a344696add,93,51844632-1e1e-456a-bf01-515999d5bb48,Heuristic,43,7,1
d78e6d14-d46b-4628-9cd5-c8a344696add,93,27fdb69e-37d5-4584-9445-4b0b6a03a29c,Snake1,59,3,0
d78e6d14-d46b-4628-9cd5-c8a344696add,93,e53457d2-f81b-4959-895e-6a87d28c3b62,Heuristic,99,6,0
d78e6d14-d46b-4628-9cd5-c8a344696add,93,5bb638ac-1633-4344-82eb-fdddece1745c,Snake2,98,6,1
d78e6d14-d46b-4628-9cd5-c8a344696add,93,51844632-1e1e-456a-bf01-515999d5bb48,Heuristic,43,7,1
d78e6d14-d46b-4628-9cd5-c8a344696add,93,27fdb69e-37d5-4584-9445-4b0b6a03a29c,Snake1,59,3,0
d78e6d14-d46b-4628-9cd5-c8a344696add,93,e53457d2-f81b-4959-895e-6a87d28c3b62,Heuristic,99,6,0
d78e6d14-d46b-4628-9cd5-c8a344696add,94,5bb638ac-1633-4344-82eb-fdddece1745c,Snake2,55,6,1
d78e6d14-d46b-4628-9cd5-c8a344696add,94,51844632-1e1e-456a-bf01-515999d5bb48,Heuristic,42,7,1
d78e6d14-d46b-4628-9cd5-c8a344696add,94,27fdb69e-37d5-4584-9445-4b0b6a03a29c,Snake1,59,3,0
d78e6d14-d46b-4628-9cd5-c8a344696add,94,e53457d2-f81b-4959-895e-6a87d28c3b62,Heuristic,99,6,0
d78e6d14-d46b-4628-9cd5-c8a344696add,94,5bb638ac-1633-4344-82eb-fdddece1745c,Snake2,55,6,1
d78e6d14-d46b-4628-9cd5-c8a344696add,94,51844632-1e1e-456a-bf01-515999d5bb48,Heuristic,42,7,1
d78e6d14-d46b-4628-9cd5-c8a344696add,94,27fdb69e-37d5-4584-9445-4b0b6a03a29c,Snake1,59,3,0
d78e6d14-d46b-4628-9cd5-c8a344696add,94,e53457d2-f81b-4959-895e-6a87d28c3b62,Heuristic,99,6,0
d78e6d14-d46b-4628-9cd5-c8a344696add,95,5bb638ac-1633-4344-82eb-fdddece1745c,Snake2,54,6,1
d78e6d14-d46b-4628-9cd5-c8a344696add,95,51844632-1e1e-456a-bf01-515999d5bb48,Heuristic,41,7,1
d78e6d14-d46b-4628-9cd5-c8a344696add,95,27fdb69e-37d5-4584-9445-4b0b6a03a29c,Snake1,59,3,0
d78e6d14-d46b-4628-9cd5-c8a344696add,95,e53457d2-f81b-4959-895e-6a87d28c3b62,Heuristic,99,6,0
d78e6d14-d46b-4628-9cd5-c8a344696add,95,5bb638ac-1633-4344-82eb-fdddece1745c,Snake2,54,6,1
d78e6d14-d46b-4628-9cd5-c8a344696add,95,51844632-1e1e-456a-bf01-515999d5bb48,Heuristic,41,7,1
d78e6d14-d46b-4628-9cd5-c8a344696add,95,27fdb69e-37d5-4584-9445-4b0b6a03a29c,Snake1,59,3,0
d78e6d14-d46b-4628-9cd5-c8a344696add,95,e53457d2-f81b-4959-895e-6a87d28c3b62,Heuristic,99,6,0
d78e6d14-d46b-4628-9cd5-c8a344696add,96,5bb638ac-1633-4344-82eb-fdddece1745c,Snake2,53,6,1
d78e6d14-d46b-4628-9cd5-c8a344696add,96,51844632-1e1e-456a-bf01-515999d5bb48,Heuristic,40,7,1
d78e6d14-d46b-4628-9cd5-c8a344696add,96,27fdb69e-37d5-4584-9445-4b0b6a03a29c,Snake1,59,3,0
d78e6d14-d46b-4628-9cd5-c8a344696add,96,e53457d2-f81b-4959-895e-6a87d28c3b62,Heuristic,99,6,0
d78e6d14-d46b-4628-9cd5-c8a344696add,96,5bb638ac-1633-4344-82eb-fdddece1745c,Snake2,53,6,1
d78e6d14-d46b-4628-9cd5-c8a344696add,96,51844632-1e1e-456a-bf01-515999d5bb48,Heuristic,40,7,1
d78e6d14-d46b-4628-9cd5-c8a344696add,96,27fdb69e-37d5-4584-9445-4b0b6a03a29c,Snake1,59,3,0
d78e6d14-d46b-4628-9cd5-c8a344696add,96,e53457d2-f81b-4959-895e-6a87d28c3b62,Heuristic,99,6,0
d78e6d14-d46b-4628-9cd5-c8a344696add,97,5bb638ac-1633-4344-82eb-fdddece1745c,Snake2,52,6,1
d78e6d14-d46b-4628-9cd5-c8a344696add,97,51844632-1e1e-456a-bf01-515999d5bb48,Heuristic,39,7,1
d78e6d14-d46b-4628-9cd5-c8a344696add,97,27fdb69e-37d5-4584-9445-4b0b6a03a29c,Snake1,59,3,0
d78e6d14-d46b-4628-9cd5-c8a344696add,97,e53457d2-f81b-4959-895e-6a87d28c3b62,Heuristic,99,6,0
d78e6d14-d46b-4628-9cd5-c8a344696add,97,5bb638ac-1633-4344-82eb-fdddece1745c,Snake2,52,6,1
d78e6d14-d46b-4628-9cd5-c8a344696add,97,51844632-1e1e-456a-bf01-515999d5bb48,Heuristic,39,7,1
d78e6d14-d46b-4628-9cd5-c8a344696add,97,27fdb69e-37d5-4584-9445-4b0b6a03a29c,Snake1,59,3,0
d78e6d14-d46b-4628-9cd5-c8a344696add,97,e53457d2-f81b-4959-895e-6a87d28c3b62,Heuristic,99,6,0
d78e6d14-d46b-4628-9cd5-c8a344696add,98,5bb638ac-1633-4344-82eb-fdddece1745c,Snake2,51,6,1
d78e6d14-d46b-4628-9cd5-c8a344696add,98,51844632-1e1e-456a-bf01-515999d5bb48,Heuristic,38,7,1
d78e6d14-d46b-4628-9cd5-c8a344696add,98,27fdb69e-37d5-4584-9445-4b0b6a03a29c,Snake1,59,3,0
d78e6d14-d46b-4628-9cd5-c8a344696add,98,e53457d2-f81b-4959-895e-6a87d28c3b62,Heuristic,99,6,0
d78e6d14-d46b-4628-9cd5-c8a344696add,98,5bb638ac-1633-4344-82eb-fdddece1745c,Snake2,51,6,1
d78e6d14-d46b-4628-9cd5-c8a344696add,98,51844632-1e1e-456a-bf01-515999d5bb48,Heuristic,38,7,1
d78e6d14-d46b-4628-9cd5-c8a344696add,98,27fdb69e-37d5-4584-9445-4b0b6a03a29c,Snake1,59,3,0
d78e6d14-d46b-4628-9cd5-c8a344696add,98,e53457d2-f81b-4959-895e-6a87d28c3b62,Heuristic,99,6,0
d78e6d14-d46b-4628-9cd5-c8a344696add,99,5bb638ac-1633-4344-82eb-fdddece1745c,Snake2,50,6,1
d78e6d14-d46b-4628-9cd5-c8a344696add,99,51844632-1e1e-456a-bf01-515999d5bb48,Heuristic,37,7,1
d78e6d14-d46b-4628-9cd5-c8a344696add,99,27fdb69e-37d5-4584-9445-4b0b6a03a29c,Snake1,59,3,0
d78e6d14-d46b-4628-9cd5-c8a344696add,99,e53457d2-f81b-4959-895e-6a87d28c3b62,Heuristic,99,6,0
d78e6d14-d46b-4628-9cd5-c8a344696add,99,5bb638ac-1633-4344-82eb-fdddece1745c,Snake2,50,6,1
d78e6d14-d46b-4628-9cd5-c8a344696add,99,51844632-1e1e-456a-bf01-515999d5bb48,Heuristic,37,7,1
d78e6d14-d46b-4628-9cd5-c8a344696add,99,27fdb69e-37d5-4584-9445-4b0b6a03a29c,Snake1,59,3,0
d78e6d14-d46b-4628-9cd5-c8a344696add,99,e53457d2-f81b-4959-895e-6a87d28c3b62,Heuristic,99,6,0
d78e6d14-d46b-4628-9cd5-c8a344696add,100,5bb638ac-1633-4344-82eb-fdddece1745c,Snake2,7,6,1
d78e6d14-d46b-4628-9cd5-c8a344696add,100,51844632-1e1e-456a-bf01-515999d5bb48,Heuristic,100,8,1
d78e6d14-d46b-4628-9cd5-c8a344696add,100,27fdb69e-37d5-4584-9445-4b0b6a03a29c,Snake1,59,3,0
d78e6d14-d46b-4628-9cd5-c8a344696add,100,e53457d2-f81b-4959-895e-6a87d28c3b62,Heuristic,99,6,0
d78e6d14-d46b-4628-9cd5-c8a344696add,100,5bb638ac-1633-4344-82eb-fdddece1745c,Snake2,7,6,1
d78e6d14-d46b-4628-9cd5-c8a344696add,100,51844632-1e1e-456a-bf01-515999d5bb48,Heuristic,100,8,1
d78e6d14-d46b-4628-9cd5-c8a344696add,100,27fdb69e-37d5-4584-9445-4b0b6a03a29c,Snake1,59,3,0
d78e6d14-d46b-4628-9cd5-c8a344696add,100,e53457d2-f81b-4959-895e-6a87d28c3b62,Heuristic,99,6,0
d78e6d14-d46b-4628-9cd5-c8a344696add,101,5bb638ac-1633-4344-82eb-fdddece1745c,Snake2,100,7,1
d78e6d14-d46b-4628-9cd5-c8a344696add,101,51844632-1e1e-456a-bf01-515999d5bb48,Heuristic,99,8,1
d78e6d14-d46b-4628-9cd5-c8a344696add,101,27fdb69e-37d5-4584-9445-4b0b6a03a29c,Snake1,59,3,0
d78e6d14-d46b-4628-9cd5-c8a344696add,101,e53457d2-f81b-4959-895e-6a87d28c3b62,Heuristic,99,6,0
d78e6d14-d46b-4628-9cd5-c8a344696add,101,5bb638ac-1633-4344-82eb-fdddece1745c,Snake2,100,7,1
d78e6d14-d46b-4628-9cd5-c8a344696add,101,51844632-1e1e-456a-bf01-515999d5bb48,Heuristic,99,8,1
d78e6d14-d46b-4628-9cd5-c8a344696add,101,27fdb69e-37d5-4584-9445-4b0b6a03a29c,Snake1,59,3,0
d78e6d14-d46b-4628-9cd5-c8a344696add,101,e53457d2-f81b-4959-895e-6a87d28c3b62,Heuristic,99,6,0
d78e6d14-d46b-4628-9cd5-c8a344696add,102,5bb638ac-1633-4344-82eb-fdddece1745c,Snake2,99,7,1
d78e6d14-d46b-4628-9cd5-c8a344696add,102,51844632-1e1e-456a-bf01-515999d5bb48,Heuristic,98,8,1
d78e6d14-d46b-4628-9cd5-c8a344696add,102,27fdb69e-37d5-4584-9445-4b0b6a03a29c,Snake1,59,3,0
d78e6d14-d46b-4628-9cd5-c8a344696add,102,e53457d2-f81b-4959-895e-6a87d28c3b62,Heuristic,99,6,0
d78e6d14-d46b-4628-9cd5-c8a344696add,102,5bb638ac-1633-4344-82eb-fdddece1745c,Snake2,99,7,1
d78e6d14-d46b-4628-9cd5-c8a344696add,102,51844632-1e1e-456a-bf01-515999d5bb48,Heuristic,98,8,1
d78e6d14-d46b-4628-9cd5-c8a344696add,102,27fdb69e-37d5-4584-9445-4b0b6a03a29c,Snake1,59,3,0
d78e6d14-d46b-4628-9cd5-c8a344696add,102,e53457d2-f81b-4959-895e-6a87d28c3b62,Heuristic,99,6,0
d78e6d14-d46b-4628-9cd5-c8a344696add,103,5bb638ac-1633-4344-82eb-fdddece1745c,Snake2,98,7,1
d78e6d14-d46b-4628-9cd5-c8a344696add,103,51844632-1e1e-456a-bf01-515999d5bb48,Heuristic,97,8,1
d78e6d14-d46b-4628-9cd5-c8a344696add,103,27fdb69e-37d5-4584-9445-4b0b6a03a29c,Snake1,59,3,0
d78e6d14-d46b-4628-9cd5-c8a344696add,103,e53457d2-f81b-4959-895e-6a87d28c3b62,Heuristic,99,6,0
d78e6d14-d46b-4628-9cd5-c8a344696add,103,5bb638ac-1633-4344-82eb-fdddece1745c,Snake2,98,7,1
d78e6d14-d46b-4628-9cd5-c8a344696add,103,51844632-1e1e-456a-bf01-515999d5bb48,Heuristic,97,8,1
d78e6d14-d46b-4628-9cd5-c8a344696add,103,27fdb69e-37d5-4584-9445-4b0b6a03a29c,Snake1,59,3,0
d78e6d14-d46b-4628-9cd5-c8a344696add,103,e53457d2-f81b-4959-895e-6a87d28c3b62,Heuristic,99,6,0
d78e6d14-d46b-4628-9cd5-c8a344696add,104,5bb638ac-1633-4344-82eb-fdddece1745c,Snake2,41,7,1
d78e6d14-d46b-4628-9cd5-c8a344696add,104,51844632-1e1e-456a-bf01-515999d5bb48,Heuristic,96,8,1
d78e6d14-d46b-4628-9cd5-c8a344696add,104,27fdb69e-37d5-4584-9445-4b0b6a03a29c,Snake1,59,3,0
d78e6d14-d46b-4628-9cd5-c8a344696add,104,e53457d2-f81b-4959-895e-6a87d28c3b62,Heuristic,99,6,0
d78e6d14-d46b-4628-9cd5-c8a344696add,104,5bb638ac-1633-4344-82eb-fdddece1745c,Snake2,41,7,1
d78e6d14-d46b-4628-9cd5-c8a344696add,104,51844632-1e1e-456a-bf01-515999d5bb48,Heuristic,96,8,1
d78e6d14-d46b-4628-9cd5-c8a344696add,104,27fdb69e-37d5-4584-9445-4b0b6a03a29c,Snake1,59,3,0
d78e6d14-d46b-4628-9cd5-c8a344696add,104,e53457d2-f81b-4959-895e-6a87d28c3b62,Heuristic,99,6,0
d78e6d14-d46b-4628-9cd5-c8a344696add,105,5bb638ac-1633-4344-82eb-fdddece1745c,Snake2,40,7,1
d78e6d14-d46b-4628-9cd5-c8a344696add,105,51844632-1e1e-456a-bf01-515999d5bb48,Heuristic,95,8,1
d78e6d14-d46b-4628-9cd5-c8a344696add,105,27fdb69e-37d5-4584-9445-4b0b6a03a29c,Snake1,59,3,0
d78e6d14-d46b-4628-9cd5-c8a344696add,105,e53457d2-f81b-4959-895e-6a87d28c3b62,Heuristic,99,6,0
d78e6d14-d46b-4628-9cd5-c8a344696add,105,5bb638ac-1633-4344-82eb-fdddece1745c,Snake2,40,7,1
d78e6d14-d46b-4628-9cd5-c8a344696add,105,51844632-1e1e-456a-bf01-515999d5bb48,Heuristic,95,8,1
d78e6d14-d46b-4628-9cd5-c8a344696add,105,27fdb69e-37d5-4584-9445-4b0b6a03a29c,Snake1,59,3,0
d78e6d14-d46b-4628-9cd5-c8a344696add,105,e53457d2-f81b-4959-895e-6a87d28c3b62,Heuristic,99,6,0
d78e6d14-d46b-4628-9cd5-c8a344696add,106,5bb638ac-1633-4344-82eb-fdddece1745c,Snake2,39,7,1
d78e6d14-d46b-4628-9cd5-c8a344696add,106,51844632-1e1e-456a-bf01-515999d5bb48,Heuristic,94,8,1
d78e6d14-d46b-4628-9cd5-c8a344696add,106,27fdb69e-37d5-4584-9445-4b0b6a03a29c,Snake1,59,3,0
d78e6d14-d46b-4628-9cd5-c8a344696add,106,e53457d2-f81b-4959-895e-6a87d28c3b62,Heuristic,99,6,0
d78e6d14-d46b-4628-9cd5-c8a344696add,106,5bb638ac-1633-4344-82eb-fdddece1745c,Snake2,39,7,1
d78e6d14-d46b-4628-9cd5-c8a344696add,106,51844632-1e1e-456a-bf01-515999d5bb48,Heuristic,94,8,1
d78e6d14-d46b-4628-9cd5-c8a344696add,106,27fdb69e-37d5-4584-9445-4b0b6a03a29c,Snake1,59,3,0
d78e6d14-d46b-4628-9cd5-c8a344696add,106,e53457d2-f81b-4959-895e-6a87d28c3b62,Heuristic,99,6,0
d78e6d14-d46b-4628-9cd5-c8a344696add,107,5bb638ac-1633-4344-82eb-fdddece1745c,Snake2,38,7,1
d78e6d14-d46b-4628-9cd5-c8a344696add,107,51844632-1e1e-456a-bf01-515999d5bb48,Heuristic,93,8,1
d78e6d14-d46b-4628-9cd5-c8a344696add,107,27fdb69e-37d5-4584-9445-4b0b6a03a29c,Snake1,59,3,0
d78e6d14-d46b-4628-9cd5-c8a344696add,107,e53457d2-f81b-4959-895e-6a87d28c3b62,Heuristic,99,6,0
d78e6d14-d46b-4628-9cd5-c8a344696add,107,5bb638ac-1633-4344-82eb-fdddece1745c,Snake2,38,7,1
d78e6d14-d46b-4628-9cd5-c8a344696add,107,51844632-1e1e-456a-bf01-515999d5bb48,Heuristic,93,8,1
d78e6d14-d46b-4628-9cd5-c8a344696add,107,27fdb69e-37d5-4584-9445-4b0b6a03a29c,Snake1,59,3,0
d78e6d14-d46b-4628-9cd5-c8a344696add,107,e53457d2-f81b-4959-895e-6a87d28c3b62,Heuristic,99,6,0
d78e6d14-d46b-4628-9cd5-c8a344696add,108,5bb638ac-1633-4344-82eb-fdddece1745c,Snake2,37,7,1
d78e6d14-d46b-4628-9cd5-c8a344696add,108,51844632-1e1e-456a-bf01-515999d5bb48,Heuristic,92,8,1
d78e6d14-d46b-4628-9cd5-c8a344696add,108,27fdb69e-37d5-4584-9445-4b0b6a03a29c,Snake1,59,3,0
d78e6d14-d46b-4628-9cd5-c8a344696add,108,e53457d2-f81b-4959-895e-6a87d28c3b62,Heuristic,99,6,0
d78e6d14-d46b-4628-9cd5-c8a344696add,108,5bb638ac-1633-4344-82eb-fdddece1745c,Snake2,37,7,1
d78e6d14-d46b-4628-9cd5-c8a344696add,108,51844632-1e1e-456a-bf01-515999d5bb48,Heuristic,92,8,1
d78e6d14-d46b-4628-9cd5-c8a344696add,108,27fdb69e-37d5-4584-9445-4b0b6a03a29c,Snake1,59,3,0
d78e6d14-d46b-4628-9cd5-c8a344696add,108,e53457d2-f81b-4959-895e-6a87d28c3b62,Heuristic,99,6,0
d78e6d14-d46b-4628-9cd5-c8a344696add,109,5bb638ac-1633-4344-82eb-fdddece1745c,Snake2,36,7,1
d78e6d14-d46b-4628-9cd5-c8a344696add,109,51844632-1e1e-456a-bf01-515999d5bb48,Heuristic,91,8,1
d78e6d14-d46b-4628-9cd5-c8a344696add,109,27fdb69e-37d5-4584-9445-4b0b6a03a29c,Snake1,59,3,0
d78e6d14-d46b-4628-9cd5-c8a344696add,109,e53457d2-f81b-4959-895e-6a87d28c3b62,Heuristic,99,6,0
d78e6d14-d46b-4628-9cd5-c8a344696add,109,5bb638ac-1633-4344-82eb-fdddece1745c,Snake2,36,7,1
d78e6d14-d46b-4628-9cd5-c8a344696add,109,51844632-1e1e-456a-bf01-515999d5bb48,Heuristic,91,8,1
d78e6d14-d46b-4628-9cd5-c8a344696add,109,27fdb69e-37d5-4584-9445-4b0b6a03a29c,Snake1,59,3,0
d78e6d14-d46b-4628-9cd5-c8a344696add,109,e53457d2-f81b-4959-895e-6a87d28c3b62,Heuristic,99,6,0
d78e6d14-d46b-4628-9cd5-c8a344696add,110,5bb638ac-1633-4344-82eb-fdddece1745c,Snake2,35,7,1
d78e6d14-d46b-4628-9cd5-c8a344696add,110,51844632-1e1e-456a-bf01-515999d5bb48,Heuristic,34,8,1
d78e6d14-d46b-4628-9cd5-c8a344696add,110,27fdb69e-37d5-4584-9445-4b0b6a03a29c,Snake1,59,3,0
d78e6d14-d46b-4628-9cd5-c8a344696add,110,e53457d2-f81b-4959-895e-6a87d28c3b62,Heuristic,99,6,0
d78e6d14-d46b-4628-9cd5-c8a344696add,110,5bb638ac-1633-4344-82eb-fdddece1745c,Snake2,35,7,1
d78e6d14-d46b-4628-9cd5-c8a344696add,110,51844632-1e1e-456a-bf01-515999d5bb48,Heuristic,34,8,1
d78e6d14-d46b-4628-9cd5-c8a344696add,110,27fdb69e-37d5-4584-9445-4b0b6a03a29c,Snake1,59,3,0
d78e6d14-d46b-4628-9cd5-c8a344696add,110,e53457d2-f81b-4959-895e-6a87d28c3b62,Heuristic,99,6,0
d78e6d14-d46b-4628-9cd5-c8a344696add,111,5bb638ac-1633-4344-82eb-fdddece1745c,Snake2,34,7,1
d78e6d14-d46b-4628-9cd5-c8a344696add,111,51844632-1e1e-456a-bf01-515999d5bb48,Heuristic,33,8,1
d78e6d14-d46b-4628-9cd5-c8a344696add,111,27fdb69e-37d5-4584-9445-4b0b6a03a29c,Snake1,59,3,0
d78e6d14-d46b-4628-9cd5-c8a344696add,111,e53457d2-f81b-4959-895e-6a87d28c3b62,Heuristic,99,6,0
d78e6d14-d46b-4628-9cd5-c8a344696add,111,5bb638ac-1633-4344-82eb-fdddece1745c,Snake2,34,7,1
d78e6d14-d46b-4628-9cd5-c8a344696add,111,51844632-1e1e-456a-bf01-515999d5bb48,Heuristic,33,8,1
d78e6d14-d46b-4628-9cd5-c8a344696add,111,27fdb69e-37d5-4584-9445-4b0b6a03a29c,Snake1,59,3,0
d78e6d14-d46b-4628-9cd5-c8a344696add,111,e53457d2-f81b-4959-895e-6a87d28c3b62,Heuristic,99,6,0
d78e6d14-d46b-4628-9cd5-c8a344696add,112,5bb638ac-1633-4344-82eb-fdddece1745c,Snake2,33,7,1
d78e6d14-d46b-4628-9cd5-c8a344696add,112,51844632-1e1e-456a-bf01-515999d5bb48,Heuristic,32,8,1
d78e6d14-d46b-4628-9cd5-c8a344696add,112,27fdb69e-37d5-4584-9445-4b0b6a03a29c,Snake1,59,3,0
d78e6d14-d46b-4628-9cd5-c8a344696add,112,e53457d2-f81b-4959-895e-6a87d28c3b62,Heuristic,99,6,0
d78e6d14-d46b-4628-9cd5-c8a344696add,112,5bb638ac-1633-4344-82eb-fdddece1745c,Snake2,33,7,1
d78e6d14-d46b-4628-9cd5-c8a344696add,112,51844632-1e1e-456a-bf01-515999d5bb48,Heuristic,32,8,1
d78e6d14-d46b-4628-9cd5-c8a344696add,112,27fdb69e-37d5-4584-9445-4b0b6a03a29c,Snake1,59,3,0
d78e6d14-d46b-4628-9cd5-c8a344696add,112,e53457d2-f81b-4959-895e-6a87d28c3b62,Heuristic,99,6,0
d78e6d14-d46b-4628-9cd5-c8a344696add,113,5bb638ac-1633-4344-82eb-fdddece1745c,Snake2,32,7,1
d78e6d14-d46b-4628-9cd5-c8a344696add,113,51844632-1e1e-456a-bf01-515999d5bb48,Heuristic,31,8,1
d78e6d14-d46b-4628-9cd5-c8a344696add,113,27fdb69e-37d5-4584-9445-4b0b6a03a29c,Snake1,59,3,0
d78e6d14-d46b-4628-9cd5-c8a344696add,113,e53457d2-f81b-4959-895e-6a87d28c3b62,Heuristic,99,6,0
d78e6d14-d46b-4628-9cd5-c8a344696add,113,5bb638ac-1633-4344-82eb-fdddece1745c,Snake2,32,7,1
d78e6d14-d46b-4628-9cd5-c8a344696add,113,51844632-1e1e-456a-bf01-515999d5bb48,Heuristic,31,8,1
d78e6d14-d46b-4628-9cd5-c8a344696add,113,27fdb69e-37d5-4584-9445-4b0b6a03a29c,Snake1,59,3,0
d78e6d14-d46b-4628-9cd5-c8a344696add,113,e53457d2-f81b-4959-895e-6a87d28c3b62,Heuristic,99,6,0
d78e6d14-d46b-4628-9cd5-c8a344696add,115,27fdb69e-37d5-4584-9445-4b0b6a03a29c,Snake1,59,3,0
d78e6d14-d46b-4628-9cd5-c8a344696add,115,5bb638ac-1633-4344-82eb-fdddece1745c,Snake2,31,3,0
d78e6d14-d46b-4628-9cd5-c8a344696add,115,51844632-1e1e-456a-bf01-515999d5bb48,Heuristic,96,4,0
d78e6d14-d46b-4628-9cd5-c8a344696add,115,e53457d2-f81b-4959-895e-6a87d28c3b62,Heuristic,100,4,0
d78e6d14-d46b-4628-9cd5-c8a344696add,115,27fdb69e-37d5-4584-9445-4b0b6a03a29c,Snake1,59,3,0
d78e6d14-d46b-4628-9cd5-c8a344696add,115,5bb638ac-1633-4344-82eb-fdddece1745c,Snake2,32,7,0
d78e6d14-d46b-4628-9cd5-c8a344696add,115,51844632-1e1e-456a-bf01-515999d5bb48,Heuristic,31,8,0
d78e6d14-d46b-4628-9cd5-c8a344696add,115,e53457d2-f81b-4959-895e-6a87d28c3b62,Heuristic,99,6,0
d78e6d14-d46b-4628-9cd5-c8a344696add,115,27fdb69e-37d5-4584-9445-4b0b6a03a29c,Snake1,59,3,0
d78e6d14-d46b-4628-9cd5-c8a344696add,115,5bb638ac-1633-4344-82eb-fdddece1745c,Snake2,32,7,0
d78e6d14-d46b-4628-9cd5-c8a344696add,115,51844632-1e1e-456a-bf01-515999d5bb48,Heuristic,31,8,0
d78e6d14-d46b-4628-9cd5-c8a344696add,115,e53457d2-f81b-4959-895e-6a87d28c3b62,Heuristic,99,6,0
d78e6d14-d46b-4628-9cd5-c8a344696add,115,27fdb69e-37d5-4584-9445-4b0b6a03a29c,Snake1,59,3,0
d78e6d14-d46b-4628-9cd5-c8a344696add,115,5bb638ac-1633-4344-82eb-fdddece1745c,Snake2,65,5,0
d78e6d14-d46b-4628-9cd5-c8a344696add,115,51844632-1e1e-456a-bf01-515999d5bb48,Heuristic,97,7,0
d78e6d14-d46b-4628-9cd5-c8a344696add,115,e53457d2-f81b-4959-895e-6a87d28c3b62,Heuristic,99,6,0
