game_id,turn,snake_id,snake_name,health,length,alive
f8c9fd04-6da8-4dde-8d76-ee054b243ee7,0,85efe15b-d284-4126-8ef1-9cf164216c68,Heuristic1,100,3,1
f8c9fd04-6da8-4dde-8d76-ee054b243ee7,0,7f18bb1d-8ffc-4412-aa60-be33468a6e7a,Heuristic2,100,3,1
f8c9fd04-6da8-4dde-8d76-ee054b243ee7,0,c6c2658a-19b5-4c04-bf16-0bc26395f74e,MCTS1,100,3,1
f8c9fd04-6da8-4dde-8d76-ee054b243ee7,0,1541b09b-08cf-48e9-8db7-832ff19ce4f2,MCTS2,100,3,1
f8c9fd04-6da8-4dde-8d76-ee054b243ee7,1,85efe15b-d284-4126-8ef1-9cf164216c68,Heuristic1,99,3,1
f8c9fd04-6da8-4dde-8d76-ee054b243ee7,1,7f18bb1d-8ffc-4412-aa60-be33468a6e7a,Heuristic2,99,3,1
f8c9fd04-6da8-4dde-8d76-ee054b243ee7,1,c6c2658a-19b5-4c04-bf16-0bc26395f74e,MCTS1,99,3,1
f8c9fd04-6da8-4dde-8d76-ee054b243ee7,1,1541b09b-08cf-48e9-8db7-832ff19ce4f2,MCTS2,99,3,1
f8c9fd04-6da8-4dde-8d76-ee054b243ee7,1,85efe15b-d284-4126-8ef1-9cf164216c68,Heuristic1,99,3,1
f8c9fd04-6da8-4dde-8d76-ee054b243ee7,1,7f18bb1d-8ffc-4412-aa60-be33468a6e7a,Heuristic2,99,3,1
f8c9fd04-6da8-4dde-8d76-ee054b243ee7,1,c6c2658a-19b5-4c04-bf16-0bc26395f74e,MCTS1,99,3,1
f8c9fd04-6da8-4dde-8d76-ee054b243ee7,1,1541b09b-08cf-48e9-8db7-832ff19ce4f2,MCTS2,99,3,1
f8c9fd04-6da8-4dde-8d76-ee054b243ee7,1,85efe15b-d284-4126-8ef1-9cf164216c68,Heuristic1,99,3,1
f8c9fd04-6da8-4dde-8d76-ee054b243ee7,1,7f18bb1d-8ffc-4412-aa60-be33468a6e7a,Heuristic2,99,3,1
f8c9fd04-6da8-4dde-8d76-ee054b243ee7,1,c6c2658a-19b5-4c04-bf16-0bc26395f74e,MCTS1,99,3,1
f8c9fd04-6da8-4dde-8d76-ee054b243ee7,1,1541b09b-08cf-48e9-8db7-832ff19ce4f2,MCTS2,99,3,1
f8c9fd04-6da8-4dde-8d76-ee054b243ee7,1,85efe15b-d284-4126-8ef1-9cf164216c68,Heuristic1,99,3,1
f8c9fd04-6da8-4dde-8d76-ee054b243ee7,1,7f18bb1d-8ffc-4412-aa60-be33468a6e7a,Heuristic2,99,3,1
f8c9fd04-6da8-4dde-8d76-ee054b243ee7,1,c6c2658a-19b5-4c04-bf16-0bc26395f74e,MCTS1,99,3,1
f8c9fd04-6da8-4dde-8d76-ee054b243ee7,1,1541b09b-08cf-48e9-8db7-832ff19ce4f2,MCTS2,99,3,1
f8c9fd04-6da8-4dde-8d76-ee054b243ee7,2,85efe15b-d284-4126-8ef1-9cf164216c68,Heuristic1,98,3,1
f8c9fd04-6da8-4dde-8d76-ee054b243ee7,2,7f18bb1d-8ffc-4412-aa60-be33468a6e7a,Heuristic2,98,3,1
f8c9fd04-6da8-4dde-8d76-ee054b243ee7,2,c6c2658a-19b5-4c04-bf16-0bc26395f74e,MCTS1,98,3,1
f8c9fd04-6da8-4dde-8d76-ee054b243ee7,2,1541b09b-08cf-48e9-8db7-832ff19ce4f2,MCTS2,100,4,1
f8c9fd04-6da8-4dde-8d76-ee054b243ee7,2,85efe15b-d284-4126-8ef1-9cf164216c68,Heuristic1,98,3,1
f8c9fd04-6da8-4dde-8d76-ee054b243ee7,2,7f18bb1d-8ffc-4412-aa60-be33468a6e7a,Heuristic2,98,3,1
f8c9fd04-6da8-4dde-8d76-ee054b243ee7,2,c6c2658a-19b5-4c04-bf16-0bc26395f74e,MCTS1,98,3,1
f8c9fd04-6da8-4dde-8d76-ee054b243ee7,2,1541b09b-08cf-48e9-8db7-832ff19ce4f2,MCTS2,100,4,1
f8c9fd04-6da8-4dde-8d76-ee054b243ee7,2,85efe15b-d284-4126-8ef1-9cf164216c68,Heuristic1,98,3,1
f8c9fd04-6da8-4dde-8d76-ee054b243ee7,2,7f18bb1d-8ffc-4412-aa60-be33468a6e7a,Heuristic2,98,3,1
f8c9fd04-6da8-4dde-8d76-ee054b243ee7,2,c6c2658a-19b5-4c04-bf16-0bc26395f74e,MCTS1,98,3,1
f8c9fd04-6da8-4dde-8d76-ee054b243ee7,2,1541b09b-08cf-48e9-8db7-832ff19ce4f2,MCTS2,100,4,1
f8c9fd04-6da8-4dde-8d76-ee054b243ee7,2,85efe15b-d284-4126-8ef1-9cf164216c68,Heuristic1,98,3,1
f8c9fd04-6da8-4dde-8d76-ee054b243ee7,2,7f18bb1d-8ffc-4412-aa60-be33468a6e7a,Heuristic2,98,3,1
f8c9fd04-6da8-4dde-8d76-ee054b243ee7,2,c6c2658a-19b5-4c04-bf16-0bc26395f74e,MCTS1,98,3,1
f8c9fd04-6da8-4dde-8d76-ee054b243ee7,2,1541b09b-08cf-48e9-8db7-832ff19ce4f2,MCTS2,100,4,1
f8c9fd04-6da8-4dde-8d76-ee054b243ee7,3,85efe15b-d284-4126-8ef1-9cf164216c68,Heuristic1,97,3,1
f8c9fd04-6da8-4dde-8d76-ee054b243ee7,3,7f18bb1d-8ffc-4412-aa60-be33468a6e7a,Heuristic2,97,3,1
f8c9fd04-6da8-4dde-8d76-ee054b243ee7,3,c6c2658a-19b5-4c04-bf16-0bc26395f74e,MCTS1,97,3,1
f8c9fd04-6da8-4dde-8d76-ee054b243ee7,3,1541b09b-08cf-48e9-8db7-832ff19ce4f2,MCTS2,99,4,1
f8c9fd04-6da8-4dde-8d76-ee054b243ee7,3,85efe15b-d284-4126-8ef1-9cf164216c68,Heuristic1,97,3,1
f8c9fd04-6da8-4dde-8d76-ee054b243ee7,3,7f18bb1d-8ffc-4412-aa60-be33468a6e7a,Heuristic2,97,3,1
f8c9fd04-6da8-4dde-8d76-ee054b243ee7,3,c6c2658a-19b5-4c04-bf16-0bc26395f74e,MCTS1,97,3,1
f8c9fd04-6da8-4dde-8d76-ee054b243ee7,3,1541b09b-08cf-48e9-8db7-832ff19ce4f2,MCTS2,99,4,1
f8c9fd04-6da8-4dde-8d76-ee054b243ee7,3,85efe15b-d284-4126-8ef1-9cf164216c68,Heuristic1,97,3,1
f8c9fd04-6da8-4dde-8d76-ee054b243ee7,3,7f18bb1d-8ffc-4412-aa60-be33468a6e7a,Heuristic2,97,3,1
f8c9fd04-6da8-4dde-8d76-ee054b243ee7,3,c6c2658a-19b5-4c04-bf16-0bc26395f74e,MCTS1,97,3,1
f8c9fd04-6da8-4dde-8d76-ee054b243ee7,3,1541b09b-08cf-48e9-8db7-832ff19ce4f2,MCTS2,99,4,1
f8c9fd04-6da8-4dde-8d76-ee054b243ee7,3,85efe15b-d284-4126-8ef1-9cf164216c68,Heuristic1,97,3,1
f8c9fd04-6da8-4dde-8d76-ee054b243ee7,3,7f18bb1d-8ffc-4412-aa60-be33468a6e7a,Heuristic2,97,3,1
f8c9fd04-6da8-4dde-8d76-ee054b243ee7,3,c6c2658a-19b5-4c04-bf16-0bc26395f74e,MCTS1,97,3,1
f8c9fd04-6da8-4dde-8d76-ee054b243ee7,3,1541b09b-08cf-48e9-8db7-832ff19ce4f2,MCTS2,99,4,1
f8c9fd04-6da8-4dde-8d76-ee054b243ee7,4,85efe15b-d284-4126-8ef1-9cf164216c68,Heuristic1,96,3,1
f8c9fd04-6da8-4dde-8d76-ee054b243ee7,4,7f18bb1d-8ffc-4412-aa60-be33468a6e7a,Heuristic2,96,3,1
f8c9fd04-6da8-4dde-8d76-ee054b243ee7,4,c6c2658a-19b5-4c04-bf16-0bc26395f74e,MCTS1,96,3,1
f8c9fd04-6da8-4dde-8d76-ee054b243ee7,4,1541b09b-08cf-48e9-8db7-832ff19ce4f2,MCTS2,98,4,1
f8c9fd04-6da8-4dde-8d76-ee054b243ee7,4,85efe15b-d284-4126-8ef1-9cf164216c68,Heuristic1,96,3,1
f8c9fd04-6da8-4dde-8d76-ee054b243ee7,4,7f18bb1d-8ffc-4412-aa60-be33468a6e7a,Heuristic2,96,3,1
f8c9fd04-6da8-4dde-8d76-ee054b243ee7,4,c6c2658a-19b5-4c04-bf16-0bc26395f74e,MCTS1,96,3,1
f8c9fd04-6da8-4dde-8d76-ee054b243ee7,4,1541b09b-08cf-48e9-8db7-832ff19ce4f2,MCTS2,98,4,1
f8c9fd04-6da8-4dde-8d76-ee054b243ee7,4,85efe15b-d284-4126-8ef1-9cf164216c68,Heuristic1,96,3,1
f8c9fd04-6da8-4dde-8d76-ee054b243ee7,4,7f18bb1d-8ffc-4412-aa60-be33468a6e7a,Heuristic2,96,3,1
f8c9fd04-6da8-4dde-8d76-ee054b243ee7,4,c6c2658a-19b5-4c04-bf16-0bc26395f74e,MCTS1,96,3,1
f8c9fd04-6da8-4dde-8d76-ee054b243ee7,4,1541b09b-08cf-48e9-8db7-832ff19ce4f2,MCTS2,98,4,1
f8c9fd04-6da8-4dde-8d76-ee054b243ee7,4,85efe15b-d284-4126-8ef1-9cf164216c68,Heuristic1,96,3,1
f8c9fd04-6da8-4dde-8d76-ee054b243ee7,4,7f18bb1d-8ffc-4412-aa60-be33468a6e7a,Heuristic2,96,3,1
f8c9fd04-6da8-4dde-8d76-ee054b243ee7,4,c6c2658a-19b5-4c04-bf16-0bc26395f74e,MCTS1,96,3,1
f8c9fd04-6da8-4dde-8d76-ee054b243ee7,4,1541b09b-08cf-48e9-8db7-832ff19ce4f2,MCTS2,98,4,1
f8c9fd04-6da8-4dde-8d76-ee054b243ee7,5,85efe15b-d284-4126-8ef1-9cf164216c68,Heuristic1,95,3,1
f8c9fd04-6da8-4dde-8d76-ee054b243ee7,5,7f18bb1d-8ffc-4412-aa60-be33468a6e7a,Heuristic2,95,3,1
f8c9fd04-6da8-4dde-8d76-ee054b243ee7,5,c6c2658a-19b5-4c04-bf16-0bc26395f74e,MCTS1,95,3,1
f8c9fd04-6da8-4dde-8d76-ee054b243ee7,5,1541b09b-08cf-48e9-8db7-832ff19ce4f2,MCTS2,97,4,1
f8c9fd04-6da8-4dde-8d76-ee054b243ee7,5,85efe15b-d284-4126-8ef1-9cf164216c68,Heuristic1,95,3,1
f8c9fd04-6da8-4dde-8d76-ee054b243ee7,5,7f18bb1d-8ffc-4412-aa60-be33468a6e7a,Heuristic2,95,3,1
f8c9fd04-6da8-4dde-8d76-ee054b243ee7,5,c6c2658a-19b5-4c04-bf16-0bc26395f74e,MCTS1,95,3,1
f8c9fd04-6da8-4dde-8d76-ee054b243ee7,5,1541b09b-08cf-48e9-8db7-832ff19ce4f2,MCTS2,97,4,1
f8c9fd04-6da8-4dde-8d76-ee054b243ee7,5,85efe15b-d284-4126-8ef1-9cf164216c68,Heuristic1,95,3,1
f8c9fd04-6da8-4dde-8d76-ee054b243ee7,5,7f18bb1d-8ffc-4412-aa60-be33468a6e7a,Heuristic2,95,3,1
f8c9fd04-6da8-4dde-8d76-ee054b243ee7,5,c6c2658a-19b5-4c04-bf16-0bc26395f74e,MCTS1,95,3,1
f8c9fd04-6da8-4dde-8d76-ee054b243ee7,5,1541b09b-08cf-48e9-8db7-832ff19ce4f2,MCTS2,97,4,1
f8c9fd04-6da8-4dde-8d76-ee054b243ee7,5,85efe15b-d284-4126-8ef1-9cf164216c68,Heuristic1,95,3,1
f8c9fd04-6da8-4dde-8d76-ee054b243ee7,5,7f18bb1d-8ffc-4412-aa60-be33468a6e7a,Heuristic2,95,3,1
f8c9fd04-6da8-4dde-8d76-ee054b243ee7,5,c6c2658a-19b5-4c04-bf16-0bc26395f74e,MCTS1,95,3,1
f8c9fd04-6da8-4dde-8d76-ee054b243ee7,5,1541b09b-08cf-48e9-8db7-832ff19ce4f2,MCTS2,97,4,1
f8c9fd04-6da8-4dde-8d76-ee054b243ee7,6,85efe15b-d284-4126-8ef1-9cf164216c68,Heuristic1,94,3,1
f8c9fd04-6da8-4dde-8d76-ee054b243ee7,6,7f18bb1d-8ffc-4412-aa60-be33468a6e7a,Heuristic2,94,3,1
f8c9fd04-6da8-4dde-8d76-ee054b243ee7,6,c6c2658a-19b5-4c04-bf16-0bc26395f74e,MCTS1,94,3,1
f8c9fd04-6da8-4dde-8d76-ee054b243ee7,6,1541b09b-08cf-48e9-8db7-832ff19ce4f2,MCTS2,96,4,1
f8c9fd04-6da8-4dde-8d76-ee054b243ee7,6,85efe15b-d284-4126-8ef1-9cf164216c68,Heuristic1,94,3,1
f8c9fd04-6da8-4dde-8d76-ee054b243ee7,6,7f18bb1d-8ffc-4412-aa60-be33468a6e7a,Heuristic2,94,3,1
f8c9fd04-6da8-4dde-8d76-ee054b243ee7,6,c6c2658a-19b5-4c04-bf16-0bc26395f74e,MCTS1,94,3,1
f8c9fd04-6da8-4dde-8d76-ee054b243ee7,6,1541b09b-08cf-48e9-8db7-832ff19ce4f2,MCTS2,96,4,1
f8c9fd04-6da8-4dde-8d76-ee054b243ee7,6,85efe15b-d284-4126-8ef1-9cf164216c68,Heuristic1,94,3,1
f8c9fd04-6da8-4dde-8d76-ee054b243ee7,6,7f18bb1d-8ffc-4412-aa60-be33468a6e7a,Heuristic2,94,3,1
f8c9fd04-6da8-4dde-8d76-ee054b243ee7,6,c6c2658a-19b5-4c04-bf16-0bc26395f74e,MCTS1,94,3,1
f8c9fd04-6da8-4dde-8d76-ee054b243ee7,6,1541b09b-08cf-48e9-8db7-832ff19ce4f2,MCTS2,96,4,1
f8c9fd04-6da8-4dde-8d76-ee054b243ee7,6,85efe15b-d284-4126-8ef1-9cf164216c68,Heuristic1,94,3,1
f8c9fd04-6da8-4dde-8d76-ee054b243ee7,6,7f18bb1d-8ffc-4412-aa60-be33468a6e7a,Heuristic2,94,3,1
f8c9fd04-6da8-4dde-8d76-ee054b243ee7,6,c6c2658a-19b5-4c04-bf16-0bc26395f74e,MCTS1,94,3,1
f8c9fd04-6da8-4dde-8d76-ee054b243ee7,6,1541b09b-08cf-48e9-8db7-832ff19ce4f2,MCTS2,96,4,1
f8c9fd04-6da8-4dde-8d76-ee054b243ee7,7,85efe15b-d284-4126-8ef1-9cf164216c68,Heuristic1,93,3,1
f8c9fd04-6da8-4dde-8d76-ee054b243ee7,7,7f18bb1d-8ffc-4412-aa60-be33468a6e7a,Heuristic2,93,3,1
f8c9fd04-6da8-4dde-8d76-ee054b243ee7,7,c6c2658a-19b5-4c04-bf16-0bc26395f74e,MCTS1,93,3,1
f8c9fd04-6da8-4dde-8d76-ee054b243ee7,7,1541b09b-08cf-48e9-8db7-832ff19ce4f2,MCTS2,95,4,1
f8c9fd04-6da8-4dde-8d76-ee054b243ee7,7,85efe15b-d284-4126-8ef1-9cf164216c68,Heuristic1,93,3,1
f8c9fd04-6da8-4dde-8d76-ee054b243ee7,7,7f18bb1d-8ffc-4412-aa60-be33468a6e7a,Heuristic2,93,3,1
f8c9fd04-6da8-4dde-8d76-ee054b243ee7,7,c6c2658a-19b5-4c04-bf16-0bc26395f74e,MCTS1,93,3,1
f8c9fd04-6da8-4dde-8d76-ee054b243ee7,7,1541b09b-08cf-48e9-8db7-832ff19ce4f2,MCTS2,95,4,1
f8c9fd04-6da8-4dde-8d76-ee054b243ee7,7,85efe15b-d284-4126-8ef1-9cf164216c68,Heuristic1,93,3,1
f8c9fd04-6da8-4dde-8d76-ee054b243ee7,7,7f18bb1d-8ffc-4412-aa60-be33468a6e7a,Heuristic2,93,3,1
f8c9fd04-6da8-4dde-8d76-ee054b243ee7,7,c6c2658a-19b5-4c04-bf16-0bc26395f74e,MCTS1,93,3,1
f8c9fd04-6da8-4dde-8d76-ee054b243ee7,7,1541b09b-08cf-48e9-8db7-832ff19ce4f2,MCTS2,95,4,1
f8c9fd04-6da8-4dde-8d76-ee054b243ee7,7,85efe15b-d284-4126-8ef1-9cf164216c68,Heuristic1,93,3,1
f8c9fd04-6da8-4dde-8d76-ee054b243ee7,7,7f18bb1d-8ffc-4412-aa60-be33468a6e7a,Heuristic2,93,3,1
f8c9fd04-6da8-4dde-8d76-ee054b243ee7,7,c6c2658a-19b5-4c04-bf16-0bc26395f74e,MCTS1,93,3,1
f8c9fd04-6da8-4dde-8d76-ee054b243ee7,7,1541b09b-08cf-48e9-8db7-832ff19ce4f2,MCTS2,95,4,1
f8c9fd04-6da8-4dde-8d76-ee054b243ee7,8,85efe15b-d284-4126-8ef1-9cf164216c68,Heuristic1,92,3,1
f8c9fd04-6da8-4dde-8d76-ee054b243ee7,8,7f18bb1d-8ffc-4412-aa60-be33468a6e7a,Heuristic2,92,3,1
f8c9fd04-6da8-4dde-8d76-ee054b243ee7,8,c6c2658a-19b5-4c04-bf16-0bc26395f74e,MCTS1,92,3,1
f8c9fd04-6da8-4dde-8d76-ee054b243ee7,8,1541b09b-08cf-48e9-8db7-832ff19ce4f2,MCTS2,94,4,1
f8c9fd04-6da8-4dde-8d76-ee054b243ee7,8,85efe15b-d284-4126-8ef1-9cf164216c68,Heuristic1,92,3,1
f8c9fd04-6da8-4dde-8d76-ee054b243ee7,8,7f18bb1d-8ffc-4412-aa60-be33468a6e7a,Heuristic2,92,3,1
f8c9fd04-6da8-4dde-8d76-ee054b243ee7,8,c6c2658a-19b5-4c04-bf16-0bc26395f74e,MCTS1,92,3,1
f8c9fd04-6da8-4dde-8d76-ee054b243ee7,8,1541b09b-08cf-48e9-8db7-832ff19ce4f2,MCTS2,94,4,1
f8c9fd04-6da8-4dde-8d76-ee054b243ee7,8,85efe15b-d284-4126-8ef1-9cf164216c68,Heuristic1,92,3,1
f8c9fd04-6da8-4dde-8d76-ee054b243ee7,8,7f18bb1d-8ffc-4412-aa60-be33468a6e7a,Heuristic2,92,3,1
f8c9fd04-6da8-4dde-8d76-ee054b243ee7,8,c6c2658a-19b5-4c04-bf16-0bc26395f74e,MCTS1,92,3,1
f8c9fd04-6da8-4dde-8d76-ee054b243ee7,8,1541b09b-08cf-48e9-8db7-832ff19ce4f2,MCTS2,94,4,1
f8c9fd04-6da8-4dde-8d76-ee054b243ee7,8,85efe15b-d284-4126-8ef1-9cf164216c68,Heuristic1,92,3,1
f8c9fd04-6da8-4dde-8d76-ee054b243ee7,8,7f18bb1d-8ffc-4412-aa60-be33468a6e7a,Heuristic2,92,3,1
f8c9fd04-6da8-4dde-8d76-ee054b243ee7,8,c6c2658a-19b5-4c04-bf16-0bc26395f74e,MCTS1,92,3,1
f8c9fd04-6da8-4dde-8d76-ee054b243ee7,8,1541b09b-08cf-48e9-8db7-832ff19ce4f2,MCTS2,94,4,1
f8c9fd04-6da8-4dde-8d76-ee054b243ee7,9,85efe15b-d284-4126-8ef1-9cf164216c68,Heuristic1,91,3,1
f8c9fd04-6da8-4dde-8d76-ee054b243ee7,9,7f18bb1d-8ffc-4412-aa60-be33468a6e7a,Heuristic2,91,3,1
f8c9fd04-6da8-4dde-8d76-ee054b243ee7,9,c6c2658a-19b5-4c04-bf16-0bc26395f74e,MCTS1,91,3,1
f8c9fd04-6da8-4dde-8d76-ee054b243ee7,9,1541b09b-08cf-48e9-8db7-832ff19ce4f2,MCTS2,93,4,1
f8c9fd04-6da8-4dde-8d76-ee054b243ee7,9,85efe15b-d284-4126-8ef1-9cf164216c68,Heuristic1,91,3,1
f8c9fd04-6da8-4dde-8d76-ee054b243ee7,9,7f18bb1d-8ffc-4412-aa60-be33468a6e7a,Heuristic2,91,3,1
f8c9fd04-6da8-4dde-8d76-ee054b243ee7,9,c6c2658a-19b5-4c04-bf16-0bc26395f74e,MCTS1,91,3,1
f8c9fd04-6da8-4dde-8d76-ee054b243ee7,9,1541b09b-08cf-48e9-8db7-832ff19ce4f2,MCTS2,93,4,1
f8c9fd04-6da8-4dde-8d76-ee054b243ee7,9,85efe15b-d284-4126-8ef1-9cf164216c68,Heuristic1,91,3,1
f8c9fd04-6da8-4dde-8d76-ee054b243ee7,9,7f18bb1d-8ffc-4412-aa60-be33468a6e7a,Heuristic2,91,3,1
f8c9fd04-6da8-4dde-8d76-ee054b243ee7,9,c6c2658a-19b5-4c04-bf16-0bc26395f74e,MCTS1,91,3,1
f8c9fd04-6da8-4dde-8d76-ee054b243ee7,9,1541b09b-08cf-48e9-8db7-832ff19ce4f2,MCTS2,93,4,1
f8c9fd04-6da8-4dde-8d76-ee054b243ee7,9,85efe15b-d284-4126-8ef1-9cf164216c68,Heuristic1,91,3,1
f8c9fd04-6da8-4dde-8d76-ee054b243ee7,9,7f18bb1d-8ffc-4412-aa60-be33468a6e7a,Heuristic2,91,3,1
f8c9fd04-6da8-4dde-8d76-ee054b243ee7,9,c6c2658a-19b5-4c04-bf16-0bc26395f74e,MCTS1,91,3,1
f8c9fd04-6da8-4dde-8d76-ee054b243ee7,9,1541b09b-08cf-48e9-8db7-832ff19ce4f2,MCTS2,93,4,1
f8c9fd04-6da8-4dde-8d76-ee054b243ee7,10,85efe15b-d284-4126-8ef1-9cf164216c68,Heuristic1,90,3,1
f8c9fd04-6da8-4dde-8d76-ee054b243ee7,10,7f18bb1d-8ffc-4412-aa60-be33468a6e7a,Heuristic2,90,3,1
f8c9fd04-6da8-4dde-8d76-ee054b243ee7,10,c6c2658a-19b5-4c04-bf16-0bc26395f74e,MCTS1,90,3,1
f8c9fd04-6da8-4dde-8d76-ee054b243ee7,10,1541b09b-08cf-48e9-8db7-832ff19ce4f2,MCTS2,92,4,1
f8c9fd04-6da8-4dde-8d76-ee054b243ee7,10,85efe15b-d284-4126-8ef1-9cf164216c68,Heuristic1,90,3,1
f8c9fd04-6da8-4dde-8d76-ee054b243ee7,10,7f18bb1d-8ffc-4412-aa60-be33468a6e7a,Heuristic2,90,3,1
f8c9fd04-6da8-4dde-8d76-ee054b243ee7,10,c6c2658a-19b5-4c04-bf16-0bc26395f74e,MCTS1,90,3,1
f8c9fd04-6da8-4dde-8d76-ee054b243ee7,10,1541b09b-08cf-48e9-8db7-832ff19ce4f2,MCTS2,92,4,1
f8c9fd04-6da8-4dde-8d76-ee054b243ee7,10,85efe15b-d284-4126-8ef1-9cf164216c68,Heuristic1,90,3,1
f8c9fd04-6da8-4dde-8d76-ee054b243ee7,10,7f18bb1d-8ffc-4412-aa60-be33468a6e7a,Heuristic2,90,3,1
f8c9fd04-6da8-4dde-8d76-ee054b243ee7,10,c6c2658a-19b5-4c04-bf16-0bc26395f74e,MCTS1,90,3,1
f8c9fd04-6da8-4dde-8d76-ee054b243ee7,10,1541b09b-08cf-48e9-8db7-832ff19ce4f2,MCTS2,92,4,1
f8c9fd04-6da8-4dde-8d76-ee054b243ee7,10,85efe15b-d284-4126-8ef1-9cf164216c68,Heuristic1,90,3,1
f8c9fd04-6da8-4dde-8d76-ee054b243ee7,10,7f18bb1d-8ffc-4412-aa60-be33468a6e7a,Heuristic2,90,3,1
f8c9fd04-6da8-4dde-8d76-ee054b243ee7,10,c6c2658a-19b5-4c04-bf16-0bc26395f74e,MCTS1,90,3,1
f8c9fd04-6da8-4dde-8d76-ee054b243ee7,10,1541b09b-08cf-48e9-8db7-832ff19ce4f2,MCTS2,92,4,1
f8c9fd04-6da8-4dde-8d76-ee054b243ee7,11,85efe15b-d284-4126-8ef1-9cf164216c68,Heuristic1,89,3,1
f8c9fd04-6da8-4dde-8d76-ee054b243ee7,11,7f18bb1d-8ffc-4412-aa60-be33468a6e7a,Heuristic2,89,3,1
f8c9fd04-6da8-4dde-8d76-ee054b243ee7,11,c6c2658a-19b5-4c04-bf16-0bc26395f74e,MCTS1,89,3,1
f8c9fd04-6da8-4dde-8d76-ee054b243ee7,11,1541b09b-08cf-48e9-8db7-832ff19ce4f2,MCTS2,91,4,1
f8c9fd04-6da8-4dde-8d76-ee054b243ee7,11,85efe15b-d284-4126-8ef1-9cf164216c68,Heuristic1,89,3,1
f8c9fd04-6da8-4dde-8d76-ee054b243ee7,11,7f18bb1d-8ffc-4412-aa60-be33468a6e7a,Heuristic2,89,3,1
f8c9fd04-6da8-4dde-8d76-ee054b243ee7,11,c6c2658a-19b5-4c04-bf16-0bc26395f74e,MCTS1,89,3,1
f8c9fd04-6da8-4dde-8d76-ee054b243ee7,11,1541b09b-08cf-48e9-8db7-832ff19ce4f2,MCTS2,91,4,1
f8c9fd04-6da8-4dde-8d76-ee054b243ee7,11,85efe15b-d284-4126-8ef1-9cf164216c68,Heuristic1,89,3,1
f8c9fd04-6da8-4dde-8d76-ee054b243ee7,11,7f18bb1d-8ffc-4412-aa60-be33468a6e7a,Heuristic2,89,3,1
f8c9fd04-6da8-4dde-8d76-ee054b243ee7,11,c6c2658a-19b5-4c04-bf16-0bc26395f74e,MCTS1,89,3,1
f8c9fd04-6da8-4dde-8d76-ee054b243ee7,11,1541b09b-08cf-48e9-8db7-832ff19ce4f2,MCTS2,91,4,1
f8c9fd04-6da8-4dde-8d76-ee054b243ee7,11,85efe15b-d284-4126-8ef1-9cf164216c68,Heuristic1,89,3,1
f8c9fd04-6da8-4dde-8d76-ee054b243ee7,11,7f18bb1d-8ffc-4412-aa60-be33468a6e7a,Heuristic2,89,3,1
f8c9fd04-6da8-4dde-8d76-ee054b243ee7,11,c6c2658a-19b5-4c04-bf16-0bc26395f74e,MCTS1,89,3,1
f8c9fd04-6da8-4dde-8d76-ee054b243ee7,11,1541b09b-08cf-48e9-8db7-832ff19ce4f2,MCTS2,91,4,1
f8c9fd04-6da8-4dde-8d76-ee054b243ee7,12,85efe15b-d284-4126-8ef1-9cf164216c68,Heuristic1,88,3,1
f8c9fd04-6da8-4dde-8d76-ee054b243ee7,12,7f18bb1d-8ffc-4412-aa60-be33468a6e7a,Heuristic2,88,3,1
f8c9fd04-6da8-4dde-8d76-ee054b243ee7,12,c6c2658a-19b5-4c04-bf16-0bc26395f74e,MCTS1,88,3,1
f8c9fd04-6da8-4dde-8d76-ee054b243ee7,12,1541b09b-08cf-48e9-8db7-832ff19ce4f2,MCTS2,90,4,1
f8c9fd04-6da8-4dde-8d76-ee054b243ee7,12,85efe15b-d284-4126-8ef1-9cf164216c68,Heuristic1,88,3,1
f8c9fd04-6da8-4dde-8d76-ee054b243ee7,12,7f18bb1d-8ffc-4412-aa60-be33468a6e7a,Heuristic2,88,3,1
f8c9fd04-6da8-4dde-8d76-ee054b243ee7,12,c6c2658a-19b5-4c04-bf16-0bc26395f74e,MCTS1,88,3,1
f8c9fd04-6da8-4dde-8d76-ee054b243ee7,12,1541b09b-08cf-48e9-8db7-832ff19ce4f2,MCTS2,90,4,1
f8c9fd04-6da8-4dde-8d76-ee054b243ee7,12,85efe15b-d284-4126-8ef1-9cf164216c68,Heuristic1,88,3,1
f8c9fd04-6da8-4dde-8d76-ee054b243ee7,12,7f18bb1d-8ffc-4412-aa60-be33468a6e7a,Heuristic2,88,3,1
f8c9fd04-6da8-4dde-8d76-ee054b243ee7,12,c6c2658a-19b5-4c04-bf16-0bc26395f74e,MCTS1,88,3,1
f8c9fd04-6da8-4dde-8d76-ee054b243ee7,12,1541b09b-08cf-48e9-8db7-832ff19ce4f2,MCTS2,90,4,1
f8c9fd04-6da8-4dde-8d76-ee054b243ee7,12,85efe15b-d284-4126-8ef1-9cf164216c68,Heuristic1,88,3,1
f8c9fd04-6da8-4dde-8d76-ee054b243ee7,12,7f18bb1d-8ffc-4412-aa60-be33468a6e7a,Heuristic2,88,3,1
f8c9fd04-6da8-4dde-8d76-ee054b243ee7,12,c6c2658a-19b5-4c04-bf16-0bc26395f74e,MCTS1,88,3,1
f8c9fd04-6da8-4dde-8d76-ee054b243ee7,12,1541b09b-08cf-48e9-8db7-832ff19ce4f2,MCTS2,90,4,1
f8c9fd04-6da8-4dde-8d76-ee054b243ee7,13,85efe15b-d284-4126-8ef1-9cf164216c68,Heuristic1,87,3,1
f8c9fd04-6da8-4dde-8d76-ee054b243ee7,13,7f18bb1d-8ffc-4412-aa60-be33468a6e7a,Heuristic2,87,3,1
f8c9fd04-6da8-4dde-8d76-ee054b243ee7,13,c6c2658a-19b5-4c04-bf16-0bc26395f74e,MCTS1,87,3,1
f8c9fd04-6da8-4dde-8d76-ee054b243ee7,13,1541b09b-08cf-48e9-8db7-832ff19ce4f2,MCTS2,89,4,1
f8c9fd04-6da8-4dde-8d76-ee054b243ee7,13,85efe15b-d284-4126-8ef1-9cf164216c68,Heuristic1,87,3,1
f8c9fd04-6da8-4dde-8d76-ee054b243ee7,13,7f18bb1d-8ffc-4412-aa60-be33468a6e7a,Heuristic2,87,3,1
f8c9fd04-6da8-4dde-8d76-ee054b243ee7,13,c6c2658a-19b5-4c04-bf16-0bc26395f74e,MCTS1,87,3,1
f8c9fd04-6da8-4dde-8d76-ee054b243ee7,13,1541b09b-08cf-48e9-8db7-832ff19ce4f2,MCTS2,89,4,1
f8c9fd04-6da8-4dde-8d76-ee054b243ee7,13,85efe15b-d284-4126-8ef1-9cf164216c68,Heuristic1,87,3,1
f8c9fd04-6da8-4dde-8d76-ee054b243ee7,13,7f18bb1d-8ffc-4412-aa60-be33468a6e7a,Heuristic2,87,3,1
f8c9fd04-6da8-4dde-8d76-ee054b243ee7,13,c6c2658a-19b5-4c04-bf16-0bc26395f74e,MCTS1,87,3,1
f8c9fd04-6da8-4dde-8d76-ee054b243ee7,13,1541b09b-08cf-48e9-8db7-832ff19ce4f2,MCTS2,89,4,1
f8c9fd04-6da8-4dde-8d76-ee054b243ee7,13,85efe15b-d284-4126-8ef1-9cf164216c68,Heuristic1,87,3,1
f8c9fd04-6da8-4dde-8d76-ee054b243ee7,13,7f18bb1d-8ffc-4412-aa60-be33468a6e7a,Heuristic2,87,3,1
f8c9fd04-6da8-4dde-8d76-ee054b243ee7,13,c6c2658a-19b5-4c04-bf16-0bc26395f74e,MCTS1,87,3,1
f8c9fd04-6da8-4dde-8d76-ee054b243ee7,13,1541b09b-08cf-48e9-8db7-832ff19ce4f2,MCTS2,89,4,1
f8c9fd04-6da8-4dde-8d76-ee054b243ee7,14,85efe15b-d284-4126-8ef1-9cf164216c68,Heuristic1,86,3,1
f8c9fd04-6da8-4dde-8d76-ee054b243ee7,14,7f18bb1d-8ffc-4412-aa60-be33468a6e7a,Heuristic2,86,3,1
f8c9fd04-6da8-4dde-8d76-ee054b243ee7,14,c6c2658a-19b5-4c04-bf16-0bc26395f74e,MCTS1,100,4,1
f8c9fd04-6da8-4dde-8d76-ee054b243ee7,14,1541b09b-08cf-48e9-8db7-832ff19ce4f2,MCTS2,88,4,1
f8c9fd04-6da8-4dde-8d76-ee054b243ee7,14,85efe15b-d284-4126-8ef1-9cf164216c68,Heuristic1,86,3,1
f8c9fd04-6da8-4dde-8d76-ee054b243ee7,14,7f18bb1d-8ffc-4412-aa60-be33468a6e7a,Heuristic2,86,3,1
f8c9fd04-6da8-4dde-8d76-ee054b243ee7,14,c6c2658a-19b5-4c04-bf16-0bc26395f74e,MCTS1,100,4,1
f8c9fd04-6da8-4dde-8d76-ee054b243ee7,14,1541b09b-08cf-48e9-8db7-832ff19ce4f2,MCTS2,88,4,1
f8c9fd04-6da8-4dde-8d76-ee054b243ee7,14,85efe15b-d284-4126-8ef1-9cf164216c68,Heuristic1,86,3,1
f8c9fd04-6da8-4dde-8d76-ee054b243ee7,14,7f18bb1d-8ffc-4412-aa60-be33468a6e7a,Heuristic2,86,3,1
f8c9fd04-6da8-4dde-8d76-ee054b243ee7,14,c6c2658a-19b5-4c04-bf16-0bc26395f74e,MCTS1,100,4,1
f8c9fd04-6da8-4dde-8d76-ee054b243ee7,14,1541b09b-08cf-48e9-8db7-832ff19ce4f2,MCTS2,88,4,1
f8c9fd04-6da8-4dde-8d76-ee054b243ee7,14,85efe15b-d284-4126-8ef1-9cf164216c68,Heuristic1,86,3,1
f8c9fd04-6da8-4dde-8d76-ee054b243ee7,14,7f18bb1d-8ffc-4412-aa60-be33468a6e7a,Heuristic2,86,3,1
f8c9fd04-6da8-4dde-8d76-ee054b243ee7,14,c6c2658a-19b5-4c04-bf16-0bc26395f74e,MCTS1,100,4,1
f8c9fd04-6da8-4dde-8d76-ee054b243ee7,14,1541b09b-08cf-48e9-8db7-832ff19ce4f2,MCTS2,88,4,1
f8c9fd04-6da8-4dde-8d76-ee054b243ee7,15,85efe15b-d284-4126-8ef1-9cf164216c68,Heuristic1,85,3,1
f8c9fd04-6da8-4dde-8d76-ee054b243ee7,15,7f18bb1d-8ffc-4412-aa60-be33468a6e7a,Heuristic2,85,3,1
f8c9fd04-6da8-4dde-8d76-ee054b243ee7,15,c6c2658a-19b5-4c04-bf16-0bc26395f74e,MCTS1,99,4,1
f8c9fd04-6da8-4dde-8d76-ee054b243ee7,15,1541b09b-08cf-48e9-8db7-832ff19ce4f2,MCTS2,100,5,1
f8c9fd04-6da8-4dde-8d76-ee054b243ee7,15,85efe15b-d284-4126-8ef1-9cf164216c68,Heuristic1,85,3,1
f8c9fd04-6da8-4dde-8d76-ee054b243ee7,15,7f18bb1d-8ffc-4412-aa60-be33468a6e7a,Heuristic2,85,3,1
f8c9fd04-6da8-4dde-8d76-ee054b243ee7,15,c6c2658a-19b5-4c04-bf16-0bc26395f74e,MCTS1,99,4,1
f8c9fd04-6da8-4dde-8d76-ee054b243ee7,15,1541b09b-08cf-48e9-8db7-832ff19ce4f2,MCTS2,100,5,1
f8c9fd04-6da8-4dde-8d76-ee054b243ee7,15,85efe15b-d284-4126-8ef1-9cf164216c68,Heuristic1,85,3,1
f8c9fd04-6da8-4dde-8d76-ee054b243ee7,15,7f18bb1d-8ffc-4412-aa60-be33468a6e7a,Heuristic2,85,3,1
f8c9fd04-6da8-4dde-8d76-ee054b243ee7,15,c6c2658a-19b5-4c04-bf16-0bc26395f74e,MCTS1,99,4,1
f8c9fd04-6da8-4dde-8d76-ee054b243ee7,15,1541b09b-08cf-48e9-8db7-832ff19ce4f2,MCTS2,100,5,1
f8c9fd04-6da8-4dde-8d76-ee054b243ee7,15,85efe15b-d284-4126-8ef1-9cf164216c68,Heuristic1,85,3,1
f8c9fd04-6da8-4dde-8d76-ee054b243ee7,15,7f18bb1d-8ffc-4412-aa60-be33468a6e7a,Heuristic2,85,3,1
f8c9fd04-6da8-4dde-8d76-ee054b243ee7,15,c6c2658a-19b5-4c04-bf16-0bc26395f74e,MCTS1,99,4,1
f8c9fd04-6da8-4dde-8d76-ee054b243ee7,15,1541b09b-08cf-48e9-8db7-832ff19ce4f2,MCTS2,100,5,1
f8c9fd04-6da8-4dde-8d76-ee054b243ee7,16,85efe15b-d284-4126-8ef1-9cf164216c68,Heuristic1,84,3,1
f8c9fd04-6da8-4dde-8d76-ee054b243ee7,16,7f18bb1d-8ffc-4412-aa60-be33468a6e7a,Heuristic2,84,3,1
f8c9fd04-6da8-4dde-8d76-ee054b243ee7,16,c6c2658a-19b5-4c04-bf16-0bc26395f74e,MCTS1,98,4,1
f8c9fd04-6da8-4dde-8d76-ee054b243ee7,16,1541b09b-08cf-48e9-8db7-832ff19ce4f2,MCTS2,99,5,1
f8c9fd04-6da8-4dde-8d76-ee054b243ee7,16,85efe15b-d284-4126-8ef1-9cf164216c68,Heuristic1,84,3,1
f8c9fd04-6da8-4dde-8d76-ee054b243ee7,16,7f18bb1d-8ffc-4412-aa60-be33468a6e7a,Heuristic2,84,3,1
f8c9fd04-6da8-4dde-8d76-ee054b243ee7,16,c6c2658a-19b5-4c04-bf16-0bc26395f74e,MCTS1,98,4,1
f8c9fd04-6da8-4dde-8d76-ee054b243ee7,16,1541b09b-08cf-48e9-8db7-832ff19ce4f2,MCTS2,99,5,1
f8c9fd04-6da8-4dde-8d76-ee054b243ee7,16,85efe15b-d284-4126-8ef1-9cf164216c68,Heuristic1,84,3,1
f8c9fd04-6da8-4dde-8d76-ee054b243ee7,16,7f18bb1d-8ffc-4412-aa60-be33468a6e7a,Heuristic2,84,3,1
f8c9fd04-6da8-4dde-8d76-ee054b243ee7,16,c6c2658a-19b5-4c04-bf16-0bc26395f74e,MCTS1,98,4,1
f8c9fd04-6da8-4dde-8d76-ee054b243ee7,16,1541b09b-08cf-48e9-8db7-832ff19ce4f2,MCTS2,99,5,1
f8c9fd04-6da8-4dde-8d76-ee054b243ee7,16,85efe15b-d284-4126-8ef1-9cf164216c68,Heuristic1,84,3,1
f8c9fd04-6da8-4dde-8d76-ee054b243ee7,16,7f18bb1d-8ffc-4412-aa60-be33468a6e7a,Heuristic2,84,3,1
f8c9fd04-6da8-4dde-8d76-ee054b243ee7,16,c6c2658a-19b5-4c04-bf16-0bc26395f74e,MCTS1,98,4,1
f8c9fd04-6da8-4dde-8d76-ee054b243ee7,16,1541b09b-08cf-48e9-8db7-832ff19ce4f2,MCTS2,99,5,1
f8c9fd04-6da8-4dde-8d76-ee054b243ee7,17,85efe15b-d284-4126-8ef1-9cf164216c68,Heuristic1,83,3,1
f8c9fd04-6da8-4dde-8d76-ee054b243ee7,17,7f18bb1d-8ffc-4412-aa60-be33468a6e7a,Heuristic2,83,3,1
f8c9fd04-6da8-4dde-8d76-ee054b243ee7,17,c6c2658a-19b5-4c04-bf16-0bc26395f74e,MCTS1,97,4,1
f8c9fd04-6da8-4dde-8d76-ee054b243ee7,17,1541b09b-08cf-48e9-8db7-832ff19ce4f2,MCTS2,98,5,1
f8c9fd04-6da8-4dde-8d76-ee054b243ee7,17,85efe15b-d284-4126-8ef1-9cf164216c68,Heuristic1,83,3,1
f8c9fd04-6da8-4dde-8d76-ee054b243ee7,17,7f18bb1d-8ffc-4412-aa60-be33468a6e7a,Heuristic2,83,3,1
f8c9fd04-6da8-4dde-8d76-ee054b243ee7,17,c6c2658a-19b5-4c04-bf16-0bc26395f74e,MCTS1,97,4,1
f8c9fd04-6da8-4dde-8d76-ee054b243ee7,17,1541b09b-08cf-48e9-8db7-832ff19ce4f2,MCTS2,98,5,1
f8c9fd04-6da8-4dde-8d76-ee054b243ee7,17,85efe15b-d284-4126-8ef1-9cf164216c68,Heuristic1,83,3,1
f8c9fd04-6da8-4dde-8d76-ee054b243ee7,17,7f18bb1d-8ffc-4412-aa60-be33468a6e7a,Heuristic2,83,3,1
f8c9fd04-6da8-4dde-8d76-ee054b243ee7,17,c6c2658a-19b5-4c04-bf16-0bc26395f74e,MCTS1,97,4,1
f8c9fd04-6da8-4dde-8d76-ee054b243ee7,17,1541b09b-08cf-48e9-8db7-832ff19ce4f2,MCTS2,98,5,1
f8c9fd04-6da8-4dde-8d76-ee054b243ee7,17,85efe15b-d284-4126-8ef1-9cf164216c68,Heuristic1,83,3,1
f8c9fd04-6da8-4dde-8d76-ee054b243ee7,17,7f18bb1d-8ffc-4412-aa60-be33468a6e7a,Heuristic2,83,3,1
f8c9fd04-6da8-4dde-8d76-ee054b243ee7,17,c6c2658a-19b5-4c04-bf16-0bc26395f74e,MCTS1,97,4,1
f8c9fd04-6da8-4dde-8d76-ee054b243ee7,17,1541b09b-08cf-48e9-8db7-832ff19ce4f2,MCTS2,98,5,1
f8c9fd04-6da8-4dde-8d76-ee054b243ee7,18,85efe15b-d284-4126-8ef1-9cf164216c68,Heuristic1,82,3,1
f8c9fd04-6da8-4dde-8d76-ee054b243ee7,18,7f18bb1d-8ffc-4412-aa60-be33468a6e7a,Heuristic2,82,3,1
f8c9fd04-6da8-4dde-8d76-ee054b243ee7,18,c6c2658a-19b5-4c04-bf16-0bc26395f74e,MCTS1,100,5,1
f8c9fd04-6da8-4dde-8d76-ee054b243ee7,18,1541b09b-08cf-48e9-8db7-832ff19ce4f2,MCTS2,97,5,1
f8c9fd04-6da8-4dde-8d76-ee054b243ee7,18,85efe15b-d284-4126-8ef1-9cf164216c68,Heuristic1,82,3,1
f8c9fd04-6da8-4dde-8d76-ee054b243ee7,18,7f18bb1d-8ffc-4412-aa60-be33468a6e7a,Heuristic2,82,3,1
f8c9fd04-6da8-4dde-8d76-ee054b243ee7,18,c6c2658a-19b5-4c04-bf16-0bc26395f74e,MCTS1,100,5,1
f8c9fd04-6da8-4dde-8d76-ee054b243ee7,18,1541b09b-08cf-48e9-8db7-832ff19ce4f2,MCTS2,97,5,1
f8c9fd04-6da8-4dde-8d76-ee054b243ee7,18,85efe15b-d284-4126-8ef1-9cf164216c68,Heuristic1,82,3,1
f8c9fd04-6da8-4dde-8d76-ee054b243ee7,18,7f18bb1d-8ffc-4412-aa60-be33468a6e7a,Heuristic2,82,3,1
f8c9fd04-6da8-4dde-8d76-ee054b243ee7,18,c6c2658a-19b5-4c04-bf16-0bc26395f74e,MCTS1,100,5,1
f8c9fd04-6da8-4dde-8d76-ee054b243ee7,18,1541b09b-08cf-48e9-8db7-832ff19ce4f2,MCTS2,97,5,1
f8c9fd04-6da8-4dde-8d76-ee054b243ee7,18,85efe15b-d284-4126-8ef1-9cf164216c68,Heuristic1,82,3,1
f8c9fd04-6da8-4dde-8d76-ee054b243ee7,18,7f18bb1d-8ffc-4412-aa60-be33468a6e7a,Heuristic2,82,3,1
f8c9fd04-6da8-4dde-8d76-ee054b243ee7,18,c6c2658a-19b5-4c04-bf16-0bc26395f74e,MCTS1,100,5,1
f8c9fd04-6da8-4dde-8d76-ee054b243ee7,18,1541b09b-08cf-48e9-8db7-832ff19ce4f2,MCTS2,97,5,1
f8c9fd04-6da8-4dde-8d76-ee054b243ee7,19,85efe15b-d284-4126-8ef1-9cf164216c68,Heuristic1,81,3,1
f8c9fd04-6da8-4dde-8d76-ee054b243ee7,19,7f18bb1d-8ffc-4412-aa60-be33468a6e7a,Heuristic2,81,3,1
f8c9fd04-6da8-4dde-8d76-ee054b243ee7,19,c6c2658a-19b5-4c04-bf16-0bc26395f74e,MCTS1,99,5,1
f8c9fd04-6da8-4dde-8d76-ee054b243ee7,19,1541b09b-08cf-48e9-8db7-832ff19ce4f2,MCTS2,96,5,1
f8c9fd04-6da8-4dde-8d76-ee054b243ee7,19,85efe15b-d284-4126-8ef1-9cf164216c68,Heuristic1,81,3,1
f8c9fd04-6da8-4dde-8d76-ee054b243ee7,19,7f18bb1d-8ffc-4412-aa60-be33468a6e7a,Heuristic2,81,3,1
f8c9fd04-6da8-4dde-8d76-ee054b243ee7,19,c6c2658a-19b5-4c04-bf16-0bc26395f74e,MCTS1,99,5,1
f8c9fd04-6da8-4dde-8d76-ee054b243ee7,19,1541b09b-08cf-48e9-8db7-832ff19ce4f2,MCTS2,96,5,1
f8c9fd04-6da8-4dde-8d76-ee054b243ee7,19,85efe15b-d284-4126-8ef1-9cf164216c68,Heuristic1,81,3,1
f8c9fd04-6da8-4dde-8d76-ee054b243ee7,19,7f18bb1d-8ffc-4412-aa60-be33468a6e7a,Heuristic2,81,3,1
f8c9fd04-6da8-4dde-8d76-ee054b243ee7,19,c6c2658a-19b5-4c04-bf16-0bc26395f74e,MCTS1,99,5,1
f8c9fd04-6da8-4dde-8d76-ee054b243ee7,19,1541b09b-08cf-48e9-8db7-832ff19ce4f2,MCTS2,96,5,1
f8c9fd04-6da8-4dde-8d76-ee054b243ee7,19,85efe15b-d284-4126-8ef1-9cf164216c68,Heuristic1,81,3,1
f8c9fd04-6da8-4dde-8d76-ee054b243ee7,19,7f18bb1d-8ffc-4412-aa60-be33468a6e7a,Heuristic2,81,3,1
f8c9fd04-6da8-4dde-8d76-ee054b243ee7,19,c6c2658a-19b5-4c04-bf16-0bc26395f74e,MCTS1,99,5,1
f8c9fd04-6da8-4dde-8d76-ee054b243ee7,19,1541b09b-08cf-48e9-8db7-832ff19ce4f2,MCTS2,96,5,1
f8c9fd04-6da8-4dde-8d76-ee054b243ee7,20,85efe15b-d284-4126-8ef1-9cf164216c68,Heuristic1,80,3,1
f8c9fd04-6da8-4dde-8d76-ee054b243ee7,20,7f18bb1d-8ffc-4412-aa60-be33468a6e7a,Heuristic2,80,3,1
f8c9fd04-6da8-4dde-8d76-ee054b243ee7,20,c6c2658a-19b5-4c04-bf16-0bc26395f74e,MCTS1,98,5,1
f8c9fd04-6da8-4dde-8d76-ee054b243ee7,20,1541b09b-08cf-48e9-8db7-832ff19ce4f2,MCTS2,95,5,1
f8c9fd04-6da8-4dde-8d76-ee054b243ee7,20,85efe15b-d284-4126-8ef1-9cf164216c68,Heuristic1,80,3,1
f8c9fd04-6da8-4dde-8d76-ee054b243ee7,20,7f18bb1d-8ffc-4412-aa60-be33468a6e7a,Heuristic2,80,3,1
f8c9fd04-6da8-4dde-8d76-ee054b243ee7,20,c6c2658a-19b5-4c04-bf16-0bc26395f74e,MCTS1,98,5,1
f8c9fd04-6da8-4dde-8d76-ee054b243ee7,20,1541b09b-08cf-48e9-8db7-832ff19ce4f2,MCTS2,95,5,1
f8c9fd04-6da8-4dde-8d76-ee054b243ee7,20,85efe15b-d284-4126-8ef1-9cf164216c68,Heuristic1,80,3,1
f8c9fd04-6da8-4dde-8d76-ee054b243ee7,20,7f18bb1d-8ffc-4412-aa60-be33468a6e7a,Heuristic2,80,3,1
f8c9fd04-6da8-4dde-8d76-ee054b243ee7,20,c6c2658a-19b5-4c04-bf16-0bc26395f74e,MCTS1,98,5,1
f8c9fd04-6da8-4dde-8d76-ee054b243ee7,20,1541b09b-08cf-48e9-8db7-832ff19ce4f2,MCTS2,95,5,1
f8c9fd04-6da8-4dde-8d76-ee054b243ee7,20,85efe15b-d284-4126-8ef1-9cf164216c68,Heuristic1,80,3,1
f8c9fd04-6da8-4dde-8d76-ee054b243ee7,20,7f18bb1d-8ffc-4412-aa60-be33468a6e7a,Heuristic2,80,3,1
f8c9fd04-6da8-4dde-8d76-ee054b243ee7,20,c6c2658a-19b5-4c04-bf16-0bc26395f74e,MCTS1,98,5,1
f8c9fd04-6da8-4dde-8d76-ee054b243ee7,20,1541b09b-08cf-48e9-8db7-832ff19ce4f2,MCTS2,95,5,1
f8c9fd04-6da8-4dde-8d76-ee054b243ee7,21,85efe15b-d284-4126-8ef1-9cf164216c68,Heuristic1,79,3,1
f8c9fd04-6da8-4dde-8d76-ee054b243ee7,21,7f18bb1d-8ffc-4412-aa60-be33468a6e7a,Heuristic2,79,3,1
f8c9fd04-6da8-4dde-8d76-ee054b243ee7,21,c6c2658a-19b5-4c04-bf16-0bc26395f74e,MCTS1,97,5,1
f8c9fd04-6da8-4dde-8d76-ee054b243ee7,21,1541b09b-08cf-48e9-8db7-832ff19ce4f2,MCTS2,94,5,1
f8c9fd04-6da8-4dde-8d76-ee054b243ee7,21,85efe15b-d284-4126-8ef1-9cf164216c68,Heuristic1,79,3,1
f8c9fd04-6da8-4dde-8d76-ee054b243ee7,21,7f18bb1d-8ffc-4412-aa60-be33468a6e7a,Heuristic2,79,3,1
f8c9fd04-6da8-4dde-8d76-ee054b243ee7,21,c6c2658a-19b5-4c04-bf16-0bc26395f74e,MCTS1,97,5,1
f8c9fd04-6da8-4dde-8d76-ee054b243ee7,21,1541b09b-08cf-48e9-8db7-832ff19ce4f2,MCTS2,94,5,1
f8c9fd04-6da8-4dde-8d76-ee054b243ee7,21,85efe15b-d284-4126-8ef1-9cf164216c68,Heuristic1,79,3,1
f8c9fd04-6da8-4dde-8d76-ee054b243ee7,21,7f18bb1d-8ffc-4412-aa60-be33468a6e7a,Heuristic2,79,3,1
f8c9fd04-6da8-4dde-8d76-ee054b243ee7,21,c6c2658a-19b5-4c04-bf16-0bc26395f74e,MCTS1,97,5,1
f8c9fd04-6da8-4dde-8d76-ee054b243ee7,21,1541b09b-08cf-48e9-8db7-832ff19ce4f2,MCTS2,94,5,1
f8c9fd04-6da8-4dde-8d76-ee054b243ee7,21,85efe15b-d284-4126-8ef1-9cf164216c68,Heuristic1,79,3,1
f8c9fd04-6da8-4dde-8d76-ee054b243ee7,21,7f18bb1d-8ffc-4412-aa60-be33468a6e7a,Heuristic2,79,3,1
f8c9fd04-6da8-4dde-8d76-ee054b243ee7,21,c6c2658a-19b5-4c04-bf16-0bc26395f74e,MCTS1,97,5,1
f8c9fd04-6da8-4dde-8d76-ee054b243ee7,21,1541b09b-08cf-48e9-8db7-832ff19ce4f2,MCTS2,94,5,1
f8c9fd04-6da8-4dde-8d76-ee054b243ee7,22,85efe15b-d284-4126-8ef1-9cf164216c68,Heuristic1,78,3,1
f8c9fd04-6da8-4dde-8d76-ee054b243ee7,22,7f18bb1d-8ffc-4412-aa60-be33468a6e7a,Heuristic2,78,3,1
f8c9fd04-6da8-4dde-8d76-ee054b243ee7,22,c6c2658a-19b5-4c04-bf16-0bc26395f74e,MCTS1,96,5,1
f8c9fd04-6da8-4dde-8d76-ee054b243ee7,22,1541b09b-08cf-48e9-8db7-832ff19ce4f2,MCTS2,93,5,1
f8c9fd04-6da8-4dde-8d76-ee054b243ee7,22,85efe15b-d284-4126-8ef1-9cf164216c68,Heuristic1,78,3,1
f8c9fd04-6da8-4dde-8d76-ee054b243ee7,22,7f18bb1d-8ffc-4412-aa60-be33468a6e7a,Heuristic2,78,3,1
f8c9fd04-6da8-4dde-8d76-ee054b243ee7,22,c6c2658a-19b5-4c04-bf16-0bc26395f74e,MCTS1,96,5,1
f8c9fd04-6da8-4dde-8d76-ee054b243ee7,22,1541b09b-08cf-48e9-8db7-832ff19ce4f2,MCTS2,93,5,1
f8c9fd04-6da8-4dde-8d76-ee054b243ee7,22,85efe15b-d284-4126-8ef1-9cf164216c68,Heuristic1,78,3,1
f8c9fd04-6da8-4dde-8d76-ee054b243ee7,22,7f18bb1d-8ffc-4412-aa60-be33468a6e7a,Heuristic2,78,3,1
f8c9fd04-6da8-4dde-8d76-ee054b243ee7,22,c6c2658a-19b5-4c04-bf16-0bc26395f74e,MCTS1,96,5,1
f8c9fd04-6da8-4dde-8d76-ee054b243ee7,22,1541b09b-08cf-48e9-8db7-832ff19ce4f2,MCTS2,93,5,1
f8c9fd04-6da8-4dde-8d76-ee054b243ee7,22,85efe15b-d284-4126-8ef1-9cf164216c68,Heuristic1,78,3,1
f8c9fd04-6da8-4dde-8d76-ee054b243ee7,22,7f18bb1d-8ffc-4412-aa60-be33468a6e7a,Heuristic2,78,3,1
f8c9fd04-6da8-4dde-8d76-ee054b243ee7,22,c6c2658a-19b5-4c04-bf16-0bc26395f74e,MCTS1,96,5,1
f8c9fd04-6da8-4dde-8d76-ee054b243ee7,22,1541b09b-08cf-48e9-8db7-832ff19ce4f2,MCTS2,93,5,1
f8c9fd04-6da8-4dde-8d76-ee054b243ee7,23,85efe15b-d284-4126-8ef1-9cf164216c68,Heuristic1,77,3,1
f8c9fd04-6da8-4dde-8d76-ee054b243ee7,23,7f18bb1d-8ffc-4412-aa60-be33468a6e7a,Heuristic2,77,3,1
f8c9fd04-6da8-4dde-8d76-ee054b243ee7,23,c6c2658a-19b5-4c04-bf16-0bc26395f74e,MCTS1,95,5,1
f8c9fd04-6da8-4dde-8d76-ee054b243ee7,23,1541b09b-08cf-48e9-8db7-832ff19ce4f2,MCTS2,92,5,1
f8c9fd04-6da8-4dde-8d76-ee054b243ee7,23,85efe15b-d284-4126-8ef1-9cf164216c68,Heuristic1,77,3,1
f8c9fd04-6da8-4dde-8d76-ee054b243ee7,23,7f18bb1d-8ffc-4412-aa60-be33468a6e7a,Heuristic2,77,3,1
f8c9fd04-6da8-4dde-8d76-ee054b243ee7,23,c6c2658a-19b5-4c04-bf16-0bc26395f74e,MCTS1,95,5,1
f8c9fd04-6da8-4dde-8d76-ee054b243ee7,23,1541b09b-08cf-48e9-8db7-832ff19ce4f2,MCTS2,92,5,1
f8c9fd04-6da8-4dde-8d76-ee054b243ee7,23,85efe15b-d284-4126-8ef1-9cf164216c68,Heuristic1,77,3,1
f8c9fd04-6da8-4dde-8d76-ee054b243ee7,23,7f18bb1d-8ffc-4412-aa60-be33468a6e7a,Heuristic2,77,3,1
f8c9fd04-6da8-4dde-8d76-ee054b243ee7,23,c6c2658a-19b5-4c04-bf16-0bc26395f74e,MCTS1,95,5,1
f8c9fd04-6da8-4dde-8d76-ee054b243ee7,23,1541b09b-08cf-48e9-8db7-832ff19ce4f2,MCTS2,92,5,1
f8c9fd04-6da8-4dde-8d76-ee054b243ee7,23,85efe15b-d284-4126-8ef1-9cf164216c68,Heuristic1,77,3,1
f8c9fd04-6da8-4dde-8d76-ee054b243ee7,23,7f18bb1d-8ffc-4412-aa60-be33468a6e7a,Heuristic2,77,3,1
f8c9fd04-6da8-4dde-8d76-ee054b243ee7,23,c6c2658a-19b5-4c04-bf16-0bc26395f74e,MCTS1,95,5,1
f8c9fd04-6da8-4dde-8d76-ee054b243ee7,23,1541b09b-08cf-48e9-8db7-832ff19ce4f2,MCTS2,92,5,1
f8c9fd04-6da8-4dde-8d76-ee054b243ee7,24,85efe15b-d284-4126-8ef1-9cf164216c68,Heuristic1,76,3,1
f8c9fd04-6da8-4dde-8d76-ee054b243ee7,24,7f18bb1d-8ffc-4412-aa60-be33468a6e7a,Heuristic2,76,3,1
f8c9fd04-6da8-4dde-8d76-ee054b243ee7,24,c6c2658a-19b5-4c04-bf16-0bc26395f74e,MCTS1,94,5,1
f8c9fd04-6da8-4dde-8d76-ee054b243ee7,24,1541b09b-08cf-48e9-8db7-832ff19ce4f2,MCTS2,91,5,1
f8c9fd04-6da8-4dde-8d76-ee054b243ee7,24,85efe15b-d284-4126-8ef1-9cf164216c68,Heuristic1,76,3,1
f8c9fd04-6da8-4dde-8d76-ee054b243ee7,24,7f18bb1d-8ffc-4412-aa60-be33468a6e7a,Heuristic2,76,3,1
f8c9fd04-6da8-4dde-8d76-ee054b243ee7,24,c6c2658a-19b5-4c04-bf16-0bc26395f74e,MCTS1,94,5,1
f8c9fd04-6da8-4dde-8d76-ee054b243ee7,24,1541b09b-08cf-48e9-8db7-832ff19ce4f2,MCTS2,91,5,1
f8c9fd04-6da8-4dde-8d76-ee054b243ee7,24,85efe15b-d284-4126-8ef1-9cf164216c68,Heuristic1,76,3,1
f8c9fd04-6da8-4dde-8d76-ee054b243ee7,24,7f18bb1d-8ffc-4412-aa60-be33468a6e7a,Heuristic2,76,3,1
f8c9fd04-6da8-4dde-8d76-ee054b243ee7,24,c6c2658a-19b5-4c04-bf16-0bc26395f74e,MCTS1,94,5,1
f8c9fd04-6da8-4dde-8d76-ee054b243ee7,24,1541b09b-08cf-48e9-8db7-832ff19ce4f2,MCTS2,91,5,1
f8c9fd04-6da8-4dde-8d76-ee054b243ee7,24,85efe15b-d284-4126-8ef1-9cf164216c68,Heuristic1,76,3,1
f8c9fd04-6da8-4dde-8d76-ee054b243ee7,24,7f18bb1d-8ffc-4412-aa60-be33468a6e7a,Heuristic2,76,3,1
f8c9fd04-6da8-4dde-8d76-ee054b243ee7,24,c6c2658a-19b5-4c04-bf16-0bc26395f74e,MCTS1,94,5,1
f8c9fd04-6da8-4dde-8d76-ee054b243ee7,24,1541b09b-08cf-48e9-8db7-832ff19ce4f2,MCTS2,91,5,1
f8c9fd04-6da8-4dde-8d76-ee054b243ee7,25,85efe15b-d284-4126-8ef1-9cf164216c68,Heuristic1,75,3,1
f8c9fd04-6da8-4dde-8d76-ee054b243ee7,25,7f18bb1d-8ffc-4412-aa60-be33468a6e7a,Heuristic2,75,3,1
f8c9fd04-6da8-4dde-8d76-ee054b243ee7,25,c6c2658a-19b5-4c04-bf16-0bc26395f74e,MCTS1,93,5,1
f8c9fd04-6da8-4dde-8d76-ee054b243ee7,25,1541b09b-08cf-48e9-8db7-832ff19ce4f2,MCTS2,90,5,1
f8c9fd04-6da8-4dde-8d76-ee054b243ee7,25,85efe15b-d284-4126-8ef1-9cf164216c68,Heuristic1,75,3,1
f8c9fd04-6da8-4dde-8d76-ee054b243ee7,25,7f18bb1d-8ffc-4412-aa60-be33468a6e7a,Heuristic2,75,3,1
f8c9fd04-6da8-4dde-8d76-ee054b243ee7,25,c6c2658a-19b5-4c04-bf16-0bc26395f74e,MCTS1,93,5,1
f8c9fd04-6da8-4dde-8d76-ee054b243ee7,25,1541b09b-08cf-48e9-8db7-832ff19ce4f2,MCTS2,90,5,1
f8c9fd04-6da8-4dde-8d76-ee054b243ee7,25,85efe15b-d284-4126-8ef1-9cf164216c68,Heuristic1,75,3,1
f8c9fd04-6da8-4dde-8d76-ee054b243ee7,25,7f18bb1d-8ffc-4412-aa60-be33468a6e7a,Heuristic2,75,3,1
f8c9fd04-6da8-4dde-8d76-ee054b243ee7,25,c6c2658a-19b5-4c04-bf16-0bc26395f74e,MCTS1,93,5,1
f8c9fd04-6da8-4dde-8d76-ee054b243ee7,25,1541b09b-08cf-48e9-8db7-832ff19ce4f2,MCTS2,90,5,1
f8c9fd04-6da8-4dde-8d76-ee054b243ee7,25,85efe15b-d284-4126-8ef1-9cf164216c68,Heuristic1,75,3,1
f8c9fd04-6da8-4dde-8d76-ee054b243ee7,25,7f18bb1d-8ffc-4412-aa60-be33468a6e7a,Heuristic2,75,3,1
f8c9fd04-6da8-4dde-8d76-ee054b243ee7,25,c6c2658a-19b5-4c04-bf16-0bc26395f74e,MCTS1,93,5,1
f8c9fd04-6da8-4dde-8d76-ee054b243ee7,25,1541b09b-08cf-48e9-8db7-832ff19ce4f2,MCTS2,90,5,1
f8c9fd04-6da8-4dde-8d76-ee054b243ee7,26,85efe15b-d284-4126-8ef1-9cf164216c68,Heuristic1,74,3,1
f8c9fd04-6da8-4dde-8d76-ee054b243ee7,26,7f18bb1d-8ffc-4412-aa60-be33468a6e7a,Heuristic2,74,3,1
f8c9fd04-6da8-4dde-8d76-ee054b243ee7,26,c6c2658a-19b5-4c04-bf16-0bc26395f74e,MCTS1,100,6,1
f8c9fd04-6da8-4dde-8d76-ee054b243ee7,26,1541b09b-08cf-48e9-8db7-832ff19ce4f2,MCTS2,89,5,1
f8c9fd04-6da8-4dde-8d76-ee054b243ee7,26,85efe15b-d284-4126-8ef1-9cf164216c68,Heuristic1,74,3,1
f8c9fd04-6da8-4dde-8d76-ee054b243ee7,26,7f18bb1d-8ffc-4412-aa60-be33468a6e7a,Heuristic2,74,3,1
f8c9fd04-6da8-4dde-8d76-ee054b243ee7,26,c6c2658a-19b5-4c04-bf16-0bc26395f74e,MCTS1,100,6,1
f8c9fd04-6da8-4dde-8d76-ee054b243ee7,26,1541b09b-08cf-48e9-8db7-832ff19ce4f2,MCTS2,89,5,1
f8c9fd04-6da8-4dde-8d76-ee054b243ee7,26,85efe15b-d284-4126-8ef1-9cf164216c68,Heuristic1,74,3,1
f8c9fd04-6da8-4dde-8d76-ee054b243ee7,26,7f18bb1d-8ffc-4412-aa60-be33468a6e7a,Heuristic2,74,3,1
f8c9fd04-6da8-4dde-8d76-ee054b243ee7,26,c6c2658a-19b5-4c04-bf16-0bc26395f74e,MCTS1,100,6,1
f8c9fd04-6da8-4dde-8d76-ee054b243ee7,26,1541b09b-08cf-48e9-8db7-832ff19ce4f2,MCTS2,89,5,1
f8c9fd04-6da8-4dde-8d76-ee054b243ee7,26,85efe15b-d284-4126-8ef1-9cf164216c68,Heuristic1,74,3,1
f8c9fd04-6da8-4dde-8d76-ee054b243ee7,26,7f18bb1d-8ffc-4412-aa60-be33468a6e7a,Heuristic2,74,3,1
f8c9fd04-6da8-4dde-8d76-ee054b243ee7,26,c6c2658a-19b5-4c04-bf16-0bc26395f74e,MCTS1,100,6,1
f8c9fd04-6da8-4dde-8d76-ee054b243ee7,26,1541b09b-08cf-48e9-8db7-832ff19ce4f2,MCTS2,89,5,1
f8c9fd04-6da8-4dde-8d76-ee054b243ee7,27,85efe15b-d284-4126-8ef1-9cf164216c68,Heuristic1,73,3,1
f8c9fd04-6da8-4dde-8d76-ee054b243ee7,27,7f18bb1d-8ffc-4412-aa60-be33468a6e7a,Heuristic2,73,3,1
f8c9fd04-6da8-4dde-8d76-ee054b243ee7,27,c6c2658a-19b5-4c04-bf16-0bc26395f74e,MCTS1,99,6,1
f8c9fd04-6da8-4dde-8d76-ee054b243ee7,27,1541b09b-08cf-48e9-8db7-832ff19ce4f2,MCTS2,88,5,1
f8c9fd04-6da8-4dde-8d76-ee054b243ee7,27,85efe15b-d284-4126-8ef1-9cf164216c68,Heuristic1,73,3,1
f8c9fd04-6da8-4dde-8d76-ee054b243ee7,27,7f18bb1d-8ffc-4412-aa60-be33468a6e7a,Heuristic2,73,3,1
f8c9fd04-6da8-4dde-8d76-ee054b243ee7,27,c6c2658a-19b5-4c04-bf16-0bc26395f74e,MCTS1,99,6,1
f8c9fd04-6da8-4dde-8d76-ee054b243ee7,27,1541b09b-08cf-48e9-8db7-832ff19ce4f2,MCTS2,88,5,1
f8c9fd04-6da8-4dde-8d76-ee054b243ee7,27,85efe15b-d284-4126-8ef1-9cf164216c68,Heuristic1,73,3,1
f8c9fd04-6da8-4dde-8d76-ee054b243ee7,27,7f18bb1d-8ffc-4412-aa60-be33468a6e7a,Heuristic2,73,3,1
f8c9fd04-6da8-4dde-8d76-ee054b243ee7,27,c6c2658a-19b5-4c04-bf16-0bc26395f74e,MCTS1,99,6,1
f8c9fd04-6da8-4dde-8d76-ee054b243ee7,27,1541b09b-08cf-48e9-8db7-832ff19ce4f2,MCTS2,88,5,1
f8c9fd04-6da8-4dde-8d76-ee054b243ee7,27,85efe15b-d284-4126-8ef1-9cf164216c68,Heuristic1,73,3,1
f8c9fd04-6da8-4dde-8d76-ee054b243ee7,27,7f18bb1d-8ffc-4412-aa60-be33468a6e7a,Heuristic2,73,3,1
f8c9fd04-6da8-4dde-8d76-ee054b243ee7,27,c6c2658a-19b5-4c04-bf16-0bc26395f74e,MCTS1,99,6,1
f8c9fd04-6da8-4dde-8d76-ee054b243ee7,27,1541b09b-08cf-48e9-8db7-832ff19ce4f2,MCTS2,88,5,1
f8c9fd04-6da8-4dde-8d76-ee054b243ee7,28,85efe15b-d284-4126-8ef1-9cf164216c68,Heuristic1,72,3,1
f8c9fd04-6da8-4dde-8d76-ee054b243ee7,28,7f18bb1d-8ffc-4412-aa60-be33468a6e7a,Heuristic2,58,3,1
f8c9fd04-6da8-4dde-8d76-ee054b243ee7,28,c6c2658a-19b5-4c04-bf16-0bc26395f74e,MCTS1,98,6,1
f8c9fd04-6da8-4dde-8d76-ee054b243ee7,28,1541b09b-08cf-48e9-8db7-832ff19ce4f2,MCTS2,87,5,1
f8c9fd04-6da8-4dde-8d76-ee054b243ee7,28,85efe15b-d284-4126-8ef1-9cf164216c68,Heuristic1,72,3,1
f8c9fd04-6da8-4dde-8d76-ee054b243ee7,28,7f18bb1d-8ffc-4412-aa60-be33468a6e7a,Heuristic2,58,3,1
f8c9fd04-6da8-4dde-8d76-ee054b243ee7,28,c6c2658a-19b5-4c04-bf16-0bc26395f74e,MCTS1,98,6,1
f8c9fd04-6da8-4dde-8d76-ee054b243ee7,28,1541b09b-08cf-48e9-8db7-832ff19ce4f2,MCTS2,87,5,1
f8c9fd04-6da8-4dde-8d76-ee054b243ee7,28,85efe15b-d284-4126-8ef1-9cf164216c68,Heuristic1,72,3,1
f8c9fd04-6da8-4dde-8d76-ee054b243ee7,28,7f18bb1d-8ffc-4412-aa60-be33468a6e7a,Heuristic2,58,3,1
f8c9fd04-6da8-4dde-8d76-ee054b243ee7,28,c6c2658a-19b5-4c04-bf16-0bc26395f74e,MCTS1,98,6,1
f8c9fd04-6da8-4dde-8d76-ee054b243ee7,28,1541b09b-08cf-48e9-8db7-832ff19ce4f2,MCTS2,87,5,1
f8c9fd04-6da8-4dde-8d76-ee054b243ee7,28,85efe15b-d284-4126-8ef1-9cf164216c68,Heuristic1,72,3,1
f8c9fd04-6da8-4dde-8d76-ee054b243ee7,28,7f18bb1d-8ffc-4412-aa60-be33468a6e7a,Heuristic2,58,3,1
f8c9fd04-6da8-4dde-8d76-ee054b243ee7,28,c6c2658a-19b5-4c04-bf16-0bc26395f74e,MCTS1,98,6,1
f8c9fd04-6da8-4dde-8d76-ee054b243ee7,28,1541b09b-08cf-48e9-8db7-832ff19ce4f2,MCTS2,87,5,1
f8c9fd04-6da8-4dde-8d76-ee054b243ee7,29,85efe15b-d284-4126-8ef1-9cf164216c68,Heuristic1,71,3,1
f8c9fd04-6da8-4dde-8d76-ee054b243ee7,29,7f18bb1d-8ffc-4412-aa60-be33468a6e7a,Heuristic2,57,3,1
f8c9fd04-6da8-4dde-8d76-ee054b243ee7,29,c6c2658a-19b5-4c04-bf16-0bc26395f74e,MCTS1,97,6,1
f8c9fd04-6da8-4dde-8d76-ee054b243ee7,29,1541b09b-08cf-48e9-8db7-832ff19ce4f2,MCTS2,100,6,1
f8c9fd04-6da8-4dde-8d76-ee054b243ee7,29,85efe15b-d284-4126-8ef1-9cf164216c68,Heuristic1,71,3,1
f8c9fd04-6da8-4dde-8d76-ee054b243ee7,29,7f18bb1d-8ffc-4412-aa60-be33468a6e7a,Heuristic2,57,3,1
f8c9fd04-6da8-4dde-8d76-ee054b243ee7,29,c6c2658a-19b5-4c04-bf16-0bc26395f74e,MCTS1,97,6,1
f8c9fd04-6da8-4dde-8d76-ee054b243ee7,29,1541b09b-08cf-48e9-8db7-832ff19ce4f2,MCTS2,100,6,1
f8c9fd04-6da8-4dde-8d76-ee054b243ee7,29,85efe15b-d284-4126-8ef1-9cf164216c68,Heuristic1,71,3,1
f8c9fd04-6da8-4dde-8d76-ee054b243ee7,29,7f18bb1d-8ffc-4412-aa60-be33468a6e7a,Heuristic2,57,3,1
f8c9fd04-6da8-4dde-8d76-ee054b243ee7,29,c6c2658a-19b5-4c04-bf16-0bc26395f74e,MCTS1,97,6,1
f8c9fd04-6da8-4dde-8d76-ee054b243ee7,29,1541b09b-08cf-48e9-8db7-832ff19ce4f2,MCTS2,100,6,1
f8c9fd04-6da8-4dde-8d76-ee054b243ee7,29,85efe15b-d284-4126-8ef1-9cf164216c68,Heuristic1,71,3,1
f8c9fd04-6da8-4dde-8d76-ee054b243ee7,29,7f18bb1d-8ffc-4412-aa60-be33468a6e7a,Heuristic2,57,3,1
f8c9fd04-6da8-4dde-8d76-ee054b243ee7,29,c6c2658a-19b5-4c04-bf16-0bc26395f74e,MCTS1,97,6,1
f8c9fd04-6da8-4dde-8d76-ee054b243ee7,29,1541b09b-08cf-48e9-8db7-832ff19ce4f2,MCTS2,100,6,1
f8c9fd04-6da8-4dde-8d76-ee054b243ee7,30,85efe15b-d284-4126-8ef1-9cf164216c68,Heuristic1,70,3,1
f8c9fd04-6da8-4dde-8d76-ee054b243ee7,30,7f18bb1d-8ffc-4412-aa60-be33468a6e7a,Heuristic2,56,3,1
f8c9fd04-6da8-4dde-8d76-ee054b243ee7,30,c6c2658a-19b5-4c04-bf16-0bc26395f74e,MCTS1,82,6,1
f8c9fd04-6da8-4dde-8d76-ee054b243ee7,30,1541b09b-08cf-48e9-8db7-832ff19ce4f2,MCTS2,99,6,1
f8c9fd04-6da8-4dde-8d76-ee054b243ee7,30,85efe15b-d284-4126-8ef1-9cf164216c68,Heuristic1,70,3,1
f8c9fd04-6da8-4dde-8d76-ee054b243ee7,30,7f18bb1d-8ffc-4412-aa60-be33468a6e7a,Heuristic2,56,3,1
f8c9fd04-6da8-4dde-8d76-ee054b243ee7,30,c6c2658a-19b5-4c04-bf16-0bc26395f74e,MCTS1,82,6,1
f8c9fd04-6da8-4dde-8d76-ee054b243ee7,30,1541b09b-08cf-48e9-8db7-832ff19ce4f2,MCTS2,99,6,1
f8c9fd04-6da8-4dde-8d76-ee054b243ee7,30,85efe15b-d284-4126-8ef1-9cf164216c68,Heuristic1,70,3,1
f8c9fd04-6da8-4dde-8d76-ee054b243ee7,30,7f18bb1d-8ffc-4412-aa60-be33468a6e7a,Heuristic2,56,3,1
f8c9fd04-6da8-4dde-8d76-ee054b243ee7,30,c6c2658a-19b5-4c04-bf16-0bc26395f74e,MCTS1,82,6,1
f8c9fd04-6da8-4dde-8d76-ee054b243ee7,30,1541b09b-08cf-48e9-8db7-832ff19ce4f2,MCTS2,99,6,1
f8c9fd04-6da8-4dde-8d76-ee054b243ee7,30,85efe15b-d284-4126-8ef1-9cf164216c68,Heuristic1,70,3,1
f8c9fd04-6da8-4dde-8d76-ee054b243ee7,30,7f18bb1d-8ffc-4412-aa60-be33468a6e7a,Heuristic2,56,3,1
f8c9fd04-6da8-4dde-8d76-ee054b243ee7,30,c6c2658a-19b5-4c04-bf16-0bc26395f74e,MCTS1,82,6,1
f8c9fd04-6da8-4dde-8d76-ee054b243ee7,30,1541b09b-08cf-48e9-8db7-832ff19ce4f2,MCTS2,99,6,1
f8c9fd04-6da8-4dde-8d76-ee054b243ee7,31,85efe15b-d284-4126-8ef1-9cf164216c68,Heuristic1,69,3,1
f8c9fd04-6da8-4dde-8d76-ee054b243ee7,31,7f18bb1d-8ffc-4412-aa60-be33468a6e7a,Heuristic2,55,3,1
f8c9fd04-6da8-4dde-8d76-ee054b243ee7,31,c6c2658a-19b5-4c04-bf16-0bc26395f74e,MCTS1,81,6,1
f8c9fd04-6da8-4dde-8d76-ee054b243ee7,31,1541b09b-08cf-48e9-8db7-832ff19ce4f2,MCTS2,98,6,1
f8c9fd04-6da8-4dde-8d76-ee054b243ee7,31,85efe15b-d284-4126-8ef1-9cf164216c68,Heuristic1,69,3,1
f8c9fd04-6da8-4dde-8d76-ee054b243ee7,31,7f18bb1d-8ffc-4412-aa60-be33468a6e7a,Heuristic2,55,3,1
f8c9fd04-6da8-4dde-8d76-ee054b243ee7,31,c6c2658a-19b5-4c04-bf16-0bc26395f74e,MCTS1,81,6,1
f8c9fd04-6da8-4dde-8d76-ee054b243ee7,31,1541b09b-08cf-48e9-8db7-832ff19ce4f2,MCTS2,98,6,1
f8c9fd04-6da8-4dde-8d76-ee054b243ee7,31,85efe15b-d284-4126-8ef1-9cf164216c68,Heuristic1,69,3,1
f8c9fd04-6da8-4dde-8d76-ee054b243ee7,31,7f18bb1d-8ffc-4412-aa60-be33468a6e7a,Heuristic2,55,3,1
f8c9fd04-6da8-4dde-8d76-ee054b243ee7,31,c6c2658a-19b5-4c04-bf16-0bc26395f74e,MCTS1,81,6,1
f8c9fd04-6da8-4dde-8d76-ee054b243ee7,31,1541b09b-08cf-48e9-8db7-832ff19ce4f2,MCTS2,98,6,1
f8c9fd04-6da8-4dde-8d76-ee054b243ee7,31,85efe15b-d284-4126-8ef1-9cf164216c68,Heuristic1,69,3,1
f8c9fd04-6da8-4dde-8d76-ee054b243ee7,31,7f18bb1d-8ffc-4412-aa60-be33468a6e7a,Heuristic2,55,3,1
f8c9fd04-6da8-4dde-8d76-ee054b243ee7,31,c6c2658a-19b5-4c04-bf16-0bc26395f74e,MCTS1,81,6,1
f8c9fd04-6da8-4dde-8d76-ee054b243ee7,31,1541b09b-08cf-48e9-8db7-832ff19ce4f2,MCTS2,98,6,1
f8c9fd04-6da8-4dde-8d76-ee054b243ee7,32,85efe15b-d284-4126-8ef1-9cf164216c68,Heuristic1,68,3,1
f8c9fd04-6da8-4dde-8d76-ee054b243ee7,32,7f18bb1d-8ffc-4412-aa60-be33468a6e7a,Heuristic2,54,3,1
f8c9fd04-6da8-4dde-8d76-ee054b243ee7,32,c6c2658a-19b5-4c04-bf16-0bc26395f74e,MCTS1,80,6,1
f8c9fd04-6da8-4dde-8d76-ee054b243ee7,32,1541b09b-08cf-48e9-8db7-832ff19ce4f2,MCTS2,97,6,1
f8c9fd04-6da8-4dde-8d76-ee054b243ee7,32,85efe15b-d284-4126-8ef1-9cf164216c68,Heuristic1,68,3,1
f8c9fd04-6da8-4dde-8d76-ee054b243ee7,32,7f18bb1d-8ffc-4412-aa60-be33468a6e7a,Heuristic2,54,3,1
f8c9fd04-6da8-4dde-8d76-ee054b243ee7,32,c6c2658a-19b5-4c04-bf16-0bc26395f74e,MCTS1,80,6,1
f8c9fd04-6da8-4dde-8d76-ee054b243ee7,32,1541b09b-08cf-48e9-8db7-832ff19ce4f2,MCTS2,97,6,1
f8c9fd04-6da8-4dde-8d76-ee054b243ee7,32,85efe15b-d284-4126-8ef1-9cf164216c68,Heuristic1,68,3,1
f8c9fd04-6da8-4dde-8d76-ee054b243ee7,32,7f18bb1d-8ffc-4412-aa60-be33468a6e7a,Heuristic2,54,3,1
f8c9fd04-6da8-4dde-8d76-ee054b243ee7,32,c6c2658a-19b5-4c04-bf16-0bc26395f74e,MCTS1,80,6,1
f8c9fd04-6da8-4dde-8d76-ee054b243ee7,32,1541b09b-08cf-48e9-8db7-832ff19ce4f2,MCTS2,97,6,1
f8c9fd04-6da8-4dde-8d76-ee054b243ee7,32,85efe15b-d284-4126-8ef1-9cf164216c68,Heuristic1,68,3,1
f8c9fd04-6da8-4dde-8d76-ee054b243ee7,32,7f18bb1d-8ffc-4412-aa60-be33468a6e7a,Heuristic2,54,3,1
f8c9fd04-6da8-4dde-8d76-ee054b243ee7,32,c6c2658a-19b5-4c04-bf16-0bc26395f74e,MCTS1,80,6,1
f8c9fd04-6da8-4dde-8d76-ee054b243ee7,32,1541b09b-08cf-48e9-8db7-832ff19ce4f2,MCTS2,97,6,1
f8c9fd04-6da8-4dde-8d76-ee054b243ee7,33,85efe15b-d284-4126-8ef1-9cf164216c68,Heuristic1,67,3,1
f8c9fd04-6da8-4dde-8d76-ee054b243ee7,33,7f18bb1d-8ffc-4412-aa60-be33468a6e7a,Heuristic2,53,3,1
f8c9fd04-6da8-4dde-8d76-ee054b243ee7,33,c6c2658a-19b5-4c04-bf16-0bc26395f74e,MCTS1,79,6,1
f8c9fd04-6da8-4dde-8d76-ee054b243ee7,33,1541b09b-08cf-48e9-8db7-832ff19ce4f2,MCTS2,96,6,1
f8c9fd04-6da8-4dde-8d76-ee054b243ee7,33,85efe15b-d284-4126-8ef1-9cf164216c68,Heuristic1,67,3,1
f8c9fd04-6da8-4dde-8d76-ee054b243ee7,33,7f18bb1d-8ffc-4412-aa60-be33468a6e7a,Heuristic2,53,3,1
f8c9fd04-6da8-4dde-8d76-ee054b243ee7,33,c6c2658a-19b5-4c04-bf16-0bc26395f74e,MCTS1,79,6,1
f8c9fd04-6da8-4dde-8d76-ee054b243ee7,33,1541b09b-08cf-48e9-8db7-832ff19ce4f2,MCTS2,96,6,1
f8c9fd04-6da8-4dde-8d76-ee054b243ee7,33,85efe15b-d284-4126-8ef1-9cf164216c68,Heuristic1,67,3,1
f8c9fd04-6da8-4dde-8d76-ee054b243ee7,33,7f18bb1d-8ffc-4412-aa60-be33468a6e7a,Heuristic2,53,3,1
f8c9fd04-6da8-4dde-8d76-ee054b243ee7,33,c6c2658a-19b5-4c04-bf16-0bc26395f74e,MCTS1,79,6,1
f8c9fd04-6da8-4dde-8d76-ee054b243ee7,33,1541b09b-08cf-48e9-8db7-832ff19ce4f2,MCTS2,96,6,1
f8c9fd04-6da8-4dde-8d76-ee054b243ee7,33,85efe15b-d284-4126-8ef1-9cf164216c68,Heuristic1,67,3,1
f8c9fd04-6da8-4dde-8d76-ee054b243ee7,33,7f18bb1d-8ffc-4412-aa60-be33468a6e7a,Heuristic2,53,3,1
f8c9fd04-6da8-4dde-8d76-ee054b243ee7,33,c6c2658a-19b5-4c04-bf16-0bc26395f74e,MCTS1,79,6,1
f8c9fd04-6da8-4dde-8d76-ee054b243ee7,33,1541b09b-08cf-48e9-8db7-832ff19ce4f2,MCTS2,96,6,1
f8c9fd04-6da8-4dde-8d76-ee054b243ee7,34,85efe15b-d284-4126-8ef1-9cf164216c68,Heuristic1,66,3,1
f8c9fd04-6da8-4dde-8d76-ee054b243ee7,34,7f18bb1d-8ffc-4412-aa60-be33468a6e7a,Heuristic2,52,3,1
f8c9fd04-6da8-4dde-8d76-ee054b243ee7,34,c6c2658a-19b5-4c04-bf16-0bc26395f74e,MCTS1,64,6,1
f8c9fd04-6da8-4dde-8d76-ee054b243ee7,34,1541b09b-08cf-48e9-8db7-832ff19ce4f2,MCTS2,95,6,1
f8c9fd04-6da8-4dde-8d76-ee054b243ee7,34,85efe15b-d284-4126-8ef1-9cf164216c68,Heuristic1,66,3,1
f8c9fd04-6da8-4dde-8d76-ee054b243ee7,34,7f18bb1d-8ffc-4412-aa60-be33468a6e7a,Heuristic2,52,3,1
f8c9fd04-6da8-4dde-8d76-ee054b243ee7,34,c6c2658a-19b5-4c04-bf16-0bc26395f74e,MCTS1,64,6,1
f8c9fd04-6da8-4dde-8d76-ee054b243ee7,34,1541b09b-08cf-48e9-8db7-832ff19ce4f2,MCTS2,95,6,1
f8c9fd04-6da8-4dde-8d76-ee054b243ee7,34,85efe15b-d284-4126-8ef1-9cf164216c68,Heuristic1,66,3,1
f8c9fd04-6da8-4dde-8d76-ee054b243ee7,34,7f18bb1d-8ffc-4412-aa60-be33468a6e7a,Heuristic2,52,3,1
f8c9fd04-6da8-4dde-8d76-ee054b243ee7,34,c6c2658a-19b5-4c04-bf16-0bc26395f74e,MCTS1,64,6,1
f8c9fd04-6da8-4dde-8d76-ee054b243ee7,34,1541b09b-08cf-48e9-8db7-832ff19ce4f2,MCTS2,95,6,1
f8c9fd04-6da8-4dde-8d76-ee054b243ee7,34,85efe15b-d284-4126-8ef1-9cf164216c68,Heuristic1,66,3,1
f8c9fd04-6da8-4dde-8d76-ee054b243ee7,34,7f18bb1d-8ffc-4412-aa60-be33468a6e7a,Heuristic2,52,3,1
f8c9fd04-6da8-4dde-8d76-ee054b243ee7,34,c6c2658a-19b5-4c04-bf16-0bc26395f74e,MCTS1,64,6,1
f8c9fd04-6da8-4dde-8d76-ee054b243ee7,34,1541b09b-08cf-48e9-8db7-832ff19ce4f2,MCTS2,95,6,1
f8c9fd04-6da8-4dde-8d76-ee054b243ee7,35,85efe15b-d284-4126-8ef1-9cf164216c68,Heuristic1,65,3,1
f8c9fd04-6da8-4dde-8d76-ee054b243ee7,35,7f18bb1d-8ffc-4412-aa60-be33468a6e7a,Heuristic2,51,3,1
f8c9fd04-6da8-4dde-8d76-ee054b243ee7,35,c6c2658a-19b5-4c04-bf16-0bc26395f74e,MCTS1,63,6,1
f8c9fd04-6da8-4dde-8d76-ee054b243ee7,35,1541b09b-08cf-48e9-8db7-832ff19ce4f2,MCTS2,100,7,1
f8c9fd04-6da8-4dde-8d76-ee054b243ee7,35,85efe15b-d284-4126-8ef1-9cf164216c68,Heuristic1,65,3,1
f8c9fd04-6da8-4dde-8d76-ee054b243ee7,35,7f18bb1d-8ffc-4412-aa60-be33468a6e7a,Heuristic2,51,3,1
f8c9fd04-6da8-4dde-8d76-ee054b243ee7,35,c6c2658a-19b5-4c04-bf16-0bc26395f74e,MCTS1,63,6,1
f8c9fd04-6da8-4dde-8d76-ee054b243ee7,35,1541b09b-08cf-48e9-8db7-832ff19ce4f2,MCTS2,100,7,1
f8c9fd04-6da8-4dde-8d76-ee054b243ee7,35,85efe15b-d284-4126-8ef1-9cf164216c68,Heuristic1,65,3,1
f8c9fd04-6da8-4dde-8d76-ee054b243ee7,35,7f18bb1d-8ffc-4412-aa60-be33468a6e7a,Heuristic2,51,3,1
f8c9fd04-6da8-4dde-8d76-ee054b243ee7,35,c6c2658a-19b5-4c04-bf16-0bc26395f74e,MCTS1,63,6,1
f8c9fd04-6da8-4dde-8d76-ee054b243ee7,35,1541b09b-08cf-48e9-8db7-832ff19ce4f2,MCTS2,100,7,1
f8c9fd04-6da8-4dde-8d76-ee054b243ee7,35,85efe15b-d284-4126-8ef1-9cf164216c68,Heuristic1,65,3,1
f8c9fd04-6da8-4dde-8d76-ee054b243ee7,35,7f18bb1d-8ffc-4412-aa60-be33468a6e7a,Heuristic2,51,3,1
f8c9fd04-6da8-4dde-8d76-ee054b243ee7,35,c6c2658a-19b5-4c04-bf16-0bc26395f74e,MCTS1,63,6,1
f8c9fd04-6da8-4dde-8d76-ee054b243ee7,35,1541b09b-08cf-48e9-8db7-832ff19ce4f2,MCTS2,100,7,1
f8c9fd04-6da8-4dde-8d76-ee054b243ee7,36,85efe15b-d284-4126-8ef1-9cf164216c68,Heuristic1,50,3,1
f8c9fd04-6da8-4dde-8d76-ee054b243ee7,36,7f18bb1d-8ffc-4412-aa60-be33468a6e7a,Heuristic2,36,3,1
f8c9fd04-6da8-4dde-8d76-ee054b243ee7,36,c6c2658a-19b5-4c04-bf16-0bc26395f74e,MCTS1,62,6,1
f8c9fd04-6da8-4dde-8d76-ee054b243ee7,36,1541b09b-08cf-48e9-8db7-832ff19ce4f2,MCTS2,85,7,1
f8c9fd04-6da8-4dde-8d76-ee054b243ee7,36,85efe15b-d284-4126-8ef1-9cf164216c68,Heuristic1,50,3,1
f8c9fd04-6da8-4dde-8d76-ee054b243ee7,36,7f18bb1d-8ffc-4412-aa60-be33468a6e7a,Heuristic2,36,3,1
f8c9fd04-6da8-4dde-8d76-ee054b243ee7,36,c6c2658a-19b5-4c04-bf16-0bc26395f74e,MCTS1,62,6,1
f8c9fd04-6da8-4dde-8d76-ee054b243ee7,36,1541b09b-08cf-48e9-8db7-832ff19ce4f2,MCTS2,85,7,1
f8c9fd04-6da8-4dde-8d76-ee054b243ee7,36,85efe15b-d284-4126-8ef1-9cf164216c68,Heuristic1,50,3,1
f8c9fd04-6da8-4dde-8d76-ee054b243ee7,36,7f18bb1d-8ffc-4412-aa60-be33468a6e7a,Heuristic2,36,3,1
f8c9fd04-6da8-4dde-8d76-ee054b243ee7,36,c6c2658a-19b5-4c04-bf16-0bc26395f74e,MCTS1,62,6,1
f8c9fd04-6da8-4dde-8d76-ee054b243ee7,36,1541b09b-08cf-48e9-8db7-832ff19ce4f2,MCTS2,85,7,1
f8c9fd04-6da8-4dde-8d76-ee054b243ee7,36,85efe15b-d284-4126-8ef1-9cf164216c68,Heuristic1,50,3,1
f8c9fd04-6da8-4dde-8d76-ee054b243ee7,36,7f18bb1d-8ffc-4412-aa60-be33468a6e7a,Heuristic2,36,3,1
f8c9fd04-6da8-4dde-8d76-ee054b243ee7,36,c6c2658a-19b5-4c04-bf16-0bc26395f74e,MCTS1,62,6,1
f8c9fd04-6da8-4dde-8d76-ee054b243ee7,36,1541b09b-08cf-48e9-8db7-832ff19ce4f2,MCTS2,85,7,1
f8c9fd04-6da8-4dde-8d76-ee054b243ee7,37,85efe15b-d284-4126-8ef1-9cf164216c68,Heuristic1,49,3,1
f8c9fd04-6da8-4dde-8d76-ee054b243ee7,37,7f18bb1d-8ffc-4412-aa60-be33468a6e7a,Heuristic2,35,3,1
f8c9fd04-6da8-4dde-8d76-ee054b243ee7,37,c6c2658a-19b5-4c04-bf16-0bc26395f74e,MCTS1,61,6,1
f8c9fd04-6da8-4dde-8d76-ee054b243ee7,37,1541b09b-08cf-48e9-8db7-832ff19ce4f2,MCTS2,100,8,1
f8c9fd04-6da8-4dde-8d76-ee054b243ee7,37,85efe15b-d284-4126-8ef1-9cf164216c68,Heuristic1,49,3,1
f8c9fd04-6da8-4dde-8d76-ee054b243ee7,37,7f18bb1d-8ffc-4412-aa60-be33468a6e7a,Heuristic2,35,3,1
f8c9fd04-6da8-4dde-8d76-ee054b243ee7,37,c6c2658a-19b5-4c04-bf16-0bc26395f74e,MCTS1,61,6,1
f8c9fd04-6da8-4dde-8d76-ee054b243ee7,37,1541b09b-08cf-48e9-8db7-832ff19ce4f2,MCTS2,100,8,1
f8c9fd04-6da8-4dde-8d76-ee054b243ee7,37,85efe15b-d284-4126-8ef1-9cf164216c68,Heuristic1,49,3,1
f8c9fd04-6da8-4dde-8d76-ee054b243ee7,37,7f18bb1d-8ffc-4412-aa60-be33468a6e7a,Heuristic2,35,3,1
f8c9fd04-6da8-4dde-8d76-ee054b243ee7,37,c6c2658a-19b5-4c04-bf16-0bc26395f74e,MCTS1,61,6,1
f8c9fd04-6da8-4dde-8d76-ee054b243ee7,37,1541b09b-08cf-48e9-8db7-832ff19ce4f2,MCTS2,100,8,1
f8c9fd04-6da8-4dde-8d76-ee054b243ee7,37,85efe15b-d284-4126-8ef1-9cf164216c68,Heuristic1,49,3,1
f8c9fd04-6da8-4dde-8d76-ee054b243ee7,37,7f18bb1d-8ffc-4412-aa60-be33468a6e7a,Heuristic2,35,3,1
f8c9fd04-6da8-4dde-8d76-ee054b243ee7,37,c6c2658a-19b5-4c04-bf16-0bc26395f74e,MCTS1,61,6,1
f8c9fd04-6da8-4dde-8d76-ee054b243ee7,37,1541b09b-08cf-48e9-8db7-832ff19ce4f2,MCTS2,100,8,1
f8c9fd04-6da8-4dde-8d76-ee054b243ee7,38,85efe15b-d284-4126-8ef1-9cf164216c68,Heuristic1,48,3,1
f8c9fd04-6da8-4dde-8d76-ee054b243ee7,38,7f18bb1d-8ffc-4412-aa60-be33468a6e7a,Heuristic2,34,3,1
f8c9fd04-6da8-4dde-8d76-ee054b243ee7,38,c6c2658a-19b5-4c04-bf16-0bc26395f74e,MCTS1,60,6,1
f8c9fd04-6da8-4dde-8d76-ee054b243ee7,38,1541b09b-08cf-48e9-8db7-832ff19ce4f2,MCTS2,99,8,1
f8c9fd04-6da8-4dde-8d76-ee054b243ee7,38,85efe15b-d284-4126-8ef1-9cf164216c68,Heuristic1,48,3,1
f8c9fd04-6da8-4dde-8d76-ee054b243ee7,38,7f18bb1d-8ffc-4412-aa60-be33468a6e7a,Heuristic2,34,3,1
f8c9fd04-6da8-4dde-8d76-ee054b243ee7,38,c6c2658a-19b5-4c04-bf16-0bc26395f74e,MCTS1,60,6,1
f8c9fd04-6da8-4dde-8d76-ee054b243ee7,38,1541b09b-08cf-48e9-8db7-832ff19ce4f2,MCTS2,99,8,1
f8c9fd04-6da8-4dde-8d76-ee054b243ee7,38,85efe15b-d284-4126-8ef1-9cf164216c68,Heuristic1,48,3,1
f8c9fd04-6da8-4dde-8d76-ee054b243ee7,38,7f18bb1d-8ffc-4412-aa60-be33468a6e7a,Heuristic2,34,3,1
f8c9fd04-6da8-4dde-8d76-ee054b243ee7,38,c6c2658a-19b5-4c04-bf16-0bc26395f74e,MCTS1,60,6,1
f8c9fd04-6da8-4dde-8d76-ee054b243ee7,38,1541b09b-08cf-48e9-8db7-832ff19ce4f2,MCTS2,99,8,1
f8c9fd04-6da8-4dde-8d76-ee054b243ee7,38,85efe15b-d284-4126-8ef1-9cf164216c68,Heuristic1,48,3,1
f8c9fd04-6da8-4dde-8d76-ee054b243ee7,38,7f18bb1d-8ffc-4412-aa60-be33468a6e7a,Heuristic2,34,3,1
f8c9fd04-6da8-4dde-8d76-ee054b243ee7,38,c6c2658a-19b5-4c04-bf16-0bc26395f74e,MCTS1,60,6,1
f8c9fd04-6da8-4dde-8d76-ee054b243ee7,38,1541b09b-08cf-48e9-8db7-832ff19ce4f2,MCTS2,99,8,1
f8c9fd04-6da8-4dde-8d76-ee054b243ee7,39,85efe15b-d284-4126-8ef1-9cf164216c68,Heuristic1,47,3,1
f8c9fd04-6da8-4dde-8d76-ee054b243ee7,39,7f18bb1d-8ffc-4412-aa60-be33468a6e7a,Heuristic2,33,3,1
f8c9fd04-6da8-4dde-8d76-ee054b243ee7,39,c6c2658a-19b5-4c04-bf16-0bc26395f74e,MCTS1,59,6,1
f8c9fd04-6da8-4dde-8d76-ee054b243ee7,39,1541b09b-08cf-48e9-8db7-832ff19ce4f2,MCTS2,98,8,1
f8c9fd04-6da8-4dde-8d76-ee054b243ee7,39,85efe15b-d284-4126-8ef1-9cf164216c68,Heuristic1,47,3,1
f8c9fd04-6da8-4dde-8d76-ee054b243ee7,39,7f18bb1d-8ffc-4412-aa60-be33468a6e7a,Heuristic2,33,3,1
f8c9fd04-6da8-4dde-8d76-ee054b243ee7,39,c6c2658a-19b5-4c04-bf16-0bc26395f74e,MCTS1,59,6,1
f8c9fd04-6da8-4dde-8d76-ee054b243ee7,39,1541b09b-08cf-48e9-8db7-832ff19ce4f2,MCTS2,98,8,1
f8c9fd04-6da8-4dde-8d76-ee054b243ee7,39,85efe15b-d284-4126-8ef1-9cf164216c68,Heuristic1,47,3,1
f8c9fd04-6da8-4dde-8d76-ee054b243ee7,39,7f18bb1d-8ffc-4412-aa60-be33468a6e7a,Heuristic2,33,3,1
f8c9fd04-6da8-4dde-8d76-ee054b243ee7,39,c6c2658a-19b5-4c04-bf16-0bc26395f74e,MCTS1,59,6,1
f8c9fd04-6da8-4dde-8d76-ee054b243ee7,39,1541b09b-08cf-48e9-8db7-832ff19ce4f2,MCTS2,98,8,1
f8c9fd04-6da8-4dde-8d76-ee054b243ee7,39,85efe15b-d284-4126-8ef1-9cf164216c68,Heuristic1,47,3,1
f8c9fd04-6da8-4dde-8d76-ee054b243ee7,39,7f18bb1d-8ffc-4412-aa60-be33468a6e7a,Heuristic2,33,3,1
f8c9fd04-6da8-4dde-8d76-ee054b243ee7,39,c6c2658a-19b5-4c04-bf16-0bc26395f74e,MCTS1,59,6,1
f8c9fd04-6da8-4dde-8d76-ee054b243ee7,39,1541b09b-08cf-48e9-8db7-832ff19ce4f2,MCTS2,98,8,1
f8c9fd04-6da8-4dde-8d76-ee054b243ee7,40,85efe15b-d284-4126-8ef1-9cf164216c68,Heuristic1,32,3,1
f8c9fd04-6da8-4dde-8d76-ee054b243ee7,40,7f18bb1d-8ffc-4412-aa60-be33468a6e7a,Heuristic2,32,3,1
f8c9fd04-6da8-4dde-8d76-ee054b243ee7,40,c6c2658a-19b5-4c04-bf16-0bc26395f74e,MCTS1,44,6,1
f8c9fd04-6da8-4dde-8d76-ee054b243ee7,40,1541b09b-08cf-48e9-8db7-832ff19ce4f2,MCTS2,83,8,1
f8c9fd04-6da8-4dde-8d76-ee054b243ee7,40,85efe15b-d284-4126-8ef1-9cf164216c68,Heuristic1,32,3,1
f8c9fd04-6da8-4dde-8d76-ee054b243ee7,40,7f18bb1d-8ffc-4412-aa60-be33468a6e7a,Heuristic2,32,3,1
f8c9fd04-6da8-4dde-8d76-ee054b243ee7,40,c6c2658a-19b5-4c04-bf16-0bc26395f74e,MCTS1,44,6,1
f8c9fd04-6da8-4dde-8d76-ee054b243ee7,40,1541b09b-08cf-48e9-8db7-832ff19ce4f2,MCTS2,83,8,1
f8c9fd04-6da8-4dde-8d76-ee054b243ee7,40,85efe15b-d284-4126-8ef1-9cf164216c68,Heuristic1,32,3,1
f8c9fd04-6da8-4dde-8d76-ee054b243ee7,40,7f18bb1d-8ffc-4412-aa60-be33468a6e7a,Heuristic2,32,3,1
f8c9fd04-6da8-4dde-8d76-ee054b243ee7,40,c6c2658a-19b5-4c04-bf16-0bc26395f74e,MCTS1,44,6,1
f8c9fd04-6da8-4dde-8d76-ee054b243ee7,40,1541b09b-08cf-48e9-8db7-832ff19ce4f2,MCTS2,83,8,1
f8c9fd04-6da8-4dde-8d76-ee054b243ee7,40,85efe15b-d284-4126-8ef1-9cf164216c68,Heuristic1,32,3,1
f8c9fd04-6da8-4dde-8d76-ee054b243ee7,40,7f18bb1d-8ffc-4412-aa60-be33468a6e7a,Heuristic2,32,3,1
f8c9fd04-6da8-4dde-8d76-ee054b243ee7,40,c6c2658a-19b5-4c04-bf16-0bc26395f74e,MCTS1,44,6,1
f8c9fd04-6da8-4dde-8d76-ee054b243ee7,40,1541b09b-08cf-48e9-8db7-832ff19ce4f2,MCTS2,83,8,1
f8c9fd04-6da8-4dde-8d76-ee054b243ee7,41,85efe15b-d284-4126-8ef1-9cf164216c68,Heuristic1,31,3,1
f8c9fd04-6da8-4dde-8d76-ee054b243ee7,41,7f18bb1d-8ffc-4412-aa60-be33468a6e7a,Heuristic2,31,3,1
f8c9fd04-6da8-4dde-8d76-ee054b243ee7,41,c6c2658a-19b5-4c04-bf16-0bc26395f74e,MCTS1,43,6,1
f8c9fd04-6da8-4dde-8d76-ee054b243ee7,41,1541b09b-08cf-48e9-8db7-832ff19ce4f2,MCTS2,82,8,1
f8c9fd04-6da8-4dde-8d76-ee054b243ee7,41,85efe15b-d284-4126-8ef1-9cf164216c68,Heuristic1,31,3,1
f8c9fd04-6da8-4dde-8d76-ee054b243ee7,41,7f18bb1d-8ffc-4412-aa60-be33468a6e7a,Heuristic2,31,3,1
f8c9fd04-6da8-4dde-8d76-ee054b243ee7,41,c6c2658a-19b5-4c04-bf16-0bc26395f74e,MCTS1,43,6,1
f8c9fd04-6da8-4dde-8d76-ee054b243ee7,41,1541b09b-08cf-48e9-8db7-832ff19ce4f2,MCTS2,82,8,1
f8c9fd04-6da8-4dde-8d76-ee054b243ee7,41,85efe15b-d284-4126-8ef1-9cf164216c68,Heuristic1,31,3,1
f8c9fd04-6da8-4dde-8d76-ee054b243ee7,41,7f18bb1d-8ffc-4412-aa60-be33468a6e7a,Heuristic2,31,3,1
f8c9fd04-6da8-4dde-8d76-ee054b243ee7,41,c6c2658a-19b5-4c04-bf16-0bc26395f74e,MCTS1,43,6,1
f8c9fd04-6da8-4dde-8d76-ee054b243ee7,41,1541b09b-08cf-48e9-8db7-832ff19ce4f2,MCTS2,82,8,1
f8c9fd04-6da8-4dde-8d76-ee054b243ee7,41,85efe15b-d284-4126-8ef1-9cf164216c68,Heuristic1,31,3,1
f8c9fd04-6da8-4dde-8d76-ee054b243ee7,41,7f18bb1d-8ffc-4412-aa60-be33468a6e7a,Heuristic2,31,3,1
f8c9fd04-6da8-4dde-8d76-ee054b243ee7,41,c6c2658a-19b5-4c04-bf16-0bc26395f74e,MCTS1,43,6,1
f8c9fd04-6da8-4dde-8d76-ee054b243ee7,41,1541b09b-08cf-48e9-8db7-832ff19ce4f2,MCTS2,82,8,1
f8c9fd04-6da8-4dde-8d76-ee054b243ee7,42,85efe15b-d284-4126-8ef1-9cf164216c68,Heuristic1,30,3,1
f8c9fd04-6da8-4dde-8d76-ee054b243ee7,42,7f18bb1d-8ffc-4412-aa60-be33468a6e7a,Heuristic2,30,3,1
f8c9fd04-6da8-4dde-8d76-ee054b243ee7,42,c6c2658a-19b5-4c04-bf16-0bc26395f74e,MCTS1,42,6,1
f8c9fd04-6da8-4dde-8d76-ee054b243ee7,42,1541b09b-08cf-48e9-8db7-832ff19ce4f2,MCTS2,67,8,1
f8c9fd04-6da8-4dde-8d76-ee054b243ee7,42,85efe15b-d284-4126-8ef1-9cf164216c68,Heuristic1,30,3,1
f8c9fd04-6da8-4dde-8d76-ee054b243ee7,42,7f18bb1d-8ffc-4412-aa60-be33468a6e7a,Heuristic2,30,3,1
f8c9fd04-6da8-4dde-8d76-ee054b243ee7,42,c6c2658a-19b5-4c04-bf16-0bc26395f74e,MCTS1,42,6,1
f8c9fd04-6da8-4dde-8d76-ee054b243ee7,42,1541b09b-08cf-48e9-8db7-832ff19ce4f2,MCTS2,67,8,1
f8c9fd04-6da8-4dde-8d76-ee054b243ee7,42,85efe15b-d284-4126-8ef1-9cf164216c68,Heuristic1,30,3,1
f8c9fd04-6da8-4dde-8d76-ee054b243ee7,42,7f18bb1d-8ffc-4412-aa60-be33468a6e7a,Heuristic2,30,3,1
f8c9fd04-6da8-4dde-8d76-ee054b243ee7,42,c6c2658a-19b5-4c04-bf16-0bc26395f74e,MCTS1,42,6,1
f8c9fd04-6da8-4dde-8d76-ee054b243ee7,42,1541b09b-08cf-48e9-8db7-832ff19ce4f2,MCTS2,67,8,1
f8c9fd04-6da8-4dde-8d76-ee054b243ee7,42,85efe15b-d284-4126-8ef1-9cf164216c68,Heuristic1,30,3,1
f8c9fd04-6da8-4dde-8d76-ee054b243ee7,42,7f18bb1d-8ffc-4412-aa60-be33468a6e7a,Heuristic2,30,3,1
f8c9fd04-6da8-4dde-8d76-ee054b243ee7,42,c6c2658a-19b5-4c04-bf16-0bc26395f74e,MCTS1,42,6,1
f8c9fd04-6da8-4dde-8d76-ee054b243ee7,42,1541b09b-08cf-48e9-8db7-832ff19ce4f2,MCTS2,67,8,1
f8c9fd04-6da8-4dde-8d76-ee054b243ee7,43,85efe15b-d284-4126-8ef1-9cf164216c68,Heuristic1,29,3,1
f8c9fd04-6da8-4dde-8d76-ee054b243ee7,43,7f18bb1d-8ffc-4412-aa60-be33468a6e7a,Heuristic2,29,3,1
f8c9fd04-6da8-4dde-8d76-ee054b243ee7,43,c6c2658a-19b5-4c04-bf16-0bc26395f74e,MCTS1,41,6,1
f8c9fd04-6da8-4dde-8d76-ee054b243ee7,43,1541b09b-08cf-48e9-8db7-832ff19ce4f2,MCTS2,66,8,1
f8c9fd04-6da8-4dde-8d76-ee054b243ee7,43,85efe15b-d284-4126-8ef1-9cf164216c68,Heuristic1,29,3,1
f8c9fd04-6da8-4dde-8d76-ee054b243ee7,43,7f18bb1d-8ffc-4412-aa60-be33468a6e7a,Heuristic2,29,3,1
f8c9fd04-6da8-4dde-8d76-ee054b243ee7,43,c6c2658a-19b5-4c04-bf16-0bc26395f74e,MCTS1,41,6,1
f8c9fd04-6da8-4dde-8d76-ee054b243ee7,43,1541b09b-08cf-48e9-8db7-832ff19ce4f2,MCTS2,66,8,1
f8c9fd04-6da8-4dde-8d76-ee054b243ee7,43,85efe15b-d284-4126-8ef1-9cf164216c68,Heuristic1,29,3,1
f8c9fd04-6da8-4dde-8d76-ee054b243ee7,43,7f18bb1d-8ffc-4412-aa60-be33468a6e7a,Heuristic2,29,3,1
f8c9fd04-6da8-4dde-8d76-ee054b243ee7,43,c6c2658a-19b5-4c04-bf16-0bc26395f74e,MCTS1,41,6,1
f8c9fd04-6da8-4dde-8d76-ee054b243ee7,43,1541b09b-08cf-48e9-8db7-832ff19ce4f2,MCTS2,66,8,1
f8c9fd04-6da8-4dde-8d76-ee054b243ee7,43,85efe15b-d284-4126-8ef1-9cf164216c68,Heuristic1,29,3,1
f8c9fd04-6da8-4dde-8d76-ee054b243ee7,43,7f18bb1d-8ffc-4412-aa60-be33468a6e7a,Heuristic2,29,3,1
f8c9fd04-6da8-4dde-8d76-ee054b243ee7,43,c6c2658a-19b5-4c04-bf16-0bc26395f74e,MCTS1,41,6,1
f8c9fd04-6da8-4dde-8d76-ee054b243ee7,43,1541b09b-08cf-48e9-8db7-832ff19ce4f2,MCTS2,66,8,1
f8c9fd04-6da8-4dde-8d76-ee054b243ee7,44,85efe15b-d284-4126-8ef1-9cf164216c68,Heuristic1,28,3,1
f8c9fd04-6da8-4dde-8d76-ee054b243ee7,44,7f18bb1d-8ffc-4412-aa60-be33468a6e7a,Heuristic2,100,4,1
f8c9fd04-6da8-4dde-8d76-ee054b243ee7,44,c6c2658a-19b5-4c04-bf16-0bc26395f74e,MCTS1,100,7,1
f8c9fd04-6da8-4dde-8d76-ee054b243ee7,44,1541b09b-08cf-48e9-8db7-832ff19ce4f2,MCTS2,51,8,1
f8c9fd04-6da8-4dde-8d76-ee054b243ee7,44,85efe15b-d284-4126-8ef1-9cf164216c68,Heuristic1,28,3,1
f8c9fd04-6da8-4dde-8d76-ee054b243ee7,44,7f18bb1d-8ffc-4412-aa60-be33468a6e7a,Heuristic2,100,4,1
f8c9fd04-6da8-4dde-8d76-ee054b243ee7,44,c6c2658a-19b5-4c04-bf16-0bc26395f74e,MCTS1,100,7,1
f8c9fd04-6da8-4dde-8d76-ee054b243ee7,44,1541b09b-08cf-48e9-8db7-832ff19ce4f2,MCTS2,51,8,1
f8c9fd04-6da8-4dde-8d76-ee054b243ee7,44,85efe15b-d284-4126-8ef1-9cf164216c68,Heuristic1,28,3,1
f8c9fd04-6da8-4dde-8d76-ee054b243ee7,44,7f18bb1d-8ffc-4412-aa60-be33468a6e7a,Heuristic2,100,4,1
f8c9fd04-6da8-4dde-8d76-ee054b243ee7,44,c6c2658a-19b5-4c04-bf16-0bc26395f74e,MCTS1,100,7,1
f8c9fd04-6da8-4dde-8d76-ee054b243ee7,44,1541b09b-08cf-48e9-8db7-832ff19ce4f2,MCTS2,51,8,1
f8c9fd04-6da8-4dde-8d76-ee054b243ee7,44,85efe15b-d284-4126-8ef1-9cf164216c68,Heuristic1,28,3,1
f8c9fd04-6da8-4dde-8d76-ee054b243ee7,44,7f18bb1d-8ffc-4412-aa60-be33468a6e7a,Heuristic2,100,4,1
f8c9fd04-6da8-4dde-8d76-ee054b243ee7,44,c6c2658a-19b5-4c04-bf16-0bc26395f74e,MCTS1,100,7,1
f8c9fd04-6da8-4dde-8d76-ee054b243ee7,44,1541b09b-08cf-48e9-8db7-832ff19ce4f2,MCTS2,51,8,1
f8c9fd04-6da8-4dde-8d76-ee054b243ee7,45,85efe15b-d284-4126-8ef1-9cf164216c68,Heuristic1,27,3,1
f8c9fd04-6da8-4dde-8d76-ee054b243ee7,45,7f18bb1d-8ffc-4412-aa60-be33468a6e7a,Heuristic2,99,4,1
f8c9fd04-6da8-4dde-8d76-ee054b243ee7,45,c6c2658a-19b5-4c04-bf16-0bc26395f74e,MCTS1,99,7,1
f8c9fd04-6da8-4dde-8d76-ee054b243ee7,45,1541b09b-08cf-48e9-8db7-832ff19ce4f2,MCTS2,50,8,1
f8c9fd04-6da8-4dde-8d76-ee054b243ee7,45,85efe15b-d284-4126-8ef1-9cf164216c68,Heuristic1,27,3,1
f8c9fd04-6da8-4dde-8d76-ee054b243ee7,45,7f18bb1d-8ffc-4412-aa60-be33468a6e7a,Heuristic2,99,4,1
f8c9fd04-6da8-4dde-8d76-ee054b243ee7,45,c6c2658a-19b5-4c04-bf16-0bc26395f74e,MCTS1,99,7,1
f8c9fd04-6da8-4dde-8d76-ee054b243ee7,45,1541b09b-08cf-48e9-8db7-832ff19ce4f2,MCTS2,50,8,1
f8c9fd04-6da8-4dde-8d76-ee054b243ee7,45,85efe15b-d284-4126-8ef1-9cf164216c68,Heuristic1,27,3,1
f8c9fd04-6da8-4dde-8d76-ee054b243ee7,45,7f18bb1d-8ffc-4412-aa60-be33468a6e7a,Heuristic2,99,4,1
f8c9fd04-6da8-4dde-8d76-ee054b243ee7,45,c6c2658a-19b5-4c04-bf16-0bc26395f74e,MCTS1,99,7,1
f8c9fd04-6da8-4dde-8d76-ee054b243ee7,45,1541b09b-08cf-48e9-8db7-832ff19ce4f2,MCTS2,50,8,1
f8c9fd04-6da8-4dde-8d76-ee054b243ee7,45,85efe15b-d284-4126-8ef1-9cf164216c68,Heuristic1,27,3,1
f8c9fd04-6da8-4dde-8d76-ee054b243ee7,45,7f18bb1d-8ffc-4412-aa60-be33468a6e7a,Heuristic2,99,4,1
f8c9fd04-6da8-4dde-8d76-ee054b243ee7,45,c6c2658a-19b5-4c04-bf16-0bc26395f74e,MCTS1,99,7,1
f8c9fd04-6da8-4dde-8d76-ee054b243ee7,45,1541b09b-08cf-48e9-8db7-832ff19ce4f2,MCTS2,50,8,1
f8c9fd04-6da8-4dde-8d76-ee054b243ee7,46,85efe15b-d284-4126-8ef1-9cf164216c68,Heuristic1,26,3,1
f8c9fd04-6da8-4dde-8d76-ee054b243ee7,46,7f18bb1d-8ffc-4412-aa60-be33468a6e7a,Heuristic2,84,4,1
f8c9fd04-6da8-4dde-8d76-ee054b243ee7,46,c6c2658a-19b5-4c04-bf16-0bc26395f74e,MCTS1,98,7,1
f8c9fd04-6da8-4dde-8d76-ee054b243ee7,46,1541b09b-08cf-48e9-8db7-832ff19ce4f2,MCTS2,100,9,1
f8c9fd04-6da8-4dde-8d76-ee054b243ee7,46,85efe15b-d284-4126-8ef1-9cf164216c68,Heuristic1,26,3,1
f8c9fd04-6da8-4dde-8d76-ee054b243ee7,46,7f18bb1d-8ffc-4412-aa60-be33468a6e7a,Heuristic2,84,4,1
f8c9fd04-6da8-4dde-8d76-ee054b243ee7,46,c6c2658a-19b5-4c04-bf16-0bc26395f74e,MCTS1,98,7,1
f8c9fd04-6da8-4dde-8d76-ee054b243ee7,46,1541b09b-08cf-48e9-8db7-832ff19ce4f2,MCTS2,100,9,1
f8c9fd04-6da8-4dde-8d76-ee054b243ee7,46,85efe15b-d284-4126-8ef1-9cf164216c68,Heuristic1,26,3,1
f8c9fd04-6da8-4dde-8d76-ee054b243ee7,46,7f18bb1d-8ffc-4412-aa60-be33468a6e7a,Heuristic2,84,4,1
f8c9fd04-6da8-4dde-8d76-ee054b243ee7,46,c6c2658a-19b5-4c04-bf16-0bc26395f74e,MCTS1,98,7,1
f8c9fd04-6da8-4dde-8d76-ee054b243ee7,46,1541b09b-08cf-48e9-8db7-832ff19ce4f2,MCTS2,100,9,1
f8c9fd04-6da8-4dde-8d76-ee054b243ee7,46,85efe15b-d284-4126-8ef1-9cf164216c68,Heuristic1,26,3,1
f8c9fd04-6da8-4dde-8d76-ee054b243ee7,46,7f18bb1d-8ffc-4412-aa60-be33468a6e7a,Heuristic2,84,4,1
f8c9fd04-6da8-4dde-8d76-ee054b243ee7,46,c6c2658a-19b5-4c04-bf16-0bc26395f74e,MCTS1,98,7,1
f8c9fd04-6da8-4dde-8d76-ee054b243ee7,46,1541b09b-08cf-48e9-8db7-832ff19ce4f2,MCTS2,100,9,1
f8c9fd04-6da8-4dde-8d76-ee054b243ee7,47,85efe15b-d284-4126-8ef1-9cf164216c68,Heuristic1,25,3,1
f8c9fd04-6da8-4dde-8d76-ee054b243ee7,47,7f18bb1d-8ffc-4412-aa60-be33468a6e7a,Heuristic2,83,4,1
f8c9fd04-6da8-4dde-8d76-ee054b243ee7,47,c6c2658a-19b5-4c04-bf16-0bc26395f74e,MCTS1,97,7,1
f8c9fd04-6da8-4dde-8d76-ee054b243ee7,47,1541b09b-08cf-48e9-8db7-832ff19ce4f2,MCTS2,100,10,1
f8c9fd04-6da8-4dde-8d76-ee054b243ee7,47,85efe15b-d284-4126-8ef1-9cf164216c68,Heuristic1,25,3,1
f8c9fd04-6da8-4dde-8d76-ee054b243ee7,47,7f18bb1d-8ffc-4412-aa60-be33468a6e7a,Heuristic2,83,4,1
f8c9fd04-6da8-4dde-8d76-ee054b243ee7,47,c6c2658a-19b5-4c04-bf16-0bc26395f74e,MCTS1,97,7,1
f8c9fd04-6da8-4dde-8d76-ee054b243ee7,47,1541b09b-08cf-48e9-8db7-832ff19ce4f2,MCTS2,100,10,1
f8c9fd04-6da8-4dde-8d76-ee054b243ee7,47,85efe15b-d284-4126-8ef1-9cf164216c68,Heuristic1,25,3,1
f8c9fd04-6da8-4dde-8d76-ee054b243ee7,47,7f18bb1d-8ffc-4412-aa60-be33468a6e7a,Heuristic2,83,4,1
f8c9fd04-6da8-4dde-8d76-ee054b243ee7,47,c6c2658a-19b5-4c04-bf16-0bc26395f74e,MCTS1,97,7,1
f8c9fd04-6da8-4dde-8d76-ee054b243ee7,47,1541b09b-08cf-48e9-8db7-832ff19ce4f2,MCTS2,100,10,1
f8c9fd04-6da8-4dde-8d76-ee054b243ee7,47,85efe15b-d284-4126-8ef1-9cf164216c68,Heuristic1,25,3,1
f8c9fd04-6da8-4dde-8d76-ee054b243ee7,47,7f18bb1d-8ffc-4412-aa60-be33468a6e7a,Heuristic2,83,4,1
f8c9fd04-6da8-4dde-8d76-ee054b243ee7,47,c6c2658a-19b5-4c04-bf16-0bc26395f74e,MCTS1,97,7,1
f8c9fd04-6da8-4dde-8d76-ee054b243ee7,47,1541b09b-08cf-48e9-8db7-832ff19ce4f2,MCTS2,100,10,1
f8c9fd04-6da8-4dde-8d76-ee054b243ee7,48,85efe15b-d284-4126-8ef1-9cf164216c68,Heuristic1,24,3,1
f8c9fd04-6da8-4dde-8d76-ee054b243ee7,48,7f18bb1d-8ffc-4412-aa60-be33468a6e7a,Heuristic2,82,4,1
f8c9fd04-6da8-4dde-8d76-ee054b243ee7,48,c6c2658a-19b5-4c04-bf16-0bc26395f74e,MCTS1,96,7,1
f8c9fd04-6da8-4dde-8d76-ee054b243ee7,48,1541b09b-08cf-48e9-8db7-832ff19ce4f2,MCTS2,99,10,1
f8c9fd04-6da8-4dde-8d76-ee054b243ee7,48,85efe15b-d284-4126-8ef1-9cf164216c68,Heuristic1,24,3,1
f8c9fd04-6da8-4dde-8d76-ee054b243ee7,48,7f18bb1d-8ffc-4412-aa60-be33468a6e7a,Heuristic2,82,4,1
f8c9fd04-6da8-4dde-8d76-ee054b243ee7,48,c6c2658a-19b5-4c04-bf16-0bc26395f74e,MCTS1,96,7,1
f8c9fd04-6da8-4dde-8d76-ee054b243ee7,48,1541b09b-08cf-48e9-8db7-832ff19ce4f2,MCTS2,99,10,1
f8c9fd04-6da8-4dde-8d76-ee054b243ee7,48,85efe15b-d284-4126-8ef1-9cf164216c68,Heuristic1,24,3,1
f8c9fd04-6da8-4dde-8d76-ee054b243ee7,48,7f18bb1d-8ffc-4412-aa60-be33468a6e7a,Heuristic2,82,4,1
f8c9fd04-6da8-4dde-8d76-ee054b243ee7,48,c6c2658a-19b5-4c04-bf16-0bc26395f74e,MCTS1,96,7,1
f8c9fd04-6da8-4dde-8d76-ee054b243ee7,48,1541b09b-08cf-48e9-8db7-832ff19ce4f2,MCTS2,99,10,1
f8c9fd04-6da8-4dde-8d76-ee054b243ee7,48,85efe15b-d284-4126-8ef1-9cf164216c68,Heuristic1,24,3,1
f8c9fd04-6da8-4dde-8d76-ee054b243ee7,48,7f18bb1d-8ffc-4412-aa60-be33468a6e7a,Heuristic2,82,4,1
f8c9fd04-6da8-4dde-8d76-ee054b243ee7,48,c6c2658a-19b5-4c04-bf16-0bc26395f74e,MCTS1,96,7,1
f8c9fd04-6da8-4dde-8d76-ee054b243ee7,48,1541b09b-08cf-48e9-8db7-832ff19ce4f2,MCTS2,99,10,1
f8c9fd04-6da8-4dde-8d76-ee054b243ee7,49,85efe15b-d284-4126-8ef1-9cf164216c68,Heuristic1,23,3,1
f8c9fd04-6da8-4dde-8d76-ee054b243ee7,49,7f18bb1d-8ffc-4412-aa60-be33468a6e7a,Heuristic2,81,4,1
f8c9fd04-6da8-4dde-8d76-ee054b243ee7,49,c6c2658a-19b5-4c04-bf16-0bc26395f74e,MCTS1,95,7,1
f8c9fd04-6da8-4dde-8d76-ee054b243ee7,49,1541b09b-08cf-48e9-8db7-832ff19ce4f2,MCTS2,98,10,1
f8c9fd04-6da8-4dde-8d76-ee054b243ee7,49,85efe15b-d284-4126-8ef1-9cf164216c68,Heuristic1,23,3,1
f8c9fd04-6da8-4dde-8d76-ee054b243ee7,49,7f18bb1d-8ffc-4412-aa60-be33468a6e7a,Heuristic2,81,4,1
f8c9fd04-6da8-4dde-8d76-ee054b243ee7,49,c6c2658a-19b5-4c04-bf16-0bc26395f74e,MCTS1,95,7,1
f8c9fd04-6da8-4dde-8d76-ee054b243ee7,49,1541b09b-08cf-48e9-8db7-832ff19ce4f2,MCTS2,98,10,1
f8c9fd04-6da8-4dde-8d76-ee054b243ee7,49,85efe15b-d284-4126-8ef1-9cf164216c68,Heuristic1,23,3,1
f8c9fd04-6da8-4dde-8d76-ee054b243ee7,49,7f18bb1d-8ffc-4412-aa60-be33468a6e7a,Heuristic2,81,4,1
f8c9fd04-6da8-4dde-8d76-ee054b243ee7,49,c6c2658a-19b5-4c04-bf16-0bc26395f74e,MCTS1,95,7,1
f8c9fd04-6da8-4dde-8d76-ee054b243ee7,49,1541b09b-08cf-48e9-8db7-832ff19ce4f2,MCTS2,98,10,1
f8c9fd04-6da8-4dde-8d76-ee054b243ee7,49,85efe15b-d284-4126-8ef1-9cf164216c68,Heuristic1,23,3,1
f8c9fd04-6da8-4dde-8d76-ee054b243ee7,49,7f18bb1d-8ffc-4412-aa60-be33468a6e7a,Heuristic2,81,4,1
f8c9fd04-6da8-4dde-8d76-ee054b243ee7,49,c6c2658a-19b5-4c04-bf16-0bc26395f74e,MCTS1,95,7,1
f8c9fd04-6da8-4dde-8d76-ee054b243ee7,49,1541b09b-08cf-48e9-8db7-832ff19ce4f2,MCTS2,98,10,1
f8c9fd04-6da8-4dde-8d76-ee054b243ee7,50,85efe15b-d284-4126-8ef1-9cf164216c68,Heuristic1,22,3,1
f8c9fd04-6da8-4dde-8d76-ee054b243ee7,50,7f18bb1d-8ffc-4412-aa60-be33468a6e7a,Heuristic2,80,4,1
f8c9fd04-6da8-4dde-8d76-ee054b243ee7,50,c6c2658a-19b5-4c04-bf16-0bc26395f74e,MCTS1,94,7,1
f8c9fd04-6da8-4dde-8d76-ee054b243ee7,50,1541b09b-08cf-48e9-8db7-832ff19ce4f2,MCTS2,83,10,1
f8c9fd04-6da8-4dde-8d76-ee054b243ee7,50,85efe15b-d284-4126-8ef1-9cf164216c68,Heuristic1,22,3,1
f8c9fd04-6da8-4dde-8d76-ee054b243ee7,50,7f18bb1d-8ffc-4412-aa60-be33468a6e7a,Heuristic2,80,4,1
f8c9fd04-6da8-4dde-8d76-ee054b243ee7,50,c6c2658a-19b5-4c04-bf16-0bc26395f74e,MCTS1,94,7,1
f8c9fd04-6da8-4dde-8d76-ee054b243ee7,50,1541b09b-08cf-48e9-8db7-832ff19ce4f2,MCTS2,83,10,1
f8c9fd04-6da8-4dde-8d76-ee054b243ee7,50,85efe15b-d284-4126-8ef1-9cf164216c68,Heuristic1,22,3,1
f8c9fd04-6da8-4dde-8d76-ee054b243ee7,50,7f18bb1d-8ffc-4412-aa60-be33468a6e7a,Heuristic2,80,4,1
f8c9fd04-6da8-4dde-8d76-ee054b243ee7,50,c6c2658a-19b5-4c04-bf16-0bc26395f74e,MCTS1,94,7,1
f8c9fd04-6da8-4dde-8d76-ee054b243ee7,50,1541b09b-08cf-48e9-8db7-832ff19ce4f2,MCTS2,83,10,1
f8c9fd04-6da8-4dde-8d76-ee054b243ee7,50,85efe15b-d284-4126-8ef1-9cf164216c68,Heuristic1,22,3,1
f8c9fd04-6da8-4dde-8d76-ee054b243ee7,50,7f18bb1d-8ffc-4412-aa60-be33468a6e7a,Heuristic2,80,4,1
f8c9fd04-6da8-4dde-8d76-ee054b243ee7,50,c6c2658a-19b5-4c04-bf16-0bc26395f74e,MCTS1,94,7,1
f8c9fd04-6da8-4dde-8d76-ee054b243ee7,50,1541b09b-08cf-48e9-8db7-832ff19ce4f2,MCTS2,83,10,1
f8c9fd04-6da8-4dde-8d76-ee054b243ee7,51,85efe15b-d284-4126-8ef1-9cf164216c68,Heuristic1,100,4,1
f8c9fd04-6da8-4dde-8d76-ee054b243ee7,51,7f18bb1d-8ffc-4412-aa60-be33468a6e7a,Heuristic2,79,4,1
f8c9fd04-6da8-4dde-8d76-ee054b243ee7,51,c6c2658a-19b5-4c04-bf16-0bc26395f74e,MCTS1,93,7,1
f8c9fd04-6da8-4dde-8d76-ee054b243ee7,51,1541b09b-08cf-48e9-8db7-832ff19ce4f2,MCTS2,82,10,1
f8c9fd04-6da8-4dde-8d76-ee054b243ee7,51,85efe15b-d284-4126-8ef1-9cf164216c68,Heuristic1,100,4,1
f8c9fd04-6da8-4dde-8d76-ee054b243ee7,51,7f18bb1d-8ffc-4412-aa60-be33468a6e7a,Heuristic2,79,4,1
f8c9fd04-6da8-4dde-8d76-ee054b243ee7,51,c6c2658a-19b5-4c04-bf16-0bc26395f74e,MCTS1,93,7,1
f8c9fd04-6da8-4dde-8d76-ee054b243ee7,51,1541b09b-08cf-48e9-8db7-832ff19ce4f2,MCTS2,82,10,1
f8c9fd04-6da8-4dde-8d76-ee054b243ee7,51,85efe15b-d284-4126-8ef1-9cf164216c68,Heuristic1,100,4,1
f8c9fd04-6da8-4dde-8d76-ee054b243ee7,51,7f18bb1d-8ffc-4412-aa60-be33468a6e7a,Heuristic2,79,4,1
f8c9fd04-6da8-4dde-8d76-ee054b243ee7,51,c6c2658a-19b5-4c04-bf16-0bc26395f74e,MCTS1,93,7,1
f8c9fd04-6da8-4dde-8d76-ee054b243ee7,51,1541b09b-08cf-48e9-8db7-832ff19ce4f2,MCTS2,82,10,1
f8c9fd04-6da8-4dde-8d76-ee054b243ee7,51,85efe15b-d284-4126-8ef1-9cf164216c68,Heuristic1,100,4,1
f8c9fd04-6da8-4dde-8d76-ee054b243ee7,51,7f18bb1d-8ffc-4412-aa60-be33468a6e7a,Heuristic2,79,4,1
f8c9fd04-6da8-4dde-8d76-ee054b243ee7,51,c6c2658a-19b5-4c04-bf16-0bc26395f74e,MCTS1,93,7,1
f8c9fd04-6da8-4dde-8d76-ee054b243ee7,51,1541b09b-08cf-48e9-8db7-832ff19ce4f2,MCTS2,82,10,1
f8c9fd04-6da8-4dde-8d76-ee054b243ee7,52,85efe15b-d284-4126-8ef1-9cf164216c68,Heuristic1,100,5,1
f8c9fd04-6da8-4dde-8d76-ee054b243ee7,52,7f18bb1d-8ffc-4412-aa60-be33468a6e7a,Heuristic2,50,4,1
f8c9fd04-6da8-4dde-8d76-ee054b243ee7,52,c6c2658a-19b5-4c04-bf16-0bc26395f74e,MCTS1,92,7,1
f8c9fd04-6da8-4dde-8d76-ee054b243ee7,52,1541b09b-08cf-48e9-8db7-832ff19ce4f2,MCTS2,81,10,1
f8c9fd04-6da8-4dde-8d76-ee054b243ee7,52,85efe15b-d284-4126-8ef1-9cf164216c68,Heuristic1,100,5,1
f8c9fd04-6da8-4dde-8d76-ee054b243ee7,52,7f18bb1d-8ffc-4412-aa60-be33468a6e7a,Heuristic2,50,4,1
f8c9fd04-6da8-4dde-8d76-ee054b243ee7,52,c6c2658a-19b5-4c04-bf16-0bc26395f74e,MCTS1,92,7,1
f8c9fd04-6da8-4dde-8d76-ee054b243ee7,52,1541b09b-08cf-48e9-8db7-832ff19ce4f2,MCTS2,81,10,1
f8c9fd04-6da8-4dde-8d76-ee054b243ee7,52,85efe15b-d284-4126-8ef1-9cf164216c68,Heuristic1,100,5,1
f8c9fd04-6da8-4dde-8d76-ee054b243ee7,52,7f18bb1d-8ffc-4412-aa60-be33468a6e7a,Heuristic2,50,4,1
f8c9fd04-6da8-4dde-8d76-ee054b243ee7,52,c6c2658a-19b5-4c04-bf16-0bc26395f74e,MCTS1,92,7,1
f8c9fd04-6da8-4dde-8d76-ee054b243ee7,52,1541b09b-08cf-48e9-8db7-832ff19ce4f2,MCTS2,81,10,1
f8c9fd04-6da8-4dde-8d76-ee054b243ee7,52,85efe15b-d284-4126-8ef1-9cf164216c68,Heuristic1,100,5,1
f8c9fd04-6da8-4dde-8d76-ee054b243ee7,52,7f18bb1d-8ffc-4412-aa60-be33468a6e7a,Heuristic2,50,4,1
f8c9fd04-6da8-4dde-8d76-ee054b243ee7,52,c6c2658a-19b5-4c04-bf16-0bc26395f74e,MCTS1,92,7,1
f8c9fd04-6da8-4dde-8d76-ee054b243ee7,52,1541b09b-08cf-48e9-8db7-832ff19ce4f2,MCTS2,81,10,1
f8c9fd04-6da8-4dde-8d76-ee054b243ee7,53,85efe15b-d284-4126-8ef1-9cf164216c68,Heuristic1,99,5,1
f8c9fd04-6da8-4dde-8d76-ee054b243ee7,53,7f18bb1d-8ffc-4412-aa60-be33468a6e7a,Heuristic2,49,4,1
f8c9fd04-6da8-4dde-8d76-ee054b243ee7,53,c6c2658a-19b5-4c04-bf16-0bc26395f74e,MCTS1,91,7,1
f8c9fd04-6da8-4dde-8d76-ee054b243ee7,53,1541b09b-08cf-48e9-8db7-832ff19ce4f2,MCTS2,80,10,1
f8c9fd04-6da8-4dde-8d76-ee054b243ee7,53,85efe15b-d284-4126-8ef1-9cf164216c68,Heuristic1,99,5,1
f8c9fd04-6da8-4dde-8d76-ee054b243ee7,53,7f18bb1d-8ffc-4412-aa60-be33468a6e7a,Heuristic2,49,4,1
f8c9fd04-6da8-4dde-8d76-ee054b243ee7,53,c6c2658a-19b5-4c04-bf16-0bc26395f74e,MCTS1,91,7,1
f8c9fd04-6da8-4dde-8d76-ee054b243ee7,53,1541b09b-08cf-48e9-8db7-832ff19ce4f2,MCTS2,80,10,1
f8c9fd04-6da8-4dde-8d76-ee054b243ee7,53,85efe15b-d284-4126-8ef1-9cf164216c68,Heuristic1,99,5,1
f8c9fd04-6da8-4dde-8d76-ee054b243ee7,53,7f18bb1d-8ffc-4412-aa60-be33468a6e7a,Heuristic2,49,4,1
f8c9fd04-6da8-4dde-8d76-ee054b243ee7,53,c6c2658a-19b5-4c04-bf16-0bc26395f74e,MCTS1,91,7,1
f8c9fd04-6da8-4dde-8d76-ee054b243ee7,53,1541b09b-08cf-48e9-8db7-832ff19ce4f2,MCTS2,80,10,1
f8c9fd04-6da8-4dde-8d76-ee054b243ee7,53,85efe15b-d284-4126-8ef1-9cf164216c68,Heuristic1,99,5,1
f8c9fd04-6da8-4dde-8d76-ee054b243ee7,53,7f18bb1d-8ffc-4412-aa60-be33468a6e7a,Heuristic2,49,4,1
f8c9fd04-6da8-4dde-8d76-ee054b243ee7,53,c6c2658a-19b5-4c04-bf16-0bc26395f74e,MCTS1,91,7,1
f8c9fd04-6da8-4dde-8d76-ee054b243ee7,53,1541b09b-08cf-48e9-8db7-832ff19ce4f2,MCTS2,80,10,1
f8c9fd04-6da8-4dde-8d76-ee054b243ee7,54,85efe15b-d284-4126-8ef1-9cf164216c68,Heuristic1,98,5,1
f8c9fd04-6da8-4dde-8d76-ee054b243ee7,54,c6c2658a-19b5-4c04-bf16-0bc26395f74e,MCTS1,90,7,1
f8c9fd04-6da8-4dde-8d76-ee054b243ee7,54,1541b09b-08cf-48e9-8db7-832ff19ce4f2,MCTS2,100,11,1
f8c9fd04-6da8-4dde-8d76-ee054b243ee7,54,7f18bb1d-8ffc-4412-aa60-be33468a6e7a,Heuristic2,49,4,0
f8c9fd04-6da8-4dde-8d76-ee054b243ee7,54,85efe15b-d284-4126-8ef1-9cf164216c68,Heuristic1,98,5,1
f8c9fd04-6da8-4dde-8d76-ee054b243ee7,54,c6c2658a-19b5-4c04-bf16-0bc26395f74e,MCTS1,90,7,1
f8c9fd04-6da8-4dde-8d76-ee054b243ee7,54,1541b09b-08cf-48e9-8db7-832ff19ce4f2,MCTS2,100,11,1
f8c9fd04-6da8-4dde-8d76-ee054b243ee7,54,7f18bb1d-8ffc-4412-aa60-be33468a6e7a,Heuristic2,49,4,0
f8c9fd04-6da8-4dde-8d76-ee054b243ee7,54,85efe15b-d284-4126-8ef1-9cf164216c68,Heuristic1,98,5,1
f8c9fd04-6da8-4dde-8d76-ee054b243ee7,54,c6c2658a-19b5-4c04-bf16-0bc26395f74e,MCTS1,90,7,1
f8c9fd04-6da8-4dde-8d76-ee054b243ee7,54,1541b09b-08cf-48e9-8db7-832ff19ce4f2,MCTS2,100,11,1
f8c9fd04-6da8-4dde-8d76-ee054b243ee7,54,7f18bb1d-8ffc-4412-aa60-be33468a6e7a,Heuristic2,49,4,0
f8c9fd04-6da8-4dde-8d76-ee054b243ee7,55,85efe15b-d284-4126-8ef1-9cf164216c68,Heuristic1,97,5,1
f8c9fd04-6da8-4dde-8d76-ee054b243ee7,55,c6c2658a-19b5-4c04-bf16-0bc26395f74e,MCTS1,89,7,1
f8c9fd04-6da8-4dde-8d76-ee054b243ee7,55,1541b09b-08cf-48e9-8db7-832ff19ce4f2,MCTS2,99,11,1
f8c9fd04-6da8-4dde-8d76-ee054b243ee7,55,7f18bb1d-8ffc-4412-aa60-be33468a6e7a,Heuristic2,49,4,0
f8c9fd04-6da8-4dde-8d76-ee054b243ee7,55,85efe15b-d284-4126-8ef1-9cf164216c68,Heuristic1,97,5,1
f8c9fd04-6da8-4dde-8d76-ee054b243ee7,55,c6c2658a-19b5-4c04-bf16-0bc26395f74e,MCTS1,89,7,1
f8c9fd04-6da8-4dde-8d76-ee054b243ee7,55,1541b09b-08cf-48e9-8db7-832ff19ce4f2,MCTS2,99,11,1
f8c9fd04-6da8-4dde-8d76-ee054b243ee7,55,7f18bb1d-8ffc-4412-aa60-be33468a6e7a,Heuristic2,49,4,0
f8c9fd04-6da8-4dde-8d76-ee054b243ee7,55,85efe15b-d284-4126-8ef1-9cf164216c68,Heuristic1,97,5,1
f8c9fd04-6da8-4dde-8d76-ee054b243ee7,55,c6c2658a-19b5-4c04-bf16-0bc26395f74e,MCTS1,89,7,1
f8c9fd04-6da8-4dde-8d76-ee054b243ee7,55,1541b09b-08cf-48e9-8db7-832ff19ce4f2,MCTS2,99,11,1
f8c9fd04-6da8-4dde-8d76-ee054b243ee7,55,7f18bb1d-8ffc-4412-aa60-be33468a6e7a,Heuristic2,49,4,0
f8c9fd04-6da8-4dde-8d76-ee054b243ee7,56,85efe15b-d284-4126-8ef1-9cf164216c68,Heuristic1,96,5,1
f8c9fd04-6da8-4dde-8d76-ee054b243ee7,56,c6c2658a-19b5-4c04-bf16-0bc26395f74e,MCTS1,60,7,1
f8c9fd04-6da8-4dde-8d76-ee054b243ee7,56,1541b09b-08cf-48e9-8db7-832ff19ce4f2,MCTS2,70,11,1
f8c9fd04-6da8-4dde-8d76-ee054b243ee7,56,7f18bb1d-8ffc-4412-aa60-be33468a6e7a,Heuristic2,49,4,0
f8c9fd04-6da8-4dde-8d76-ee054b243ee7,56,85efe15b-d284-4126-8ef1-9cf164216c68,Heuristic1,96,5,1
f8c9fd04-6da8-4dde-8d76-ee054b243ee7,56,c6c2658a-19b5-4c04-bf16-0bc26395f74e,MCTS1,60,7,1
f8c9fd04-6da8-4dde-8d76-ee054b243ee7,56,1541b09b-08cf-48e9-8db7-832ff19ce4f2,MCTS2,70,11,1
f8c9fd04-6da8-4dde-8d76-ee054b243ee7,56,7f18bb1d-8ffc-4412-aa60-be33468a6e7a,Heuristic2,49,4,0
f8c9fd04-6da8-4dde-8d76-ee054b243ee7,56,85efe15b-d284-4126-8ef1-9cf164216c68,Heuristic1,96,5,1
f8c9fd04-6da8-4dde-8d76-ee054b243ee7,56,c6c2658a-19b5-4c04-bf16-0bc26395f74e,MCTS1,60,7,1
f8c9fd04-6da8-4dde-8d76-ee054b243ee7,56,1541b09b-08cf-48e9-8db7-832ff19ce4f2,MCTS2,70,11,1
f8c9fd04-6da8-4dde-8d76-ee054b243ee7,56,7f18bb1d-8ffc-4412-aa60-be33468a6e7a,Heuristic2,49,4,0
f8c9fd04-6da8-4dde-8d76-ee054b243ee7,57,85efe15b-d284-4126-8ef1-9cf164216c68,Heuristic1,95,5,1
f8c9fd04-6da8-4dde-8d76-ee054b243ee7,57,c6c2658a-19b5-4c04-bf16-0bc26395f74e,MCTS1,59,7,1
f8c9fd04-6da8-4dde-8d76-ee054b243ee7,57,1541b09b-08cf-48e9-8db7-832ff19ce4f2,MCTS2,69,11,1
f8c9fd04-6da8-4dde-8d76-ee054b243ee7,57,7f18bb1d-8ffc-4412-aa60-be33468a6e7a,Heuristic2,49,4,0
f8c9fd04-6da8-4dde-8d76-ee054b243ee7,57,85efe15b-d284-4126-8ef1-9cf164216c68,Heuristic1,95,5,1
f8c9fd04-6da8-4dde-8d76-ee054b243ee7,57,c6c2658a-19b5-4c04-bf16-0bc26395f74e,MCTS1,59,7,1
f8c9fd04-6da8-4dde-8d76-ee054b243ee7,57,1541b09b-08cf-48e9-8db7-832ff19ce4f2,MCTS2,69,11,1
f8c9fd04-6da8-4dde-8d76-ee054b243ee7,57,7f18bb1d-8ffc-4412-aa60-be33468a6e7a,Heuristic2,49,4,0
f8c9fd04-6da8-4dde-8d76-ee054b243ee7,57,85efe15b-d284-4126-8ef1-9cf164216c68,Heuristic1,95,5,1
f8c9fd04-6da8-4dde-8d76-ee054b243ee7,57,c6c2658a-19b5-4c04-bf16-0bc26395f74e,MCTS1,59,7,1
f8c9fd04-6da8-4dde-8d76-ee054b243ee7,57,1541b09b-08cf-48e9-8db7-832ff19ce4f2,MCTS2,69,11,1
f8c9fd04-6da8-4dde-8d76-ee054b243ee7,57,7f18bb1d-8ffc-4412-aa60-be33468a6e7a,Heuristic2,49,4,0
f8c9fd04-6da8-4dde-8d76-ee054b243ee7,58,85efe15b-d284-4126-8ef1-9cf164216c68,Heuristic1,66,5,1
f8c9fd04-6da8-4dde-8d76-ee054b243ee7,58,c6c2658a-19b5-4c04-bf16-0bc26395f74e,MCTS1,58,7,1
f8c9fd04-6da8-4dde-8d76-ee054b243ee7,58,1541b09b-08cf-48e9-8db7-832ff19ce4f2,MCTS2,68,11,1
f8c9fd04-6da8-4dde-8d76-ee054b243ee7,58,7f18bb1d-8ffc-4412-aa60-be33468a6e7a,Heuristic2,49,4,0
f8c9fd04-6da8-4dde-8d76-ee054b243ee7,58,85efe15b-d284-4126-8ef1-9cf164216c68,Heuristic1,66,5,1
f8c9fd04-6da8-4dde-8d76-ee054b243ee7,58,c6c2658a-19b5-4c04-bf16-0bc26395f74e,MCTS1,58,7,1
f8c9fd04-6da8-4dde-8d76-ee054b243ee7,58,1541b09b-08cf-48e9-8db7-832ff19ce4f2,MCTS2,68,11,1
f8c9fd04-6da8-4dde-8d76-ee054b243ee7,58,7f18bb1d-8ffc-4412-aa60-be33468a6e7a,Heuristic2,49,4,0
f8c9fd04-6da8-4dde-8d76-ee054b243ee7,58,85efe15b-d284-4126-8ef1-9cf164216c68,Heuristic1,66,5,1
f8c9fd04-6da8-4dde-8d76-ee054b243ee7,58,c6c2658a-19b5-4c04-bf16-0bc26395f74e,MCTS1,58,7,1
f8c9fd04-6da8-4dde-8d76-ee054b243ee7,58,1541b09b-08cf-48e9-8db7-832ff19ce4f2,MCTS2,68,11,1
f8c9fd04-6da8-4dde-8d76-ee054b243ee7,58,7f18bb1d-8ffc-4412-aa60-be33468a6e7a,Heuristic2,49,4,0
f8c9fd04-6da8-4dde-8d76-ee054b243ee7,59,85efe15b-d284-4126-8ef1-9cf164216c68,Heuristic1,65,5,1
f8c9fd04-6da8-4dde-8d76-ee054b243ee7,59,c6c2658a-19b5-4c04-bf16-0bc26395f74e,MCTS1,57,7,1
f8c9fd04-6da8-4dde-8d76-ee054b243ee7,59,1541b09b-08cf-48e9-8db7-832ff19ce4f2,MCTS2,67,11,1
f8c9fd04-6da8-4dde-8d76-ee054b243ee7,59,7f18bb1d-8ffc-4412-aa60-be33468a6e7a,Heuristic2,49,4,0
f8c9fd04-6da8-4dde-8d76-ee054b243ee7,59,85efe15b-d284-4126-8ef1-9cf164216c68,Heuristic1,65,5,1
f8c9fd04-6da8-4dde-8d76-ee054b243ee7,59,c6c2658a-19b5-4c04-bf16-0bc26395f74e,MCTS1,57,7,1
f8c9fd04-6da8-4dde-8d76-ee054b243ee7,59,1541b09b-08cf-48e9-8db7-832ff19ce4f2,MCTS2,67,11,1
f8c9fd04-6da8-4dde-8d76-ee054b243ee7,59,7f18bb1d-8ffc-4412-aa60-be33468a6e7a,Heuristic2,49,4,0
f8c9fd04-6da8-4dde-8d76-ee054b243ee7,59,85efe15b-d284-4126-8ef1-9cf164216c68,Heuristic1,65,5,1
f8c9fd04-6da8-4dde-8d76-ee054b243ee7,59,c6c2658a-19b5-4c04-bf16-0bc26395f74e,MCTS1,57,7,1
f8c9fd04-6da8-4dde-8d76-ee054b243ee7,59,1541b09b-08cf-48e9-8db7-832ff19ce4f2,MCTS2,67,11,1
f8c9fd04-6da8-4dde-8d76-ee054b243ee7,59,7f18bb1d-8ffc-4412-aa60-be33468a6e7a,Heuristic2,49,4,0
f8c9fd04-6da8-4dde-8d76-ee054b243ee7,60,85efe15b-d284-4126-8ef1-9cf164216c68,Heuristic1,64,5,1
f8c9fd04-6da8-4dde-8d76-ee054b243ee7,60,c6c2658a-19b5-4c04-bf16-0bc26395f74e,MCTS1,56,7,1
f8c9fd04-6da8-4dde-8d76-ee054b243ee7,60,1541b09b-08cf-48e9-8db7-832ff19ce4f2,MCTS2,66,11,1
f8c9fd04-6da8-4dde-8d76-ee054b243ee7,60,7f18bb1d-8ffc-4412-aa60-be33468a6e7a,Heuristic2,49,4,0
f8c9fd04-6da8-4dde-8d76-ee054b243ee7,60,85efe15b-d284-4126-8ef1-9cf164216c68,Heuristic1,64,5,1
f8c9fd04-6da8-4dde-8d76-ee054b243ee7,60,c6c2658a-19b5-4c04-bf16-0bc26395f74e,MCTS1,56,7,1
f8c9fd04-6da8-4dde-8d76-ee054b243ee7,60,1541b09b-08cf-48e9-8db7-832ff19ce4f2,MCTS2,66,11,1
f8c9fd04-6da8-4dde-8d76-ee054b243ee7,60,7f18bb1d-8ffc-4412-aa60-be33468a6e7a,Heuristic2,49,4,0
f8c9fd04-6da8-4dde-8d76-ee054b243ee7,60,85efe15b-d284-4126-8ef1-9cf164216c68,Heuristic1,64,5,1
f8c9fd04-6da8-4dde-8d76-ee054b243ee7,60,c6c2658a-19b5-4c04-bf16-0bc26395f74e,MCTS1,56,7,1
f8c9fd04-6da8-4dde-8d76-ee054b243ee7,60,1541b09b-08cf-48e9-8db7-832ff19ce4f2,MCTS2,66,11,1
f8c9fd04-6da8-4dde-8d76-ee054b243ee7,60,7f18bb1d-8ffc-4412-aa60-be33468a6e7a,Heuristic2,49,4,0
f8c9fd04-6da8-4dde-8d76-ee054b243ee7,61,85efe15b-d284-4126-8ef1-9cf164216c68,Heuristic1,63,5,1
f8c9fd04-6da8-4dde-8d76-ee054b243ee7,61,c6c2658a-19b5-4c04-bf16-0bc26395f74e,MCTS1,55,7,1
f8c9fd04-6da8-4dde-8d76-ee054b243ee7,61,1541b09b-08cf-48e9-8db7-832ff19ce4f2,MCTS2,65,11,1
f8c9fd04-6da8-4dde-8d76-ee054b243ee7,61,7f18bb1d-8ffc-4412-aa60-be33468a6e7a,Heuristic2,49,4,0
f8c9fd04-6da8-4dde-8d76-ee054b243ee7,61,85efe15b-d284-4126-8ef1-9cf164216c68,Heuristic1,63,5,1
f8c9fd04-6da8-4dde-8d76-ee054b243ee7,61,c6c2658a-19b5-4c04-bf16-0bc26395f74e,MCTS1,55,7,1
f8c9fd04-6da8-4dde-8d76-ee054b243ee7,61,1541b09b-08cf-48e9-8db7-832ff19ce4f2,MCTS2,65,11,1
f8c9fd04-6da8-4dde-8d76-ee054b243ee7,61,7f18bb1d-8ffc-4412-aa60-be33468a6e7a,Heuristic2,49,4,0
f8c9fd04-6da8-4dde-8d76-ee054b243ee7,61,85efe15b-d284-4126-8ef1-9cf164216c68,Heuristic1,63,5,1
f8c9fd04-6da8-4dde-8d76-ee054b243ee7,61,c6c2658a-19b5-4c04-bf16-0bc26395f74e,MCTS1,55,7,1
f8c9fd04-6da8-4dde-8d76-ee054b243ee7,61,1541b09b-08cf-48e9-8db7-832ff19ce4f2,MCTS2,65,11,1
f8c9fd04-6da8-4dde-8d76-ee054b243ee7,61,7f18bb1d-8ffc-4412-aa60-be33468a6e7a,Heuristic2,49,4,0
f8c9fd04-6da8-4dde-8d76-ee054b243ee7,62,85efe15b-d284-4126-8ef1-9cf164216c68,Heuristic1,62,5,1
f8c9fd04-6da8-4dde-8d76-ee054b243ee7,62,c6c2658a-19b5-4c04-bf16-0bc26395f74e,MCTS1,54,7,1
f8c9fd04-6da8-4dde-8d76-ee054b243ee7,62,1541b09b-08cf-48e9-8db7-832ff19ce4f2,MCTS2,36,11,1
f8c9fd04-6da8-4dde-8d76-ee054b243ee7,62,7f18bb1d-8ffc-4412-aa60-be33468a6e7a,Heuristic2,49,4,0
f8c9fd04-6da8-4dde-8d76-ee054b243ee7,62,85efe15b-d284-4126-8ef1-9cf164216c68,Heuristic1,62,5,1
f8c9fd04-6da8-4dde-8d76-ee054b243ee7,62,c6c2658a-19b5-4c04-bf16-0bc26395f74e,MCTS1,54,7,1
f8c9fd04-6da8-4dde-8d76-ee054b243ee7,62,1541b09b-08cf-48e9-8db7-832ff19ce4f2,MCTS2,36,11,1
f8c9fd04-6da8-4dde-8d76-ee054b243ee7,62,7f18bb1d-8ffc-4412-aa60-be33468a6e7a,Heuristic2,49,4,0
f8c9fd04-6da8-4dde-8d76-ee054b243ee7,62,85efe15b-d284-4126-8ef1-9cf164216c68,Heuristic1,62,5,1
f8c9fd04-6da8-4dde-8d76-ee054b243ee7,62,c6c2658a-19b5-4c04-bf16-0bc26395f74e,MCTS1,54,7,1
f8c9fd04-6da8-4dde-8d76-ee054b243ee7,62,1541b09b-08cf-48e9-8db7-832ff19ce4f2,MCTS2,36,11,1
f8c9fd04-6da8-4dde-8d76-ee054b243ee7,62,7f18bb1d-8ffc-4412-aa60-be33468a6e7a,Heuristic2,49,4,0
f8c9fd04-6da8-4dde-8d76-ee054b243ee7,63,85efe15b-d284-4126-8ef1-9cf164216c68,Heuristic1,61,5,1
f8c9fd04-6da8-4dde-8d76-ee054b243ee7,63,c6c2658a-19b5-4c04-bf16-0bc26395f74e,MCTS1,53,7,1
f8c9fd04-6da8-4dde-8d76-ee054b243ee7,63,1541b09b-08cf-48e9-8db7-832ff19ce4f2,MCTS2,35,11,1
f8c9fd04-6da8-4dde-8d76-ee054b243ee7,63,7f18bb1d-8ffc-4412-aa60-be33468a6e7a,Heuristic2,49,4,0
f8c9fd04-6da8-4dde-8d76-ee054b243ee7,63,85efe15b-d284-4126-8ef1-9cf164216c68,Heuristic1,61,5,1
f8c9fd04-6da8-4dde-8d76-ee054b243ee7,63,c6c2658a-19b5-4c04-bf16-0bc26395f74e,MCTS1,53,7,1
f8c9fd04-6da8-4dde-8d76-ee054b243ee7,63,1541b09b-08cf-48e9-8db7-832ff19ce4f2,MCTS2,35,11,1
f8c9fd04-6da8-4dde-8d76-ee054b243ee7,63,7f18bb1d-8ffc-4412-aa60-be33468a6e7a,Heuristic2,49,4,0
f8c9fd04-6da8-4dde-8d76-ee054b243ee7,63,85efe15b-d284-4126-8ef1-9cf164216c68,Heuristic1,61,5,1
f8c9fd04-6da8-4dde-8d76-ee054b243ee7,63,c6c2658a-19b5-4c04-bf16-0bc26395f74e,MCTS1,53,7,1
f8c9fd04-6da8-4dde-8d76-ee054b243ee7,63,1541b09b-08cf-48e9-8db7-832ff19ce4f2,MCTS2,35,11,1
f8c9fd04-6da8-4dde-8d76-ee054b243ee7,63,7f18bb1d-8ffc-4412-aa60-be33468a6e7a,Heuristic2,49,4,0
f8c9fd04-6da8-4dde-8d76-ee054b243ee7,64,85efe15b-d284-4126-8ef1-9cf164216c68,Heuristic1,60,5,1
f8c9fd04-6da8-4dde-8d76-ee054b243ee7,64,c6c2658a-19b5-4c04-bf16-0bc26395f74e,MCTS1,52,7,1
f8c9fd04-6da8-4dde-8d76-ee054b243ee7,64,1541b09b-08cf-48e9-8db7-832ff19ce4f2,MCTS2,34,11,1
f8c9fd04-6da8-4dde-8d76-ee054b243ee7,64,7f18bb1d-8ffc-4412-aa60-be33468a6e7a,Heuristic2,49,4,0
f8c9fd04-6da8-4dde-8d76-ee054b243ee7,64,85efe15b-d284-4126-8ef1-9cf164216c68,Heuristic1,60,5,1
f8c9fd04-6da8-4dde-8d76-ee054b243ee7,64,c6c2658a-19b5-4c04-bf16-0bc26395f74e,MCTS1,52,7,1
f8c9fd04-6da8-4dde-8d76-ee054b243ee7,64,1541b09b-08cf-48e9-8db7-832ff19ce4f2,MCTS2,34,11,1
f8c9fd04-6da8-4dde-8d76-ee054b243ee7,64,7f18bb1d-8ffc-4412-aa60-be33468a6e7a,Heuristic2,49,4,0
f8c9fd04-6da8-4dde-8d76-ee054b243ee7,64,85efe15b-d284-4126-8ef1-9cf164216c68,Heuristic1,60,5,1
f8c9fd04-6da8-4dde-8d76-ee054b243ee7,64,c6c2658a-19b5-4c04-bf16-0bc26395f74e,MCTS1,52,7,1
f8c9fd04-6da8-4dde-8d76-ee054b243ee7,64,1541b09b-08cf-48e9-8db7-832ff19ce4f2,MCTS2,34,11,1
f8c9fd04-6da8-4dde-8d76-ee054b243ee7,64,7f18bb1d-8ffc-4412-aa60-be33468a6e7a,Heuristic2,49,4,0
f8c9fd04-6da8-4dde-8d76-ee054b243ee7,65,85efe15b-d284-4126-8ef1-9cf164216c68,Heuristic1,59,5,1
f8c9fd04-6da8-4dde-8d76-ee054b243ee7,65,c6c2658a-19b5-4c04-bf16-0bc26395f74e,MCTS1,51,7,1
f8c9fd04-6da8-4dde-8d76-ee054b243ee7,65,1541b09b-08cf-48e9-8db7-832ff19ce4f2,MCTS2,33,11,1
f8c9fd04-6da8-4dde-8d76-ee054b243ee7,65,7f18bb1d-8ffc-4412-aa60-be33468a6e7a,Heuristic2,49,4,0
f8c9fd04-6da8-4dde-8d76-ee054b243ee7,65,85efe15b-d284-4126-8ef1-9cf164216c68,Heuristic1,59,5,1
f8c9fd04-6da8-4dde-8d76-ee054b243ee7,65,c6c2658a-19b5-4c04-bf16-0bc26395f74e,MCTS1,51,7,1
f8c9fd04-6da8-4dde-8d76-ee054b243ee7,65,1541b09b-08cf-48e9-8db7-832ff19ce4f2,MCTS2,33,11,1
f8c9fd04-6da8-4dde-8d76-ee054b243ee7,65,7f18bb1d-8ffc-4412-aa60-be33468a6e7a,Heuristic2,49,4,0
f8c9fd04-6da8-4dde-8d76-ee054b243ee7,65,85efe15b-d284-4126-8ef1-9cf164216c68,Heuristic1,59,5,1
f8c9fd04-6da8-4dde-8d76-ee054b243ee7,65,c6c2658a-19b5-4c04-bf16-0bc26395f74e,MCTS1,51,7,1
f8c9fd04-6da8-4dde-8d76-ee054b243ee7,65,1541b09b-08cf-48e9-8db7-832ff19ce4f2,MCTS2,33,11,1
f8c9fd04-6da8-4dde-8d76-ee054b243ee7,65,7f18bb1d-8ffc-4412-aa60-be33468a6e7a,Heuristic2,49,4,0
f8c9fd04-6da8-4dde-8d76-ee054b243ee7,66,85efe15b-d284-4126-8ef1-9cf164216c68,Heuristic1,30,5,1
f8c9fd04-6da8-4dde-8d76-ee054b243ee7,66,c6c2658a-19b5-4c04-bf16-0bc26395f74e,MCTS1,22,7,1
f8c9fd04-6da8-4dde-8d76-ee054b243ee7,66,1541b09b-08cf-48e9-8db7-832ff19ce4f2,MCTS2,32,11,1
f8c9fd04-6da8-4dde-8d76-ee054b243ee7,66,7f18bb1d-8ffc-4412-aa60-be33468a6e7a,Heuristic2,49,4,0
f8c9fd04-6da8-4dde-8d76-ee054b243ee7,66,85efe15b-d284-4126-8ef1-9cf164216c68,Heuristic1,30,5,1
f8c9fd04-6da8-4dde-8d76-ee054b243ee7,66,c6c2658a-19b5-4c04-bf16-0bc26395f74e,MCTS1,22,7,1
f8c9fd04-6da8-4dde-8d76-ee054b243ee7,66,1541b09b-08cf-48e9-8db7-832ff19ce4f2,MCTS2,32,11,1
f8c9fd04-6da8-4dde-8d76-ee054b243ee7,66,7f18bb1d-8ffc-4412-aa60-be33468a6e7a,Heuristic2,49,4,0
f8c9fd04-6da8-4dde-8d76-ee054b243ee7,66,85efe15b-d284-4126-8ef1-9cf164216c68,Heuristic1,30,5,1
f8c9fd04-6da8-4dde-8d76-ee054b243ee7,66,c6c2658a-19b5-4c04-bf16-0bc26395f74e,MCTS1,22,7,1
f8c9fd04-6da8-4dde-8d76-ee054b243ee7,66,1541b09b-08cf-48e9-8db7-832ff19ce4f2,MCTS2,32,11,1
f8c9fd04-6da8-4dde-8d76-ee054b243ee7,66,7f18bb1d-8ffc-4412-aa60-be33468a6e7a,Heuristic2,49,4,0
f8c9fd04-6da8-4dde-8d76-ee054b243ee7,67,85efe15b-d284-4126-8ef1-9cf164216c68,Heuristic1,29,5,1
f8c9fd04-6da8-4dde-8d76-ee054b243ee7,67,c6c2658a-19b5-4c04-bf16-0bc26395f74e,MCTS1,21,7,1
f8c9fd04-6da8-4dde-8d76-ee054b243ee7,67,1541b09b-08cf-48e9-8db7-832ff19ce4f2,MCTS2,31,11,1
f8c9fd04-6da8-4dde-8d76-ee054b243ee7,67,7f18bb1d-8ffc-4412-aa60-be33468a6e7a,Heuristic2,49,4,0
f8c9fd04-6da8-4dde-8d76-ee054b243ee7,67,85efe15b-d284-4126-8ef1-9cf164216c68,Heuristic1,29,5,1
f8c9fd04-6da8-4dde-8d76-ee054b243ee7,67,c6c2658a-19b5-4c04-bf16-0bc26395f74e,MCTS1,21,7,1
f8c9fd04-6da8-4dde-8d76-ee054b243ee7,67,1541b09b-08cf-48e9-8db7-832ff19ce4f2,MCTS2,31,11,1
f8c9fd04-6da8-4dde-8d76-ee054b243ee7,67,7f18bb1d-8ffc-4412-aa60-be33468a6e7a,Heuristic2,49,4,0
f8c9fd04-6da8-4dde-8d76-ee054b243ee7,67,85efe15b-d284-4126-8ef1-9cf164216c68,Heuristic1,29,5,1
f8c9fd04-6da8-4dde-8d76-ee054b243ee7,67,c6c2658a-19b5-4c04-bf16-0bc26395f74e,MCTS1,21,7,1
f8c9fd04-6da8-4dde-8d76-ee054b243ee7,67,1541b09b-08cf-48e9-8db7-832ff19ce4f2,MCTS2,31,11,1
f8c9fd04-6da8-4dde-8d76-ee054b243ee7,67,7f18bb1d-8ffc-4412-aa60-be33468a6e7a,Heuristic2,49,4,0
f8c9fd04-6da8-4dde-8d76-ee054b243ee7,68,85efe15b-d284-4126-8ef1-9cf164216c68,Heuristic1,28,5,1
f8c9fd04-6da8-4dde-8d76-ee054b243ee7,68,c6c2658a-19b5-4c04-bf16-0bc26395f74e,MCTS1,20,7,1
f8c9fd04-6da8-4dde-8d76-ee054b243ee7,68,1541b09b-08cf-48e9-8db7-832ff19ce4f2,MCTS2,30,11,1
f8c9fd04-6da8-4dde-8d76-ee054b243ee7,68,7f18bb1d-8ffc-4412-aa60-be33468a6e7a,Heuristic2,49,4,0
f8c9fd04-6da8-4dde-8d76-ee054b243ee7,68,85efe15b-d284-4126-8ef1-9cf164216c68,Heuristic1,28,5,1
f8c9fd04-6da8-4dde-8d76-ee054b243ee7,68,c6c2658a-19b5-4c04-bf16-0bc26395f74e,MCTS1,20,7,1
f8c9fd04-6da8-4dde-8d76-ee054b243ee7,68,1541b09b-08cf-48e9-8db7-832ff19ce4f2,MCTS2,30,11,1
f8c9fd04-6da8-4dde-8d76-ee054b243ee7,68,7f18bb1d-8ffc-4412-aa60-be33468a6e7a,Heuristic2,49,4,0
f8c9fd04-6da8-4dde-8d76-ee054b243ee7,68,85efe15b-d284-4126-8ef1-9cf164216c68,Heuristic1,28,5,1
f8c9fd04-6da8-4dde-8d76-ee054b243ee7,68,c6c2658a-19b5-4c04-bf16-0bc26395f74e,MCTS1,20,7,1
f8c9fd04-6da8-4dde-8d76-ee054b243ee7,68,1541b09b-08cf-48e9-8db7-832ff19ce4f2,MCTS2,30,11,1
f8c9fd04-6da8-4dde-8d76-ee054b243ee7,68,7f18bb1d-8ffc-4412-aa60-be33468a6e7a,Heuristic2,49,4,0
f8c9fd04-6da8-4dde-8d76-ee054b243ee7,69,85efe15b-d284-4126-8ef1-9cf164216c68,Heuristic1,100,6,1
f8c9fd04-6da8-4dde-8d76-ee054b243ee7,69,c6c2658a-19b5-4c04-bf16-0bc26395f74e,MCTS1,19,7,1
f8c9fd04-6da8-4dde-8d76-ee054b243ee7,69,1541b09b-08cf-48e9-8db7-832ff19ce4f2,MCTS2,29,11,1
f8c9fd04-6da8-4dde-8d76-ee054b243ee7,69,7f18bb1d-8ffc-4412-aa60-be33468a6e7a,Heuristic2,49,4,0
f8c9fd04-6da8-4dde-8d76-ee054b243ee7,69,85efe15b-d284-4126-8ef1-9cf164216c68,Heuristic1,100,6,1
f8c9fd04-6da8-4dde-8d76-ee054b243ee7,69,c6c2658a-19b5-4c04-bf16-0bc26395f74e,MCTS1,19,7,1
f8c9fd04-6da8-4dde-8d76-ee054b243ee7,69,1541b09b-08cf-48e9-8db7-832ff19ce4f2,MCTS2,29,11,1
f8c9fd04-6da8-4dde-8d76-ee054b243ee7,69,7f18bb1d-8ffc-4412-aa60-be33468a6e7a,Heuristic2,49,4,0
f8c9fd04-6da8-4dde-8d76-ee054b243ee7,69,85efe15b-d284-4126-8ef1-9cf164216c68,Heuristic1,100,6,1
f8c9fd04-6da8-4dde-8d76-ee054b243ee7,69,c6c2658a-19b5-4c04-bf16-0bc26395f74e,MCTS1,19,7,1
f8c9fd04-6da8-4dde-8d76-ee054b243ee7,69,1541b09b-08cf-48e9-8db7-832ff19ce4f2,MCTS2,29,11,1
f8c9fd04-6da8-4dde-8d76-ee054b243ee7,69,7f18bb1d-8ffc-4412-aa60-be33468a6e7a,Heuristic2,49,4,0
f8c9fd04-6da8-4dde-8d76-ee054b243ee7,70,85efe15b-d284-4126-8ef1-9cf164216c68,Heuristic1,99,6,1
f8c9fd04-6da8-4dde-8d76-ee054b243ee7,70,c6c2658a-19b5-4c04-bf16-0bc26395f74e,MCTS1,100,8,1
f8c9fd04-6da8-4dde-8d76-ee054b243ee7,70,1541b09b-08cf-48e9-8db7-832ff19ce4f2,MCTS2,28,11,1
f8c9fd04-6da8-4dde-8d76-ee054b243ee7,70,7f18bb1d-8ffc-4412-aa60-be33468a6e7a,Heuristic2,49,4,0
f8c9fd04-6da8-4dde-8d76-ee054b243ee7,70,85efe15b-d284-4126-8ef1-9cf164216c68,Heuristic1,99,6,1
f8c9fd04-6da8-4dde-8d76-ee054b243ee7,70,c6c2658a-19b5-4c04-bf16-0bc26395f74e,MCTS1,100,8,1
f8c9fd04-6da8-4dde-8d76-ee054b243ee7,70,1541b09b-08cf-48e9-8db7-832ff19ce4f2,MCTS2,28,11,1
f8c9fd04-6da8-4dde-8d76-ee054b243ee7,70,7f18bb1d-8ffc-4412-aa60-be33468a6e7a,Heuristic2,49,4,0
f8c9fd04-6da8-4dde-8d76-ee054b243ee7,70,85efe15b-d284-4126-8ef1-9cf164216c68,Heuristic1,99,6,1
f8c9fd04-6da8-4dde-8d76-ee054b243ee7,70,c6c2658a-19b5-4c04-bf16-0bc26395f74e,MCTS1,100,8,1
f8c9fd04-6da8-4dde-8d76-ee054b243ee7,70,1541b09b-08cf-48e9-8db7-832ff19ce4f2,MCTS2,28,11,1
f8c9fd04-6da8-4dde-8d76-ee054b243ee7,70,7f18bb1d-8ffc-4412-aa60-be33468a6e7a,Heuristic2,49,4,0
f8c9fd04-6da8-4dde-8d76-ee054b243ee7,71,85efe15b-d284-4126-8ef1-9cf164216c68,Heuristic1,98,6,1
f8c9fd04-6da8-4dde-8d76-ee054b243ee7,71,c6c2658a-19b5-4c04-bf16-0bc26395f74e,MCTS1,99,8,1
f8c9fd04-6da8-4dde-8d76-ee054b243ee7,71,1541b09b-08cf-48e9-8db7-832ff19ce4f2,MCTS2,27,11,1
f8c9fd04-6da8-4dde-8d76-ee054b243ee7,71,7f18bb1d-8ffc-4412-aa60-be33468a6e7a,Heuristic2,49,4,0
f8c9fd04-6da8-4dde-8d76-ee054b243ee7,71,85efe15b-d284-4126-8ef1-9cf164216c68,Heuristic1,98,6,1
f8c9fd04-6da8-4dde-8d76-ee054b243ee7,71,c6c2658a-19b5-4c04-bf16-0bc26395f74e,MCTS1,99,8,1
f8c9fd04-6da8-4dde-8d76-ee054b243ee7,71,1541b09b-08cf-48e9-8db7-832ff19ce4f2,MCTS2,27,11,1
f8c9fd04-6da8-4dde-8d76-ee054b243ee7,71,7f18bb1d-8ffc-4412-aa60-be33468a6e7a,Heuristic2,49,4,0
f8c9fd04-6da8-4dde-8d76-ee054b243ee7,71,85efe15b-d284-4126-8ef1-9cf164216c68,Heuristic1,98,6,1
f8c9fd04-6da8-4dde-8d76-ee054b243ee7,71,c6c2658a-19b5-4c04-bf16-0bc26395f74e,MCTS1,99,8,1
f8c9fd04-6da8-4dde-8d76-ee054b243ee7,71,1541b09b-08cf-48e9-8db7-832ff19ce4f2,MCTS2,27,11,1
f8c9fd04-6da8-4dde-8d76-ee054b243ee7,71,7f18bb1d-8ffc-4412-aa60-be33468a6e7a,Heuristic2,49,4,0
f8c9fd04-6da8-4dde-8d76-ee054b243ee7,72,85efe15b-d284-4126-8ef1-9cf164216c68,Heuristic1,69,6,1
f8c9fd04-6da8-4dde-8d76-ee054b243ee7,72,c6c2658a-19b5-4c04-bf16-0bc26395f74e,MCTS1,70,8,1
f8c9fd04-6da8-4dde-8d76-ee054b243ee7,72,1541b09b-08cf-48e9-8db7-832ff19ce4f2,MCTS2,26,11,1
f8c9fd04-6da8-4dde-8d76-ee054b243ee7,72,7f18bb1d-8ffc-4412-aa60-be33468a6e7a,Heuristic2,49,4,0
f8c9fd04-6da8-4dde-8d76-ee054b243ee7,72,85efe15b-d284-4126-8ef1-9cf164216c68,Heuristic1,69,6,1
f8c9fd04-6da8-4dde-8d76-ee054b243ee7,72,c6c2658a-19b5-4c04-bf16-0bc26395f74e,MCTS1,70,8,1
f8c9fd04-6da8-4dde-8d76-ee054b243ee7,72,1541b09b-08cf-48e9-8db7-832ff19ce4f2,MCTS2,26,11,1
f8c9fd04-6da8-4dde-8d76-ee054b243ee7,72,7f18bb1d-8ffc-4412-aa60-be33468a6e7a,Heuristic2,49,4,0
f8c9fd04-6da8-4dde-8d76-ee054b243ee7,72,85efe15b-d284-4126-8ef1-9cf164216c68,Heuristic1,69,6,1
f8c9fd04-6da8-4dde-8d76-ee054b243ee7,72,c6c2658a-19b5-4c04-bf16-0bc26395f74e,MCTS1,70,8,1
f8c9fd04-6da8-4dde-8d76-ee054b243ee7,72,1541b09b-08cf-48e9-8db7-832ff19ce4f2,MCTS2,26,11,1
f8c9fd04-6da8-4dde-8d76-ee054b243ee7,72,7f18bb1d-8ffc-4412-aa60-be33468a6e7a,Heuristic2,49,4,0
f8c9fd04-6da8-4dde-8d76-ee054b243ee7,73,85efe15b-d284-4126-8ef1-9cf164216c68,Heuristic1,68,6,1
f8c9fd04-6da8-4dde-8d76-ee054b243ee7,73,c6c2658a-19b5-4c04-bf16-0bc26395f74e,MCTS1,69,8,1
f8c9fd04-6da8-4dde-8d76-ee054b243ee7,73,1541b09b-08cf-48e9-8db7-832ff19ce4f2,MCTS2,25,11,1
f8c9fd04-6da8-4dde-8d76-ee054b243ee7,73,7f18bb1d-8ffc-4412-aa60-be33468a6e7a,Heuristic2,49,4,0
f8c9fd04-6da8-4dde-8d76-ee054b243ee7,73,85efe15b-d284-4126-8ef1-9cf164216c68,Heuristic1,68,6,1
f8c9fd04-6da8-4dde-8d76-ee054b243ee7,73,c6c2658a-19b5-4c04-bf16-0bc26395f74e,MCTS1,69,8,1
f8c9fd04-6da8-4dde-8d76-ee054b243ee7,73,1541b09b-08cf-48e9-8db7-832ff19ce4f2,MCTS2,25,11,1
f8c9fd04-6da8-4dde-8d76-ee054b243ee7,73,7f18bb1d-8ffc-4412-aa60-be33468a6e7a,Heuristic2,49,4,0
f8c9fd04-6da8-4dde-8d76-ee054b243ee7,73,85efe15b-d284-4126-8ef1-9cf164216c68,Heuristic1,68,6,1
f8c9fd04-6da8-4dde-8d76-ee054b243ee7,73,c6c2658a-19b5-4c04-bf16-0bc26395f74e,MCTS1,69,8,1
f8c9fd04-6da8-4dde-8d76-ee054b243ee7,73,1541b09b-08cf-48e9-8db7-832ff19ce4f2,MCTS2,25,11,1
f8c9fd04-6da8-4dde-8d76-ee054b243ee7,73,7f18bb1d-8ffc-4412-aa60-be33468a6e7a,Heuristic2,49,4,0
f8c9fd04-6da8-4dde-8d76-ee054b243ee7,74,85efe15b-d284-4126-8ef1-9cf164216c68,Heuristic1,67,6,1
f8c9fd04-6da8-4dde-8d76-ee054b243ee7,74,c6c2658a-19b5-4c04-bf16-0bc26395f74e,MCTS1,68,8,1
f8c9fd04-6da8-4dde-8d76-ee054b243ee7,74,1541b09b-08cf-48e9-8db7-832ff19ce4f2,MCTS2,24,11,1
f8c9fd04-6da8-4dde-8d76-ee054b243ee7,74,7f18bb1d-8ffc-4412-aa60-be33468a6e7a,Heuristic2,49,4,0
f8c9fd04-6da8-4dde-8d76-ee054b243ee7,74,85efe15b-d284-4126-8ef1-9cf164216c68,Heuristic1,67,6,1
f8c9fd04-6da8-4dde-8d76-ee054b243ee7,74,c6c2658a-19b5-4c04-bf16-0bc26395f74e,MCTS1,68,8,1
f8c9fd04-6da8-4dde-8d76-ee054b243ee7,74,1541b09b-08cf-48e9-8db7-832ff19ce4f2,MCTS2,24,11,1
f8c9fd04-6da8-4dde-8d76-ee054b243ee7,74,7f18bb1d-8ffc-4412-aa60-be33468a6e7a,Heuristic2,49,4,0
f8c9fd04-6da8-4dde-8d76-ee054b243ee7,74,85efe15b-d284-4126-8ef1-9cf164216c68,Heuristic1,67,6,1
f8c9fd04-6da8-4dde-8d76-ee054b243ee7,74,c6c2658a-19b5-4c04-bf16-0bc26395f74e,MCTS1,68,8,1
f8c9fd04-6da8-4dde-8d76-ee054b243ee7,74,1541b09b-08cf-48e9-8db7-832ff19ce4f2,MCTS2,24,11,1
f8c9fd04-6da8-4dde-8d76-ee054b243ee7,74,7f18bb1d-8ffc-4412-aa60-be33468a6e7a,Heuristic2,49,4,0
f8c9fd04-6da8-4dde-8d76-ee054b243ee7,75,85efe15b-d284-4126-8ef1-9cf164216c68,Heuristic1,66,6,1
f8c9fd04-6da8-4dde-8d76-ee054b243ee7,75,c6c2658a-19b5-4c04-bf16-0bc26395f74e,MCTS1,67,8,1
f8c9fd04-6da8-4dde-8d76-ee054b243ee7,75,1541b09b-08cf-48e9-8db7-832ff19ce4f2,MCTS2,23,11,1
f8c9fd04-6da8-4dde-8d76-ee054b243ee7,75,7f18bb1d-8ffc-4412-aa60-be33468a6e7a,Heuristic2,49,4,0
f8c9fd04-6da8-4dde-8d76-ee054b243ee7,75,85efe15b-d284-4126-8ef1-9cf164216c68,Heuristic1,66,6,1
f8c9fd04-6da8-4dde-8d76-ee054b243ee7,75,c6c2658a-19b5-4c04-bf16-0bc26395f74e,MCTS1,67,8,1
f8c9fd04-6da8-4dde-8d76-ee054b243ee7,75,1541b09b-08cf-48e9-8db7-832ff19ce4f2,MCTS2,23,11,1
f8c9fd04-6da8-4dde-8d76-ee054b243ee7,75,7f18bb1d-8ffc-4412-aa60-be33468a6e7a,Heuristic2,49,4,0
f8c9fd04-6da8-4dde-8d76-ee054b243ee7,75,85efe15b-d284-4126-8ef1-9cf164216c68,Heuristic1,66,6,1
f8c9fd04-6da8-4dde-8d76-ee054b243ee7,75,c6c2658a-19b5-4c04-bf16-0bc26395f74e,MCTS1,67,8,1
f8c9fd04-6da8-4dde-8d76-ee054b243ee7,75,1541b09b-08cf-48e9-8db7-832ff19ce4f2,MCTS2,23,11,1
f8c9fd04-6da8-4dde-8d76-ee054b243ee7,75,7f18bb1d-8ffc-4412-aa60-be33468a6e7a,Heuristic2,49,4,0
f8c9fd04-6da8-4dde-8d76-ee054b243ee7,76,85efe15b-d284-4126-8ef1-9cf164216c68,Heuristic1,65,6,1
f8c9fd04-6da8-4dde-8d76-ee054b243ee7,76,c6c2658a-19b5-4c04-bf16-0bc26395f74e,MCTS1,38,8,1
f8c9fd04-6da8-4dde-8d76-ee054b243ee7,76,1541b09b-08cf-48e9-8db7-832ff19ce4f2,MCTS2,22,11,1
f8c9fd04-6da8-4dde-8d76-ee054b243ee7,76,7f18bb1d-8ffc-4412-aa60-be33468a6e7a,Heuristic2,49,4,0
f8c9fd04-6da8-4dde-8d76-ee054b243ee7,76,85efe15b-d284-4126-8ef1-9cf164216c68,Heuristic1,65,6,1
f8c9fd04-6da8-4dde-8d76-ee054b243ee7,76,c6c2658a-19b5-4c04-bf16-0bc26395f74e,MCTS1,38,8,1
f8c9fd04-6da8-4dde-8d76-ee054b243ee7,76,1541b09b-08cf-48e9-8db7-832ff19ce4f2,MCTS2,22,11,1
f8c9fd04-6da8-4dde-8d76-ee054b243ee7,76,7f18bb1d-8ffc-4412-aa60-be33468a6e7a,Heuristic2,49,4,0
f8c9fd04-6da8-4dde-8d76-ee054b243ee7,76,85efe15b-d284-4126-8ef1-9cf164216c68,Heuristic1,65,6,1
f8c9fd04-6da8-4dde-8d76-ee054b243ee7,76,c6c2658a-19b5-4c04-bf16-0bc26395f74e,MCTS1,38,8,1
f8c9fd04-6da8-4dde-8d76-ee054b243ee7,76,1541b09b-08cf-48e9-8db7-832ff19ce4f2,MCTS2,22,11,1
f8c9fd04-6da8-4dde-8d76-ee054b243ee7,76,7f18bb1d-8ffc-4412-aa60-be33468a6e7a,Heuristic2,49,4,0
f8c9fd04-6da8-4dde-8d76-ee054b243ee7,77,85efe15b-d284-4126-8ef1-9cf164216c68,Heuristic1,64,6,1
f8c9fd04-6da8-4dde-8d76-ee054b243ee7,77,c6c2658a-19b5-4c04-bf16-0bc26395f74e,MCTS1,37,8,1
f8c9fd04-6da8-4dde-8d76-ee054b243ee7,77,1541b09b-08cf-48e9-8db7-832ff19ce4f2,MCTS2,100,12,1
f8c9fd04-6da8-4dde-8d76-ee054b243ee7,77,7f18bb1d-8ffc-4412-aa60-be33468a6e7a,Heuristic2,49,4,0
f8c9fd04-6da8-4dde-8d76-ee054b243ee7,77,85efe15b-d284-4126-8ef1-9cf164216c68,Heuristic1,64,6,1
f8c9fd04-6da8-4dde-8d76-ee054b243ee7,77,c6c2658a-19b5-4c04-bf16-0bc26395f74e,MCTS1,37,8,1
f8c9fd04-6da8-4dde-8d76-ee054b243ee7,77,1541b09b-08cf-48e9-8db7-832ff19ce4f2,MCTS2,100,12,1
f8c9fd04-6da8-4dde-8d76-ee054b243ee7,77,7f18bb1d-8ffc-4412-aa60-be33468a6e7a,Heuristic2,49,4,0
f8c9fd04-6da8-4dde-8d76-ee054b243ee7,77,85efe15b-d284-4126-8ef1-9cf164216c68,Heuristic1,64,6,1
f8c9fd04-6da8-4dde-8d76-ee054b243ee7,77,c6c2658a-19b5-4c04-bf16-0bc26395f74e,MCTS1,37,8,1
f8c9fd04-6da8-4dde-8d76-ee054b243ee7,77,1541b09b-08cf-48e9-8db7-832ff19ce4f2,MCTS2,100,12,1
f8c9fd04-6da8-4dde-8d76-ee054b243ee7,77,7f18bb1d-8ffc-4412-aa60-be33468a6e7a,Heuristic2,49,4,0
f8c9fd04-6da8-4dde-8d76-ee054b243ee7,78,85efe15b-d284-4126-8ef1-9cf164216c68,Heuristic1,63,6,1
f8c9fd04-6da8-4dde-8d76-ee054b243ee7,78,c6c2658a-19b5-4c04-bf16-0bc26395f74e,MCTS1,36,8,1
f8c9fd04-6da8-4dde-8d76-ee054b243ee7,78,1541b09b-08cf-48e9-8db7-832ff19ce4f2,MCTS2,57,12,1
f8c9fd04-6da8-4dde-8d76-ee054b243ee7,78,7f18bb1d-8ffc-4412-aa60-be33468a6e7a,Heuristic2,49,4,0
f8c9fd04-6da8-4dde-8d76-ee054b243ee7,78,85efe15b-d284-4126-8ef1-9cf164216c68,Heuristic1,63,6,1
f8c9fd04-6da8-4dde-8d76-ee054b243ee7,78,c6c2658a-19b5-4c04-bf16-0bc26395f74e,MCTS1,36,8,1
f8c9fd04-6da8-4dde-8d76-ee054b243ee7,78,1541b09b-08cf-48e9-8db7-832ff19ce4f2,MCTS2,57,12,1
f8c9fd04-6da8-4dde-8d76-ee054b243ee7,78,7f18bb1d-8ffc-4412-aa60-be33468a6e7a,Heuristic2,49,4,0
f8c9fd04-6da8-4dde-8d76-ee054b243ee7,78,85efe15b-d284-4126-8ef1-9cf164216c68,Heuristic1,63,6,1
f8c9fd04-6da8-4dde-8d76-ee054b243ee7,78,c6c2658a-19b5-4c04-bf16-0bc26395f74e,MCTS1,36,8,1
f8c9fd04-6da8-4dde-8d76-ee054b243ee7,78,1541b09b-08cf-48e9-8db7-832ff19ce4f2,MCTS2,57,12,1
f8c9fd04-6da8-4dde-8d76-ee054b243ee7,78,7f18bb1d-8ffc-4412-aa60-be33468a6e7a,Heuristic2,49,4,0
f8c9fd04-6da8-4dde-8d76-ee054b243ee7,79,85efe15b-d284-4126-8ef1-9cf164216c68,Heuristic1,62,6,1
f8c9fd04-6da8-4dde-8d76-ee054b243ee7,79,c6c2658a-19b5-4c04-bf16-0bc26395f74e,MCTS1,35,8,1
f8c9fd04-6da8-4dde-8d76-ee054b243ee7,79,7f18bb1d-8ffc-4412-aa60-be33468a6e7a,Heuristic2,49,4,0
f8c9fd04-6da8-4dde-8d76-ee054b243ee7,79,1541b09b-08cf-48e9-8db7-832ff19ce4f2,MCTS2,57,12,0
f8c9fd04-6da8-4dde-8d76-ee054b243ee7,79,85efe15b-d284-4126-8ef1-9cf164216c68,Heuristic1,62,6,1
f8c9fd04-6da8-4dde-8d76-ee054b243ee7,79,c6c2658a-19b5-4c04-bf16-0bc26395f74e,MCTS1,35,8,1
f8c9fd04-6da8-4dde-8d76-ee054b243ee7,79,7f18bb1d-8ffc-4412-aa60-be33468a6e7a,Heuristic2,49,4,0
f8c9fd04-6da8-4dde-8d76-ee054b243ee7,79,1541b09b-08cf-48e9-8db7-832ff19ce4f2,MCTS2,57,12,0
f8c9fd04-6da8-4dde-8d76-ee054b243ee7,80,85efe15b-d284-4126-8ef1-9cf164216c68,Heuristic1,61,6,1
f8c9fd04-6da8-4dde-8d76-ee054b243ee7,80,7f18bb1d-8ffc-4412-aa60-be33468a6e7a,Heuristic2,49,4,0
f8c9fd04-6da8-4dde-8d76-ee054b243ee7,80,c6c2658a-19b5-4c04-bf16-0bc26395f74e,MCTS1,35,8,0
f8c9fd04-6da8-4dde-8d76-ee054b243ee7,80,1541b09b-08cf-48e9-8db7-832ff19ce4f2,MCTS2,57,12,0
f8c9fd04-6da8-4dde-8d76-ee054b243ee7,81,85efe15b-d284-4126-8ef1-9cf164216c68,Heuristic1,61,6,1
f8c9fd04-6da8-4dde-8d76-ee054b243ee7,81,7f18bb1d-8ffc-4412-aa60-be33468a6e7a,Heuristic2,49,4,0
f8c9fd04-6da8-4dde-8d76-ee054b243ee7,81,c6c2658a-19b5-4c04-bf16-0bc26395f74e,MCTS1,35,8,0
f8c9fd04-6da8-4dde-8d76-ee054b243ee7,81,1541b09b-08cf-48e9-8db7-832ff19ce4f2,MCTS2,57,12,0
f8c9fd04-6da8-4dde-8d76-ee054b243ee7,81,85efe15b-d284-4126-8ef1-9cf164216c68,Heuristic1,61,6,1
f8c9fd04-6da8-4dde-8d76-ee054b243ee7,81,7f18bb1d-8ffc-4412-aa60-be33468a6e7a,Heuristic2,49,4,0
f8c9fd04-6da8-4dde-8d76-ee054b243ee7,81,c6c2658a-19b5-4c04-bf16-0bc26395f74e,MCTS1,91,7,0
f8c9fd04-6da8-4dde-8d76-ee054b243ee7,81,1541b09b-08cf-48e9-8db7-832ff19ce4f2,MCTS2,80,10,0
f8c9fd04-6da8-4dde-8d76-ee054b243ee7,81,85efe15b-d284-4126-8ef1-9cf164216c68,Heuristic1,61,6,1
f8c9fd04-6da8-4dde-8d76-ee054b243ee7,81,7f18bb1d-8ffc-4412-aa60-be33468a6e7a,Heuristic2,49,4,0
f8c9fd04-6da8-4dde-8d76-ee054b243ee7,81,c6c2658a-19b5-4c04-bf16-0bc26395f74e,MCTS1,35,8,0
f8c9fd04-6da8-4dde-8d76-ee054b243ee7,81,1541b09b-08cf-48e9-8db7-832ff19ce4f2,MCTS2,57,12,0
f8c9fd04-6da8-4dde-8d76-ee054b243ee7,81,85efe15b-d284-4126-8ef1-9cf164216c68,Heuristic1,61,6,1
f8c9fd04-6da8-4dde-8d76-ee054b243ee7,81,7f18bb1d-8ffc-4412-aa60-be33468a6e7a,Heuristic2,49,4,0
f8c9fd04-6da8-4dde-8d76-ee054b243ee7,81,c6c2658a-19b5-4c04-bf16-0bc26395f74e,MCTS1,36,8,0
f8c9fd04-6da8-4dde-8d76-ee054b243ee7,81,1541b09b-08cf-48e9-8db7-832ff19ce4f2,MCTS2,57,12,0
