game_id,turn,snake_id,snake_name,health,length,alive
83627644-9a0b-4ff9-ad52-c599c54d1ec4,0,8068107f-be7e-4899-aba9-546b7b240b0b,Snake1,100,3,1
83627644-9a0b-4ff9-ad52-c599c54d1ec4,0,2d94a571-90be-46d7-9c7f-1d3e4db4bd7b,Snake2,100,3,1
83627644-9a0b-4ff9-ad52-c599c54d1ec4,0,b9f0f3f0-e1e8-452a-b72a-c12ebcad4c3f,Snake3,100,3,1
83627644-9a0b-4ff9-ad52-c599c54d1ec4,0,450412a2-5ce0-44b1-ab22-318d5e8cb5a8,Snake4,100,3,1
83627644-9a0b-4ff9-ad52-c599c54d1ec4,1,8068107f-be7e-4899-aba9-546b7b240b0b,Snake1,99,3,1
83627644-9a0b-4ff9-ad52-c599c54d1ec4,1,2d94a571-90be-46d7-9c7f-1d3e4db4bd7b,Snake2,99,3,1
83627644-9a0b-4ff9-ad52-c599c54d1ec4,1,b9f0f3f0-e1e8-452a-b72a-c12ebcad4c3f,Snake3,99,3,1
83627644-9a0b-4ff9-ad52-c599c54d1ec4,1,450412a2-5ce0-44b1-ab22-318d5e8cb5a8,Snake4,99,3,1
83627644-9a0b-4ff9-ad52-c599c54d1ec4,1,8068107f-be7e-4899-aba9-546b7b240b0b,Snake1,99,3,1
83627644-9a0b-4ff9-ad52-c599c54d1ec4,1,2d94a571-90be-46d7-9c7f-1d3e4db4bd7b,Snake2,99,3,1
83627644-9a0b-4ff9-ad52-c599c54d1ec4,1,b9f0f3f0-e1e8-452a-b72a-c12ebcad4c3f,Snake3,99,3,1
83627644-9a0b-4ff9-ad52-c599c54d1ec4,1,450412a2-5ce0-44b1-ab22-318d5e8cb5a8,Snake4,99,3,1
83627644-9a0b-4ff9-ad52-c599c54d1ec4,1,8068107f-be7e-4899-aba9-546b7b240b0b,Snake1,99,3,1
83627644-9a0b-4ff9-ad52-c599c54d1ec4,1,2d94a571-90be-46d7-9c7f-1d3e4db4bd7b,Snake2,99,3,1
83627644-9a0b-4ff9-ad52-c599c54d1ec4,1,b9f0f3f0-e1e8-452a-b72a-c12ebcad4c3f,Snake3,99,3,1
83627644-9a0b-4ff9-ad52-c599c54d1ec4,1,450412a2-5ce0-44b1-ab22-318d5e8cb5a8,Snake4,99,3,1
83627644-9a0b-4ff9-ad52-c599c54d1ec4,2,8068107f-be7e-4899-aba9-546b7b240b0b,Snake1,100,4,1
83627644-9a0b-4ff9-ad52-c599c54d1ec4,2,2d94a571-90be-46d7-9c7f-1d3e4db4bd7b,Snake2,100,4,1
83627644-9a0b-4ff9-ad52-c599c54d1ec4,2,b9f0f3f0-e1e8-452a-b72a-c12ebcad4c3f,Snake3,100,4,1
83627644-9a0b-4ff9-ad52-c599c54d1ec4,2,450412a2-5ce0-44b1-ab22-318d5e8cb5a8,Snake4,100,4,1
83627644-9a0b-4ff9-ad52-c599c54d1ec4,2,8068107f-be7e-4899-aba9-546b7b240b0b,Snake1,100,4,1
83627644-9a0b-4ff9-ad52-c599c54d1ec4,2,2d94a571-90be-46d7-9c7f-1d3e4db4bd7b,Snake2,100,4,1
83627644-9a0b-4ff9-ad52-c599c54d1ec4,2,b9f0f3f0-e1e8-452a-b72a-c12ebcad4c3f,Snake3,100,4,1
83627644-9a0b-4ff9-ad52-c599c54d1ec4,2,450412a2-5ce0-44b1-ab22-318d5e8cb5a8,Snake4,100,4,1
83627644-9a0b-4ff9-ad52-c599c54d1ec4,2,8068107f-be7e-4899-aba9-546b7b240b0b,Snake1,100,4,1
83627644-9a0b-4ff9-ad52-c599c54d1ec4,2,2d94a571-90be-46d7-9c7f-1d3e4db4bd7b,Snake2,100,4,1
83627644-9a0b-4ff9-ad52-c599c54d1ec4,2,b9f0f3f0-e1e8-452a-b72a-c12ebcad4c3f,Snake3,100,4,1
83627644-9a0b-4ff9-ad52-c599c54d1ec4,2,450412a2-5ce0-44b1-ab22-318d5e8cb5a8,Snake4,100,4,1
83627644-9a0b-4ff9-ad52-c599c54d1ec4,3,8068107f-be7e-4899-aba9-546b7b240b0b,Snake1,99,4,1
83627644-9a0b-4ff9-ad52-c599c54d1ec4,3,2d94a571-90be-46d7-9c7f-1d3e4db4bd7b,Snake2,99,4,1
83627644-9a0b-4ff9-ad52-c599c54d1ec4,3,b9f0f3f0-e1e8-452a-b72a-c12ebcad4c3f,Snake3,99,4,1
83627644-9a0b-4ff9-ad52-c599c54d1ec4,3,450412a2-5ce0-44b1-ab22-318d5e8cb5a8,Snake4,99,4,1
83627644-9a0b-4ff9-ad52-c599c54d1ec4,3,8068107f-be7e-4899-aba9-546b7b240b0b,Snake1,99,4,1
83627644-9a0b-4ff9-ad52-c599c54d1ec4,3,2d94a571-90be-46d7-9c7f-1d3e4db4bd7b,Snake2,99,4,1
83627644-9a0b-4ff9-ad52-c599c54d1ec4,3,b9f0f3f0-e1e8-452a-b72a-c12ebcad4c3f,Snake3,99,4,1
83627644-9a0b-4ff9-ad52-c599c54d1ec4,3,450412a2-5ce0-44b1-ab22-318d5e8cb5a8,Snake4,99,4,1
83627644-9a0b-4ff9-ad52-c599c54d1ec4,3,8068107f-be7e-4899-aba9-546b7b240b0b,Snake1,99,4,1
83627644-9a0b-4ff9-ad52-c599c54d1ec4,3,2d94a571-90be-46d7-9c7f-1d3e4db4bd7b,Snake2,99,4,1
83627644-9a0b-4ff9-ad52-c599c54d1ec4,3,b9f0f3f0-e1e8-452a-b72a-c12ebcad4c3f,Snake3,99,4,1
83627644-9a0b-4ff9-ad52-c599c54d1ec4,3,450412a2-5ce0-44b1-ab22-318d5e8cb5a8,Snake4,99,4,1
83627644-9a0b-4ff9-ad52-c599c54d1ec4,4,8068107f-be7e-4899-aba9-546b7b240b0b,Snake1,98,4,1
83627644-9a0b-4ff9-ad52-c599c54d1ec4,4,2d94a571-90be-46d7-9c7f-1d3e4db4bd7b,Snake2,98,4,1
83627644-9a0b-4ff9-ad52-c599c54d1ec4,4,b9f0f3f0-e1e8-452a-b72a-c12ebcad4c3f,Snake3,98,4,1
83627644-9a0b-4ff9-ad52-c599c54d1ec4,4,450412a2-5ce0-44b1-ab22-318d5e8cb5a8,Snake4,98,4,1
83627644-9a0b-4ff9-ad52-c599c54d1ec4,4,8068107f-be7e-4899-aba9-546b7b240b0b,Snake1,98,4,1
83627644-9a0b-4ff9-ad52-c599c54d1ec4,4,2d94a571-90be-46d7-9c7f-1d3e4db4bd7b,Snake2,98,4,1
83627644-9a0b-4ff9-ad52-c599c54d1ec4,4,b9f0f3f0-e1e8-452a-b72a-c12ebcad4c3f,Snake3,98,4,1
83627644-9a0b-4ff9-ad52-c599c54d1ec4,4,450412a2-5ce0-44b1-ab22-318d5e8cb5a8,Snake4,98,4,1
83627644-9a0b-4ff9-ad52-c599c54d1ec4,5,8068107f-be7e-4899-aba9-546b7b240b0b,Snake1,97,4,1
83627644-9a0b-4ff9-ad52-c599c54d1ec4,5,2d94a571-90be-46d7-9c7f-1d3e4db4bd7b,Snake2,97,4,1
83627644-9a0b-4ff9-ad52-c599c54d1ec4,5,b9f0f3f0-e1e8-452a-b72a-c12ebcad4c3f,Snake3,97,4,1
83627644-9a0b-4ff9-ad52-c599c54d1ec4,5,450412a2-5ce0-44b1-ab22-318d5e8cb5a8,Snake4,100,5,1
83627644-9a0b-4ff9-ad52-c599c54d1ec4,6,8068107f-be7e-4899-aba9-546b7b240b0b,Snake1,96,4,1
83627644-9a0b-4ff9-ad52-c599c54d1ec4,6,2d94a571-90be-46d7-9c7f-1d3e4db4bd7b,Snake2,96,4,1
83627644-9a0b-4ff9-ad52-c599c54d1ec4,6,b9f0f3f0-e1e8-452a-b72a-c12ebcad4c3f,Snake3,96,4,1
83627644-9a0b-4ff9-ad52-c599c54d1ec4,6,450412a2-5ce0-44b1-ab22-318d5e8cb5a8,Snake4,99,5,1
83627644-9a0b-4ff9-ad52-c599c54d1ec4,6,8068107f-be7e-4899-aba9-546b7b240b0b,Snake1,96,4,1
83627644-9a0b-4ff9-ad52-c599c54d1ec4,6,2d94a571-90be-46d7-9c7f-1d3e4db4bd7b,Snake2,96,4,1
83627644-9a0b-4ff9-ad52-c599c54d1ec4,6,b9f0f3f0-e1e8-452a-b72a-c12ebcad4c3f,Snake3,96,4,1
83627644-9a0b-4ff9-ad52-c599c54d1ec4,6,450412a2-5ce0-44b1-ab22-318d5e8cb5a8,Snake4,99,5,1
83627644-9a0b-4ff9-ad52-c599c54d1ec4,6,8068107f-be7e-4899-aba9-546b7b240b0b,Snake1,96,4,1
83627644-9a0b-4ff9-ad52-c599c54d1ec4,6,2d94a571-90be-46d7-9c7f-1d3e4db4bd7b,Snake2,96,4,1
83627644-9a0b-4ff9-ad52-c599c54d1ec4,6,b9f0f3f0-e1e8-452a-b72a-c12ebcad4c3f,Snake3,96,4,1
83627644-9a0b-4ff9-ad52-c599c54d1ec4,6,450412a2-5ce0-44b1-ab22-318d5e8cb5a8,Snake4,99,5,1
83627644-9a0b-4ff9-ad52-c599c54d1ec4,6,8068107f-be7e-4899-aba9-546b7b240b0b,Snake1,96,4,1
83627644-9a0b-4ff9-ad52-c599c54d1ec4,6,2d94a571-90be-46d7-9c7f-1d3e4db4bd7b,Snake2,96,4,1
83627644-9a0b-4ff9-ad52-c599c54d1ec4,6,b9f0f3f0-e1e8-452a-b72a-c12ebcad4c3f,Snake3,96,4,1
83627644-9a0b-4ff9-ad52-c599c54d1ec4,6,450412a2-5ce0-44b1-ab22-318d5e8cb5a8,Snake4,99,5,1
83627644-9a0b-4ff9-ad52-c599c54d1ec4,7,8068107f-be7e-4899-aba9-546b7b240b0b,Snake1,95,4,1
83627644-9a0b-4ff9-ad52-c599c54d1ec4,7,2d94a571-90be-46d7-9c7f-1d3e4db4bd7b,Snake2,95,4,1
83627644-9a0b-4ff9-ad52-c599c54d1ec4,7,b9f0f3f0-e1e8-452a-b72a-c12ebcad4c3f,Snake3,95,4,1
83627644-9a0b-4ff9-ad52-c599c54d1ec4,7,450412a2-5ce0-44b1-ab22-318d5e8cb5a8,Snake4,98,5,1
83627644-9a0b-4ff9-ad52-c599c54d1ec4,7,8068107f-be7e-4899-aba9-546b7b240b0b,Snake1,95,4,1
83627644-9a0b-4ff9-ad52-c599c54d1ec4,7,2d94a571-90be-46d7-9c7f-1d3e4db4bd7b,Snake2,95,4,1
83627644-9a0b-4ff9-ad52-c599c54d1ec4,7,b9f0f3f0-e1e8-452a-b72a-c12ebcad4c3f,Snake3,95,4,1
83627644-9a0b-4ff9-ad52-c599c54d1ec4,7,450412a2-5ce0-44b1-ab22-318d5e8cb5a8,Snake4,98,5,1
83627644-9a0b-4ff9-ad52-c599c54d1ec4,8,8068107f-be7e-4899-aba9-546b7b240b0b,Snake1,94,4,1
83627644-9a0b-4ff9-ad52-c599c54d1ec4,8,2d94a571-90be-46d7-9c7f-1d3e4db4bd7b,Snake2,100,5,1
83627644-9a0b-4ff9-ad52-c599c54d1ec4,8,b9f0f3f0-e1e8-452a-b72a-c12ebcad4c3f,Snake3,94,4,1
83627644-9a0b-4ff9-ad52-c599c54d1ec4,8,450412a2-5ce0-44b1-ab22-318d5e8cb5a8,Snake4,97,5,1
83627644-9a0b-4ff9-ad52-c599c54d1ec4,8,8068107f-be7e-4899-aba9-546b7b240b0b,Snake1,94,4,1
83627644-9a0b-4ff9-ad52-c599c54d1ec4,8,2d94a571-90be-46d7-9c7f-1d3e4db4bd7b,Snake2,100,5,1
83627644-9a0b-4ff9-ad52-c599c54d1ec4,8,b9f0f3f0-e1e8-452a-b72a-c12ebcad4c3f,Snake3,94,4,1
83627644-9a0b-4ff9-ad52-c599c54d1ec4,8,450412a2-5ce0-44b1-ab22-318d5e8cb5a8,Snake4,97,5,1
83627644-9a0b-4ff9-ad52-c599c54d1ec4,8,8068107f-be7e-4899-aba9-546b7b240b0b,Snake1,94,4,1
83627644-9a0b-4ff9-ad52-c599c54d1ec4,8,2d94a571-90be-46d7-9c7f-1d3e4db4bd7b,Snake2,100,5,1
83627644-9a0b-4ff9-ad52-c599c54d1ec4,8,b9f0f3f0-e1e8-452a-b72a-c12ebcad4c3f,Snake3,94,4,1
83627644-9a0b-4ff9-ad52-c599c54d1ec4,8,450412a2-5ce0-44b1-ab22-318d5e8cb5a8,Snake4,97,5,1
83627644-9a0b-4ff9-ad52-c599c54d1ec4,9,8068107f-be7e-4899-aba9-546b7b240b0b,Snake1,100,5,1
83627644-9a0b-4ff9-ad52-c599c54d1ec4,9,2d94a571-90be-46d7-9c7f-1d3e4db4bd7b,Snake2,99,5,1
83627644-9a0b-4ff9-ad52-c599c54d1ec4,9,b9f0f3f0-e1e8-452a-b72a-c12ebcad4c3f,Snake3,93,4,1
83627644-9a0b-4ff9-ad52-c599c54d1ec4,9,450412a2-5ce0-44b1-ab22-318d5e8cb5a8,Snake4,96,5,1
83627644-9a0b-4ff9-ad52-c599c54d1ec4,9,8068107f-be7e-4899-aba9-546b7b240b0b,Snake1,100,5,1
83627644-9a0b-4ff9-ad52-c599c54d1ec4,9,2d94a571-90be-46d7-9c7f-1d3e4db4bd7b,Snake2,99,5,1
83627644-9a0b-4ff9-ad52-c599c54d1ec4,9,b9f0f3f0-e1e8-452a-b72a-c12ebcad4c3f,Snake3,93,4,1
83627644-9a0b-4ff9-ad52-c599c54d1ec4,9,450412a2-5ce0-44b1-ab22-318d5e8cb5a8,Snake4,96,5,1
83627644-9a0b-4ff9-ad52-c599c54d1ec4,10,8068107f-be7e-4899-aba9-546b7b240b0b,Snake1,99,5,1
83627644-9a0b-4ff9-ad52-c599c54d1ec4,10,2d94a571-90be-46d7-9c7f-1d3e4db4bd7b,Snake2,98,5,1
83627644-9a0b-4ff9-ad52-c599c54d1ec4,10,b9f0f3f0-e1e8-452a-b72a-c12ebcad4c3f,Snake3,92,4,1
83627644-9a0b-4ff9-ad52-c599c54d1ec4,10,450412a2-5ce0-44b1-ab22-318d5e8cb5a8,Snake4,100,6,1
83627644-9a0b-4ff9-ad52-c599c54d1ec4,10,8068107f-be7e-4899-aba9-546b7b240b0b,Snake1,99,5,1
83627644-9a0b-4ff9-ad52-c599c54d1ec4,10,2d94a571-90be-46d7-9c7f-1d3e4db4bd7b,Snake2,98,5,1
83627644-9a0b-4ff9-ad52-c599c54d1ec4,10,b9f0f3f0-e1e8-452a-b72a-c12ebcad4c3f,Snake3,92,4,1
83627644-9a0b-4ff9-ad52-c599c54d1ec4,10,450412a2-5ce0-44b1-ab22-318d5e8cb5a8,Snake4,100,6,1
83627644-9a0b-4ff9-ad52-c599c54d1ec4,10,8068107f-be7e-4899-aba9-546b7b240b0b,Snake1,99,5,1
83627644-9a0b-4ff9-ad52-c599c54d1ec4,10,2d94a571-90be-46d7-9c7f-1d3e4db4bd7b,Snake2,98,5,1
83627644-9a0b-4ff9-ad52-c599c54d1ec4,10,b9f0f3f0-e1e8-452a-b72a-c12ebcad4c3f,Snake3,92,4,1
83627644-9a0b-4ff9-ad52-c599c54d1ec4,10,450412a2-5ce0-44b1-ab22-318d5e8cb5a8,Snake4,100,6,1
83627644-9a0b-4ff9-ad52-c599c54d1ec4,11,8068107f-be7e-4899-aba9-546b7b240b0b,Snake1,98,5,1
83627644-9a0b-4ff9-ad52-c599c54d1ec4,11,2d94a571-90be-46d7-9c7f-1d3e4db4bd7b,Snake2,97,5,1
83627644-9a0b-4ff9-ad52-c599c54d1ec4,11,b9f0f3f0-e1e8-452a-b72a-c12ebcad4c3f,Snake3,91,4,1
83627644-9a0b-4ff9-ad52-c599c54d1ec4,11,450412a2-5ce0-44b1-ab22-318d5e8cb5a8,Snake4,99,6,1
83627644-9a0b-4ff9-ad52-c599c54d1ec4,11,8068107f-be7e-4899-aba9-546b7b240b0b,Snake1,98,5,1
83627644-9a0b-4ff9-ad52-c599c54d1ec4,11,2d94a571-90be-46d7-9c7f-1d3e4db4bd7b,Snake2,97,5,1
83627644-9a0b-4ff9-ad52-c599c54d1ec4,11,b9f0f3f0-e1e8-452a-b72a-c12ebcad4c3f,Snake3,91,4,1
83627644-9a0b-4ff9-ad52-c599c54d1ec4,11,450412a2-5ce0-44b1-ab22-318d5e8cb5a8,Snake4,99,6,1
83627644-9a0b-4ff9-ad52-c599c54d1ec4,12,8068107f-be7e-4899-aba9-546b7b240b0b,Snake1,97,5,1
83627644-9a0b-4ff9-ad52-c599c54d1ec4,12,2d94a571-90be-46d7-9c7f-1d3e4db4bd7b,Snake2,96,5,1
83627644-9a0b-4ff9-ad52-c599c54d1ec4,12,b9f0f3f0-e1e8-452a-b72a-c12ebcad4c3f,Snake3,100,5,1
83627644-9a0b-4ff9-ad52-c599c54d1ec4,12,450412a2-5ce0-44b1-ab22-318d5e8cb5a8,Snake4,98,6,1
83627644-9a0b-4ff9-ad52-c599c54d1ec4,13,8068107f-be7e-4899-aba9-546b7b240b0b,Snake1,96,5,1
83627644-9a0b-4ff9-ad52-c599c54d1ec4,13,2d94a571-90be-46d7-9c7f-1d3e4db4bd7b,Snake2,95,5,1
83627644-9a0b-4ff9-ad52-c599c54d1ec4,13,b9f0f3f0-e1e8-452a-b72a-c12ebcad4c3f,Snake3,99,5,1
83627644-9a0b-4ff9-ad52-c599c54d1ec4,13,450412a2-5ce0-44b1-ab22-318d5e8cb5a8,Snake4,97,6,1
83627644-9a0b-4ff9-ad52-c599c54d1ec4,13,8068107f-be7e-4899-aba9-546b7b240b0b,Snake1,96,5,1
83627644-9a0b-4ff9-ad52-c599c54d1ec4,13,2d94a571-90be-46d7-9c7f-1d3e4db4bd7b,Snake2,95,5,1
83627644-9a0b-4ff9-ad52-c599c54d1ec4,13,b9f0f3f0-e1e8-452a-b72a-c12ebcad4c3f,Snake3,99,5,1
83627644-9a0b-4ff9-ad52-c599c54d1ec4,13,450412a2-5ce0-44b1-ab22-318d5e8cb5a8,Snake4,97,6,1
83627644-9a0b-4ff9-ad52-c599c54d1ec4,13,8068107f-be7e-4899-aba9-546b7b240b0b,Snake1,96,5,1
83627644-9a0b-4ff9-ad52-c599c54d1ec4,13,2d94a571-90be-46d7-9c7f-1d3e4db4bd7b,Snake2,95,5,1
83627644-9a0b-4ff9-ad52-c599c54d1ec4,13,b9f0f3f0-e1e8-452a-b72a-c12ebcad4c3f,Snake3,99,5,1
83627644-9a0b-4ff9-ad52-c599c54d1ec4,13,450412a2-5ce0-44b1-ab22-318d5e8cb5a8,Snake4,97,6,1
83627644-9a0b-4ff9-ad52-c599c54d1ec4,14,8068107f-be7e-4899-aba9-546b7b240b0b,Snake1,95,5,1
83627644-9a0b-4ff9-ad52-c599c54d1ec4,14,2d94a571-90be-46d7-9c7f-1d3e4db4bd7b,Snake2,94,5,1
83627644-9a0b-4ff9-ad52-c599c54d1ec4,14,b9f0f3f0-e1e8-452a-b72a-c12ebcad4c3f,Snake3,100,6,1
83627644-9a0b-4ff9-ad52-c599c54d1ec4,14,450412a2-5ce0-44b1-ab22-318d5e8cb5a8,Snake4,96,6,1
83627644-9a0b-4ff9-ad52-c599c54d1ec4,14,8068107f-be7e-4899-aba9-546b7b240b0b,Snake1,95,5,1
83627644-9a0b-4ff9-ad52-c599c54d1ec4,14,2d94a571-90be-46d7-9c7f-1d3e4db4bd7b,Snake2,94,5,1
83627644-9a0b-4ff9-ad52-c599c54d1ec4,14,b9f0f3f0-e1e8-452a-b72a-c12ebcad4c3f,Snake3,100,6,1
83627644-9a0b-4ff9-ad52-c599c54d1ec4,14,450412a2-5ce0-44b1-ab22-318d5e8cb5a8,Snake4,96,6,1
83627644-9a0b-4ff9-ad52-c599c54d1ec4,15,8068107f-be7e-4899-aba9-546b7b240b0b,Snake1,94,5,1
83627644-9a0b-4ff9-ad52-c599c54d1ec4,15,2d94a571-90be-46d7-9c7f-1d3e4db4bd7b,Snake2,93,5,1
83627644-9a0b-4ff9-ad52-c599c54d1ec4,15,b9f0f3f0-e1e8-452a-b72a-c12ebcad4c3f,Snake3,99,6,1
83627644-9a0b-4ff9-ad52-c599c54d1ec4,15,450412a2-5ce0-44b1-ab22-318d5e8cb5a8,Snake4,95,6,1
83627644-9a0b-4ff9-ad52-c599c54d1ec4,15,8068107f-be7e-4899-aba9-546b7b240b0b,Snake1,94,5,1
83627644-9a0b-4ff9-ad52-c599c54d1ec4,15,2d94a571-90be-46d7-9c7f-1d3e4db4bd7b,Snake2,93,5,1
83627644-9a0b-4ff9-ad52-c599c54d1ec4,15,b9f0f3f0-e1e8-452a-b72a-c12ebcad4c3f,Snake3,99,6,1
83627644-9a0b-4ff9-ad52-c599c54d1ec4,15,450412a2-5ce0-44b1-ab22-318d5e8cb5a8,Snake4,95,6,1
83627644-9a0b-4ff9-ad52-c599c54d1ec4,16,8068107f-be7e-4899-aba9-546b7b240b0b,Snake1,93,5,1
83627644-9a0b-4ff9-ad52-c599c54d1ec4,16,2d94a571-90be-46d7-9c7f-1d3e4db4bd7b,Snake2,92,5,1
83627644-9a0b-4ff9-ad52-c599c54d1ec4,16,b9f0f3f0-e1e8-452a-b72a-c12ebcad4c3f,Snake3,98,6,1
83627644-9a0b-4ff9-ad52-c599c54d1ec4,16,450412a2-5ce0-44b1-ab22-318d5e8cb5a8,Snake4,94,6,1
83627644-9a0b-4ff9-ad52-c599c54d1ec4,16,8068107f-be7e-4899-aba9-546b7b240b0b,Snake1,93,5,1
83627644-9a0b-4ff9-ad52-c599c54d1ec4,16,2d94a571-90be-46d7-9c7f-1d3e4db4bd7b,Snake2,92,5,1
83627644-9a0b-4ff9-ad52-c599c54d1ec4,16,b9f0f3f0-e1e8-452a-b72a-c12ebcad4c3f,Snake3,98,6,1
83627644-9a0b-4ff9-ad52-c599c54d1ec4,16,450412a2-5ce0-44b1-ab22-318d5e8cb5a8,Snake4,94,6,1
83627644-9a0b-4ff9-ad52-c599c54d1ec4,16,8068107f-be7e-4899-aba9-546b7b240b0b,Snake1,93,5,1
83627644-9a0b-4ff9-ad52-c599c54d1ec4,16,2d94a571-90be-46d7-9c7f-1d3e4db4bd7b,Snake2,92,5,1
83627644-9a0b-4ff9-ad52-c599c54d1ec4,16,b9f0f3f0-e1e8-452a-b72a-c12ebcad4c3f,Snake3,98,6,1
83627644-9a0b-4ff9-ad52-c599c54d1ec4,16,450412a2-5ce0-44b1-ab22-318d5e8cb5a8,Snake4,94,6,1
83627644-9a0b-4ff9-ad52-c599c54d1ec4,17,8068107f-be7e-4899-aba9-546b7b240b0b,Snake1,100,6,1
83627644-9a0b-4ff9-ad52-c599c54d1ec4,17,2d94a571-90be-46d7-9c7f-1d3e4db4bd7b,Snake2,91,5,1
83627644-9a0b-4ff9-ad52-c599c54d1ec4,17,b9f0f3f0-e1e8-452a-b72a-c12ebcad4c3f,Snake3,97,6,1
83627644-9a0b-4ff9-ad52-c599c54d1ec4,17,450412a2-5ce0-44b1-ab22-318d5e8cb5a8,Snake4,93,6,1
83627644-9a0b-4ff9-ad52-c599c54d1ec4,17,8068107f-be7e-4899-aba9-546b7b240b0b,Snake1,100,6,1
83627644-9a0b-4ff9-ad52-c599c54d1ec4,17,2d94a571-90be-46d7-9c7f-1d3e4db4bd7b,Snake2,91,5,1
83627644-9a0b-4ff9-ad52-c599c54d1ec4,17,b9f0f3f0-e1e8-452a-b72a-c12ebcad4c3f,Snake3,97,6,1
83627644-9a0b-4ff9-ad52-c599c54d1ec4,17,450412a2-5ce0-44b1-ab22-318d5e8cb5a8,Snake4,93,6,1
83627644-9a0b-4ff9-ad52-c599c54d1ec4,18,8068107f-be7e-4899-aba9-546b7b240b0b,Snake1,99,6,1
83627644-9a0b-4ff9-ad52-c599c54d1ec4,18,2d94a571-90be-46d7-9c7f-1d3e4db4bd7b,Snake2,90,5,1
83627644-9a0b-4ff9-ad52-c599c54d1ec4,18,b9f0f3f0-e1e8-452a-b72a-c12ebcad4c3f,Snake3,96,6,1
83627644-9a0b-4ff9-ad52-c599c54d1ec4,18,450412a2-5ce0-44b1-ab22-318d5e8cb5a8,Snake4,92,6,1
83627644-9a0b-4ff9-ad52-c599c54d1ec4,18,8068107f-be7e-4899-aba9-546b7b240b0b,Snake1,99,6,1
83627644-9a0b-4ff9-ad52-c599c54d1ec4,18,2d94a571-90be-46d7-9c7f-1d3e4db4bd7b,Snake2,90,5,1
83627644-9a0b-4ff9-ad52-c599c54d1ec4,18,b9f0f3f0-e1e8-452a-b72a-c12ebcad4c3f,Snake3,96,6,1
83627644-9a0b-4ff9-ad52-c599c54d1ec4,18,450412a2-5ce0-44b1-ab22-318d5e8cb5a8,Snake4,92,6,1
83627644-9a0b-4ff9-ad52-c599c54d1ec4,19,8068107f-be7e-4899-aba9-546b7b240b0b,Snake1,98,6,1
83627644-9a0b-4ff9-ad52-c599c54d1ec4,19,2d94a571-90be-46d7-9c7f-1d3e4db4bd7b,Snake2,89,5,1
83627644-9a0b-4ff9-ad52-c599c54d1ec4,19,b9f0f3f0-e1e8-452a-b72a-c12ebcad4c3f,Snake3,95,6,1
83627644-9a0b-4ff9-ad52-c599c54d1ec4,19,450412a2-5ce0-44b1-ab22-318d5e8cb5a8,Snake4,91,6,1
83627644-9a0b-4ff9-ad52-c599c54d1ec4,20,8068107f-be7e-4899-aba9-546b7b240b0b,Snake1,97,6,1
83627644-9a0b-4ff9-ad52-c599c54d1ec4,20,2d94a571-90be-46d7-9c7f-1d3e4db4bd7b,Snake2,88,5,1
83627644-9a0b-4ff9-ad52-c599c54d1ec4,20,b9f0f3f0-e1e8-452a-b72a-c12ebcad4c3f,Snake3,94,6,1
83627644-9a0b-4ff9-ad52-c599c54d1ec4,20,450412a2-5ce0-44b1-ab22-318d5e8cb5a8,Snake4,90,6,1
83627644-9a0b-4ff9-ad52-c599c54d1ec4,20,8068107f-be7e-4899-aba9-546b7b240b0b,Snake1,97,6,1
83627644-9a0b-4ff9-ad52-c599c54d1ec4,20,2d94a571-90be-46d7-9c7f-1d3e4db4bd7b,Snake2,88,5,1
83627644-9a0b-4ff9-ad52-c599c54d1ec4,20,b9f0f3f0-e1e8-452a-b72a-c12ebcad4c3f,Snake3,94,6,1
83627644-9a0b-4ff9-ad52-c599c54d1ec4,20,450412a2-5ce0-44b1-ab22-318d5e8cb5a8,Snake4,90,6,1
83627644-9a0b-4ff9-ad52-c599c54d1ec4,20,8068107f-be7e-4899-aba9-546b7b240b0b,Snake1,97,6,1
83627644-9a0b-4ff9-ad52-c599c54d1ec4,20,2d94a571-90be-46d7-9c7f-1d3e4db4bd7b,Snake2,88,5,1
83627644-9a0b-4ff9-ad52-c599c54d1ec4,20,b9f0f3f0-e1e8-452a-b72a-c12ebcad4c3f,Snake3,94,6,1
83627644-9a0b-4ff9-ad52-c599c54d1ec4,20,450412a2-5ce0-44b1-ab22-318d5e8cb5a8,Snake4,90,6,1
83627644-9a0b-4ff9-ad52-c599c54d1ec4,21,8068107f-be7e-4899-aba9-546b7b240b0b,Snake1,96,6,1
83627644-9a0b-4ff9-ad52-c599c54d1ec4,21,2d94a571-90be-46d7-9c7f-1d3e4db4bd7b,Snake2,87,5,1
83627644-9a0b-4ff9-ad52-c599c54d1ec4,21,b9f0f3f0-e1e8-452a-b72a-c12ebcad4c3f,Snake3,100,7,1
83627644-9a0b-4ff9-ad52-c599c54d1ec4,21,450412a2-5ce0-44b1-ab22-318d5e8cb5a8,Snake4,89,6,1
83627644-9a0b-4ff9-ad52-c599c54d1ec4,21,8068107f-be7e-4899-aba9-546b7b240b0b,Snake1,96,6,1
83627644-9a0b-4ff9-ad52-c599c54d1ec4,21,2d94a571-90be-46d7-9c7f-1d3e4db4bd7b,Snake2,87,5,1
83627644-9a0b-4ff9-ad52-c599c54d1ec4,21,b9f0f3f0-e1e8-452a-b72a-c12ebcad4c3f,Snake3,100,7,1
83627644-9a0b-4ff9-ad52-c599c54d1ec4,21,450412a2-5ce0-44b1-ab22-318d5e8cb5a8,Snake4,89,6,1
83627644-9a0b-4ff9-ad52-c599c54d1ec4,21,8068107f-be7e-4899-aba9-546b7b240b0b,Snake1,96,6,1
83627644-9a0b-4ff9-ad52-c599c54d1ec4,21,2d94a571-90be-46d7-9c7f-1d3e4db4bd7b,Snake2,87,5,1
83627644-9a0b-4ff9-ad52-c599c54d1ec4,21,b9f0f3f0-e1e8-452a-b72a-c12ebcad4c3f,Snake3,100,7,1
83627644-9a0b-4ff9-ad52-c599c54d1ec4,21,450412a2-5ce0-44b1-ab22-318d5e8cb5a8,Snake4,89,6,1
83627644-9a0b-4ff9-ad52-c599c54d1ec4,21,8068107f-be7e-4899-aba9-546b7b240b0b,Snake1,96,6,1
83627644-9a0b-4ff9-ad52-c599c54d1ec4,21,2d94a571-90be-46d7-9c7f-1d3e4db4bd7b,Snake2,87,5,1
83627644-9a0b-4ff9-ad52-c599c54d1ec4,21,b9f0f3f0-e1e8-452a-b72a-c12ebcad4c3f,Snake3,100,7,1
83627644-9a0b-4ff9-ad52-c599c54d1ec4,21,450412a2-5ce0-44b1-ab22-318d5e8cb5a8,Snake4,89,6,1
83627644-9a0b-4ff9-ad52-c599c54d1ec4,22,8068107f-be7e-4899-aba9-546b7b240b0b,Snake1,95,6,1
83627644-9a0b-4ff9-ad52-c599c54d1ec4,22,2d94a571-90be-46d7-9c7f-1d3e4db4bd7b,Snake2,86,5,1
83627644-9a0b-4ff9-ad52-c599c54d1ec4,22,b9f0f3f0-e1e8-452a-b72a-c12ebcad4c3f,Snake3,99,7,1
83627644-9a0b-4ff9-ad52-c599c54d1ec4,22,450412a2-5ce0-44b1-ab22-318d5e8cb5a8,Snake4,88,6,1
83627644-9a0b-4ff9-ad52-c599c54d1ec4,22,8068107f-be7e-4899-aba9-546b7b240b0b,Snake1,95,6,1
83627644-9a0b-4ff9-ad52-c599c54d1ec4,22,2d94a571-90be-46d7-9c7f-1d3e4db4bd7b,Snake2,86,5,1
83627644-9a0b-4ff9-ad52-c599c54d1ec4,22,b9f0f3f0-e1e8-452a-b72a-c12ebcad4c3f,Snake3,99,7,1
83627644-9a0b-4ff9-ad52-c599c54d1ec4,22,450412a2-5ce0-44b1-ab22-318d5e8cb5a8,Snake4,88,6,1
83627644-9a0b-4ff9-ad52-c599c54d1ec4,23,8068107f-be7e-4899-aba9-546b7b240b0b,Snake1,94,6,1
83627644-9a0b-4ff9-ad52-c599c54d1ec4,23,2d94a571-90be-46d7-9c7f-1d3e4db4bd7b,Snake2,85,5,1
83627644-9a0b-4ff9-ad52-c599c54d1ec4,23,b9f0f3f0-e1e8-452a-b72a-c12ebcad4c3f,Snake3,98,7,1
83627644-9a0b-4ff9-ad52-c599c54d1ec4,23,450412a2-5ce0-44b1-ab22-318d5e8cb5a8,Snake4,87,6,1
83627644-9a0b-4ff9-ad52-c599c54d1ec4,23,8068107f-be7e-4899-aba9-546b7b240b0b,Snake1,94,6,1
83627644-9a0b-4ff9-ad52-c599c54d1ec4,23,2d94a571-90be-46d7-9c7f-1d3e4db4bd7b,Snake2,85,5,1
83627644-9a0b-4ff9-ad52-c599c54d1ec4,23,b9f0f3f0-e1e8-452a-b72a-c12ebcad4c3f,Snake3,98,7,1
83627644-9a0b-4ff9-ad52-c599c54d1ec4,23,450412a2-5ce0-44b1-ab22-318d5e8cb5a8,Snake4,87,6,1
83627644-9a0b-4ff9-ad52-c599c54d1ec4,24,8068107f-be7e-4899-aba9-546b7b240b0b,Snake1,93,6,1
83627644-9a0b-4ff9-ad52-c599c54d1ec4,24,2d94a571-90be-46d7-9c7f-1d3e4db4bd7b,Snake2,84,5,1
83627644-9a0b-4ff9-ad52-c599c54d1ec4,24,b9f0f3f0-e1e8-452a-b72a-c12ebcad4c3f,Snake3,97,7,1
83627644-9a0b-4ff9-ad52-c599c54d1ec4,24,450412a2-5ce0-44b1-ab22-318d5e8cb5a8,Snake4,100,7,1
83627644-9a0b-4ff9-ad52-c599c54d1ec4,24,8068107f-be7e-4899-aba9-546b7b240b0b,Snake1,93,6,1
83627644-9a0b-4ff9-ad52-c599c54d1ec4,24,2d94a571-90be-46d7-9c7f-1d3e4db4bd7b,Snake2,84,5,1
83627644-9a0b-4ff9-ad52-c599c54d1ec4,24,b9f0f3f0-e1e8-452a-b72a-c12ebcad4c3f,Snake3,97,7,1
83627644-9a0b-4ff9-ad52-c599c54d1ec4,24,450412a2-5ce0-44b1-ab22-318d5e8cb5a8,Snake4,100,7,1
83627644-9a0b-4ff9-ad52-c599c54d1ec4,24,8068107f-be7e-4899-aba9-546b7b240b0b,Snake1,93,6,1
83627644-9a0b-4ff9-ad52-c599c54d1ec4,24,2d94a571-90be-46d7-9c7f-1d3e4db4bd7b,Snake2,84,5,1
83627644-9a0b-4ff9-ad52-c599c54d1ec4,24,b9f0f3f0-e1e8-452a-b72a-c12ebcad4c3f,Snake3,97,7,1
83627644-9a0b-4ff9-ad52-c599c54d1ec4,24,450412a2-5ce0-44b1-ab22-318d5e8cb5a8,Snake4,100,7,1
83627644-9a0b-4ff9-ad52-c599c54d1ec4,24,8068107f-be7e-4899-aba9-546b7b240b0b,Snake1,93,6,1
83627644-9a0b-4ff9-ad52-c599c54d1ec4,24,2d94a571-90be-46d7-9c7f-1d3e4db4bd7b,Snake2,84,5,1
83627644-9a0b-4ff9-ad52-c599c54d1ec4,24,b9f0f3f0-e1e8-452a-b72a-c12ebcad4c3f,Snake3,97,7,1
83627644-9a0b-4ff9-ad52-c599c54d1ec4,24,450412a2-5ce0-44b1-ab22-318d5e8cb5a8,Snake4,100,7,1
83627644-9a0b-4ff9-ad52-c599c54d1ec4,25,8068107f-be7e-4899-aba9-546b7b240b0b,Snake1,92,6,1
83627644-9a0b-4ff9-ad52-c599c54d1ec4,25,2d94a571-90be-46d7-9c7f-1d3e4db4bd7b,Snake2,83,5,1
83627644-9a0b-4ff9-ad52-c599c54d1ec4,25,b9f0f3f0-e1e8-452a-b72a-c12ebcad4c3f,Snake3,96,7,1
83627644-9a0b-4ff9-ad52-c599c54d1ec4,25,450412a2-5ce0-44b1-ab22-318d5e8cb5a8,Snake4,99,7,1
83627644-9a0b-4ff9-ad52-c599c54d1ec4,25,8068107f-be7e-4899-aba9-546b7b240b0b,Snake1,92,6,1
83627644-9a0b-4ff9-ad52-c599c54d1ec4,25,2d94a571-90be-46d7-9c7f-1d3e4db4bd7b,Snake2,83,5,1
83627644-9a0b-4ff9-ad52-c599c54d1ec4,25,b9f0f3f0-e1e8-452a-b72a-c12ebcad4c3f,Snake3,96,7,1
83627644-9a0b-4ff9-ad52-c599c54d1ec4,25,450412a2-5ce0-44b1-ab22-318d5e8cb5a8,Snake4,99,7,1
83627644-9a0b-4ff9-ad52-c599c54d1ec4,25,8068107f-be7e-4899-aba9-546b7b240b0b,Snake1,92,6,1
83627644-9a0b-4ff9-ad52-c599c54d1ec4,25,2d94a571-90be-46d7-9c7f-1d3e4db4bd7b,Snake2,83,5,1
83627644-9a0b-4ff9-ad52-c599c54d1ec4,25,b9f0f3f0-e1e8-452a-b72a-c12ebcad4c3f,Snake3,96,7,1
83627644-9a0b-4ff9-ad52-c599c54d1ec4,25,450412a2-5ce0-44b1-ab22-318d5e8cb5a8,Snake4,99,7,1
83627644-9a0b-4ff9-ad52-c599c54d1ec4,26,8068107f-be7e-4899-aba9-546b7b240b0b,Snake1,100,7,1
83627644-9a0b-4ff9-ad52-c599c54d1ec4,26,2d94a571-90be-46d7-9c7f-1d3e4db4bd7b,Snake2,82,5,1
83627644-9a0b-4ff9-ad52-c599c54d1ec4,26,b9f0f3f0-e1e8-452a-b72a-c12ebcad4c3f,Snake3,95,7,1
83627644-9a0b-4ff9-ad52-c599c54d1ec4,26,450412a2-5ce0-44b1-ab22-318d5e8cb5a8,Snake4,98,7,1
83627644-9a0b-4ff9-ad52-c599c54d1ec4,26,8068107f-be7e-4899-aba9-546b7b240b0b,Snake1,100,7,1
83627644-9a0b-4ff9-ad52-c599c54d1ec4,26,2d94a571-90be-46d7-9c7f-1d3e4db4bd7b,Snake2,82,5,1
83627644-9a0b-4ff9-ad52-c599c54d1ec4,26,b9f0f3f0-e1e8-452a-b72a-c12ebcad4c3f,Snake3,95,7,1
83627644-9a0b-4ff9-ad52-c599c54d1ec4,26,450412a2-5ce0-44b1-ab22-318d5e8cb5a8,Snake4,98,7,1
83627644-9a0b-4ff9-ad52-c599c54d1ec4,26,8068107f-be7e-4899-aba9-546b7b240b0b,Snake1,100,7,1
83627644-9a0b-4ff9-ad52-c599c54d1ec4,26,2d94a571-90be-46d7-9c7f-1d3e4db4bd7b,Snake2,82,5,1
83627644-9a0b-4ff9-ad52-c599c54d1ec4,26,b9f0f3f0-e1e8-452a-b72a-c12ebcad4c3f,Snake3,95,7,1
83627644-9a0b-4ff9-ad52-c599c54d1ec4,26,450412a2-5ce0-44b1-ab22-318d5e8cb5a8,Snake4,98,7,1
83627644-9a0b-4ff9-ad52-c599c54d1ec4,26,8068107f-be7e-4899-aba9-546b7b240b0b,Snake1,100,7,1
83627644-9a0b-4ff9-ad52-c599c54d1ec4,26,2d94a571-90be-46d7-9c7f-1d3e4db4bd7b,Snake2,82,5,1
83627644-9a0b-4ff9-ad52-c599c54d1ec4,26,b9f0f3f0-e1e8-452a-b72a-c12ebcad4c3f,Snake3,95,7,1
83627644-9a0b-4ff9-ad52-c599c54d1ec4,26,450412a2-5ce0-44b1-ab22-318d5e8cb5a8,Snake4,98,7,1
83627644-9a0b-4ff9-ad52-c599c54d1ec4,27,8068107f-be7e-4899-aba9-546b7b240b0b,Snake1,99,7,1
83627644-9a0b-4ff9-ad52-c599c54d1ec4,27,2d94a571-90be-46d7-9c7f-1d3e4db4bd7b,Snake2,81,5,1
83627644-9a0b-4ff9-ad52-c599c54d1ec4,27,b9f0f3f0-e1e8-452a-b72a-c12ebcad4c3f,Snake3,94,7,1
83627644-9a0b-4ff9-ad52-c599c54d1ec4,27,450412a2-5ce0-44b1-ab22-318d5e8cb5a8,Snake4,97,7,1
83627644-9a0b-4ff9-ad52-c599c54d1ec4,27,8068107f-be7e-4899-aba9-546b7b240b0b,Snake1,99,7,1
83627644-9a0b-4ff9-ad52-c599c54d1ec4,27,2d94a571-90be-46d7-9c7f-1d3e4db4bd7b,Snake2,81,5,1
83627644-9a0b-4ff9-ad52-c599c54d1ec4,27,b9f0f3f0-e1e8-452a-b72a-c12ebcad4c3f,Snake3,94,7,1
83627644-9a0b-4ff9-ad52-c599c54d1ec4,27,450412a2-5ce0-44b1-ab22-318d5e8cb5a8,Snake4,97,7,1
83627644-9a0b-4ff9-ad52-c599c54d1ec4,27,8068107f-be7e-4899-aba9-546b7b240b0b,Snake1,99,7,1
83627644-9a0b-4ff9-ad52-c599c54d1ec4,27,2d94a571-90be-46d7-9c7f-1d3e4db4bd7b,Snake2,81,5,1
83627644-9a0b-4ff9-ad52-c599c54d1ec4,27,b9f0f3f0-e1e8-452a-b72a-c12ebcad4c3f,Snake3,94,7,1
83627644-9a0b-4ff9-ad52-c599c54d1ec4,27,450412a2-5ce0-44b1-ab22-318d5e8cb5a8,Snake4,97,7,1
83627644-9a0b-4ff9-ad52-c599c54d1ec4,28,8068107f-be7e-4899-aba9-546b7b240b0b,Snake1,98,7,1
83627644-9a0b-4ff9-ad52-c599c54d1ec4,28,2d94a571-90be-46d7-9c7f-1d3e4db4bd7b,Snake2,80,5,1
83627644-9a0b-4ff9-ad52-c599c54d1ec4,28,b9f0f3f0-e1e8-452a-b72a-c12ebcad4c3f,Snake3,93,7,1
83627644-9a0b-4ff9-ad52-c599c54d1ec4,28,450412a2-5ce0-44b1-ab22-318d5e8cb5a8,Snake4,96,7,1
83627644-9a0b-4ff9-ad52-c599c54d1ec4,28,8068107f-be7e-4899-aba9-546b7b240b0b,Snake1,98,7,1
83627644-9a0b-4ff9-ad52-c599c54d1ec4,28,2d94a571-90be-46d7-9c7f-1d3e4db4bd7b,Snake2,80,5,1
83627644-9a0b-4ff9-ad52-c599c54d1ec4,28,b9f0f3f0-e1e8-452a-b72a-c12ebcad4c3f,Snake3,93,7,1
83627644-9a0b-4ff9-ad52-c599c54d1ec4,28,450412a2-5ce0-44b1-ab22-318d5e8cb5a8,Snake4,96,7,1
83627644-9a0b-4ff9-ad52-c599c54d1ec4,29,8068107f-be7e-4899-aba9-546b7b240b0b,Snake1,97,7,1
83627644-9a0b-4ff9-ad52-c599c54d1ec4,29,2d94a571-90be-46d7-9c7f-1d3e4db4bd7b,Snake2,79,5,1
83627644-9a0b-4ff9-ad52-c599c54d1ec4,29,b9f0f3f0-e1e8-452a-b72a-c12ebcad4c3f,Snake3,92,7,1
83627644-9a0b-4ff9-ad52-c599c54d1ec4,29,450412a2-5ce0-44b1-ab22-318d5e8cb5a8,Snake4,95,7,1
83627644-9a0b-4ff9-ad52-c599c54d1ec4,29,8068107f-be7e-4899-aba9-546b7b240b0b,Snake1,97,7,1
83627644-9a0b-4ff9-ad52-c599c54d1ec4,29,2d94a571-90be-46d7-9c7f-1d3e4db4bd7b,Snake2,79,5,1
83627644-9a0b-4ff9-ad52-c599c54d1ec4,29,b9f0f3f0-e1e8-452a-b72a-c12ebcad4c3f,Snake3,92,7,1
83627644-9a0b-4ff9-ad52-c599c54d1ec4,29,450412a2-5ce0-44b1-ab22-318d5e8cb5a8,Snake4,95,7,1
83627644-9a0b-4ff9-ad52-c599c54d1ec4,29,8068107f-be7e-4899-aba9-546b7b240b0b,Snake1,97,7,1
83627644-9a0b-4ff9-ad52-c599c54d1ec4,29,2d94a571-90be-46d7-9c7f-1d3e4db4bd7b,Snake2,79,5,1
83627644-9a0b-4ff9-ad52-c599c54d1ec4,29,b9f0f3f0-e1e8-452a-b72a-c12ebcad4c3f,Snake3,92,7,1
83627644-9a0b-4ff9-ad52-c599c54d1ec4,29,450412a2-5ce0-44b1-ab22-318d5e8cb5a8,Snake4,95,7,1
83627644-9a0b-4ff9-ad52-c599c54d1ec4,29,8068107f-be7e-4899-aba9-546b7b240b0b,Snake1,97,7,1
83627644-9a0b-4ff9-ad52-c599c54d1ec4,29,2d94a571-90be-46d7-9c7f-1d3e4db4bd7b,Snake2,79,5,1
83627644-9a0b-4ff9-ad52-c599c54d1ec4,29,b9f0f3f0-e1e8-452a-b72a-c12ebcad4c3f,Snake3,92,7,1
83627644-9a0b-4ff9-ad52-c599c54d1ec4,29,450412a2-5ce0-44b1-ab22-318d5e8cb5a8,Snake4,95,7,1
83627644-9a0b-4ff9-ad52-c599c54d1ec4,30,8068107f-be7e-4899-aba9-546b7b240b0b,Snake1,96,7,1
83627644-9a0b-4ff9-ad52-c599c54d1ec4,30,2d94a571-90be-46d7-9c7f-1d3e4db4bd7b,Snake2,78,5,1
83627644-9a0b-4ff9-ad52-c599c54d1ec4,30,b9f0f3f0-e1e8-452a-b72a-c12ebcad4c3f,Snake3,91,7,1
83627644-9a0b-4ff9-ad52-c599c54d1ec4,30,450412a2-5ce0-44b1-ab22-318d5e8cb5a8,Snake4,94,7,1
83627644-9a0b-4ff9-ad52-c599c54d1ec4,30,8068107f-be7e-4899-aba9-546b7b240b0b,Snake1,96,7,1
83627644-9a0b-4ff9-ad52-c599c54d1ec4,30,2d94a571-90be-46d7-9c7f-1d3e4db4bd7b,Snake2,78,5,1
83627644-9a0b-4ff9-ad52-c599c54d1ec4,30,b9f0f3f0-e1e8-452a-b72a-c12ebcad4c3f,Snake3,91,7,1
83627644-9a0b-4ff9-ad52-c599c54d1ec4,30,450412a2-5ce0-44b1-ab22-318d5e8cb5a8,Snake4,94,7,1
83627644-9a0b-4ff9-ad52-c599c54d1ec4,30,8068107f-be7e-4899-aba9-546b7b240b0b,Snake1,96,7,1
83627644-9a0b-4ff9-ad52-c599c54d1ec4,30,2d94a571-90be-46d7-9c7f-1d3e4db4bd7b,Snake2,78,5,1
83627644-9a0b-4ff9-ad52-c599c54d1ec4,30,b9f0f3f0-e1e8-452a-b72a-c12ebcad4c3f,Snake3,91,7,1
83627644-9a0b-4ff9-ad52-c599c54d1ec4,30,450412a2-5ce0-44b1-ab22-318d5e8cb5a8,Snake4,94,7,1
83627644-9a0b-4ff9-ad52-c599c54d1ec4,30,8068107f-be7e-4899-aba9-546b7b240b0b,Snake1,96,7,1
83627644-9a0b-4ff9-ad52-c599c54d1ec4,30,2d94a571-90be-46d7-9c7f-1d3e4db4bd7b,Snake2,78,5,1
83627644-9a0b-4ff9-ad52-c599c54d1ec4,30,b9f0f3f0-e1e8-452a-b72a-c12ebcad4c3f,Snake3,91,7,1
83627644-9a0b-4ff9-ad52-c599c54d1ec4,30,450412a2-5ce0-44b1-ab22-318d5e8cb5a8,Snake4,94,7,1
83627644-9a0b-4ff9-ad52-c599c54d1ec4,31,8068107f-be7e-4899-aba9-546b7b240b0b,Snake1,95,7,1
83627644-9a0b-4ff9-ad52-c599c54d1ec4,31,2d94a571-90be-46d7-9c7f-1d3e4db4bd7b,Snake2,77,5,1
83627644-9a0b-4ff9-ad52-c599c54d1ec4,31,b9f0f3f0-e1e8-452a-b72a-c12ebcad4c3f,Snake3,100,8,1
83627644-9a0b-4ff9-ad52-c599c54d1ec4,31,450412a2-5ce0-44b1-ab22-318d5e8cb5a8,Snake4,93,7,1
83627644-9a0b-4ff9-ad52-c599c54d1ec4,31,8068107f-be7e-4899-aba9-546b7b240b0b,Snake1,95,7,1
83627644-9a0b-4ff9-ad52-c599c54d1ec4,31,2d94a571-90be-46d7-9c7f-1d3e4db4bd7b,Snake2,77,5,1
83627644-9a0b-4ff9-ad52-c599c54d1ec4,31,b9f0f3f0-e1e8-452a-b72a-c12ebcad4c3f,Snake3,100,8,1
83627644-9a0b-4ff9-ad52-c599c54d1ec4,31,450412a2-5ce0-44b1-ab22-318d5e8cb5a8,Snake4,93,7,1
83627644-9a0b-4ff9-ad52-c599c54d1ec4,31,8068107f-be7e-4899-aba9-546b7b240b0b,Snake1,95,7,1
83627644-9a0b-4ff9-ad52-c599c54d1ec4,31,2d94a571-90be-46d7-9c7f-1d3e4db4bd7b,Snake2,77,5,1
83627644-9a0b-4ff9-ad52-c599c54d1ec4,31,b9f0f3f0-e1e8-452a-b72a-c12ebcad4c3f,Snake3,100,8,1
83627644-9a0b-4ff9-ad52-c599c54d1ec4,31,450412a2-5ce0-44b1-ab22-318d5e8cb5a8,Snake4,93,7,1
83627644-9a0b-4ff9-ad52-c599c54d1ec4,32,8068107f-be7e-4899-aba9-546b7b240b0b,Snake1,94,7,1
83627644-9a0b-4ff9-ad52-c599c54d1ec4,32,2d94a571-90be-46d7-9c7f-1d3e4db4bd7b,Snake2,76,5,1
83627644-9a0b-4ff9-ad52-c599c54d1ec4,32,b9f0f3f0-e1e8-452a-b72a-c12ebcad4c3f,Snake3,99,8,1
83627644-9a0b-4ff9-ad52-c599c54d1ec4,32,450412a2-5ce0-44b1-ab22-318d5e8cb5a8,Snake4,92,7,1
83627644-9a0b-4ff9-ad52-c599c54d1ec4,32,8068107f-be7e-4899-aba9-546b7b240b0b,Snake1,94,7,1
83627644-9a0b-4ff9-ad52-c599c54d1ec4,32,2d94a571-90be-46d7-9c7f-1d3e4db4bd7b,Snake2,76,5,1
83627644-9a0b-4ff9-ad52-c599c54d1ec4,32,b9f0f3f0-e1e8-452a-b72a-c12ebcad4c3f,Snake3,99,8,1
83627644-9a0b-4ff9-ad52-c599c54d1ec4,32,450412a2-5ce0-44b1-ab22-318d5e8cb5a8,Snake4,92,7,1
83627644-9a0b-4ff9-ad52-c599c54d1ec4,32,8068107f-be7e-4899-aba9-546b7b240b0b,Snake1,94,7,1
83627644-9a0b-4ff9-ad52-c599c54d1ec4,32,2d94a571-90be-46d7-9c7f-1d3e4db4bd7b,Snake2,76,5,1
83627644-9a0b-4ff9-ad52-c599c54d1ec4,32,b9f0f3f0-e1e8-452a-b72a-c12ebcad4c3f,Snake3,99,8,1
83627644-9a0b-4ff9-ad52-c599c54d1ec4,32,450412a2-5ce0-44b1-ab22-318d5e8cb5a8,Snake4,92,7,1
83627644-9a0b-4ff9-ad52-c599c54d1ec4,32,8068107f-be7e-4899-aba9-546b7b240b0b,Snake1,94,7,1
83627644-9a0b-4ff9-ad52-c599c54d1ec4,32,2d94a571-90be-46d7-9c7f-1d3e4db4bd7b,Snake2,76,5,1
83627644-9a0b-4ff9-ad52-c599c54d1ec4,32,b9f0f3f0-e1e8-452a-b72a-c12ebcad4c3f,Snake3,99,8,1
83627644-9a0b-4ff9-ad52-c599c54d1ec4,32,450412a2-5ce0-44b1-ab22-318d5e8cb5a8,Snake4,92,7,1
83627644-9a0b-4ff9-ad52-c599c54d1ec4,33,8068107f-be7e-4899-aba9-546b7b240b0b,Snake1,100,8,1
83627644-9a0b-4ff9-ad52-c599c54d1ec4,33,2d94a571-90be-46d7-9c7f-1d3e4db4bd7b,Snake2,75,5,1
83627644-9a0b-4ff9-ad52-c599c54d1ec4,33,b9f0f3f0-e1e8-452a-b72a-c12ebcad4c3f,Snake3,98,8,1
83627644-9a0b-4ff9-ad52-c599c54d1ec4,33,450412a2-5ce0-44b1-ab22-318d5e8cb5a8,Snake4,91,7,1
83627644-9a0b-4ff9-ad52-c599c54d1ec4,33,8068107f-be7e-4899-aba9-546b7b240b0b,Snake1,100,8,1
83627644-9a0b-4ff9-ad52-c599c54d1ec4,33,2d94a571-90be-46d7-9c7f-1d3e4db4bd7b,Snake2,75,5,1
83627644-9a0b-4ff9-ad52-c599c54d1ec4,33,b9f0f3f0-e1e8-452a-b72a-c12ebcad4c3f,Snake3,98,8,1
83627644-9a0b-4ff9-ad52-c599c54d1ec4,33,450412a2-5ce0-44b1-ab22-318d5e8cb5a8,Snake4,91,7,1
83627644-9a0b-4ff9-ad52-c599c54d1ec4,34,8068107f-be7e-4899-aba9-546b7b240b0b,Snake1,99,8,1
83627644-9a0b-4ff9-ad52-c599c54d1ec4,34,2d94a571-90be-46d7-9c7f-1d3e4db4bd7b,Snake2,74,5,1
83627644-9a0b-4ff9-ad52-c599c54d1ec4,34,b9f0f3f0-e1e8-452a-b72a-c12ebcad4c3f,Snake3,97,8,1
83627644-9a0b-4ff9-ad52-c599c54d1ec4,34,450412a2-5ce0-44b1-ab22-318d5e8cb5a8,Snake4,90,7,1
83627644-9a0b-4ff9-ad52-c599c54d1ec4,34,8068107f-be7e-4899-aba9-546b7b240b0b,Snake1,99,8,1
83627644-9a0b-4ff9-ad52-c599c54d1ec4,34,2d94a571-90be-46d7-9c7f-1d3e4db4bd7b,Snake2,74,5,1
83627644-9a0b-4ff9-ad52-c599c54d1ec4,34,b9f0f3f0-e1e8-452a-b72a-c12ebcad4c3f,Snake3,97,8,1
83627644-9a0b-4ff9-ad52-c599c54d1ec4,34,450412a2-5ce0-44b1-ab22-318d5e8cb5a8,Snake4,90,7,1
83627644-9a0b-4ff9-ad52-c599c54d1ec4,34,8068107f-be7e-4899-aba9-546b7b240b0b,Snake1,99,8,1
83627644-9a0b-4ff9-ad52-c599c54d1ec4,34,2d94a571-90be-46d7-9c7f-1d3e4db4bd7b,Snake2,74,5,1
83627644-9a0b-4ff9-ad52-c599c54d1ec4,34,b9f0f3f0-e1e8-452a-b72a-c12ebcad4c3f,Snake3,97,8,1
83627644-9a0b-4ff9-ad52-c599c54d1ec4,34,450412a2-5ce0-44b1-ab22-318d5e8cb5a8,Snake4,90,7,1
83627644-9a0b-4ff9-ad52-c599c54d1ec4,35,8068107f-be7e-4899-aba9-546b7b240b0b,Snake1,98,8,1
83627644-9a0b-4ff9-ad52-c599c54d1ec4,35,2d94a571-90be-46d7-9c7f-1d3e4db4bd7b,Snake2,73,5,1
83627644-9a0b-4ff9-ad52-c599c54d1ec4,35,b9f0f3f0-e1e8-452a-b72a-c12ebcad4c3f,Snake3,100,9,1
83627644-9a0b-4ff9-ad52-c599c54d1ec4,35,450412a2-5ce0-44b1-ab22-318d5e8cb5a8,Snake4,89,7,1
83627644-9a0b-4ff9-ad52-c599c54d1ec4,35,8068107f-be7e-4899-aba9-546b7b240b0b,Snake1,98,8,1
83627644-9a0b-4ff9-ad52-c599c54d1ec4,35,2d94a571-90be-46d7-9c7f-1d3e4db4bd7b,Snake2,73,5,1
83627644-9a0b-4ff9-ad52-c599c54d1ec4,35,b9f0f3f0-e1e8-452a-b72a-c12ebcad4c3f,Snake3,100,9,1
83627644-9a0b-4ff9-ad52-c599c54d1ec4,35,450412a2-5ce0-44b1-ab22-318d5e8cb5a8,Snake4,89,7,1
83627644-9a0b-4ff9-ad52-c599c54d1ec4,36,8068107f-be7e-4899-aba9-546b7b240b0b,Snake1,97,8,1
83627644-9a0b-4ff9-ad52-c599c54d1ec4,36,2d94a571-90be-46d7-9c7f-1d3e4db4bd7b,Snake2,72,5,1
83627644-9a0b-4ff9-ad52-c599c54d1ec4,36,b9f0f3f0-e1e8-452a-b72a-c12ebcad4c3f,Snake3,99,9,1
83627644-9a0b-4ff9-ad52-c599c54d1ec4,36,450412a2-5ce0-44b1-ab22-318d5e8cb5a8,Snake4,88,7,1
83627644-9a0b-4ff9-ad52-c599c54d1ec4,36,8068107f-be7e-4899-aba9-546b7b240b0b,Snake1,97,8,1
83627644-9a0b-4ff9-ad52-c599c54d1ec4,36,2d94a571-90be-46d7-9c7f-1d3e4db4bd7b,Snake2,72,5,1
83627644-9a0b-4ff9-ad52-c599c54d1ec4,36,b9f0f3f0-e1e8-452a-b72a-c12ebcad4c3f,Snake3,99,9,1
83627644-9a0b-4ff9-ad52-c599c54d1ec4,36,450412a2-5ce0-44b1-ab22-318d5e8cb5a8,Snake4,88,7,1
83627644-9a0b-4ff9-ad52-c599c54d1ec4,36,8068107f-be7e-4899-aba9-546b7b240b0b,Snake1,97,8,1
83627644-9a0b-4ff9-ad52-c599c54d1ec4,36,2d94a571-90be-46d7-9c7f-1d3e4db4bd7b,Snake2,72,5,1
83627644-9a0b-4ff9-ad52-c599c54d1ec4,36,b9f0f3f0-e1e8-452a-b72a-c12ebcad4c3f,Snake3,99,9,1
83627644-9a0b-4ff9-ad52-c599c54d1ec4,36,450412a2-5ce0-44b1-ab22-318d5e8cb5a8,Snake4,88,7,1
83627644-9a0b-4ff9-ad52-c599c54d1ec4,37,8068107f-be7e-4899-aba9-546b7b240b0b,Snake1,96,8,1
83627644-9a0b-4ff9-ad52-c599c54d1ec4,37,2d94a571-90be-46d7-9c7f-1d3e4db4bd7b,Snake2,71,5,1
83627644-9a0b-4ff9-ad52-c599c54d1ec4,37,b9f0f3f0-e1e8-452a-b72a-c12ebcad4c3f,Snake3,98,9,1
83627644-9a0b-4ff9-ad52-c599c54d1ec4,37,450412a2-5ce0-44b1-ab22-318d5e8cb5a8,Snake4,100,8,1
83627644-9a0b-4ff9-ad52-c599c54d1ec4,37,8068107f-be7e-4899-aba9-546b7b240b0b,Snake1,96,8,1
83627644-9a0b-4ff9-ad52-c599c54d1ec4,37,2d94a571-90be-46d7-9c7f-1d3e4db4bd7b,Snake2,71,5,1
83627644-9a0b-4ff9-ad52-c599c54d1ec4,37,b9f0f3f0-e1e8-452a-b72a-c12ebcad4c3f,Snake3,98,9,1
83627644-9a0b-4ff9-ad52-c599c54d1ec4,37,450412a2-5ce0-44b1-ab22-318d5e8cb5a8,Snake4,100,8,1
83627644-9a0b-4ff9-ad52-c599c54d1ec4,38,8068107f-be7e-4899-aba9-546b7b240b0b,Snake1,95,8,1
83627644-9a0b-4ff9-ad52-c599c54d1ec4,38,2d94a571-90be-46d7-9c7f-1d3e4db4bd7b,Snake2,70,5,1
83627644-9a0b-4ff9-ad52-c599c54d1ec4,38,b9f0f3f0-e1e8-452a-b72a-c12ebcad4c3f,Snake3,100,10,1
83627644-9a0b-4ff9-ad52-c599c54d1ec4,38,450412a2-5ce0-44b1-ab22-318d5e8cb5a8,Snake4,99,8,1
83627644-9a0b-4ff9-ad52-c599c54d1ec4,38,8068107f-be7e-4899-aba9-546b7b240b0b,Snake1,95,8,1
83627644-9a0b-4ff9-ad52-c599c54d1ec4,38,2d94a571-90be-46d7-9c7f-1d3e4db4bd7b,Snake2,70,5,1
83627644-9a0b-4ff9-ad52-c599c54d1ec4,38,b9f0f3f0-e1e8-452a-b72a-c12ebcad4c3f,Snake3,100,10,1
83627644-9a0b-4ff9-ad52-c599c54d1ec4,38,450412a2-5ce0-44b1-ab22-318d5e8cb5a8,Snake4,99,8,1
83627644-9a0b-4ff9-ad52-c599c54d1ec4,38,8068107f-be7e-4899-aba9-546b7b240b0b,Snake1,95,8,1
83627644-9a0b-4ff9-ad52-c599c54d1ec4,38,2d94a571-90be-46d7-9c7f-1d3e4db4bd7b,Snake2,70,5,1
83627644-9a0b-4ff9-ad52-c599c54d1ec4,38,b9f0f3f0-e1e8-452a-b72a-c12ebcad4c3f,Snake3,100,10,1
83627644-9a0b-4ff9-ad52-c599c54d1ec4,38,450412a2-5ce0-44b1-ab22-318d5e8cb5a8,Snake4,99,8,1
83627644-9a0b-4ff9-ad52-c599c54d1ec4,39,8068107f-be7e-4899-aba9-546b7b240b0b,Snake1,94,8,1
83627644-9a0b-4ff9-ad52-c599c54d1ec4,39,2d94a571-90be-46d7-9c7f-1d3e4db4bd7b,Snake2,69,5,1
83627644-9a0b-4ff9-ad52-c599c54d1ec4,39,b9f0f3f0-e1e8-452a-b72a-c12ebcad4c3f,Snake3,99,10,1
83627644-9a0b-4ff9-ad52-c599c54d1ec4,39,450412a2-5ce0-44b1-ab22-318d5e8cb5a8,Snake4,98,8,1
83627644-9a0b-4ff9-ad52-c599c54d1ec4,39,8068107f-be7e-4899-aba9-546b7b240b0b,Snake1,94,8,1
83627644-9a0b-4ff9-ad52-c599c54d1ec4,39,2d94a571-90be-46d7-9c7f-1d3e4db4bd7b,Snake2,69,5,1
83627644-9a0b-4ff9-ad52-c599c54d1ec4,39,b9f0f3f0-e1e8-452a-b72a-c12ebcad4c3f,Snake3,99,10,1
83627644-9a0b-4ff9-ad52-c599c54d1ec4,39,450412a2-5ce0-44b1-ab22-318d5e8cb5a8,Snake4,98,8,1
83627644-9a0b-4ff9-ad52-c599c54d1ec4,40,8068107f-be7e-4899-aba9-546b7b240b0b,Snake1,93,8,1
83627644-9a0b-4ff9-ad52-c599c54d1ec4,40,2d94a571-90be-46d7-9c7f-1d3e4db4bd7b,Snake2,68,5,1
83627644-9a0b-4ff9-ad52-c599c54d1ec4,40,b9f0f3f0-e1e8-452a-b72a-c12ebcad4c3f,Snake3,98,10,1
83627644-9a0b-4ff9-ad52-c599c54d1ec4,40,450412a2-5ce0-44b1-ab22-318d5e8cb5a8,Snake4,97,8,1
83627644-9a0b-4ff9-ad52-c599c54d1ec4,40,8068107f-be7e-4899-aba9-546b7b240b0b,Snake1,93,8,1
83627644-9a0b-4ff9-ad52-c599c54d1ec4,40,2d94a571-90be-46d7-9c7f-1d3e4db4bd7b,Snake2,68,5,1
83627644-9a0b-4ff9-ad52-c599c54d1ec4,40,b9f0f3f0-e1e8-452a-b72a-c12ebcad4c3f,Snake3,98,10,1
83627644-9a0b-4ff9-ad52-c599c54d1ec4,40,450412a2-5ce0-44b1-ab22-318d5e8cb5a8,Snake4,97,8,1
83627644-9a0b-4ff9-ad52-c599c54d1ec4,40,8068107f-be7e-4899-aba9-546b7b240b0b,Snake1,93,8,1
83627644-9a0b-4ff9-ad52-c599c54d1ec4,40,2d94a571-90be-46d7-9c7f-1d3e4db4bd7b,Snake2,68,5,1
83627644-9a0b-4ff9-ad52-c599c54d1ec4,40,b9f0f3f0-e1e8-452a-b72a-c12ebcad4c3f,Snake3,98,10,1
83627644-9a0b-4ff9-ad52-c599c54d1ec4,40,450412a2-5ce0-44b1-ab22-318d5e8cb5a8,Snake4,97,8,1
83627644-9a0b-4ff9-ad52-c599c54d1ec4,40,8068107f-be7e-4899-aba9-546b7b240b0b,Snake1,93,8,1
83627644-9a0b-4ff9-ad52-c599c54d1ec4,40,2d94a571-90be-46d7-9c7f-1d3e4db4bd7b,Snake2,68,5,1
83627644-9a0b-4ff9-ad52-c599c54d1ec4,40,b9f0f3f0-e1e8-452a-b72a-c12ebcad4c3f,Snake3,98,10,1
83627644-9a0b-4ff9-ad52-c599c54d1ec4,40,450412a2-5ce0-44b1-ab22-318d5e8cb5a8,Snake4,97,8,1
83627644-9a0b-4ff9-ad52-c599c54d1ec4,41,8068107f-be7e-4899-aba9-546b7b240b0b,Snake1,92,8,1
83627644-9a0b-4ff9-ad52-c599c54d1ec4,41,2d94a571-90be-46d7-9c7f-1d3e4db4bd7b,Snake2,67,5,1
83627644-9a0b-4ff9-ad52-c599c54d1ec4,41,b9f0f3f0-e1e8-452a-b72a-c12ebcad4c3f,Snake3,97,10,1
83627644-9a0b-4ff9-ad52-c599c54d1ec4,41,450412a2-5ce0-44b1-ab22-318d5e8cb5a8,Snake4,96,8,1
83627644-9a0b-4ff9-ad52-c599c54d1ec4,42,8068107f-be7e-4899-aba9-546b7b240b0b,Snake1,91,8,1
83627644-9a0b-4ff9-ad52-c599c54d1ec4,42,2d94a571-90be-46d7-9c7f-1d3e4db4bd7b,Snake2,66,5,1
83627644-9a0b-4ff9-ad52-c599c54d1ec4,42,b9f0f3f0-e1e8-452a-b72a-c12ebcad4c3f,Snake3,96,10,1
83627644-9a0b-4ff9-ad52-c599c54d1ec4,42,450412a2-5ce0-44b1-ab22-318d5e8cb5a8,Snake4,95,8,1
83627644-9a0b-4ff9-ad52-c599c54d1ec4,42,8068107f-be7e-4899-aba9-546b7b240b0b,Snake1,91,8,1
83627644-9a0b-4ff9-ad52-c599c54d1ec4,42,2d94a571-90be-46d7-9c7f-1d3e4db4bd7b,Snake2,66,5,1
83627644-9a0b-4ff9-ad52-c599c54d1ec4,42,b9f0f3f0-e1e8-452a-b72a-c12ebcad4c3f,Snake3,96,10,1
83627644-9a0b-4ff9-ad52-c599c54d1ec4,42,450412a2-5ce0-44b1-ab22-318d5e8cb5a8,Snake4,95,8,1
83627644-9a0b-4ff9-ad52-c599c54d1ec4,42,8068107f-be7e-4899-aba9-546b7b240b0b,Snake1,91,8,1
83627644-9a0b-4ff9-ad52-c599c54d1ec4,42,2d94a571-90be-46d7-9c7f-1d3e4db4bd7b,Snake2,66,5,1
83627644-9a0b-4ff9-ad52-c599c54d1ec4,42,b9f0f3f0-e1e8-452a-b72a-c12ebcad4c3f,Snake3,96,10,1
83627644-9a0b-4ff9-ad52-c599c54d1ec4,42,450412a2-5ce0-44b1-ab22-318d5e8cb5a8,Snake4,95,8,1
83627644-9a0b-4ff9-ad52-c599c54d1ec4,43,8068107f-be7e-4899-aba9-546b7b240b0b,Snake1,90,8,1
83627644-9a0b-4ff9-ad52-c599c54d1ec4,43,2d94a571-90be-46d7-9c7f-1d3e4db4bd7b,Snake2,65,5,1
83627644-9a0b-4ff9-ad52-c599c54d1ec4,43,b9f0f3f0-e1e8-452a-b72a-c12ebcad4c3f,Snake3,95,10,1
83627644-9a0b-4ff9-ad52-c599c54d1ec4,43,450412a2-5ce0-44b1-ab22-318d5e8cb5a8,Snake4,100,9,1
83627644-9a0b-4ff9-ad52-c599c54d1ec4,43,8068107f-be7e-4899-aba9-546b7b240b0b,Snake1,90,8,1
83627644-9a0b-4ff9-ad52-c599c54d1ec4,43,2d94a571-90be-46d7-9c7f-1d3e4db4bd7b,Snake2,65,5,1
83627644-9a0b-4ff9-ad52-c599c54d1ec4,43,b9f0f3f0-e1e8-452a-b72a-c12ebcad4c3f,Snake3,95,10,1
83627644-9a0b-4ff9-ad52-c599c54d1ec4,43,450412a2-5ce0-44b1-ab22-318d5e8cb5a8,Snake4,100,9,1
83627644-9a0b-4ff9-ad52-c599c54d1ec4,43,8068107f-be7e-4899-aba9-546b7b240b0b,Snake1,90,8,1
83627644-9a0b-4ff9-ad52-c599c54d1ec4,43,2d94a571-90be-46d7-9c7f-1d3e4db4bd7b,Snake2,65,5,1
83627644-9a0b-4ff9-ad52-c599c54d1ec4,43,b9f0f3f0-e1e8-452a-b72a-c12ebcad4c3f,Snake3,95,10,1
83627644-9a0b-4ff9-ad52-c599c54d1ec4,43,450412a2-5ce0-44b1-ab22-318d5e8cb5a8,Snake4,100,9,1
83627644-9a0b-4ff9-ad52-c599c54d1ec4,44,8068107f-be7e-4899-aba9-546b7b240b0b,Snake1,89,8,1
83627644-9a0b-4ff9-ad52-c599c54d1ec4,44,2d94a571-90be-46d7-9c7f-1d3e4db4bd7b,Snake2,64,5,1
83627644-9a0b-4ff9-ad52-c599c54d1ec4,44,b9f0f3f0-e1e8-452a-b72a-c12ebcad4c3f,Snake3,94,10,1
83627644-9a0b-4ff9-ad52-c599c54d1ec4,44,450412a2-5ce0-44b1-ab22-318d5e8cb5a8,Snake4,99,9,1
83627644-9a0b-4ff9-ad52-c599c54d1ec4,44,8068107f-be7e-4899-aba9-546b7b240b0b,Snake1,89,8,1
83627644-9a0b-4ff9-ad52-c599c54d1ec4,44,2d94a571-90be-46d7-9c7f-1d3e4db4bd7b,Snake2,64,5,1
83627644-9a0b-4ff9-ad52-c599c54d1ec4,44,b9f0f3f0-e1e8-452a-b72a-c12ebcad4c3f,Snake3,94,10,1
83627644-9a0b-4ff9-ad52-c599c54d1ec4,44,450412a2-5ce0-44b1-ab22-318d5e8cb5a8,Snake4,99,9,1
83627644-9a0b-4ff9-ad52-c599c54d1ec4,44,8068107f-be7e-4899-aba9-546b7b240b0b,Snake1,89,8,1
83627644-9a0b-4ff9-ad52-c599c54d1ec4,44,2d94a571-90be-46d7-9c7f-1d3e4db4bd7b,Snake2,64,5,1
83627644-9a0b-4ff9-ad52-c599c54d1ec4,44,b9f0f3f0-e1e8-452a-b72a-c12ebcad4c3f,Snake3,94,10,1
83627644-9a0b-4ff9-ad52-c599c54d1ec4,44,450412a2-5ce0-44b1-ab22-318d5e8cb5a8,Snake4,99,9,1
83627644-9a0b-4ff9-ad52-c599c54d1ec4,45,8068107f-be7e-4899-aba9-546b7b240b0b,Snake1,88,8,1
83627644-9a0b-4ff9-ad52-c599c54d1ec4,45,2d94a571-90be-46d7-9c7f-1d3e4db4bd7b,Snake2,63,5,1
83627644-9a0b-4ff9-ad52-c599c54d1ec4,45,b9f0f3f0-e1e8-452a-b72a-c12ebcad4c3f,Snake3,93,10,1
83627644-9a0b-4ff9-ad52-c599c54d1ec4,45,450412a2-5ce0-44b1-ab22-318d5e8cb5a8,Snake4,98,9,1
83627644-9a0b-4ff9-ad52-c599c54d1ec4,45,8068107f-be7e-4899-aba9-546b7b240b0b,Snake1,88,8,1
83627644-9a0b-4ff9-ad52-c599c54d1ec4,45,2d94a571-90be-46d7-9c7f-1d3e4db4bd7b,Snake2,63,5,1
83627644-9a0b-4ff9-ad52-c599c54d1ec4,45,b9f0f3f0-e1e8-452a-b72a-c12ebcad4c3f,Snake3,93,10,1
83627644-9a0b-4ff9-ad52-c599c54d1ec4,45,450412a2-5ce0-44b1-ab22-318d5e8cb5a8,Snake4,98,9,1
83627644-9a0b-4ff9-ad52-c599c54d1ec4,45,8068107f-be7e-4899-aba9-546b7b240b0b,Snake1,88,8,1
83627644-9a0b-4ff9-ad52-c599c54d1ec4,45,2d94a571-90be-46d7-9c7f-1d3e4db4bd7b,Snake2,63,5,1
83627644-9a0b-4ff9-ad52-c599c54d1ec4,45,b9f0f3f0-e1e8-452a-b72a-c12ebcad4c3f,Snake3,93,10,1
83627644-9a0b-4ff9-ad52-c599c54d1ec4,45,450412a2-5ce0-44b1-ab22-318d5e8cb5a8,Snake4,98,9,1
83627644-9a0b-4ff9-ad52-c599c54d1ec4,46,8068107f-be7e-4899-aba9-546b7b240b0b,Snake1,87,8,1
83627644-9a0b-4ff9-ad52-c599c54d1ec4,46,2d94a571-90be-46d7-9c7f-1d3e4db4bd7b,Snake2,62,5,1
83627644-9a0b-4ff9-ad52-c599c54d1ec4,46,b9f0f3f0-e1e8-452a-b72a-c12ebcad4c3f,Snake3,92,10,1
83627644-9a0b-4ff9-ad52-c599c54d1ec4,46,450412a2-5ce0-44b1-ab22-318d5e8cb5a8,Snake4,97,9,1
83627644-9a0b-4ff9-ad52-c599c54d1ec4,46,8068107f-be7e-4899-aba9-546b7b240b0b,Snake1,87,8,1
83627644-9a0b-4ff9-ad52-c599c54d1ec4,46,2d94a571-90be-46d7-9c7f-1d3e4db4bd7b,Snake2,62,5,1
83627644-9a0b-4ff9-ad52-c599c54d1ec4,46,b9f0f3f0-e1e8-452a-b72a-c12ebcad4c3f,Snake3,92,10,1
83627644-9a0b-4ff9-ad52-c599c54d1ec4,46,450412a2-5ce0-44b1-ab22-318d5e8cb5a8,Snake4,97,9,1
83627644-9a0b-4ff9-ad52-c599c54d1ec4,46,8068107f-be7e-4899-aba9-546b7b240b0b,Snake1,87,8,1
83627644-9a0b-4ff9-ad52-c599c54d1ec4,46,2d94a571-90be-46d7-9c7f-1d3e4db4bd7b,Snake2,62,5,1
83627644-9a0b-4ff9-ad52-c599c54d1ec4,46,b9f0f3f0-e1e8-452a-b72a-c12ebcad4c3f,Snake3,92,10,1
83627644-9a0b-4ff9-ad52-c599c54d1ec4,46,450412a2-5ce0-44b1-ab22-318d5e8cb5a8,Snake4,97,9,1
83627644-9a0b-4ff9-ad52-c599c54d1ec4,47,8068107f-be7e-4899-aba9-546b7b240b0b,Snake1,86,8,1
83627644-9a0b-4ff9-ad52-c599c54d1ec4,47,2d94a571-90be-46d7-9c7f-1d3e4db4bd7b,Snake2,61,5,1
83627644-9a0b-4ff9-ad52-c599c54d1ec4,47,b9f0f3f0-e1e8-452a-b72a-c12ebcad4c3f,Snake3,91,10,1
83627644-9a0b-4ff9-ad52-c599c54d1ec4,47,450412a2-5ce0-44b1-ab22-318d5e8cb5a8,Snake4,96,9,1
83627644-9a0b-4ff9-ad52-c599c54d1ec4,47,8068107f-be7e-4899-aba9-546b7b240b0b,Snake1,86,8,1
83627644-9a0b-4ff9-ad52-c599c54d1ec4,47,2d94a571-90be-46d7-9c7f-1d3e4db4bd7b,Snake2,61,5,1
83627644-9a0b-4ff9-ad52-c599c54d1ec4,47,b9f0f3f0-e1e8-452a-b72a-c12ebcad4c3f,Snake3,91,10,1
83627644-9a0b-4ff9-ad52-c599c54d1ec4,47,450412a2-5ce0-44b1-ab22-318d5e8cb5a8,Snake4,96,9,1
83627644-9a0b-4ff9-ad52-c599c54d1ec4,48,8068107f-be7e-4899-aba9-546b7b240b0b,Snake1,85,8,1
83627644-9a0b-4ff9-ad52-c599c54d1ec4,48,2d94a571-90be-46d7-9c7f-1d3e4db4bd7b,Snake2,60,5,1
83627644-9a0b-4ff9-ad52-c599c54d1ec4,48,b9f0f3f0-e1e8-452a-b72a-c12ebcad4c3f,Snake3,90,10,1
83627644-9a0b-4ff9-ad52-c599c54d1ec4,48,450412a2-5ce0-44b1-ab22-318d5e8cb5a8,Snake4,95,9,1
83627644-9a0b-4ff9-ad52-c599c54d1ec4,48,8068107f-be7e-4899-aba9-546b7b240b0b,Snake1,85,8,1
83627644-9a0b-4ff9-ad52-c599c54d1ec4,48,2d94a571-90be-46d7-9c7f-1d3e4db4bd7b,Snake2,60,5,1
83627644-9a0b-4ff9-ad52-c599c54d1ec4,48,b9f0f3f0-e1e8-452a-b72a-c12ebcad4c3f,Snake3,90,10,1
83627644-9a0b-4ff9-ad52-c599c54d1ec4,48,450412a2-5ce0-44b1-ab22-318d5e8cb5a8,Snake4,95,9,1
83627644-9a0b-4ff9-ad52-c599c54d1ec4,48,8068107f-be7e-4899-aba9-546b7b240b0b,Snake1,85,8,1
83627644-9a0b-4ff9-ad52-c599c54d1ec4,48,2d94a571-90be-46d7-9c7f-1d3e4db4bd7b,Snake2,60,5,1
83627644-9a0b-4ff9-ad52-c599c54d1ec4,48,b9f0f3f0-e1e8-452a-b72a-c12ebcad4c3f,Snake3,90,10,1
83627644-9a0b-4ff9-ad52-c599c54d1ec4,48,450412a2-5ce0-44b1-ab22-318d5e8cb5a8,Snake4,95,9,1
83627644-9a0b-4ff9-ad52-c599c54d1ec4,48,8068107f-be7e-4899-aba9-546b7b240b0b,Snake1,85,8,1
83627644-9a0b-4ff9-ad52-c599c54d1ec4,48,2d94a571-90be-46d7-9c7f-1d3e4db4bd7b,Snake2,60,5,1
83627644-9a0b-4ff9-ad52-c599c54d1ec4,48,b9f0f3f0-e1e8-452a-b72a-c12ebcad4c3f,Snake3,90,10,1
83627644-9a0b-4ff9-ad52-c599c54d1ec4,48,450412a2-5ce0-44b1-ab22-318d5e8cb5a8,Snake4,95,9,1
83627644-9a0b-4ff9-ad52-c599c54d1ec4,49,8068107f-be7e-4899-aba9-546b7b240b0b,Snake1,84,8,1
83627644-9a0b-4ff9-ad52-c599c54d1ec4,49,2d94a571-90be-46d7-9c7f-1d3e4db4bd7b,Snake2,59,5,1
83627644-9a0b-4ff9-ad52-c599c54d1ec4,49,b9f0f3f0-e1e8-452a-b72a-c12ebcad4c3f,Snake3,89,10,1
83627644-9a0b-4ff9-ad52-c599c54d1ec4,49,450412a2-5ce0-44b1-ab22-318d5e8cb5a8,Snake4,94,9,1
83627644-9a0b-4ff9-ad52-c599c54d1ec4,49,8068107f-be7e-4899-aba9-546b7b240b0b,Snake1,84,8,1
83627644-9a0b-4ff9-ad52-c599c54d1ec4,49,2d94a571-90be-46d7-9c7f-1d3e4db4bd7b,Snake2,59,5,1
83627644-9a0b-4ff9-ad52-c599c54d1ec4,49,b9f0f3f0-e1e8-452a-b72a-c12ebcad4c3f,Snake3,89,10,1
83627644-9a0b-4ff9-ad52-c599c54d1ec4,49,450412a2-5ce0-44b1-ab22-318d5e8cb5a8,Snake4,94,9,1
83627644-9a0b-4ff9-ad52-c599c54d1ec4,49,8068107f-be7e-4899-aba9-546b7b240b0b,Snake1,84,8,1
83627644-9a0b-4ff9-ad52-c599c54d1ec4,49,2d94a571-90be-46d7-9c7f-1d3e4db4bd7b,Snake2,59,5,1
83627644-9a0b-4ff9-ad52-c599c54d1ec4,49,b9f0f3f0-e1e8-452a-b72a-c12ebcad4c3f,Snake3,89,10,1
83627644-9a0b-4ff9-ad52-c599c54d1ec4,49,450412a2-5ce0-44b1-ab22-318d5e8cb5a8,Snake4,94,9,1
83627644-9a0b-4ff9-ad52-c599c54d1ec4,50,8068107f-be7e-4899-aba9-546b7b240b0b,Snake1,83,8,1
83627644-9a0b-4ff9-ad52-c599c54d1ec4,50,2d94a571-90be-46d7-9c7f-1d3e4db4bd7b,Snake2,58,5,1
83627644-9a0b-4ff9-ad52-c599c54d1ec4,50,b9f0f3f0-e1e8-452a-b72a-c12ebcad4c3f,Snake3,88,10,1
83627644-9a0b-4ff9-ad52-c599c54d1ec4,50,450412a2-5ce0-44b1-ab22-318d5e8cb5a8,Snake4,93,9,1
83627644-9a0b-4ff9-ad52-c599c54d1ec4,51,8068107f-be7e-4899-aba9-546b7b240b0b,Snake1,82,8,1
83627644-9a0b-4ff9-ad52-c599c54d1ec4,51,2d94a571-90be-46d7-9c7f-1d3e4db4bd7b,Snake2,57,5,1
83627644-9a0b-4ff9-ad52-c599c54d1ec4,51,b9f0f3f0-e1e8-452a-b72a-c12ebcad4c3f,Snake3,87,10,1
83627644-9a0b-4ff9-ad52-c599c54d1ec4,51,450412a2-5ce0-44b1-ab22-318d5e8cb5a8,Snake4,92,9,1
83627644-9a0b-4ff9-ad52-c599c54d1ec4,51,8068107f-be7e-4899-aba9-546b7b240b0b,Snake1,82,8,1
83627644-9a0b-4ff9-ad52-c599c54d1ec4,51,2d94a571-90be-46d7-9c7f-1d3e4db4bd7b,Snake2,57,5,1
83627644-9a0b-4ff9-ad52-c599c54d1ec4,51,b9f0f3f0-e1e8-452a-b72a-c12ebcad4c3f,Snake3,87,10,1
83627644-9a0b-4ff9-ad52-c599c54d1ec4,51,450412a2-5ce0-44b1-ab22-318d5e8cb5a8,Snake4,92,9,1
83627644-9a0b-4ff9-ad52-c599c54d1ec4,52,8068107f-be7e-4899-aba9-546b7b240b0b,Snake1,81,8,1
83627644-9a0b-4ff9-ad52-c599c54d1ec4,52,2d94a571-90be-46d7-9c7f-1d3e4db4bd7b,Snake2,56,5,1
83627644-9a0b-4ff9-ad52-c599c54d1ec4,52,b9f0f3f0-e1e8-452a-b72a-c12ebcad4c3f,Snake3,86,10,1
83627644-9a0b-4ff9-ad52-c599c54d1ec4,52,450412a2-5ce0-44b1-ab22-318d5e8cb5a8,Snake4,91,9,1
83627644-9a0b-4ff9-ad52-c599c54d1ec4,52,8068107f-be7e-4899-aba9-546b7b240b0b,Snake1,81,8,1
83627644-9a0b-4ff9-ad52-c599c54d1ec4,52,2d94a571-90be-46d7-9c7f-1d3e4db4bd7b,Snake2,56,5,1
83627644-9a0b-4ff9-ad52-c599c54d1ec4,52,b9f0f3f0-e1e8-452a-b72a-c12ebcad4c3f,Snake3,86,10,1
83627644-9a0b-4ff9-ad52-c599c54d1ec4,52,450412a2-5ce0-44b1-ab22-318d5e8cb5a8,Snake4,91,9,1
83627644-9a0b-4ff9-ad52-c599c54d1ec4,53,8068107f-be7e-4899-aba9-546b7b240b0b,Snake1,80,8,1
83627644-9a0b-4ff9-ad52-c599c54d1ec4,53,b9f0f3f0-e1e8-452a-b72a-c12ebcad4c3f,Snake3,100,11,1
83627644-9a0b-4ff9-ad52-c599c54d1ec4,53,450412a2-5ce0-44b1-ab22-318d5e8cb5a8,Snake4,90,9,1
83627644-9a0b-4ff9-ad52-c599c54d1ec4,53,2d94a571-90be-46d7-9c7f-1d3e4db4bd7b,Snake2,56,5,0
83627644-9a0b-4ff9-ad52-c599c54d1ec4,53,8068107f-be7e-4899-aba9-546b7b240b0b,Snake1,80,8,1
83627644-9a0b-4ff9-ad52-c599c54d1ec4,53,b9f0f3f0-e1e8-452a-b72a-c12ebcad4c3f,Snake3,100,11,1
83627644-9a0b-4ff9-ad52-c599c54d1ec4,53,450412a2-5ce0-44b1-ab22-318d5e8cb5a8,Snake4,90,9,1
83627644-9a0b-4ff9-ad52-c599c54d1ec4,53,2d94a571-90be-46d7-9c7f-1d3e4db4bd7b,Snake2,56,5,0
83627644-9a0b-4ff9-ad52-c599c54d1ec4,53,8068107f-be7e-4899-aba9-546b7b240b0b,Snake1,80,8,1
83627644-9a0b-4ff9-ad52-c599c54d1ec4,53,b9f0f3f0-e1e8-452a-b72a-c12ebcad4c3f,Snake3,100,11,1
83627644-9a0b-4ff9-ad52-c599c54d1ec4,53,450412a2-5ce0-44b1-ab22-318d5e8cb5a8,Snake4,90,9,1
83627644-9a0b-4ff9-ad52-c599c54d1ec4,53,2d94a571-90be-46d7-9c7f-1d3e4db4bd7b,Snake2,56,5,0
83627644-9a0b-4ff9-ad52-c599c54d1ec4,54,8068107f-be7e-4899-aba9-546b7b240b0b,Snake1,79,8,1
83627644-9a0b-4ff9-ad52-c599c54d1ec4,54,b9f0f3f0-e1e8-452a-b72a-c12ebcad4c3f,Snake3,99,11,1
83627644-9a0b-4ff9-ad52-c599c54d1ec4,54,450412a2-5ce0-44b1-ab22-318d5e8cb5a8,Snake4,89,9,1
83627644-9a0b-4ff9-ad52-c599c54d1ec4,54,2d94a571-90be-46d7-9c7f-1d3e4db4bd7b,Snake2,56,5,0
83627644-9a0b-4ff9-ad52-c599c54d1ec4,54,8068107f-be7e-4899-aba9-546b7b240b0b,Snake1,79,8,1
83627644-9a0b-4ff9-ad52-c599c54d1ec4,54,b9f0f3f0-e1e8-452a-b72a-c12ebcad4c3f,Snake3,99,11,1
83627644-9a0b-4ff9-ad52-c599c54d1ec4,54,450412a2-5ce0-44b1-ab22-318d5e8cb5a8,Snake4,89,9,1
83627644-9a0b-4ff9-ad52-c599c54d1ec4,54,2d94a571-90be-46d7-9c7f-1d3e4db4bd7b,Snake2,56,5,0
83627644-9a0b-4ff9-ad52-c599c54d1ec4,54,8068107f-be7e-4899-aba9-546b7b240b0b,Snake1,79,8,1
83627644-9a0b-4ff9-ad52-c599c54d1ec4,54,b9f0f3f0-e1e8-452a-b72a-c12ebcad4c3f,Snake3,99,11,1
83627644-9a0b-4ff9-ad52-c599c54d1ec4,54,450412a2-5ce0-44b1-ab22-318d5e8cb5a8,Snake4,89,9,1
83627644-9a0b-4ff9-ad52-c599c54d1ec4,54,2d94a571-90be-46d7-9c7f-1d3e4db4bd7b,Snake2,56,5,0
83627644-9a0b-4ff9-ad52-c599c54d1ec4,55,8068107f-be7e-4899-aba9-546b7b240b0b,Snake1,78,8,1
83627644-9a0b-4ff9-ad52-c599c54d1ec4,55,b9f0f3f0-e1e8-452a-b72a-c12ebcad4c3f,Snake3,98,11,1
83627644-9a0b-4ff9-ad52-c599c54d1ec4,55,450412a2-5ce0-44b1-ab22-318d5e8cb5a8,Snake4,88,9,1
83627644-9a0b-4ff9-ad52-c599c54d1ec4,55,2d94a571-90be-46d7-9c7f-1d3e4db4bd7b,Snake2,56,5,0
83627644-9a0b-4ff9-ad52-c599c54d1ec4,56,8068107f-be7e-4899-aba9-546b7b240b0b,Snake1,100,9,1
83627644-9a0b-4ff9-ad52-c599c54d1ec4,56,b9f0f3f0-e1e8-452a-b72a-c12ebcad4c3f,Snake3,97,11,1
83627644-9a0b-4ff9-ad52-c599c54d1ec4,56,450412a2-5ce0-44b1-ab22-318d5e8cb5a8,Snake4,87,9,1
83627644-9a0b-4ff9-ad52-c599c54d1ec4,56,2d94a571-90be-46d7-9c7f-1d3e4db4bd7b,Snake2,56,5,0
83627644-9a0b-4ff9-ad52-c599c54d1ec4,56,8068107f-be7e-4899-aba9-546b7b240b0b,Snake1,100,9,1
83627644-9a0b-4ff9-ad52-c599c54d1ec4,56,b9f0f3f0-e1e8-452a-b72a-c12ebcad4c3f,Snake3,97,11,1
83627644-9a0b-4ff9-ad52-c599c54d1ec4,56,450412a2-5ce0-44b1-ab22-318d5e8cb5a8,Snake4,87,9,1
83627644-9a0b-4ff9-ad52-c599c54d1ec4,56,2d94a571-90be-46d7-9c7f-1d3e4db4bd7b,Snake2,56,5,0
83627644-9a0b-4ff9-ad52-c599c54d1ec4,56,8068107f-be7e-4899-aba9-546b7b240b0b,Snake1,100,9,1
83627644-9a0b-4ff9-ad52-c599c54d1ec4,56,b9f0f3f0-e1e8-452a-b72a-c12ebcad4c3f,Snake3,97,11,1
83627644-9a0b-4ff9-ad52-c599c54d1ec4,56,450412a2-5ce0-44b1-ab22-318d5e8cb5a8,Snake4,87,9,1
83627644-9a0b-4ff9-ad52-c599c54d1ec4,56,2d94a571-90be-46d7-9c7f-1d3e4db4bd7b,Snake2,56,5,0
83627644-9a0b-4ff9-ad52-c599c54d1ec4,57,8068107f-be7e-4899-aba9-546b7b240b0b,Snake1,99,9,1
83627644-9a0b-4ff9-ad52-c599c54d1ec4,57,b9f0f3f0-e1e8-452a-b72a-c12ebcad4c3f,Snake3,96,11,1
83627644-9a0b-4ff9-ad52-c599c54d1ec4,57,450412a2-5ce0-44b1-ab22-318d5e8cb5a8,Snake4,86,9,1
83627644-9a0b-4ff9-ad52-c599c54d1ec4,57,2d94a571-90be-46d7-9c7f-1d3e4db4bd7b,Snake2,56,5,0
83627644-9a0b-4ff9-ad52-c599c54d1ec4,57,8068107f-be7e-4899-aba9-546b7b240b0b,Snake1,99,9,1
83627644-9a0b-4ff9-ad52-c599c54d1ec4,57,b9f0f3f0-e1e8-452a-b72a-c12ebcad4c3f,Snake3,96,11,1
83627644-9a0b-4ff9-ad52-c599c54d1ec4,57,450412a2-5ce0-44b1-ab22-318d5e8cb5a8,Snake4,86,9,1
83627644-9a0b-4ff9-ad52-c599c54d1ec4,57,2d94a571-90be-46d7-9c7f-1d3e4db4bd7b,Snake2,56,5,0
83627644-9a0b-4ff9-ad52-c599c54d1ec4,57,8068107f-be7e-4899-aba9-546b7b240b0b,Snake1,99,9,1
83627644-9a0b-4ff9-ad52-c599c54d1ec4,57,b9f0f3f0-e1e8-452a-b72a-c12ebcad4c3f,Snake3,96,11,1
83627644-9a0b-4ff9-ad52-c599c54d1ec4,57,450412a2-5ce0-44b1-ab22-318d5e8cb5a8,Snake4,86,9,1
83627644-9a0b-4ff9-ad52-c599c54d1ec4,57,2d94a571-90be-46d7-9c7f-1d3e4db4bd7b,Snake2,56,5,0
83627644-9a0b-4ff9-ad52-c599c54d1ec4,58,8068107f-be7e-4899-aba9-546b7b240b0b,Snake1,98,9,1
83627644-9a0b-4ff9-ad52-c599c54d1ec4,58,b9f0f3f0-e1e8-452a-b72a-c12ebcad4c3f,Snake3,95,11,1
83627644-9a0b-4ff9-ad52-c599c54d1ec4,58,450412a2-5ce0-44b1-ab22-318d5e8cb5a8,Snake4,85,9,1
83627644-9a0b-4ff9-ad52-c599c54d1ec4,58,2d94a571-90be-46d7-9c7f-1d3e4db4bd7b,Snake2,56,5,0
83627644-9a0b-4ff9-ad52-c599c54d1ec4,58,8068107f-be7e-4899-aba9-546b7b240b0b,Snake1,98,9,1
83627644-9a0b-4ff9-ad52-c599c54d1ec4,58,b9f0f3f0-e1e8-452a-b72a-c12ebcad4c3f,Snake3,95,11,1
83627644-9a0b-4ff9-ad52-c599c54d1ec4,58,450412a2-5ce0-44b1-ab22-318d5e8cb5a8,Snake4,85,9,1
83627644-9a0b-4ff9-ad52-c599c54d1ec4,58,2d94a571-90be-46d7-9c7f-1d3e4db4bd7b,Snake2,56,5,0
83627644-9a0b-4ff9-ad52-c599c54d1ec4,58,8068107f-be7e-4899-aba9-546b7b240b0b,Snake1,98,9,1
83627644-9a0b-4ff9-ad52-c599c54d1ec4,58,b9f0f3f0-e1e8-452a-b72a-c12ebcad4c3f,Snake3,95,11,1
83627644-9a0b-4ff9-ad52-c599c54d1ec4,58,450412a2-5ce0-44b1-ab22-318d5e8cb5a8,Snake4,85,9,1
83627644-9a0b-4ff9-ad52-c599c54d1ec4,58,2d94a571-90be-46d7-9c7f-1d3e4db4bd7b,Snake2,56,5,0
83627644-9a0b-4ff9-ad52-c599c54d1ec4,59,8068107f-be7e-4899-aba9-546b7b240b0b,Snake1,97,9,1
83627644-9a0b-4ff9-ad52-c599c54d1ec4,59,b9f0f3f0-e1e8-452a-b72a-c12ebcad4c3f,Snake3,94,11,1
83627644-9a0b-4ff9-ad52-c599c54d1ec4,59,450412a2-5ce0-44b1-ab22-318d5e8cb5a8,Snake4,84,9,1
83627644-9a0b-4ff9-ad52-c599c54d1ec4,59,2d94a571-90be-46d7-9c7f-1d3e4db4bd7b,Snake2,56,5,0
83627644-9a0b-4ff9-ad52-c599c54d1ec4,59,8068107f-be7e-4899-aba9-546b7b240b0b,Snake1,97,9,1
83627644-9a0b-4ff9-ad52-c599c54d1ec4,59,b9f0f3f0-e1e8-452a-b72a-c12ebcad4c3f,Snake3,94,11,1
83627644-9a0b-4ff9-ad52-c599c54d1ec4,59,450412a2-5ce0-44b1-ab22-318d5e8cb5a8,Snake4,84,9,1
83627644-9a0b-4ff9-ad52-c599c54d1ec4,59,2d94a571-90be-46d7-9c7f-1d3e4db4bd7b,Snake2,56,5,0
83627644-9a0b-4ff9-ad52-c599c54d1ec4,59,8068107f-be7e-4899-aba9-546b7b240b0b,Snake1,97,9,1
83627644-9a0b-4ff9-ad52-c599c54d1ec4,59,b9f0f3f0-e1e8-452a-b72a-c12ebcad4c3f,Snake3,94,11,1
83627644-9a0b-4ff9-ad52-c599c54d1ec4,59,450412a2-5ce0-44b1-ab22-318d5e8cb5a8,Snake4,84,9,1
83627644-9a0b-4ff9-ad52-c599c54d1ec4,59,2d94a571-90be-46d7-9c7f-1d3e4db4bd7b,Snake2,56,5,0
83627644-9a0b-4ff9-ad52-c599c54d1ec4,60,8068107f-be7e-4899-aba9-546b7b240b0b,Snake1,96,9,1
83627644-9a0b-4ff9-ad52-c599c54d1ec4,60,b9f0f3f0-e1e8-452a-b72a-c12ebcad4c3f,Snake3,93,11,1
83627644-9a0b-4ff9-ad52-c599c54d1ec4,60,450412a2-5ce0-44b1-ab22-318d5e8cb5a8,Snake4,83,9,1
83627644-9a0b-4ff9-ad52-c599c54d1ec4,60,2d94a571-90be-46d7-9c7f-1d3e4db4bd7b,Snake2,56,5,0
83627644-9a0b-4ff9-ad52-c599c54d1ec4,60,8068107f-be7e-4899-aba9-546b7b240b0b,Snake1,96,9,1
83627644-9a0b-4ff9-ad52-c599c54d1ec4,60,b9f0f3f0-e1e8-452a-b72a-c12ebcad4c3f,Snake3,93,11,1
83627644-9a0b-4ff9-ad52-c599c54d1ec4,60,450412a2-5ce0-44b1-ab22-318d5e8cb5a8,Snake4,83,9,1
83627644-9a0b-4ff9-ad52-c599c54d1ec4,60,2d94a571-90be-46d7-9c7f-1d3e4db4bd7b,Snake2,56,5,0
83627644-9a0b-4ff9-ad52-c599c54d1ec4,60,8068107f-be7e-4899-aba9-546b7b240b0b,Snake1,96,9,1
83627644-9a0b-4ff9-ad52-c599c54d1ec4,60,b9f0f3f0-e1e8-452a-b72a-c12ebcad4c3f,Snake3,93,11,1
83627644-9a0b-4ff9-ad52-c599c54d1ec4,60,450412a2-5ce0-44b1-ab22-318d5e8cb5a8,Snake4,83,9,1
83627644-9a0b-4ff9-ad52-c599c54d1ec4,60,2d94a571-90be-46d7-9c7f-1d3e4db4bd7b,Snake2,56,5,0
83627644-9a0b-4ff9-ad52-c599c54d1ec4,61,8068107f-be7e-4899-aba9-546b7b240b0b,Snake1,95,9,1
83627644-9a0b-4ff9-ad52-c599c54d1ec4,61,b9f0f3f0-e1e8-452a-b72a-c12ebcad4c3f,Snake3,92,11,1
83627644-9a0b-4ff9-ad52-c599c54d1ec4,61,450412a2-5ce0-44b1-ab22-318d5e8cb5a8,Snake4,82,9,1
83627644-9a0b-4ff9-ad52-c599c54d1ec4,61,2d94a571-90be-46d7-9c7f-1d3e4db4bd7b,Snake2,56,5,0
83627644-9a0b-4ff9-ad52-c599c54d1ec4,61,8068107f-be7e-4899-aba9-546b7b240b0b,Snake1,95,9,1
83627644-9a0b-4ff9-ad52-c599c54d1ec4,61,b9f0f3f0-e1e8-452a-b72a-c12ebcad4c3f,Snake3,92,11,1
83627644-9a0b-4ff9-ad52-c599c54d1ec4,61,450412a2-5ce0-44b1-ab22-318d5e8cb5a8,Snake4,82,9,1
83627644-9a0b-4ff9-ad52-c599c54d1ec4,61,2d94a571-90be-46d7-9c7f-1d3e4db4bd7b,Snake2,56,5,0
83627644-9a0b-4ff9-ad52-c599c54d1ec4,61,8068107f-be7e-4899-aba9-546b7b240b0b,Snake1,95,9,1
83627644-9a0b-4ff9-ad52-c599c54d1ec4,61,b9f0f3f0-e1e8-452a-b72a-c12ebcad4c3f,Snake3,92,11,1
83627644-9a0b-4ff9-ad52-c599c54d1ec4,61,450412a2-5ce0-44b1-ab22-318d5e8cb5a8,Snake4,82,9,1
83627644-9a0b-4ff9-ad52-c599c54d1ec4,61,2d94a571-90be-46d7-9c7f-1d3e4db4bd7b,Snake2,56,5,0
83627644-9a0b-4ff9-ad52-c599c54d1ec4,62,8068107f-be7e-4899-aba9-546b7b240b0b,Snake1,94,9,1
83627644-9a0b-4ff9-ad52-c599c54d1ec4,62,b9f0f3f0-e1e8-452a-b72a-c12ebcad4c3f,Snake3,91,11,1
83627644-9a0b-4ff9-ad52-c599c54d1ec4,62,450412a2-5ce0-44b1-ab22-318d5e8cb5a8,Snake4,81,9,1
83627644-9a0b-4ff9-ad52-c599c54d1ec4,62,2d94a571-90be-46d7-9c7f-1d3e4db4bd7b,Snake2,56,5,0
83627644-9a0b-4ff9-ad52-c599c54d1ec4,62,8068107f-be7e-4899-aba9-546b7b240b0b,Snake1,94,9,1
83627644-9a0b-4ff9-ad52-c599c54d1ec4,62,b9f0f3f0-e1e8-452a-b72a-c12ebcad4c3f,Snake3,91,11,1
83627644-9a0b-4ff9-ad52-c599c54d1ec4,62,450412a2-5ce0-44b1-ab22-318d5e8cb5a8,Snake4,81,9,1
83627644-9a0b-4ff9-ad52-c599c54d1ec4,62,2d94a571-90be-46d7-9c7f-1d3e4db4bd7b,Snake2,56,5,0
83627644-9a0b-4ff9-ad52-c599c54d1ec4,62,8068107f-be7e-4899-aba9-546b7b240b0b,Snake1,94,9,1
83627644-9a0b-4ff9-ad52-c599c54d1ec4,62,b9f0f3f0-e1e8-452a-b72a-c12ebcad4c3f,Snake3,91,11,1
83627644-9a0b-4ff9-ad52-c599c54d1ec4,62,450412a2-5ce0-44b1-ab22-318d5e8cb5a8,Snake4,81,9,1
83627644-9a0b-4ff9-ad52-c599c54d1ec4,62,2d94a571-90be-46d7-9c7f-1d3e4db4bd7b,Snake2,56,5,0
83627644-9a0b-4ff9-ad52-c599c54d1ec4,63,8068107f-be7e-4899-aba9-546b7b240b0b,Snake1,93,9,1
83627644-9a0b-4ff9-ad52-c599c54d1ec4,63,b9f0f3f0-e1e8-452a-b72a-c12ebcad4c3f,Snake3,90,11,1
83627644-9a0b-4ff9-ad52-c599c54d1ec4,63,450412a2-5ce0-44b1-ab22-318d5e8cb5a8,Snake4,80,9,1
83627644-9a0b-4ff9-ad52-c599c54d1ec4,63,2d94a571-90be-46d7-9c7f-1d3e4db4bd7b,Snake2,56,5,0
83627644-9a0b-4ff9-ad52-c599c54d1ec4,63,8068107f-be7e-4899-aba9-546b7b240b0b,Snake1,93,9,1
83627644-9a0b-4ff9-ad52-c599c54d1ec4,63,b9f0f3f0-e1e8-452a-b72a-c12ebcad4c3f,Snake3,90,11,1
83627644-9a0b-4ff9-ad52-c599c54d1ec4,63,450412a2-5ce0-44b1-ab22-318d5e8cb5a8,Snake4,80,9,1
83627644-9a0b-4ff9-ad52-c599c54d1ec4,63,2d94a571-90be-46d7-9c7f-1d3e4db4bd7b,Snake2,56,5,0
83627644-9a0b-4ff9-ad52-c599c54d1ec4,64,8068107f-be7e-4899-aba9-546b7b240b0b,Snake1,92,9,1
83627644-9a0b-4ff9-ad52-c599c54d1ec4,64,b9f0f3f0-e1e8-452a-b72a-c12ebcad4c3f,Snake3,89,11,1
83627644-9a0b-4ff9-ad52-c599c54d1ec4,64,450412a2-5ce0-44b1-ab22-318d5e8cb5a8,Snake4,79,9,1
83627644-9a0b-4ff9-ad52-c599c54d1ec4,64,2d94a571-90be-46d7-9c7f-1d3e4db4bd7b,Snake2,56,5,0
83627644-9a0b-4ff9-ad52-c599c54d1ec4,64,8068107f-be7e-4899-aba9-546b7b240b0b,Snake1,92,9,1
83627644-9a0b-4ff9-ad52-c599c54d1ec4,64,b9f0f3f0-e1e8-452a-b72a-c12ebcad4c3f,Snake3,89,11,1
83627644-9a0b-4ff9-ad52-c599c54d1ec4,64,450412a2-5ce0-44b1-ab22-318d5e8cb5a8,Snake4,79,9,1
83627644-9a0b-4ff9-ad52-c599c54d1ec4,64,2d94a571-90be-46d7-9c7f-1d3e4db4bd7b,Snake2,56,5,0
83627644-9a0b-4ff9-ad52-c599c54d1ec4,64,8068107f-be7e-4899-aba9-546b7b240b0b,Snake1,92,9,1
83627644-9a0b-4ff9-ad52-c599c54d1ec4,64,b9f0f3f0-e1e8-452a-b72a-c12ebcad4c3f,Snake3,89,11,1
83627644-9a0b-4ff9-ad52-c599c54d1ec4,64,450412a2-5ce0-44b1-ab22-318d5e8cb5a8,Snake4,79,9,1
83627644-9a0b-4ff9-ad52-c599c54d1ec4,64,2d94a571-90be-46d7-9c7f-1d3e4db4bd7b,Snake2,56,5,0
83627644-9a0b-4ff9-ad52-c599c54d1ec4,65,8068107f-be7e-4899-aba9-546b7b240b0b,Snake1,100,10,1
83627644-9a0b-4ff9-ad52-c599c54d1ec4,65,b9f0f3f0-e1e8-452a-b72a-c12ebcad4c3f,Snake3,88,11,1
83627644-9a0b-4ff9-ad52-c599c54d1ec4,65,450412a2-5ce0-44b1-ab22-318d5e8cb5a8,Snake4,78,9,1
83627644-9a0b-4ff9-ad52-c599c54d1ec4,65,2d94a571-90be-46d7-9c7f-1d3e4db4bd7b,Snake2,56,5,0
83627644-9a0b-4ff9-ad52-c599c54d1ec4,65,8068107f-be7e-4899-aba9-546b7b240b0b,Snake1,100,10,1
83627644-9a0b-4ff9-ad52-c599c54d1ec4,65,b9f0f3f0-e1e8-452a-b72a-c12ebcad4c3f,Snake3,88,11,1
83627644-9a0b-4ff9-ad52-c599c54d1ec4,65,450412a2-5ce0-44b1-ab22-318d5e8cb5a8,Snake4,78,9,1
83627644-9a0b-4ff9-ad52-c599c54d1ec4,65,2d94a571-90be-46d7-9c7f-1d3e4db4bd7b,Snake2,56,5,0
83627644-9a0b-4ff9-ad52-c599c54d1ec4,65,8068107f-be7e-4899-aba9-546b7b240b0b,Snake1,100,10,1
83627644-9a0b-4ff9-ad52-c599c54d1ec4,65,b9f0f3f0-e1e8-452a-b72a-c12ebcad4c3f,Snake3,88,11,1
83627644-9a0b-4ff9-ad52-c599c54d1ec4,65,450412a2-5ce0-44b1-ab22-318d5e8cb5a8,Snake4,78,9,1
83627644-9a0b-4ff9-ad52-c599c54d1ec4,65,2d94a571-90be-46d7-9c7f-1d3e4db4bd7b,Snake2,56,5,0
83627644-9a0b-4ff9-ad52-c599c54d1ec4,66,8068107f-be7e-4899-aba9-546b7b240b0b,Snake1,99,10,1
83627644-9a0b-4ff9-ad52-c599c54d1ec4,66,b9f0f3f0-e1e8-452a-b72a-c12ebcad4c3f,Snake3,87,11,1
83627644-9a0b-4ff9-ad52-c599c54d1ec4,66,450412a2-5ce0-44b1-ab22-318d5e8cb5a8,Snake4,77,9,1
83627644-9a0b-4ff9-ad52-c599c54d1ec4,66,2d94a571-90be-46d7-9c7f-1d3e4db4bd7b,Snake2,56,5,0
83627644-9a0b-4ff9-ad52-c599c54d1ec4,66,8068107f-be7e-4899-aba9-546b7b240b0b,Snake1,99,10,1
83627644-9a0b-4ff9-ad52-c599c54d1ec4,66,b9f0f3f0-e1e8-452a-b72a-c12ebcad4c3f,Snake3,87,11,1
83627644-9a0b-4ff9-ad52-c599c54d1ec4,66,450412a2-5ce0-44b1-ab22-318d5e8cb5a8,Snake4,77,9,1
83627644-9a0b-4ff9-ad52-c599c54d1ec4,66,2d94a571-90be-46d7-9c7f-1d3e4db4bd7b,Snake2,56,5,0
83627644-9a0b-4ff9-ad52-c599c54d1ec4,67,8068107f-be7e-4899-aba9-546b7b240b0b,Snake1,98,10,1
83627644-9a0b-4ff9-ad52-c599c54d1ec4,67,b9f0f3f0-e1e8-452a-b72a-c12ebcad4c3f,Snake3,86,11,1
83627644-9a0b-4ff9-ad52-c599c54d1ec4,67,450412a2-5ce0-44b1-ab22-318d5e8cb5a8,Snake4,76,9,1
83627644-9a0b-4ff9-ad52-c599c54d1ec4,67,2d94a571-90be-46d7-9c7f-1d3e4db4bd7b,Snake2,56,5,0
83627644-9a0b-4ff9-ad52-c599c54d1ec4,67,8068107f-be7e-4899-aba9-546b7b240b0b,Snake1,98,10,1
83627644-9a0b-4ff9-ad52-c599c54d1ec4,67,b9f0f3f0-e1e8-452a-b72a-c12ebcad4c3f,Snake3,86,11,1
83627644-9a0b-4ff9-ad52-c599c54d1ec4,67,450412a2-5ce0-44b1-ab22-318d5e8cb5a8,Snake4,76,9,1
83627644-9a0b-4ff9-ad52-c599c54d1ec4,67,2d94a571-90be-46d7-9c7f-1d3e4db4bd7b,Snake2,56,5,0
83627644-9a0b-4ff9-ad52-c599c54d1ec4,67,8068107f-be7e-4899-aba9-546b7b240b0b,Snake1,98,10,1
83627644-9a0b-4ff9-ad52-c599c54d1ec4,67,b9f0f3f0-e1e8-452a-b72a-c12ebcad4c3f,Snake3,86,11,1
83627644-9a0b-4ff9-ad52-c599c54d1ec4,67,450412a2-5ce0-44b1-ab22-318d5e8cb5a8,Snake4,76,9,1
83627644-9a0b-4ff9-ad52-c599c54d1ec4,67,2d94a571-90be-46d7-9c7f-1d3e4db4bd7b,Snake2,56,5,0
83627644-9a0b-4ff9-ad52-c599c54d1ec4,68,8068107f-be7e-4899-aba9-546b7b240b0b,Snake1,97,10,1
83627644-9a0b-4ff9-ad52-c599c54d1ec4,68,b9f0f3f0-e1e8-452a-b72a-c12ebcad4c3f,Snake3,85,11,1
83627644-9a0b-4ff9-ad52-c599c54d1ec4,68,450412a2-5ce0-44b1-ab22-318d5e8cb5a8,Snake4,75,9,1
83627644-9a0b-4ff9-ad52-c599c54d1ec4,68,2d94a571-90be-46d7-9c7f-1d3e4db4bd7b,Snake2,56,5,0
83627644-9a0b-4ff9-ad52-c599c54d1ec4,68,8068107f-be7e-4899-aba9-546b7b240b0b,Snake1,97,10,1
83627644-9a0b-4ff9-ad52-c599c54d1ec4,68,b9f0f3f0-e1e8-452a-b72a-c12ebcad4c3f,Snake3,85,11,1
83627644-9a0b-4ff9-ad52-c599c54d1ec4,68,450412a2-5ce0-44b1-ab22-318d5e8cb5a8,Snake4,75,9,1
83627644-9a0b-4ff9-ad52-c599c54d1ec4,68,2d94a571-90be-46d7-9c7f-1d3e4db4bd7b,Snake2,56,5,0
83627644-9a0b-4ff9-ad52-c599c54d1ec4,69,8068107f-be7e-4899-aba9-546b7b240b0b,Snake1,96,10,1
83627644-9a0b-4ff9-ad52-c599c54d1ec4,69,b9f0f3f0-e1e8-452a-b72a-c12ebcad4c3f,Snake3,84,11,1
83627644-9a0b-4ff9-ad52-c599c54d1ec4,69,450412a2-5ce0-44b1-ab22-318d5e8cb5a8,Snake4,74,9,1
83627644-9a0b-4ff9-ad52-c599c54d1ec4,69,2d94a571-90be-46d7-9c7f-1d3e4db4bd7b,Snake2,56,5,0
83627644-9a0b-4ff9-ad52-c599c54d1ec4,69,8068107f-be7e-4899-aba9-546b7b240b0b,Snake1,96,10,1
83627644-9a0b-4ff9-ad52-c599c54d1ec4,69,b9f0f3f0-e1e8-452a-b72a-c12ebcad4c3f,Snake3,84,11,1
83627644-9a0b-4ff9-ad52-c599c54d1ec4,69,450412a2-5ce0-44b1-ab22-318d5e8cb5a8,Snake4,74,9,1
83627644-9a0b-4ff9-ad52-c599c54d1ec4,69,2d94a571-90be-46d7-9c7f-1d3e4db4bd7b,Snake2,56,5,0
83627644-9a0b-4ff9-ad52-c599c54d1ec4,70,8068107f-be7e-4899-aba9-546b7b240b0b,Snake1,95,10,1
83627644-9a0b-4ff9-ad52-c599c54d1ec4,70,b9f0f3f0-e1e8-452a-b72a-c12ebcad4c3f,Snake3,83,11,1
83627644-9a0b-4ff9-ad52-c599c54d1ec4,70,450412a2-5ce0-44b1-ab22-318d5e8cb5a8,Snake4,73,9,1
83627644-9a0b-4ff9-ad52-c599c54d1ec4,70,2d94a571-90be-46d7-9c7f-1d3e4db4bd7b,Snake2,56,5,0
83627644-9a0b-4ff9-ad52-c599c54d1ec4,70,8068107f-be7e-4899-aba9-546b7b240b0b,Snake1,95,10,1
83627644-9a0b-4ff9-ad52-c599c54d1ec4,70,b9f0f3f0-e1e8-452a-b72a-c12ebcad4c3f,Snake3,83,11,1
83627644-9a0b-4ff9-ad52-c599c54d1ec4,70,450412a2-5ce0-44b1-ab22-318d5e8cb5a8,Snake4,73,9,1
83627644-9a0b-4ff9-ad52-c599c54d1ec4,70,2d94a571-90be-46d7-9c7f-1d3e4db4bd7b,Snake2,56,5,0
83627644-9a0b-4ff9-ad52-c599c54d1ec4,71,8068107f-be7e-4899-aba9-546b7b240b0b,Snake1,94,10,1
83627644-9a0b-4ff9-ad52-c599c54d1ec4,71,b9f0f3f0-e1e8-452a-b72a-c12ebcad4c3f,Snake3,82,11,1
83627644-9a0b-4ff9-ad52-c599c54d1ec4,71,450412a2-5ce0-44b1-ab22-318d5e8cb5a8,Snake4,72,9,1
83627644-9a0b-4ff9-ad52-c599c54d1ec4,71,2d94a571-90be-46d7-9c7f-1d3e4db4bd7b,Snake2,56,5,0
83627644-9a0b-4ff9-ad52-c599c54d1ec4,71,8068107f-be7e-4899-aba9-546b7b240b0b,Snake1,94,10,1
83627644-9a0b-4ff9-ad52-c599c54d1ec4,71,b9f0f3f0-e1e8-452a-b72a-c12ebcad4c3f,Snake3,82,11,1
83627644-9a0b-4ff9-ad52-c599c54d1ec4,71,450412a2-5ce0-44b1-ab22-318d5e8cb5a8,Snake4,72,9,1
83627644-9a0b-4ff9-ad52-c599c54d1ec4,71,2d94a571-90be-46d7-9c7f-1d3e4db4bd7b,Snake2,56,5,0
83627644-9a0b-4ff9-ad52-c599c54d1ec4,72,8068107f-be7e-4899-aba9-546b7b240b0b,Snake1,93,10,1
83627644-9a0b-4ff9-ad52-c599c54d1ec4,72,b9f0f3f0-e1e8-452a-b72a-c12ebcad4c3f,Snake3,81,11,1
83627644-9a0b-4ff9-ad52-c599c54d1ec4,72,450412a2-5ce0-44b1-ab22-318d5e8cb5a8,Snake4,71,9,1
83627644-9a0b-4ff9-ad52-c599c54d1ec4,72,2d94a571-90be-46d7-9c7f-1d3e4db4bd7b,Snake2,56,5,0
83627644-9a0b-4ff9-ad52-c599c54d1ec4,72,8068107f-be7e-4899-aba9-546b7b240b0b,Snake1,93,10,1
83627644-9a0b-4ff9-ad52-c599c54d1ec4,72,b9f0f3f0-e1e8-452a-b72a-c12ebcad4c3f,Snake3,81,11,1
83627644-9a0b-4ff9-ad52-c599c54d1ec4,72,450412a2-5ce0-44b1-ab22-318d5e8cb5a8,Snake4,71,9,1
83627644-9a0b-4ff9-ad52-c599c54d1ec4,72,2d94a571-90be-46d7-9c7f-1d3e4db4bd7b,Snake2,56,5,0
83627644-9a0b-4ff9-ad52-c599c54d1ec4,73,8068107f-be7e-4899-aba9-546b7b240b0b,Snake1,92,10,1
83627644-9a0b-4ff9-ad52-c599c54d1ec4,73,b9f0f3f0-e1e8-452a-b72a-c12ebcad4c3f,Snake3,100,12,1
83627644-9a0b-4ff9-ad52-c599c54d1ec4,73,450412a2-5ce0-44b1-ab22-318d5e8cb5a8,Snake4,70,9,1
83627644-9a0b-4ff9-ad52-c599c54d1ec4,73,2d94a571-90be-46d7-9c7f-1d3e4db4bd7b,Snake2,56,5,0
83627644-9a0b-4ff9-ad52-c599c54d1ec4,73,8068107f-be7e-4899-aba9-546b7b240b0b,Snake1,92,10,1
83627644-9a0b-4ff9-ad52-c599c54d1ec4,73,b9f0f3f0-e1e8-452a-b72a-c12ebcad4c3f,Snake3,100,12,1
83627644-9a0b-4ff9-ad52-c599c54d1ec4,73,450412a2-5ce0-44b1-ab22-318d5e8cb5a8,Snake4,70,9,1
83627644-9a0b-4ff9-ad52-c599c54d1ec4,73,2d94a571-90be-46d7-9c7f-1d3e4db4bd7b,Snake2,56,5,0
83627644-9a0b-4ff9-ad52-c599c54d1ec4,73,8068107f-be7e-4899-aba9-546b7b240b0b,Snake1,92,10,1
83627644-9a0b-4ff9-ad52-c599c54d1ec4,73,b9f0f3f0-e1e8-452a-b72a-c12ebcad4c3f,Snake3,100,12,1
83627644-9a0b-4ff9-ad52-c599c54d1ec4,73,450412a2-5ce0-44b1-ab22-318d5e8cb5a8,Snake4,70,9,1
83627644-9a0b-4ff9-ad52-c599c54d1ec4,73,2d94a571-90be-46d7-9c7f-1d3e4db4bd7b,Snake2,56,5,0
83627644-9a0b-4ff9-ad52-c599c54d1ec4,74,8068107f-be7e-4899-aba9-546b7b240b0b,Snake1,91,10,1
83627644-9a0b-4ff9-ad52-c599c54d1ec4,74,b9f0f3f0-e1e8-452a-b72a-c12ebcad4c3f,Snake3,99,12,1
83627644-9a0b-4ff9-ad52-c599c54d1ec4,74,450412a2-5ce0-44b1-ab22-318d5e8cb5a8,Snake4,100,10,1
83627644-9a0b-4ff9-ad52-c599c54d1ec4,74,2d94a571-90be-46d7-9c7f-1d3e4db4bd7b,Snake2,56,5,0
83627644-9a0b-4ff9-ad52-c599c54d1ec4,74,8068107f-be7e-4899-aba9-546b7b240b0b,Snake1,91,10,1
83627644-9a0b-4ff9-ad52-c599c54d1ec4,74,b9f0f3f0-e1e8-452a-b72a-c12ebcad4c3f,Snake3,99,12,1
83627644-9a0b-4ff9-ad52-c599c54d1ec4,74,450412a2-5ce0-44b1-ab22-318d5e8cb5a8,Snake4,100,10,1
83627644-9a0b-4ff9-ad52-c599c54d1ec4,74,2d94a571-90be-46d7-9c7f-1d3e4db4bd7b,Snake2,56,5,0
83627644-9a0b-4ff9-ad52-c599c54d1ec4,75,8068107f-be7e-4899-aba9-546b7b240b0b,Snake1,90,10,1
83627644-9a0b-4ff9-ad52-c599c54d1ec4,75,b9f0f3f0-e1e8-452a-b72a-c12ebcad4c3f,Snake3,98,12,1
83627644-9a0b-4ff9-ad52-c599c54d1ec4,75,450412a2-5ce0-44b1-ab22-318d5e8cb5a8,Snake4,99,10,1
83627644-9a0b-4ff9-ad52-c599c54d1ec4,75,2d94a571-90be-46d7-9c7f-1d3e4db4bd7b,Snake2,56,5,0
83627644-9a0b-4ff9-ad52-c599c54d1ec4,75,8068107f-be7e-4899-aba9-546b7b240b0b,Snake1,90,10,1
83627644-9a0b-4ff9-ad52-c599c54d1ec4,75,b9f0f3f0-e1e8-452a-b72a-c12ebcad4c3f,Snake3,98,12,1
83627644-9a0b-4ff9-ad52-c599c54d1ec4,75,450412a2-5ce0-44b1-ab22-318d5e8cb5a8,Snake4,99,10,1
83627644-9a0b-4ff9-ad52-c599c54d1ec4,75,2d94a571-90be-46d7-9c7f-1d3e4db4bd7b,Snake2,56,5,0
83627644-9a0b-4ff9-ad52-c599c54d1ec4,75,8068107f-be7e-4899-aba9-546b7b240b0b,Snake1,90,10,1
83627644-9a0b-4ff9-ad52-c599c54d1ec4,75,b9f0f3f0-e1e8-452a-b72a-c12ebcad4c3f,Snake3,98,12,1
83627644-9a0b-4ff9-ad52-c599c54d1ec4,75,450412a2-5ce0-44b1-ab22-318d5e8cb5a8,Snake4,99,10,1
83627644-9a0b-4ff9-ad52-c599c54d1ec4,75,2d94a571-90be-46d7-9c7f-1d3e4db4bd7b,Snake2,56,5,0
83627644-9a0b-4ff9-ad52-c599c54d1ec4,76,8068107f-be7e-4899-aba9-546b7b240b0b,Snake1,89,10,1
83627644-9a0b-4ff9-ad52-c599c54d1ec4,76,b9f0f3f0-e1e8-452a-b72a-c12ebcad4c3f,Snake3,97,12,1
83627644-9a0b-4ff9-ad52-c599c54d1ec4,76,450412a2-5ce0-44b1-ab22-318d5e8cb5a8,Snake4,98,10,1
83627644-9a0b-4ff9-ad52-c599c54d1ec4,76,2d94a571-90be-46d7-9c7f-1d3e4db4bd7b,Snake2,56,5,0
83627644-9a0b-4ff9-ad52-c599c54d1ec4,76,8068107f-be7e-4899-aba9-546b7b240b0b,Snake1,89,10,1
83627644-9a0b-4ff9-ad52-c599c54d1ec4,76,b9f0f3f0-e1e8-452a-b72a-c12ebcad4c3f,Snake3,97,12,1
83627644-9a0b-4ff9-ad52-c599c54d1ec4,76,450412a2-5ce0-44b1-ab22-318d5e8cb5a8,Snake4,98,10,1
83627644-9a0b-4ff9-ad52-c599c54d1ec4,76,2d94a571-90be-46d7-9c7f-1d3e4db4bd7b,Snake2,56,5,0
83627644-9a0b-4ff9-ad52-c599c54d1ec4,76,8068107f-be7e-4899-aba9-546b7b240b0b,Snake1,89,10,1
83627644-9a0b-4ff9-ad52-c599c54d1ec4,76,b9f0f3f0-e1e8-452a-b72a-c12ebcad4c3f,Snake3,97,12,1
83627644-9a0b-4ff9-ad52-c599c54d1ec4,76,450412a2-5ce0-44b1-ab22-318d5e8cb5a8,Snake4,98,10,1
83627644-9a0b-4ff9-ad52-c599c54d1ec4,76,2d94a571-90be-46d7-9c7f-1d3e4db4bd7b,Snake2,56,5,0
83627644-9a0b-4ff9-ad52-c599c54d1ec4,77,8068107f-be7e-4899-aba9-546b7b240b0b,Snake1,88,10,1
83627644-9a0b-4ff9-ad52-c599c54d1ec4,77,b9f0f3f0-e1e8-452a-b72a-c12ebcad4c3f,Snake3,96,12,1
83627644-9a0b-4ff9-ad52-c599c54d1ec4,77,450412a2-5ce0-44b1-ab22-318d5e8cb5a8,Snake4,97,10,1
83627644-9a0b-4ff9-ad52-c599c54d1ec4,77,2d94a571-90be-46d7-9c7f-1d3e4db4bd7b,Snake2,56,5,0
83627644-9a0b-4ff9-ad52-c599c54d1ec4,77,8068107f-be7e-4899-aba9-546b7b240b0b,Snake1,88,10,1
83627644-9a0b-4ff9-ad52-c599c54d1ec4,77,b9f0f3f0-e1e8-452a-b72a-c12ebcad4c3f,Snake3,96,12,1
83627644-9a0b-4ff9-ad52-c599c54d1ec4,77,450412a2-5ce0-44b1-ab22-318d5e8cb5a8,Snake4,97,10,1
83627644-9a0b-4ff9-ad52-c599c54d1ec4,77,2d94a571-90be-46d7-9c7f-1d3e4db4bd7b,Snake2,56,5,0
83627644-9a0b-4ff9-ad52-c599c54d1ec4,78,8068107f-be7e-4899-aba9-546b7b240b0b,Snake1,87,10,1
83627644-9a0b-4ff9-ad52-c599c54d1ec4,78,b9f0f3f0-e1e8-452a-b72a-c12ebcad4c3f,Snake3,95,12,1
83627644-9a0b-4ff9-ad52-c599c54d1ec4,78,450412a2-5ce0-44b1-ab22-318d5e8cb5a8,Snake4,96,10,1
83627644-9a0b-4ff9-ad52-c599c54d1ec4,78,2d94a571-90be-46d7-9c7f-1d3e4db4bd7b,Snake2,56,5,0
83627644-9a0b-4ff9-ad52-c599c54d1ec4,78,8068107f-be7e-4899-aba9-546b7b240b0b,Snake1,87,10,1
83627644-9a0b-4ff9-ad52-c599c54d1ec4,78,b9f0f3f0-e1e8-452a-b72a-c12ebcad4c3f,Snake3,95,12,1
83627644-9a0b-4ff9-ad52-c599c54d1ec4,78,450412a2-5ce0-44b1-ab22-318d5e8cb5a8,Snake4,96,10,1
83627644-9a0b-4ff9-ad52-c599c54d1ec4,78,2d94a571-90be-46d7-9c7f-1d3e4db4bd7b,Snake2,56,5,0
83627644-9a0b-4ff9-ad52-c599c54d1ec4,78,8068107f-be7e-4899-aba9-546b7b240b0b,Snake1,87,10,1
83627644-9a0b-4ff9-ad52-c599c54d1ec4,78,b9f0f3f0-e1e8-452a-b72a-c12ebcad4c3f,Snake3,95,12,1
83627644-9a0b-4ff9-ad52-c599c54d1ec4,78,450412a2-5ce0-44b1-ab22-318d5e8cb5a8,Snake4,96,10,1
83627644-9a0b-4ff9-ad52-c599c54d1ec4,78,2d94a571-90be-46d7-9c7f-1d3e4db4bd7b,Snake2,56,5,0
83627644-9a0b-4ff9-ad52-c599c54d1ec4,79,8068107f-be7e-4899-aba9-546b7b240b0b,Snake1,86,10,1
83627644-9a0b-4ff9-ad52-c599c54d1ec4,79,b9f0f3f0-e1e8-452a-b72a-c12ebcad4c3f,Snake3,94,12,1
83627644-9a0b-4ff9-ad52-c599c54d1ec4,79,450412a2-5ce0-44b1-ab22-318d5e8cb5a8,Snake4,95,10,1
83627644-9a0b-4ff9-ad52-c599c54d1ec4,79,2d94a571-90be-46d7-9c7f-1d3e4db4bd7b,Snake2,56,5,0
83627644-9a0b-4ff9-ad52-c599c54d1ec4,79,8068107f-be7e-4899-aba9-546b7b240b0b,Snake1,86,10,1
83627644-9a0b-4ff9-ad52-c599c54d1ec4,79,b9f0f3f0-e1e8-452a-b72a-c12ebcad4c3f,Snake3,94,12,1
83627644-9a0b-4ff9-ad52-c599c54d1ec4,79,450412a2-5ce0-44b1-ab22-318d5e8cb5a8,Snake4,95,10,1
83627644-9a0b-4ff9-ad52-c599c54d1ec4,79,2d94a571-90be-46d7-9c7f-1d3e4db4bd7b,Snake2,56,5,0
83627644-9a0b-4ff9-ad52-c599c54d1ec4,79,8068107f-be7e-4899-aba9-546b7b240b0b,Snake1,86,10,1
83627644-9a0b-4ff9-ad52-c599c54d1ec4,79,b9f0f3f0-e1e8-452a-b72a-c12ebcad4c3f,Snake3,94,12,1
83627644-9a0b-4ff9-ad52-c599c54d1ec4,79,450412a2-5ce0-44b1-ab22-318d5e8cb5a8,Snake4,95,10,1
83627644-9a0b-4ff9-ad52-c599c54d1ec4,79,2d94a571-90be-46d7-9c7f-1d3e4db4bd7b,Snake2,56,5,0
83627644-9a0b-4ff9-ad52-c599c54d1ec4,80,8068107f-be7e-4899-aba9-546b7b240b0b,Snake1,85,10,1
83627644-9a0b-4ff9-ad52-c599c54d1ec4,80,b9f0f3f0-e1e8-452a-b72a-c12ebcad4c3f,Snake3,93,12,1
83627644-9a0b-4ff9-ad52-c599c54d1ec4,80,450412a2-5ce0-44b1-ab22-318d5e8cb5a8,Snake4,94,10,1
83627644-9a0b-4ff9-ad52-c599c54d1ec4,80,2d94a571-90be-46d7-9c7f-1d3e4db4bd7b,Snake2,56,5,0
83627644-9a0b-4ff9-ad52-c599c54d1ec4,80,8068107f-be7e-4899-aba9-546b7b240b0b,Snake1,85,10,1
83627644-9a0b-4ff9-ad52-c599c54d1ec4,80,b9f0f3f0-e1e8-452a-b72a-c12ebcad4c3f,Snake3,93,12,1
83627644-9a0b-4ff9-ad52-c599c54d1ec4,80,450412a2-5ce0-44b1-ab22-318d5e8cb5a8,Snake4,94,10,1
83627644-9a0b-4ff9-ad52-c599c54d1ec4,80,2d94a571-90be-46d7-9c7f-1d3e4db4bd7b,Snake2,56,5,0
83627644-9a0b-4ff9-ad52-c599c54d1ec4,80,8068107f-be7e-4899-aba9-546b7b240b0b,Snake1,85,10,1
83627644-9a0b-4ff9-ad52-c599c54d1ec4,80,b9f0f3f0-e1e8-452a-b72a-c12ebcad4c3f,Snake3,93,12,1
83627644-9a0b-4ff9-ad52-c599c54d1ec4,80,450412a2-5ce0-44b1-ab22-318d5e8cb5a8,Snake4,94,10,1
83627644-9a0b-4ff9-ad52-c599c54d1ec4,80,2d94a571-90be-46d7-9c7f-1d3e4db4bd7b,Snake2,56,5,0
83627644-9a0b-4ff9-ad52-c599c54d1ec4,81,8068107f-be7e-4899-aba9-546b7b240b0b,Snake1,84,10,1
83627644-9a0b-4ff9-ad52-c599c54d1ec4,81,b9f0f3f0-e1e8-452a-b72a-c12ebcad4c3f,Snake3,92,12,1
83627644-9a0b-4ff9-ad52-c599c54d1ec4,81,450412a2-5ce0-44b1-ab22-318d5e8cb5a8,Snake4,93,10,1
83627644-9a0b-4ff9-ad52-c599c54d1ec4,81,2d94a571-90be-46d7-9c7f-1d3e4db4bd7b,Snake2,56,5,0
83627644-9a0b-4ff9-ad52-c599c54d1ec4,81,8068107f-be7e-4899-aba9-546b7b240b0b,Snake1,84,10,1
83627644-9a0b-4ff9-ad52-c599c54d1ec4,81,b9f0f3f0-e1e8-452a-b72a-c12ebcad4c3f,Snake3,92,12,1
83627644-9a0b-4ff9-ad52-c599c54d1ec4,81,450412a2-5ce0-44b1-ab22-318d5e8cb5a8,Snake4,93,10,1
83627644-9a0b-4ff9-ad52-c599c54d1ec4,81,2d94a571-90be-46d7-9c7f-1d3e4db4bd7b,Snake2,56,5,0
83627644-9a0b-4ff9-ad52-c599c54d1ec4,81,8068107f-be7e-4899-aba9-546b7b240b0b,Snake1,84,10,1
83627644-9a0b-4ff9-ad52-c599c54d1ec4,81,b9f0f3f0-e1e8-452a-b72a-c12ebcad4c3f,Snake3,92,12,1
83627644-9a0b-4ff9-ad52-c599c54d1ec4,81,450412a2-5ce0-44b1-ab22-318d5e8cb5a8,Snake4,93,10,1
83627644-9a0b-4ff9-ad52-c599c54d1ec4,81,2d94a571-90be-46d7-9c7f-1d3e4db4bd7b,Snake2,56,5,0
83627644-9a0b-4ff9-ad52-c599c54d1ec4,82,8068107f-be7e-4899-aba9-546b7b240b0b,Snake1,83,10,1
83627644-9a0b-4ff9-ad52-c599c54d1ec4,82,b9f0f3f0-e1e8-452a-b72a-c12ebcad4c3f,Snake3,91,12,1
83627644-9a0b-4ff9-ad52-c599c54d1ec4,82,450412a2-5ce0-44b1-ab22-318d5e8cb5a8,Snake4,92,10,1
83627644-9a0b-4ff9-ad52-c599c54d1ec4,82,2d94a571-90be-46d7-9c7f-1d3e4db4bd7b,Snake2,56,5,0
83627644-9a0b-4ff9-ad52-c599c54d1ec4,82,8068107f-be7e-4899-aba9-546b7b240b0b,Snake1,83,10,1
83627644-9a0b-4ff9-ad52-c599c54d1ec4,82,b9f0f3f0-e1e8-452a-b72a-c12ebcad4c3f,Snake3,91,12,1
83627644-9a0b-4ff9-ad52-c599c54d1ec4,82,450412a2-5ce0-44b1-ab22-318d5e8cb5a8,Snake4,92,10,1
83627644-9a0b-4ff9-ad52-c599c54d1ec4,82,2d94a571-90be-46d7-9c7f-1d3e4db4bd7b,Snake2,56,5,0
83627644-9a0b-4ff9-ad52-c599c54d1ec4,82,8068107f-be7e-4899-aba9-546b7b240b0b,Snake1,83,10,1
83627644-9a0b-4ff9-ad52-c599c54d1ec4,82,b9f0f3f0-e1e8-452a-b72a-c12ebcad4c3f,Snake3,91,12,1
83627644-9a0b-4ff9-ad52-c599c54d1ec4,82,450412a2-5ce0-44b1-ab22-318d5e8cb5a8,Snake4,92,10,1
83627644-9a0b-4ff9-ad52-c599c54d1ec4,82,2d94a571-90be-46d7-9c7f-1d3e4db4bd7b,Snake2,56,5,0
83627644-9a0b-4ff9-ad52-c599c54d1ec4,83,8068107f-be7e-4899-aba9-546b7b240b0b,Snake1,82,10,1
83627644-9a0b-4ff9-ad52-c599c54d1ec4,83,b9f0f3f0-e1e8-452a-b72a-c12ebcad4c3f,Snake3,90,12,1
83627644-9a0b-4ff9-ad52-c599c54d1ec4,83,450412a2-5ce0-44b1-ab22-318d5e8cb5a8,Snake4,91,10,1
83627644-9a0b-4ff9-ad52-c599c54d1ec4,83,2d94a571-90be-46d7-9c7f-1d3e4db4bd7b,Snake2,56,5,0
83627644-9a0b-4ff9-ad52-c599c54d1ec4,84,8068107f-be7e-4899-aba9-546b7b240b0b,Snake1,81,10,1
83627644-9a0b-4ff9-ad52-c599c54d1ec4,84,b9f0f3f0-e1e8-452a-b72a-c12ebcad4c3f,Snake3,89,12,1
83627644-9a0b-4ff9-ad52-c599c54d1ec4,84,450412a2-5ce0-44b1-ab22-318d5e8cb5a8,Snake4,90,10,1
83627644-9a0b-4ff9-ad52-c599c54d1ec4,84,2d94a571-90be-46d7-9c7f-1d3e4db4bd7b,Snake2,56,5,0
83627644-9a0b-4ff9-ad52-c599c54d1ec4,84,8068107f-be7e-4899-aba9-546b7b240b0b,Snake1,81,10,1
83627644-9a0b-4ff9-ad52-c599c54d1ec4,84,b9f0f3f0-e1e8-452a-b72a-c12ebcad4c3f,Snake3,89,12,1
83627644-9a0b-4ff9-ad52-c599c54d1ec4,84,450412a2-5ce0-44b1-ab22-318d5e8cb5a8,Snake4,90,10,1
83627644-9a0b-4ff9-ad52-c599c54d1ec4,84,2d94a571-90be-46d7-9c7f-1d3e4db4bd7b,Snake2,56,5,0
83627644-9a0b-4ff9-ad52-c599c54d1ec4,84,8068107f-be7e-4899-aba9-546b7b240b0b,Snake1,81,10,1
83627644-9a0b-4ff9-ad52-c599c54d1ec4,84,b9f0f3f0-e1e8-452a-b72a-c12ebcad4c3f,Snake3,89,12,1
83627644-9a0b-4ff9-ad52-c599c54d1ec4,84,450412a2-5ce0-44b1-ab22-318d5e8cb5a8,Snake4,90,10,1
83627644-9a0b-4ff9-ad52-c599c54d1ec4,84,2d94a571-90be-46d7-9c7f-1d3e4db4bd7b,Snake2,56,5,0
83627644-9a0b-4ff9-ad52-c599c54d1ec4,85,8068107f-be7e-4899-aba9-546b7b240b0b,Snake1,80,10,1
83627644-9a0b-4ff9-ad52-c599c54d1ec4,85,b9f0f3f0-e1e8-452a-b72a-c12ebcad4c3f,Snake3,88,12,1
83627644-9a0b-4ff9-ad52-c599c54d1ec4,85,450412a2-5ce0-44b1-ab22-318d5e8cb5a8,Snake4,89,10,1
83627644-9a0b-4ff9-ad52-c599c54d1ec4,85,2d94a571-90be-46d7-9c7f-1d3e4db4bd7b,Snake2,56,5,0
83627644-9a0b-4ff9-ad52-c599c54d1ec4,86,8068107f-be7e-4899-aba9-546b7b240b0b,Snake1,79,10,1
83627644-9a0b-4ff9-ad52-c599c54d1ec4,86,b9f0f3f0-e1e8-452a-b72a-c12ebcad4c3f,Snake3,87,12,1
83627644-9a0b-4ff9-ad52-c599c54d1ec4,86,450412a2-5ce0-44b1-ab22-318d5e8cb5a8,Snake4,88,10,1
83627644-9a0b-4ff9-ad52-c599c54d1ec4,86,2d94a571-90be-46d7-9c7f-1d3e4db4bd7b,Snake2,56,5,0
83627644-9a0b-4ff9-ad52-c599c54d1ec4,86,8068107f-be7e-4899-aba9-546b7b240b0b,Snake1,79,10,1
83627644-9a0b-4ff9-ad52-c599c54d1ec4,86,b9f0f3f0-e1e8-452a-b72a-c12ebcad4c3f,Snake3,87,12,1
83627644-9a0b-4ff9-ad52-c599c54d1ec4,86,450412a2-5ce0-44b1-ab22-318d5e8cb5a8,Snake4,88,10,1
83627644-9a0b-4ff9-ad52-c599c54d1ec4,86,2d94a571-90be-46d7-9c7f-1d3e4db4bd7b,Snake2,56,5,0
83627644-9a0b-4ff9-ad52-c599c54d1ec4,87,8068107f-be7e-4899-aba9-546b7b240b0b,Snake1,78,10,1
83627644-9a0b-4ff9-ad52-c599c54d1ec4,87,b9f0f3f0-e1e8-452a-b72a-c12ebcad4c3f,Snake3,86,12,1
83627644-9a0b-4ff9-ad52-c599c54d1ec4,87,450412a2-5ce0-44b1-ab22-318d5e8cb5a8,Snake4,87,10,1
83627644-9a0b-4ff9-ad52-c599c54d1ec4,87,2d94a571-90be-46d7-9c7f-1d3e4db4bd7b,Snake2,56,5,0
83627644-9a0b-4ff9-ad52-c599c54d1ec4,87,8068107f-be7e-4899-aba9-546b7b240b0b,Snake1,78,10,1
83627644-9a0b-4ff9-ad52-c599c54d1ec4,87,b9f0f3f0-e1e8-452a-b72a-c12ebcad4c3f,Snake3,86,12,1
83627644-9a0b-4ff9-ad52-c599c54d1ec4,87,450412a2-5ce0-44b1-ab22-318d5e8cb5a8,Snake4,87,10,1
83627644-9a0b-4ff9-ad52-c599c54d1ec4,87,2d94a571-90be-46d7-9c7f-1d3e4db4bd7b,Snake2,56,5,0
83627644-9a0b-4ff9-ad52-c599c54d1ec4,88,8068107f-be7e-4899-aba9-546b7b240b0b,Snake1,77,10,1
83627644-9a0b-4ff9-ad52-c599c54d1ec4,88,b9f0f3f0-e1e8-452a-b72a-c12ebcad4c3f,Snake3,85,12,1
83627644-9a0b-4ff9-ad52-c599c54d1ec4,88,450412a2-5ce0-44b1-ab22-318d5e8cb5a8,Snake4,86,10,1
83627644-9a0b-4ff9-ad52-c599c54d1ec4,88,2d94a571-90be-46d7-9c7f-1d3e4db4bd7b,Snake2,56,5,0
83627644-9a0b-4ff9-ad52-c599c54d1ec4,88,8068107f-be7e-4899-aba9-546b7b240b0b,Snake1,77,10,1
83627644-9a0b-4ff9-ad52-c599c54d1ec4,88,b9f0f3f0-e1e8-452a-b72a-c12ebcad4c3f,Snake3,85,12,1
83627644-9a0b-4ff9-ad52-c599c54d1ec4,88,450412a2-5ce0-44b1-ab22-318d5e8cb5a8,Snake4,86,10,1
83627644-9a0b-4ff9-ad52-c599c54d1ec4,88,2d94a571-90be-46d7-9c7f-1d3e4db4bd7b,Snake2,56,5,0
83627644-9a0b-4ff9-ad52-c599c54d1ec4,88,8068107f-be7e-4899-aba9-546b7b240b0b,Snake1,77,10,1
83627644-9a0b-4ff9-ad52-c599c54d1ec4,88,b9f0f3f0-e1e8-452a-b72a-c12ebcad4c3f,Snake3,85,12,1
83627644-9a0b-4ff9-ad52-c599c54d1ec4,88,450412a2-5ce0-44b1-ab22-318d5e8cb5a8,Snake4,86,10,1
83627644-9a0b-4ff9-ad52-c599c54d1ec4,88,2d94a571-90be-46d7-9c7f-1d3e4db4bd7b,Snake2,56,5,0
83627644-9a0b-4ff9-ad52-c599c54d1ec4,89,8068107f-be7e-4899-aba9-546b7b240b0b,Snake1,76,10,1
83627644-9a0b-4ff9-ad52-c599c54d1ec4,89,b9f0f3f0-e1e8-452a-b72a-c12ebcad4c3f,Snake3,84,12,1
83627644-9a0b-4ff9-ad52-c599c54d1ec4,89,450412a2-5ce0-44b1-ab22-318d5e8cb5a8,Snake4,85,10,1
83627644-9a0b-4ff9-ad52-c599c54d1ec4,89,2d94a571-90be-46d7-9c7f-1d3e4db4bd7b,Snake2,56,5,0
83627644-9a0b-4ff9-ad52-c599c54d1ec4,89,8068107f-be7e-4899-aba9-546b7b240b0b,Snake1,76,10,1
83627644-9a0b-4ff9-ad52-c599c54d1ec4,89,b9f0f3f0-e1e8-452a-b72a-c12ebcad4c3f,Snake3,84,12,1
83627644-9a0b-4ff9-ad52-c599c54d1ec4,89,450412a2-5ce0-44b1-ab22-318d5e8cb5a8,Snake4,85,10,1
83627644-9a0b-4ff9-ad52-c599c54d1ec4,89,2d94a571-90be-46d7-9c7f-1d3e4db4bd7b,Snake2,56,5,0
83627644-9a0b-4ff9-ad52-c599c54d1ec4,89,8068107f-be7e-4899-aba9-546b7b240b0b,Snake1,76,10,1
83627644-9a0b-4ff9-ad52-c599c54d1ec4,89,b9f0f3f0-e1e8-452a-b72a-c12ebcad4c3f,Snake3,84,12,1
83627644-9a0b-4ff9-ad52-c599c54d1ec4,89,450412a2-5ce0-44b1-ab22-318d5e8cb5a8,Snake4,85,10,1
83627644-9a0b-4ff9-ad52-c599c54d1ec4,89,2d94a571-90be-46d7-9c7f-1d3e4db4bd7b,Snake2,56,5,0
83627644-9a0b-4ff9-ad52-c599c54d1ec4,90,8068107f-be7e-4899-aba9-546b7b240b0b,Snake1,75,10,1
83627644-9a0b-4ff9-ad52-c599c54d1ec4,90,b9f0f3f0-e1e8-452a-b72a-c12ebcad4c3f,Snake3,83,12,1
83627644-9a0b-4ff9-ad52-c599c54d1ec4,90,450412a2-5ce0-44b1-ab22-318d5e8cb5a8,Snake4,84,10,1
83627644-9a0b-4ff9-ad52-c599c54d1ec4,90,2d94a571-90be-46d7-9c7f-1d3e4db4bd7b,Snake2,56,5,0
83627644-9a0b-4ff9-ad52-c599c54d1ec4,90,8068107f-be7e-4899-aba9-546b7b240b0b,Snake1,75,10,1
83627644-9a0b-4ff9-ad52-c599c54d1ec4,90,b9f0f3f0-e1e8-452a-b72a-c12ebcad4c3f,Snake3,83,12,1
83627644-9a0b-4ff9-ad52-c599c54d1ec4,90,450412a2-5ce0-44b1-ab22-318d5e8cb5a8,Snake4,84,10,1
83627644-9a0b-4ff9-ad52-c599c54d1ec4,90,2d94a571-90be-46d7-9c7f-1d3e4db4bd7b,Snake2,56,5,0
83627644-9a0b-4ff9-ad52-c599c54d1ec4,91,8068107f-be7e-4899-aba9-546b7b240b0b,Snake1,74,10,1
83627644-9a0b-4ff9-ad52-c599c54d1ec4,91,b9f0f3f0-e1e8-452a-b72a-c12ebcad4c3f,Snake3,82,12,1
83627644-9a0b-4ff9-ad52-c599c54d1ec4,91,450412a2-5ce0-44b1-ab22-318d5e8cb5a8,Snake4,83,10,1
83627644-9a0b-4ff9-ad52-c599c54d1ec4,91,2d94a571-90be-46d7-9c7f-1d3e4db4bd7b,Snake2,56,5,0
83627644-9a0b-4ff9-ad52-c599c54d1ec4,91,8068107f-be7e-4899-aba9-546b7b240b0b,Snake1,74,10,1
83627644-9a0b-4ff9-ad52-c599c54d1ec4,91,b9f0f3f0-e1e8-452a-b72a-c12ebcad4c3f,Snake3,82,12,1
83627644-9a0b-4ff9-ad52-c599c54d1ec4,91,450412a2-5ce0-44b1-ab22-318d5e8cb5a8,Snake4,83,10,1
83627644-9a0b-4ff9-ad52-c599c54d1ec4,91,2d94a571-90be-46d7-9c7f-1d3e4db4bd7b,Snake2,56,5,0
83627644-9a0b-4ff9-ad52-c599c54d1ec4,92,8068107f-be7e-4899-aba9-546b7b240b0b,Snake1,31,10,1
83627644-9a0b-4ff9-ad52-c599c54d1ec4,92,b9f0f3f0-e1e8-452a-b72a-c12ebcad4c3f,Snake3,81,12,1
83627644-9a0b-4ff9-ad52-c599c54d1ec4,92,450412a2-5ce0-44b1-ab22-318d5e8cb5a8,Snake4,82,10,1
83627644-9a0b-4ff9-ad52-c599c54d1ec4,92,2d94a571-90be-46d7-9c7f-1d3e4db4bd7b,Snake2,56,5,0
83627644-9a0b-4ff9-ad52-c599c54d1ec4,92,8068107f-be7e-4899-aba9-546b7b240b0b,Snake1,31,10,1
83627644-9a0b-4ff9-ad52-c599c54d1ec4,92,b9f0f3f0-e1e8-452a-b72a-c12ebcad4c3f,Snake3,81,12,1
83627644-9a0b-4ff9-ad52-c599c54d1ec4,92,450412a2-5ce0-44b1-ab22-318d5e8cb5a8,Snake4,82,10,1
83627644-9a0b-4ff9-ad52-c599c54d1ec4,92,2d94a571-90be-46d7-9c7f-1d3e4db4bd7b,Snake2,56,5,0
83627644-9a0b-4ff9-ad52-c599c54d1ec4,93,8068107f-be7e-4899-aba9-546b7b240b0b,Snake1,30,10,1
83627644-9a0b-4ff9-ad52-c599c54d1ec4,93,b9f0f3f0-e1e8-452a-b72a-c12ebcad4c3f,Snake3,80,12,1
83627644-9a0b-4ff9-ad52-c599c54d1ec4,93,450412a2-5ce0-44b1-ab22-318d5e8cb5a8,Snake4,81,10,1
83627644-9a0b-4ff9-ad52-c599c54d1ec4,93,2d94a571-90be-46d7-9c7f-1d3e4db4bd7b,Snake2,56,5,0
83627644-9a0b-4ff9-ad52-c599c54d1ec4,93,8068107f-be7e-4899-aba9-546b7b240b0b,Snake1,30,10,1
83627644-9a0b-4ff9-ad52-c599c54d1ec4,93,b9f0f3f0-e1e8-452a-b72a-c12ebcad4c3f,Snake3,80,12,1
83627644-9a0b-4ff9-ad52-c599c54d1ec4,93,450412a2-5ce0-44b1-ab22-318d5e8cb5a8,Snake4,81,10,1
83627644-9a0b-4ff9-ad52-c599c54d1ec4,93,2d94a571-90be-46d7-9c7f-1d3e4db4bd7b,Snake2,56,5,0
83627644-9a0b-4ff9-ad52-c599c54d1ec4,93,8068107f-be7e-4899-aba9-546b7b240b0b,Snake1,30,10,1
83627644-9a0b-4ff9-ad52-c599c54d1ec4,93,b9f0f3f0-e1e8-452a-b72a-c12ebcad4c3f,Snake3,80,12,1
83627644-9a0b-4ff9-ad52-c599c54d1ec4,93,450412a2-5ce0-44b1-ab22-318d5e8cb5a8,Snake4,81,10,1
83627644-9a0b-4ff9-ad52-c599c54d1ec4,93,2d94a571-90be-46d7-9c7f-1d3e4db4bd7b,Snake2,56,5,0
83627644-9a0b-4ff9-ad52-c599c54d1ec4,94,8068107f-be7e-4899-aba9-546b7b240b0b,Snake1,29,10,1
83627644-9a0b-4ff9-ad52-c599c54d1ec4,94,b9f0f3f0-e1e8-452a-b72a-c12ebcad4c3f,Snake3,79,12,1
83627644-9a0b-4ff9-ad52-c599c54d1ec4,94,450412a2-5ce0-44b1-ab22-318d5e8cb5a8,Snake4,80,10,1
83627644-9a0b-4ff9-ad52-c599c54d1ec4,94,2d94a571-90be-46d7-9c7f-1d3e4db4bd7b,Snake2,56,5,0
83627644-9a0b-4ff9-ad52-c599c54d1ec4,94,8068107f-be7e-4899-aba9-546b7b240b0b,Snake1,29,10,1
83627644-9a0b-4ff9-ad52-c599c54d1ec4,94,b9f0f3f0-e1e8-452a-b72a-c12ebcad4c3f,Snake3,79,12,1
83627644-9a0b-4ff9-ad52-c599c54d1ec4,94,450412a2-5ce0-44b1-ab22-318d5e8cb5a8,Snake4,80,10,1
83627644-9a0b-4ff9-ad52-c599c54d1ec4,94,2d94a571-90be-46d7-9c7f-1d3e4db4bd7b,Snake2,56,5,0
83627644-9a0b-4ff9-ad52-c599c54d1ec4,95,8068107f-be7e-4899-aba9-546b7b240b0b,Snake1,100,11,1
83627644-9a0b-4ff9-ad52-c599c54d1ec4,95,b9f0f3f0-e1e8-452a-b72a-c12ebcad4c3f,Snake3,78,12,1
83627644-9a0b-4ff9-ad52-c599c54d1ec4,95,450412a2-5ce0-44b1-ab22-318d5e8cb5a8,Snake4,79,10,1
83627644-9a0b-4ff9-ad52-c599c54d1ec4,95,2d94a571-90be-46d7-9c7f-1d3e4db4bd7b,Snake2,56,5,0
83627644-9a0b-4ff9-ad52-c599c54d1ec4,96,8068107f-be7e-4899-aba9-546b7b240b0b,Snake1,99,11,1
83627644-9a0b-4ff9-ad52-c599c54d1ec4,96,b9f0f3f0-e1e8-452a-b72a-c12ebcad4c3f,Snake3,77,12,1
83627644-9a0b-4ff9-ad52-c599c54d1ec4,96,450412a2-5ce0-44b1-ab22-318d5e8cb5a8,Snake4,78,10,1
83627644-9a0b-4ff9-ad52-c599c54d1ec4,96,2d94a571-90be-46d7-9c7f-1d3e4db4bd7b,Snake2,56,5,0
83627644-9a0b-4ff9-ad52-c599c54d1ec4,97,8068107f-be7e-4899-aba9-546b7b240b0b,Snake1,98,11,1
83627644-9a0b-4ff9-ad52-c599c54d1ec4,97,b9f0f3f0-e1e8-452a-b72a-c12ebcad4c3f,Snake3,76,12,1
83627644-9a0b-4ff9-ad52-c599c54d1ec4,97,450412a2-5ce0-44b1-ab22-318d5e8cb5a8,Snake4,77,10,1
83627644-9a0b-4ff9-ad52-c599c54d1ec4,97,2d94a571-90be-46d7-9c7f-1d3e4db4bd7b,Snake2,56,5,0
83627644-9a0b-4ff9-ad52-c599c54d1ec4,98,8068107f-be7e-4899-aba9-546b7b240b0b,Snake1,97,11,1
83627644-9a0b-4ff9-ad52-c599c54d1ec4,98,b9f0f3f0-e1e8-452a-b72a-c12ebcad4c3f,Snake3,75,12,1
83627644-9a0b-4ff9-ad52-c599c54d1ec4,98,450412a2-5ce0-44b1-ab22-318d5e8cb5a8,Snake4,76,10,1
83627644-9a0b-4ff9-ad52-c599c54d1ec4,98,2d94a571-90be-46d7-9c7f-1d3e4db4bd7b,Snake2,56,5,0
83627644-9a0b-4ff9-ad52-c599c54d1ec4,98,8068107f-be7e-4899-aba9-546b7b240b0b,Snake1,97,11,1
83627644-9a0b-4ff9-ad52-c599c54d1ec4,98,b9f0f3f0-e1e8-452a-b72a-c12ebcad4c3f,Snake3,75,12,1
83627644-9a0b-4ff9-ad52-c599c54d1ec4,98,450412a2-5ce0-44b1-ab22-318d5e8cb5a8,Snake4,76,10,1
83627644-9a0b-4ff9-ad52-c599c54d1ec4,98,2d94a571-90be-46d7-9c7f-1d3e4db4bd7b,Snake2,56,5,0
83627644-9a0b-4ff9-ad52-c599c54d1ec4,99,8068107f-be7e-4899-aba9-546b7b240b0b,Snake1,96,11,1
83627644-9a0b-4ff9-ad52-c599c54d1ec4,99,b9f0f3f0-e1e8-452a-b72a-c12ebcad4c3f,Snake3,74,12,1
83627644-9a0b-4ff9-ad52-c599c54d1ec4,99,450412a2-5ce0-44b1-ab22-318d5e8cb5a8,Snake4,75,10,1
83627644-9a0b-4ff9-ad52-c599c54d1ec4,99,2d94a571-90be-46d7-9c7f-1d3e4db4bd7b,Snake2,56,5,0
83627644-9a0b-4ff9-ad52-c599c54d1ec4,99,8068107f-be7e-4899-aba9-546b7b240b0b,Snake1,96,11,1
83627644-9a0b-4ff9-ad52-c599c54d1ec4,99,b9f0f3f0-e1e8-452a-b72a-c12ebcad4c3f,Snake3,74,12,1
83627644-9a0b-4ff9-ad52-c599c54d1ec4,99,450412a2-5ce0-44b1-ab22-318d5e8cb5a8,Snake4,75,10,1
83627644-9a0b-4ff9-ad52-c599c54d1ec4,99,2d94a571-90be-46d7-9c7f-1d3e4db4bd7b,Snake2,56,5,0
83627644-9a0b-4ff9-ad52-c599c54d1ec4,99,8068107f-be7e-4899-aba9-546b7b240b0b,Snake1,96,11,1
83627644-9a0b-4ff9-ad52-c599c54d1ec4,99,b9f0f3f0-e1e8-452a-b72a-c12ebcad4c3f,Snake3,74,12,1
83627644-9a0b-4ff9-ad52-c599c54d1ec4,99,450412a2-5ce0-44b1-ab22-318d5e8cb5a8,Snake4,75,10,1
83627644-9a0b-4ff9-ad52-c599c54d1ec4,99,2d94a571-90be-46d7-9c7f-1d3e4db4bd7b,Snake2,56,5,0
83627644-9a0b-4ff9-ad52-c599c54d1ec4,100,8068107f-be7e-4899-aba9-546b7b240b0b,Snake1,95,11,1
83627644-9a0b-4ff9-ad52-c599c54d1ec4,100,b9f0f3f0-e1e8-452a-b72a-c12ebcad4c3f,Snake3,73,12,1
83627644-9a0b-4ff9-ad52-c599c54d1ec4,100,450412a2-5ce0-44b1-ab22-318d5e8cb5a8,Snake4,74,10,1
83627644-9a0b-4ff9-ad52-c599c54d1ec4,100,2d94a571-90be-46d7-9c7f-1d3e4db4bd7b,Snake2,56,5,0
83627644-9a0b-4ff9-ad52-c599c54d1ec4,100,8068107f-be7e-4899-aba9-546b7b240b0b,Snake1,95,11,1
83627644-9a0b-4ff9-ad52-c599c54d1ec4,100,b9f0f3f0-e1e8-452a-b72a-c12ebcad4c3f,Snake3,73,12,1
83627644-9a0b-4ff9-ad52-c599c54d1ec4,100,450412a2-5ce0-44b1-ab22-318d5e8cb5a8,Snake4,74,10,1
83627644-9a0b-4ff9-ad52-c599c54d1ec4,100,2d94a571-90be-46d7-9c7f-1d3e4db4bd7b,Snake2,56,5,0
83627644-9a0b-4ff9-ad52-c599c54d1ec4,101,8068107f-be7e-4899-aba9-546b7b240b0b,Snake1,94,11,1
83627644-9a0b-4ff9-ad52-c599c54d1ec4,101,b9f0f3f0-e1e8-452a-b72a-c12ebcad4c3f,Snake3,72,12,1
83627644-9a0b-4ff9-ad52-c599c54d1ec4,101,450412a2-5ce0-44b1-ab22-318d5e8cb5a8,Snake4,73,10,1
83627644-9a0b-4ff9-ad52-c599c54d1ec4,101,2d94a571-90be-46d7-9c7f-1d3e4db4bd7b,Snake2,56,5,0
83627644-9a0b-4ff9-ad52-c599c54d1ec4,101,8068107f-be7e-4899-aba9-546b7b240b0b,Snake1,94,11,1
83627644-9a0b-4ff9-ad52-c599c54d1ec4,101,b9f0f3f0-e1e8-452a-b72a-c12ebcad4c3f,Snake3,72,12,1
83627644-9a0b-4ff9-ad52-c599c54d1ec4,101,450412a2-5ce0-44b1-ab22-318d5e8cb5a8,Snake4,73,10,1
83627644-9a0b-4ff9-ad52-c599c54d1ec4,101,2d94a571-90be-46d7-9c7f-1d3e4db4bd7b,Snake2,56,5,0
83627644-9a0b-4ff9-ad52-c599c54d1ec4,101,8068107f-be7e-4899-aba9-546b7b240b0b,Snake1,94,11,1
83627644-9a0b-4ff9-ad52-c599c54d1ec4,101,b9f0f3f0-e1e8-452a-b72a-c12ebcad4c3f,Snake3,72,12,1
83627644-9a0b-4ff9-ad52-c599c54d1ec4,101,450412a2-5ce0-44b1-ab22-318d5e8cb5a8,Snake4,73,10,1
83627644-9a0b-4ff9-ad52-c599c54d1ec4,101,2d94a571-90be-46d7-9c7f-1d3e4db4bd7b,Snake2,56,5,0
83627644-9a0b-4ff9-ad52-c599c54d1ec4,102,8068107f-be7e-4899-aba9-546b7b240b0b,Snake1,93,11,1
83627644-9a0b-4ff9-ad52-c599c54d1ec4,102,b9f0f3f0-e1e8-452a-b72a-c12ebcad4c3f,Snake3,71,12,1
83627644-9a0b-4ff9-ad52-c599c54d1ec4,102,450412a2-5ce0-44b1-ab22-318d5e8cb5a8,Snake4,72,10,1
83627644-9a0b-4ff9-ad52-c599c54d1ec4,102,2d94a571-90be-46d7-9c7f-1d3e4db4bd7b,Snake2,56,5,0
83627644-9a0b-4ff9-ad52-c599c54d1ec4,102,8068107f-be7e-4899-aba9-546b7b240b0b,Snake1,93,11,1
83627644-9a0b-4ff9-ad52-c599c54d1ec4,102,b9f0f3f0-e1e8-452a-b72a-c12ebcad4c3f,Snake3,71,12,1
83627644-9a0b-4ff9-ad52-c599c54d1ec4,102,450412a2-5ce0-44b1-ab22-318d5e8cb5a8,Snake4,72,10,1
83627644-9a0b-4ff9-ad52-c599c54d1ec4,102,2d94a571-90be-46d7-9c7f-1d3e4db4bd7b,Snake2,56,5,0
83627644-9a0b-4ff9-ad52-c599c54d1ec4,103,8068107f-be7e-4899-aba9-546b7b240b0b,Snake1,92,11,1
83627644-9a0b-4ff9-ad52-c599c54d1ec4,103,b9f0f3f0-e1e8-452a-b72a-c12ebcad4c3f,Snake3,70,12,1
83627644-9a0b-4ff9-ad52-c599c54d1ec4,103,450412a2-5ce0-44b1-ab22-318d5e8cb5a8,Snake4,71,10,1
83627644-9a0b-4ff9-ad52-c599c54d1ec4,103,2d94a571-90be-46d7-9c7f-1d3e4db4bd7b,Snake2,56,5,0
83627644-9a0b-4ff9-ad52-c599c54d1ec4,103,8068107f-be7e-4899-aba9-546b7b240b0b,Snake1,92,11,1
83627644-9a0b-4ff9-ad52-c599c54d1ec4,103,b9f0f3f0-e1e8-452a-b72a-c12ebcad4c3f,Snake3,70,12,1
83627644-9a0b-4ff9-ad52-c599c54d1ec4,103,450412a2-5ce0-44b1-ab22-318d5e8cb5a8,Snake4,71,10,1
83627644-9a0b-4ff9-ad52-c599c54d1ec4,103,2d94a571-90be-46d7-9c7f-1d3e4db4bd7b,Snake2,56,5,0
83627644-9a0b-4ff9-ad52-c599c54d1ec4,103,8068107f-be7e-4899-aba9-546b7b240b0b,Snake1,92,11,1
83627644-9a0b-4ff9-ad52-c599c54d1ec4,103,b9f0f3f0-e1e8-452a-b72a-c12ebcad4c3f,Snake3,70,12,1
83627644-9a0b-4ff9-ad52-c599c54d1ec4,103,450412a2-5ce0-44b1-ab22-318d5e8cb5a8,Snake4,71,10,1
83627644-9a0b-4ff9-ad52-c599c54d1ec4,103,2d94a571-90be-46d7-9c7f-1d3e4db4bd7b,Snake2,56,5,0
83627644-9a0b-4ff9-ad52-c599c54d1ec4,104,8068107f-be7e-4899-aba9-546b7b240b0b,Snake1,91,11,1
83627644-9a0b-4ff9-ad52-c599c54d1ec4,104,b9f0f3f0-e1e8-452a-b72a-c12ebcad4c3f,Snake3,69,12,1
83627644-9a0b-4ff9-ad52-c599c54d1ec4,104,450412a2-5ce0-44b1-ab22-318d5e8cb5a8,Snake4,70,10,1
83627644-9a0b-4ff9-ad52-c599c54d1ec4,104,2d94a571-90be-46d7-9c7f-1d3e4db4bd7b,Snake2,56,5,0
83627644-9a0b-4ff9-ad52-c599c54d1ec4,104,8068107f-be7e-4899-aba9-546b7b240b0b,Snake1,91,11,1
83627644-9a0b-4ff9-ad52-c599c54d1ec4,104,b9f0f3f0-e1e8-452a-b72a-c12ebcad4c3f,Snake3,69,12,1
83627644-9a0b-4ff9-ad52-c599c54d1ec4,104,450412a2-5ce0-44b1-ab22-318d5e8cb5a8,Snake4,70,10,1
83627644-9a0b-4ff9-ad52-c599c54d1ec4,104,2d94a571-90be-46d7-9c7f-1d3e4db4bd7b,Snake2,56,5,0
83627644-9a0b-4ff9-ad52-c599c54d1ec4,104,8068107f-be7e-4899-aba9-546b7b240b0b,Snake1,91,11,1
83627644-9a0b-4ff9-ad52-c599c54d1ec4,104,b9f0f3f0-e1e8-452a-b72a-c12ebcad4c3f,Snake3,69,12,1
83627644-9a0b-4ff9-ad52-c599c54d1ec4,104,450412a2-5ce0-44b1-ab22-318d5e8cb5a8,Snake4,70,10,1
83627644-9a0b-4ff9-ad52-c599c54d1ec4,104,2d94a571-90be-46d7-9c7f-1d3e4db4bd7b,Snake2,56,5,0
83627644-9a0b-4ff9-ad52-c599c54d1ec4,105,8068107f-be7e-4899-aba9-546b7b240b0b,Snake1,90,11,1
83627644-9a0b-4ff9-ad52-c599c54d1ec4,105,b9f0f3f0-e1e8-452a-b72a-c12ebcad4c3f,Snake3,68,12,1
83627644-9a0b-4ff9-ad52-c599c54d1ec4,105,450412a2-5ce0-44b1-ab22-318d5e8cb5a8,Snake4,69,10,1
83627644-9a0b-4ff9-ad52-c599c54d1ec4,105,2d94a571-90be-46d7-9c7f-1d3e4db4bd7b,Snake2,56,5,0
83627644-9a0b-4ff9-ad52-c599c54d1ec4,105,8068107f-be7e-4899-aba9-546b7b240b0b,Snake1,90,11,1
83627644-9a0b-4ff9-ad52-c599c54d1ec4,105,b9f0f3f0-e1e8-452a-b72a-c12ebcad4c3f,Snake3,68,12,1
83627644-9a0b-4ff9-ad52-c599c54d1ec4,105,450412a2-5ce0-44b1-ab22-318d5e8cb5a8,Snake4,69,10,1
83627644-9a0b-4ff9-ad52-c599c54d1ec4,105,2d94a571-90be-46d7-9c7f-1d3e4db4bd7b,Snake2,56,5,0
83627644-9a0b-4ff9-ad52-c599c54d1ec4,106,8068107f-be7e-4899-aba9-546b7b240b0b,Snake1,89,11,1
83627644-9a0b-4ff9-ad52-c599c54d1ec4,106,b9f0f3f0-e1e8-452a-b72a-c12ebcad4c3f,Snake3,67,12,1
83627644-9a0b-4ff9-ad52-c599c54d1ec4,106,450412a2-5ce0-44b1-ab22-318d5e8cb5a8,Snake4,68,10,1
83627644-9a0b-4ff9-ad52-c599c54d1ec4,106,2d94a571-90be-46d7-9c7f-1d3e4db4bd7b,Snake2,56,5,0
83627644-9a0b-4ff9-ad52-c599c54d1ec4,107,8068107f-be7e-4899-aba9-546b7b240b0b,Snake1,88,11,1
83627644-9a0b-4ff9-ad52-c599c54d1ec4,107,b9f0f3f0-e1e8-452a-b72a-c12ebcad4c3f,Snake3,66,12,1
83627644-9a0b-4ff9-ad52-c599c54d1ec4,107,450412a2-5ce0-44b1-ab22-318d5e8cb5a8,Snake4,67,10,1
83627644-9a0b-4ff9-ad52-c599c54d1ec4,107,2d94a571-90be-46d7-9c7f-1d3e4db4bd7b,Snake2,56,5,0
83627644-9a0b-4ff9-ad52-c599c54d1ec4,107,8068107f-be7e-4899-aba9-546b7b240b0b,Snake1,88,11,1
83627644-9a0b-4ff9-ad52-c599c54d1ec4,107,b9f0f3f0-e1e8-452a-b72a-c12ebcad4c3f,Snake3,66,12,1
83627644-9a0b-4ff9-ad52-c599c54d1ec4,107,450412a2-5ce0-44b1-ab22-318d5e8cb5a8,Snake4,67,10,1
83627644-9a0b-4ff9-ad52-c599c54d1ec4,107,2d94a571-90be-46d7-9c7f-1d3e4db4bd7b,Snake2,56,5,0
83627644-9a0b-4ff9-ad52-c599c54d1ec4,107,8068107f-be7e-4899-aba9-546b7b240b0b,Snake1,88,11,1
83627644-9a0b-4ff9-ad52-c599c54d1ec4,107,b9f0f3f0-e1e8-452a-b72a-c12ebcad4c3f,Snake3,66,12,1
83627644-9a0b-4ff9-ad52-c599c54d1ec4,107,450412a2-5ce0-44b1-ab22-318d5e8cb5a8,Snake4,67,10,1
83627644-9a0b-4ff9-ad52-c599c54d1ec4,107,2d94a571-90be-46d7-9c7f-1d3e4db4bd7b,Snake2,56,5,0
83627644-9a0b-4ff9-ad52-c599c54d1ec4,108,8068107f-be7e-4899-aba9-546b7b240b0b,Snake1,87,11,1
83627644-9a0b-4ff9-ad52-c599c54d1ec4,108,b9f0f3f0-e1e8-452a-b72a-c12ebcad4c3f,Snake3,65,12,1
83627644-9a0b-4ff9-ad52-c599c54d1ec4,108,450412a2-5ce0-44b1-ab22-318d5e8cb5a8,Snake4,66,10,1
83627644-9a0b-4ff9-ad52-c599c54d1ec4,108,2d94a571-90be-46d7-9c7f-1d3e4db4bd7b,Snake2,56,5,0
83627644-9a0b-4ff9-ad52-c599c54d1ec4,108,8068107f-be7e-4899-aba9-546b7b240b0b,Snake1,87,11,1
83627644-9a0b-4ff9-ad52-c599c54d1ec4,108,b9f0f3f0-e1e8-452a-b72a-c12ebcad4c3f,Snake3,65,12,1
83627644-9a0b-4ff9-ad52-c599c54d1ec4,108,450412a2-5ce0-44b1-ab22-318d5e8cb5a8,Snake4,66,10,1
83627644-9a0b-4ff9-ad52-c599c54d1ec4,108,2d94a571-90be-46d7-9c7f-1d3e4db4bd7b,Snake2,56,5,0
83627644-9a0b-4ff9-ad52-c599c54d1ec4,108,8068107f-be7e-4899-aba9-546b7b240b0b,Snake1,87,11,1
83627644-9a0b-4ff9-ad52-c599c54d1ec4,108,b9f0f3f0-e1e8-452a-b72a-c12ebcad4c3f,Snake3,65,12,1
83627644-9a0b-4ff9-ad52-c599c54d1ec4,108,450412a2-5ce0-44b1-ab22-318d5e8cb5a8,Snake4,66,10,1
83627644-9a0b-4ff9-ad52-c599c54d1ec4,108,2d94a571-90be-46d7-9c7f-1d3e4db4bd7b,Snake2,56,5,0
83627644-9a0b-4ff9-ad52-c599c54d1ec4,109,8068107f-be7e-4899-aba9-546b7b240b0b,Snake1,100,12,1
83627644-9a0b-4ff9-ad52-c599c54d1ec4,109,b9f0f3f0-e1e8-452a-b72a-c12ebcad4c3f,Snake3,64,12,1
83627644-9a0b-4ff9-ad52-c599c54d1ec4,109,450412a2-5ce0-44b1-ab22-318d5e8cb5a8,Snake4,65,10,1
83627644-9a0b-4ff9-ad52-c599c54d1ec4,109,2d94a571-90be-46d7-9c7f-1d3e4db4bd7b,Snake2,56,5,0
83627644-9a0b-4ff9-ad52-c599c54d1ec4,109,8068107f-be7e-4899-aba9-546b7b240b0b,Snake1,100,12,1
83627644-9a0b-4ff9-ad52-c599c54d1ec4,109,b9f0f3f0-e1e8-452a-b72a-c12ebcad4c3f,Snake3,64,12,1
83627644-9a0b-4ff9-ad52-c599c54d1ec4,109,450412a2-5ce0-44b1-ab22-318d5e8cb5a8,Snake4,65,10,1
83627644-9a0b-4ff9-ad52-c599c54d1ec4,109,2d94a571-90be-46d7-9c7f-1d3e4db4bd7b,Snake2,56,5,0
83627644-9a0b-4ff9-ad52-c599c54d1ec4,110,8068107f-be7e-4899-aba9-546b7b240b0b,Snake1,99,12,1
83627644-9a0b-4ff9-ad52-c599c54d1ec4,110,b9f0f3f0-e1e8-452a-b72a-c12ebcad4c3f,Snake3,63,12,1
83627644-9a0b-4ff9-ad52-c599c54d1ec4,110,450412a2-5ce0-44b1-ab22-318d5e8cb5a8,Snake4,64,10,1
83627644-9a0b-4ff9-ad52-c599c54d1ec4,110,2d94a571-90be-46d7-9c7f-1d3e4db4bd7b,Snake2,56,5,0
83627644-9a0b-4ff9-ad52-c599c54d1ec4,110,8068107f-be7e-4899-aba9-546b7b240b0b,Snake1,99,12,1
83627644-9a0b-4ff9-ad52-c599c54d1ec4,110,b9f0f3f0-e1e8-452a-b72a-c12ebcad4c3f,Snake3,63,12,1
83627644-9a0b-4ff9-ad52-c599c54d1ec4,110,450412a2-5ce0-44b1-ab22-318d5e8cb5a8,Snake4,64,10,1
83627644-9a0b-4ff9-ad52-c599c54d1ec4,110,2d94a571-90be-46d7-9c7f-1d3e4db4bd7b,Snake2,56,5,0
83627644-9a0b-4ff9-ad52-c599c54d1ec4,111,8068107f-be7e-4899-aba9-546b7b240b0b,Snake1,98,12,1
83627644-9a0b-4ff9-ad52-c599c54d1ec4,111,b9f0f3f0-e1e8-452a-b72a-c12ebcad4c3f,Snake3,100,13,1
83627644-9a0b-4ff9-ad52-c599c54d1ec4,111,450412a2-5ce0-44b1-ab22-318d5e8cb5a8,Snake4,63,10,1
83627644-9a0b-4ff9-ad52-c599c54d1ec4,111,2d94a571-90be-46d7-9c7f-1d3e4db4bd7b,Snake2,56,5,0
83627644-9a0b-4ff9-ad52-c599c54d1ec4,111,8068107f-be7e-4899-aba9-546b7b240b0b,Snake1,98,12,1
83627644-9a0b-4ff9-ad52-c599c54d1ec4,111,b9f0f3f0-e1e8-452a-b72a-c12ebcad4c3f,Snake3,100,13,1
83627644-9a0b-4ff9-ad52-c599c54d1ec4,111,450412a2-5ce0-44b1-ab22-318d5e8cb5a8,Snake4,63,10,1
83627644-9a0b-4ff9-ad52-c599c54d1ec4,111,2d94a571-90be-46d7-9c7f-1d3e4db4bd7b,Snake2,56,5,0
83627644-9a0b-4ff9-ad52-c599c54d1ec4,112,8068107f-be7e-4899-aba9-546b7b240b0b,Snake1,97,12,1
83627644-9a0b-4ff9-ad52-c599c54d1ec4,112,b9f0f3f0-e1e8-452a-b72a-c12ebcad4c3f,Snake3,99,13,1
83627644-9a0b-4ff9-ad52-c599c54d1ec4,112,450412a2-5ce0-44b1-ab22-318d5e8cb5a8,Snake4,62,10,1
83627644-9a0b-4ff9-ad52-c599c54d1ec4,112,2d94a571-90be-46d7-9c7f-1d3e4db4bd7b,Snake2,56,5,0
83627644-9a0b-4ff9-ad52-c599c54d1ec4,112,8068107f-be7e-4899-aba9-546b7b240b0b,Snake1,97,12,1
83627644-9a0b-4ff9-ad52-c599c54d1ec4,112,b9f0f3f0-e1e8-452a-b72a-c12ebcad4c3f,Snake3,99,13,1
83627644-9a0b-4ff9-ad52-c599c54d1ec4,112,450412a2-5ce0-44b1-ab22-318d5e8cb5a8,Snake4,62,10,1
83627644-9a0b-4ff9-ad52-c599c54d1ec4,112,2d94a571-90be-46d7-9c7f-1d3e4db4bd7b,Snake2,56,5,0
83627644-9a0b-4ff9-ad52-c599c54d1ec4,113,8068107f-be7e-4899-aba9-546b7b240b0b,Snake1,96,12,1
83627644-9a0b-4ff9-ad52-c599c54d1ec4,113,b9f0f3f0-e1e8-452a-b72a-c12ebcad4c3f,Snake3,98,13,1
83627644-9a0b-4ff9-ad52-c599c54d1ec4,113,450412a2-5ce0-44b1-ab22-318d5e8cb5a8,Snake4,61,10,1
83627644-9a0b-4ff9-ad52-c599c54d1ec4,113,2d94a571-90be-46d7-9c7f-1d3e4db4bd7b,Snake2,56,5,0
83627644-9a0b-4ff9-ad52-c599c54d1ec4,113,8068107f-be7e-4899-aba9-546b7b240b0b,Snake1,96,12,1
83627644-9a0b-4ff9-ad52-c599c54d1ec4,113,b9f0f3f0-e1e8-452a-b72a-c12ebcad4c3f,Snake3,98,13,1
83627644-9a0b-4ff9-ad52-c599c54d1ec4,113,450412a2-5ce0-44b1-ab22-318d5e8cb5a8,Snake4,61,10,1
83627644-9a0b-4ff9-ad52-c599c54d1ec4,113,2d94a571-90be-46d7-9c7f-1d3e4db4bd7b,Snake2,56,5,0
83627644-9a0b-4ff9-ad52-c599c54d1ec4,114,8068107f-be7e-4899-aba9-546b7b240b0b,Snake1,95,12,1
83627644-9a0b-4ff9-ad52-c599c54d1ec4,114,b9f0f3f0-e1e8-452a-b72a-c12ebcad4c3f,Snake3,97,13,1
83627644-9a0b-4ff9-ad52-c599c54d1ec4,114,450412a2-5ce0-44b1-ab22-318d5e8cb5a8,Snake4,60,10,1
83627644-9a0b-4ff9-ad52-c599c54d1ec4,114,2d94a571-90be-46d7-9c7f-1d3e4db4bd7b,Snake2,56,5,0
83627644-9a0b-4ff9-ad52-c599c54d1ec4,114,8068107f-be7e-4899-aba9-546b7b240b0b,Snake1,95,12,1
83627644-9a0b-4ff9-ad52-c599c54d1ec4,114,b9f0f3f0-e1e8-452a-b72a-c12ebcad4c3f,Snake3,97,13,1
83627644-9a0b-4ff9-ad52-c599c54d1ec4,114,450412a2-5ce0-44b1-ab22-318d5e8cb5a8,Snake4,60,10,1
83627644-9a0b-4ff9-ad52-c599c54d1ec4,114,2d94a571-90be-46d7-9c7f-1d3e4db4bd7b,Snake2,56,5,0
83627644-9a0b-4ff9-ad52-c599c54d1ec4,114,8068107f-be7e-4899-aba9-546b7b240b0b,Snake1,95,12,1
83627644-9a0b-4ff9-ad52-c599c54d1ec4,114,b9f0f3f0-e1e8-452a-b72a-c12ebcad4c3f,Snake3,97,13,1
83627644-9a0b-4ff9-ad52-c599c54d1ec4,114,450412a2-5ce0-44b1-ab22-318d5e8cb5a8,Snake4,60,10,1
83627644-9a0b-4ff9-ad52-c599c54d1ec4,114,2d94a571-90be-46d7-9c7f-1d3e4db4bd7b,Snake2,56,5,0
83627644-9a0b-4ff9-ad52-c599c54d1ec4,115,8068107f-be7e-4899-aba9-546b7b240b0b,Snake1,100,13,1
83627644-9a0b-4ff9-ad52-c599c54d1ec4,115,b9f0f3f0-e1e8-452a-b72a-c12ebcad4c3f,Snake3,96,13,1
83627644-9a0b-4ff9-ad52-c599c54d1ec4,115,450412a2-5ce0-44b1-ab22-318d5e8cb5a8,Snake4,59,10,1
83627644-9a0b-4ff9-ad52-c599c54d1ec4,115,2d94a571-90be-46d7-9c7f-1d3e4db4bd7b,Snake2,56,5,0
83627644-9a0b-4ff9-ad52-c599c54d1ec4,116,8068107f-be7e-4899-aba9-546b7b240b0b,Snake1,99,13,1
83627644-9a0b-4ff9-ad52-c599c54d1ec4,116,b9f0f3f0-e1e8-452a-b72a-c12ebcad4c3f,Snake3,95,13,1
83627644-9a0b-4ff9-ad52-c599c54d1ec4,116,450412a2-5ce0-44b1-ab22-318d5e8cb5a8,Snake4,58,10,1
83627644-9a0b-4ff9-ad52-c599c54d1ec4,116,2d94a571-90be-46d7-9c7f-1d3e4db4bd7b,Snake2,56,5,0
83627644-9a0b-4ff9-ad52-c599c54d1ec4,116,8068107f-be7e-4899-aba9-546b7b240b0b,Snake1,99,13,1
83627644-9a0b-4ff9-ad52-c599c54d1ec4,116,b9f0f3f0-e1e8-452a-b72a-c12ebcad4c3f,Snake3,95,13,1
83627644-9a0b-4ff9-ad52-c599c54d1ec4,116,450412a2-5ce0-44b1-ab22-318d5e8cb5a8,Snake4,58,10,1
83627644-9a0b-4ff9-ad52-c599c54d1ec4,116,2d94a571-90be-46d7-9c7f-1d3e4db4bd7b,Snake2,56,5,0
83627644-9a0b-4ff9-ad52-c599c54d1ec4,117,8068107f-be7e-4899-aba9-546b7b240b0b,Snake1,98,13,1
83627644-9a0b-4ff9-ad52-c599c54d1ec4,117,b9f0f3f0-e1e8-452a-b72a-c12ebcad4c3f,Snake3,94,13,1
83627644-9a0b-4ff9-ad52-c599c54d1ec4,117,450412a2-5ce0-44b1-ab22-318d5e8cb5a8,Snake4,57,10,1
83627644-9a0b-4ff9-ad52-c599c54d1ec4,117,2d94a571-90be-46d7-9c7f-1d3e4db4bd7b,Snake2,56,5,0
83627644-9a0b-4ff9-ad52-c599c54d1ec4,117,8068107f-be7e-4899-aba9-546b7b240b0b,Snake1,98,13,1
83627644-9a0b-4ff9-ad52-c599c54d1ec4,117,b9f0f3f0-e1e8-452a-b72a-c12ebcad4c3f,Snake3,94,13,1
83627644-9a0b-4ff9-ad52-c599c54d1ec4,117,450412a2-5ce0-44b1-ab22-318d5e8cb5a8,Snake4,57,10,1
83627644-9a0b-4ff9-ad52-c599c54d1ec4,117,2d94a571-90be-46d7-9c7f-1d3e4db4bd7b,Snake2,56,5,0
83627644-9a0b-4ff9-ad52-c599c54d1ec4,118,8068107f-be7e-4899-aba9-546b7b240b0b,Snake1,97,13,1
83627644-9a0b-4ff9-ad52-c599c54d1ec4,118,b9f0f3f0-e1e8-452a-b72a-c12ebcad4c3f,Snake3,93,13,1
83627644-9a0b-4ff9-ad52-c599c54d1ec4,118,450412a2-5ce0-44b1-ab22-318d5e8cb5a8,Snake4,56,10,1
83627644-9a0b-4ff9-ad52-c599c54d1ec4,118,2d94a571-90be-46d7-9c7f-1d3e4db4bd7b,Snake2,56,5,0
83627644-9a0b-4ff9-ad52-c599c54d1ec4,118,8068107f-be7e-4899-aba9-546b7b240b0b,Snake1,97,13,1
83627644-9a0b-4ff9-ad52-c599c54d1ec4,118,b9f0f3f0-e1e8-452a-b72a-c12ebcad4c3f,Snake3,93,13,1
83627644-9a0b-4ff9-ad52-c599c54d1ec4,118,450412a2-5ce0-44b1-ab22-318d5e8cb5a8,Snake4,56,10,1
83627644-9a0b-4ff9-ad52-c599c54d1ec4,118,2d94a571-90be-46d7-9c7f-1d3e4db4bd7b,Snake2,56,5,0
83627644-9a0b-4ff9-ad52-c599c54d1ec4,118,8068107f-be7e-4899-aba9-546b7b240b0b,Snake1,97,13,1
83627644-9a0b-4ff9-ad52-c599c54d1ec4,118,b9f0f3f0-e1e8-452a-b72a-c12ebcad4c3f,Snake3,93,13,1
83627644-9a0b-4ff9-ad52-c599c54d1ec4,118,450412a2-5ce0-44b1-ab22-318d5e8cb5a8,Snake4,56,10,1
83627644-9a0b-4ff9-ad52-c599c54d1ec4,118,2d94a571-90be-46d7-9c7f-1d3e4db4bd7b,Snake2,56,5,0
83627644-9a0b-4ff9-ad52-c599c54d1ec4,119,8068107f-be7e-4899-aba9-546b7b240b0b,Snake1,96,13,1
83627644-9a0b-4ff9-ad52-c599c54d1ec4,119,b9f0f3f0-e1e8-452a-b72a-c12ebcad4c3f,Snake3,92,13,1
83627644-9a0b-4ff9-ad52-c599c54d1ec4,119,450412a2-5ce0-44b1-ab22-318d5e8cb5a8,Snake4,55,10,1
83627644-9a0b-4ff9-ad52-c599c54d1ec4,119,2d94a571-90be-46d7-9c7f-1d3e4db4bd7b,Snake2,56,5,0
83627644-9a0b-4ff9-ad52-c599c54d1ec4,119,8068107f-be7e-4899-aba9-546b7b240b0b,Snake1,96,13,1
83627644-9a0b-4ff9-ad52-c599c54d1ec4,119,b9f0f3f0-e1e8-452a-b72a-c12ebcad4c3f,Snake3,92,13,1
83627644-9a0b-4ff9-ad52-c599c54d1ec4,119,450412a2-5ce0-44b1-ab22-318d5e8cb5a8,Snake4,55,10,1
83627644-9a0b-4ff9-ad52-c599c54d1ec4,119,2d94a571-90be-46d7-9c7f-1d3e4db4bd7b,Snake2,56,5,0
83627644-9a0b-4ff9-ad52-c599c54d1ec4,119,8068107f-be7e-4899-aba9-546b7b240b0b,Snake1,96,13,1
83627644-9a0b-4ff9-ad52-c599c54d1ec4,119,b9f0f3f0-e1e8-452a-b72a-c12ebcad4c3f,Snake3,92,13,1
83627644-9a0b-4ff9-ad52-c599c54d1ec4,119,450412a2-5ce0-44b1-ab22-318d5e8cb5a8,Snake4,55,10,1
83627644-9a0b-4ff9-ad52-c599c54d1ec4,119,2d94a571-90be-46d7-9c7f-1d3e4db4bd7b,Snake2,56,5,0
83627644-9a0b-4ff9-ad52-c599c54d1ec4,120,8068107f-be7e-4899-aba9-546b7b240b0b,Snake1,95,13,1
83627644-9a0b-4ff9-ad52-c599c54d1ec4,120,b9f0f3f0-e1e8-452a-b72a-c12ebcad4c3f,Snake3,91,13,1
83627644-9a0b-4ff9-ad52-c599c54d1ec4,120,2d94a571-90be-46d7-9c7f-1d3e4db4bd7b,Snake2,56,5,0
83627644-9a0b-4ff9-ad52-c599c54d1ec4,120,450412a2-5ce0-44b1-ab22-318d5e8cb5a8,Snake4,55,10,0
83627644-9a0b-4ff9-ad52-c599c54d1ec4,120,8068107f-be7e-4899-aba9-546b7b240b0b,Snake1,95,13,1
83627644-9a0b-4ff9-ad52-c599c54d1ec4,120,b9f0f3f0-e1e8-452a-b72a-c12ebcad4c3f,Snake3,91,13,1
83627644-9a0b-4ff9-ad52-c599c54d1ec4,120,2d94a571-90be-46d7-9c7f-1d3e4db4bd7b,Snake2,56,5,0
83627644-9a0b-4ff9-ad52-c599c54d1ec4,120,450412a2-5ce0-44b1-ab22-318d5e8cb5a8,Snake4,55,10,0
83627644-9a0b-4ff9-ad52-c599c54d1ec4,121,8068107f-be7e-4899-aba9-546b7b240b0b,Snake1,94,13,1
83627644-9a0b-4ff9-ad52-c599c54d1ec4,121,b9f0f3f0-e1e8-452a-b72a-c12ebcad4c3f,Snake3,90,13,1
83627644-9a0b-4ff9-ad52-c599c54d1ec4,121,2d94a571-90be-46d7-9c7f-1d3e4db4bd7b,Snake2,56,5,0
83627644-9a0b-4ff9-ad52-c599c54d1ec4,121,450412a2-5ce0-44b1-ab22-318d5e8cb5a8,Snake4,55,10,0
83627644-9a0b-4ff9-ad52-c599c54d1ec4,121,8068107f-be7e-4899-aba9-546b7b240b0b,Snake1,94,13,1
83627644-9a0b-4ff9-ad52-c599c54d1ec4,121,b9f0f3f0-e1e8-452a-b72a-c12ebcad4c3f,Snake3,90,13,1
83627644-9a0b-4ff9-ad52-c599c54d1ec4,121,2d94a571-90be-46d7-9c7f-1d3e4db4bd7b,Snake2,56,5,0
83627644-9a0b-4ff9-ad52-c599c54d1ec4,121,450412a2-5ce0-44b1-ab22-318d5e8cb5a8,Snake4,55,10,0
83627644-9a0b-4ff9-ad52-c599c54d1ec4,122,8068107f-be7e-4899-aba9-546b7b240b0b,Snake1,93,13,1
83627644-9a0b-4ff9-ad52-c599c54d1ec4,122,b9f0f3f0-e1e8-452a-b72a-c12ebcad4c3f,Snake3,89,13,1
83627644-9a0b-4ff9-ad52-c599c54d1ec4,122,2d94a571-90be-46d7-9c7f-1d3e4db4bd7b,Snake2,56,5,0
83627644-9a0b-4ff9-ad52-c599c54d1ec4,122,450412a2-5ce0-44b1-ab22-318d5e8cb5a8,Snake4,55,10,0
83627644-9a0b-4ff9-ad52-c599c54d1ec4,122,8068107f-be7e-4899-aba9-546b7b240b0b,Snake1,93,13,1
83627644-9a0b-4ff9-ad52-c599c54d1ec4,122,b9f0f3f0-e1e8-452a-b72a-c12ebcad4c3f,Snake3,89,13,1
83627644-9a0b-4ff9-ad52-c599c54d1ec4,122,2d94a571-90be-46d7-9c7f-1d3e4db4bd7b,Snake2,56,5,0
83627644-9a0b-4ff9-ad52-c599c54d1ec4,122,450412a2-5ce0-44b1-ab22-318d5e8cb5a8,Snake4,55,10,0
83627644-9a0b-4ff9-ad52-c599c54d1ec4,123,8068107f-be7e-4899-aba9-546b7b240b0b,Snake1,92,13,1
83627644-9a0b-4ff9-ad52-c599c54d1ec4,123,b9f0f3f0-e1e8-452a-b72a-c12ebcad4c3f,Snake3,88,13,1
83627644-9a0b-4ff9-ad52-c599c54d1ec4,123,2d94a571-90be-46d7-9c7f-1d3e4db4bd7b,Snake2,56,5,0
83627644-9a0b-4ff9-ad52-c599c54d1ec4,123,450412a2-5ce0-44b1-ab22-318d5e8cb5a8,Snake4,55,10,0
83627644-9a0b-4ff9-ad52-c599c54d1ec4,123,8068107f-be7e-4899-aba9-546b7b240b0b,Snake1,92,13,1
83627644-9a0b-4ff9-ad52-c599c54d1ec4,123,b9f0f3f0-e1e8-452a-b72a-c12ebcad4c3f,Snake3,88,13,1
83627644-9a0b-4ff9-ad52-c599c54d1ec4,123,2d94a571-90be-46d7-9c7f-1d3e4db4bd7b,Snake2,56,5,0
83627644-9a0b-4ff9-ad52-c599c54d1ec4,123,450412a2-5ce0-44b1-ab22-318d5e8cb5a8,Snake4,55,10,0
83627644-9a0b-4ff9-ad52-c599c54d1ec4,124,8068107f-be7e-4899-aba9-546b7b240b0b,Snake1,91,13,1
83627644-9a0b-4ff9-ad52-c599c54d1ec4,124,b9f0f3f0-e1e8-452a-b72a-c12ebcad4c3f,Snake3,87,13,1
83627644-9a0b-4ff9-ad52-c599c54d1ec4,124,2d94a571-90be-46d7-9c7f-1d3e4db4bd7b,Snake2,56,5,0
83627644-9a0b-4ff9-ad52-c599c54d1ec4,124,450412a2-5ce0-44b1-ab22-318d5e8cb5a8,Snake4,55,10,0
83627644-9a0b-4ff9-ad52-c599c54d1ec4,124,8068107f-be7e-4899-aba9-546b7b240b0b,Snake1,91,13,1
83627644-9a0b-4ff9-ad52-c599c54d1ec4,124,b9f0f3f0-e1e8-452a-b72a-c12ebcad4c3f,Snake3,87,13,1
83627644-9a0b-4ff9-ad52-c599c54d1ec4,124,2d94a571-90be-46d7-9c7f-1d3e4db4bd7b,Snake2,56,5,0
83627644-9a0b-4ff9-ad52-c599c54d1ec4,124,450412a2-5ce0-44b1-ab22-318d5e8cb5a8,Snake4,55,10,0
83627644-9a0b-4ff9-ad52-c599c54d1ec4,125,8068107f-be7e-4899-aba9-546b7b240b0b,Snake1,90,13,1
83627644-9a0b-4ff9-ad52-c599c54d1ec4,125,b9f0f3f0-e1e8-452a-b72a-c12ebcad4c3f,Snake3,100,14,1
83627644-9a0b-4ff9-ad52-c599c54d1ec4,125,2d94a571-90be-46d7-9c7f-1d3e4db4bd7b,Snake2,56,5,0
83627644-9a0b-4ff9-ad52-c599c54d1ec4,125,450412a2-5ce0-44b1-ab22-318d5e8cb5a8,Snake4,55,10,0
83627644-9a0b-4ff9-ad52-c599c54d1ec4,126,8068107f-be7e-4899-aba9-546b7b240b0b,Snake1,89,13,1
83627644-9a0b-4ff9-ad52-c599c54d1ec4,126,b9f0f3f0-e1e8-452a-b72a-c12ebcad4c3f,Snake3,99,14,1
83627644-9a0b-4ff9-ad52-c599c54d1ec4,126,2d94a571-90be-46d7-9c7f-1d3e4db4bd7b,Snake2,56,5,0
83627644-9a0b-4ff9-ad52-c599c54d1ec4,126,450412a2-5ce0-44b1-ab22-318d5e8cb5a8,Snake4,55,10,0
83627644-9a0b-4ff9-ad52-c599c54d1ec4,127,8068107f-be7e-4899-aba9-546b7b240b0b,Snake1,88,13,1
83627644-9a0b-4ff9-ad52-c599c54d1ec4,127,b9f0f3f0-e1e8-452a-b72a-c12ebcad4c3f,Snake3,98,14,1
83627644-9a0b-4ff9-ad52-c599c54d1ec4,127,2d94a571-90be-46d7-9c7f-1d3e4db4bd7b,Snake2,56,5,0
83627644-9a0b-4ff9-ad52-c599c54d1ec4,127,450412a2-5ce0-44b1-ab22-318d5e8cb5a8,Snake4,55,10,0
83627644-9a0b-4ff9-ad52-c599c54d1ec4,128,8068107f-be7e-4899-aba9-546b7b240b0b,Snake1,87,13,1
83627644-9a0b-4ff9-ad52-c599c54d1ec4,128,b9f0f3f0-e1e8-452a-b72a-c12ebcad4c3f,Snake3,97,14,1
83627644-9a0b-4ff9-ad52-c599c54d1ec4,128,2d94a571-90be-46d7-9c7f-1d3e4db4bd7b,Snake2,56,5,0
83627644-9a0b-4ff9-ad52-c599c54d1ec4,128,450412a2-5ce0-44b1-ab22-318d5e8cb5a8,Snake4,55,10,0
83627644-9a0b-4ff9-ad52-c599c54d1ec4,128,8068107f-be7e-4899-aba9-546b7b240b0b,Snake1,87,13,1
83627644-9a0b-4ff9-ad52-c599c54d1ec4,128,b9f0f3f0-e1e8-452a-b72a-c12ebcad4c3f,Snake3,97,14,1
83627644-9a0b-4ff9-ad52-c599c54d1ec4,128,2d94a571-90be-46d7-9c7f-1d3e4db4bd7b,Snake2,56,5,0
83627644-9a0b-4ff9-ad52-c599c54d1ec4,128,450412a2-5ce0-44b1-ab22-318d5e8cb5a8,Snake4,55,10,0
83627644-9a0b-4ff9-ad52-c599c54d1ec4,129,8068107f-be7e-4899-aba9-546b7b240b0b,Snake1,86,13,1
83627644-9a0b-4ff9-ad52-c599c54d1ec4,129,b9f0f3f0-e1e8-452a-b72a-c12ebcad4c3f,Snake3,96,14,1
83627644-9a0b-4ff9-ad52-c599c54d1ec4,129,2d94a571-90be-46d7-9c7f-1d3e4db4bd7b,Snake2,56,5,0
83627644-9a0b-4ff9-ad52-c599c54d1ec4,129,450412a2-5ce0-44b1-ab22-318d5e8cb5a8,Snake4,55,10,0
83627644-9a0b-4ff9-ad52-c599c54d1ec4,129,8068107f-be7e-4899-aba9-546b7b240b0b,Snake1,86,13,1
83627644-9a0b-4ff9-ad52-c599c54d1ec4,129,b9f0f3f0-e1e8-452a-b72a-c12ebcad4c3f,Snake3,96,14,1
83627644-9a0b-4ff9-ad52-c599c54d1ec4,129,2d94a571-90be-46d7-9c7f-1d3e4db4bd7b,Snake2,56,5,0
83627644-9a0b-4ff9-ad52-c599c54d1ec4,129,450412a2-5ce0-44b1-ab22-318d5e8cb5a8,Snake4,55,10,0
83627644-9a0b-4ff9-ad52-c599c54d1ec4,130,8068107f-be7e-4899-aba9-546b7b240b0b,Snake1,85,13,1
83627644-9a0b-4ff9-ad52-c599c54d1ec4,130,b9f0f3f0-e1e8-452a-b72a-c12ebcad4c3f,Snake3,95,14,1
83627644-9a0b-4ff9-ad52-c599c54d1ec4,130,2d94a571-90be-46d7-9c7f-1d3e4db4bd7b,Snake2,56,5,0
83627644-9a0b-4ff9-ad52-c599c54d1ec4,130,450412a2-5ce0-44b1-ab22-318d5e8cb5a8,Snake4,55,10,0
83627644-9a0b-4ff9-ad52-c599c54d1ec4,131,8068107f-be7e-4899-aba9-546b7b240b0b,Snake1,84,13,1
83627644-9a0b-4ff9-ad52-c599c54d1ec4,131,b9f0f3f0-e1e8-452a-b72a-c12ebcad4c3f,Snake3,94,14,1
83627644-9a0b-4ff9-ad52-c599c54d1ec4,131,2d94a571-90be-46d7-9c7f-1d3e4db4bd7b,Snake2,56,5,0
83627644-9a0b-4ff9-ad52-c599c54d1ec4,131,450412a2-5ce0-44b1-ab22-318d5e8cb5a8,Snake4,55,10,0
83627644-9a0b-4ff9-ad52-c599c54d1ec4,131,8068107f-be7e-4899-aba9-546b7b240b0b,Snake1,84,13,1
83627644-9a0b-4ff9-ad52-c599c54d1ec4,131,b9f0f3f0-e1e8-452a-b72a-c12ebcad4c3f,Snake3,94,14,1
83627644-9a0b-4ff9-ad52-c599c54d1ec4,131,2d94a571-90be-46d7-9c7f-1d3e4db4bd7b,Snake2,56,5,0
83627644-9a0b-4ff9-ad52-c599c54d1ec4,131,450412a2-5ce0-44b1-ab22-318d5e8cb5a8,Snake4,55,10,0
83627644-9a0b-4ff9-ad52-c599c54d1ec4,132,8068107f-be7e-4899-aba9-546b7b240b0b,Snake1,83,13,1
83627644-9a0b-4ff9-ad52-c599c54d1ec4,132,b9f0f3f0-e1e8-452a-b72a-c12ebcad4c3f,Snake3,93,14,1
83627644-9a0b-4ff9-ad52-c599c54d1ec4,132,2d94a571-90be-46d7-9c7f-1d3e4db4bd7b,Snake2,56,5,0
83627644-9a0b-4ff9-ad52-c599c54d1ec4,132,450412a2-5ce0-44b1-ab22-318d5e8cb5a8,Snake4,55,10,0
83627644-9a0b-4ff9-ad52-c599c54d1ec4,133,8068107f-be7e-4899-aba9-546b7b240b0b,Snake1,82,13,1
83627644-9a0b-4ff9-ad52-c599c54d1ec4,133,b9f0f3f0-e1e8-452a-b72a-c12ebcad4c3f,Snake3,100,15,1
83627644-9a0b-4ff9-ad52-c599c54d1ec4,133,2d94a571-90be-46d7-9c7f-1d3e4db4bd7b,Snake2,56,5,0
83627644-9a0b-4ff9-ad52-c599c54d1ec4,133,450412a2-5ce0-44b1-ab22-318d5e8cb5a8,Snake4,55,10,0
83627644-9a0b-4ff9-ad52-c599c54d1ec4,133,8068107f-be7e-4899-aba9-546b7b240b0b,Snake1,82,13,1
83627644-9a0b-4ff9-ad52-c599c54d1ec4,133,b9f0f3f0-e1e8-452a-b72a-c12ebcad4c3f,Snake3,100,15,1
83627644-9a0b-4ff9-ad52-c599c54d1ec4,133,2d94a571-90be-46d7-9c7f-1d3e4db4bd7b,Snake2,56,5,0
83627644-9a0b-4ff9-ad52-c599c54d1ec4,133,450412a2-5ce0-44b1-ab22-318d5e8cb5a8,Snake4,55,10,0
83627644-9a0b-4ff9-ad52-c599c54d1ec4,134,8068107f-be7e-4899-aba9-546b7b240b0b,Snake1,100,14,1
83627644-9a0b-4ff9-ad52-c599c54d1ec4,134,b9f0f3f0-e1e8-452a-b72a-c12ebcad4c3f,Snake3,99,15,1
83627644-9a0b-4ff9-ad52-c599c54d1ec4,134,2d94a571-90be-46d7-9c7f-1d3e4db4bd7b,Snake2,56,5,0
83627644-9a0b-4ff9-ad52-c599c54d1ec4,134,450412a2-5ce0-44b1-ab22-318d5e8cb5a8,Snake4,55,10,0
83627644-9a0b-4ff9-ad52-c599c54d1ec4,134,8068107f-be7e-4899-aba9-546b7b240b0b,Snake1,100,14,1
83627644-9a0b-4ff9-ad52-c599c54d1ec4,134,b9f0f3f0-e1e8-452a-b72a-c12ebcad4c3f,Snake3,99,15,1
83627644-9a0b-4ff9-ad52-c599c54d1ec4,134,2d94a571-90be-46d7-9c7f-1d3e4db4bd7b,Snake2,56,5,0
83627644-9a0b-4ff9-ad52-c599c54d1ec4,134,450412a2-5ce0-44b1-ab22-318d5e8cb5a8,Snake4,55,10,0
83627644-9a0b-4ff9-ad52-c599c54d1ec4,135,8068107f-be7e-4899-aba9-546b7b240b0b,Snake1,99,14,1
83627644-9a0b-4ff9-ad52-c599c54d1ec4,135,b9f0f3f0-e1e8-452a-b72a-c12ebcad4c3f,Snake3,98,15,1
83627644-9a0b-4ff9-ad52-c599c54d1ec4,135,2d94a571-90be-46d7-9c7f-1d3e4db4bd7b,Snake2,56,5,0
83627644-9a0b-4ff9-ad52-c599c54d1ec4,135,450412a2-5ce0-44b1-ab22-318d5e8cb5a8,Snake4,55,10,0
83627644-9a0b-4ff9-ad52-c599c54d1ec4,135,8068107f-be7e-4899-aba9-546b7b240b0b,Snake1,99,14,1
83627644-9a0b-4ff9-ad52-c599c54d1ec4,135,b9f0f3f0-e1e8-452a-b72a-c12ebcad4c3f,Snake3,98,15,1
83627644-9a0b-4ff9-ad52-c599c54d1ec4,135,2d94a571-90be-46d7-9c7f-1d3e4db4bd7b,Snake2,56,5,0
83627644-9a0b-4ff9-ad52-c599c54d1ec4,135,450412a2-5ce0-44b1-ab22-318d5e8cb5a8,Snake4,55,10,0
83627644-9a0b-4ff9-ad52-c599c54d1ec4,136,8068107f-be7e-4899-aba9-546b7b240b0b,Snake1,98,14,1
83627644-9a0b-4ff9-ad52-c599c54d1ec4,136,b9f0f3f0-e1e8-452a-b72a-c12ebcad4c3f,Snake3,97,15,1
83627644-9a0b-4ff9-ad52-c599c54d1ec4,136,2d94a571-90be-46d7-9c7f-1d3e4db4bd7b,Snake2,56,5,0
83627644-9a0b-4ff9-ad52-c599c54d1ec4,136,450412a2-5ce0-44b1-ab22-318d5e8cb5a8,Snake4,55,10,0
83627644-9a0b-4ff9-ad52-c599c54d1ec4,136,8068107f-be7e-4899-aba9-546b7b240b0b,Snake1,98,14,1
83627644-9a0b-4ff9-ad52-c599c54d1ec4,136,b9f0f3f0-e1e8-452a-b72a-c12ebcad4c3f,Snake3,97,15,1
83627644-9a0b-4ff9-ad52-c599c54d1ec4,136,2d94a571-90be-46d7-9c7f-1d3e4db4bd7b,Snake2,56,5,0
83627644-9a0b-4ff9-ad52-c599c54d1ec4,136,450412a2-5ce0-44b1-ab22-318d5e8cb5a8,Snake4,55,10,0
83627644-9a0b-4ff9-ad52-c599c54d1ec4,137,8068107f-be7e-4899-aba9-546b7b240b0b,Snake1,97,14,1
83627644-9a0b-4ff9-ad52-c599c54d1ec4,137,b9f0f3f0-e1e8-452a-b72a-c12ebcad4c3f,Snake3,96,15,1
83627644-9a0b-4ff9-ad52-c599c54d1ec4,137,2d94a571-90be-46d7-9c7f-1d3e4db4bd7b,Snake2,56,5,0
83627644-9a0b-4ff9-ad52-c599c54d1ec4,137,450412a2-5ce0-44b1-ab22-318d5e8cb5a8,Snake4,55,10,0
83627644-9a0b-4ff9-ad52-c599c54d1ec4,138,8068107f-be7e-4899-aba9-546b7b240b0b,Snake1,96,14,1
83627644-9a0b-4ff9-ad52-c599c54d1ec4,138,b9f0f3f0-e1e8-452a-b72a-c12ebcad4c3f,Snake3,95,15,1
83627644-9a0b-4ff9-ad52-c599c54d1ec4,138,2d94a571-90be-46d7-9c7f-1d3e4db4bd7b,Snake2,56,5,0
83627644-9a0b-4ff9-ad52-c599c54d1ec4,138,450412a2-5ce0-44b1-ab22-318d5e8cb5a8,Snake4,55,10,0
83627644-9a0b-4ff9-ad52-c599c54d1ec4,138,8068107f-be7e-4899-aba9-546b7b240b0b,Snake1,96,14,1
83627644-9a0b-4ff9-ad52-c599c54d1ec4,138,b9f0f3f0-e1e8-452a-b72a-c12ebcad4c3f,Snake3,95,15,1
83627644-9a0b-4ff9-ad52-c599c54d1ec4,138,2d94a571-90be-46d7-9c7f-1d3e4db4bd7b,Snake2,56,5,0
83627644-9a0b-4ff9-ad52-c599c54d1ec4,138,450412a2-5ce0-44b1-ab22-318d5e8cb5a8,Snake4,55,10,0
83627644-9a0b-4ff9-ad52-c599c54d1ec4,139,8068107f-be7e-4899-aba9-546b7b240b0b,Snake1,95,14,1
83627644-9a0b-4ff9-ad52-c599c54d1ec4,139,b9f0f3f0-e1e8-452a-b72a-c12ebcad4c3f,Snake3,94,15,1
83627644-9a0b-4ff9-ad52-c599c54d1ec4,139,2d94a571-90be-46d7-9c7f-1d3e4db4bd7b,Snake2,56,5,0
83627644-9a0b-4ff9-ad52-c599c54d1ec4,139,450412a2-5ce0-44b1-ab22-318d5e8cb5a8,Snake4,55,10,0
83627644-9a0b-4ff9-ad52-c599c54d1ec4,139,8068107f-be7e-4899-aba9-546b7b240b0b,Snake1,95,14,1
83627644-9a0b-4ff9-ad52-c599c54d1ec4,139,b9f0f3f0-e1e8-452a-b72a-c12ebcad4c3f,Snake3,94,15,1
83627644-9a0b-4ff9-ad52-c599c54d1ec4,139,2d94a571-90be-46d7-9c7f-1d3e4db4bd7b,Snake2,56,5,0
83627644-9a0b-4ff9-ad52-c599c54d1ec4,139,450412a2-5ce0-44b1-ab22-318d5e8cb5a8,Snake4,55,10,0
83627644-9a0b-4ff9-ad52-c599c54d1ec4,140,8068107f-be7e-4899-aba9-546b7b240b0b,Snake1,94,14,1
83627644-9a0b-4ff9-ad52-c599c54d1ec4,140,b9f0f3f0-e1e8-452a-b72a-c12ebcad4c3f,Snake3,93,15,1
83627644-9a0b-4ff9-ad52-c599c54d1ec4,140,2d94a571-90be-46d7-9c7f-1d3e4db4bd7b,Snake2,56,5,0
83627644-9a0b-4ff9-ad52-c599c54d1ec4,140,450412a2-5ce0-44b1-ab22-318d5e8cb5a8,Snake4,55,10,0
83627644-9a0b-4ff9-ad52-c599c54d1ec4,141,8068107f-be7e-4899-aba9-546b7b240b0b,Snake1,93,14,1
83627644-9a0b-4ff9-ad52-c599c54d1ec4,141,b9f0f3f0-e1e8-452a-b72a-c12ebcad4c3f,Snake3,92,15,1
83627644-9a0b-4ff9-ad52-c599c54d1ec4,141,2d94a571-90be-46d7-9c7f-1d3e4db4bd7b,Snake2,56,5,0
83627644-9a0b-4ff9-ad52-c599c54d1ec4,141,450412a2-5ce0-44b1-ab22-318d5e8cb5a8,Snake4,55,10,0
83627644-9a0b-4ff9-ad52-c599c54d1ec4,141,8068107f-be7e-4899-aba9-546b7b240b0b,Snake1,93,14,1
83627644-9a0b-4ff9-ad52-c599c54d1ec4,141,b9f0f3f0-e1e8-452a-b72a-c12ebcad4c3f,Snake3,92,15,1
83627644-9a0b-4ff9-ad52-c599c54d1ec4,141,2d94a571-90be-46d7-9c7f-1d3e4db4bd7b,Snake2,56,5,0
83627644-9a0b-4ff9-ad52-c599c54d1ec4,141,450412a2-5ce0-44b1-ab22-318d5e8cb5a8,Snake4,55,10,0
83627644-9a0b-4ff9-ad52-c599c54d1ec4,142,8068107f-be7e-4899-aba9-546b7b240b0b,Snake1,92,14,1
83627644-9a0b-4ff9-ad52-c599c54d1ec4,142,b9f0f3f0-e1e8-452a-b72a-c12ebcad4c3f,Snake3,100,16,1
83627644-9a0b-4ff9-ad52-c599c54d1ec4,142,2d94a571-90be-46d7-9c7f-1d3e4db4bd7b,Snake2,56,5,0
83627644-9a0b-4ff9-ad52-c599c54d1ec4,142,450412a2-5ce0-44b1-ab22-318d5e8cb5a8,Snake4,55,10,0
83627644-9a0b-4ff9-ad52-c599c54d1ec4,142,8068107f-be7e-4899-aba9-546b7b240b0b,Snake1,92,14,1
83627644-9a0b-4ff9-ad52-c599c54d1ec4,142,b9f0f3f0-e1e8-452a-b72a-c12ebcad4c3f,Snake3,100,16,1
83627644-9a0b-4ff9-ad52-c599c54d1ec4,142,2d94a571-90be-46d7-9c7f-1d3e4db4bd7b,Snake2,56,5,0
83627644-9a0b-4ff9-ad52-c599c54d1ec4,142,450412a2-5ce0-44b1-ab22-318d5e8cb5a8,Snake4,55,10,0
83627644-9a0b-4ff9-ad52-c599c54d1ec4,143,8068107f-be7e-4899-aba9-546b7b240b0b,Snake1,100,15,1
83627644-9a0b-4ff9-ad52-c599c54d1ec4,143,b9f0f3f0-e1e8-452a-b72a-c12ebcad4c3f,Snake3,99,16,1
83627644-9a0b-4ff9-ad52-c599c54d1ec4,143,2d94a571-90be-46d7-9c7f-1d3e4db4bd7b,Snake2,56,5,0
83627644-9a0b-4ff9-ad52-c599c54d1ec4,143,450412a2-5ce0-44b1-ab22-318d5e8cb5a8,Snake4,55,10,0
83627644-9a0b-4ff9-ad52-c599c54d1ec4,144,8068107f-be7e-4899-aba9-546b7b240b0b,Snake1,99,15,1
83627644-9a0b-4ff9-ad52-c599c54d1ec4,144,b9f0f3f0-e1e8-452a-b72a-c12ebcad4c3f,Snake3,98,16,1
83627644-9a0b-4ff9-ad52-c599c54d1ec4,144,2d94a571-90be-46d7-9c7f-1d3e4db4bd7b,Snake2,56,5,0
83627644-9a0b-4ff9-ad52-c599c54d1ec4,144,450412a2-5ce0-44b1-ab22-318d5e8cb5a8,Snake4,55,10,0
83627644-9a0b-4ff9-ad52-c599c54d1ec4,144,8068107f-be7e-4899-aba9-546b7b240b0b,Snake1,99,15,1
83627644-9a0b-4ff9-ad52-c599c54d1ec4,144,b9f0f3f0-e1e8-452a-b72a-c12ebcad4c3f,Snake3,98,16,1
83627644-9a0b-4ff9-ad52-c599c54d1ec4,144,2d94a571-90be-46d7-9c7f-1d3e4db4bd7b,Snake2,56,5,0
83627644-9a0b-4ff9-ad52-c599c54d1ec4,144,450412a2-5ce0-44b1-ab22-318d5e8cb5a8,Snake4,55,10,0
83627644-9a0b-4ff9-ad52-c599c54d1ec4,145,8068107f-be7e-4899-aba9-546b7b240b0b,Snake1,98,15,1
83627644-9a0b-4ff9-ad52-c599c54d1ec4,145,b9f0f3f0-e1e8-452a-b72a-c12ebcad4c3f,Snake3,97,16,1
83627644-9a0b-4ff9-ad52-c599c54d1ec4,145,2d94a571-90be-46d7-9c7f-1d3e4db4bd7b,Snake2,56,5,0
83627644-9a0b-4ff9-ad52-c599c54d1ec4,145,450412a2-5ce0-44b1-ab22-318d5e8cb5a8,Snake4,55,10,0
83627644-9a0b-4ff9-ad52-c599c54d1ec4,145,8068107f-be7e-4899-aba9-546b7b240b0b,Snake1,98,15,1
83627644-9a0b-4ff9-ad52-c599c54d1ec4,145,b9f0f3f0-e1e8-452a-b72a-c12ebcad4c3f,Snake3,97,16,1
83627644-9a0b-4ff9-ad52-c599c54d1ec4,145,2d94a571-90be-46d7-9c7f-1d3e4db4bd7b,Snake2,56,5,0
83627644-9a0b-4ff9-ad52-c599c54d1ec4,145,450412a2-5ce0-44b1-ab22-318d5e8cb5a8,Snake4,55,10,0
83627644-9a0b-4ff9-ad52-c599c54d1ec4,146,8068107f-be7e-4899-aba9-546b7b240b0b,Snake1,97,15,1
83627644-9a0b-4ff9-ad52-c599c54d1ec4,146,b9f0f3f0-e1e8-452a-b72a-c12ebcad4c3f,Snake3,96,16,1
83627644-9a0b-4ff9-ad52-c599c54d1ec4,146,2d94a571-90be-46d7-9c7f-1d3e4db4bd7b,Snake2,56,5,0
83627644-9a0b-4ff9-ad52-c599c54d1ec4,146,450412a2-5ce0-44b1-ab22-318d5e8cb5a8,Snake4,55,10,0
83627644-9a0b-4ff9-ad52-c599c54d1ec4,146,8068107f-be7e-4899-aba9-546b7b240b0b,Snake1,97,15,1
83627644-9a0b-4ff9-ad52-c599c54d1ec4,146,b9f0f3f0-e1e8-452a-b72a-c12ebcad4c3f,Snake3,96,16,1
83627644-9a0b-4ff9-ad52-c599c54d1ec4,146,2d94a571-90be-46d7-9c7f-1d3e4db4bd7b,Snake2,56,5,0
83627644-9a0b-4ff9-ad52-c599c54d1ec4,146,450412a2-5ce0-44b1-ab22-318d5e8cb5a8,Snake4,55,10,0
83627644-9a0b-4ff9-ad52-c599c54d1ec4,147,8068107f-be7e-4899-aba9-546b7b240b0b,Snake1,96,15,1
83627644-9a0b-4ff9-ad52-c599c54d1ec4,147,b9f0f3f0-e1e8-452a-b72a-c12ebcad4c3f,Snake3,95,16,1
83627644-9a0b-4ff9-ad52-c599c54d1ec4,147,2d94a571-90be-46d7-9c7f-1d3e4db4bd7b,Snake2,56,5,0
83627644-9a0b-4ff9-ad52-c599c54d1ec4,147,450412a2-5ce0-44b1-ab22-318d5e8cb5a8,Snake4,55,10,0
83627644-9a0b-4ff9-ad52-c599c54d1ec4,147,8068107f-be7e-4899-aba9-546b7b240b0b,Snake1,96,15,1
83627644-9a0b-4ff9-ad52-c599c54d1ec4,147,b9f0f3f0-e1e8-452a-b72a-c12ebcad4c3f,Snake3,95,16,1
83627644-9a0b-4ff9-ad52-c599c54d1ec4,147,2d94a571-90be-46d7-9c7f-1d3e4db4bd7b,Snake2,56,5,0
83627644-9a0b-4ff9-ad52-c599c54d1ec4,147,450412a2-5ce0-44b1-ab22-318d5e8cb5a8,Snake4,55,10,0
83627644-9a0b-4ff9-ad52-c599c54d1ec4,148,b9f0f3f0-e1e8-452a-b72a-c12ebcad4c3f,Snake3,94,16,1
83627644-9a0b-4ff9-ad52-c599c54d1ec4,148,8068107f-be7e-4899-aba9-546b7b240b0b,Snake1,96,15,0
83627644-9a0b-4ff9-ad52-c599c54d1ec4,148,2d94a571-90be-46d7-9c7f-1d3e4db4bd7b,Snake2,56,5,0
83627644-9a0b-4ff9-ad52-c599c54d1ec4,148,450412a2-5ce0-44b1-ab22-318d5e8cb5a8,Snake4,55,10,0
83627644-9a0b-4ff9-ad52-c599c54d1ec4,149,b9f0f3f0-e1e8-452a-b72a-c12ebcad4c3f,Snake3,94,16,1
83627644-9a0b-4ff9-ad52-c599c54d1ec4,149,8068107f-be7e-4899-aba9-546b7b240b0b,Snake1,96,15,0
83627644-9a0b-4ff9-ad52-c599c54d1ec4,149,2d94a571-90be-46d7-9c7f-1d3e4db4bd7b,Snake2,56,5,0
83627644-9a0b-4ff9-ad52-c599c54d1ec4,149,450412a2-5ce0-44b1-ab22-318d5e8cb5a8,Snake4,55,10,0
83627644-9a0b-4ff9-ad52-c599c54d1ec4,149,b9f0f3f0-e1e8-452a-b72a-c12ebcad4c3f,Snake3,94,16,1
83627644-9a0b-4ff9-ad52-c599c54d1ec4,149,8068107f-be7e-4899-aba9-546b7b240b0b,Snake1,81,8,0
83627644-9a0b-4ff9-ad52-c599c54d1ec4,149,2d94a571-90be-46d7-9c7f-1d3e4db4bd7b,Snake2,56,5,0
83627644-9a0b-4ff9-ad52-c599c54d1ec4,149,450412a2-5ce0-44b1-ab22-318d5e8cb5a8,Snake4,91,9,0
83627644-9a0b-4ff9-ad52-c599c54d1ec4,149,b9f0f3f0-e1e8-452a-b72a-c12ebcad4c3f,Snake3,94,16,1
83627644-9a0b-4ff9-ad52-c599c54d1ec4,149,8068107f-be7e-4899-aba9-546b7b240b0b,Snake1,96,15,0
83627644-9a0b-4ff9-ad52-c599c54d1ec4,149,2d94a571-90be-46d7-9c7f-1d3e4db4bd7b,Snake2,56,5,0
83627644-9a0b-4ff9-ad52-c599c54d1ec4,149,450412a2-5ce0-44b1-ab22-318d5e8cb5a8,Snake4,55,10,0
83627644-9a0b-4ff9-ad52-c599c54d1ec4,149,b9f0f3f0-e1e8-452a-b72a-c12ebcad4c3f,Snake3,94,16,1
83627644-9a0b-4ff9-ad52-c599c54d1ec4,149,8068107f-be7e-4899-aba9-546b7b240b0b,Snake1,96,13,0
83627644-9a0b-4ff9-ad52-c599c54d1ec4,149,2d94a571-90be-46d7-9c7f-1d3e4db4bd7b,Snake2,56,5,0
83627644-9a0b-4ff9-ad52-c599c54d1ec4,149,450412a2-5ce0-44b1-ab22-318d5e8cb5a8,Snake4,55,10,0
