game_id,turn,snake_id,snake_name,health,length,alive
89f0d5cb-6690-4295-94a8-a1b13c12e9c8,0,b0a97e1a-e57b-4a3c-849c-2b9264da3d12,Snake1,100,3,1
89f0d5cb-6690-4295-94a8-a1b13c12e9c8,0,92e5c2c2-966e-4845-ba43-839f69ea08d9,Snake2,100,3,1
89f0d5cb-6690-4295-94a8-a1b13c12e9c8,0,0155d1e7-7d5a-4abf-8a38-a56d1cd7671b,Snake3,100,3,1
89f0d5cb-6690-4295-94a8-a1b13c12e9c8,0,d85838ae-55df-40b9-853f-e0e44b053a95,Snake4,100,3,1
89f0d5cb-6690-4295-94a8-a1b13c12e9c8,1,b0a97e1a-e57b-4a3c-849c-2b9264da3d12,Snake1,99,3,1
89f0d5cb-6690-4295-94a8-a1b13c12e9c8,1,92e5c2c2-966e-4845-ba43-839f69ea08d9,Snake2,99,3,1
89f0d5cb-6690-4295-94a8-a1b13c12e9c8,1,0155d1e7-7d5a-4abf-8a38-a56d1cd7671b,Snake3,99,3,1
89f0d5cb-6690-4295-94a8-a1b13c12e9c8,1,d85838ae-55df-40b9-853f-e0e44b053a95,Snake4,99,3,1
89f0d5cb-6690-4295-94a8-a1b13c12e9c8,1,b0a97e1a-e57b-4a3c-849c-2b9264da3d12,Snake1,99,3,1
89f0d5cb-6690-4295-94a8-a1b13c12e9c8,1,92e5c2c2-966e-4845-ba43-839f69ea08d9,Snake2,99,3,1
89f0d5cb-6690-4295-94a8-a1b13c12e9c8,1,0155d1e7-7d5a-4abf-8a38-a56d1cd7671b,Snake3,99,3,1
89f0d5cb-6690-4295-94a8-a1b13c12e9c8,1,d85838ae-55df-40b9-853f-e0e44b053a95,Snake4,99,3,1
89f0d5cb-6690-4295-94a8-a1b13c12e9c8,1,b0a97e1a-e57b-4a3c-849c-2b9264da3d12,Snake1,99,3,1
89f0d5cb-6690-4295-94a8-a1b13c12e9c8,1,92e5c2c2-966e-4845-ba43-839f69ea08d9,Snake2,99,3,1
89f0d5cb-6690-4295-94a8-a1b13c12e9c8,1,0155d1e7-7d5a-4abf-8a38-a56d1cd7671b,Snake3,99,3,1
89f0d5cb-6690-4295-94a8-a1b13c12e9c8,1,d85838ae-55df-40b9-853f-e0e44b053a95,Snake4,99,3,1
89f0d5cb-6690-4295-94a8-a1b13c12e9c8,1,b0a97e1a-e57b-4a3c-849c-2b9264da3d12,Snake1,99,3,1
89f0d5cb-6690-4295-94a8-a1b13c12e9c8,1,92e5c2c2-966e-4845-ba43-839f69ea08d9,Snake2,99,3,1
89f0d5cb-6690-4295-94a8-a1b13c12e9c8,1,0155d1e7-7d5a-4abf-8a38-a56d1cd7671b,Snake3,99,3,1
89f0d5cb-6690-4295-94a8-a1b13c12e9c8,1,d85838ae-55df-40b9-853f-e0e44b053a95,Snake4,99,3,1
89f0d5cb-6690-4295-94a8-a1b13c12e9c8,2,b0a97e1a-e57b-4a3c-849c-2b9264da3d12,Snake1,100,4,1
89f0d5cb-6690-4295-94a8-a1b13c12e9c8,2,92e5c2c2-966e-4845-ba43-839f69ea08d9,Snake2,100,4,1
89f0d5cb-6690-4295-94a8-a1b13c12e9c8,2,0155d1e7-7d5a-4abf-8a38-a56d1cd7671b,Snake3,100,4,1
89f0d5cb-6690-4295-94a8-a1b13c12e9c8,2,d85838ae-55df-40b9-853f-e0e44b053a95,Snake4,100,4,1
89f0d5cb-6690-4295-94a8-a1b13c12e9c8,2,b0a97e1a-e57b-4a3c-849c-2b9264da3d12,Snake1,100,4,1
89f0d5cb-6690-4295-94a8-a1b13c12e9c8,2,92e5c2c2-966e-4845-ba43-839f69ea08d9,Snake2,100,4,1
89f0d5cb-6690-4295-94a8-a1b13c12e9c8,2,0155d1e7-7d5a-4abf-8a38-a56d1cd7671b,Snake3,100,4,1
89f0d5cb-6690-4295-94a8-a1b13c12e9c8,2,d85838ae-55df-40b9-853f-e0e44b053a95,Snake4,100,4,1
89f0d5cb-6690-4295-94a8-a1b13c12e9c8,2,b0a97e1a-e57b-4a3c-849c-2b9264da3d12,Snake1,100,4,1
89f0d5cb-6690-4295-94a8-a1b13c12e9c8,2,92e5c2c2-966e-4845-ba43-839f69ea08d9,Snake2,100,4,1
89f0d5cb-6690-4295-94a8-a1b13c12e9c8,2,0155d1e7-7d5a-4abf-8a38-a56d1cd7671b,Snake3,100,4,1
89f0d5cb-6690-4295-94a8-a1b13c12e9c8,2,d85838ae-55df-40b9-853f-e0e44b053a95,Snake4,100,4,1
89f0d5cb-6690-4295-94a8-a1b13c12e9c8,2,b0a97e1a-e57b-4a3c-849c-2b9264da3d12,Snake1,100,4,1
89f0d5cb-6690-4295-94a8-a1b13c12e9c8,2,92e5c2c2-966e-4845-ba43-839f69ea08d9,Snake2,100,4,1
89f0d5cb-6690-4295-94a8-a1b13c12e9c8,2,0155d1e7-7d5a-4abf-8a38-a56d1cd7671b,Snake3,100,4,1
89f0d5cb-6690-4295-94a8-a1b13c12e9c8,2,d85838ae-55df-40b9-853f-e0e44b053a95,Snake4,100,4,1
89f0d5cb-6690-4295-94a8-a1b13c12e9c8,3,b0a97e1a-e57b-4a3c-849c-2b9264da3d12,Snake1,99,4,1
89f0d5cb-6690-4295-94a8-a1b13c12e9c8,3,92e5c2c2-966e-4845-ba43-839f69ea08d9,Snake2,99,4,1
89f0d5cb-6690-4295-94a8-a1b13c12e9c8,3,0155d1e7-7d5a-4abf-8a38-a56d1cd7671b,Snake3,99,4,1
89f0d5cb-6690-4295-94a8-a1b13c12e9c8,3,d85838ae-55df-40b9-853f-e0e44b053a95,Snake4,99,4,1
89f0d5cb-6690-4295-94a8-a1b13c12e9c8,3,b0a97e1a-e57b-4a3c-849c-2b9264da3d12,Snake1,99,4,1
89f0d5cb-6690-4295-94a8-a1b13c12e9c8,3,92e5c2c2-966e-4845-ba43-839f69ea08d9,Snake2,99,4,1
89f0d5cb-6690-4295-94a8-a1b13c12e9c8,3,0155d1e7-7d5a-4abf-8a38-a56d1cd7671b,Snake3,99,4,1
89f0d5cb-6690-4295-94a8-a1b13c12e9c8,3,d85838ae-55df-40b9-853f-e0e44b053a95,Snake4,99,4,1
89f0d5cb-6690-4295-94a8-a1b13c12e9c8,3,b0a97e1a-e57b-4a3c-849c-2b9264da3d12,Snake1,99,4,1
89f0d5cb-6690-4295-94a8-a1b13c12e9c8,3,92e5c2c2-966e-4845-ba43-839f69ea08d9,Snake2,99,4,1
89f0d5cb-6690-4295-94a8-a1b13c12e9c8,3,0155d1e7-7d5a-4abf-8a38-a56d1cd7671b,Snake3,99,4,1
89f0d5cb-6690-4295-94a8-a1b13c12e9c8,3,d85838ae-55df-40b9-853f-e0e44b053a95,Snake4,99,4,1
89f0d5cb-6690-4295-94a8-a1b13c12e9c8,3,b0a97e1a-e57b-4a3c-849c-2b9264da3d12,Snake1,99,4,1
89f0d5cb-6690-4295-94a8-a1b13c12e9c8,3,92e5c2c2-966e-4845-ba43-839f69ea08d9,Snake2,99,4,1
89f0d5cb-6690-4295-94a8-a1b13c12e9c8,3,0155d1e7-7d5a-4abf-8a38-a56d1cd7671b,Snake3,99,4,1
89f0d5cb-6690-4295-94a8-a1b13c12e9c8,3,d85838ae-55df-40b9-853f-e0e44b053a95,Snake4,99,4,1
89f0d5cb-6690-4295-94a8-a1b13c12e9c8,4,b0a97e1a-e57b-4a3c-849c-2b9264da3d12,Snake1,98,4,1
89f0d5cb-6690-4295-94a8-a1b13c12e9c8,4,92e5c2c2-966e-4845-ba43-839f69ea08d9,Snake2,98,4,1
89f0d5cb-6690-4295-94a8-a1b13c12e9c8,4,0155d1e7-7d5a-4abf-8a38-a56d1cd7671b,Snake3,98,4,1
89f0d5cb-6690-4295-94a8-a1b13c12e9c8,4,d85838ae-55df-40b9-853f-e0e44b053a95,Snake4,98,4,1
89f0d5cb-6690-4295-94a8-a1b13c12e9c8,4,b0a97e1a-e57b-4a3c-849c-2b9264da3d12,Snake1,98,4,1
89f0d5cb-6690-4295-94a8-a1b13c12e9c8,4,92e5c2c2-966e-4845-ba43-839f69ea08d9,Snake2,98,4,1
89f0d5cb-6690-4295-94a8-a1b13c12e9c8,4,0155d1e7-7d5a-4abf-8a38-a56d1cd7671b,Snake3,98,4,1
89f0d5cb-6690-4295-94a8-a1b13c12e9c8,4,d85838ae-55df-40b9-853f-e0e44b053a95,Snake4,98,4,1
89f0d5cb-6690-4295-94a8-a1b13c12e9c8,4,b0a97e1a-e57b-4a3c-849c-2b9264da3d12,Snake1,98,4,1
89f0d5cb-6690-4295-94a8-a1b13c12e9c8,4,92e5c2c2-966e-4845-ba43-839f69ea08d9,Snake2,98,4,1
89f0d5cb-6690-4295-94a8-a1b13c12e9c8,4,0155d1e7-7d5a-4abf-8a38-a56d1cd7671b,Snake3,98,4,1
89f0d5cb-6690-4295-94a8-a1b13c12e9c8,4,d85838ae-55df-40b9-853f-e0e44b053a95,Snake4,98,4,1
89f0d5cb-6690-4295-94a8-a1b13c12e9c8,4,b0a97e1a-e57b-4a3c-849c-2b9264da3d12,Snake1,98,4,1
89f0d5cb-6690-4295-94a8-a1b13c12e9c8,4,92e5c2c2-966e-4845-ba43-839f69ea08d9,Snake2,98,4,1
89f0d5cb-6690-4295-94a8-a1b13c12e9c8,4,0155d1e7-7d5a-4abf-8a38-a56d1cd7671b,Snake3,98,4,1
89f0d5cb-6690-4295-94a8-a1b13c12e9c8,4,d85838ae-55df-40b9-853f-e0e44b053a95,Snake4,98,4,1
89f0d5cb-6690-4295-94a8-a1b13c12e9c8,5,b0a97e1a-e57b-4a3c-849c-2b9264da3d12,Snake1,97,4,1
89f0d5cb-6690-4295-94a8-a1b13c12e9c8,5,92e5c2c2-966e-4845-ba43-839f69ea08d9,Snake2,97,4,1
89f0d5cb-6690-4295-94a8-a1b13c12e9c8,5,0155d1e7-7d5a-4abf-8a38-a56d1cd7671b,Snake3,97,4,1
89f0d5cb-6690-4295-94a8-a1b13c12e9c8,5,d85838ae-55df-40b9-853f-e0e44b053a95,Snake4,100,5,1
89f0d5cb-6690-4295-94a8-a1b13c12e9c8,5,b0a97e1a-e57b-4a3c-849c-2b9264da3d12,Snake1,97,4,1
89f0d5cb-6690-4295-94a8-a1b13c12e9c8,5,92e5c2c2-966e-4845-ba43-839f69ea08d9,Snake2,97,4,1
89f0d5cb-6690-4295-94a8-a1b13c12e9c8,5,0155d1e7-7d5a-4abf-8a38-a56d1cd7671b,Snake3,97,4,1
89f0d5cb-6690-4295-94a8-a1b13c12e9c8,5,d85838ae-55df-40b9-853f-e0e44b053a95,Snake4,100,5,1
89f0d5cb-6690-4295-94a8-a1b13c12e9c8,5,b0a97e1a-e57b-4a3c-849c-2b9264da3d12,Snake1,97,4,1
89f0d5cb-6690-4295-94a8-a1b13c12e9c8,5,92e5c2c2-966e-4845-ba43-839f69ea08d9,Snake2,97,4,1
89f0d5cb-6690-4295-94a8-a1b13c12e9c8,5,0155d1e7-7d5a-4abf-8a38-a56d1cd7671b,Snake3,97,4,1
89f0d5cb-6690-4295-94a8-a1b13c12e9c8,5,d85838ae-55df-40b9-853f-e0e44b053a95,Snake4,100,5,1
89f0d5cb-6690-4295-94a8-a1b13c12e9c8,6,b0a97e1a-e57b-4a3c-849c-2b9264da3d12,Snake1,96,4,1
89f0d5cb-6690-4295-94a8-a1b13c12e9c8,6,92e5c2c2-966e-4845-ba43-839f69ea08d9,Snake2,96,4,1
89f0d5cb-6690-4295-94a8-a1b13c12e9c8,6,0155d1e7-7d5a-4abf-8a38-a56d1cd7671b,Snake3,96,4,1
89f0d5cb-6690-4295-94a8-a1b13c12e9c8,6,d85838ae-55df-40b9-853f-e0e44b053a95,Snake4,99,5,1
89f0d5cb-6690-4295-94a8-a1b13c12e9c8,6,b0a97e1a-e57b-4a3c-849c-2b9264da3d12,Snake1,96,4,1
89f0d5cb-6690-4295-94a8-a1b13c12e9c8,6,92e5c2c2-966e-4845-ba43-839f69ea08d9,Snake2,96,4,1
89f0d5cb-6690-4295-94a8-a1b13c12e9c8,6,0155d1e7-7d5a-4abf-8a38-a56d1cd7671b,Snake3,96,4,1
89f0d5cb-6690-4295-94a8-a1b13c12e9c8,6,d85838ae-55df-40b9-853f-e0e44b053a95,Snake4,99,5,1
89f0d5cb-6690-4295-94a8-a1b13c12e9c8,6,b0a97e1a-e57b-4a3c-849c-2b9264da3d12,Snake1,96,4,1
89f0d5cb-6690-4295-94a8-a1b13c12e9c8,6,92e5c2c2-966e-4845-ba43-839f69ea08d9,Snake2,96,4,1
89f0d5cb-6690-4295-94a8-a1b13c12e9c8,6,0155d1e7-7d5a-4abf-8a38-a56d1cd7671b,Snake3,96,4,1
89f0d5cb-6690-4295-94a8-a1b13c12e9c8,6,d85838ae-55df-40b9-853f-e0e44b053a95,Snake4,99,5,1
89f0d5cb-6690-4295-94a8-a1b13c12e9c8,6,b0a97e1a-e57b-4a3c-849c-2b9264da3d12,Snake1,96,4,1
89f0d5cb-6690-4295-94a8-a1b13c12e9c8,6,92e5c2c2-966e-4845-ba43-839f69ea08d9,Snake2,96,4,1
89f0d5cb-6690-4295-94a8-a1b13c12e9c8,6,0155d1e7-7d5a-4abf-8a38-a56d1cd7671b,Snake3,96,4,1
89f0d5cb-6690-4295-94a8-a1b13c12e9c8,6,d85838ae-55df-40b9-853f-e0e44b053a95,Snake4,99,5,1
89f0d5cb-6690-4295-94a8-a1b13c12e9c8,7,b0a97e1a-e57b-4a3c-849c-2b9264da3d12,Snake1,95,4,1
89f0d5cb-6690-4295-94a8-a1b13c12e9c8,7,92e5c2c2-966e-4845-ba43-839f69ea08d9,Snake2,95,4,1
89f0d5cb-6690-4295-94a8-a1b13c12e9c8,7,0155d1e7-7d5a-4abf-8a38-a56d1cd7671b,Snake3,95,4,1
89f0d5cb-6690-4295-94a8-a1b13c12e9c8,7,d85838ae-55df-40b9-853f-e0e44b053a95,Snake4,98,5,1
89f0d5cb-6690-4295-94a8-a1b13c12e9c8,8,b0a97e1a-e57b-4a3c-849c-2b9264da3d12,Snake1,94,4,1
89f0d5cb-6690-4295-94a8-a1b13c12e9c8,8,92e5c2c2-966e-4845-ba43-839f69ea08d9,Snake2,94,4,1
89f0d5cb-6690-4295-94a8-a1b13c12e9c8,8,0155d1e7-7d5a-4abf-8a38-a56d1cd7671b,Snake3,94,4,1
89f0d5cb-6690-4295-94a8-a1b13c12e9c8,8,d85838ae-55df-40b9-853f-e0e44b053a95,Snake4,97,5,1
89f0d5cb-6690-4295-94a8-a1b13c12e9c8,8,b0a97e1a-e57b-4a3c-849c-2b9264da3d12,Snake1,94,4,1
89f0d5cb-6690-4295-94a8-a1b13c12e9c8,8,92e5c2c2-966e-4845-ba43-839f69ea08d9,Snake2,94,4,1
89f0d5cb-6690-4295-94a8-a1b13c12e9c8,8,0155d1e7-7d5a-4abf-8a38-a56d1cd7671b,Snake3,94,4,1
89f0d5cb-6690-4295-94a8-a1b13c12e9c8,8,d85838ae-55df-40b9-853f-e0e44b053a95,Snake4,97,5,1
89f0d5cb-6690-4295-94a8-a1b13c12e9c8,8,b0a97e1a-e57b-4a3c-849c-2b9264da3d12,Snake1,94,4,1
89f0d5cb-6690-4295-94a8-a1b13c12e9c8,8,92e5c2c2-966e-4845-ba43-839f69ea08d9,Snake2,94,4,1
89f0d5cb-6690-4295-94a8-a1b13c12e9c8,8,0155d1e7-7d5a-4abf-8a38-a56d1cd7671b,Snake3,94,4,1
89f0d5cb-6690-4295-94a8-a1b13c12e9c8,8,d85838ae-55df-40b9-853f-e0e44b053a95,Snake4,97,5,1
89f0d5cb-6690-4295-94a8-a1b13c12e9c8,9,b0a97e1a-e57b-4a3c-849c-2b9264da3d12,Snake1,100,5,1
89f0d5cb-6690-4295-94a8-a1b13c12e9c8,9,92e5c2c2-966e-4845-ba43-839f69ea08d9,Snake2,93,4,1
89f0d5cb-6690-4295-94a8-a1b13c12e9c8,9,0155d1e7-7d5a-4abf-8a38-a56d1cd7671b,Snake3,93,4,1
89f0d5cb-6690-4295-94a8-a1b13c12e9c8,9,d85838ae-55df-40b9-853f-e0e44b053a95,Snake4,96,5,1
89f0d5cb-6690-4295-94a8-a1b13c12e9c8,9,b0a97e1a-e57b-4a3c-849c-2b9264da3d12,Snake1,100,5,1
89f0d5cb-6690-4295-94a8-a1b13c12e9c8,9,92e5c2c2-966e-4845-ba43-839f69ea08d9,Snake2,93,4,1
89f0d5cb-6690-4295-94a8-a1b13c12e9c8,9,0155d1e7-7d5a-4abf-8a38-a56d1cd7671b,Snake3,93,4,1
89f0d5cb-6690-4295-94a8-a1b13c12e9c8,9,d85838ae-55df-40b9-853f-e0e44b053a95,Snake4,96,5,1
89f0d5cb-6690-4295-94a8-a1b13c12e9c8,9,b0a97e1a-e57b-4a3c-849c-2b9264da3d12,Snake1,100,5,1
89f0d5cb-6690-4295-94a8-a1b13c12e9c8,9,92e5c2c2-966e-4845-ba43-839f69ea08d9,Snake2,93,4,1
89f0d5cb-6690-4295-94a8-a1b13c12e9c8,9,0155d1e7-7d5a-4abf-8a38-a56d1cd7671b,Snake3,93,4,1
89f0d5cb-6690-4295-94a8-a1b13c12e9c8,9,d85838ae-55df-40b9-853f-e0e44b053a95,Snake4,96,5,1
89f0d5cb-6690-4295-94a8-a1b13c12e9c8,10,b0a97e1a-e57b-4a3c-849c-2b9264da3d12,Snake1,99,5,1
89f0d5cb-6690-4295-94a8-a1b13c12e9c8,10,92e5c2c2-966e-4845-ba43-839f69ea08d9,Snake2,92,4,1
89f0d5cb-6690-4295-94a8-a1b13c12e9c8,10,0155d1e7-7d5a-4abf-8a38-a56d1cd7671b,Snake3,92,4,1
89f0d5cb-6690-4295-94a8-a1b13c12e9c8,10,d85838ae-55df-40b9-853f-e0e44b053a95,Snake4,100,6,1
89f0d5cb-6690-4295-94a8-a1b13c12e9c8,10,b0a97e1a-e57b-4a3c-849c-2b9264da3d12,Snake1,99,5,1
89f0d5cb-6690-4295-94a8-a1b13c12e9c8,10,92e5c2c2-966e-4845-ba43-839f69ea08d9,Snake2,92,4,1
89f0d5cb-6690-4295-94a8-a1b13c12e9c8,10,0155d1e7-7d5a-4abf-8a38-a56d1cd7671b,Snake3,92,4,1
89f0d5cb-6690-4295-94a8-a1b13c12e9c8,10,d85838ae-55df-40b9-853f-e0e44b053a95,Snake4,100,6,1
89f0d5cb-6690-4295-94a8-a1b13c12e9c8,10,b0a97e1a-e57b-4a3c-849c-2b9264da3d12,Snake1,99,5,1
89f0d5cb-6690-4295-94a8-a1b13c12e9c8,10,92e5c2c2-966e-4845-ba43-839f69ea08d9,Snake2,92,4,1
89f0d5cb-6690-4295-94a8-a1b13c12e9c8,10,0155d1e7-7d5a-4abf-8a38-a56d1cd7671b,Snake3,92,4,1
89f0d5cb-6690-4295-94a8-a1b13c12e9c8,10,d85838ae-55df-40b9-853f-e0e44b053a95,Snake4,100,6,1
89f0d5cb-6690-4295-94a8-a1b13c12e9c8,10,b0a97e1a-e57b-4a3c-849c-2b9264da3d12,Snake1,99,5,1
89f0d5cb-6690-4295-94a8-a1b13c12e9c8,10,92e5c2c2-966e-4845-ba43-839f69ea08d9,Snake2,92,4,1
89f0d5cb-6690-4295-94a8-a1b13c12e9c8,10,0155d1e7-7d5a-4abf-8a38-a56d1cd7671b,Snake3,92,4,1
89f0d5cb-6690-4295-94a8-a1b13c12e9c8,10,d85838ae-55df-40b9-853f-e0e44b053a95,Snake4,100,6,1
89f0d5cb-6690-4295-94a8-a1b13c12e9c8,11,b0a97e1a-e57b-4a3c-849c-2b9264da3d12,Snake1,98,5,1
89f0d5cb-6690-4295-94a8-a1b13c12e9c8,11,92e5c2c2-966e-4845-ba43-839f69ea08d9,Snake2,91,4,1
89f0d5cb-6690-4295-94a8-a1b13c12e9c8,11,0155d1e7-7d5a-4abf-8a38-a56d1cd7671b,Snake3,100,5,1
89f0d5cb-6690-4295-94a8-a1b13c12e9c8,11,d85838ae-55df-40b9-853f-e0e44b053a95,Snake4,99,6,1
89f0d5cb-6690-4295-94a8-a1b13c12e9c8,11,b0a97e1a-e57b-4a3c-849c-2b9264da3d12,Snake1,98,5,1
89f0d5cb-6690-4295-94a8-a1b13c12e9c8,11,92e5c2c2-966e-4845-ba43-839f69ea08d9,Snake2,91,4,1
89f0d5cb-6690-4295-94a8-a1b13c12e9c8,11,0155d1e7-7d5a-4abf-8a38-a56d1cd7671b,Snake3,100,5,1
89f0d5cb-6690-4295-94a8-a1b13c12e9c8,11,d85838ae-55df-40b9-853f-e0e44b053a95,Snake4,99,6,1
89f0d5cb-6690-4295-94a8-a1b13c12e9c8,11,b0a97e1a-e57b-4a3c-849c-2b9264da3d12,Snake1,98,5,1
89f0d5cb-6690-4295-94a8-a1b13c12e9c8,11,92e5c2c2-966e-4845-ba43-839f69ea08d9,Snake2,91,4,1
89f0d5cb-6690-4295-94a8-a1b13c12e9c8,11,0155d1e7-7d5a-4abf-8a38-a56d1cd7671b,Snake3,100,5,1
89f0d5cb-6690-4295-94a8-a1b13c12e9c8,11,d85838ae-55df-40b9-853f-e0e44b053a95,Snake4,99,6,1
89f0d5cb-6690-4295-94a8-a1b13c12e9c8,12,b0a97e1a-e57b-4a3c-849c-2b9264da3d12,Snake1,97,5,1
89f0d5cb-6690-4295-94a8-a1b13c12e9c8,12,92e5c2c2-966e-4845-ba43-839f69ea08d9,Snake2,90,4,1
89f0d5cb-6690-4295-94a8-a1b13c12e9c8,12,0155d1e7-7d5a-4abf-8a38-a56d1cd7671b,Snake3,99,5,1
89f0d5cb-6690-4295-94a8-a1b13c12e9c8,12,d85838ae-55df-40b9-853f-e0e44b053a95,Snake4,98,6,1
89f0d5cb-6690-4295-94a8-a1b13c12e9c8,12,b0a97e1a-e57b-4a3c-849c-2b9264da3d12,Snake1,97,5,1
89f0d5cb-6690-4295-94a8-a1b13c12e9c8,12,92e5c2c2-966e-4845-ba43-839f69ea08d9,Snake2,90,4,1
89f0d5cb-6690-4295-94a8-a1b13c12e9c8,12,0155d1e7-7d5a-4abf-8a38-a56d1cd7671b,Snake3,99,5,1
89f0d5cb-6690-4295-94a8-a1b13c12e9c8,12,d85838ae-55df-40b9-853f-e0e44b053a95,Snake4,98,6,1
89f0d5cb-6690-4295-94a8-a1b13c12e9c8,12,b0a97e1a-e57b-4a3c-849c-2b9264da3d12,Snake1,97,5,1
89f0d5cb-6690-4295-94a8-a1b13c12e9c8,12,92e5c2c2-966e-4845-ba43-839f69ea08d9,Snake2,90,4,1
89f0d5cb-6690-4295-94a8-a1b13c12e9c8,12,0155d1e7-7d5a-4abf-8a38-a56d1cd7671b,Snake3,99,5,1
89f0d5cb-6690-4295-94a8-a1b13c12e9c8,12,d85838ae-55df-40b9-853f-e0e44b053a95,Snake4,98,6,1
89f0d5cb-6690-4295-94a8-a1b13c12e9c8,12,b0a97e1a-e57b-4a3c-849c-2b9264da3d12,Snake1,97,5,1
89f0d5cb-6690-4295-94a8-a1b13c12e9c8,12,92e5c2c2-966e-4845-ba43-839f69ea08d9,Snake2,90,4,1
89f0d5cb-6690-4295-94a8-a1b13c12e9c8,12,0155d1e7-7d5a-4abf-8a38-a56d1cd7671b,Snake3,99,5,1
89f0d5cb-6690-4295-94a8-a1b13c12e9c8,12,d85838ae-55df-40b9-853f-e0e44b053a95,Snake4,98,6,1
89f0d5cb-6690-4295-94a8-a1b13c12e9c8,13,b0a97e1a-e57b-4a3c-849c-2b9264da3d12,Snake1,96,5,1
89f0d5cb-6690-4295-94a8-a1b13c12e9c8,13,92e5c2c2-966e-4845-ba43-839f69ea08d9,Snake2,89,4,1
89f0d5cb-6690-4295-94a8-a1b13c12e9c8,13,0155d1e7-7d5a-4abf-8a38-a56d1cd7671b,Snake3,98,5,1
89f0d5cb-6690-4295-94a8-a1b13c12e9c8,13,d85838ae-55df-40b9-853f-e0e44b053a95,Snake4,97,6,1
89f0d5cb-6690-4295-94a8-a1b13c12e9c8,13,b0a97e1a-e57b-4a3c-849c-2b9264da3d12,Snake1,96,5,1
89f0d5cb-6690-4295-94a8-a1b13c12e9c8,13,92e5c2c2-966e-4845-ba43-839f69ea08d9,Snake2,89,4,1
89f0d5cb-6690-4295-94a8-a1b13c12e9c8,13,0155d1e7-7d5a-4abf-8a38-a56d1cd7671b,Snake3,98,5,1
89f0d5cb-6690-4295-94a8-a1b13c12e9c8,13,d85838ae-55df-40b9-853f-e0e44b053a95,Snake4,97,6,1
89f0d5cb-6690-4295-94a8-a1b13c12e9c8,14,b0a97e1a-e57b-4a3c-849c-2b9264da3d12,Snake1,100,6,1
89f0d5cb-6690-4295-94a8-a1b13c12e9c8,14,92e5c2c2-966e-4845-ba43-839f69ea08d9,Snake2,88,4,1
89f0d5cb-6690-4295-94a8-a1b13c12e9c8,14,0155d1e7-7d5a-4abf-8a38-a56d1cd7671b,Snake3,97,5,1
89f0d5cb-6690-4295-94a8-a1b13c12e9c8,14,d85838ae-55df-40b9-853f-e0e44b053a95,Snake4,96,6,1
89f0d5cb-6690-4295-94a8-a1b13c12e9c8,14,b0a97e1a-e57b-4a3c-849c-2b9264da3d12,Snake1,100,6,1
89f0d5cb-6690-4295-94a8-a1b13c12e9c8,14,92e5c2c2-966e-4845-ba43-839f69ea08d9,Snake2,88,4,1
89f0d5cb-6690-4295-94a8-a1b13c12e9c8,14,0155d1e7-7d5a-4abf-8a38-a56d1cd7671b,Snake3,97,5,1
89f0d5cb-6690-4295-94a8-a1b13c12e9c8,14,d85838ae-55df-40b9-853f-e0e44b053a95,Snake4,96,6,1
89f0d5cb-6690-4295-94a8-a1b13c12e9c8,14,b0a97e1a-e57b-4a3c-849c-2b9264da3d12,Snake1,100,6,1
89f0d5cb-6690-4295-94a8-a1b13c12e9c8,14,92e5c2c2-966e-4845-ba43-839f69ea08d9,Snake2,88,4,1
89f0d5cb-6690-4295-94a8-a1b13c12e9c8,14,0155d1e7-7d5a-4abf-8a38-a56d1cd7671b,Snake3,97,5,1
89f0d5cb-6690-4295-94a8-a1b13c12e9c8,14,d85838ae-55df-40b9-853f-e0e44b053a95,Snake4,96,6,1
89f0d5cb-6690-4295-94a8-a1b13c12e9c8,14,b0a97e1a-e57b-4a3c-849c-2b9264da3d12,Snake1,100,6,1
89f0d5cb-6690-4295-94a8-a1b13c12e9c8,14,92e5c2c2-966e-4845-ba43-839f69ea08d9,Snake2,88,4,1
89f0d5cb-6690-4295-94a8-a1b13c12e9c8,14,0155d1e7-7d5a-4abf-8a38-a56d1cd7671b,Snake3,97,5,1
89f0d5cb-6690-4295-94a8-a1b13c12e9c8,14,d85838ae-55df-40b9-853f-e0e44b053a95,Snake4,96,6,1
89f0d5cb-6690-4295-94a8-a1b13c12e9c8,15,b0a97e1a-e57b-4a3c-849c-2b9264da3d12,Snake1,99,6,1
89f0d5cb-6690-4295-94a8-a1b13c12e9c8,15,92e5c2c2-966e-4845-ba43-839f69ea08d9,Snake2,87,4,1
89f0d5cb-6690-4295-94a8-a1b13c12e9c8,15,0155d1e7-7d5a-4abf-8a38-a56d1cd7671b,Snake3,96,5,1
89f0d5cb-6690-4295-94a8-a1b13c12e9c8,15,d85838ae-55df-40b9-853f-e0e44b053a95,Snake4,95,6,1
89f0d5cb-6690-4295-94a8-a1b13c12e9c8,15,b0a97e1a-e57b-4a3c-849c-2b9264da3d12,Snake1,99,6,1
89f0d5cb-6690-4295-94a8-a1b13c12e9c8,15,92e5c2c2-966e-4845-ba43-839f69ea08d9,Snake2,87,4,1
89f0d5cb-6690-4295-94a8-a1b13c12e9c8,15,0155d1e7-7d5a-4abf-8a38-a56d1cd7671b,Snake3,96,5,1
89f0d5cb-6690-4295-94a8-a1b13c12e9c8,15,d85838ae-55df-40b9-853f-e0e44b053a95,Snake4,95,6,1
89f0d5cb-6690-4295-94a8-a1b13c12e9c8,15,b0a97e1a-e57b-4a3c-849c-2b9264da3d12,Snake1,99,6,1
89f0d5cb-6690-4295-94a8-a1b13c12e9c8,15,92e5c2c2-966e-4845-ba43-839f69ea08d9,Snake2,87,4,1
89f0d5cb-6690-4295-94a8-a1b13c12e9c8,15,0155d1e7-7d5a-4abf-8a38-a56d1cd7671b,Snake3,96,5,1
89f0d5cb-6690-4295-94a8-a1b13c12e9c8,15,d85838ae-55df-40b9-853f-e0e44b053a95,Snake4,95,6,1
89f0d5cb-6690-4295-94a8-a1b13c12e9c8,16,b0a97e1a-e57b-4a3c-849c-2b9264da3d12,Snake1,98,6,1
89f0d5cb-6690-4295-94a8-a1b13c12e9c8,16,92e5c2c2-966e-4845-ba43-839f69ea08d9,Snake2,86,4,1
89f0d5cb-6690-4295-94a8-a1b13c12e9c8,16,0155d1e7-7d5a-4abf-8a38-a56d1cd7671b,Snake3,95,5,1
89f0d5cb-6690-4295-94a8-a1b13c12e9c8,16,d85838ae-55df-40b9-853f-e0e44b053a95,Snake4,94,6,1
89f0d5cb-6690-4295-94a8-a1b13c12e9c8,16,b0a97e1a-e57b-4a3c-849c-2b9264da3d12,Snake1,98,6,1
89f0d5cb-6690-4295-94a8-a1b13c12e9c8,16,92e5c2c2-966e-4845-ba43-839f69ea08d9,Snake2,86,4,1
89f0d5cb-6690-4295-94a8-a1b13c12e9c8,16,0155d1e7-7d5a-4abf-8a38-a56d1cd7671b,Snake3,95,5,1
89f0d5cb-6690-4295-94a8-a1b13c12e9c8,16,d85838ae-55df-40b9-853f-e0e44b053a95,Snake4,94,6,1
89f0d5cb-6690-4295-94a8-a1b13c12e9c8,16,b0a97e1a-e57b-4a3c-849c-2b9264da3d12,Snake1,98,6,1
89f0d5cb-6690-4295-94a8-a1b13c12e9c8,16,92e5c2c2-966e-4845-ba43-839f69ea08d9,Snake2,86,4,1
89f0d5cb-6690-4295-94a8-a1b13c12e9c8,16,0155d1e7-7d5a-4abf-8a38-a56d1cd7671b,Snake3,95,5,1
89f0d5cb-6690-4295-94a8-a1b13c12e9c8,16,d85838ae-55df-40b9-853f-e0e44b053a95,Snake4,94,6,1
89f0d5cb-6690-4295-94a8-a1b13c12e9c8,16,b0a97e1a-e57b-4a3c-849c-2b9264da3d12,Snake1,98,6,1
89f0d5cb-6690-4295-94a8-a1b13c12e9c8,16,92e5c2c2-966e-4845-ba43-839f69ea08d9,Snake2,86,4,1
89f0d5cb-6690-4295-94a8-a1b13c12e9c8,16,0155d1e7-7d5a-4abf-8a38-a56d1cd7671b,Snake3,95,5,1
89f0d5cb-6690-4295-94a8-a1b13c12e9c8,16,d85838ae-55df-40b9-853f-e0e44b053a95,Snake4,94,6,1
89f0d5cb-6690-4295-94a8-a1b13c12e9c8,17,b0a97e1a-e57b-4a3c-849c-2b9264da3d12,Snake1,97,6,1
89f0d5cb-6690-4295-94a8-a1b13c12e9c8,17,92e5c2c2-966e-4845-ba43-839f69ea08d9,Snake2,85,4,1
89f0d5cb-6690-4295-94a8-a1b13c12e9c8,17,0155d1e7-7d5a-4abf-8a38-a56d1cd7671b,Snake3,94,5,1
89f0d5cb-6690-4295-94a8-a1b13c12e9c8,17,d85838ae-55df-40b9-853f-e0e44b053a95,Snake4,93,6,1
89f0d5cb-6690-4295-94a8-a1b13c12e9c8,17,b0a97e1a-e57b-4a3c-849c-2b9264da3d12,Snake1,97,6,1
89f0d5cb-6690-4295-94a8-a1b13c12e9c8,17,92e5c2c2-966e-4845-ba43-839f69ea08d9,Snake2,85,4,1
89f0d5cb-6690-4295-94a8-a1b13c12e9c8,17,0155d1e7-7d5a-4abf-8a38-a56d1cd7671b,Snake3,94,5,1
89f0d5cb-6690-4295-94a8-a1b13c12e9c8,17,d85838ae-55df-40b9-853f-e0e44b053a95,Snake4,93,6,1
89f0d5cb-6690-4295-94a8-a1b13c12e9c8,17,b0a97e1a-e57b-4a3c-849c-2b9264da3d12,Snake1,97,6,1
89f0d5cb-6690-4295-94a8-a1b13c12e9c8,17,92e5c2c2-966e-4845-ba43-839f69ea08d9,Snake2,85,4,1
89f0d5cb-6690-4295-94a8-a1b13c12e9c8,17,0155d1e7-7d5a-4abf-8a38-a56d1cd7671b,Snake3,94,5,1
89f0d5cb-6690-4295-94a8-a1b13c12e9c8,17,d85838ae-55df-40b9-853f-e0e44b053a95,Snake4,93,6,1
89f0d5cb-6690-4295-94a8-a1b13c12e9c8,17,b0a97e1a-e57b-4a3c-849c-2b9264da3d12,Snake1,97,6,1
89f0d5cb-6690-4295-94a8-a1b13c12e9c8,17,92e5c2c2-966e-4845-ba43-839f69ea08d9,Snake2,85,4,1
89f0d5cb-6690-4295-94a8-a1b13c12e9c8,17,0155d1e7-7d5a-4abf-8a38-a56d1cd7671b,Snake3,94,5,1
89f0d5cb-6690-4295-94a8-a1b13c12e9c8,17,d85838ae-55df-40b9-853f-e0e44b053a95,Snake4,93,6,1
89f0d5cb-6690-4295-94a8-a1b13c12e9c8,18,b0a97e1a-e57b-4a3c-849c-2b9264da3d12,Snake1,96,6,1
89f0d5cb-6690-4295-94a8-a1b13c12e9c8,18,92e5c2c2-966e-4845-ba43-839f69ea08d9,Snake2,84,4,1
89f0d5cb-6690-4295-94a8-a1b13c12e9c8,18,0155d1e7-7d5a-4abf-8a38-a56d1cd7671b,Snake3,93,5,1
89f0d5cb-6690-4295-94a8-a1b13c12e9c8,18,d85838ae-55df-40b9-853f-e0e44b053a95,Snake4,92,6,1
89f0d5cb-6690-4295-94a8-a1b13c12e9c8,18,b0a97e1a-e57b-4a3c-849c-2b9264da3d12,Snake1,96,6,1
89f0d5cb-6690-4295-94a8-a1b13c12e9c8,18,92e5c2c2-966e-4845-ba43-839f69ea08d9,Snake2,84,4,1
89f0d5cb-6690-4295-94a8-a1b13c12e9c8,18,0155d1e7-7d5a-4abf-8a38-a56d1cd7671b,Snake3,93,5,1
89f0d5cb-6690-4295-94a8-a1b13c12e9c8,18,d85838ae-55df-40b9-853f-e0e44b053a95,Snake4,92,6,1
89f0d5cb-6690-4295-94a8-a1b13c12e9c8,18,b0a97e1a-e57b-4a3c-849c-2b9264da3d12,Snake1,96,6,1
89f0d5cb-6690-4295-94a8-a1b13c12e9c8,18,92e5c2c2-966e-4845-ba43-839f69ea08d9,Snake2,84,4,1
89f0d5cb-6690-4295-94a8-a1b13c12e9c8,18,0155d1e7-7d5a-4abf-8a38-a56d1cd7671b,Snake3,93,5,1
89f0d5cb-6690-4295-94a8-a1b13c12e9c8,18,d85838ae-55df-40b9-853f-e0e44b053a95,Snake4,92,6,1
89f0d5cb-6690-4295-94a8-a1b13c12e9c8,18,b0a97e1a-e57b-4a3c-849c-2b9264da3d12,Snake1,96,6,1
89f0d5cb-6690-4295-94a8-a1b13c12e9c8,18,92e5c2c2-966e-4845-ba43-839f69ea08d9,Snake2,84,4,1
89f0d5cb-6690-4295-94a8-a1b13c12e9c8,18,0155d1e7-7d5a-4abf-8a38-a56d1cd7671b,Snake3,93,5,1
89f0d5cb-6690-4295-94a8-a1b13c12e9c8,18,d85838ae-55df-40b9-853f-e0e44b053a95,Snake4,92,6,1
89f0d5cb-6690-4295-94a8-a1b13c12e9c8,19,b0a97e1a-e57b-4a3c-849c-2b9264da3d12,Snake1,95,6,1
89f0d5cb-6690-4295-94a8-a1b13c12e9c8,19,92e5c2c2-966e-4845-ba43-839f69ea08d9,Snake2,83,4,1
89f0d5cb-6690-4295-94a8-a1b13c12e9c8,19,0155d1e7-7d5a-4abf-8a38-a56d1cd7671b,Snake3,92,5,1
89f0d5cb-6690-4295-94a8-a1b13c12e9c8,19,d85838ae-55df-40b9-853f-e0e44b053a95,Snake4,100,7,1
89f0d5cb-6690-4295-94a8-a1b13c12e9c8,19,b0a97e1a-e57b-4a3c-849c-2b9264da3d12,Snake1,95,6,1
89f0d5cb-6690-4295-94a8-a1b13c12e9c8,19,92e5c2c2-966e-4845-ba43-839f69ea08d9,Snake2,83,4,1
89f0d5cb-6690-4295-94a8-a1b13c12e9c8,19,0155d1e7-7d5a-4abf-8a38-a56d1cd7671b,Snake3,92,5,1
89f0d5cb-6690-4295-94a8-a1b13c12e9c8,19,d85838ae-55df-40b9-853f-e0e44b053a95,Snake4,100,7,1
89f0d5cb-6690-4295-94a8-a1b13c12e9c8,19,b0a97e1a-e57b-4a3c-849c-2b9264da3d12,Snake1,95,6,1
89f0d5cb-6690-4295-94a8-a1b13c12e9c8,19,92e5c2c2-966e-4845-ba43-839f69ea08d9,Snake2,83,4,1
89f0d5cb-6690-4295-94a8-a1b13c12e9c8,19,0155d1e7-7d5a-4abf-8a38-a56d1cd7671b,Snake3,92,5,1
89f0d5cb-6690-4295-94a8-a1b13c12e9c8,19,d85838ae-55df-40b9-853f-e0e44b053a95,Snake4,100,7,1
89f0d5cb-6690-4295-94a8-a1b13c12e9c8,19,b0a97e1a-e57b-4a3c-849c-2b9264da3d12,Snake1,95,6,1
89f0d5cb-6690-4295-94a8-a1b13c12e9c8,19,92e5c2c2-966e-4845-ba43-839f69ea08d9,Snake2,83,4,1
89f0d5cb-6690-4295-94a8-a1b13c12e9c8,19,0155d1e7-7d5a-4abf-8a38-a56d1cd7671b,Snake3,92,5,1
89f0d5cb-6690-4295-94a8-a1b13c12e9c8,19,d85838ae-55df-40b9-853f-e0e44b053a95,Snake4,100,7,1
89f0d5cb-6690-4295-94a8-a1b13c12e9c8,20,b0a97e1a-e57b-4a3c-849c-2b9264da3d12,Snake1,94,6,1
89f0d5cb-6690-4295-94a8-a1b13c12e9c8,20,92e5c2c2-966e-4845-ba43-839f69ea08d9,Snake2,82,4,1
89f0d5cb-6690-4295-94a8-a1b13c12e9c8,20,0155d1e7-7d5a-4abf-8a38-a56d1cd7671b,Snake3,91,5,1
89f0d5cb-6690-4295-94a8-a1b13c12e9c8,20,d85838ae-55df-40b9-853f-e0e44b053a95,Snake4,100,8,1
89f0d5cb-6690-4295-94a8-a1b13c12e9c8,20,b0a97e1a-e57b-4a3c-849c-2b9264da3d12,Snake1,94,6,1
89f0d5cb-6690-4295-94a8-a1b13c12e9c8,20,92e5c2c2-966e-4845-ba43-839f69ea08d9,Snake2,82,4,1
89f0d5cb-6690-4295-94a8-a1b13c12e9c8,20,0155d1e7-7d5a-4abf-8a38-a56d1cd7671b,Snake3,91,5,1
89f0d5cb-6690-4295-94a8-a1b13c12e9c8,20,d85838ae-55df-40b9-853f-e0e44b053a95,Snake4,100,8,1
89f0d5cb-6690-4295-94a8-a1b13c12e9c8,20,b0a97e1a-e57b-4a3c-849c-2b9264da3d12,Snake1,94,6,1
89f0d5cb-6690-4295-94a8-a1b13c12e9c8,20,92e5c2c2-966e-4845-ba43-839f69ea08d9,Snake2,82,4,1
89f0d5cb-6690-4295-94a8-a1b13c12e9c8,20,0155d1e7-7d5a-4abf-8a38-a56d1cd7671b,Snake3,91,5,1
89f0d5cb-6690-4295-94a8-a1b13c12e9c8,20,d85838ae-55df-40b9-853f-e0e44b053a95,Snake4,100,8,1
89f0d5cb-6690-4295-94a8-a1b13c12e9c8,20,b0a97e1a-e57b-4a3c-849c-2b9264da3d12,Snake1,94,6,1
89f0d5cb-6690-4295-94a8-a1b13c12e9c8,20,92e5c2c2-966e-4845-ba43-839f69ea08d9,Snake2,82,4,1
89f0d5cb-6690-4295-94a8-a1b13c12e9c8,20,0155d1e7-7d5a-4abf-8a38-a56d1cd7671b,Snake3,91,5,1
89f0d5cb-6690-4295-94a8-a1b13c12e9c8,20,d85838ae-55df-40b9-853f-e0e44b053a95,Snake4,100,8,1
89f0d5cb-6690-4295-94a8-a1b13c12e9c8,21,b0a97e1a-e57b-4a3c-849c-2b9264da3d12,Snake1,93,6,1
89f0d5cb-6690-4295-94a8-a1b13c12e9c8,21,92e5c2c2-966e-4845-ba43-839f69ea08d9,Snake2,81,4,1
89f0d5cb-6690-4295-94a8-a1b13c12e9c8,21,0155d1e7-7d5a-4abf-8a38-a56d1cd7671b,Snake3,90,5,1
89f0d5cb-6690-4295-94a8-a1b13c12e9c8,21,d85838ae-55df-40b9-853f-e0e44b053a95,Snake4,99,8,1
89f0d5cb-6690-4295-94a8-a1b13c12e9c8,21,b0a97e1a-e57b-4a3c-849c-2b9264da3d12,Snake1,93,6,1
89f0d5cb-6690-4295-94a8-a1b13c12e9c8,21,92e5c2c2-966e-4845-ba43-839f69ea08d9,Snake2,81,4,1
89f0d5cb-6690-4295-94a8-a1b13c12e9c8,21,0155d1e7-7d5a-4abf-8a38-a56d1cd7671b,Snake3,90,5,1
89f0d5cb-6690-4295-94a8-a1b13c12e9c8,21,d85838ae-55df-40b9-853f-e0e44b053a95,Snake4,99,8,1
89f0d5cb-6690-4295-94a8-a1b13c12e9c8,21,b0a97e1a-e57b-4a3c-849c-2b9264da3d12,Snake1,93,6,1
89f0d5cb-6690-4295-94a8-a1b13c12e9c8,21,92e5c2c2-966e-4845-ba43-839f69ea08d9,Snake2,81,4,1
89f0d5cb-6690-4295-94a8-a1b13c12e9c8,21,0155d1e7-7d5a-4abf-8a38-a56d1cd7671b,Snake3,90,5,1
89f0d5cb-6690-4295-94a8-a1b13c12e9c8,21,d85838ae-55df-40b9-853f-e0e44b053a95,Snake4,99,8,1
89f0d5cb-6690-4295-94a8-a1b13c12e9c8,22,b0a97e1a-e57b-4a3c-849c-2b9264da3d12,Snake1,92,6,1
89f0d5cb-6690-4295-94a8-a1b13c12e9c8,22,92e5c2c2-966e-4845-ba43-839f69ea08d9,Snake2,80,4,1
89f0d5cb-6690-4295-94a8-a1b13c12e9c8,22,0155d1e7-7d5a-4abf-8a38-a56d1cd7671b,Snake3,89,5,1
89f0d5cb-6690-4295-94a8-a1b13c12e9c8,22,d85838ae-55df-40b9-853f-e0e44b053a95,Snake4,98,8,1
89f0d5cb-6690-4295-94a8-a1b13c12e9c8,22,b0a97e1a-e57b-4a3c-849c-2b9264da3d12,Snake1,92,6,1
89f0d5cb-6690-4295-94a8-a1b13c12e9c8,22,92e5c2c2-966e-4845-ba43-839f69ea08d9,Snake2,80,4,1
89f0d5cb-6690-4295-94a8-a1b13c12e9c8,22,0155d1e7-7d5a-4abf-8a38-a56d1cd7671b,Snake3,89,5,1
89f0d5cb-6690-4295-94a8-a1b13c12e9c8,22,d85838ae-55df-40b9-853f-e0e44b053a95,Snake4,98,8,1
89f0d5cb-6690-4295-94a8-a1b13c12e9c8,22,b0a97e1a-e57b-4a3c-849c-2b9264da3d12,Snake1,92,6,1
89f0d5cb-6690-4295-94a8-a1b13c12e9c8,22,92e5c2c2-966e-4845-ba43-839f69ea08d9,Snake2,80,4,1
89f0d5cb-6690-4295-94a8-a1b13c12e9c8,22,0155d1e7-7d5a-4abf-8a38-a56d1cd7671b,Snake3,89,5,1
89f0d5cb-6690-4295-94a8-a1b13c12e9c8,22,d85838ae-55df-40b9-853f-e0e44b053a95,Snake4,98,8,1
89f0d5cb-6690-4295-94a8-a1b13c12e9c8,22,b0a97e1a-e57b-4a3c-849c-2b9264da3d12,Snake1,92,6,1
89f0d5cb-6690-4295-94a8-a1b13c12e9c8,22,92e5c2c2-966e-4845-ba43-839f69ea08d9,Snake2,80,4,1
89f0d5cb-6690-4295-94a8-a1b13c12e9c8,22,0155d1e7-7d5a-4abf-8a38-a56d1cd7671b,Snake3,89,5,1
89f0d5cb-6690-4295-94a8-a1b13c12e9c8,22,d85838ae-55df-40b9-853f-e0e44b053a95,Snake4,98,8,1
89f0d5cb-6690-4295-94a8-a1b13c12e9c8,23,b0a97e1a-e57b-4a3c-849c-2b9264da3d12,Snake1,100,7,1
89f0d5cb-6690-4295-94a8-a1b13c12e9c8,23,92e5c2c2-966e-4845-ba43-839f69ea08d9,Snake2,100,5,1
89f0d5cb-6690-4295-94a8-a1b13c12e9c8,23,0155d1e7-7d5a-4abf-8a38-a56d1cd7671b,Snake3,88,5,1
89f0d5cb-6690-4295-94a8-a1b13c12e9c8,23,d85838ae-55df-40b9-853f-e0e44b053a95,Snake4,97,8,1
89f0d5cb-6690-4295-94a8-a1b13c12e9c8,23,b0a97e1a-e57b-4a3c-849c-2b9264da3d12,Snake1,100,7,1
89f0d5cb-6690-4295-94a8-a1b13c12e9c8,23,92e5c2c2-966e-4845-ba43-839f69ea08d9,Snake2,100,5,1
89f0d5cb-6690-4295-94a8-a1b13c12e9c8,23,0155d1e7-7d5a-4abf-8a38-a56d1cd7671b,Snake3,88,5,1
89f0d5cb-6690-4295-94a8-a1b13c12e9c8,23,d85838ae-55df-40b9-853f-e0e44b053a95,Snake4,97,8,1
89f0d5cb-6690-4295-94a8-a1b13c12e9c8,24,b0a97e1a-e57b-4a3c-849c-2b9264da3d12,Snake1,99,7,1
89f0d5cb-6690-4295-94a8-a1b13c12e9c8,24,92e5c2c2-966e-4845-ba43-839f69ea08d9,Snake2,99,5,1
89f0d5cb-6690-4295-94a8-a1b13c12e9c8,24,0155d1e7-7d5a-4abf-8a38-a56d1cd7671b,Snake3,87,5,1
89f0d5cb-6690-4295-94a8-a1b13c12e9c8,24,d85838ae-55df-40b9-853f-e0e44b053a95,Snake4,96,8,1
89f0d5cb-6690-4295-94a8-a1b13c12e9c8,24,b0a97e1a-e57b-4a3c-849c-2b9264da3d12,Snake1,99,7,1
89f0d5cb-6690-4295-94a8-a1b13c12e9c8,24,92e5c2c2-966e-4845-ba43-839f69ea08d9,Snake2,99,5,1
89f0d5cb-6690-4295-94a8-a1b13c12e9c8,24,0155d1e7-7d5a-4abf-8a38-a56d1cd7671b,Snake3,87,5,1
89f0d5cb-6690-4295-94a8-a1b13c12e9c8,24,d85838ae-55df-40b9-853f-e0e44b053a95,Snake4,96,8,1
89f0d5cb-6690-4295-94a8-a1b13c12e9c8,24,b0a97e1a-e57b-4a3c-849c-2b9264da3d12,Snake1,99,7,1
89f0d5cb-6690-4295-94a8-a1b13c12e9c8,24,92e5c2c2-966e-4845-ba43-839f69ea08d9,Snake2,99,5,1
89f0d5cb-6690-4295-94a8-a1b13c12e9c8,24,0155d1e7-7d5a-4abf-8a38-a56d1cd7671b,Snake3,87,5,1
89f0d5cb-6690-4295-94a8-a1b13c12e9c8,24,d85838ae-55df-40b9-853f-e0e44b053a95,Snake4,96,8,1
89f0d5cb-6690-4295-94a8-a1b13c12e9c8,25,b0a97e1a-e57b-4a3c-849c-2b9264da3d12,Snake1,98,7,1
89f0d5cb-6690-4295-94a8-a1b13c12e9c8,25,92e5c2c2-966e-4845-ba43-839f69ea08d9,Snake2,98,5,1
89f0d5cb-6690-4295-94a8-a1b13c12e9c8,25,0155d1e7-7d5a-4abf-8a38-a56d1cd7671b,Snake3,100,6,1
89f0d5cb-6690-4295-94a8-a1b13c12e9c8,25,d85838ae-55df-40b9-853f-e0e44b053a95,Snake4,95,8,1
89f0d5cb-6690-4295-94a8-a1b13c12e9c8,25,b0a97e1a-e57b-4a3c-849c-2b9264da3d12,Snake1,98,7,1
89f0d5cb-6690-4295-94a8-a1b13c12e9c8,25,92e5c2c2-966e-4845-ba43-839f69ea08d9,Snake2,98,5,1
89f0d5cb-6690-4295-94a8-a1b13c12e9c8,25,0155d1e7-7d5a-4abf-8a38-a56d1cd7671b,Snake3,100,6,1
89f0d5cb-6690-4295-94a8-a1b13c12e9c8,25,d85838ae-55df-40b9-853f-e0e44b053a95,Snake4,95,8,1
89f0d5cb-6690-4295-94a8-a1b13c12e9c8,25,b0a97e1a-e57b-4a3c-849c-2b9264da3d12,Snake1,98,7,1
89f0d5cb-6690-4295-94a8-a1b13c12e9c8,25,92e5c2c2-966e-4845-ba43-839f69ea08d9,Snake2,98,5,1
89f0d5cb-6690-4295-94a8-a1b13c12e9c8,25,0155d1e7-7d5a-4abf-8a38-a56d1cd7671b,Snake3,100,6,1
89f0d5cb-6690-4295-94a8-a1b13c12e9c8,25,d85838ae-55df-40b9-853f-e0e44b053a95,Snake4,95,8,1
89f0d5cb-6690-4295-94a8-a1b13c12e9c8,26,b0a97e1a-e57b-4a3c-849c-2b9264da3d12,Snake1,97,7,1
89f0d5cb-6690-4295-94a8-a1b13c12e9c8,26,92e5c2c2-966e-4845-ba43-839f69ea08d9,Snake2,97,5,1
89f0d5cb-6690-4295-94a8-a1b13c12e9c8,26,0155d1e7-7d5a-4abf-8a38-a56d1cd7671b,Snake3,99,6,1
89f0d5cb-6690-4295-94a8-a1b13c12e9c8,26,d85838ae-55df-40b9-853f-e0e44b053a95,Snake4,94,8,1
89f0d5cb-6690-4295-94a8-a1b13c12e9c8,26,b0a97e1a-e57b-4a3c-849c-2b9264da3d12,Snake1,97,7,1
89f0d5cb-6690-4295-94a8-a1b13c12e9c8,26,92e5c2c2-966e-4845-ba43-839f69ea08d9,Snake2,97,5,1
89f0d5cb-6690-4295-94a8-a1b13c12e9c8,26,0155d1e7-7d5a-4abf-8a38-a56d1cd7671b,Snake3,99,6,1
89f0d5cb-6690-4295-94a8-a1b13c12e9c8,26,d85838ae-55df-40b9-853f-e0e44b053a95,Snake4,94,8,1
89f0d5cb-6690-4295-94a8-a1b13c12e9c8,27,b0a97e1a-e57b-4a3c-849c-2b9264da3d12,Snake1,96,7,1
89f0d5cb-6690-4295-94a8-a1b13c12e9c8,27,92e5c2c2-966e-4845-ba43-839f69ea08d9,Snake2,96,5,1
89f0d5cb-6690-4295-94a8-a1b13c12e9c8,27,0155d1e7-7d5a-4abf-8a38-a56d1cd7671b,Snake3,98,6,1
89f0d5cb-6690-4295-94a8-a1b13c12e9c8,27,d85838ae-55df-40b9-853f-e0e44b053a95,Snake4,93,8,1
89f0d5cb-6690-4295-94a8-a1b13c12e9c8,27,b0a97e1a-e57b-4a3c-849c-2b9264da3d12,Snake1,96,7,1
89f0d5cb-6690-4295-94a8-a1b13c12e9c8,27,92e5c2c2-966e-4845-ba43-839f69ea08d9,Snake2,96,5,1
89f0d5cb-6690-4295-94a8-a1b13c12e9c8,27,0155d1e7-7d5a-4abf-8a38-a56d1cd7671b,Snake3,98,6,1
89f0d5cb-6690-4295-94a8-a1b13c12e9c8,27,d85838ae-55df-40b9-853f-e0e44b053a95,Snake4,93,8,1
89f0d5cb-6690-4295-94a8-a1b13c12e9c8,27,b0a97e1a-e57b-4a3c-849c-2b9264da3d12,Snake1,96,7,1
89f0d5cb-6690-4295-94a8-a1b13c12e9c8,27,92e5c2c2-966e-4845-ba43-839f69ea08d9,Snake2,96,5,1
89f0d5cb-6690-4295-94a8-a1b13c12e9c8,27,0155d1e7-7d5a-4abf-8a38-a56d1cd7671b,Snake3,98,6,1
89f0d5cb-6690-4295-94a8-a1b13c12e9c8,27,d85838ae-55df-40b9-853f-e0e44b053a95,Snake4,93,8,1
89f0d5cb-6690-4295-94a8-a1b13c12e9c8,27,b0a97e1a-e57b-4a3c-849c-2b9264da3d12,Snake1,96,7,1
89f0d5cb-6690-4295-94a8-a1b13c12e9c8,27,92e5c2c2-966e-4845-ba43-839f69ea08d9,Snake2,96,5,1
89f0d5cb-6690-4295-94a8-a1b13c12e9c8,27,0155d1e7-7d5a-4abf-8a38-a56d1cd7671b,Snake3,98,6,1
89f0d5cb-6690-4295-94a8-a1b13c12e9c8,27,d85838ae-55df-40b9-853f-e0e44b053a95,Snake4,93,8,1
89f0d5cb-6690-4295-94a8-a1b13c12e9c8,28,b0a97e1a-e57b-4a3c-849c-2b9264da3d12,Snake1,95,7,1
89f0d5cb-6690-4295-94a8-a1b13c12e9c8,28,92e5c2c2-966e-4845-ba43-839f69ea08d9,Snake2,95,5,1
89f0d5cb-6690-4295-94a8-a1b13c12e9c8,28,0155d1e7-7d5a-4abf-8a38-a56d1cd7671b,Snake3,97,6,1
89f0d5cb-6690-4295-94a8-a1b13c12e9c8,28,d85838ae-55df-40b9-853f-e0e44b053a95,Snake4,92,8,1
89f0d5cb-6690-4295-94a8-a1b13c12e9c8,28,b0a97e1a-e57b-4a3c-849c-2b9264da3d12,Snake1,95,7,1
89f0d5cb-6690-4295-94a8-a1b13c12e9c8,28,92e5c2c2-966e-4845-ba43-839f69ea08d9,Snake2,95,5,1
89f0d5cb-6690-4295-94a8-a1b13c12e9c8,28,0155d1e7-7d5a-4abf-8a38-a56d1cd7671b,Snake3,97,6,1
89f0d5cb-6690-4295-94a8-a1b13c12e9c8,28,d85838ae-55df-40b9-853f-e0e44b053a95,Snake4,92,8,1
89f0d5cb-6690-4295-94a8-a1b13c12e9c8,28,b0a97e1a-e57b-4a3c-849c-2b9264da3d12,Snake1,95,7,1
89f0d5cb-6690-4295-94a8-a1b13c12e9c8,28,92e5c2c2-966e-4845-ba43-839f69ea08d9,Snake2,95,5,1
89f0d5cb-6690-4295-94a8-a1b13c12e9c8,28,0155d1e7-7d5a-4abf-8a38-a56d1cd7671b,Snake3,97,6,1
89f0d5cb-6690-4295-94a8-a1b13c12e9c8,28,d85838ae-55df-40b9-853f-e0e44b053a95,Snake4,92,8,1
89f0d5cb-6690-4295-94a8-a1b13c12e9c8,29,b0a97e1a-e57b-4a3c-849c-2b9264da3d12,Snake1,94,7,1
89f0d5cb-6690-4295-94a8-a1b13c12e9c8,29,92e5c2c2-966e-4845-ba43-839f69ea08d9,Snake2,94,5,1
89f0d5cb-6690-4295-94a8-a1b13c12e9c8,29,0155d1e7-7d5a-4abf-8a38-a56d1cd7671b,Snake3,96,6,1
89f0d5cb-6690-4295-94a8-a1b13c12e9c8,29,d85838ae-55df-40b9-853f-e0e44b053a95,Snake4,91,8,1
89f0d5cb-6690-4295-94a8-a1b13c12e9c8,29,b0a97e1a-e57b-4a3c-849c-2b9264da3d12,Snake1,94,7,1
89f0d5cb-6690-4295-94a8-a1b13c12e9c8,29,92e5c2c2-966e-4845-ba43-839f69ea08d9,Snake2,94,5,1
89f0d5cb-6690-4295-94a8-a1b13c12e9c8,29,0155d1e7-7d5a-4abf-8a38-a56d1cd7671b,Snake3,96,6,1
89f0d5cb-6690-4295-94a8-a1b13c12e9c8,29,d85838ae-55df-40b9-853f-e0e44b053a95,Snake4,91,8,1
89f0d5cb-6690-4295-94a8-a1b13c12e9c8,29,b0a97e1a-e57b-4a3c-849c-2b9264da3d12,Snake1,94,7,1
89f0d5cb-6690-4295-94a8-a1b13c12e9c8,29,92e5c2c2-966e-4845-ba43-839f69ea08d9,Snake2,94,5,1
89f0d5cb-6690-4295-94a8-a1b13c12e9c8,29,0155d1e7-7d5a-4abf-8a38-a56d1cd7671b,Snake3,96,6,1
89f0d5cb-6690-4295-94a8-a1b13c12e9c8,29,d85838ae-55df-40b9-853f-e0e44b053a95,Snake4,91,8,1
89f0d5cb-6690-4295-94a8-a1b13c12e9c8,29,b0a97e1a-e57b-4a3c-849c-2b9264da3d12,Snake1,94,7,1
89f0d5cb-6690-4295-94a8-a1b13c12e9c8,29,92e5c2c2-966e-4845-ba43-839f69ea08d9,Snake2,94,5,1
89f0d5cb-6690-4295-94a8-a1b13c12e9c8,29,0155d1e7-7d5a-4abf-8a38-a56d1cd7671b,Snake3,96,6,1
89f0d5cb-6690-4295-94a8-a1b13c12e9c8,29,d85838ae-55df-40b9-853f-e0e44b053a95,Snake4,91,8,1
89f0d5cb-6690-4295-94a8-a1b13c12e9c8,30,b0a97e1a-e57b-4a3c-849c-2b9264da3d12,Snake1,93,7,1
89f0d5cb-6690-4295-94a8-a1b13c12e9c8,30,92e5c2c2-966e-4845-ba43-839f69ea08d9,Snake2,93,5,1
89f0d5cb-6690-4295-94a8-a1b13c12e9c8,30,0155d1e7-7d5a-4abf-8a38-a56d1cd7671b,Snake3,95,6,1
89f0d5cb-6690-4295-94a8-a1b13c12e9c8,30,d85838ae-55df-40b9-853f-e0e44b053a95,Snake4,90,8,1
89f0d5cb-6690-4295-94a8-a1b13c12e9c8,30,b0a97e1a-e57b-4a3c-849c-2b9264da3d12,Snake1,93,7,1
89f0d5cb-6690-4295-94a8-a1b13c12e9c8,30,92e5c2c2-966e-4845-ba43-839f69ea08d9,Snake2,93,5,1
89f0d5cb-6690-4295-94a8-a1b13c12e9c8,30,0155d1e7-7d5a-4abf-8a38-a56d1cd7671b,Snake3,95,6,1
89f0d5cb-6690-4295-94a8-a1b13c12e9c8,30,d85838ae-55df-40b9-853f-e0e44b053a95,Snake4,90,8,1
89f0d5cb-6690-4295-94a8-a1b13c12e9c8,30,b0a97e1a-e57b-4a3c-849c-2b9264da3d12,Snake1,93,7,1
89f0d5cb-6690-4295-94a8-a1b13c12e9c8,30,92e5c2c2-966e-4845-ba43-839f69ea08d9,Snake2,93,5,1
89f0d5cb-6690-4295-94a8-a1b13c12e9c8,30,0155d1e7-7d5a-4abf-8a38-a56d1cd7671b,Snake3,95,6,1
89f0d5cb-6690-4295-94a8-a1b13c12e9c8,30,d85838ae-55df-40b9-853f-e0e44b053a95,Snake4,90,8,1
89f0d5cb-6690-4295-94a8-a1b13c12e9c8,31,b0a97e1a-e57b-4a3c-849c-2b9264da3d12,Snake1,92,7,1
89f0d5cb-6690-4295-94a8-a1b13c12e9c8,31,92e5c2c2-966e-4845-ba43-839f69ea08d9,Snake2,92,5,1
89f0d5cb-6690-4295-94a8-a1b13c12e9c8,31,0155d1e7-7d5a-4abf-8a38-a56d1cd7671b,Snake3,94,6,1
89f0d5cb-6690-4295-94a8-a1b13c12e9c8,31,d85838ae-55df-40b9-853f-e0e44b053a95,Snake4,89,8,1
89f0d5cb-6690-4295-94a8-a1b13c12e9c8,31,b0a97e1a-e57b-4a3c-849c-2b9264da3d12,Snake1,92,7,1
89f0d5cb-6690-4295-94a8-a1b13c12e9c8,31,92e5c2c2-966e-4845-ba43-839f69ea08d9,Snake2,92,5,1
89f0d5cb-6690-4295-94a8-a1b13c12e9c8,31,0155d1e7-7d5a-4abf-8a38-a56d1cd7671b,Snake3,94,6,1
89f0d5cb-6690-4295-94a8-a1b13c12e9c8,31,d85838ae-55df-40b9-853f-e0e44b053a95,Snake4,89,8,1
89f0d5cb-6690-4295-94a8-a1b13c12e9c8,31,b0a97e1a-e57b-4a3c-849c-2b9264da3d12,Snake1,92,7,1
89f0d5cb-6690-4295-94a8-a1b13c12e9c8,31,92e5c2c2-966e-4845-ba43-839f69ea08d9,Snake2,92,5,1
89f0d5cb-6690-4295-94a8-a1b13c12e9c8,31,0155d1e7-7d5a-4abf-8a38-a56d1cd7671b,Snake3,94,6,1
89f0d5cb-6690-4295-94a8-a1b13c12e9c8,31,d85838ae-55df-40b9-853f-e0e44b053a95,Snake4,89,8,1
89f0d5cb-6690-4295-94a8-a1b13c12e9c8,31,b0a97e1a-e57b-4a3c-849c-2b9264da3d12,Snake1,92,7,1
89f0d5cb-6690-4295-94a8-a1b13c12e9c8,31,92e5c2c2-966e-4845-ba43-839f69ea08d9,Snake2,92,5,1
89f0d5cb-6690-4295-94a8-a1b13c12e9c8,31,0155d1e7-7d5a-4abf-8a38-a56d1cd7671b,Snake3,94,6,1
89f0d5cb-6690-4295-94a8-a1b13c12e9c8,31,d85838ae-55df-40b9-853f-e0e44b053a95,Snake4,89,8,1
89f0d5cb-6690-4295-94a8-a1b13c12e9c8,32,b0a97e1a-e57b-4a3c-849c-2b9264da3d12,Snake1,91,7,1
89f0d5cb-6690-4295-94a8-a1b13c12e9c8,32,92e5c2c2-966e-4845-ba43-839f69ea08d9,Snake2,77,5,1
89f0d5cb-6690-4295-94a8-a1b13c12e9c8,32,0155d1e7-7d5a-4abf-8a38-a56d1cd7671b,Snake3,100,7,1
89f0d5cb-6690-4295-94a8-a1b13c12e9c8,32,d85838ae-55df-40b9-853f-e0e44b053a95,Snake4,88,8,1
89f0d5cb-6690-4295-94a8-a1b13c12e9c8,32,b0a97e1a-e57b-4a3c-849c-2b9264da3d12,Snake1,91,7,1
89f0d5cb-6690-4295-94a8-a1b13c12e9c8,32,92e5c2c2-966e-4845-ba43-839f69ea08d9,Snake2,77,5,1
89f0d5cb-6690-4295-94a8-a1b13c12e9c8,32,0155d1e7-7d5a-4abf-8a38-a56d1cd7671b,Snake3,100,7,1
89f0d5cb-6690-4295-94a8-a1b13c12e9c8,32,d85838ae-55df-40b9-853f-e0e44b053a95,Snake4,88,8,1
89f0d5cb-6690-4295-94a8-a1b13c12e9c8,32,b0a97e1a-e57b-4a3c-849c-2b9264da3d12,Snake1,91,7,1
89f0d5cb-6690-4295-94a8-a1b13c12e9c8,32,92e5c2c2-966e-4845-ba43-839f69ea08d9,Snake2,77,5,1
89f0d5cb-6690-4295-94a8-a1b13c12e9c8,32,0155d1e7-7d5a-4abf-8a38-a56d1cd7671b,Snake3,100,7,1
89f0d5cb-6690-4295-94a8-a1b13c12e9c8,32,d85838ae-55df-40b9-853f-e0e44b053a95,Snake4,88,8,1
89f0d5cb-6690-4295-94a8-a1b13c12e9c8,32,b0a97e1a-e57b-4a3c-849c-2b9264da3d12,Snake1,91,7,1
89f0d5cb-6690-4295-94a8-a1b13c12e9c8,32,92e5c2c2-966e-4845-ba43-839f69ea08d9,Snake2,77,5,1
89f0d5cb-6690-4295-94a8-a1b13c12e9c8,32,0155d1e7-7d5a-4abf-8a38-a56d1cd7671b,Snake3,100,7,1
89f0d5cb-6690-4295-94a8-a1b13c12e9c8,32,d85838ae-55df-40b9-853f-e0e44b053a95,Snake4,88,8,1
89f0d5cb-6690-4295-94a8-a1b13c12e9c8,33,b0a97e1a-e57b-4a3c-849c-2b9264da3d12,Snake1,90,7,1
89f0d5cb-6690-4295-94a8-a1b13c12e9c8,33,92e5c2c2-966e-4845-ba43-839f69ea08d9,Snake2,76,5,1
89f0d5cb-6690-4295-94a8-a1b13c12e9c8,33,0155d1e7-7d5a-4abf-8a38-a56d1cd7671b,Snake3,99,7,1
89f0d5cb-6690-4295-94a8-a1b13c12e9c8,33,d85838ae-55df-40b9-853f-e0e44b053a95,Snake4,87,8,1
89f0d5cb-6690-4295-94a8-a1b13c12e9c8,33,b0a97e1a-e57b-4a3c-849c-2b9264da3d12,Snake1,90,7,1
89f0d5cb-6690-4295-94a8-a1b13c12e9c8,33,92e5c2c2-966e-4845-ba43-839f69ea08d9,Snake2,76,5,1
89f0d5cb-6690-4295-94a8-a1b13c12e9c8,33,0155d1e7-7d5a-4abf-8a38-a56d1cd7671b,Snake3,99,7,1
89f0d5cb-6690-4295-94a8-a1b13c12e9c8,33,d85838ae-55df-40b9-853f-e0e44b053a95,Snake4,87,8,1
89f0d5cb-6690-4295-94a8-a1b13c12e9c8,33,b0a97e1a-e57b-4a3c-849c-2b9264da3d12,Snake1,90,7,1
89f0d5cb-6690-4295-94a8-a1b13c12e9c8,33,92e5c2c2-966e-4845-ba43-839f69ea08d9,Snake2,76,5,1
89f0d5cb-6690-4295-94a8-a1b13c12e9c8,33,0155d1e7-7d5a-4abf-8a38-a56d1cd7671b,Snake3,99,7,1
89f0d5cb-6690-4295-94a8-a1b13c12e9c8,33,d85838ae-55df-40b9-853f-e0e44b053a95,Snake4,87,8,1
89f0d5cb-6690-4295-94a8-a1b13c12e9c8,33,b0a97e1a-e57b-4a3c-849c-2b9264da3d12,Snake1,90,7,1
89f0d5cb-6690-4295-94a8-a1b13c12e9c8,33,92e5c2c2-966e-4845-ba43-839f69ea08d9,Snake2,76,5,1
89f0d5cb-6690-4295-94a8-a1b13c12e9c8,33,0155d1e7-7d5a-4abf-8a38-a56d1cd7671b,Snake3,99,7,1
89f0d5cb-6690-4295-94a8-a1b13c12e9c8,33,d85838ae-55df-40b9-853f-e0e44b053a95,Snake4,87,8,1
89f0d5cb-6690-4295-94a8-a1b13c12e9c8,34,b0a97e1a-e57b-4a3c-849c-2b9264da3d12,Snake1,89,7,1
89f0d5cb-6690-4295-94a8-a1b13c12e9c8,34,92e5c2c2-966e-4845-ba43-839f69ea08d9,Snake2,75,5,1
89f0d5cb-6690-4295-94a8-a1b13c12e9c8,34,0155d1e7-7d5a-4abf-8a38-a56d1cd7671b,Snake3,98,7,1
89f0d5cb-6690-4295-94a8-a1b13c12e9c8,34,d85838ae-55df-40b9-853f-e0e44b053a95,Snake4,86,8,1
89f0d5cb-6690-4295-94a8-a1b13c12e9c8,34,b0a97e1a-e57b-4a3c-849c-2b9264da3d12,Snake1,89,7,1
89f0d5cb-6690-4295-94a8-a1b13c12e9c8,34,92e5c2c2-966e-4845-ba43-839f69ea08d9,Snake2,75,5,1
89f0d5cb-6690-4295-94a8-a1b13c12e9c8,34,0155d1e7-7d5a-4abf-8a38-a56d1cd7671b,Snake3,98,7,1
89f0d5cb-6690-4295-94a8-a1b13c12e9c8,34,d85838ae-55df-40b9-853f-e0e44b053a95,Snake4,86,8,1
89f0d5cb-6690-4295-94a8-a1b13c12e9c8,34,b0a97e1a-e57b-4a3c-849c-2b9264da3d12,Snake1,89,7,1
89f0d5cb-6690-4295-94a8-a1b13c12e9c8,34,92e5c2c2-966e-4845-ba43-839f69ea08d9,Snake2,75,5,1
89f0d5cb-6690-4295-94a8-a1b13c12e9c8,34,0155d1e7-7d5a-4abf-8a38-a56d1cd7671b,Snake3,98,7,1
89f0d5cb-6690-4295-94a8-a1b13c12e9c8,34,d85838ae-55df-40b9-853f-e0e44b053a95,Snake4,86,8,1
89f0d5cb-6690-4295-94a8-a1b13c12e9c8,35,b0a97e1a-e57b-4a3c-849c-2b9264da3d12,Snake1,88,7,1
89f0d5cb-6690-4295-94a8-a1b13c12e9c8,35,92e5c2c2-966e-4845-ba43-839f69ea08d9,Snake2,74,5,1
89f0d5cb-6690-4295-94a8-a1b13c12e9c8,35,0155d1e7-7d5a-4abf-8a38-a56d1cd7671b,Snake3,97,7,1
89f0d5cb-6690-4295-94a8-a1b13c12e9c8,35,d85838ae-55df-40b9-853f-e0e44b053a95,Snake4,100,9,1
89f0d5cb-6690-4295-94a8-a1b13c12e9c8,35,b0a97e1a-e57b-4a3c-849c-2b9264da3d12,Snake1,88,7,1
89f0d5cb-6690-4295-94a8-a1b13c12e9c8,35,92e5c2c2-966e-4845-ba43-839f69ea08d9,Snake2,74,5,1
89f0d5cb-6690-4295-94a8-a1b13c12e9c8,35,0155d1e7-7d5a-4abf-8a38-a56d1cd7671b,Snake3,97,7,1
89f0d5cb-6690-4295-94a8-a1b13c12e9c8,35,d85838ae-55df-40b9-853f-e0e44b053a95,Snake4,100,9,1
89f0d5cb-6690-4295-94a8-a1b13c12e9c8,35,b0a97e1a-e57b-4a3c-849c-2b9264da3d12,Snake1,88,7,1
89f0d5cb-6690-4295-94a8-a1b13c12e9c8,35,92e5c2c2-966e-4845-ba43-839f69ea08d9,Snake2,74,5,1
89f0d5cb-6690-4295-94a8-a1b13c12e9c8,35,0155d1e7-7d5a-4abf-8a38-a56d1cd7671b,Snake3,97,7,1
89f0d5cb-6690-4295-94a8-a1b13c12e9c8,35,d85838ae-55df-40b9-853f-e0e44b053a95,Snake4,100,9,1
89f0d5cb-6690-4295-94a8-a1b13c12e9c8,35,b0a97e1a-e57b-4a3c-849c-2b9264da3d12,Snake1,88,7,1
89f0d5cb-6690-4295-94a8-a1b13c12e9c8,35,92e5c2c2-966e-4845-ba43-839f69ea08d9,Snake2,74,5,1
89f0d5cb-6690-4295-94a8-a1b13c12e9c8,35,0155d1e7-7d5a-4abf-8a38-a56d1cd7671b,Snake3,97,7,1
89f0d5cb-6690-4295-94a8-a1b13c12e9c8,35,d85838ae-55df-40b9-853f-e0e44b053a95,Snake4,100,9,1
89f0d5cb-6690-4295-94a8-a1b13c12e9c8,36,b0a97e1a-e57b-4a3c-849c-2b9264da3d12,Snake1,87,7,1
89f0d5cb-6690-4295-94a8-a1b13c12e9c8,36,92e5c2c2-966e-4845-ba43-839f69ea08d9,Snake2,73,5,1
89f0d5cb-6690-4295-94a8-a1b13c12e9c8,36,0155d1e7-7d5a-4abf-8a38-a56d1cd7671b,Snake3,96,7,1
89f0d5cb-6690-4295-94a8-a1b13c12e9c8,36,d85838ae-55df-40b9-853f-e0e44b053a95,Snake4,99,9,1
89f0d5cb-6690-4295-94a8-a1b13c12e9c8,36,b0a97e1a-e57b-4a3c-849c-2b9264da3d12,Snake1,87,7,1
89f0d5cb-6690-4295-94a8-a1b13c12e9c8,36,92e5c2c2-966e-4845-ba43-839f69ea08d9,Snake2,73,5,1
89f0d5cb-6690-4295-94a8-a1b13c12e9c8,36,0155d1e7-7d5a-4abf-8a38-a56d1cd7671b,Snake3,96,7,1
89f0d5cb-6690-4295-94a8-a1b13c12e9c8,36,d85838ae-55df-40b9-853f-e0e44b053a95,Snake4,99,9,1
89f0d5cb-6690-4295-94a8-a1b13c12e9c8,36,b0a97e1a-e57b-4a3c-849c-2b9264da3d12,Snake1,87,7,1
89f0d5cb-6690-4295-94a8-a1b13c12e9c8,36,92e5c2c2-966e-4845-ba43-839f69ea08d9,Snake2,73,5,1
89f0d5cb-6690-4295-94a8-a1b13c12e9c8,36,0155d1e7-7d5a-4abf-8a38-a56d1cd7671b,Snake3,96,7,1
89f0d5cb-6690-4295-94a8-a1b13c12e9c8,36,d85838ae-55df-40b9-853f-e0e44b053a95,Snake4,99,9,1
89f0d5cb-6690-4295-94a8-a1b13c12e9c8,37,b0a97e1a-e57b-4a3c-849c-2b9264da3d12,Snake1,86,7,1
89f0d5cb-6690-4295-94a8-a1b13c12e9c8,37,92e5c2c2-966e-4845-ba43-839f69ea08d9,Snake2,72,5,1
89f0d5cb-6690-4295-94a8-a1b13c12e9c8,37,0155d1e7-7d5a-4abf-8a38-a56d1cd7671b,Snake3,95,7,1
89f0d5cb-6690-4295-94a8-a1b13c12e9c8,37,d85838ae-55df-40b9-853f-e0e44b053a95,Snake4,100,10,1
89f0d5cb-6690-4295-94a8-a1b13c12e9c8,37,b0a97e1a-e57b-4a3c-849c-2b9264da3d12,Snake1,86,7,1
89f0d5cb-6690-4295-94a8-a1b13c12e9c8,37,92e5c2c2-966e-4845-ba43-839f69ea08d9,Snake2,72,5,1
89f0d5cb-6690-4295-94a8-a1b13c12e9c8,37,0155d1e7-7d5a-4abf-8a38-a56d1cd7671b,Snake3,95,7,1
89f0d5cb-6690-4295-94a8-a1b13c12e9c8,37,d85838ae-55df-40b9-853f-e0e44b053a95,Snake4,100,10,1
89f0d5cb-6690-4295-94a8-a1b13c12e9c8,37,b0a97e1a-e57b-4a3c-849c-2b9264da3d12,Snake1,86,7,1
89f0d5cb-6690-4295-94a8-a1b13c12e9c8,37,92e5c2c2-966e-4845-ba43-839f69ea08d9,Snake2,72,5,1
89f0d5cb-6690-4295-94a8-a1b13c12e9c8,37,0155d1e7-7d5a-4abf-8a38-a56d1cd7671b,Snake3,95,7,1
89f0d5cb-6690-4295-94a8-a1b13c12e9c8,37,d85838ae-55df-40b9-853f-e0e44b053a95,Snake4,100,10,1
89f0d5cb-6690-4295-94a8-a1b13c12e9c8,37,b0a97e1a-e57b-4a3c-849c-2b9264da3d12,Snake1,86,7,1
89f0d5cb-6690-4295-94a8-a1b13c12e9c8,37,92e5c2c2-966e-4845-ba43-839f69ea08d9,Snake2,72,5,1
89f0d5cb-6690-4295-94a8-a1b13c12e9c8,37,0155d1e7-7d5a-4abf-8a38-a56d1cd7671b,Snake3,95,7,1
89f0d5cb-6690-4295-94a8-a1b13c12e9c8,37,d85838ae-55df-40b9-853f-e0e44b053a95,Snake4,100,10,1
89f0d5cb-6690-4295-94a8-a1b13c12e9c8,38,b0a97e1a-e57b-4a3c-849c-2b9264da3d12,Snake1,85,7,1
89f0d5cb-6690-4295-94a8-a1b13c12e9c8,38,92e5c2c2-966e-4845-ba43-839f69ea08d9,Snake2,71,5,1
89f0d5cb-6690-4295-94a8-a1b13c12e9c8,38,0155d1e7-7d5a-4abf-8a38-a56d1cd7671b,Snake3,94,7,1
89f0d5cb-6690-4295-94a8-a1b13c12e9c8,38,d85838ae-55df-40b9-853f-e0e44b053a95,Snake4,100,11,1
89f0d5cb-6690-4295-94a8-a1b13c12e9c8,38,b0a97e1a-e57b-4a3c-849c-2b9264da3d12,Snake1,85,7,1
89f0d5cb-6690-4295-94a8-a1b13c12e9c8,38,92e5c2c2-966e-4845-ba43-839f69ea08d9,Snake2,71,5,1
89f0d5cb-6690-4295-94a8-a1b13c12e9c8,38,0155d1e7-7d5a-4abf-8a38-a56d1cd7671b,Snake3,94,7,1
89f0d5cb-6690-4295-94a8-a1b13c12e9c8,38,d85838ae-55df-40b9-853f-e0e44b053a95,Snake4,100,11,1
89f0d5cb-6690-4295-94a8-a1b13c12e9c8,38,b0a97e1a-e57b-4a3c-849c-2b9264da3d12,Snake1,85,7,1
89f0d5cb-6690-4295-94a8-a1b13c12e9c8,38,92e5c2c2-966e-4845-ba43-839f69ea08d9,Snake2,71,5,1
89f0d5cb-6690-4295-94a8-a1b13c12e9c8,38,0155d1e7-7d5a-4abf-8a38-a56d1cd7671b,Snake3,94,7,1
89f0d5cb-6690-4295-94a8-a1b13c12e9c8,38,d85838ae-55df-40b9-853f-e0e44b053a95,Snake4,100,11,1
89f0d5cb-6690-4295-94a8-a1b13c12e9c8,38,b0a97e1a-e57b-4a3c-849c-2b9264da3d12,Snake1,85,7,1
89f0d5cb-6690-4295-94a8-a1b13c12e9c8,38,92e5c2c2-966e-4845-ba43-839f69ea08d9,Snake2,71,5,1
89f0d5cb-6690-4295-94a8-a1b13c12e9c8,38,0155d1e7-7d5a-4abf-8a38-a56d1cd7671b,Snake3,94,7,1
89f0d5cb-6690-4295-94a8-a1b13c12e9c8,38,d85838ae-55df-40b9-853f-e0e44b053a95,Snake4,100,11,1
89f0d5cb-6690-4295-94a8-a1b13c12e9c8,39,b0a97e1a-e57b-4a3c-849c-2b9264da3d12,Snake1,84,7,1
89f0d5cb-6690-4295-94a8-a1b13c12e9c8,39,92e5c2c2-966e-4845-ba43-839f69ea08d9,Snake2,70,5,1
89f0d5cb-6690-4295-94a8-a1b13c12e9c8,39,0155d1e7-7d5a-4abf-8a38-a56d1cd7671b,Snake3,93,7,1
89f0d5cb-6690-4295-94a8-a1b13c12e9c8,39,d85838ae-55df-40b9-853f-e0e44b053a95,Snake4,99,11,1
89f0d5cb-6690-4295-94a8-a1b13c12e9c8,39,b0a97e1a-e57b-4a3c-849c-2b9264da3d12,Snake1,84,7,1
89f0d5cb-6690-4295-94a8-a1b13c12e9c8,39,92e5c2c2-966e-4845-ba43-839f69ea08d9,Snake2,70,5,1
89f0d5cb-6690-4295-94a8-a1b13c12e9c8,39,0155d1e7-7d5a-4abf-8a38-a56d1cd7671b,Snake3,93,7,1
89f0d5cb-6690-4295-94a8-a1b13c12e9c8,39,d85838ae-55df-40b9-853f-e0e44b053a95,Snake4,99,11,1
89f0d5cb-6690-4295-94a8-a1b13c12e9c8,39,b0a97e1a-e57b-4a3c-849c-2b9264da3d12,Snake1,84,7,1
89f0d5cb-6690-4295-94a8-a1b13c12e9c8,39,92e5c2c2-966e-4845-ba43-839f69ea08d9,Snake2,70,5,1
89f0d5cb-6690-4295-94a8-a1b13c12e9c8,39,0155d1e7-7d5a-4abf-8a38-a56d1cd7671b,Snake3,93,7,1
89f0d5cb-6690-4295-94a8-a1b13c12e9c8,39,d85838ae-55df-40b9-853f-e0e44b053a95,Snake4,99,11,1
89f0d5cb-6690-4295-94a8-a1b13c12e9c8,39,b0a97e1a-e57b-4a3c-849c-2b9264da3d12,Snake1,84,7,1
89f0d5cb-6690-4295-94a8-a1b13c12e9c8,39,92e5c2c2-966e-4845-ba43-839f69ea08d9,Snake2,70,5,1
89f0d5cb-6690-4295-94a8-a1b13c12e9c8,39,0155d1e7-7d5a-4abf-8a38-a56d1cd7671b,Snake3,93,7,1
89f0d5cb-6690-4295-94a8-a1b13c12e9c8,39,d85838ae-55df-40b9-853f-e0e44b053a95,Snake4,99,11,1
89f0d5cb-6690-4295-94a8-a1b13c12e9c8,40,b0a97e1a-e57b-4a3c-849c-2b9264da3d12,Snake1,83,7,1
89f0d5cb-6690-4295-94a8-a1b13c12e9c8,40,92e5c2c2-966e-4845-ba43-839f69ea08d9,Snake2,69,5,1
89f0d5cb-6690-4295-94a8-a1b13c12e9c8,40,0155d1e7-7d5a-4abf-8a38-a56d1cd7671b,Snake3,92,7,1
89f0d5cb-6690-4295-94a8-a1b13c12e9c8,40,d85838ae-55df-40b9-853f-e0e44b053a95,Snake4,98,11,1
89f0d5cb-6690-4295-94a8-a1b13c12e9c8,40,b0a97e1a-e57b-4a3c-849c-2b9264da3d12,Snake1,83,7,1
89f0d5cb-6690-4295-94a8-a1b13c12e9c8,40,92e5c2c2-966e-4845-ba43-839f69ea08d9,Snake2,69,5,1
89f0d5cb-6690-4295-94a8-a1b13c12e9c8,40,0155d1e7-7d5a-4abf-8a38-a56d1cd7671b,Snake3,92,7,1
89f0d5cb-6690-4295-94a8-a1b13c12e9c8,40,d85838ae-55df-40b9-853f-e0e44b053a95,Snake4,98,11,1
89f0d5cb-6690-4295-94a8-a1b13c12e9c8,40,b0a97e1a-e57b-4a3c-849c-2b9264da3d12,Snake1,83,7,1
89f0d5cb-6690-4295-94a8-a1b13c12e9c8,40,92e5c2c2-966e-4845-ba43-839f69ea08d9,Snake2,69,5,1
89f0d5cb-6690-4295-94a8-a1b13c12e9c8,40,0155d1e7-7d5a-4abf-8a38-a56d1cd7671b,Snake3,92,7,1
89f0d5cb-6690-4295-94a8-a1b13c12e9c8,40,d85838ae-55df-40b9-853f-e0e44b053a95,Snake4,98,11,1
89f0d5cb-6690-4295-94a8-a1b13c12e9c8,40,b0a97e1a-e57b-4a3c-849c-2b9264da3d12,Snake1,83,7,1
89f0d5cb-6690-4295-94a8-a1b13c12e9c8,40,92e5c2c2-966e-4845-ba43-839f69ea08d9,Snake2,69,5,1
89f0d5cb-6690-4295-94a8-a1b13c12e9c8,40,0155d1e7-7d5a-4abf-8a38-a56d1cd7671b,Snake3,92,7,1
89f0d5cb-6690-4295-94a8-a1b13c12e9c8,40,d85838ae-55df-40b9-853f-e0e44b053a95,Snake4,98,11,1
89f0d5cb-6690-4295-94a8-a1b13c12e9c8,41,b0a97e1a-e57b-4a3c-849c-2b9264da3d12,Snake1,82,7,1
89f0d5cb-6690-4295-94a8-a1b13c12e9c8,41,92e5c2c2-966e-4845-ba43-839f69ea08d9,Snake2,68,5,1
89f0d5cb-6690-4295-94a8-a1b13c12e9c8,41,0155d1e7-7d5a-4abf-8a38-a56d1cd7671b,Snake3,91,7,1
89f0d5cb-6690-4295-94a8-a1b13c12e9c8,41,d85838ae-55df-40b9-853f-e0e44b053a95,Snake4,97,11,1
89f0d5cb-6690-4295-94a8-a1b13c12e9c8,41,b0a97e1a-e57b-4a3c-849c-2b9264da3d12,Snake1,82,7,1
89f0d5cb-6690-4295-94a8-a1b13c12e9c8,41,92e5c2c2-966e-4845-ba43-839f69ea08d9,Snake2,68,5,1
89f0d5cb-6690-4295-94a8-a1b13c12e9c8,41,0155d1e7-7d5a-4abf-8a38-a56d1cd7671b,Snake3,91,7,1
89f0d5cb-6690-4295-94a8-a1b13c12e9c8,41,d85838ae-55df-40b9-853f-e0e44b053a95,Snake4,97,11,1
89f0d5cb-6690-4295-94a8-a1b13c12e9c8,41,b0a97e1a-e57b-4a3c-849c-2b9264da3d12,Snake1,82,7,1
89f0d5cb-6690-4295-94a8-a1b13c12e9c8,41,92e5c2c2-966e-4845-ba43-839f69ea08d9,Snake2,68,5,1
89f0d5cb-6690-4295-94a8-a1b13c12e9c8,41,0155d1e7-7d5a-4abf-8a38-a56d1cd7671b,Snake3,91,7,1
89f0d5cb-6690-4295-94a8-a1b13c12e9c8,41,d85838ae-55df-40b9-853f-e0e44b053a95,Snake4,97,11,1
89f0d5cb-6690-4295-94a8-a1b13c12e9c8,41,b0a97e1a-e57b-4a3c-849c-2b9264da3d12,Snake1,82,7,1
89f0d5cb-6690-4295-94a8-a1b13c12e9c8,41,92e5c2c2-966e-4845-ba43-839f69ea08d9,Snake2,68,5,1
89f0d5cb-6690-4295-94a8-a1b13c12e9c8,41,0155d1e7-7d5a-4abf-8a38-a56d1cd7671b,Snake3,91,7,1
89f0d5cb-6690-4295-94a8-a1b13c12e9c8,41,d85838ae-55df-40b9-853f-e0e44b053a95,Snake4,97,11,1
89f0d5cb-6690-4295-94a8-a1b13c12e9c8,42,b0a97e1a-e57b-4a3c-849c-2b9264da3d12,Snake1,81,7,1
89f0d5cb-6690-4295-94a8-a1b13c12e9c8,42,92e5c2c2-966e-4845-ba43-839f69ea08d9,Snake2,67,5,1
89f0d5cb-6690-4295-94a8-a1b13c12e9c8,42,0155d1e7-7d5a-4abf-8a38-a56d1cd7671b,Snake3,90,7,1
89f0d5cb-6690-4295-94a8-a1b13c12e9c8,42,d85838ae-55df-40b9-853f-e0e44b053a95,Snake4,96,11,1
89f0d5cb-6690-4295-94a8-a1b13c12e9c8,42,b0a97e1a-e57b-4a3c-849c-2b9264da3d12,Snake1,81,7,1
89f0d5cb-6690-4295-94a8-a1b13c12e9c8,42,92e5c2c2-966e-4845-ba43-839f69ea08d9,Snake2,67,5,1
89f0d5cb-6690-4295-94a8-a1b13c12e9c8,42,0155d1e7-7d5a-4abf-8a38-a56d1cd7671b,Snake3,90,7,1
89f0d5cb-6690-4295-94a8-a1b13c12e9c8,42,d85838ae-55df-40b9-853f-e0e44b053a95,Snake4,96,11,1
89f0d5cb-6690-4295-94a8-a1b13c12e9c8,42,b0a97e1a-e57b-4a3c-849c-2b9264da3d12,Snake1,81,7,1
89f0d5cb-6690-4295-94a8-a1b13c12e9c8,42,92e5c2c2-966e-4845-ba43-839f69ea08d9,Snake2,67,5,1
89f0d5cb-6690-4295-94a8-a1b13c12e9c8,42,0155d1e7-7d5a-4abf-8a38-a56d1cd7671b,Snake3,90,7,1
89f0d5cb-6690-4295-94a8-a1b13c12e9c8,42,d85838ae-55df-40b9-853f-e0e44b053a95,Snake4,96,11,1
89f0d5cb-6690-4295-94a8-a1b13c12e9c8,42,b0a97e1a-e57b-4a3c-849c-2b9264da3d12,Snake1,81,7,1
89f0d5cb-6690-4295-94a8-a1b13c12e9c8,42,92e5c2c2-966e-4845-ba43-839f69ea08d9,Snake2,67,5,1
89f0d5cb-6690-4295-94a8-a1b13c12e9c8,42,0155d1e7-7d5a-4abf-8a38-a56d1cd7671b,Snake3,90,7,1
89f0d5cb-6690-4295-94a8-a1b13c12e9c8,42,d85838ae-55df-40b9-853f-e0e44b053a95,Snake4,96,11,1
89f0d5cb-6690-4295-94a8-a1b13c12e9c8,43,b0a97e1a-e57b-4a3c-849c-2b9264da3d12,Snake1,80,7,1
89f0d5cb-6690-4295-94a8-a1b13c12e9c8,43,92e5c2c2-966e-4845-ba43-839f69ea08d9,Snake2,66,5,1
89f0d5cb-6690-4295-94a8-a1b13c12e9c8,43,0155d1e7-7d5a-4abf-8a38-a56d1cd7671b,Snake3,89,7,1
89f0d5cb-6690-4295-94a8-a1b13c12e9c8,43,d85838ae-55df-40b9-853f-e0e44b053a95,Snake4,95,11,1
89f0d5cb-6690-4295-94a8-a1b13c12e9c8,43,b0a97e1a-e57b-4a3c-849c-2b9264da3d12,Snake1,80,7,1
89f0d5cb-6690-4295-94a8-a1b13c12e9c8,43,92e5c2c2-966e-4845-ba43-839f69ea08d9,Snake2,66,5,1
89f0d5cb-6690-4295-94a8-a1b13c12e9c8,43,0155d1e7-7d5a-4abf-8a38-a56d1cd7671b,Snake3,89,7,1
89f0d5cb-6690-4295-94a8-a1b13c12e9c8,43,d85838ae-55df-40b9-853f-e0e44b053a95,Snake4,95,11,1
89f0d5cb-6690-4295-94a8-a1b13c12e9c8,43,b0a97e1a-e57b-4a3c-849c-2b9264da3d12,Snake1,80,7,1
89f0d5cb-6690-4295-94a8-a1b13c12e9c8,43,92e5c2c2-966e-4845-ba43-839f69ea08d9,Snake2,66,5,1
89f0d5cb-6690-4295-94a8-a1b13c12e9c8,43,0155d1e7-7d5a-4abf-8a38-a56d1cd7671b,Snake3,89,7,1
89f0d5cb-6690-4295-94a8-a1b13c12e9c8,43,d85838ae-55df-40b9-853f-e0e44b053a95,Snake4,95,11,1
89f0d5cb-6690-4295-94a8-a1b13c12e9c8,44,b0a97e1a-e57b-4a3c-849c-2b9264da3d12,Snake1,79,7,1
89f0d5cb-6690-4295-94a8-a1b13c12e9c8,44,92e5c2c2-966e-4845-ba43-839f69ea08d9,Snake2,65,5,1
89f0d5cb-6690-4295-94a8-a1b13c12e9c8,44,0155d1e7-7d5a-4abf-8a38-a56d1cd7671b,Snake3,88,7,1
89f0d5cb-6690-4295-94a8-a1b13c12e9c8,44,d85838ae-55df-40b9-853f-e0e44b053a95,Snake4,94,11,1
89f0d5cb-6690-4295-94a8-a1b13c12e9c8,44,b0a97e1a-e57b-4a3c-849c-2b9264da3d12,Snake1,79,7,1
89f0d5cb-6690-4295-94a8-a1b13c12e9c8,44,92e5c2c2-966e-4845-ba43-839f69ea08d9,Snake2,65,5,1
89f0d5cb-6690-4295-94a8-a1b13c12e9c8,44,0155d1e7-7d5a-4abf-8a38-a56d1cd7671b,Snake3,88,7,1
89f0d5cb-6690-4295-94a8-a1b13c12e9c8,44,d85838ae-55df-40b9-853f-e0e44b053a95,Snake4,94,11,1
89f0d5cb-6690-4295-94a8-a1b13c12e9c8,44,b0a97e1a-e57b-4a3c-849c-2b9264da3d12,Snake1,79,7,1
89f0d5cb-6690-4295-94a8-a1b13c12e9c8,44,92e5c2c2-966e-4845-ba43-839f69ea08d9,Snake2,65,5,1
89f0d5cb-6690-4295-94a8-a1b13c12e9c8,44,0155d1e7-7d5a-4abf-8a38-a56d1cd7671b,Snake3,88,7,1
89f0d5cb-6690-4295-94a8-a1b13c12e9c8,44,d85838ae-55df-40b9-853f-e0e44b053a95,Snake4,94,11,1
89f0d5cb-6690-4295-94a8-a1b13c12e9c8,44,b0a97e1a-e57b-4a3c-849c-2b9264da3d12,Snake1,79,7,1
89f0d5cb-6690-4295-94a8-a1b13c12e9c8,44,92e5c2c2-966e-4845-ba43-839f69ea08d9,Snake2,65,5,1
89f0d5cb-6690-4295-94a8-a1b13c12e9c8,44,0155d1e7-7d5a-4abf-8a38-a56d1cd7671b,Snake3,88,7,1
89f0d5cb-6690-4295-94a8-a1b13c12e9c8,44,d85838ae-55df-40b9-853f-e0e44b053a95,Snake4,94,11,1
89f0d5cb-6690-4295-94a8-a1b13c12e9c8,45,b0a97e1a-e57b-4a3c-849c-2b9264da3d12,Snake1,78,7,1
89f0d5cb-6690-4295-94a8-a1b13c12e9c8,45,92e5c2c2-966e-4845-ba43-839f69ea08d9,Snake2,64,5,1
89f0d5cb-6690-4295-94a8-a1b13c12e9c8,45,0155d1e7-7d5a-4abf-8a38-a56d1cd7671b,Snake3,87,7,1
89f0d5cb-6690-4295-94a8-a1b13c12e9c8,45,d85838ae-55df-40b9-853f-e0e44b053a95,Snake4,93,11,1
89f0d5cb-6690-4295-94a8-a1b13c12e9c8,45,b0a97e1a-e57b-4a3c-849c-2b9264da3d12,Snake1,78,7,1
89f0d5cb-6690-4295-94a8-a1b13c12e9c8,45,92e5c2c2-966e-4845-ba43-839f69ea08d9,Snake2,64,5,1
89f0d5cb-6690-4295-94a8-a1b13c12e9c8,45,0155d1e7-7d5a-4abf-8a38-a56d1cd7671b,Snake3,87,7,1
89f0d5cb-6690-4295-94a8-a1b13c12e9c8,45,d85838ae-55df-40b9-853f-e0e44b053a95,Snake4,93,11,1
89f0d5cb-6690-4295-94a8-a1b13c12e9c8,45,b0a97e1a-e57b-4a3c-849c-2b9264da3d12,Snake1,78,7,1
89f0d5cb-6690-4295-94a8-a1b13c12e9c8,45,92e5c2c2-966e-4845-ba43-839f69ea08d9,Snake2,64,5,1
89f0d5cb-6690-4295-94a8-a1b13c12e9c8,45,0155d1e7-7d5a-4abf-8a38-a56d1cd7671b,Snake3,87,7,1
89f0d5cb-6690-4295-94a8-a1b13c12e9c8,45,d85838ae-55df-40b9-853f-e0e44b053a95,Snake4,93,11,1
89f0d5cb-6690-4295-94a8-a1b13c12e9c8,45,b0a97e1a-e57b-4a3c-849c-2b9264da3d12,Snake1,78,7,1
89f0d5cb-6690-4295-94a8-a1b13c12e9c8,45,92e5c2c2-966e-4845-ba43-839f69ea08d9,Snake2,64,5,1
89f0d5cb-6690-4295-94a8-a1b13c12e9c8,45,0155d1e7-7d5a-4abf-8a38-a56d1cd7671b,Snake3,87,7,1
89f0d5cb-6690-4295-94a8-a1b13c12e9c8,45,d85838ae-55df-40b9-853f-e0e44b053a95,Snake4,93,11,1
89f0d5cb-6690-4295-94a8-a1b13c12e9c8,46,b0a97e1a-e57b-4a3c-849c-2b9264da3d12,Snake1,77,7,1
89f0d5cb-6690-4295-94a8-a1b13c12e9c8,46,92e5c2c2-966e-4845-ba43-839f69ea08d9,Snake2,63,5,1
89f0d5cb-6690-4295-94a8-a1b13c12e9c8,46,0155d1e7-7d5a-4abf-8a38-a56d1cd7671b,Snake3,86,7,1
89f0d5cb-6690-4295-94a8-a1b13c12e9c8,46,d85838ae-55df-40b9-853f-e0e44b053a95,Snake4,92,11,1
89f0d5cb-6690-4295-94a8-a1b13c12e9c8,46,b0a97e1a-e57b-4a3c-849c-2b9264da3d12,Snake1,77,7,1
89f0d5cb-6690-4295-94a8-a1b13c12e9c8,46,92e5c2c2-966e-4845-ba43-839f69ea08d9,Snake2,63,5,1
89f0d5cb-6690-4295-94a8-a1b13c12e9c8,46,0155d1e7-7d5a-4abf-8a38-a56d1cd7671b,Snake3,86,7,1
89f0d5cb-6690-4295-94a8-a1b13c12e9c8,46,d85838ae-55df-40b9-853f-e0e44b053a95,Snake4,92,11,1
89f0d5cb-6690-4295-94a8-a1b13c12e9c8,46,b0a97e1a-e57b-4a3c-849c-2b9264da3d12,Snake1,77,7,1
89f0d5cb-6690-4295-94a8-a1b13c12e9c8,46,92e5c2c2-966e-4845-ba43-839f69ea08d9,Snake2,63,5,1
89f0d5cb-6690-4295-94a8-a1b13c12e9c8,46,0155d1e7-7d5a-4abf-8a38-a56d1cd7671b,Snake3,86,7,1
89f0d5cb-6690-4295-94a8-a1b13c12e9c8,46,d85838ae-55df-40b9-853f-e0e44b053a95,Snake4,92,11,1
89f0d5cb-6690-4295-94a8-a1b13c12e9c8,46,b0a97e1a-e57b-4a3c-849c-2b9264da3d12,Snake1,77,7,1
89f0d5cb-6690-4295-94a8-a1b13c12e9c8,46,92e5c2c2-966e-4845-ba43-839f69ea08d9,Snake2,63,5,1
89f0d5cb-6690-4295-94a8-a1b13c12e9c8,46,0155d1e7-7d5a-4abf-8a38-a56d1cd7671b,Snake3,86,7,1
89f0d5cb-6690-4295-94a8-a1b13c12e9c8,46,d85838ae-55df-40b9-853f-e0e44b053a95,Snake4,92,11,1
89f0d5cb-6690-4295-94a8-a1b13c12e9c8,47,b0a97e1a-e57b-4a3c-849c-2b9264da3d12,Snake1,76,7,1
89f0d5cb-6690-4295-94a8-a1b13c12e9c8,47,92e5c2c2-966e-4845-ba43-839f69ea08d9,Snake2,62,5,1
89f0d5cb-6690-4295-94a8-a1b13c12e9c8,47,0155d1e7-7d5a-4abf-8a38-a56d1cd7671b,Snake3,85,7,1
89f0d5cb-6690-4295-94a8-a1b13c12e9c8,47,d85838ae-55df-40b9-853f-e0e44b053a95,Snake4,100,12,1
89f0d5cb-6690-4295-94a8-a1b13c12e9c8,47,b0a97e1a-e57b-4a3c-849c-2b9264da3d12,Snake1,76,7,1
89f0d5cb-6690-4295-94a8-a1b13c12e9c8,47,92e5c2c2-966e-4845-ba43-839f69ea08d9,Snake2,62,5,1
89f0d5cb-6690-4295-94a8-a1b13c12e9c8,47,0155d1e7-7d5a-4abf-8a38-a56d1cd7671b,Snake3,85,7,1
89f0d5cb-6690-4295-94a8-a1b13c12e9c8,47,d85838ae-55df-40b9-853f-e0e44b053a95,Snake4,100,12,1
89f0d5cb-6690-4295-94a8-a1b13c12e9c8,47,b0a97e1a-e57b-4a3c-849c-2b9264da3d12,Snake1,76,7,1
89f0d5cb-6690-4295-94a8-a1b13c12e9c8,47,92e5c2c2-966e-4845-ba43-839f69ea08d9,Snake2,62,5,1
89f0d5cb-6690-4295-94a8-a1b13c12e9c8,47,0155d1e7-7d5a-4abf-8a38-a56d1cd7671b,Snake3,85,7,1
89f0d5cb-6690-4295-94a8-a1b13c12e9c8,47,d85838ae-55df-40b9-853f-e0e44b053a95,Snake4,100,12,1
89f0d5cb-6690-4295-94a8-a1b13c12e9c8,47,b0a97e1a-e57b-4a3c-849c-2b9264da3d12,Snake1,76,7,1
89f0d5cb-6690-4295-94a8-a1b13c12e9c8,47,92e5c2c2-966e-4845-ba43-839f69ea08d9,Snake2,62,5,1
89f0d5cb-6690-4295-94a8-a1b13c12e9c8,47,0155d1e7-7d5a-4abf-8a38-a56d1cd7671b,Snake3,85,7,1
89f0d5cb-6690-4295-94a8-a1b13c12e9c8,47,d85838ae-55df-40b9-853f-e0e44b053a95,Snake4,100,12,1
89f0d5cb-6690-4295-94a8-a1b13c12e9c8,48,b0a97e1a-e57b-4a3c-849c-2b9264da3d12,Snake1,75,7,1
89f0d5cb-6690-4295-94a8-a1b13c12e9c8,48,92e5c2c2-966e-4845-ba43-839f69ea08d9,Snake2,61,5,1
89f0d5cb-6690-4295-94a8-a1b13c12e9c8,48,0155d1e7-7d5a-4abf-8a38-a56d1cd7671b,Snake3,84,7,1
89f0d5cb-6690-4295-94a8-a1b13c12e9c8,48,d85838ae-55df-40b9-853f-e0e44b053a95,Snake4,99,12,1
89f0d5cb-6690-4295-94a8-a1b13c12e9c8,48,b0a97e1a-e57b-4a3c-849c-2b9264da3d12,Snake1,75,7,1
89f0d5cb-6690-4295-94a8-a1b13c12e9c8,48,92e5c2c2-966e-4845-ba43-839f69ea08d9,Snake2,61,5,1
89f0d5cb-6690-4295-94a8-a1b13c12e9c8,48,0155d1e7-7d5a-4abf-8a38-a56d1cd7671b,Snake3,84,7,1
89f0d5cb-6690-4295-94a8-a1b13c12e9c8,48,d85838ae-55df-40b9-853f-e0e44b053a95,Snake4,99,12,1
89f0d5cb-6690-4295-94a8-a1b13c12e9c8,48,b0a97e1a-e57b-4a3c-849c-2b9264da3d12,Snake1,75,7,1
89f0d5cb-6690-4295-94a8-a1b13c12e9c8,48,92e5c2c2-966e-4845-ba43-839f69ea08d9,Snake2,61,5,1
89f0d5cb-6690-4295-94a8-a1b13c12e9c8,48,0155d1e7-7d5a-4abf-8a38-a56d1cd7671b,Snake3,84,7,1
89f0d5cb-6690-4295-94a8-a1b13c12e9c8,48,d85838ae-55df-40b9-853f-e0e44b053a95,Snake4,99,12,1
89f0d5cb-6690-4295-94a8-a1b13c12e9c8,48,b0a97e1a-e57b-4a3c-849c-2b9264da3d12,Snake1,75,7,1
89f0d5cb-6690-4295-94a8-a1b13c12e9c8,48,92e5c2c2-966e-4845-ba43-839f69ea08d9,Snake2,61,5,1
89f0d5cb-6690-4295-94a8-a1b13c12e9c8,48,0155d1e7-7d5a-4abf-8a38-a56d1cd7671b,Snake3,84,7,1
89f0d5cb-6690-4295-94a8-a1b13c12e9c8,48,d85838ae-55df-40b9-853f-e0e44b053a95,Snake4,99,12,1
89f0d5cb-6690-4295-94a8-a1b13c12e9c8,49,b0a97e1a-e57b-4a3c-849c-2b9264da3d12,Snake1,74,7,1
89f0d5cb-6690-4295-94a8-a1b13c12e9c8,49,92e5c2c2-966e-4845-ba43-839f69ea08d9,Snake2,60,5,1
89f0d5cb-6690-4295-94a8-a1b13c12e9c8,49,0155d1e7-7d5a-4abf-8a38-a56d1cd7671b,Snake3,83,7,1
89f0d5cb-6690-4295-94a8-a1b13c12e9c8,49,d85838ae-55df-40b9-853f-e0e44b053a95,Snake4,98,12,1
89f0d5cb-6690-4295-94a8-a1b13c12e9c8,49,b0a97e1a-e57b-4a3c-849c-2b9264da3d12,Snake1,74,7,1
89f0d5cb-6690-4295-94a8-a1b13c12e9c8,49,92e5c2c2-966e-4845-ba43-839f69ea08d9,Snake2,60,5,1
89f0d5cb-6690-4295-94a8-a1b13c12e9c8,49,0155d1e7-7d5a-4abf-8a38-a56d1cd7671b,Snake3,83,7,1
89f0d5cb-6690-4295-94a8-a1b13c12e9c8,49,d85838ae-55df-40b9-853f-e0e44b053a95,Snake4,98,12,1
89f0d5cb-6690-4295-94a8-a1b13c12e9c8,49,b0a97e1a-e57b-4a3c-849c-2b9264da3d12,Snake1,74,7,1
89f0d5cb-6690-4295-94a8-a1b13c12e9c8,49,92e5c2c2-966e-4845-ba43-839f69ea08d9,Snake2,60,5,1
89f0d5cb-6690-4295-94a8-a1b13c12e9c8,49,0155d1e7-7d5a-4abf-8a38-a56d1cd7671b,Snake3,83,7,1
89f0d5cb-6690-4295-94a8-a1b13c12e9c8,49,d85838ae-55df-40b9-853f-e0e44b053a95,Snake4,98,12,1
89f0d5cb-6690-4295-94a8-a1b13c12e9c8,50,b0a97e1a-e57b-4a3c-849c-2b9264da3d12,Snake1,73,7,1
89f0d5cb-6690-4295-94a8-a1b13c12e9c8,50,92e5c2c2-966e-4845-ba43-839f69ea08d9,Snake2,59,5,1
89f0d5cb-6690-4295-94a8-a1b13c12e9c8,50,0155d1e7-7d5a-4abf-8a38-a56d1cd7671b,Snake3,82,7,1
89f0d5cb-6690-4295-94a8-a1b13c12e9c8,50,d85838ae-55df-40b9-853f-e0e44b053a95,Snake4,97,12,1
89f0d5cb-6690-4295-94a8-a1b13c12e9c8,50,b0a97e1a-e57b-4a3c-849c-2b9264da3d12,Snake1,73,7,1
89f0d5cb-6690-4295-94a8-a1b13c12e9c8,50,92e5c2c2-966e-4845-ba43-839f69ea08d9,Snake2,59,5,1
89f0d5cb-6690-4295-94a8-a1b13c12e9c8,50,0155d1e7-7d5a-4abf-8a38-a56d1cd7671b,Snake3,82,7,1
89f0d5cb-6690-4295-94a8-a1b13c12e9c8,50,d85838ae-55df-40b9-853f-e0e44b053a95,Snake4,97,12,1
89f0d5cb-6690-4295-94a8-a1b13c12e9c8,50,b0a97e1a-e57b-4a3c-849c-2b9264da3d12,Snake1,73,7,1
89f0d5cb-6690-4295-94a8-a1b13c12e9c8,50,92e5c2c2-966e-4845-ba43-839f69ea08d9,Snake2,59,5,1
89f0d5cb-6690-4295-94a8-a1b13c12e9c8,50,0155d1e7-7d5a-4abf-8a38-a56d1cd7671b,Snake3,82,7,1
89f0d5cb-6690-4295-94a8-a1b13c12e9c8,50,d85838ae-55df-40b9-853f-e0e44b053a95,Snake4,97,12,1
89f0d5cb-6690-4295-94a8-a1b13c12e9c8,50,b0a97e1a-e57b-4a3c-849c-2b9264da3d12,Snake1,73,7,1
89f0d5cb-6690-4295-94a8-a1b13c12e9c8,50,92e5c2c2-966e-4845-ba43-839f69ea08d9,Snake2,59,5,1
89f0d5cb-6690-4295-94a8-a1b13c12e9c8,50,0155d1e7-7d5a-4abf-8a38-a56d1cd7671b,Snake3,82,7,1
89f0d5cb-6690-4295-94a8-a1b13c12e9c8,50,d85838ae-55df-40b9-853f-e0e44b053a95,Snake4,97,12,1
89f0d5cb-6690-4295-94a8-a1b13c12e9c8,51,b0a97e1a-e57b-4a3c-849c-2b9264da3d12,Snake1,72,7,1
89f0d5cb-6690-4295-94a8-a1b13c12e9c8,51,92e5c2c2-966e-4845-ba43-839f69ea08d9,Snake2,58,5,1
89f0d5cb-6690-4295-94a8-a1b13c12e9c8,51,0155d1e7-7d5a-4abf-8a38-a56d1cd7671b,Snake3,81,7,1
89f0d5cb-6690-4295-94a8-a1b13c12e9c8,51,d85838ae-55df-40b9-853f-e0e44b053a95,Snake4,96,12,1
89f0d5cb-6690-4295-94a8-a1b13c12e9c8,51,b0a97e1a-e57b-4a3c-849c-2b9264da3d12,Snake1,72,7,1
89f0d5cb-6690-4295-94a8-a1b13c12e9c8,51,92e5c2c2-966e-4845-ba43-839f69ea08d9,Snake2,58,5,1
89f0d5cb-6690-4295-94a8-a1b13c12e9c8,51,0155d1e7-7d5a-4abf-8a38-a56d1cd7671b,Snake3,81,7,1
89f0d5cb-6690-4295-94a8-a1b13c12e9c8,51,d85838ae-55df-40b9-853f-e0e44b053a95,Snake4,96,12,1
89f0d5cb-6690-4295-94a8-a1b13c12e9c8,51,b0a97e1a-e57b-4a3c-849c-2b9264da3d12,Snake1,72,7,1
89f0d5cb-6690-4295-94a8-a1b13c12e9c8,51,92e5c2c2-966e-4845-ba43-839f69ea08d9,Snake2,58,5,1
89f0d5cb-6690-4295-94a8-a1b13c12e9c8,51,0155d1e7-7d5a-4abf-8a38-a56d1cd7671b,Snake3,81,7,1
89f0d5cb-6690-4295-94a8-a1b13c12e9c8,51,d85838ae-55df-40b9-853f-e0e44b053a95,Snake4,96,12,1
89f0d5cb-6690-4295-94a8-a1b13c12e9c8,51,b0a97e1a-e57b-4a3c-849c-2b9264da3d12,Snake1,72,7,1
89f0d5cb-6690-4295-94a8-a1b13c12e9c8,51,92e5c2c2-966e-4845-ba43-839f69ea08d9,Snake2,58,5,1
89f0d5cb-6690-4295-94a8-a1b13c12e9c8,51,0155d1e7-7d5a-4abf-8a38-a56d1cd7671b,Snake3,81,7,1
89f0d5cb-6690-4295-94a8-a1b13c12e9c8,51,d85838ae-55df-40b9-853f-e0e44b053a95,Snake4,96,12,1
89f0d5cb-6690-4295-94a8-a1b13c12e9c8,52,b0a97e1a-e57b-4a3c-849c-2b9264da3d12,Snake1,71,7,1
89f0d5cb-6690-4295-94a8-a1b13c12e9c8,52,92e5c2c2-966e-4845-ba43-839f69ea08d9,Snake2,57,5,1
89f0d5cb-6690-4295-94a8-a1b13c12e9c8,52,0155d1e7-7d5a-4abf-8a38-a56d1cd7671b,Snake3,80,7,1
89f0d5cb-6690-4295-94a8-a1b13c12e9c8,52,d85838ae-55df-40b9-853f-e0e44b053a95,Snake4,100,13,1
89f0d5cb-6690-4295-94a8-a1b13c12e9c8,52,b0a97e1a-e57b-4a3c-849c-2b9264da3d12,Snake1,71,7,1
89f0d5cb-6690-4295-94a8-a1b13c12e9c8,52,92e5c2c2-966e-4845-ba43-839f69ea08d9,Snake2,57,5,1
89f0d5cb-6690-4295-94a8-a1b13c12e9c8,52,0155d1e7-7d5a-4abf-8a38-a56d1cd7671b,Snake3,80,7,1
89f0d5cb-6690-4295-94a8-a1b13c12e9c8,52,d85838ae-55df-40b9-853f-e0e44b053a95,Snake4,100,13,1
89f0d5cb-6690-4295-94a8-a1b13c12e9c8,52,b0a97e1a-e57b-4a3c-849c-2b9264da3d12,Snake1,71,7,1
89f0d5cb-6690-4295-94a8-a1b13c12e9c8,52,92e5c2c2-966e-4845-ba43-839f69ea08d9,Snake2,57,5,1
89f0d5cb-6690-4295-94a8-a1b13c12e9c8,52,0155d1e7-7d5a-4abf-8a38-a56d1cd7671b,Snake3,80,7,1
89f0d5cb-6690-4295-94a8-a1b13c12e9c8,52,d85838ae-55df-40b9-853f-e0e44b053a95,Snake4,100,13,1
89f0d5cb-6690-4295-94a8-a1b13c12e9c8,52,b0a97e1a-e57b-4a3c-849c-2b9264da3d12,Snake1,71,7,1
89f0d5cb-6690-4295-94a8-a1b13c12e9c8,52,92e5c2c2-966e-4845-ba43-839f69ea08d9,Snake2,57,5,1
89f0d5cb-6690-4295-94a8-a1b13c12e9c8,52,0155d1e7-7d5a-4abf-8a38-a56d1cd7671b,Snake3,80,7,1
89f0d5cb-6690-4295-94a8-a1b13c12e9c8,52,d85838ae-55df-40b9-853f-e0e44b053a95,Snake4,100,13,1
89f0d5cb-6690-4295-94a8-a1b13c12e9c8,53,b0a97e1a-e57b-4a3c-849c-2b9264da3d12,Snake1,70,7,1
89f0d5cb-6690-4295-94a8-a1b13c12e9c8,53,92e5c2c2-966e-4845-ba43-839f69ea08d9,Snake2,56,5,1
89f0d5cb-6690-4295-94a8-a1b13c12e9c8,53,0155d1e7-7d5a-4abf-8a38-a56d1cd7671b,Snake3,79,7,1
89f0d5cb-6690-4295-94a8-a1b13c12e9c8,53,d85838ae-55df-40b9-853f-e0e44b053a95,Snake4,99,13,1
89f0d5cb-6690-4295-94a8-a1b13c12e9c8,53,b0a97e1a-e57b-4a3c-849c-2b9264da3d12,Snake1,70,7,1
89f0d5cb-6690-4295-94a8-a1b13c12e9c8,53,92e5c2c2-966e-4845-ba43-839f69ea08d9,Snake2,56,5,1
89f0d5cb-6690-4295-94a8-a1b13c12e9c8,53,0155d1e7-7d5a-4abf-8a38-a56d1cd7671b,Snake3,79,7,1
89f0d5cb-6690-4295-94a8-a1b13c12e9c8,53,d85838ae-55df-40b9-853f-e0e44b053a95,Snake4,99,13,1
89f0d5cb-6690-4295-94a8-a1b13c12e9c8,53,b0a97e1a-e57b-4a3c-849c-2b9264da3d12,Snake1,70,7,1
89f0d5cb-6690-4295-94a8-a1b13c12e9c8,53,92e5c2c2-966e-4845-ba43-839f69ea08d9,Snake2,56,5,1
89f0d5cb-6690-4295-94a8-a1b13c12e9c8,53,0155d1e7-7d5a-4abf-8a38-a56d1cd7671b,Snake3,79,7,1
89f0d5cb-6690-4295-94a8-a1b13c12e9c8,53,d85838ae-55df-40b9-853f-e0e44b053a95,Snake4,99,13,1
89f0d5cb-6690-4295-94a8-a1b13c12e9c8,53,b0a97e1a-e57b-4a3c-849c-2b9264da3d12,Snake1,70,7,1
89f0d5cb-6690-4295-94a8-a1b13c12e9c8,53,92e5c2c2-966e-4845-ba43-839f69ea08d9,Snake2,56,5,1
89f0d5cb-6690-4295-94a8-a1b13c12e9c8,53,0155d1e7-7d5a-4abf-8a38-a56d1cd7671b,Snake3,79,7,1
89f0d5cb-6690-4295-94a8-a1b13c12e9c8,53,d85838ae-55df-40b9-853f-e0e44b053a95,Snake4,99,13,1
89f0d5cb-6690-4295-94a8-a1b13c12e9c8,54,b0a97e1a-e57b-4a3c-849c-2b9264da3d12,Snake1,69,7,1
89f0d5cb-6690-4295-94a8-a1b13c12e9c8,54,92e5c2c2-966e-4845-ba43-839f69ea08d9,Snake2,55,5,1
89f0d5cb-6690-4295-94a8-a1b13c12e9c8,54,0155d1e7-7d5a-4abf-8a38-a56d1cd7671b,Snake3,78,7,1
89f0d5cb-6690-4295-94a8-a1b13c12e9c8,54,d85838ae-55df-40b9-853f-e0e44b053a95,Snake4,98,13,1
89f0d5cb-6690-4295-94a8-a1b13c12e9c8,54,b0a97e1a-e57b-4a3c-849c-2b9264da3d12,Snake1,69,7,1
89f0d5cb-6690-4295-94a8-a1b13c12e9c8,54,92e5c2c2-966e-4845-ba43-839f69ea08d9,Snake2,55,5,1
89f0d5cb-6690-4295-94a8-a1b13c12e9c8,54,0155d1e7-7d5a-4abf-8a38-a56d1cd7671b,Snake3,78,7,1
89f0d5cb-6690-4295-94a8-a1b13c12e9c8,54,d85838ae-55df-40b9-853f-e0e44b053a95,Snake4,98,13,1
89f0d5cb-6690-4295-94a8-a1b13c12e9c8,55,b0a97e1a-e57b-4a3c-849c-2b9264da3d12,Snake1,68,7,1
89f0d5cb-6690-4295-94a8-a1b13c12e9c8,55,92e5c2c2-966e-4845-ba43-839f69ea08d9,Snake2,54,5,1
89f0d5cb-6690-4295-94a8-a1b13c12e9c8,55,0155d1e7-7d5a-4abf-8a38-a56d1cd7671b,Snake3,77,7,1
89f0d5cb-6690-4295-94a8-a1b13c12e9c8,55,d85838ae-55df-40b9-853f-e0e44b053a95,Snake4,97,13,1
89f0d5cb-6690-4295-94a8-a1b13c12e9c8,55,b0a97e1a-e57b-4a3c-849c-2b9264da3d12,Snake1,68,7,1
89f0d5cb-6690-4295-94a8-a1b13c12e9c8,55,92e5c2c2-966e-4845-ba43-839f69ea08d9,Snake2,54,5,1
89f0d5cb-6690-4295-94a8-a1b13c12e9c8,55,0155d1e7-7d5a-4abf-8a38-a56d1cd7671b,Snake3,77,7,1
89f0d5cb-6690-4295-94a8-a1b13c12e9c8,55,d85838ae-55df-40b9-853f-e0e44b053a95,Snake4,97,13,1
89f0d5cb-6690-4295-94a8-a1b13c12e9c8,55,b0a97e1a-e57b-4a3c-849c-2b9264da3d12,Snake1,68,7,1
89f0d5cb-6690-4295-94a8-a1b13c12e9c8,55,92e5c2c2-966e-4845-ba43-839f69ea08d9,Snake2,54,5,1
89f0d5cb-6690-4295-94a8-a1b13c12e9c8,55,0155d1e7-7d5a-4abf-8a38-a56d1cd7671b,Snake3,77,7,1
89f0d5cb-6690-4295-94a8-a1b13c12e9c8,55,d85838ae-55df-40b9-853f-e0e44b053a95,Snake4,97,13,1
89f0d5cb-6690-4295-94a8-a1b13c12e9c8,55,b0a97e1a-e57b-4a3c-849c-2b9264da3d12,Snake1,68,7,1
89f0d5cb-6690-4295-94a8-a1b13c12e9c8,55,92e5c2c2-966e-4845-ba43-839f69ea08d9,Snake2,54,5,1
89f0d5cb-6690-4295-94a8-a1b13c12e9c8,55,0155d1e7-7d5a-4abf-8a38-a56d1cd7671b,Snake3,77,7,1
89f0d5cb-6690-4295-94a8-a1b13c12e9c8,55,d85838ae-55df-40b9-853f-e0e44b053a95,Snake4,97,13,1
89f0d5cb-6690-4295-94a8-a1b13c12e9c8,56,b0a97e1a-e57b-4a3c-849c-2b9264da3d12,Snake1,67,7,1
89f0d5cb-6690-4295-94a8-a1b13c12e9c8,56,92e5c2c2-966e-4845-ba43-839f69ea08d9,Snake2,53,5,1
89f0d5cb-6690-4295-94a8-a1b13c12e9c8,56,0155d1e7-7d5a-4abf-8a38-a56d1cd7671b,Snake3,76,7,1
89f0d5cb-6690-4295-94a8-a1b13c12e9c8,56,d85838ae-55df-40b9-853f-e0e44b053a95,Snake4,96,13,1
89f0d5cb-6690-4295-94a8-a1b13c12e9c8,56,b0a97e1a-e57b-4a3c-849c-2b9264da3d12,Snake1,67,7,1
89f0d5cb-6690-4295-94a8-a1b13c12e9c8,56,92e5c2c2-966e-4845-ba43-839f69ea08d9,Snake2,53,5,1
89f0d5cb-6690-4295-94a8-a1b13c12e9c8,56,0155d1e7-7d5a-4abf-8a38-a56d1cd7671b,Snake3,76,7,1
89f0d5cb-6690-4295-94a8-a1b13c12e9c8,56,d85838ae-55df-40b9-853f-e0e44b053a95,Snake4,96,13,1
89f0d5cb-6690-4295-94a8-a1b13c12e9c8,56,b0a97e1a-e57b-4a3c-849c-2b9264da3d12,Snake1,67,7,1
89f0d5cb-6690-4295-94a8-a1b13c12e9c8,56,92e5c2c2-966e-4845-ba43-839f69ea08d9,Snake2,53,5,1
89f0d5cb-6690-4295-94a8-a1b13c12e9c8,56,0155d1e7-7d5a-4abf-8a38-a56d1cd7671b,Snake3,76,7,1
89f0d5cb-6690-4295-94a8-a1b13c12e9c8,56,d85838ae-55df-40b9-853f-e0e44b053a95,Snake4,96,13,1
89f0d5cb-6690-4295-94a8-a1b13c12e9c8,57,b0a97e1a-e57b-4a3c-849c-2b9264da3d12,Snake1,66,7,1
89f0d5cb-6690-4295-94a8-a1b13c12e9c8,57,92e5c2c2-966e-4845-ba43-839f69ea08d9,Snake2,52,5,1
89f0d5cb-6690-4295-94a8-a1b13c12e9c8,57,0155d1e7-7d5a-4abf-8a38-a56d1cd7671b,Snake3,75,7,1
89f0d5cb-6690-4295-94a8-a1b13c12e9c8,57,d85838ae-55df-40b9-853f-e0e44b053a95,Snake4,95,13,1
89f0d5cb-6690-4295-94a8-a1b13c12e9c8,57,b0a97e1a-e57b-4a3c-849c-2b9264da3d12,Snake1,66,7,1
89f0d5cb-6690-4295-94a8-a1b13c12e9c8,57,92e5c2c2-966e-4845-ba43-839f69ea08d9,Snake2,52,5,1
89f0d5cb-6690-4295-94a8-a1b13c12e9c8,57,0155d1e7-7d5a-4abf-8a38-a56d1cd7671b,Snake3,75,7,1
89f0d5cb-6690-4295-94a8-a1b13c12e9c8,57,d85838ae-55df-40b9-853f-e0e44b053a95,Snake4,95,13,1
89f0d5cb-6690-4295-94a8-a1b13c12e9c8,57,b0a97e1a-e57b-4a3c-849c-2b9264da3d12,Snake1,66,7,1
89f0d5cb-6690-4295-94a8-a1b13c12e9c8,57,92e5c2c2-966e-4845-ba43-839f69ea08d9,Snake2,52,5,1
89f0d5cb-6690-4295-94a8-a1b13c12e9c8,57,0155d1e7-7d5a-4abf-8a38-a56d1cd7671b,Snake3,75,7,1
89f0d5cb-6690-4295-94a8-a1b13c12e9c8,57,d85838ae-55df-40b9-853f-e0e44b053a95,Snake4,95,13,1
89f0d5cb-6690-4295-94a8-a1b13c12e9c8,57,b0a97e1a-e57b-4a3c-849c-2b9264da3d12,Snake1,66,7,1
89f0d5cb-6690-4295-94a8-a1b13c12e9c8,57,92e5c2c2-966e-4845-ba43-839f69ea08d9,Snake2,52,5,1
89f0d5cb-6690-4295-94a8-a1b13c12e9c8,57,0155d1e7-7d5a-4abf-8a38-a56d1cd7671b,Snake3,75,7,1
89f0d5cb-6690-4295-94a8-a1b13c12e9c8,57,d85838ae-55df-40b9-853f-e0e44b053a95,Snake4,95,13,1
89f0d5cb-6690-4295-94a8-a1b13c12e9c8,58,b0a97e1a-e57b-4a3c-849c-2b9264da3d12,Snake1,65,7,1
89f0d5cb-6690-4295-94a8-a1b13c12e9c8,58,92e5c2c2-966e-4845-ba43-839f69ea08d9,Snake2,51,5,1
89f0d5cb-6690-4295-94a8-a1b13c12e9c8,58,0155d1e7-7d5a-4abf-8a38-a56d1cd7671b,Snake3,74,7,1
89f0d5cb-6690-4295-94a8-a1b13c12e9c8,58,d85838ae-55df-40b9-853f-e0e44b053a95,Snake4,94,13,1
89f0d5cb-6690-4295-94a8-a1b13c12e9c8,58,b0a97e1a-e57b-4a3c-849c-2b9264da3d12,Snake1,65,7,1
89f0d5cb-6690-4295-94a8-a1b13c12e9c8,58,92e5c2c2-966e-4845-ba43-839f69ea08d9,Snake2,51,5,1
89f0d5cb-6690-4295-94a8-a1b13c12e9c8,58,0155d1e7-7d5a-4abf-8a38-a56d1cd7671b,Snake3,74,7,1
89f0d5cb-6690-4295-94a8-a1b13c12e9c8,58,d85838ae-55df-40b9-853f-e0e44b053a95,Snake4,94,13,1
89f0d5cb-6690-4295-94a8-a1b13c12e9c8,59,b0a97e1a-e57b-4a3c-849c-2b9264da3d12,Snake1,64,7,1
89f0d5cb-6690-4295-94a8-a1b13c12e9c8,59,92e5c2c2-966e-4845-ba43-839f69ea08d9,Snake2,50,5,1
89f0d5cb-6690-4295-94a8-a1b13c12e9c8,59,0155d1e7-7d5a-4abf-8a38-a56d1cd7671b,Snake3,73,7,1
89f0d5cb-6690-4295-94a8-a1b13c12e9c8,59,d85838ae-55df-40b9-853f-e0e44b053a95,Snake4,93,13,1
89f0d5cb-6690-4295-94a8-a1b13c12e9c8,59,b0a97e1a-e57b-4a3c-849c-2b9264da3d12,Snake1,64,7,1
89f0d5cb-6690-4295-94a8-a1b13c12e9c8,59,92e5c2c2-966e-4845-ba43-839f69ea08d9,Snake2,50,5,1
89f0d5cb-6690-4295-94a8-a1b13c12e9c8,59,0155d1e7-7d5a-4abf-8a38-a56d1cd7671b,Snake3,73,7,1
89f0d5cb-6690-4295-94a8-a1b13c12e9c8,59,d85838ae-55df-40b9-853f-e0e44b053a95,Snake4,93,13,1
89f0d5cb-6690-4295-94a8-a1b13c12e9c8,59,b0a97e1a-e57b-4a3c-849c-2b9264da3d12,Snake1,64,7,1
89f0d5cb-6690-4295-94a8-a1b13c12e9c8,59,92e5c2c2-966e-4845-ba43-839f69ea08d9,Snake2,50,5,1
89f0d5cb-6690-4295-94a8-a1b13c12e9c8,59,0155d1e7-7d5a-4abf-8a38-a56d1cd7671b,Snake3,73,7,1
89f0d5cb-6690-4295-94a8-a1b13c12e9c8,59,d85838ae-55df-40b9-853f-e0e44b053a95,Snake4,93,13,1
89f0d5cb-6690-4295-94a8-a1b13c12e9c8,60,b0a97e1a-e57b-4a3c-849c-2b9264da3d12,Snake1,63,7,1
89f0d5cb-6690-4295-94a8-a1b13c12e9c8,60,92e5c2c2-966e-4845-ba43-839f69ea08d9,Snake2,49,5,1
89f0d5cb-6690-4295-94a8-a1b13c12e9c8,60,0155d1e7-7d5a-4abf-8a38-a56d1cd7671b,Snake3,100,8,1
89f0d5cb-6690-4295-94a8-a1b13c12e9c8,60,d85838ae-55df-40b9-853f-e0e44b053a95,Snake4,92,13,1
89f0d5cb-6690-4295-94a8-a1b13c12e9c8,60,b0a97e1a-e57b-4a3c-849c-2b9264da3d12,Snake1,63,7,1
89f0d5cb-6690-4295-94a8-a1b13c12e9c8,60,92e5c2c2-966e-4845-ba43-839f69ea08d9,Snake2,49,5,1
89f0d5cb-6690-4295-94a8-a1b13c12e9c8,60,0155d1e7-7d5a-4abf-8a38-a56d1cd7671b,Snake3,100,8,1
89f0d5cb-6690-4295-94a8-a1b13c12e9c8,60,d85838ae-55df-40b9-853f-e0e44b053a95,Snake4,92,13,1
89f0d5cb-6690-4295-94a8-a1b13c12e9c8,60,b0a97e1a-e57b-4a3c-849c-2b9264da3d12,Snake1,63,7,1
89f0d5cb-6690-4295-94a8-a1b13c12e9c8,60,92e5c2c2-966e-4845-ba43-839f69ea08d9,Snake2,49,5,1
89f0d5cb-6690-4295-94a8-a1b13c12e9c8,60,0155d1e7-7d5a-4abf-8a38-a56d1cd7671b,Snake3,100,8,1
89f0d5cb-6690-4295-94a8-a1b13c12e9c8,60,d85838ae-55df-40b9-853f-e0e44b053a95,Snake4,92,13,1
89f0d5cb-6690-4295-94a8-a1b13c12e9c8,60,b0a97e1a-e57b-4a3c-849c-2b9264da3d12,Snake1,63,7,1
89f0d5cb-6690-4295-94a8-a1b13c12e9c8,60,92e5c2c2-966e-4845-ba43-839f69ea08d9,Snake2,49,5,1
89f0d5cb-6690-4295-94a8-a1b13c12e9c8,60,0155d1e7-7d5a-4abf-8a38-a56d1cd7671b,Snake3,100,8,1
89f0d5cb-6690-4295-94a8-a1b13c12e9c8,60,d85838ae-55df-40b9-853f-e0e44b053a95,Snake4,92,13,1
89f0d5cb-6690-4295-94a8-a1b13c12e9c8,61,b0a97e1a-e57b-4a3c-849c-2b9264da3d12,Snake1,62,7,1
89f0d5cb-6690-4295-94a8-a1b13c12e9c8,61,92e5c2c2-966e-4845-ba43-839f69ea08d9,Snake2,48,5,1
89f0d5cb-6690-4295-94a8-a1b13c12e9c8,61,0155d1e7-7d5a-4abf-8a38-a56d1cd7671b,Snake3,99,8,1
89f0d5cb-6690-4295-94a8-a1b13c12e9c8,61,d85838ae-55df-40b9-853f-e0e44b053a95,Snake4,91,13,1
89f0d5cb-6690-4295-94a8-a1b13c12e9c8,61,b0a97e1a-e57b-4a3c-849c-2b9264da3d12,Snake1,62,7,1
89f0d5cb-6690-4295-94a8-a1b13c12e9c8,61,92e5c2c2-966e-4845-ba43-839f69ea08d9,Snake2,48,5,1
89f0d5cb-6690-4295-94a8-a1b13c12e9c8,61,0155d1e7-7d5a-4abf-8a38-a56d1cd7671b,Snake3,99,8,1
89f0d5cb-6690-4295-94a8-a1b13c12e9c8,61,d85838ae-55df-40b9-853f-e0e44b053a95,Snake4,91,13,1
89f0d5cb-6690-4295-94a8-a1b13c12e9c8,61,b0a97e1a-e57b-4a3c-849c-2b9264da3d12,Snake1,62,7,1
89f0d5cb-6690-4295-94a8-a1b13c12e9c8,61,92e5c2c2-966e-4845-ba43-839f69ea08d9,Snake2,48,5,1
89f0d5cb-6690-4295-94a8-a1b13c12e9c8,61,0155d1e7-7d5a-4abf-8a38-a56d1cd7671b,Snake3,99,8,1
89f0d5cb-6690-4295-94a8-a1b13c12e9c8,61,d85838ae-55df-40b9-853f-e0e44b053a95,Snake4,91,13,1
89f0d5cb-6690-4295-94a8-a1b13c12e9c8,61,b0a97e1a-e57b-4a3c-849c-2b9264da3d12,Snake1,62,7,1
89f0d5cb-6690-4295-94a8-a1b13c12e9c8,61,92e5c2c2-966e-4845-ba43-839f69ea08d9,Snake2,48,5,1
89f0d5cb-6690-4295-94a8-a1b13c12e9c8,61,0155d1e7-7d5a-4abf-8a38-a56d1cd7671b,Snake3,99,8,1
89f0d5cb-6690-4295-94a8-a1b13c12e9c8,61,d85838ae-55df-40b9-853f-e0e44b053a95,Snake4,91,13,1
89f0d5cb-6690-4295-94a8-a1b13c12e9c8,62,b0a97e1a-e57b-4a3c-849c-2b9264da3d12,Snake1,61,7,1
89f0d5cb-6690-4295-94a8-a1b13c12e9c8,62,92e5c2c2-966e-4845-ba43-839f69ea08d9,Snake2,47,5,1
89f0d5cb-6690-4295-94a8-a1b13c12e9c8,62,0155d1e7-7d5a-4abf-8a38-a56d1cd7671b,Snake3,98,8,1
89f0d5cb-6690-4295-94a8-a1b13c12e9c8,62,d85838ae-55df-40b9-853f-e0e44b053a95,Snake4,90,13,1
89f0d5cb-6690-4295-94a8-a1b13c12e9c8,62,b0a97e1a-e57b-4a3c-849c-2b9264da3d12,Snake1,61,7,1
89f0d5cb-6690-4295-94a8-a1b13c12e9c8,62,92e5c2c2-966e-4845-ba43-839f69ea08d9,Snake2,47,5,1
89f0d5cb-6690-4295-94a8-a1b13c12e9c8,62,0155d1e7-7d5a-4abf-8a38-a56d1cd7671b,Snake3,98,8,1
89f0d5cb-6690-4295-94a8-a1b13c12e9c8,62,d85838ae-55df-40b9-853f-e0e44b053a95,Snake4,90,13,1
89f0d5cb-6690-4295-94a8-a1b13c12e9c8,62,b0a97e1a-e57b-4a3c-849c-2b9264da3d12,Snake1,61,7,1
89f0d5cb-6690-4295-94a8-a1b13c12e9c8,62,92e5c2c2-966e-4845-ba43-839f69ea08d9,Snake2,47,5,1
89f0d5cb-6690-4295-94a8-a1b13c12e9c8,62,0155d1e7-7d5a-4abf-8a38-a56d1cd7671b,Snake3,98,8,1
89f0d5cb-6690-4295-94a8-a1b13c12e9c8,62,d85838ae-55df-40b9-853f-e0e44b053a95,Snake4,90,13,1
89f0d5cb-6690-4295-94a8-a1b13c12e9c8,63,b0a97e1a-e57b-4a3c-849c-2b9264da3d12,Snake1,60,7,1
89f0d5cb-6690-4295-94a8-a1b13c12e9c8,63,92e5c2c2-966e-4845-ba43-839f69ea08d9,Snake2,46,5,1
89f0d5cb-6690-4295-94a8-a1b13c12e9c8,63,0155d1e7-7d5a-4abf-8a38-a56d1cd7671b,Snake3,97,8,1
89f0d5cb-6690-4295-94a8-a1b13c12e9c8,63,d85838ae-55df-40b9-853f-e0e44b053a95,Snake4,89,13,1
89f0d5cb-6690-4295-94a8-a1b13c12e9c8,63,b0a97e1a-e57b-4a3c-849c-2b9264da3d12,Snake1,60,7,1
89f0d5cb-6690-4295-94a8-a1b13c12e9c8,63,92e5c2c2-966e-4845-ba43-839f69ea08d9,Snake2,46,5,1
89f0d5cb-6690-4295-94a8-a1b13c12e9c8,63,0155d1e7-7d5a-4abf-8a38-a56d1cd7671b,Snake3,97,8,1
89f0d5cb-6690-4295-94a8-a1b13c12e9c8,63,d85838ae-55df-40b9-853f-e0e44b053a95,Snake4,89,13,1
89f0d5cb-6690-4295-94a8-a1b13c12e9c8,63,b0a97e1a-e57b-4a3c-849c-2b9264da3d12,Snake1,60,7,1
89f0d5cb-6690-4295-94a8-a1b13c12e9c8,63,92e5c2c2-966e-4845-ba43-839f69ea08d9,Snake2,46,5,1
89f0d5cb-6690-4295-94a8-a1b13c12e9c8,63,0155d1e7-7d5a-4abf-8a38-a56d1cd7671b,Snake3,97,8,1
89f0d5cb-6690-4295-94a8-a1b13c12e9c8,63,d85838ae-55df-40b9-853f-e0e44b053a95,Snake4,89,13,1
89f0d5cb-6690-4295-94a8-a1b13c12e9c8,64,b0a97e1a-e57b-4a3c-849c-2b9264da3d12,Snake1,59,7,1
89f0d5cb-6690-4295-94a8-a1b13c12e9c8,64,92e5c2c2-966e-4845-ba43-839f69ea08d9,Snake2,100,6,1
89f0d5cb-6690-4295-94a8-a1b13c12e9c8,64,0155d1e7-7d5a-4abf-8a38-a56d1cd7671b,Snake3,96,8,1
89f0d5cb-6690-4295-94a8-a1b13c12e9c8,64,d85838ae-55df-40b9-853f-e0e44b053a95,Snake4,88,13,1
89f0d5cb-6690-4295-94a8-a1b13c12e9c8,64,b0a97e1a-e57b-4a3c-849c-2b9264da3d12,Snake1,59,7,1
89f0d5cb-6690-4295-94a8-a1b13c12e9c8,64,92e5c2c2-966e-4845-ba43-839f69ea08d9,Snake2,100,6,1
89f0d5cb-6690-4295-94a8-a1b13c12e9c8,64,0155d1e7-7d5a-4abf-8a38-a56d1cd7671b,Snake3,96,8,1
89f0d5cb-6690-4295-94a8-a1b13c12e9c8,64,d85838ae-55df-40b9-853f-e0e44b053a95,Snake4,88,13,1
89f0d5cb-6690-4295-94a8-a1b13c12e9c8,64,b0a97e1a-e57b-4a3c-849c-2b9264da3d12,Snake1,59,7,1
89f0d5cb-6690-4295-94a8-a1b13c12e9c8,64,92e5c2c2-966e-4845-ba43-839f69ea08d9,Snake2,100,6,1
89f0d5cb-6690-4295-94a8-a1b13c12e9c8,64,0155d1e7-7d5a-4abf-8a38-a56d1cd7671b,Snake3,96,8,1
89f0d5cb-6690-4295-94a8-a1b13c12e9c8,64,d85838ae-55df-40b9-853f-e0e44b053a95,Snake4,88,13,1
89f0d5cb-6690-4295-94a8-a1b13c12e9c8,65,b0a97e1a-e57b-4a3c-849c-2b9264da3d12,Snake1,58,7,1
89f0d5cb-6690-4295-94a8-a1b13c12e9c8,65,92e5c2c2-966e-4845-ba43-839f69ea08d9,Snake2,99,6,1
89f0d5cb-6690-4295-94a8-a1b13c12e9c8,65,0155d1e7-7d5a-4abf-8a38-a56d1cd7671b,Snake3,95,8,1
89f0d5cb-6690-4295-94a8-a1b13c12e9c8,65,d85838ae-55df-40b9-853f-e0e44b053a95,Snake4,87,13,1
89f0d5cb-6690-4295-94a8-a1b13c12e9c8,65,b0a97e1a-e57b-4a3c-849c-2b9264da3d12,Snake1,58,7,1
89f0d5cb-6690-4295-94a8-a1b13c12e9c8,65,92e5c2c2-966e-4845-ba43-839f69ea08d9,Snake2,99,6,1
89f0d5cb-6690-4295-94a8-a1b13c12e9c8,65,0155d1e7-7d5a-4abf-8a38-a56d1cd7671b,Snake3,95,8,1
89f0d5cb-6690-4295-94a8-a1b13c12e9c8,65,d85838ae-55df-40b9-853f-e0e44b053a95,Snake4,87,13,1
89f0d5cb-6690-4295-94a8-a1b13c12e9c8,65,b0a97e1a-e57b-4a3c-849c-2b9264da3d12,Snake1,58,7,1
89f0d5cb-6690-4295-94a8-a1b13c12e9c8,65,92e5c2c2-966e-4845-ba43-839f69ea08d9,Snake2,99,6,1
89f0d5cb-6690-4295-94a8-a1b13c12e9c8,65,0155d1e7-7d5a-4abf-8a38-a56d1cd7671b,Snake3,95,8,1
89f0d5cb-6690-4295-94a8-a1b13c12e9c8,65,d85838ae-55df-40b9-853f-e0e44b053a95,Snake4,87,13,1
89f0d5cb-6690-4295-94a8-a1b13c12e9c8,66,b0a97e1a-e57b-4a3c-849c-2b9264da3d12,Snake1,57,7,1
89f0d5cb-6690-4295-94a8-a1b13c12e9c8,66,92e5c2c2-966e-4845-ba43-839f69ea08d9,Snake2,98,6,1
89f0d5cb-6690-4295-94a8-a1b13c12e9c8,66,0155d1e7-7d5a-4abf-8a38-a56d1cd7671b,Snake3,94,8,1
89f0d5cb-6690-4295-94a8-a1b13c12e9c8,66,d85838ae-55df-40b9-853f-e0e44b053a95,Snake4,100,14,1
89f0d5cb-6690-4295-94a8-a1b13c12e9c8,66,b0a97e1a-e57b-4a3c-849c-2b9264da3d12,Snake1,57,7,1
89f0d5cb-6690-4295-94a8-a1b13c12e9c8,66,92e5c2c2-966e-4845-ba43-839f69ea08d9,Snake2,98,6,1
89f0d5cb-6690-4295-94a8-a1b13c12e9c8,66,0155d1e7-7d5a-4abf-8a38-a56d1cd7671b,Snake3,94,8,1
89f0d5cb-6690-4295-94a8-a1b13c12e9c8,66,d85838ae-55df-40b9-853f-e0e44b053a95,Snake4,100,14,1
89f0d5cb-6690-4295-94a8-a1b13c12e9c8,67,b0a97e1a-e57b-4a3c-849c-2b9264da3d12,Snake1,56,7,1
89f0d5cb-6690-4295-94a8-a1b13c12e9c8,67,92e5c2c2-966e-4845-ba43-839f69ea08d9,Snake2,97,6,1
89f0d5cb-6690-4295-94a8-a1b13c12e9c8,67,0155d1e7-7d5a-4abf-8a38-a56d1cd7671b,Snake3,93,8,1
89f0d5cb-6690-4295-94a8-a1b13c12e9c8,67,d85838ae-55df-40b9-853f-e0e44b053a95,Snake4,99,14,1
89f0d5cb-6690-4295-94a8-a1b13c12e9c8,67,b0a97e1a-e57b-4a3c-849c-2b9264da3d12,Snake1,56,7,1
89f0d5cb-6690-4295-94a8-a1b13c12e9c8,67,92e5c2c2-966e-4845-ba43-839f69ea08d9,Snake2,97,6,1
89f0d5cb-6690-4295-94a8-a1b13c12e9c8,67,0155d1e7-7d5a-4abf-8a38-a56d1cd7671b,Snake3,93,8,1
89f0d5cb-6690-4295-94a8-a1b13c12e9c8,67,d85838ae-55df-40b9-853f-e0e44b053a95,Snake4,99,14,1
89f0d5cb-6690-4295-94a8-a1b13c12e9c8,68,b0a97e1a-e57b-4a3c-849c-2b9264da3d12,Snake1,55,7,1
89f0d5cb-6690-4295-94a8-a1b13c12e9c8,68,92e5c2c2-966e-4845-ba43-839f69ea08d9,Snake2,96,6,1
89f0d5cb-6690-4295-94a8-a1b13c12e9c8,68,0155d1e7-7d5a-4abf-8a38-a56d1cd7671b,Snake3,92,8,1
89f0d5cb-6690-4295-94a8-a1b13c12e9c8,68,d85838ae-55df-40b9-853f-e0e44b053a95,Snake4,98,14,1
89f0d5cb-6690-4295-94a8-a1b13c12e9c8,68,b0a97e1a-e57b-4a3c-849c-2b9264da3d12,Snake1,55,7,1
89f0d5cb-6690-4295-94a8-a1b13c12e9c8,68,92e5c2c2-966e-4845-ba43-839f69ea08d9,Snake2,96,6,1
89f0d5cb-6690-4295-94a8-a1b13c12e9c8,68,0155d1e7-7d5a-4abf-8a38-a56d1cd7671b,Snake3,92,8,1
89f0d5cb-6690-4295-94a8-a1b13c12e9c8,68,d85838ae-55df-40b9-853f-e0e44b053a95,Snake4,98,14,1
89f0d5cb-6690-4295-94a8-a1b13c12e9c8,68,b0a97e1a-e57b-4a3c-849c-2b9264da3d12,Snake1,55,7,1
89f0d5cb-6690-4295-94a8-a1b13c12e9c8,68,92e5c2c2-966e-4845-ba43-839f69ea08d9,Snake2,96,6,1
89f0d5cb-6690-4295-94a8-a1b13c12e9c8,68,0155d1e7-7d5a-4abf-8a38-a56d1cd7671b,Snake3,92,8,1
89f0d5cb-6690-4295-94a8-a1b13c12e9c8,68,d85838ae-55df-40b9-853f-e0e44b053a95,Snake4,98,14,1
89f0d5cb-6690-4295-94a8-a1b13c12e9c8,68,b0a97e1a-e57b-4a3c-849c-2b9264da3d12,Snake1,55,7,1
89f0d5cb-6690-4295-94a8-a1b13c12e9c8,68,92e5c2c2-966e-4845-ba43-839f69ea08d9,Snake2,96,6,1
89f0d5cb-6690-4295-94a8-a1b13c12e9c8,68,0155d1e7-7d5a-4abf-8a38-a56d1cd7671b,Snake3,92,8,1
89f0d5cb-6690-4295-94a8-a1b13c12e9c8,68,d85838ae-55df-40b9-853f-e0e44b053a95,Snake4,98,14,1
89f0d5cb-6690-4295-94a8-a1b13c12e9c8,69,b0a97e1a-e57b-4a3c-849c-2b9264da3d12,Snake1,54,7,1
89f0d5cb-6690-4295-94a8-a1b13c12e9c8,69,92e5c2c2-966e-4845-ba43-839f69ea08d9,Snake2,95,6,1
89f0d5cb-6690-4295-94a8-a1b13c12e9c8,69,0155d1e7-7d5a-4abf-8a38-a56d1cd7671b,Snake3,91,8,1
89f0d5cb-6690-4295-94a8-a1b13c12e9c8,69,d85838ae-55df-40b9-853f-e0e44b053a95,Snake4,97,14,1
89f0d5cb-6690-4295-94a8-a1b13c12e9c8,69,b0a97e1a-e57b-4a3c-849c-2b9264da3d12,Snake1,54,7,1
89f0d5cb-6690-4295-94a8-a1b13c12e9c8,69,92e5c2c2-966e-4845-ba43-839f69ea08d9,Snake2,95,6,1
89f0d5cb-6690-4295-94a8-a1b13c12e9c8,69,0155d1e7-7d5a-4abf-8a38-a56d1cd7671b,Snake3,91,8,1
89f0d5cb-6690-4295-94a8-a1b13c12e9c8,69,d85838ae-55df-40b9-853f-e0e44b053a95,Snake4,97,14,1
89f0d5cb-6690-4295-94a8-a1b13c12e9c8,69,b0a97e1a-e57b-4a3c-849c-2b9264da3d12,Snake1,54,7,1
89f0d5cb-6690-4295-94a8-a1b13c12e9c8,69,92e5c2c2-966e-4845-ba43-839f69ea08d9,Snake2,95,6,1
89f0d5cb-6690-4295-94a8-a1b13c12e9c8,69,0155d1e7-7d5a-4abf-8a38-a56d1cd7671b,Snake3,91,8,1
89f0d5cb-6690-4295-94a8-a1b13c12e9c8,69,d85838ae-55df-40b9-853f-e0e44b053a95,Snake4,97,14,1
89f0d5cb-6690-4295-94a8-a1b13c12e9c8,70,b0a97e1a-e57b-4a3c-849c-2b9264da3d12,Snake1,53,7,1
89f0d5cb-6690-4295-94a8-a1b13c12e9c8,70,92e5c2c2-966e-4845-ba43-839f69ea08d9,Snake2,94,6,1
89f0d5cb-6690-4295-94a8-a1b13c12e9c8,70,0155d1e7-7d5a-4abf-8a38-a56d1cd7671b,Snake3,90,8,1
89f0d5cb-6690-4295-94a8-a1b13c12e9c8,70,d85838ae-55df-40b9-853f-e0e44b053a95,Snake4,96,14,1
89f0d5cb-6690-4295-94a8-a1b13c12e9c8,70,b0a97e1a-e57b-4a3c-849c-2b9264da3d12,Snake1,53,7,1
89f0d5cb-6690-4295-94a8-a1b13c12e9c8,70,92e5c2c2-966e-4845-ba43-839f69ea08d9,Snake2,94,6,1
89f0d5cb-6690-4295-94a8-a1b13c12e9c8,70,0155d1e7-7d5a-4abf-8a38-a56d1cd7671b,Snake3,90,8,1
89f0d5cb-6690-4295-94a8-a1b13c12e9c8,70,d85838ae-55df-40b9-853f-e0e44b053a95,Snake4,96,14,1
89f0d5cb-6690-4295-94a8-a1b13c12e9c8,70,b0a97e1a-e57b-4a3c-849c-2b9264da3d12,Snake1,53,7,1
89f0d5cb-6690-4295-94a8-a1b13c12e9c8,70,92e5c2c2-966e-4845-ba43-839f69ea08d9,Snake2,94,6,1
89f0d5cb-6690-4295-94a8-a1b13c12e9c8,70,0155d1e7-7d5a-4abf-8a38-a56d1cd7671b,Snake3,90,8,1
89f0d5cb-6690-4295-94a8-a1b13c12e9c8,70,d85838ae-55df-40b9-853f-e0e44b053a95,Snake4,96,14,1
89f0d5cb-6690-4295-94a8-a1b13c12e9c8,70,b0a97e1a-e57b-4a3c-849c-2b9264da3d12,Snake1,53,7,1
89f0d5cb-6690-4295-94a8-a1b13c12e9c8,70,92e5c2c2-966e-4845-ba43-839f69ea08d9,Snake2,94,6,1
89f0d5cb-6690-4295-94a8-a1b13c12e9c8,70,0155d1e7-7d5a-4abf-8a38-a56d1cd7671b,Snake3,90,8,1
89f0d5cb-6690-4295-94a8-a1b13c12e9c8,70,d85838ae-55df-40b9-853f-e0e44b053a95,Snake4,96,14,1
89f0d5cb-6690-4295-94a8-a1b13c12e9c8,71,b0a97e1a-e57b-4a3c-849c-2b9264da3d12,Snake1,52,7,1
89f0d5cb-6690-4295-94a8-a1b13c12e9c8,71,92e5c2c2-966e-4845-ba43-839f69ea08d9,Snake2,93,6,1
89f0d5cb-6690-4295-94a8-a1b13c12e9c8,71,0155d1e7-7d5a-4abf-8a38-a56d1cd7671b,Snake3,89,8,1
89f0d5cb-6690-4295-94a8-a1b13c12e9c8,71,d85838ae-55df-40b9-853f-e0e44b053a95,Snake4,100,15,1
89f0d5cb-6690-4295-94a8-a1b13c12e9c8,71,b0a97e1a-e57b-4a3c-849c-2b9264da3d12,Snake1,52,7,1
89f0d5cb-6690-4295-94a8-a1b13c12e9c8,71,92e5c2c2-966e-4845-ba43-839f69ea08d9,Snake2,93,6,1
89f0d5cb-6690-4295-94a8-a1b13c12e9c8,71,0155d1e7-7d5a-4abf-8a38-a56d1cd7671b,Snake3,89,8,1
89f0d5cb-6690-4295-94a8-a1b13c12e9c8,71,d85838ae-55df-40b9-853f-e0e44b053a95,Snake4,100,15,1
89f0d5cb-6690-4295-94a8-a1b13c12e9c8,71,b0a97e1a-e57b-4a3c-849c-2b9264da3d12,Snake1,52,7,1
89f0d5cb-6690-4295-94a8-a1b13c12e9c8,71,92e5c2c2-966e-4845-ba43-839f69ea08d9,Snake2,93,6,1
89f0d5cb-6690-4295-94a8-a1b13c12e9c8,71,0155d1e7-7d5a-4abf-8a38-a56d1cd7671b,Snake3,89,8,1
89f0d5cb-6690-4295-94a8-a1b13c12e9c8,71,d85838ae-55df-40b9-853f-e0e44b053a95,Snake4,100,15,1
89f0d5cb-6690-4295-94a8-a1b13c12e9c8,72,b0a97e1a-e57b-4a3c-849c-2b9264da3d12,Snake1,100,8,1
89f0d5cb-6690-4295-94a8-a1b13c12e9c8,72,92e5c2c2-966e-4845-ba43-839f69ea08d9,Snake2,92,6,1
89f0d5cb-6690-4295-94a8-a1b13c12e9c8,72,0155d1e7-7d5a-4abf-8a38-a56d1cd7671b,Snake3,88,8,1
89f0d5cb-6690-4295-94a8-a1b13c12e9c8,72,d85838ae-55df-40b9-853f-e0e44b053a95,Snake4,99,15,1
89f0d5cb-6690-4295-94a8-a1b13c12e9c8,72,b0a97e1a-e57b-4a3c-849c-2b9264da3d12,Snake1,100,8,1
89f0d5cb-6690-4295-94a8-a1b13c12e9c8,72,92e5c2c2-966e-4845-ba43-839f69ea08d9,Snake2,92,6,1
89f0d5cb-6690-4295-94a8-a1b13c12e9c8,72,0155d1e7-7d5a-4abf-8a38-a56d1cd7671b,Snake3,88,8,1
89f0d5cb-6690-4295-94a8-a1b13c12e9c8,72,d85838ae-55df-40b9-853f-e0e44b053a95,Snake4,99,15,1
89f0d5cb-6690-4295-94a8-a1b13c12e9c8,72,b0a97e1a-e57b-4a3c-849c-2b9264da3d12,Snake1,100,8,1
89f0d5cb-6690-4295-94a8-a1b13c12e9c8,72,92e5c2c2-966e-4845-ba43-839f69ea08d9,Snake2,92,6,1
89f0d5cb-6690-4295-94a8-a1b13c12e9c8,72,0155d1e7-7d5a-4abf-8a38-a56d1cd7671b,Snake3,88,8,1
89f0d5cb-6690-4295-94a8-a1b13c12e9c8,72,d85838ae-55df-40b9-853f-e0e44b053a95,Snake4,99,15,1
89f0d5cb-6690-4295-94a8-a1b13c12e9c8,72,b0a97e1a-e57b-4a3c-849c-2b9264da3d12,Snake1,100,8,1
89f0d5cb-6690-4295-94a8-a1b13c12e9c8,72,92e5c2c2-966e-4845-ba43-839f69ea08d9,Snake2,92,6,1
89f0d5cb-6690-4295-94a8-a1b13c12e9c8,72,0155d1e7-7d5a-4abf-8a38-a56d1cd7671b,Snake3,88,8,1
89f0d5cb-6690-4295-94a8-a1b13c12e9c8,72,d85838ae-55df-40b9-853f-e0e44b053a95,Snake4,99,15,1
89f0d5cb-6690-4295-94a8-a1b13c12e9c8,73,b0a97e1a-e57b-4a3c-849c-2b9264da3d12,Snake1,99,8,1
89f0d5cb-6690-4295-94a8-a1b13c12e9c8,73,92e5c2c2-966e-4845-ba43-839f69ea08d9,Snake2,91,6,1
89f0d5cb-6690-4295-94a8-a1b13c12e9c8,73,0155d1e7-7d5a-4abf-8a38-a56d1cd7671b,Snake3,87,8,1
89f0d5cb-6690-4295-94a8-a1b13c12e9c8,73,d85838ae-55df-40b9-853f-e0e44b053a95,Snake4,98,15,1
89f0d5cb-6690-4295-94a8-a1b13c12e9c8,73,b0a97e1a-e57b-4a3c-849c-2b9264da3d12,Snake1,99,8,1
89f0d5cb-6690-4295-94a8-a1b13c12e9c8,73,92e5c2c2-966e-4845-ba43-839f69ea08d9,Snake2,91,6,1
89f0d5cb-6690-4295-94a8-a1b13c12e9c8,73,0155d1e7-7d5a-4abf-8a38-a56d1cd7671b,Snake3,87,8,1
89f0d5cb-6690-4295-94a8-a1b13c12e9c8,73,d85838ae-55df-40b9-853f-e0e44b053a95,Snake4,98,15,1
89f0d5cb-6690-4295-94a8-a1b13c12e9c8,73,b0a97e1a-e57b-4a3c-849c-2b9264da3d12,Snake1,99,8,1
89f0d5cb-6690-4295-94a8-a1b13c12e9c8,73,92e5c2c2-966e-4845-ba43-839f69ea08d9,Snake2,91,6,1
89f0d5cb-6690-4295-94a8-a1b13c12e9c8,73,0155d1e7-7d5a-4abf-8a38-a56d1cd7671b,Snake3,87,8,1
89f0d5cb-6690-4295-94a8-a1b13c12e9c8,73,d85838ae-55df-40b9-853f-e0e44b053a95,Snake4,98,15,1
89f0d5cb-6690-4295-94a8-a1b13c12e9c8,74,b0a97e1a-e57b-4a3c-849c-2b9264da3d12,Snake1,98,8,1
89f0d5cb-6690-4295-94a8-a1b13c12e9c8,74,92e5c2c2-966e-4845-ba43-839f69ea08d9,Snake2,90,6,1
89f0d5cb-6690-4295-94a8-a1b13c12e9c8,74,0155d1e7-7d5a-4abf-8a38-a56d1cd7671b,Snake3,86,8,1
89f0d5cb-6690-4295-94a8-a1b13c12e9c8,74,d85838ae-55df-40b9-853f-e0e44b053a95,Snake4,97,15,1
89f0d5cb-6690-4295-94a8-a1b13c12e9c8,74,b0a97e1a-e57b-4a3c-849c-2b9264da3d12,Snake1,98,8,1
89f0d5cb-6690-4295-94a8-a1b13c12e9c8,74,92e5c2c2-966e-4845-ba43-839f69ea08d9,Snake2,90,6,1
89f0d5cb-6690-4295-94a8-a1b13c12e9c8,74,0155d1e7-7d5a-4abf-8a38-a56d1cd7671b,Snake3,86,8,1
89f0d5cb-6690-4295-94a8-a1b13c12e9c8,74,d85838ae-55df-40b9-853f-e0e44b053a95,Snake4,97,15,1
89f0d5cb-6690-4295-94a8-a1b13c12e9c8,74,b0a97e1a-e57b-4a3c-849c-2b9264da3d12,Snake1,98,8,1
89f0d5cb-6690-4295-94a8-a1b13c12e9c8,74,92e5c2c2-966e-4845-ba43-839f69ea08d9,Snake2,90,6,1
89f0d5cb-6690-4295-94a8-a1b13c12e9c8,74,0155d1e7-7d5a-4abf-8a38-a56d1cd7671b,Snake3,86,8,1
89f0d5cb-6690-4295-94a8-a1b13c12e9c8,74,d85838ae-55df-40b9-853f-e0e44b053a95,Snake4,97,15,1
89f0d5cb-6690-4295-94a8-a1b13c12e9c8,74,b0a97e1a-e57b-4a3c-849c-2b9264da3d12,Snake1,98,8,1
89f0d5cb-6690-4295-94a8-a1b13c12e9c8,74,92e5c2c2-966e-4845-ba43-839f69ea08d9,Snake2,90,6,1
89f0d5cb-6690-4295-94a8-a1b13c12e9c8,74,0155d1e7-7d5a-4abf-8a38-a56d1cd7671b,Snake3,86,8,1
89f0d5cb-6690-4295-94a8-a1b13c12e9c8,74,d85838ae-55df-40b9-853f-e0e44b053a95,Snake4,97,15,1
89f0d5cb-6690-4295-94a8-a1b13c12e9c8,75,b0a97e1a-e57b-4a3c-849c-2b9264da3d12,Snake1,97,8,1
89f0d5cb-6690-4295-94a8-a1b13c12e9c8,75,92e5c2c2-966e-4845-ba43-839f69ea08d9,Snake2,89,6,1
89f0d5cb-6690-4295-94a8-a1b13c12e9c8,75,0155d1e7-7d5a-4abf-8a38-a56d1cd7671b,Snake3,85,8,1
89f0d5cb-6690-4295-94a8-a1b13c12e9c8,75,d85838ae-55df-40b9-853f-e0e44b053a95,Snake4,96,15,1
89f0d5cb-6690-4295-94a8-a1b13c12e9c8,75,b0a97e1a-e57b-4a3c-849c-2b9264da3d12,Snake1,97,8,1
89f0d5cb-6690-4295-94a8-a1b13c12e9c8,75,92e5c2c2-966e-4845-ba43-839f69ea08d9,Snake2,89,6,1
89f0d5cb-6690-4295-94a8-a1b13c12e9c8,75,0155d1e7-7d5a-4abf-8a38-a56d1cd7671b,Snake3,85,8,1
89f0d5cb-6690-4295-94a8-a1b13c12e9c8,75,d85838ae-55df-40b9-853f-e0e44b053a95,Snake4,96,15,1
89f0d5cb-6690-4295-94a8-a1b13c12e9c8,75,b0a97e1a-e57b-4a3c-849c-2b9264da3d12,Snake1,97,8,1
89f0d5cb-6690-4295-94a8-a1b13c12e9c8,75,92e5c2c2-966e-4845-ba43-839f69ea08d9,Snake2,89,6,1
89f0d5cb-6690-4295-94a8-a1b13c12e9c8,75,0155d1e7-7d5a-4abf-8a38-a56d1cd7671b,Snake3,85,8,1
89f0d5cb-6690-4295-94a8-a1b13c12e9c8,75,d85838ae-55df-40b9-853f-e0e44b053a95,Snake4,96,15,1
89f0d5cb-6690-4295-94a8-a1b13c12e9c8,76,b0a97e1a-e57b-4a3c-849c-2b9264da3d12,Snake1,96,8,1
89f0d5cb-6690-4295-94a8-a1b13c12e9c8,76,92e5c2c2-966e-4845-ba43-839f69ea08d9,Snake2,88,6,1
89f0d5cb-6690-4295-94a8-a1b13c12e9c8,76,0155d1e7-7d5a-4abf-8a38-a56d1cd7671b,Snake3,84,8,1
89f0d5cb-6690-4295-94a8-a1b13c12e9c8,76,d85838ae-55df-40b9-853f-e0e44b053a95,Snake4,95,15,1
89f0d5cb-6690-4295-94a8-a1b13c12e9c8,76,b0a97e1a-e57b-4a3c-849c-2b9264da3d12,Snake1,96,8,1
89f0d5cb-6690-4295-94a8-a1b13c12e9c8,76,92e5c2c2-966e-4845-ba43-839f69ea08d9,Snake2,88,6,1
89f0d5cb-6690-4295-94a8-a1b13c12e9c8,76,0155d1e7-7d5a-4abf-8a38-a56d1cd7671b,Snake3,84,8,1
89f0d5cb-6690-4295-94a8-a1b13c12e9c8,76,d85838ae-55df-40b9-853f-e0e44b053a95,Snake4,95,15,1
89f0d5cb-6690-4295-94a8-a1b13c12e9c8,76,b0a97e1a-e57b-4a3c-849c-2b9264da3d12,Snake1,96,8,1
89f0d5cb-6690-4295-94a8-a1b13c12e9c8,76,92e5c2c2-966e-4845-ba43-839f69ea08d9,Snake2,88,6,1
89f0d5cb-6690-4295-94a8-a1b13c12e9c8,76,0155d1e7-7d5a-4abf-8a38-a56d1cd7671b,Snake3,84,8,1
89f0d5cb-6690-4295-94a8-a1b13c12e9c8,76,d85838ae-55df-40b9-853f-e0e44b053a95,Snake4,95,15,1
89f0d5cb-6690-4295-94a8-a1b13c12e9c8,76,b0a97e1a-e57b-4a3c-849c-2b9264da3d12,Snake1,96,8,1
89f0d5cb-6690-4295-94a8-a1b13c12e9c8,76,92e5c2c2-966e-4845-ba43-839f69ea08d9,Snake2,88,6,1
89f0d5cb-6690-4295-94a8-a1b13c12e9c8,76,0155d1e7-7d5a-4abf-8a38-a56d1cd7671b,Snake3,84,8,1
89f0d5cb-6690-4295-94a8-a1b13c12e9c8,76,d85838ae-55df-40b9-853f-e0e44b053a95,Snake4,95,15,1
89f0d5cb-6690-4295-94a8-a1b13c12e9c8,77,b0a97e1a-e57b-4a3c-849c-2b9264da3d12,Snake1,100,9,1
89f0d5cb-6690-4295-94a8-a1b13c12e9c8,77,92e5c2c2-966e-4845-ba43-839f69ea08d9,Snake2,87,6,1
89f0d5cb-6690-4295-94a8-a1b13c12e9c8,77,0155d1e7-7d5a-4abf-8a38-a56d1cd7671b,Snake3,83,8,1
89f0d5cb-6690-4295-94a8-a1b13c12e9c8,77,d85838ae-55df-40b9-853f-e0e44b053a95,Snake4,94,15,1
89f0d5cb-6690-4295-94a8-a1b13c12e9c8,77,b0a97e1a-e57b-4a3c-849c-2b9264da3d12,Snake1,100,9,1
89f0d5cb-6690-4295-94a8-a1b13c12e9c8,77,92e5c2c2-966e-4845-ba43-839f69ea08d9,Snake2,87,6,1
89f0d5cb-6690-4295-94a8-a1b13c12e9c8,77,0155d1e7-7d5a-4abf-8a38-a56d1cd7671b,Snake3,83,8,1
89f0d5cb-6690-4295-94a8-a1b13c12e9c8,77,d85838ae-55df-40b9-853f-e0e44b053a95,Snake4,94,15,1
89f0d5cb-6690-4295-94a8-a1b13c12e9c8,77,b0a97e1a-e57b-4a3c-849c-2b9264da3d12,Snake1,100,9,1
89f0d5cb-6690-4295-94a8-a1b13c12e9c8,77,92e5c2c2-966e-4845-ba43-839f69ea08d9,Snake2,87,6,1
89f0d5cb-6690-4295-94a8-a1b13c12e9c8,77,0155d1e7-7d5a-4abf-8a38-a56d1cd7671b,Snake3,83,8,1
89f0d5cb-6690-4295-94a8-a1b13c12e9c8,77,d85838ae-55df-40b9-853f-e0e44b053a95,Snake4,94,15,1
89f0d5cb-6690-4295-94a8-a1b13c12e9c8,78,b0a97e1a-e57b-4a3c-849c-2b9264da3d12,Snake1,99,9,1
89f0d5cb-6690-4295-94a8-a1b13c12e9c8,78,92e5c2c2-966e-4845-ba43-839f69ea08d9,Snake2,86,6,1
89f0d5cb-6690-4295-94a8-a1b13c12e9c8,78,0155d1e7-7d5a-4abf-8a38-a56d1cd7671b,Snake3,82,8,1
89f0d5cb-6690-4295-94a8-a1b13c12e9c8,78,d85838ae-55df-40b9-853f-e0e44b053a95,Snake4,51,15,1
89f0d5cb-6690-4295-94a8-a1b13c12e9c8,78,b0a97e1a-e57b-4a3c-849c-2b9264da3d12,Snake1,99,9,1
89f0d5cb-6690-4295-94a8-a1b13c12e9c8,78,92e5c2c2-966e-4845-ba43-839f69ea08d9,Snake2,86,6,1
89f0d5cb-6690-4295-94a8-a1b13c12e9c8,78,0155d1e7-7d5a-4abf-8a38-a56d1cd7671b,Snake3,82,8,1
89f0d5cb-6690-4295-94a8-a1b13c12e9c8,78,d85838ae-55df-40b9-853f-e0e44b053a95,Snake4,51,15,1
89f0d5cb-6690-4295-94a8-a1b13c12e9c8,78,b0a97e1a-e57b-4a3c-849c-2b9264da3d12,Snake1,99,9,1
89f0d5cb-6690-4295-94a8-a1b13c12e9c8,78,92e5c2c2-966e-4845-ba43-839f69ea08d9,Snake2,86,6,1
89f0d5cb-6690-4295-94a8-a1b13c12e9c8,78,0155d1e7-7d5a-4abf-8a38-a56d1cd7671b,Snake3,82,8,1
89f0d5cb-6690-4295-94a8-a1b13c12e9c8,78,d85838ae-55df-40b9-853f-e0e44b053a95,Snake4,51,15,1
89f0d5cb-6690-4295-94a8-a1b13c12e9c8,78,b0a97e1a-e57b-4a3c-849c-2b9264da3d12,Snake1,99,9,1
89f0d5cb-6690-4295-94a8-a1b13c12e9c8,78,92e5c2c2-966e-4845-ba43-839f69ea08d9,Snake2,86,6,1
89f0d5cb-6690-4295-94a8-a1b13c12e9c8,78,0155d1e7-7d5a-4abf-8a38-a56d1cd7671b,Snake3,82,8,1
89f0d5cb-6690-4295-94a8-a1b13c12e9c8,78,d85838ae-55df-40b9-853f-e0e44b053a95,Snake4,51,15,1
89f0d5cb-6690-4295-94a8-a1b13c12e9c8,79,b0a97e1a-e57b-4a3c-849c-2b9264da3d12,Snake1,98,9,1
89f0d5cb-6690-4295-94a8-a1b13c12e9c8,79,92e5c2c2-966e-4845-ba43-839f69ea08d9,Snake2,100,7,1
89f0d5cb-6690-4295-94a8-a1b13c12e9c8,79,0155d1e7-7d5a-4abf-8a38-a56d1cd7671b,Snake3,81,8,1
89f0d5cb-6690-4295-94a8-a1b13c12e9c8,79,d85838ae-55df-40b9-853f-e0e44b053a95,Snake4,50,15,1
89f0d5cb-6690-4295-94a8-a1b13c12e9c8,79,b0a97e1a-e57b-4a3c-849c-2b9264da3d12,Snake1,98,9,1
89f0d5cb-6690-4295-94a8-a1b13c12e9c8,79,92e5c2c2-966e-4845-ba43-839f69ea08d9,Snake2,100,7,1
89f0d5cb-6690-4295-94a8-a1b13c12e9c8,79,0155d1e7-7d5a-4abf-8a38-a56d1cd7671b,Snake3,81,8,1
89f0d5cb-6690-4295-94a8-a1b13c12e9c8,79,d85838ae-55df-40b9-853f-e0e44b053a95,Snake4,50,15,1
89f0d5cb-6690-4295-94a8-a1b13c12e9c8,79,b0a97e1a-e57b-4a3c-849c-2b9264da3d12,Snake1,98,9,1
89f0d5cb-6690-4295-94a8-a1b13c12e9c8,79,92e5c2c2-966e-4845-ba43-839f69ea08d9,Snake2,100,7,1
89f0d5cb-6690-4295-94a8-a1b13c12e9c8,79,0155d1e7-7d5a-4abf-8a38-a56d1cd7671b,Snake3,81,8,1
89f0d5cb-6690-4295-94a8-a1b13c12e9c8,79,d85838ae-55df-40b9-853f-e0e44b053a95,Snake4,50,15,1
89f0d5cb-6690-4295-94a8-a1b13c12e9c8,79,b0a97e1a-e57b-4a3c-849c-2b9264da3d12,Snake1,98,9,1
89f0d5cb-6690-4295-94a8-a1b13c12e9c8,79,92e5c2c2-966e-4845-ba43-839f69ea08d9,Snake2,100,7,1
89f0d5cb-6690-4295-94a8-a1b13c12e9c8,79,0155d1e7-7d5a-4abf-8a38-a56d1cd7671b,Snake3,81,8,1
89f0d5cb-6690-4295-94a8-a1b13c12e9c8,79,d85838ae-55df-40b9-853f-e0e44b053a95,Snake4,50,15,1
89f0d5cb-6690-4295-94a8-a1b13c12e9c8,80,b0a97e1a-e57b-4a3c-849c-2b9264da3d12,Snake1,97,9,1
89f0d5cb-6690-4295-94a8-a1b13c12e9c8,80,92e5c2c2-966e-4845-ba43-839f69ea08d9,Snake2,99,7,1
89f0d5cb-6690-4295-94a8-a1b13c12e9c8,80,0155d1e7-7d5a-4abf-8a38-a56d1cd7671b,Snake3,80,8,1
89f0d5cb-6690-4295-94a8-a1b13c12e9c8,80,d85838ae-55df-40b9-853f-e0e44b053a95,Snake4,7,15,1
89f0d5cb-6690-4295-94a8-a1b13c12e9c8,80,b0a97e1a-e57b-4a3c-849c-2b9264da3d12,Snake1,97,9,1
89f0d5cb-6690-4295-94a8-a1b13c12e9c8,80,92e5c2c2-966e-4845-ba43-839f69ea08d9,Snake2,99,7,1
89f0d5cb-6690-4295-94a8-a1b13c12e9c8,80,0155d1e7-7d5a-4abf-8a38-a56d1cd7671b,Snake3,80,8,1
89f0d5cb-6690-4295-94a8-a1b13c12e9c8,80,d85838ae-55df-40b9-853f-e0e44b053a95,Snake4,7,15,1
89f0d5cb-6690-4295-94a8-a1b13c12e9c8,80,b0a97e1a-e57b-4a3c-849c-2b9264da3d12,Snake1,97,9,1
89f0d5cb-6690-4295-94a8-a1b13c12e9c8,80,92e5c2c2-966e-4845-ba43-839f69ea08d9,Snake2,99,7,1
89f0d5cb-6690-4295-94a8-a1b13c12e9c8,80,0155d1e7-7d5a-4abf-8a38-a56d1cd7671b,Snake3,80,8,1
89f0d5cb-6690-4295-94a8-a1b13c12e9c8,80,d85838ae-55df-40b9-853f-e0e44b053a95,Snake4,7,15,1
89f0d5cb-6690-4295-94a8-a1b13c12e9c8,81,b0a97e1a-e57b-4a3c-849c-2b9264da3d12,Snake1,96,9,1
89f0d5cb-6690-4295-94a8-a1b13c12e9c8,81,92e5c2c2-966e-4845-ba43-839f69ea08d9,Snake2,98,7,1
89f0d5cb-6690-4295-94a8-a1b13c12e9c8,81,0155d1e7-7d5a-4abf-8a38-a56d1cd7671b,Snake3,79,8,1
89f0d5cb-6690-4295-94a8-a1b13c12e9c8,81,d85838ae-55df-40b9-853f-e0e44b053a95,Snake4,6,15,1
89f0d5cb-6690-4295-94a8-a1b13c12e9c8,81,b0a97e1a-e57b-4a3c-849c-2b9264da3d12,Snake1,96,9,1
89f0d5cb-6690-4295-94a8-a1b13c12e9c8,81,92e5c2c2-966e-4845-ba43-839f69ea08d9,Snake2,98,7,1
89f0d5cb-6690-4295-94a8-a1b13c12e9c8,81,0155d1e7-7d5a-4abf-8a38-a56d1cd7671b,Snake3,79,8,1
89f0d5cb-6690-4295-94a8-a1b13c12e9c8,81,d85838ae-55df-40b9-853f-e0e44b053a95,Snake4,6,15,1
89f0d5cb-6690-4295-94a8-a1b13c12e9c8,81,b0a97e1a-e57b-4a3c-849c-2b9264da3d12,Snake1,96,9,1
89f0d5cb-6690-4295-94a8-a1b13c12e9c8,81,92e5c2c2-966e-4845-ba43-839f69ea08d9,Snake2,98,7,1
89f0d5cb-6690-4295-94a8-a1b13c12e9c8,81,0155d1e7-7d5a-4abf-8a38-a56d1cd7671b,Snake3,79,8,1
89f0d5cb-6690-4295-94a8-a1b13c12e9c8,81,d85838ae-55df-40b9-853f-e0e44b053a95,Snake4,6,15,1
89f0d5cb-6690-4295-94a8-a1b13c12e9c8,81,b0a97e1a-e57b-4a3c-849c-2b9264da3d12,Snake1,96,9,1
89f0d5cb-6690-4295-94a8-a1b13c12e9c8,81,92e5c2c2-966e-4845-ba43-839f69ea08d9,Snake2,98,7,1
89f0d5cb-6690-4295-94a8-a1b13c12e9c8,81,0155d1e7-7d5a-4abf-8a38-a56d1cd7671b,Snake3,79,8,1
89f0d5cb-6690-4295-94a8-a1b13c12e9c8,81,d85838ae-55df-40b9-853f-e0e44b053a95,Snake4,6,15,1
89f0d5cb-6690-4295-94a8-a1b13c12e9c8,82,b0a97e1a-e57b-4a3c-849c-2b9264da3d12,Snake1,95,9,1
89f0d5cb-6690-4295-94a8-a1b13c12e9c8,82,92e5c2c2-966e-4845-ba43-839f69ea08d9,Snake2,97,7,1
89f0d5cb-6690-4295-94a8-a1b13c12e9c8,82,0155d1e7-7d5a-4abf-8a38-a56d1cd7671b,Snake3,78,8,1
89f0d5cb-6690-4295-94a8-a1b13c12e9c8,82,d85838ae-55df-40b9-853f-e0e44b053a95,Snake4,5,15,1
89f0d5cb-6690-4295-94a8-a1b13c12e9c8,82,b0a97e1a-e57b-4a3c-849c-2b9264da3d12,Snake1,95,9,1
89f0d5cb-6690-4295-94a8-a1b13c12e9c8,82,92e5c2c2-966e-4845-ba43-839f69ea08d9,Snake2,97,7,1
89f0d5cb-6690-4295-94a8-a1b13c12e9c8,82,0155d1e7-7d5a-4abf-8a38-a56d1cd7671b,Snake3,78,8,1
89f0d5cb-6690-4295-94a8-a1b13c12e9c8,82,d85838ae-55df-40b9-853f-e0e44b053a95,Snake4,5,15,1
89f0d5cb-6690-4295-94a8-a1b13c12e9c8,82,b0a97e1a-e57b-4a3c-849c-2b9264da3d12,Snake1,95,9,1
89f0d5cb-6690-4295-94a8-a1b13c12e9c8,82,92e5c2c2-966e-4845-ba43-839f69ea08d9,Snake2,97,7,1
89f0d5cb-6690-4295-94a8-a1b13c12e9c8,82,0155d1e7-7d5a-4abf-8a38-a56d1cd7671b,Snake3,78,8,1
89f0d5cb-6690-4295-94a8-a1b13c12e9c8,82,d85838ae-55df-40b9-853f-e0e44b053a95,Snake4,5,15,1
89f0d5cb-6690-4295-94a8-a1b13c12e9c8,82,b0a97e1a-e57b-4a3c-849c-2b9264da3d12,Snake1,95,9,1
89f0d5cb-6690-4295-94a8-a1b13c12e9c8,82,92e5c2c2-966e-4845-ba43-839f69ea08d9,Snake2,97,7,1
89f0d5cb-6690-4295-94a8-a1b13c12e9c8,82,0155d1e7-7d5a-4abf-8a38-a56d1cd7671b,Snake3,78,8,1
89f0d5cb-6690-4295-94a8-a1b13c12e9c8,82,d85838ae-55df-40b9-853f-e0e44b053a95,Snake4,5,15,1
89f0d5cb-6690-4295-94a8-a1b13c12e9c8,83,b0a97e1a-e57b-4a3c-849c-2b9264da3d12,Snake1,94,9,1
89f0d5cb-6690-4295-94a8-a1b13c12e9c8,83,92e5c2c2-966e-4845-ba43-839f69ea08d9,Snake2,96,7,1
89f0d5cb-6690-4295-94a8-a1b13c12e9c8,83,0155d1e7-7d5a-4abf-8a38-a56d1cd7671b,Snake3,77,8,1
89f0d5cb-6690-4295-94a8-a1b13c12e9c8,83,d85838ae-55df-40b9-853f-e0e44b053a95,Snake4,4,15,1
89f0d5cb-6690-4295-94a8-a1b13c12e9c8,83,b0a97e1a-e57b-4a3c-849c-2b9264da3d12,Snake1,94,9,1
89f0d5cb-6690-4295-94a8-a1b13c12e9c8,83,92e5c2c2-966e-4845-ba43-839f69ea08d9,Snake2,96,7,1
89f0d5cb-6690-4295-94a8-a1b13c12e9c8,83,0155d1e7-7d5a-4abf-8a38-a56d1cd7671b,Snake3,77,8,1
89f0d5cb-6690-4295-94a8-a1b13c12e9c8,83,d85838ae-55df-40b9-853f-e0e44b053a95,Snake4,4,15,1
89f0d5cb-6690-4295-94a8-a1b13c12e9c8,83,b0a97e1a-e57b-4a3c-849c-2b9264da3d12,Snake1,94,9,1
89f0d5cb-6690-4295-94a8-a1b13c12e9c8,83,92e5c2c2-966e-4845-ba43-839f69ea08d9,Snake2,96,7,1
89f0d5cb-6690-4295-94a8-a1b13c12e9c8,83,0155d1e7-7d5a-4abf-8a38-a56d1cd7671b,Snake3,77,8,1
89f0d5cb-6690-4295-94a8-a1b13c12e9c8,83,d85838ae-55df-40b9-853f-e0e44b053a95,Snake4,4,15,1
89f0d5cb-6690-4295-94a8-a1b13c12e9c8,84,b0a97e1a-e57b-4a3c-849c-2b9264da3d12,Snake1,93,9,1
89f0d5cb-6690-4295-94a8-a1b13c12e9c8,84,92e5c2c2-966e-4845-ba43-839f69ea08d9,Snake2,95,7,1
89f0d5cb-6690-4295-94a8-a1b13c12e9c8,84,0155d1e7-7d5a-4abf-8a38-a56d1cd7671b,Snake3,76,8,1
89f0d5cb-6690-4295-94a8-a1b13c12e9c8,84,d85838ae-55df-40b9-853f-e0e44b053a95,Snake4,3,15,1
89f0d5cb-6690-4295-94a8-a1b13c12e9c8,84,b0a97e1a-e57b-4a3c-849c-2b9264da3d12,Snake1,93,9,1
89f0d5cb-6690-4295-94a8-a1b13c12e9c8,84,92e5c2c2-966e-4845-ba43-839f69ea08d9,Snake2,95,7,1
89f0d5cb-6690-4295-94a8-a1b13c12e9c8,84,0155d1e7-7d5a-4abf-8a38-a56d1cd7671b,Snake3,76,8,1
89f0d5cb-6690-4295-94a8-a1b13c12e9c8,84,d85838ae-55df-40b9-853f-e0e44b053a95,Snake4,3,15,1
89f0d5cb-6690-4295-94a8-a1b13c12e9c8,84,b0a97e1a-e57b-4a3c-849c-2b9264da3d12,Snake1,93,9,1
89f0d5cb-6690-4295-94a8-a1b13c12e9c8,84,92e5c2c2-966e-4845-ba43-839f69ea08d9,Snake2,95,7,1
89f0d5cb-6690-4295-94a8-a1b13c12e9c8,84,0155d1e7-7d5a-4abf-8a38-a56d1cd7671b,Snake3,76,8,1
89f0d5cb-6690-4295-94a8-a1b13c12e9c8,84,d85838ae-55df-40b9-853f-e0e44b053a95,Snake4,3,15,1
89f0d5cb-6690-4295-94a8-a1b13c12e9c8,84,b0a97e1a-e57b-4a3c-849c-2b9264da3d12,Snake1,93,9,1
89f0d5cb-6690-4295-94a8-a1b13c12e9c8,84,92e5c2c2-966e-4845-ba43-839f69ea08d9,Snake2,95,7,1
89f0d5cb-6690-4295-94a8-a1b13c12e9c8,84,0155d1e7-7d5a-4abf-8a38-a56d1cd7671b,Snake3,76,8,1
89f0d5cb-6690-4295-94a8-a1b13c12e9c8,84,d85838ae-55df-40b9-853f-e0e44b053a95,Snake4,3,15,1
89f0d5cb-6690-4295-94a8-a1b13c12e9c8,85,b0a97e1a-e57b-4a3c-849c-2b9264da3d12,Snake1,92,9,1
89f0d5cb-6690-4295-94a8-a1b13c12e9c8,85,92e5c2c2-966e-4845-ba43-839f69ea08d9,Snake2,94,7,1
89f0d5cb-6690-4295-94a8-a1b13c12e9c8,85,0155d1e7-7d5a-4abf-8a38-a56d1cd7671b,Snake3,100,9,1
89f0d5cb-6690-4295-94a8-a1b13c12e9c8,85,d85838ae-55df-40b9-853f-e0e44b053a95,Snake4,2,15,1
89f0d5cb-6690-4295-94a8-a1b13c12e9c8,85,b0a97e1a-e57b-4a3c-849c-2b9264da3d12,Snake1,92,9,1
89f0d5cb-6690-4295-94a8-a1b13c12e9c8,85,92e5c2c2-966e-4845-ba43-839f69ea08d9,Snake2,94,7,1
89f0d5cb-6690-4295-94a8-a1b13c12e9c8,85,0155d1e7-7d5a-4abf-8a38-a56d1cd7671b,Snake3,100,9,1
89f0d5cb-6690-4295-94a8-a1b13c12e9c8,85,d85838ae-55df-40b9-853f-e0e44b053a95,Snake4,2,15,1
89f0d5cb-6690-4295-94a8-a1b13c12e9c8,85,b0a97e1a-e57b-4a3c-849c-2b9264da3d12,Snake1,92,9,1
89f0d5cb-6690-4295-94a8-a1b13c12e9c8,85,92e5c2c2-966e-4845-ba43-839f69ea08d9,Snake2,94,7,1
89f0d5cb-6690-4295-94a8-a1b13c12e9c8,85,0155d1e7-7d5a-4abf-8a38-a56d1cd7671b,Snake3,100,9,1
89f0d5cb-6690-4295-94a8-a1b13c12e9c8,85,d85838ae-55df-40b9-853f-e0e44b053a95,Snake4,2,15,1
89f0d5cb-6690-4295-94a8-a1b13c12e9c8,85,b0a97e1a-e57b-4a3c-849c-2b9264da3d12,Snake1,92,9,1
89f0d5cb-6690-4295-94a8-a1b13c12e9c8,85,92e5c2c2-966e-4845-ba43-839f69ea08d9,Snake2,94,7,1
89f0d5cb-6690-4295-94a8-a1b13c12e9c8,85,0155d1e7-7d5a-4abf-8a38-a56d1cd7671b,Snake3,100,9,1
89f0d5cb-6690-4295-94a8-a1b13c12e9c8,85,d85838ae-55df-40b9-853f-e0e44b053a95,Snake4,2,15,1
89f0d5cb-6690-4295-94a8-a1b13c12e9c8,86,b0a97e1a-e57b-4a3c-849c-2b9264da3d12,Snake1,91,9,1
89f0d5cb-6690-4295-94a8-a1b13c12e9c8,86,92e5c2c2-966e-4845-ba43-839f69ea08d9,Snake2,93,7,1
89f0d5cb-6690-4295-94a8-a1b13c12e9c8,86,0155d1e7-7d5a-4abf-8a38-a56d1cd7671b,Snake3,99,9,1
89f0d5cb-6690-4295-94a8-a1b13c12e9c8,86,d85838ae-55df-40b9-853f-e0e44b053a95,Snake4,1,15,1
89f0d5cb-6690-4295-94a8-a1b13c12e9c8,86,b0a97e1a-e57b-4a3c-849c-2b9264da3d12,Snake1,91,9,1
89f0d5cb-6690-4295-94a8-a1b13c12e9c8,86,92e5c2c2-966e-4845-ba43-839f69ea08d9,Snake2,93,7,1
89f0d5cb-6690-4295-94a8-a1b13c12e9c8,86,0155d1e7-7d5a-4abf-8a38-a56d1cd7671b,Snake3,99,9,1
89f0d5cb-6690-4295-94a8-a1b13c12e9c8,86,d85838ae-55df-40b9-853f-e0e44b053a95,Snake4,1,15,1
89f0d5cb-6690-4295-94a8-a1b13c12e9c8,86,b0a97e1a-e57b-4a3c-849c-2b9264da3d12,Snake1,91,9,1
89f0d5cb-6690-4295-94a8-a1b13c12e9c8,86,92e5c2c2-966e-4845-ba43-839f69ea08d9,Snake2,93,7,1
89f0d5cb-6690-4295-94a8-a1b13c12e9c8,86,0155d1e7-7d5a-4abf-8a38-a56d1cd7671b,Snake3,99,9,1
89f0d5cb-6690-4295-94a8-a1b13c12e9c8,86,d85838ae-55df-40b9-853f-e0e44b053a95,Snake4,1,15,1
89f0d5cb-6690-4295-94a8-a1b13c12e9c8,86,b0a97e1a-e57b-4a3c-849c-2b9264da3d12,Snake1,91,9,1
89f0d5cb-6690-4295-94a8-a1b13c12e9c8,86,92e5c2c2-966e-4845-ba43-839f69ea08d9,Snake2,93,7,1
89f0d5cb-6690-4295-94a8-a1b13c12e9c8,86,0155d1e7-7d5a-4abf-8a38-a56d1cd7671b,Snake3,99,9,1
89f0d5cb-6690-4295-94a8-a1b13c12e9c8,86,d85838ae-55df-40b9-853f-e0e44b053a95,Snake4,1,15,1
89f0d5cb-6690-4295-94a8-a1b13c12e9c8,87,b0a97e1a-e57b-4a3c-849c-2b9264da3d12,Snake1,90,9,1
89f0d5cb-6690-4295-94a8-a1b13c12e9c8,87,92e5c2c2-966e-4845-ba43-839f69ea08d9,Snake2,92,7,1
89f0d5cb-6690-4295-94a8-a1b13c12e9c8,87,0155d1e7-7d5a-4abf-8a38-a56d1cd7671b,Snake3,98,9,1
89f0d5cb-6690-4295-94a8-a1b13c12e9c8,87,d85838ae-55df-40b9-853f-e0e44b053a95,Snake4,1,15,0
89f0d5cb-6690-4295-94a8-a1b13c12e9c8,87,b0a97e1a-e57b-4a3c-849c-2b9264da3d12,Snake1,90,9,1
89f0d5cb-6690-4295-94a8-a1b13c12e9c8,87,92e5c2c2-966e-4845-ba43-839f69ea08d9,Snake2,92,7,1
89f0d5cb-6690-4295-94a8-a1b13c12e9c8,87,0155d1e7-7d5a-4abf-8a38-a56d1cd7671b,Snake3,98,9,1
89f0d5cb-6690-4295-94a8-a1b13c12e9c8,87,d85838ae-55df-40b9-853f-e0e44b053a95,Snake4,1,15,0
89f0d5cb-6690-4295-94a8-a1b13c12e9c8,87,b0a97e1a-e57b-4a3c-849c-2b9264da3d12,Snake1,90,9,1
89f0d5cb-6690-4295-94a8-a1b13c12e9c8,87,92e5c2c2-966e-4845-ba43-839f69ea08d9,Snake2,92,7,1
89f0d5cb-6690-4295-94a8-a1b13c12e9c8,87,0155d1e7-7d5a-4abf-8a38-a56d1cd7671b,Snake3,98,9,1
89f0d5cb-6690-4295-94a8-a1b13c12e9c8,87,d85838ae-55df-40b9-853f-e0e44b053a95,Snake4,1,15,0
89f0d5cb-6690-4295-94a8-a1b13c12e9c8,88,b0a97e1a-e57b-4a3c-849c-2b9264da3d12,Snake1,89,9,1
89f0d5cb-6690-4295-94a8-a1b13c12e9c8,88,92e5c2c2-966e-4845-ba43-839f69ea08d9,Snake2,91,7,1
89f0d5cb-6690-4295-94a8-a1b13c12e9c8,88,0155d1e7-7d5a-4abf-8a38-a56d1cd7671b,Snake3,97,9,1
89f0d5cb-6690-4295-94a8-a1b13c12e9c8,88,d85838ae-55df-40b9-853f-e0e44b053a95,Snake4,1,15,0
89f0d5cb-6690-4295-94a8-a1b13c12e9c8,88,b0a97e1a-e57b-4a3c-849c-2b9264da3d12,Snake1,89,9,1
89f0d5cb-6690-4295-94a8-a1b13c12e9c8,88,92e5c2c2-966e-4845-ba43-839f69ea08d9,Snake2,91,7,1
89f0d5cb-6690-4295-94a8-a1b13c12e9c8,88,0155d1e7-7d5a-4abf-8a38-a56d1cd7671b,Snake3,97,9,1
89f0d5cb-6690-4295-94a8-a1b13c12e9c8,88,d85838ae-55df-40b9-853f-e0e44b053a95,Snake4,1,15,0
89f0d5cb-6690-4295-94a8-a1b13c12e9c8,88,b0a97e1a-e57b-4a3c-849c-2b9264da3d12,Snake1,89,9,1
89f0d5cb-6690-4295-94a8-a1b13c12e9c8,88,92e5c2c2-966e-4845-ba43-839f69ea08d9,Snake2,91,7,1
89f0d5cb-6690-4295-94a8-a1b13c12e9c8,88,0155d1e7-7d5a-4abf-8a38-a56d1cd7671b,Snake3,97,9,1
89f0d5cb-6690-4295-94a8-a1b13c12e9c8,88,d85838ae-55df-40b9-853f-e0e44b053a95,Snake4,1,15,0
89f0d5cb-6690-4295-94a8-a1b13c12e9c8,89,b0a97e1a-e57b-4a3c-849c-2b9264da3d12,Snake1,100,10,1
89f0d5cb-6690-4295-94a8-a1b13c12e9c8,89,92e5c2c2-966e-4845-ba43-839f69ea08d9,Snake2,90,7,1
89f0d5cb-6690-4295-94a8-a1b13c12e9c8,89,0155d1e7-7d5a-4abf-8a38-a56d1cd7671b,Snake3,96,9,1
89f0d5cb-6690-4295-94a8-a1b13c12e9c8,89,d85838ae-55df-40b9-853f-e0e44b053a95,Snake4,1,15,0
89f0d5cb-6690-4295-94a8-a1b13c12e9c8,89,b0a97e1a-e57b-4a3c-849c-2b9264da3d12,Snake1,100,10,1
89f0d5cb-6690-4295-94a8-a1b13c12e9c8,89,92e5c2c2-966e-4845-ba43-839f69ea08d9,Snake2,90,7,1
89f0d5cb-6690-4295-94a8-a1b13c12e9c8,89,0155d1e7-7d5a-4abf-8a38-a56d1cd7671b,Snake3,96,9,1
89f0d5cb-6690-4295-94a8-a1b13c12e9c8,89,d85838ae-55df-40b9-853f-e0e44b053a95,Snake4,1,15,0
89f0d5cb-6690-4295-94a8-a1b13c12e9c8,90,b0a97e1a-e57b-4a3c-849c-2b9264da3d12,Snake1,99,10,1
89f0d5cb-6690-4295-94a8-a1b13c12e9c8,90,92e5c2c2-966e-4845-ba43-839f69ea08d9,Snake2,89,7,1
89f0d5cb-6690-4295-94a8-a1b13c12e9c8,90,0155d1e7-7d5a-4abf-8a38-a56d1cd7671b,Snake3,95,9,1
89f0d5cb-6690-4295-94a8-a1b13c12e9c8,90,d85838ae-55df-40b9-853f-e0e44b053a95,Snake4,1,15,0
89f0d5cb-6690-4295-94a8-a1b13c12e9c8,90,b0a97e1a-e57b-4a3c-849c-2b9264da3d12,Snake1,99,10,1
89f0d5cb-6690-4295-94a8-a1b13c12e9c8,90,92e5c2c2-966e-4845-ba43-839f69ea08d9,Snake2,89,7,1
89f0d5cb-6690-4295-94a8-a1b13c12e9c8,90,0155d1e7-7d5a-4abf-8a38-a56d1cd7671b,Snake3,95,9,1
89f0d5cb-6690-4295-94a8-a1b13c12e9c8,90,d85838ae-55df-40b9-853f-e0e44b053a95,Snake4,1,15,0
89f0d5cb-6690-4295-94a8-a1b13c12e9c8,90,b0a97e1a-e57b-4a3c-849c-2b9264da3d12,Snake1,99,10,1
89f0d5cb-6690-4295-94a8-a1b13c12e9c8,90,92e5c2c2-966e-4845-ba43-839f69ea08d9,Snake2,89,7,1
89f0d5cb-6690-4295-94a8-a1b13c12e9c8,90,0155d1e7-7d5a-4abf-8a38-a56d1cd7671b,Snake3,95,9,1
89f0d5cb-6690-4295-94a8-a1b13c12e9c8,90,d85838ae-55df-40b9-853f-e0e44b053a95,Snake4,1,15,0
89f0d5cb-6690-4295-94a8-a1b13c12e9c8,91,b0a97e1a-e57b-4a3c-849c-2b9264da3d12,Snake1,98,10,1
89f0d5cb-6690-4295-94a8-a1b13c12e9c8,91,92e5c2c2-966e-4845-ba43-839f69ea08d9,Snake2,88,7,1
89f0d5cb-6690-4295-94a8-a1b13c12e9c8,91,0155d1e7-7d5a-4abf-8a38-a56d1cd7671b,Snake3,94,9,1
89f0d5cb-6690-4295-94a8-a1b13c12e9c8,91,d85838ae-55df-40b9-853f-e0e44b053a95,Snake4,1,15,0
89f0d5cb-6690-4295-94a8-a1b13c12e9c8,91,b0a97e1a-e57b-4a3c-849c-2b9264da3d12,Snake1,98,10,1
89f0d5cb-6690-4295-94a8-a1b13c12e9c8,91,92e5c2c2-966e-4845-ba43-839f69ea08d9,Snake2,88,7,1
89f0d5cb-6690-4295-94a8-a1b13c12e9c8,91,0155d1e7-7d5a-4abf-8a38-a56d1cd7671b,Snake3,94,9,1
89f0d5cb-6690-4295-94a8-a1b13c12e9c8,91,d85838ae-55df-40b9-853f-e0e44b053a95,Snake4,1,15,0
89f0d5cb-6690-4295-94a8-a1b13c12e9c8,91,b0a97e1a-e57b-4a3c-849c-2b9264da3d12,Snake1,98,10,1
89f0d5cb-6690-4295-94a8-a1b13c12e9c8,91,92e5c2c2-966e-4845-ba43-839f69ea08d9,Snake2,88,7,1
89f0d5cb-6690-4295-94a8-a1b13c12e9c8,91,0155d1e7-7d5a-4abf-8a38-a56d1cd7671b,Snake3,94,9,1
89f0d5cb-6690-4295-94a8-a1b13c12e9c8,91,d85838ae-55df-40b9-853f-e0e44b053a95,Snake4,1,15,0
89f0d5cb-6690-4295-94a8-a1b13c12e9c8,92,b0a97e1a-e57b-4a3c-849c-2b9264da3d12,Snake1,97,10,1
89f0d5cb-6690-4295-94a8-a1b13c12e9c8,92,92e5c2c2-966e-4845-ba43-839f69ea08d9,Snake2,87,7,1
89f0d5cb-6690-4295-94a8-a1b13c12e9c8,92,0155d1e7-7d5a-4abf-8a38-a56d1cd7671b,Snake3,93,9,1
89f0d5cb-6690-4295-94a8-a1b13c12e9c8,92,d85838ae-55df-40b9-853f-e0e44b053a95,Snake4,1,15,0
89f0d5cb-6690-4295-94a8-a1b13c12e9c8,92,b0a97e1a-e57b-4a3c-849c-2b9264da3d12,Snake1,97,10,1
89f0d5cb-6690-4295-94a8-a1b13c12e9c8,92,92e5c2c2-966e-4845-ba43-839f69ea08d9,Snake2,87,7,1
89f0d5cb-6690-4295-94a8-a1b13c12e9c8,92,0155d1e7-7d5a-4abf-8a38-a56d1cd7671b,Snake3,93,9,1
89f0d5cb-6690-4295-94a8-a1b13c12e9c8,92,d85838ae-55df-40b9-853f-e0e44b053a95,Snake4,1,15,0
89f0d5cb-6690-4295-94a8-a1b13c12e9c8,92,b0a97e1a-e57b-4a3c-849c-2b9264da3d12,Snake1,97,10,1
89f0d5cb-6690-4295-94a8-a1b13c12e9c8,92,92e5c2c2-966e-4845-ba43-839f69ea08d9,Snake2,87,7,1
89f0d5cb-6690-4295-94a8-a1b13c12e9c8,92,0155d1e7-7d5a-4abf-8a38-a56d1cd7671b,Snake3,93,9,1
89f0d5cb-6690-4295-94a8-a1b13c12e9c8,92,d85838ae-55df-40b9-853f-e0e44b053a95,Snake4,1,15,0
89f0d5cb-6690-4295-94a8-a1b13c12e9c8,93,b0a97e1a-e57b-4a3c-849c-2b9264da3d12,Snake1,96,10,1
89f0d5cb-6690-4295-94a8-a1b13c12e9c8,93,92e5c2c2-966e-4845-ba43-839f69ea08d9,Snake2,86,7,1
89f0d5cb-6690-4295-94a8-a1b13c12e9c8,93,0155d1e7-7d5a-4abf-8a38-a56d1cd7671b,Snake3,92,9,1
89f0d5cb-6690-4295-94a8-a1b13c12e9c8,93,d85838ae-55df-40b9-853f-e0e44b053a95,Snake4,1,15,0
89f0d5cb-6690-4295-94a8-a1b13c12e9c8,93,b0a97e1a-e57b-4a3c-849c-2b9264da3d12,Snake1,96,10,1
89f0d5cb-6690-4295-94a8-a1b13c12e9c8,93,92e5c2c2-966e-4845-ba43-839f69ea08d9,Snake2,86,7,1
89f0d5cb-6690-4295-94a8-a1b13c12e9c8,93,0155d1e7-7d5a-4abf-8a38-a56d1cd7671b,Snake3,92,9,1
89f0d5cb-6690-4295-94a8-a1b13c12e9c8,93,d85838ae-55df-40b9-853f-e0e44b053a95,Snake4,1,15,0
89f0d5cb-6690-4295-94a8-a1b13c12e9c8,93,b0a97e1a-e57b-4a3c-849c-2b9264da3d12,Snake1,96,10,1
89f0d5cb-6690-4295-94a8-a1b13c12e9c8,93,92e5c2c2-966e-4845-ba43-839f69ea08d9,Snake2,86,7,1
89f0d5cb-6690-4295-94a8-a1b13c12e9c8,93,0155d1e7-7d5a-4abf-8a38-a56d1cd7671b,Snake3,92,9,1
89f0d5cb-6690-4295-94a8-a1b13c12e9c8,93,d85838ae-55df-40b9-853f-e0e44b053a95,Snake4,1,15,0
89f0d5cb-6690-4295-94a8-a1b13c12e9c8,94,b0a97e1a-e57b-4a3c-849c-2b9264da3d12,Snake1,95,10,1
89f0d5cb-6690-4295-94a8-a1b13c12e9c8,94,92e5c2c2-966e-4845-ba43-839f69ea08d9,Snake2,85,7,1
89f0d5cb-6690-4295-94a8-a1b13c12e9c8,94,0155d1e7-7d5a-4abf-8a38-a56d1cd7671b,Snake3,91,9,1
89f0d5cb-6690-4295-94a8-a1b13c12e9c8,94,d85838ae-55df-40b9-853f-e0e44b053a95,Snake4,1,15,0
89f0d5cb-6690-4295-94a8-a1b13c12e9c8,94,b0a97e1a-e57b-4a3c-849c-2b9264da3d12,Snake1,95,10,1
89f0d5cb-6690-4295-94a8-a1b13c12e9c8,94,92e5c2c2-966e-4845-ba43-839f69ea08d9,Snake2,85,7,1
89f0d5cb-6690-4295-94a8-a1b13c12e9c8,94,0155d1e7-7d5a-4abf-8a38-a56d1cd7671b,Snake3,91,9,1
89f0d5cb-6690-4295-94a8-a1b13c12e9c8,94,d85838ae-55df-40b9-853f-e0e44b053a95,Snake4,1,15,0
89f0d5cb-6690-4295-94a8-a1b13c12e9c8,95,b0a97e1a-e57b-4a3c-849c-2b9264da3d12,Snake1,94,10,1
89f0d5cb-6690-4295-94a8-a1b13c12e9c8,95,92e5c2c2-966e-4845-ba43-839f69ea08d9,Snake2,84,7,1
89f0d5cb-6690-4295-94a8-a1b13c12e9c8,95,0155d1e7-7d5a-4abf-8a38-a56d1cd7671b,Snake3,90,9,1
89f0d5cb-6690-4295-94a8-a1b13c12e9c8,95,d85838ae-55df-40b9-853f-e0e44b053a95,Snake4,1,15,0
89f0d5cb-6690-4295-94a8-a1b13c12e9c8,95,b0a97e1a-e57b-4a3c-849c-2b9264da3d12,Snake1,94,10,1
89f0d5cb-6690-4295-94a8-a1b13c12e9c8,95,92e5c2c2-966e-4845-ba43-839f69ea08d9,Snake2,84,7,1
89f0d5cb-6690-4295-94a8-a1b13c12e9c8,95,0155d1e7-7d5a-4abf-8a38-a56d1cd7671b,Snake3,90,9,1
89f0d5cb-6690-4295-94a8-a1b13c12e9c8,95,d85838ae-55df-40b9-853f-e0e44b053a95,Snake4,1,15,0
89f0d5cb-6690-4295-94a8-a1b13c12e9c8,96,b0a97e1a-e57b-4a3c-849c-2b9264da3d12,Snake1,93,10,1
89f0d5cb-6690-4295-94a8-a1b13c12e9c8,96,92e5c2c2-966e-4845-ba43-839f69ea08d9,Snake2,83,7,1
89f0d5cb-6690-4295-94a8-a1b13c12e9c8,96,0155d1e7-7d5a-4abf-8a38-a56d1cd7671b,Snake3,89,9,1
89f0d5cb-6690-4295-94a8-a1b13c12e9c8,96,d85838ae-55df-40b9-853f-e0e44b053a95,Snake4,1,15,0
89f0d5cb-6690-4295-94a8-a1b13c12e9c8,96,b0a97e1a-e57b-4a3c-849c-2b9264da3d12,Snake1,93,10,1
89f0d5cb-6690-4295-94a8-a1b13c12e9c8,96,92e5c2c2-966e-4845-ba43-839f69ea08d9,Snake2,83,7,1
89f0d5cb-6690-4295-94a8-a1b13c12e9c8,96,0155d1e7-7d5a-4abf-8a38-a56d1cd7671b,Snake3,89,9,1
89f0d5cb-6690-4295-94a8-a1b13c12e9c8,96,d85838ae-55df-40b9-853f-e0e44b053a95,Snake4,1,15,0
89f0d5cb-6690-4295-94a8-a1b13c12e9c8,96,b0a97e1a-e57b-4a3c-849c-2b9264da3d12,Snake1,93,10,1
89f0d5cb-6690-4295-94a8-a1b13c12e9c8,96,92e5c2c2-966e-4845-ba43-839f69ea08d9,Snake2,83,7,1
89f0d5cb-6690-4295-94a8-a1b13c12e9c8,96,0155d1e7-7d5a-4abf-8a38-a56d1cd7671b,Snake3,89,9,1
89f0d5cb-6690-4295-94a8-a1b13c12e9c8,96,d85838ae-55df-40b9-853f-e0e44b053a95,Snake4,1,15,0
89f0d5cb-6690-4295-94a8-a1b13c12e9c8,97,b0a97e1a-e57b-4a3c-849c-2b9264da3d12,Snake1,92,10,1
89f0d5cb-6690-4295-94a8-a1b13c12e9c8,97,92e5c2c2-966e-4845-ba43-839f69ea08d9,Snake2,82,7,1
89f0d5cb-6690-4295-94a8-a1b13c12e9c8,97,0155d1e7-7d5a-4abf-8a38-a56d1cd7671b,Snake3,88,9,1
89f0d5cb-6690-4295-94a8-a1b13c12e9c8,97,d85838ae-55df-40b9-853f-e0e44b053a95,Snake4,1,15,0
89f0d5cb-6690-4295-94a8-a1b13c12e9c8,97,b0a97e1a-e57b-4a3c-849c-2b9264da3d12,Snake1,92,10,1
89f0d5cb-6690-4295-94a8-a1b13c12e9c8,97,92e5c2c2-966e-4845-ba43-839f69ea08d9,Snake2,82,7,1
89f0d5cb-6690-4295-94a8-a1b13c12e9c8,97,0155d1e7-7d5a-4abf-8a38-a56d1cd7671b,Snake3,88,9,1
89f0d5cb-6690-4295-94a8-a1b13c12e9c8,97,d85838ae-55df-40b9-853f-e0e44b053a95,Snake4,1,15,0
89f0d5cb-6690-4295-94a8-a1b13c12e9c8,97,b0a97e1a-e57b-4a3c-849c-2b9264da3d12,Snake1,92,10,1
89f0d5cb-6690-4295-94a8-a1b13c12e9c8,97,92e5c2c2-966e-4845-ba43-839f69ea08d9,Snake2,82,7,1
89f0d5cb-6690-4295-94a8-a1b13c12e9c8,97,0155d1e7-7d5a-4abf-8a38-a56d1cd7671b,Snake3,88,9,1
89f0d5cb-6690-4295-94a8-a1b13c12e9c8,97,d85838ae-55df-40b9-853f-e0e44b053a95,Snake4,1,15,0
89f0d5cb-6690-4295-94a8-a1b13c12e9c8,98,b0a97e1a-e57b-4a3c-849c-2b9264da3d12,Snake1,91,10,1
89f0d5cb-6690-4295-94a8-a1b13c12e9c8,98,92e5c2c2-966e-4845-ba43-839f69ea08d9,Snake2,81,7,1
89f0d5cb-6690-4295-94a8-a1b13c12e9c8,98,0155d1e7-7d5a-4abf-8a38-a56d1cd7671b,Snake3,87,9,1
89f0d5cb-6690-4295-94a8-a1b13c12e9c8,98,d85838ae-55df-40b9-853f-e0e44b053a95,Snake4,1,15,0
89f0d5cb-6690-4295-94a8-a1b13c12e9c8,98,b0a97e1a-e57b-4a3c-849c-2b9264da3d12,Snake1,91,10,1
89f0d5cb-6690-4295-94a8-a1b13c12e9c8,98,92e5c2c2-966e-4845-ba43-839f69ea08d9,Snake2,81,7,1
89f0d5cb-6690-4295-94a8-a1b13c12e9c8,98,0155d1e7-7d5a-4abf-8a38-a56d1cd7671b,Snake3,87,9,1
89f0d5cb-6690-4295-94a8-a1b13c12e9c8,98,d85838ae-55df-40b9-853f-e0e44b053a95,Snake4,1,15,0
89f0d5cb-6690-4295-94a8-a1b13c12e9c8,98,b0a97e1a-e57b-4a3c-849c-2b9264da3d12,Snake1,91,10,1
89f0d5cb-6690-4295-94a8-a1b13c12e9c8,98,92e5c2c2-966e-4845-ba43-839f69ea08d9,Snake2,81,7,1
89f0d5cb-6690-4295-94a8-a1b13c12e9c8,98,0155d1e7-7d5a-4abf-8a38-a56d1cd7671b,Snake3,87,9,1
89f0d5cb-6690-4295-94a8-a1b13c12e9c8,98,d85838ae-55df-40b9-853f-e0e44b053a95,Snake4,1,15,0
89f0d5cb-6690-4295-94a8-a1b13c12e9c8,99,b0a97e1a-e57b-4a3c-849c-2b9264da3d12,Snake1,90,10,1
89f0d5cb-6690-4295-94a8-a1b13c12e9c8,99,92e5c2c2-966e-4845-ba43-839f69ea08d9,Snake2,80,7,1
89f0d5cb-6690-4295-94a8-a1b13c12e9c8,99,0155d1e7-7d5a-4abf-8a38-a56d1cd7671b,Snake3,86,9,1
89f0d5cb-6690-4295-94a8-a1b13c12e9c8,99,d85838ae-55df-40b9-853f-e0e44b053a95,Snake4,1,15,0
89f0d5cb-6690-4295-94a8-a1b13c12e9c8,99,b0a97e1a-e57b-4a3c-849c-2b9264da3d12,Snake1,90,10,1
89f0d5cb-6690-4295-94a8-a1b13c12e9c8,99,92e5c2c2-966e-4845-ba43-839f69ea08d9,Snake2,80,7,1
89f0d5cb-6690-4295-94a8-a1b13c12e9c8,99,0155d1e7-7d5a-4abf-8a38-a56d1cd7671b,Snake3,86,9,1
89f0d5cb-6690-4295-94a8-a1b13c12e9c8,99,d85838ae-55df-40b9-853f-e0e44b053a95,Snake4,1,15,0
89f0d5cb-6690-4295-94a8-a1b13c12e9c8,99,b0a97e1a-e57b-4a3c-849c-2b9264da3d12,Snake1,90,10,1
89f0d5cb-6690-4295-94a8-a1b13c12e9c8,99,92e5c2c2-966e-4845-ba43-839f69ea08d9,Snake2,80,7,1
89f0d5cb-6690-4295-94a8-a1b13c12e9c8,99,0155d1e7-7d5a-4abf-8a38-a56d1cd7671b,Snake3,86,9,1
89f0d5cb-6690-4295-94a8-a1b13c12e9c8,99,d85838ae-55df-40b9-853f-e0e44b053a95,Snake4,1,15,0
89f0d5cb-6690-4295-94a8-a1b13c12e9c8,100,b0a97e1a-e57b-4a3c-849c-2b9264da3d12,Snake1,89,10,1
89f0d5cb-6690-4295-94a8-a1b13c12e9c8,100,92e5c2c2-966e-4845-ba43-839f69ea08d9,Snake2,79,7,1
89f0d5cb-6690-4295-94a8-a1b13c12e9c8,100,0155d1e7-7d5a-4abf-8a38-a56d1cd7671b,Snake3,85,9,1
89f0d5cb-6690-4295-94a8-a1b13c12e9c8,100,d85838ae-55df-40b9-853f-e0e44b053a95,Snake4,1,15,0
89f0d5cb-6690-4295-94a8-a1b13c12e9c8,100,b0a97e1a-e57b-4a3c-849c-2b9264da3d12,Snake1,89,10,1
89f0d5cb-6690-4295-94a8-a1b13c12e9c8,100,92e5c2c2-966e-4845-ba43-839f69ea08d9,Snake2,79,7,1
89f0d5cb-6690-4295-94a8-a1b13c12e9c8,100,0155d1e7-7d5a-4abf-8a38-a56d1cd7671b,Snake3,85,9,1
89f0d5cb-6690-4295-94a8-a1b13c12e9c8,100,d85838ae-55df-40b9-853f-e0e44b053a95,Snake4,1,15,0
89f0d5cb-6690-4295-94a8-a1b13c12e9c8,100,b0a97e1a-e57b-4a3c-849c-2b9264da3d12,Snake1,89,10,1
89f0d5cb-6690-4295-94a8-a1b13c12e9c8,100,92e5c2c2-966e-4845-ba43-839f69ea08d9,Snake2,79,7,1
89f0d5cb-6690-4295-94a8-a1b13c12e9c8,100,0155d1e7-7d5a-4abf-8a38-a56d1cd7671b,Snake3,85,9,1
89f0d5cb-6690-4295-94a8-a1b13c12e9c8,100,d85838ae-55df-40b9-853f-e0e44b053a95,Snake4,1,15,0
89f0d5cb-6690-4295-94a8-a1b13c12e9c8,101,b0a97e1a-e57b-4a3c-849c-2b9264da3d12,Snake1,88,10,1
89f0d5cb-6690-4295-94a8-a1b13c12e9c8,101,92e5c2c2-966e-4845-ba43-839f69ea08d9,Snake2,78,7,1
89f0d5cb-6690-4295-94a8-a1b13c12e9c8,101,0155d1e7-7d5a-4abf-8a38-a56d1cd7671b,Snake3,84,9,1
89f0d5cb-6690-4295-94a8-a1b13c12e9c8,101,d85838ae-55df-40b9-853f-e0e44b053a95,Snake4,1,15,0
89f0d5cb-6690-4295-94a8-a1b13c12e9c8,101,b0a97e1a-e57b-4a3c-849c-2b9264da3d12,Snake1,88,10,1
89f0d5cb-6690-4295-94a8-a1b13c12e9c8,101,92e5c2c2-966e-4845-ba43-839f69ea08d9,Snake2,78,7,1
89f0d5cb-6690-4295-94a8-a1b13c12e9c8,101,0155d1e7-7d5a-4abf-8a38-a56d1cd7671b,Snake3,84,9,1
89f0d5cb-6690-4295-94a8-a1b13c12e9c8,101,d85838ae-55df-40b9-853f-e0e44b053a95,Snake4,1,15,0
89f0d5cb-6690-4295-94a8-a1b13c12e9c8,102,b0a97e1a-e57b-4a3c-849c-2b9264da3d12,Snake1,87,10,1
89f0d5cb-6690-4295-94a8-a1b13c12e9c8,102,92e5c2c2-966e-4845-ba43-839f69ea08d9,Snake2,77,7,1
89f0d5cb-6690-4295-94a8-a1b13c12e9c8,102,0155d1e7-7d5a-4abf-8a38-a56d1cd7671b,Snake3,84,9,0
89f0d5cb-6690-4295-94a8-a1b13c12e9c8,102,d85838ae-55df-40b9-853f-e0e44b053a95,Snake4,1,15,0
89f0d5cb-6690-4295-94a8-a1b13c12e9c8,102,b0a97e1a-e57b-4a3c-849c-2b9264da3d12,Snake1,87,10,1
89f0d5cb-6690-4295-94a8-a1b13c12e9c8,102,92e5c2c2-966e-4845-ba43-839f69ea08d9,Snake2,77,7,1
89f0d5cb-6690-4295-94a8-a1b13c12e9c8,102,0155d1e7-7d5a-4abf-8a38-a56d1cd7671b,Snake3,84,9,0
89f0d5cb-6690-4295-94a8-a1b13c12e9c8,102,d85838ae-55df-40b9-853f-e0e44b053a95,Snake4,1,15,0
89f0d5cb-6690-4295-94a8-a1b13c12e9c8,103,b0a97e1a-e57b-4a3c-849c-2b9264da3d12,Snake1,86,10,1
89f0d5cb-6690-4295-94a8-a1b13c12e9c8,103,92e5c2c2-966e-4845-ba43-839f69ea08d9,Snake2,76,7,1
89f0d5cb-6690-4295-94a8-a1b13c12e9c8,103,0155d1e7-7d5a-4abf-8a38-a56d1cd7671b,Snake3,84,9,0
89f0d5cb-6690-4295-94a8-a1b13c12e9c8,103,d85838ae-55df-40b9-853f-e0e44b053a95,Snake4,1,15,0
89f0d5cb-6690-4295-94a8-a1b13c12e9c8,103,b0a97e1a-e57b-4a3c-849c-2b9264da3d12,Snake1,86,10,1
89f0d5cb-6690-4295-94a8-a1b13c12e9c8,103,92e5c2c2-966e-4845-ba43-839f69ea08d9,Snake2,76,7,1
89f0d5cb-6690-4295-94a8-a1b13c12e9c8,103,0155d1e7-7d5a-4abf-8a38-a56d1cd7671b,Snake3,84,9,0
89f0d5cb-6690-4295-94a8-a1b13c12e9c8,103,d85838ae-55df-40b9-853f-e0e44b053a95,Snake4,1,15,0
89f0d5cb-6690-4295-94a8-a1b13c12e9c8,104,b0a97e1a-e57b-4a3c-849c-2b9264da3d12,Snake1,85,10,1
89f0d5cb-6690-4295-94a8-a1b13c12e9c8,104,92e5c2c2-966e-4845-ba43-839f69ea08d9,Snake2,75,7,1
89f0d5cb-6690-4295-94a8-a1b13c12e9c8,104,0155d1e7-7d5a-4abf-8a38-a56d1cd7671b,Snake3,84,9,0
89f0d5cb-6690-4295-94a8-a1b13c12e9c8,104,d85838ae-55df-40b9-853f-e0e44b053a95,Snake4,1,15,0
89f0d5cb-6690-4295-94a8-a1b13c12e9c8,104,b0a97e1a-e57b-4a3c-849c-2b9264da3d12,Snake1,85,10,1
89f0d5cb-6690-4295-94a8-a1b13c12e9c8,104,92e5c2c2-966e-4845-ba43-839f69ea08d9,Snake2,75,7,1
89f0d5cb-6690-4295-94a8-a1b13c12e9c8,104,0155d1e7-7d5a-4abf-8a38-a56d1cd7671b,Snake3,84,9,0
89f0d5cb-6690-4295-94a8-a1b13c12e9c8,104,d85838ae-55df-40b9-853f-e0e44b053a95,Snake4,1,15,0
89f0d5cb-6690-4295-94a8-a1b13c12e9c8,105,b0a97e1a-e57b-4a3c-849c-2b9264da3d12,Snake1,84,10,1
89f0d5cb-6690-4295-94a8-a1b13c12e9c8,105,92e5c2c2-966e-4845-ba43-839f69ea08d9,Snake2,74,7,1
89f0d5cb-6690-4295-94a8-a1b13c12e9c8,105,0155d1e7-7d5a-4abf-8a38-a56d1cd7671b,Snake3,84,9,0
89f0d5cb-6690-4295-94a8-a1b13c12e9c8,105,d85838ae-55df-40b9-853f-e0e44b053a95,Snake4,1,15,0
89f0d5cb-6690-4295-94a8-a1b13c12e9c8,105,b0a97e1a-e57b-4a3c-849c-2b9264da3d12,Snake1,84,10,1
89f0d5cb-6690-4295-94a8-a1b13c12e9c8,105,92e5c2c2-966e-4845-ba43-839f69ea08d9,Snake2,74,7,1
89f0d5cb-6690-4295-94a8-a1b13c12e9c8,105,0155d1e7-7d5a-4abf-8a38-a56d1cd7671b,Snake3,84,9,0
89f0d5cb-6690-4295-94a8-a1b13c12e9c8,105,d85838ae-55df-40b9-853f-e0e44b053a95,Snake4,1,15,0
89f0d5cb-6690-4295-94a8-a1b13c12e9c8,106,b0a97e1a-e57b-4a3c-849c-2b9264da3d12,Snake1,83,10,1
89f0d5cb-6690-4295-94a8-a1b13c12e9c8,106,92e5c2c2-966e-4845-ba43-839f69ea08d9,Snake2,73,7,1
89f0d5cb-6690-4295-94a8-a1b13c12e9c8,106,0155d1e7-7d5a-4abf-8a38-a56d1cd7671b,Snake3,84,9,0
89f0d5cb-6690-4295-94a8-a1b13c12e9c8,106,d85838ae-55df-40b9-853f-e0e44b053a95,Snake4,1,15,0
89f0d5cb-6690-4295-94a8-a1b13c12e9c8,106,b0a97e1a-e57b-4a3c-849c-2b9264da3d12,Snake1,83,10,1
89f0d5cb-6690-4295-94a8-a1b13c12e9c8,106,92e5c2c2-966e-4845-ba43-839f69ea08d9,Snake2,73,7,1
89f0d5cb-6690-4295-94a8-a1b13c12e9c8,106,0155d1e7-7d5a-4abf-8a38-a56d1cd7671b,Snake3,84,9,0
89f0d5cb-6690-4295-94a8-a1b13c12e9c8,106,d85838ae-55df-40b9-853f-e0e44b053a95,Snake4,1,15,0
89f0d5cb-6690-4295-94a8-a1b13c12e9c8,107,b0a97e1a-e57b-4a3c-849c-2b9264da3d12,Snake1,82,10,1
89f0d5cb-6690-4295-94a8-a1b13c12e9c8,107,92e5c2c2-966e-4845-ba43-839f69ea08d9,Snake2,72,7,1
89f0d5cb-6690-4295-94a8-a1b13c12e9c8,107,0155d1e7-7d5a-4abf-8a38-a56d1cd7671b,Snake3,84,9,0
89f0d5cb-6690-4295-94a8-a1b13c12e9c8,107,d85838ae-55df-40b9-853f-e0e44b053a95,Snake4,1,15,0
89f0d5cb-6690-4295-94a8-a1b13c12e9c8,107,b0a97e1a-e57b-4a3c-849c-2b9264da3d12,Snake1,82,10,1
89f0d5cb-6690-4295-94a8-a1b13c12e9c8,107,92e5c2c2-966e-4845-ba43-839f69ea08d9,Snake2,72,7,1
89f0d5cb-6690-4295-94a8-a1b13c12e9c8,107,0155d1e7-7d5a-4abf-8a38-a56d1cd7671b,Snake3,84,9,0
89f0d5cb-6690-4295-94a8-a1b13c12e9c8,107,d85838ae-55df-40b9-853f-e0e44b053a95,Snake4,1,15,0
89f0d5cb-6690-4295-94a8-a1b13c12e9c8,108,b0a97e1a-e57b-4a3c-849c-2b9264da3d12,Snake1,81,10,1
89f0d5cb-6690-4295-94a8-a1b13c12e9c8,108,92e5c2c2-966e-4845-ba43-839f69ea08d9,Snake2,71,7,1
89f0d5cb-6690-4295-94a8-a1b13c12e9c8,108,0155d1e7-7d5a-4abf-8a38-a56d1cd7671b,Snake3,84,9,0
89f0d5cb-6690-4295-94a8-a1b13c12e9c8,108,d85838ae-55df-40b9-853f-e0e44b053a95,Snake4,1,15,0
89f0d5cb-6690-4295-94a8-a1b13c12e9c8,108,b0a97e1a-e57b-4a3c-849c-2b9264da3d12,Snake1,81,10,1
89f0d5cb-6690-4295-94a8-a1b13c12e9c8,108,92e5c2c2-966e-4845-ba43-839f69ea08d9,Snake2,71,7,1
89f0d5cb-6690-4295-94a8-a1b13c12e9c8,108,0155d1e7-7d5a-4abf-8a38-a56d1cd7671b,Snake3,84,9,0
89f0d5cb-6690-4295-94a8-a1b13c12e9c8,108,d85838ae-55df-40b9-853f-e0e44b053a95,Snake4,1,15,0
89f0d5cb-6690-4295-94a8-a1b13c12e9c8,109,b0a97e1a-e57b-4a3c-849c-2b9264da3d12,Snake1,80,10,1
89f0d5cb-6690-4295-94a8-a1b13c12e9c8,109,92e5c2c2-966e-4845-ba43-839f69ea08d9,Snake2,70,7,1
89f0d5cb-6690-4295-94a8-a1b13c12e9c8,109,0155d1e7-7d5a-4abf-8a38-a56d1cd7671b,Snake3,84,9,0
89f0d5cb-6690-4295-94a8-a1b13c12e9c8,109,d85838ae-55df-40b9-853f-e0e44b053a95,Snake4,1,15,0
89f0d5cb-6690-4295-94a8-a1b13c12e9c8,110,b0a97e1a-e57b-4a3c-849c-2b9264da3d12,Snake1,79,10,1
89f0d5cb-6690-4295-94a8-a1b13c12e9c8,110,92e5c2c2-966e-4845-ba43-839f69ea08d9,Snake2,70,7,0
89f0d5cb-6690-4295-94a8-a1b13c12e9c8,110,0155d1e7-7d5a-4abf-8a38-a56d1cd7671b,Snake3,84,9,0
89f0d5cb-6690-4295-94a8-a1b13c12e9c8,110,d85838ae-55df-40b9-853f-e0e44b053a95,Snake4,1,15,0
89f0d5cb-6690-4295-94a8-a1b13c12e9c8,111,b0a97e1a-e57b-4a3c-849c-2b9264da3d12,Snake1,79,10,1
89f0d5cb-6690-4295-94a8-a1b13c12e9c8,111,92e5c2c2-966e-4845-ba43-839f69ea08d9,Snake2,70,7,0
89f0d5cb-6690-4295-94a8-a1b13c12e9c8,111,0155d1e7-7d5a-4abf-8a38-a56d1cd7671b,Snake3,84,9,0
89f0d5cb-6690-4295-94a8-a1b13c12e9c8,111,d85838ae-55df-40b9-853f-e0e44b053a95,Snake4,1,15,0
89f0d5cb-6690-4295-94a8-a1b13c12e9c8,111,b0a97e1a-e57b-4a3c-849c-2b9264da3d12,Snake1,79,10,1
89f0d5cb-6690-4295-94a8-a1b13c12e9c8,111,92e5c2c2-966e-4845-ba43-839f69ea08d9,Snake2,70,7,0
89f0d5cb-6690-4295-94a8-a1b13c12e9c8,111,0155d1e7-7d5a-4abf-8a38-a56d1cd7671b,Snake3,84,9,0
89f0d5cb-6690-4295-94a8-a1b13c12e9c8,111,d85838ae-55df-40b9-853f-e0e44b053a95,Snake4,1,15,0
89f0d5cb-6690-4295-94a8-a1b13c12e9c8,111,b0a97e1a-e57b-4a3c-849c-2b9264da3d12,Snake1,79,10,1
89f0d5cb-6690-4295-94a8-a1b13c12e9c8,111,92e5c2c2-966e-4845-ba43-839f69ea08d9,Snake2,78,7,0
89f0d5cb-6690-4295-94a8-a1b13c12e9c8,111,0155d1e7-7d5a-4abf-8a38-a56d1cd7671b,Snake3,84,9,0
89f0d5cb-6690-4295-94a8-a1b13c12e9c8,111,d85838ae-55df-40b9-853f-e0e44b053a95,Snake4,1,15,0
89f0d5cb-6690-4295-94a8-a1b13c12e9c8,111,b0a97e1a-e57b-4a3c-849c-2b9264da3d12,Snake1,79,10,1
89f0d5cb-6690-4295-94a8-a1b13c12e9c8,111,92e5c2c2-966e-4845-ba43-839f69ea08d9,Snake2,93,7,0
89f0d5cb-6690-4295-94a8-a1b13c12e9c8,111,0155d1e7-7d5a-4abf-8a38-a56d1cd7671b,Snake3,99,9,0
89f0d5cb-6690-4295-94a8-a1b13c12e9c8,111,d85838ae-55df-40b9-853f-e0e44b053a95,Snake4,1,15,0
