game_id,turn,snake_id,snake_name,health,length,alive
b558bac5-4f0f-43d5-bff5-dca136bc65a1,0,b93477bf-84f3-406e-83aa-e4bf1bee3be7,Snake3,100,3,1
b558bac5-4f0f-43d5-bff5-dca136bc65a1,0,afd23d6b-2b3f-4207-8794-69c5ef3aca0b,Snake4,100,3,1
b558bac5-4f0f-43d5-bff5-dca136bc65a1,0,3c654172-a32d-4478-85a1-eaac22045634,Snake1,100,3,1
b558bac5-4f0f-43d5-bff5-dca136bc65a1,0,1fc57e5f-0726-4d8a-ad9f-a80ad1261516,Snake2,100,3,1
b558bac5-4f0f-43d5-bff5-dca136bc65a1,1,b93477bf-84f3-406e-83aa-e4bf1bee3be7,Snake3,99,3,1
b558bac5-4f0f-43d5-bff5-dca136bc65a1,1,afd23d6b-2b3f-4207-8794-69c5ef3aca0b,Snake4,99,3,1
b558bac5-4f0f-43d5-bff5-dca136bc65a1,1,3c654172-a32d-4478-85a1-eaac22045634,Snake1,99,3,1
b558bac5-4f0f-43d5-bff5-dca136bc65a1,1,1fc57e5f-0726-4d8a-ad9f-a80ad1261516,Snake2,99,3,1
b558bac5-4f0f-43d5-bff5-dca136bc65a1,1,b93477bf-84f3-406e-83aa-e4bf1bee3be7,Snake3,99,3,1
b558bac5-4f0f-43d5-bff5-dca136bc65a1,1,afd23d6b-2b3f-4207-8794-69c5ef3aca0b,Snake4,99,3,1
b558bac5-4f0f-43d5-bff5-dca136bc65a1,1,3c654172-a32d-4478-85a1-eaac22045634,Snake1,99,3,1
b558bac5-4f0f-43d5-bff5-dca136bc65a1,1,1fc57e5f-0726-4d8a-ad9f-a80ad1261516,Snake2,99,3,1
b558bac5-4f0f-43d5-bff5-dca136bc65a1,1,b93477bf-84f3-406e-83aa-e4bf1bee3be7,Snake3,99,3,1
b558bac5-4f0f-43d5-bff5-dca136bc65a1,1,afd23d6b-2b3f-4207-8794-69c5ef3aca0b,Snake4,99,3,1
b558bac5-4f0f-43d5-bff5-dca136bc65a1,1,3c654172-a32d-4478-85a1-eaac22045634,Snake1,99,3,1
b558bac5-4f0f-43d5-bff5-dca136bc65a1,1,1fc57e5f-0726-4d8a-ad9f-a80ad1261516,Snake2,99,3,1
b558bac5-4f0f-43d5-bff5-dca136bc65a1,2,b93477bf-84f3-406e-83aa-e4bf1bee3be7,Snake3,100,4,1
b558bac5-4f0f-43d5-bff5-dca136bc65a1,2,afd23d6b-2b3f-4207-8794-69c5ef3aca0b,Snake4,100,4,1
b558bac5-4f0f-43d5-bff5-dca136bc65a1,2,3c654172-a32d-4478-85a1-eaac22045634,Snake1,100,4,1
b558bac5-4f0f-43d5-bff5-dca136bc65a1,2,1fc57e5f-0726-4d8a-ad9f-a80ad1261516,Snake2,100,4,1
b558bac5-4f0f-43d5-bff5-dca136bc65a1,2,b93477bf-84f3-406e-83aa-e4bf1bee3be7,Snake3,100,4,1
b558bac5-4f0f-43d5-bff5-dca136bc65a1,2,afd23d6b-2b3f-4207-8794-69c5ef3aca0b,Snake4,100,4,1
b558bac5-4f0f-43d5-bff5-dca136bc65a1,2,3c654172-a32d-4478-85a1-eaac22045634,Snake1,100,4,1
b558bac5-4f0f-43d5-bff5-dca136bc65a1,2,1fc57e5f-0726-4d8a-ad9f-a80ad1261516,Snake2,100,4,1
b558bac5-4f0f-43d5-bff5-dca136bc65a1,2,b93477bf-84f3-406e-83aa-e4bf1bee3be7,Snake3,100,4,1
b558bac5-4f0f-43d5-bff5-dca136bc65a1,2,afd23d6b-2b3f-4207-8794-69c5ef3aca0b,Snake4,100,4,1
b558bac5-4f0f-43d5-bff5-dca136bc65a1,2,3c654172-a32d-4478-85a1-eaac22045634,Snake1,100,4,1
b558bac5-4f0f-43d5-bff5-dca136bc65a1,2,1fc57e5f-0726-4d8a-ad9f-a80ad1261516,Snake2,100,4,1
b558bac5-4f0f-43d5-bff5-dca136bc65a1,3,b93477bf-84f3-406e-83aa-e4bf1bee3be7,Snake3,99,4,1
b558bac5-4f0f-43d5-bff5-dca136bc65a1,3,afd23d6b-2b3f-4207-8794-69c5ef3aca0b,Snake4,99,4,1
b558bac5-4f0f-43d5-bff5-dca136bc65a1,3,3c654172-a32d-4478-85a1-eaac22045634,Snake1,99,4,1
b558bac5-4f0f-43d5-bff5-dca136bc65a1,3,1fc57e5f-0726-4d8a-ad9f-a80ad1261516,Snake2,99,4,1
b558bac5-4f0f-43d5-bff5-dca136bc65a1,3,b93477bf-84f3-406e-83aa-e4bf1bee3be7,Snake3,99,4,1
b558bac5-4f0f-43d5-bff5-dca136bc65a1,3,afd23d6b-2b3f-4207-8794-69c5ef3aca0b,Snake4,99,4,1
b558bac5-4f0f-43d5-bff5-dca136bc65a1,3,3c654172-a32d-4478-85a1-eaac22045634,Snake1,99,4,1
b558bac5-4f0f-43d5-bff5-dca136bc65a1,3,1fc57e5f-0726-4d8a-ad9f-a80ad1261516,Snake2,99,4,1
b558bac5-4f0f-43d5-bff5-dca136bc65a1,3,b93477bf-84f3-406e-83aa-e4bf1bee3be7,Snake3,99,4,1
b558bac5-4f0f-43d5-bff5-dca136bc65a1,3,afd23d6b-2b3f-4207-8794-69c5ef3aca0b,Snake4,99,4,1
b558bac5-4f0f-43d5-bff5-dca136bc65a1,3,3c654172-a32d-4478-85a1-eaac22045634,Snake1,99,4,1
b558bac5-4f0f-43d5-bff5-dca136bc65a1,3,1fc57e5f-0726-4d8a-ad9f-a80ad1261516,Snake2,99,4,1
b558bac5-4f0f-43d5-bff5-dca136bc65a1,3,b93477bf-84f3-406e-83aa-e4bf1bee3be7,Snake3,99,4,1
b558bac5-4f0f-43d5-bff5-dca136bc65a1,3,afd23d6b-2b3f-4207-8794-69c5ef3aca0b,Snake4,99,4,1
b558bac5-4f0f-43d5-bff5-dca136bc65a1,3,3c654172-a32d-4478-85a1-eaac22045634,Snake1,99,4,1
b558bac5-4f0f-43d5-bff5-dca136bc65a1,3,1fc57e5f-0726-4d8a-ad9f-a80ad1261516,Snake2,99,4,1
b558bac5-4f0f-43d5-bff5-dca136bc65a1,4,b93477bf-84f3-406e-83aa-e4bf1bee3be7,Snake3,98,4,1
b558bac5-4f0f-43d5-bff5-dca136bc65a1,4,afd23d6b-2b3f-4207-8794-69c5ef3aca0b,Snake4,98,4,1
b558bac5-4f0f-43d5-bff5-dca136bc65a1,4,3c654172-a32d-4478-85a1-eaac22045634,Snake1,98,4,1
b558bac5-4f0f-43d5-bff5-dca136bc65a1,4,1fc57e5f-0726-4d8a-ad9f-a80ad1261516,Snake2,98,4,1
b558bac5-4f0f-43d5-bff5-dca136bc65a1,5,b93477bf-84f3-406e-83aa-e4bf1bee3be7,Snake3,97,4,1
b558bac5-4f0f-43d5-bff5-dca136bc65a1,5,afd23d6b-2b3f-4207-8794-69c5ef3aca0b,Snake4,97,4,1
b558bac5-4f0f-43d5-bff5-dca136bc65a1,5,3c654172-a32d-4478-85a1-eaac22045634,Snake1,97,4,1
b558bac5-4f0f-43d5-bff5-dca136bc65a1,5,1fc57e5f-0726-4d8a-ad9f-a80ad1261516,Snake2,100,5,1
b558bac5-4f0f-43d5-bff5-dca136bc65a1,5,b93477bf-84f3-406e-83aa-e4bf1bee3be7,Snake3,97,4,1
b558bac5-4f0f-43d5-bff5-dca136bc65a1,5,afd23d6b-2b3f-4207-8794-69c5ef3aca0b,Snake4,97,4,1
b558bac5-4f0f-43d5-bff5-dca136bc65a1,5,3c654172-a32d-4478-85a1-eaac22045634,Snake1,97,4,1
b558bac5-4f0f-43d5-bff5-dca136bc65a1,5,1fc57e5f-0726-4d8a-ad9f-a80ad1261516,Snake2,100,5,1
b558bac5-4f0f-43d5-bff5-dca136bc65a1,5,b93477bf-84f3-406e-83aa-e4bf1bee3be7,Snake3,97,4,1
b558bac5-4f0f-43d5-bff5-dca136bc65a1,5,afd23d6b-2b3f-4207-8794-69c5ef3aca0b,Snake4,97,4,1
b558bac5-4f0f-43d5-bff5-dca136bc65a1,5,3c654172-a32d-4478-85a1-eaac22045634,Snake1,97,4,1
b558bac5-4f0f-43d5-bff5-dca136bc65a1,5,1fc57e5f-0726-4d8a-ad9f-a80ad1261516,Snake2,100,5,1
b558bac5-4f0f-43d5-bff5-dca136bc65a1,6,b93477bf-84f3-406e-83aa-e4bf1bee3be7,Snake3,96,4,1
b558bac5-4f0f-43d5-bff5-dca136bc65a1,6,afd23d6b-2b3f-4207-8794-69c5ef3aca0b,Snake4,96,4,1
b558bac5-4f0f-43d5-bff5-dca136bc65a1,6,3c654172-a32d-4478-85a1-eaac22045634,Snake1,96,4,1
b558bac5-4f0f-43d5-bff5-dca136bc65a1,6,1fc57e5f-0726-4d8a-ad9f-a80ad1261516,Snake2,99,5,1
b558bac5-4f0f-43d5-bff5-dca136bc65a1,6,b93477bf-84f3-406e-83aa-e4bf1bee3be7,Snake3,96,4,1
b558bac5-4f0f-43d5-bff5-dca136bc65a1,6,afd23d6b-2b3f-4207-8794-69c5ef3aca0b,Snake4,96,4,1
b558bac5-4f0f-43d5-bff5-dca136bc65a1,6,3c654172-a32d-4478-85a1-eaac22045634,Snake1,96,4,1
b558bac5-4f0f-43d5-bff5-dca136bc65a1,6,1fc57e5f-0726-4d8a-ad9f-a80ad1261516,Snake2,99,5,1
b558bac5-4f0f-43d5-bff5-dca136bc65a1,6,b93477bf-84f3-406e-83aa-e4bf1bee3be7,Snake3,96,4,1
b558bac5-4f0f-43d5-bff5-dca136bc65a1,6,afd23d6b-2b3f-4207-8794-69c5ef3aca0b,Snake4,96,4,1
b558bac5-4f0f-43d5-bff5-dca136bc65a1,6,3c654172-a32d-4478-85a1-eaac22045634,Snake1,96,4,1
b558bac5-4f0f-43d5-bff5-dca136bc65a1,6,1fc57e5f-0726-4d8a-ad9f-a80ad1261516,Snake2,99,5,1
b558bac5-4f0f-43d5-bff5-dca136bc65a1,7,b93477bf-84f3-406e-83aa-e4bf1bee3be7,Snake3,95,4,1
b558bac5-4f0f-43d5-bff5-dca136bc65a1,7,afd23d6b-2b3f-4207-8794-69c5ef3aca0b,Snake4,95,4,1
b558bac5-4f0f-43d5-bff5-dca136bc65a1,7,3c654172-a32d-4478-85a1-eaac22045634,Snake1,95,4,1
b558bac5-4f0f-43d5-bff5-dca136bc65a1,7,1fc57e5f-0726-4d8a-ad9f-a80ad1261516,Snake2,98,5,1
b558bac5-4f0f-43d5-bff5-dca136bc65a1,7,b93477bf-84f3-406e-83aa-e4bf1bee3be7,Snake3,95,4,1
b558bac5-4f0f-43d5-bff5-dca136bc65a1,7,afd23d6b-2b3f-4207-8794-69c5ef3aca0b,Snake4,95,4,1
b558bac5-4f0f-43d5-bff5-dca136bc65a1,7,3c654172-a32d-4478-85a1-eaac22045634,Snake1,95,4,1
b558bac5-4f0f-43d5-bff5-dca136bc65a1,7,1fc57e5f-0726-4d8a-ad9f-a80ad1261516,Snake2,98,5,1
b558bac5-4f0f-43d5-bff5-dca136bc65a1,7,b93477bf-84f3-406e-83aa-e4bf1bee3be7,Snake3,95,4,1
b558bac5-4f0f-43d5-bff5-dca136bc65a1,7,afd23d6b-2b3f-4207-8794-69c5ef3aca0b,Snake4,95,4,1
b558bac5-4f0f-43d5-bff5-dca136bc65a1,7,3c654172-a32d-4478-85a1-eaac22045634,Snake1,95,4,1
b558bac5-4f0f-43d5-bff5-dca136bc65a1,7,1fc57e5f-0726-4d8a-ad9f-a80ad1261516,Snake2,98,5,1
b558bac5-4f0f-43d5-bff5-dca136bc65a1,8,b93477bf-84f3-406e-83aa-e4bf1bee3be7,Snake3,94,4,1
b558bac5-4f0f-43d5-bff5-dca136bc65a1,8,afd23d6b-2b3f-4207-8794-69c5ef3aca0b,Snake4,100,5,1
b558bac5-4f0f-43d5-bff5-dca136bc65a1,8,3c654172-a32d-4478-85a1-eaac22045634,Snake1,94,4,1
b558bac5-4f0f-43d5-bff5-dca136bc65a1,8,1fc57e5f-0726-4d8a-ad9f-a80ad1261516,Snake2,97,5,1
b558bac5-4f0f-43d5-bff5-dca136bc65a1,8,b93477bf-84f3-406e-83aa-e4bf1bee3be7,Snake3,94,4,1
b558bac5-4f0f-43d5-bff5-dca136bc65a1,8,afd23d6b-2b3f-4207-8794-69c5ef3aca0b,Snake4,100,5,1
b558bac5-4f0f-43d5-bff5-dca136bc65a1,8,3c654172-a32d-4478-85a1-eaac22045634,Snake1,94,4,1
b558bac5-4f0f-43d5-bff5-dca136bc65a1,8,1fc57e5f-0726-4d8a-ad9f-a80ad1261516,Snake2,97,5,1
b558bac5-4f0f-43d5-bff5-dca136bc65a1,8,b93477bf-84f3-406e-83aa-e4bf1bee3be7,Snake3,94,4,1
b558bac5-4f0f-43d5-bff5-dca136bc65a1,8,afd23d6b-2b3f-4207-8794-69c5ef3aca0b,Snake4,100,5,1
b558bac5-4f0f-43d5-bff5-dca136bc65a1,8,3c654172-a32d-4478-85a1-eaac22045634,Snake1,94,4,1
b558bac5-4f0f-43d5-bff5-dca136bc65a1,8,1fc57e5f-0726-4d8a-ad9f-a80ad1261516,Snake2,97,5,1
b558bac5-4f0f-43d5-bff5-dca136bc65a1,9,b93477bf-84f3-406e-83aa-e4bf1bee3be7,Snake3,100,5,1
b558bac5-4f0f-43d5-bff5-dca136bc65a1,9,afd23d6b-2b3f-4207-8794-69c5ef3aca0b,Snake4,99,5,1
b558bac5-4f0f-43d5-bff5-dca136bc65a1,9,3c654172-a32d-4478-85a1-eaac22045634,Snake1,93,4,1
b558bac5-4f0f-43d5-bff5-dca136bc65a1,9,1fc57e5f-0726-4d8a-ad9f-a80ad1261516,Snake2,96,5,1
b558bac5-4f0f-43d5-bff5-dca136bc65a1,9,b93477bf-84f3-406e-83aa-e4bf1bee3be7,Snake3,100,5,1
b558bac5-4f0f-43d5-bff5-dca136bc65a1,9,afd23d6b-2b3f-4207-8794-69c5ef3aca0b,Snake4,99,5,1
b558bac5-4f0f-43d5-bff5-dca136bc65a1,9,3c654172-a32d-4478-85a1-eaac22045634,Snake1,93,4,1
b558bac5-4f0f-43d5-bff5-dca136bc65a1,9,1fc57e5f-0726-4d8a-ad9f-a80ad1261516,Snake2,96,5,1
b558bac5-4f0f-43d5-bff5-dca136bc65a1,9,b93477bf-84f3-406e-83aa-e4bf1bee3be7,Snake3,100,5,1
b558bac5-4f0f-43d5-bff5-dca136bc65a1,9,afd23d6b-2b3f-4207-8794-69c5ef3aca0b,Snake4,99,5,1
b558bac5-4f0f-43d5-bff5-dca136bc65a1,9,3c654172-a32d-4478-85a1-eaac22045634,Snake1,93,4,1
b558bac5-4f0f-43d5-bff5-dca136bc65a1,9,1fc57e5f-0726-4d8a-ad9f-a80ad1261516,Snake2,96,5,1
b558bac5-4f0f-43d5-bff5-dca136bc65a1,9,b93477bf-84f3-406e-83aa-e4bf1bee3be7,Snake3,100,5,1
b558bac5-4f0f-43d5-bff5-dca136bc65a1,9,afd23d6b-2b3f-4207-8794-69c5ef3aca0b,Snake4,99,5,1
b558bac5-4f0f-43d5-bff5-dca136bc65a1,9,3c654172-a32d-4478-85a1-eaac22045634,Snake1,93,4,1
b558bac5-4f0f-43d5-bff5-dca136bc65a1,9,1fc57e5f-0726-4d8a-ad9f-a80ad1261516,Snake2,96,5,1
b558bac5-4f0f-43d5-bff5-dca136bc65a1,10,b93477bf-84f3-406e-83aa-e4bf1bee3be7,Snake3,99,5,1
b558bac5-4f0f-43d5-bff5-dca136bc65a1,10,afd23d6b-2b3f-4207-8794-69c5ef3aca0b,Snake4,98,5,1
b558bac5-4f0f-43d5-bff5-dca136bc65a1,10,3c654172-a32d-4478-85a1-eaac22045634,Snake1,92,4,1
b558bac5-4f0f-43d5-bff5-dca136bc65a1,10,1fc57e5f-0726-4d8a-ad9f-a80ad1261516,Snake2,100,6,1
b558bac5-4f0f-43d5-bff5-dca136bc65a1,10,b93477bf-84f3-406e-83aa-e4bf1bee3be7,Snake3,99,5,1
b558bac5-4f0f-43d5-bff5-dca136bc65a1,10,afd23d6b-2b3f-4207-8794-69c5ef3aca0b,Snake4,98,5,1
b558bac5-4f0f-43d5-bff5-dca136bc65a1,10,3c654172-a32d-4478-85a1-eaac22045634,Snake1,92,4,1
b558bac5-4f0f-43d5-bff5-dca136bc65a1,10,1fc57e5f-0726-4d8a-ad9f-a80ad1261516,Snake2,100,6,1
b558bac5-4f0f-43d5-bff5-dca136bc65a1,10,b93477bf-84f3-406e-83aa-e4bf1bee3be7,Snake3,99,5,1
b558bac5-4f0f-43d5-bff5-dca136bc65a1,10,afd23d6b-2b3f-4207-8794-69c5ef3aca0b,Snake4,98,5,1
b558bac5-4f0f-43d5-bff5-dca136bc65a1,10,3c654172-a32d-4478-85a1-eaac22045634,Snake1,92,4,1
b558bac5-4f0f-43d5-bff5-dca136bc65a1,10,1fc57e5f-0726-4d8a-ad9f-a80ad1261516,Snake2,100,6,1
b558bac5-4f0f-43d5-bff5-dca136bc65a1,10,b93477bf-84f3-406e-83aa-e4bf1bee3be7,Snake3,99,5,1
b558bac5-4f0f-43d5-bff5-dca136bc65a1,10,afd23d6b-2b3f-4207-8794-69c5ef3aca0b,Snake4,98,5,1
b558bac5-4f0f-43d5-bff5-dca136bc65a1,10,3c654172-a32d-4478-85a1-eaac22045634,Snake1,92,4,1
b558bac5-4f0f-43d5-bff5-dca136bc65a1,10,1fc57e5f-0726-4d8a-ad9f-a80ad1261516,Snake2,100,6,1
b558bac5-4f0f-43d5-bff5-dca136bc65a1,11,b93477bf-84f3-406e-83aa-e4bf1bee3be7,Snake3,98,5,1
b558bac5-4f0f-43d5-bff5-dca136bc65a1,11,afd23d6b-2b3f-4207-8794-69c5ef3aca0b,Snake4,97,5,1
b558bac5-4f0f-43d5-bff5-dca136bc65a1,11,3c654172-a32d-4478-85a1-eaac22045634,Snake1,100,5,1
b558bac5-4f0f-43d5-bff5-dca136bc65a1,11,1fc57e5f-0726-4d8a-ad9f-a80ad1261516,Snake2,99,6,1
b558bac5-4f0f-43d5-bff5-dca136bc65a1,11,b93477bf-84f3-406e-83aa-e4bf1bee3be7,Snake3,98,5,1
b558bac5-4f0f-43d5-bff5-dca136bc65a1,11,afd23d6b-2b3f-4207-8794-69c5ef3aca0b,Snake4,97,5,1
b558bac5-4f0f-43d5-bff5-dca136bc65a1,11,3c654172-a32d-4478-85a1-eaac22045634,Snake1,100,5,1
b558bac5-4f0f-43d5-bff5-dca136bc65a1,11,1fc57e5f-0726-4d8a-ad9f-a80ad1261516,Snake2,99,6,1
b558bac5-4f0f-43d5-bff5-dca136bc65a1,11,b93477bf-84f3-406e-83aa-e4bf1bee3be7,Snake3,98,5,1
b558bac5-4f0f-43d5-bff5-dca136bc65a1,11,afd23d6b-2b3f-4207-8794-69c5ef3aca0b,Snake4,97,5,1
b558bac5-4f0f-43d5-bff5-dca136bc65a1,11,3c654172-a32d-4478-85a1-eaac22045634,Snake1,100,5,1
b558bac5-4f0f-43d5-bff5-dca136bc65a1,11,1fc57e5f-0726-4d8a-ad9f-a80ad1261516,Snake2,99,6,1
b558bac5-4f0f-43d5-bff5-dca136bc65a1,12,b93477bf-84f3-406e-83aa-e4bf1bee3be7,Snake3,97,5,1
b558bac5-4f0f-43d5-bff5-dca136bc65a1,12,afd23d6b-2b3f-4207-8794-69c5ef3aca0b,Snake4,96,5,1
b558bac5-4f0f-43d5-bff5-dca136bc65a1,12,3c654172-a32d-4478-85a1-eaac22045634,Snake1,99,5,1
b558bac5-4f0f-43d5-bff5-dca136bc65a1,12,1fc57e5f-0726-4d8a-ad9f-a80ad1261516,Snake2,98,6,1
b558bac5-4f0f-43d5-bff5-dca136bc65a1,12,b93477bf-84f3-406e-83aa-e4bf1bee3be7,Snake3,97,5,1
b558bac5-4f0f-43d5-bff5-dca136bc65a1,12,afd23d6b-2b3f-4207-8794-69c5ef3aca0b,Snake4,96,5,1
b558bac5-4f0f-43d5-bff5-dca136bc65a1,12,3c654172-a32d-4478-85a1-eaac22045634,Snake1,99,5,1
b558bac5-4f0f-43d5-bff5-dca136bc65a1,12,1fc57e5f-0726-4d8a-ad9f-a80ad1261516,Snake2,98,6,1
b558bac5-4f0f-43d5-bff5-dca136bc65a1,12,b93477bf-84f3-406e-83aa-e4bf1bee3be7,Snake3,97,5,1
b558bac5-4f0f-43d5-bff5-dca136bc65a1,12,afd23d6b-2b3f-4207-8794-69c5ef3aca0b,Snake4,96,5,1
b558bac5-4f0f-43d5-bff5-dca136bc65a1,12,3c654172-a32d-4478-85a1-eaac22045634,Snake1,99,5,1
b558bac5-4f0f-43d5-bff5-dca136bc65a1,12,1fc57e5f-0726-4d8a-ad9f-a80ad1261516,Snake2,98,6,1
b558bac5-4f0f-43d5-bff5-dca136bc65a1,12,b93477bf-84f3-406e-83aa-e4bf1bee3be7,Snake3,97,5,1
b558bac5-4f0f-43d5-bff5-dca136bc65a1,12,afd23d6b-2b3f-4207-8794-69c5ef3aca0b,Snake4,96,5,1
b558bac5-4f0f-43d5-bff5-dca136bc65a1,12,3c654172-a32d-4478-85a1-eaac22045634,Snake1,99,5,1
b558bac5-4f0f-43d5-bff5-dca136bc65a1,12,1fc57e5f-0726-4d8a-ad9f-a80ad1261516,Snake2,98,6,1
b558bac5-4f0f-43d5-bff5-dca136bc65a1,13,b93477bf-84f3-406e-83aa-e4bf1bee3be7,Snake3,96,5,1
b558bac5-4f0f-43d5-bff5-dca136bc65a1,13,afd23d6b-2b3f-4207-8794-69c5ef3aca0b,Snake4,95,5,1
b558bac5-4f0f-43d5-bff5-dca136bc65a1,13,3c654172-a32d-4478-85a1-eaac22045634,Snake1,98,5,1
b558bac5-4f0f-43d5-bff5-dca136bc65a1,13,1fc57e5f-0726-4d8a-ad9f-a80ad1261516,Snake2,97,6,1
b558bac5-4f0f-43d5-bff5-dca136bc65a1,13,b93477bf-84f3-406e-83aa-e4bf1bee3be7,Snake3,96,5,1
b558bac5-4f0f-43d5-bff5-dca136bc65a1,13,afd23d6b-2b3f-4207-8794-69c5ef3aca0b,Snake4,95,5,1
b558bac5-4f0f-43d5-bff5-dca136bc65a1,13,3c654172-a32d-4478-85a1-eaac22045634,Snake1,98,5,1
b558bac5-4f0f-43d5-bff5-dca136bc65a1,13,1fc57e5f-0726-4d8a-ad9f-a80ad1261516,Snake2,97,6,1
b558bac5-4f0f-43d5-bff5-dca136bc65a1,13,b93477bf-84f3-406e-83aa-e4bf1bee3be7,Snake3,96,5,1
b558bac5-4f0f-43d5-bff5-dca136bc65a1,13,afd23d6b-2b3f-4207-8794-69c5ef3aca0b,Snake4,95,5,1
b558bac5-4f0f-43d5-bff5-dca136bc65a1,13,3c654172-a32d-4478-85a1-eaac22045634,Snake1,98,5,1
b558bac5-4f0f-43d5-bff5-dca136bc65a1,13,1fc57e5f-0726-4d8a-ad9f-a80ad1261516,Snake2,97,6,1
b558bac5-4f0f-43d5-bff5-dca136bc65a1,13,b93477bf-84f3-406e-83aa-e4bf1bee3be7,Snake3,96,5,1
b558bac5-4f0f-43d5-bff5-dca136bc65a1,13,afd23d6b-2b3f-4207-8794-69c5ef3aca0b,Snake4,95,5,1
b558bac5-4f0f-43d5-bff5-dca136bc65a1,13,3c654172-a32d-4478-85a1-eaac22045634,Snake1,98,5,1
b558bac5-4f0f-43d5-bff5-dca136bc65a1,13,1fc57e5f-0726-4d8a-ad9f-a80ad1261516,Snake2,97,6,1
b558bac5-4f0f-43d5-bff5-dca136bc65a1,14,b93477bf-84f3-406e-83aa-e4bf1bee3be7,Snake3,95,5,1
b558bac5-4f0f-43d5-bff5-dca136bc65a1,14,afd23d6b-2b3f-4207-8794-69c5ef3aca0b,Snake4,94,5,1
b558bac5-4f0f-43d5-bff5-dca136bc65a1,14,3c654172-a32d-4478-85a1-eaac22045634,Snake1,97,5,1
b558bac5-4f0f-43d5-bff5-dca136bc65a1,14,1fc57e5f-0726-4d8a-ad9f-a80ad1261516,Snake2,96,6,1
b558bac5-4f0f-43d5-bff5-dca136bc65a1,14,b93477bf-84f3-406e-83aa-e4bf1bee3be7,Snake3,95,5,1
b558bac5-4f0f-43d5-bff5-dca136bc65a1,14,afd23d6b-2b3f-4207-8794-69c5ef3aca0b,Snake4,94,5,1
b558bac5-4f0f-43d5-bff5-dca136bc65a1,14,3c654172-a32d-4478-85a1-eaac22045634,Snake1,97,5,1
b558bac5-4f0f-43d5-bff5-dca136bc65a1,14,1fc57e5f-0726-4d8a-ad9f-a80ad1261516,Snake2,96,6,1
b558bac5-4f0f-43d5-bff5-dca136bc65a1,14,b93477bf-84f3-406e-83aa-e4bf1bee3be7,Snake3,95,5,1
b558bac5-4f0f-43d5-bff5-dca136bc65a1,14,afd23d6b-2b3f-4207-8794-69c5ef3aca0b,Snake4,94,5,1
b558bac5-4f0f-43d5-bff5-dca136bc65a1,14,3c654172-a32d-4478-85a1-eaac22045634,Snake1,97,5,1
b558bac5-4f0f-43d5-bff5-dca136bc65a1,14,1fc57e5f-0726-4d8a-ad9f-a80ad1261516,Snake2,96,6,1
b558bac5-4f0f-43d5-bff5-dca136bc65a1,15,b93477bf-84f3-406e-83aa-e4bf1bee3be7,Snake3,94,5,1
b558bac5-4f0f-43d5-bff5-dca136bc65a1,15,afd23d6b-2b3f-4207-8794-69c5ef3aca0b,Snake4,93,5,1
b558bac5-4f0f-43d5-bff5-dca136bc65a1,15,3c654172-a32d-4478-85a1-eaac22045634,Snake1,96,5,1
b558bac5-4f0f-43d5-bff5-dca136bc65a1,15,1fc57e5f-0726-4d8a-ad9f-a80ad1261516,Snake2,95,6,1
b558bac5-4f0f-43d5-bff5-dca136bc65a1,15,b93477bf-84f3-406e-83aa-e4bf1bee3be7,Snake3,94,5,1
b558bac5-4f0f-43d5-bff5-dca136bc65a1,15,afd23d6b-2b3f-4207-8794-69c5ef3aca0b,Snake4,93,5,1
b558bac5-4f0f-43d5-bff5-dca136bc65a1,15,3c654172-a32d-4478-85a1-eaac22045634,Snake1,96,5,1
b558bac5-4f0f-43d5-bff5-dca136bc65a1,15,1fc57e5f-0726-4d8a-ad9f-a80ad1261516,Snake2,95,6,1
b558bac5-4f0f-43d5-bff5-dca136bc65a1,15,b93477bf-84f3-406e-83aa-e4bf1bee3be7,Snake3,94,5,1
b558bac5-4f0f-43d5-bff5-dca136bc65a1,15,afd23d6b-2b3f-4207-8794-69c5ef3aca0b,Snake4,93,5,1
b558bac5-4f0f-43d5-bff5-dca136bc65a1,15,3c654172-a32d-4478-85a1-eaac22045634,Snake1,96,5,1
b558bac5-4f0f-43d5-bff5-dca136bc65a1,15,1fc57e5f-0726-4d8a-ad9f-a80ad1261516,Snake2,95,6,1
b558bac5-4f0f-43d5-bff5-dca136bc65a1,15,b93477bf-84f3-406e-83aa-e4bf1bee3be7,Snake3,94,5,1
b558bac5-4f0f-43d5-bff5-dca136bc65a1,15,afd23d6b-2b3f-4207-8794-69c5ef3aca0b,Snake4,93,5,1
b558bac5-4f0f-43d5-bff5-dca136bc65a1,15,3c654172-a32d-4478-85a1-eaac22045634,Snake1,96,5,1
b558bac5-4f0f-43d5-bff5-dca136bc65a1,15,1fc57e5f-0726-4d8a-ad9f-a80ad1261516,Snake2,95,6,1
b558bac5-4f0f-43d5-bff5-dca136bc65a1,16,b93477bf-84f3-406e-83aa-e4bf1bee3be7,Snake3,93,5,1
b558bac5-4f0f-43d5-bff5-dca136bc65a1,16,afd23d6b-2b3f-4207-8794-69c5ef3aca0b,Snake4,92,5,1
b558bac5-4f0f-43d5-bff5-dca136bc65a1,16,3c654172-a32d-4478-85a1-eaac22045634,Snake1,100,6,1
b558bac5-4f0f-43d5-bff5-dca136bc65a1,16,1fc57e5f-0726-4d8a-ad9f-a80ad1261516,Snake2,94,6,1
b558bac5-4f0f-43d5-bff5-dca136bc65a1,16,b93477bf-84f3-406e-83aa-e4bf1bee3be7,Snake3,93,5,1
b558bac5-4f0f-43d5-bff5-dca136bc65a1,16,afd23d6b-2b3f-4207-8794-69c5ef3aca0b,Snake4,92,5,1
b558bac5-4f0f-43d5-bff5-dca136bc65a1,16,3c654172-a32d-4478-85a1-eaac22045634,Snake1,100,6,1
b558bac5-4f0f-43d5-bff5-dca136bc65a1,16,1fc57e5f-0726-4d8a-ad9f-a80ad1261516,Snake2,94,6,1
b558bac5-4f0f-43d5-bff5-dca136bc65a1,16,b93477bf-84f3-406e-83aa-e4bf1bee3be7,Snake3,93,5,1
b558bac5-4f0f-43d5-bff5-dca136bc65a1,16,afd23d6b-2b3f-4207-8794-69c5ef3aca0b,Snake4,92,5,1
b558bac5-4f0f-43d5-bff5-dca136bc65a1,16,3c654172-a32d-4478-85a1-eaac22045634,Snake1,100,6,1
b558bac5-4f0f-43d5-bff5-dca136bc65a1,16,1fc57e5f-0726-4d8a-ad9f-a80ad1261516,Snake2,94,6,1
b558bac5-4f0f-43d5-bff5-dca136bc65a1,16,b93477bf-84f3-406e-83aa-e4bf1bee3be7,Snake3,93,5,1
b558bac5-4f0f-43d5-bff5-dca136bc65a1,16,afd23d6b-2b3f-4207-8794-69c5ef3aca0b,Snake4,92,5,1
b558bac5-4f0f-43d5-bff5-dca136bc65a1,16,3c654172-a32d-4478-85a1-eaac22045634,Snake1,100,6,1
b558bac5-4f0f-43d5-bff5-dca136bc65a1,16,1fc57e5f-0726-4d8a-ad9f-a80ad1261516,Snake2,94,6,1
b558bac5-4f0f-43d5-bff5-dca136bc65a1,17,b93477bf-84f3-406e-83aa-e4bf1bee3be7,Snake3,92,5,1
b558bac5-4f0f-43d5-bff5-dca136bc65a1,17,afd23d6b-2b3f-4207-8794-69c5ef3aca0b,Snake4,91,5,1
b558bac5-4f0f-43d5-bff5-dca136bc65a1,17,3c654172-a32d-4478-85a1-eaac22045634,Snake1,99,6,1
b558bac5-4f0f-43d5-bff5-dca136bc65a1,17,1fc57e5f-0726-4d8a-ad9f-a80ad1261516,Snake2,93,6,1
b558bac5-4f0f-43d5-bff5-dca136bc65a1,17,b93477bf-84f3-406e-83aa-e4bf1bee3be7,Snake3,92,5,1
b558bac5-4f0f-43d5-bff5-dca136bc65a1,17,afd23d6b-2b3f-4207-8794-69c5ef3aca0b,Snake4,91,5,1
b558bac5-4f0f-43d5-bff5-dca136bc65a1,17,3c654172-a32d-4478-85a1-eaac22045634,Snake1,99,6,1
b558bac5-4f0f-43d5-bff5-dca136bc65a1,17,1fc57e5f-0726-4d8a-ad9f-a80ad1261516,Snake2,93,6,1
b558bac5-4f0f-43d5-bff5-dca136bc65a1,17,b93477bf-84f3-406e-83aa-e4bf1bee3be7,Snake3,92,5,1
b558bac5-4f0f-43d5-bff5-dca136bc65a1,17,afd23d6b-2b3f-4207-8794-69c5ef3aca0b,Snake4,91,5,1
b558bac5-4f0f-43d5-bff5-dca136bc65a1,17,3c654172-a32d-4478-85a1-eaac22045634,Snake1,99,6,1
b558bac5-4f0f-43d5-bff5-dca136bc65a1,17,1fc57e5f-0726-4d8a-ad9f-a80ad1261516,Snake2,93,6,1
b558bac5-4f0f-43d5-bff5-dca136bc65a1,17,b93477bf-84f3-406e-83aa-e4bf1bee3be7,Snake3,92,5,1
b558bac5-4f0f-43d5-bff5-dca136bc65a1,17,afd23d6b-2b3f-4207-8794-69c5ef3aca0b,Snake4,91,5,1
b558bac5-4f0f-43d5-bff5-dca136bc65a1,17,3c654172-a32d-4478-85a1-eaac22045634,Snake1,99,6,1
b558bac5-4f0f-43d5-bff5-dca136bc65a1,17,1fc57e5f-0726-4d8a-ad9f-a80ad1261516,Snake2,93,6,1
b558bac5-4f0f-43d5-bff5-dca136bc65a1,18,b93477bf-84f3-406e-83aa-e4bf1bee3be7,Snake3,91,5,1
b558bac5-4f0f-43d5-bff5-dca136bc65a1,18,afd23d6b-2b3f-4207-8794-69c5ef3aca0b,Snake4,90,5,1
b558bac5-4f0f-43d5-bff5-dca136bc65a1,18,3c654172-a32d-4478-85a1-eaac22045634,Snake1,100,7,1
b558bac5-4f0f-43d5-bff5-dca136bc65a1,18,1fc57e5f-0726-4d8a-ad9f-a80ad1261516,Snake2,92,6,1
b558bac5-4f0f-43d5-bff5-dca136bc65a1,18,b93477bf-84f3-406e-83aa-e4bf1bee3be7,Snake3,91,5,1
b558bac5-4f0f-43d5-bff5-dca136bc65a1,18,afd23d6b-2b3f-4207-8794-69c5ef3aca0b,Snake4,90,5,1
b558bac5-4f0f-43d5-bff5-dca136bc65a1,18,3c654172-a32d-4478-85a1-eaac22045634,Snake1,100,7,1
b558bac5-4f0f-43d5-bff5-dca136bc65a1,18,1fc57e5f-0726-4d8a-ad9f-a80ad1261516,Snake2,92,6,1
b558bac5-4f0f-43d5-bff5-dca136bc65a1,18,b93477bf-84f3-406e-83aa-e4bf1bee3be7,Snake3,91,5,1
b558bac5-4f0f-43d5-bff5-dca136bc65a1,18,afd23d6b-2b3f-4207-8794-69c5ef3aca0b,Snake4,90,5,1
b558bac5-4f0f-43d5-bff5-dca136bc65a1,18,3c654172-a32d-4478-85a1-eaac22045634,Snake1,100,7,1
b558bac5-4f0f-43d5-bff5-dca136bc65a1,18,1fc57e5f-0726-4d8a-ad9f-a80ad1261516,Snake2,92,6,1
b558bac5-4f0f-43d5-bff5-dca136bc65a1,19,b93477bf-84f3-406e-83aa-e4bf1bee3be7,Snake3,90,5,1
b558bac5-4f0f-43d5-bff5-dca136bc65a1,19,afd23d6b-2b3f-4207-8794-69c5ef3aca0b,Snake4,89,5,1
b558bac5-4f0f-43d5-bff5-dca136bc65a1,19,3c654172-a32d-4478-85a1-eaac22045634,Snake1,99,7,1
b558bac5-4f0f-43d5-bff5-dca136bc65a1,19,1fc57e5f-0726-4d8a-ad9f-a80ad1261516,Snake2,91,6,1
b558bac5-4f0f-43d5-bff5-dca136bc65a1,19,b93477bf-84f3-406e-83aa-e4bf1bee3be7,Snake3,90,5,1
b558bac5-4f0f-43d5-bff5-dca136bc65a1,19,afd23d6b-2b3f-4207-8794-69c5ef3aca0b,Snake4,89,5,1
b558bac5-4f0f-43d5-bff5-dca136bc65a1,19,3c654172-a32d-4478-85a1-eaac22045634,Snake1,99,7,1
b558bac5-4f0f-43d5-bff5-dca136bc65a1,19,1fc57e5f-0726-4d8a-ad9f-a80ad1261516,Snake2,91,6,1
b558bac5-4f0f-43d5-bff5-dca136bc65a1,19,b93477bf-84f3-406e-83aa-e4bf1bee3be7,Snake3,90,5,1
b558bac5-4f0f-43d5-bff5-dca136bc65a1,19,afd23d6b-2b3f-4207-8794-69c5ef3aca0b,Snake4,89,5,1
b558bac5-4f0f-43d5-bff5-dca136bc65a1,19,3c654172-a32d-4478-85a1-eaac22045634,Snake1,99,7,1
b558bac5-4f0f-43d5-bff5-dca136bc65a1,19,1fc57e5f-0726-4d8a-ad9f-a80ad1261516,Snake2,91,6,1
b558bac5-4f0f-43d5-bff5-dca136bc65a1,19,b93477bf-84f3-406e-83aa-e4bf1bee3be7,Snake3,90,5,1
b558bac5-4f0f-43d5-bff5-dca136bc65a1,19,afd23d6b-2b3f-4207-8794-69c5ef3aca0b,Snake4,89,5,1
b558bac5-4f0f-43d5-bff5-dca136bc65a1,19,3c654172-a32d-4478-85a1-eaac22045634,Snake1,99,7,1
b558bac5-4f0f-43d5-bff5-dca136bc65a1,19,1fc57e5f-0726-4d8a-ad9f-a80ad1261516,Snake2,91,6,1
b558bac5-4f0f-43d5-bff5-dca136bc65a1,20,b93477bf-84f3-406e-83aa-e4bf1bee3be7,Snake3,89,5,1
b558bac5-4f0f-43d5-bff5-dca136bc65a1,20,afd23d6b-2b3f-4207-8794-69c5ef3aca0b,Snake4,88,5,1
b558bac5-4f0f-43d5-bff5-dca136bc65a1,20,3c654172-a32d-4478-85a1-eaac22045634,Snake1,98,7,1
b558bac5-4f0f-43d5-bff5-dca136bc65a1,20,1fc57e5f-0726-4d8a-ad9f-a80ad1261516,Snake2,90,6,1
b558bac5-4f0f-43d5-bff5-dca136bc65a1,20,b93477bf-84f3-406e-83aa-e4bf1bee3be7,Snake3,89,5,1
b558bac5-4f0f-43d5-bff5-dca136bc65a1,20,afd23d6b-2b3f-4207-8794-69c5ef3aca0b,Snake4,88,5,1
b558bac5-4f0f-43d5-bff5-dca136bc65a1,20,3c654172-a32d-4478-85a1-eaac22045634,Snake1,98,7,1
b558bac5-4f0f-43d5-bff5-dca136bc65a1,20,1fc57e5f-0726-4d8a-ad9f-a80ad1261516,Snake2,90,6,1
b558bac5-4f0f-43d5-bff5-dca136bc65a1,20,b93477bf-84f3-406e-83aa-e4bf1bee3be7,Snake3,89,5,1
b558bac5-4f0f-43d5-bff5-dca136bc65a1,20,afd23d6b-2b3f-4207-8794-69c5ef3aca0b,Snake4,88,5,1
b558bac5-4f0f-43d5-bff5-dca136bc65a1,20,3c654172-a32d-4478-85a1-eaac22045634,Snake1,98,7,1
b558bac5-4f0f-43d5-bff5-dca136bc65a1,20,1fc57e5f-0726-4d8a-ad9f-a80ad1261516,Snake2,90,6,1
b558bac5-4f0f-43d5-bff5-dca136bc65a1,20,b93477bf-84f3-406e-83aa-e4bf1bee3be7,Snake3,89,5,1
b558bac5-4f0f-43d5-bff5-dca136bc65a1,20,afd23d6b-2b3f-4207-8794-69c5ef3aca0b,Snake4,88,5,1
b558bac5-4f0f-43d5-bff5-dca136bc65a1,20,3c654172-a32d-4478-85a1-eaac22045634,Snake1,98,7,1
b558bac5-4f0f-43d5-bff5-dca136bc65a1,20,1fc57e5f-0726-4d8a-ad9f-a80ad1261516,Snake2,90,6,1
b558bac5-4f0f-43d5-bff5-dca136bc65a1,21,b93477bf-84f3-406e-83aa-e4bf1bee3be7,Snake3,88,5,1
b558bac5-4f0f-43d5-bff5-dca136bc65a1,21,afd23d6b-2b3f-4207-8794-69c5ef3aca0b,Snake4,87,5,1
b558bac5-4f0f-43d5-bff5-dca136bc65a1,21,3c654172-a32d-4478-85a1-eaac22045634,Snake1,97,7,1
b558bac5-4f0f-43d5-bff5-dca136bc65a1,21,1fc57e5f-0726-4d8a-ad9f-a80ad1261516,Snake2,89,6,1
b558bac5-4f0f-43d5-bff5-dca136bc65a1,21,b93477bf-84f3-406e-83aa-e4bf1bee3be7,Snake3,88,5,1
b558bac5-4f0f-43d5-bff5-dca136bc65a1,21,afd23d6b-2b3f-4207-8794-69c5ef3aca0b,Snake4,87,5,1
b558bac5-4f0f-43d5-bff5-dca136bc65a1,21,3c654172-a32d-4478-85a1-eaac22045634,Snake1,97,7,1
b558bac5-4f0f-43d5-bff5-dca136bc65a1,21,1fc57e5f-0726-4d8a-ad9f-a80ad1261516,Snake2,89,6,1
b558bac5-4f0f-43d5-bff5-dca136bc65a1,21,b93477bf-84f3-406e-83aa-e4bf1bee3be7,Snake3,88,5,1
b558bac5-4f0f-43d5-bff5-dca136bc65a1,21,afd23d6b-2b3f-4207-8794-69c5ef3aca0b,Snake4,87,5,1
b558bac5-4f0f-43d5-bff5-dca136bc65a1,21,3c654172-a32d-4478-85a1-eaac22045634,Snake1,97,7,1
b558bac5-4f0f-43d5-bff5-dca136bc65a1,21,1fc57e5f-0726-4d8a-ad9f-a80ad1261516,Snake2,89,6,1
b558bac5-4f0f-43d5-bff5-dca136bc65a1,21,b93477bf-84f3-406e-83aa-e4bf1bee3be7,Snake3,88,5,1
b558bac5-4f0f-43d5-bff5-dca136bc65a1,21,afd23d6b-2b3f-4207-8794-69c5ef3aca0b,Snake4,87,5,1
b558bac5-4f0f-43d5-bff5-dca136bc65a1,21,3c654172-a32d-4478-85a1-eaac22045634,Snake1,97,7,1
b558bac5-4f0f-43d5-bff5-dca136bc65a1,21,1fc57e5f-0726-4d8a-ad9f-a80ad1261516,Snake2,89,6,1
b558bac5-4f0f-43d5-bff5-dca136bc65a1,22,b93477bf-84f3-406e-83aa-e4bf1bee3be7,Snake3,87,5,1
b558bac5-4f0f-43d5-bff5-dca136bc65a1,22,afd23d6b-2b3f-4207-8794-69c5ef3aca0b,Snake4,100,6,1
b558bac5-4f0f-43d5-bff5-dca136bc65a1,22,3c654172-a32d-4478-85a1-eaac22045634,Snake1,100,8,1
b558bac5-4f0f-43d5-bff5-dca136bc65a1,22,1fc57e5f-0726-4d8a-ad9f-a80ad1261516,Snake2,88,6,1
b558bac5-4f0f-43d5-bff5-dca136bc65a1,22,b93477bf-84f3-406e-83aa-e4bf1bee3be7,Snake3,87,5,1
b558bac5-4f0f-43d5-bff5-dca136bc65a1,22,afd23d6b-2b3f-4207-8794-69c5ef3aca0b,Snake4,100,6,1
b558bac5-4f0f-43d5-bff5-dca136bc65a1,22,3c654172-a32d-4478-85a1-eaac22045634,Snake1,100,8,1
b558bac5-4f0f-43d5-bff5-dca136bc65a1,22,1fc57e5f-0726-4d8a-ad9f-a80ad1261516,Snake2,88,6,1
b558bac5-4f0f-43d5-bff5-dca136bc65a1,22,b93477bf-84f3-406e-83aa-e4bf1bee3be7,Snake3,87,5,1
b558bac5-4f0f-43d5-bff5-dca136bc65a1,22,afd23d6b-2b3f-4207-8794-69c5ef3aca0b,Snake4,100,6,1
b558bac5-4f0f-43d5-bff5-dca136bc65a1,22,3c654172-a32d-4478-85a1-eaac22045634,Snake1,100,8,1
b558bac5-4f0f-43d5-bff5-dca136bc65a1,22,1fc57e5f-0726-4d8a-ad9f-a80ad1261516,Snake2,88,6,1
b558bac5-4f0f-43d5-bff5-dca136bc65a1,22,b93477bf-84f3-406e-83aa-e4bf1bee3be7,Snake3,87,5,1
b558bac5-4f0f-43d5-bff5-dca136bc65a1,22,afd23d6b-2b3f-4207-8794-69c5ef3aca0b,Snake4,100,6,1
b558bac5-4f0f-43d5-bff5-dca136bc65a1,22,3c654172-a32d-4478-85a1-eaac22045634,Snake1,100,8,1
b558bac5-4f0f-43d5-bff5-dca136bc65a1,22,1fc57e5f-0726-4d8a-ad9f-a80ad1261516,Snake2,88,6,1
b558bac5-4f0f-43d5-bff5-dca136bc65a1,23,b93477bf-84f3-406e-83aa-e4bf1bee3be7,Snake3,86,5,1
b558bac5-4f0f-43d5-bff5-dca136bc65a1,23,afd23d6b-2b3f-4207-8794-69c5ef3aca0b,Snake4,99,6,1
b558bac5-4f0f-43d5-bff5-dca136bc65a1,23,3c654172-a32d-4478-85a1-eaac22045634,Snake1,99,8,1
b558bac5-4f0f-43d5-bff5-dca136bc65a1,23,1fc57e5f-0726-4d8a-ad9f-a80ad1261516,Snake2,87,6,1
b558bac5-4f0f-43d5-bff5-dca136bc65a1,23,b93477bf-84f3-406e-83aa-e4bf1bee3be7,Snake3,86,5,1
b558bac5-4f0f-43d5-bff5-dca136bc65a1,23,afd23d6b-2b3f-4207-8794-69c5ef3aca0b,Snake4,99,6,1
b558bac5-4f0f-43d5-bff5-dca136bc65a1,23,3c654172-a32d-4478-85a1-eaac22045634,Snake1,99,8,1
b558bac5-4f0f-43d5-bff5-dca136bc65a1,23,1fc57e5f-0726-4d8a-ad9f-a80ad1261516,Snake2,87,6,1
b558bac5-4f0f-43d5-bff5-dca136bc65a1,23,b93477bf-84f3-406e-83aa-e4bf1bee3be7,Snake3,86,5,1
b558bac5-4f0f-43d5-bff5-dca136bc65a1,23,afd23d6b-2b3f-4207-8794-69c5ef3aca0b,Snake4,99,6,1
b558bac5-4f0f-43d5-bff5-dca136bc65a1,23,3c654172-a32d-4478-85a1-eaac22045634,Snake1,99,8,1
b558bac5-4f0f-43d5-bff5-dca136bc65a1,23,1fc57e5f-0726-4d8a-ad9f-a80ad1261516,Snake2,87,6,1
b558bac5-4f0f-43d5-bff5-dca136bc65a1,23,b93477bf-84f3-406e-83aa-e4bf1bee3be7,Snake3,86,5,1
b558bac5-4f0f-43d5-bff5-dca136bc65a1,23,afd23d6b-2b3f-4207-8794-69c5ef3aca0b,Snake4,99,6,1
b558bac5-4f0f-43d5-bff5-dca136bc65a1,23,3c654172-a32d-4478-85a1-eaac22045634,Snake1,99,8,1
b558bac5-4f0f-43d5-bff5-dca136bc65a1,23,1fc57e5f-0726-4d8a-ad9f-a80ad1261516,Snake2,87,6,1
b558bac5-4f0f-43d5-bff5-dca136bc65a1,24,b93477bf-84f3-406e-83aa-e4bf1bee3be7,Snake3,85,5,1
b558bac5-4f0f-43d5-bff5-dca136bc65a1,24,afd23d6b-2b3f-4207-8794-69c5ef3aca0b,Snake4,98,6,1
b558bac5-4f0f-43d5-bff5-dca136bc65a1,24,3c654172-a32d-4478-85a1-eaac22045634,Snake1,98,8,1
b558bac5-4f0f-43d5-bff5-dca136bc65a1,24,1fc57e5f-0726-4d8a-ad9f-a80ad1261516,Snake2,100,7,1
b558bac5-4f0f-43d5-bff5-dca136bc65a1,24,b93477bf-84f3-406e-83aa-e4bf1bee3be7,Snake3,85,5,1
b558bac5-4f0f-43d5-bff5-dca136bc65a1,24,afd23d6b-2b3f-4207-8794-69c5ef3aca0b,Snake4,98,6,1
b558bac5-4f0f-43d5-bff5-dca136bc65a1,24,3c654172-a32d-4478-85a1-eaac22045634,Snake1,98,8,1
b558bac5-4f0f-43d5-bff5-dca136bc65a1,24,1fc57e5f-0726-4d8a-ad9f-a80ad1261516,Snake2,100,7,1
b558bac5-4f0f-43d5-bff5-dca136bc65a1,24,b93477bf-84f3-406e-83aa-e4bf1bee3be7,Snake3,85,5,1
b558bac5-4f0f-43d5-bff5-dca136bc65a1,24,afd23d6b-2b3f-4207-8794-69c5ef3aca0b,Snake4,98,6,1
b558bac5-4f0f-43d5-bff5-dca136bc65a1,24,3c654172-a32d-4478-85a1-eaac22045634,Snake1,98,8,1
b558bac5-4f0f-43d5-bff5-dca136bc65a1,24,1fc57e5f-0726-4d8a-ad9f-a80ad1261516,Snake2,100,7,1
b558bac5-4f0f-43d5-bff5-dca136bc65a1,25,b93477bf-84f3-406e-83aa-e4bf1bee3be7,Snake3,84,5,1
b558bac5-4f0f-43d5-bff5-dca136bc65a1,25,afd23d6b-2b3f-4207-8794-69c5ef3aca0b,Snake4,97,6,1
b558bac5-4f0f-43d5-bff5-dca136bc65a1,25,3c654172-a32d-4478-85a1-eaac22045634,Snake1,97,8,1
b558bac5-4f0f-43d5-bff5-dca136bc65a1,25,1fc57e5f-0726-4d8a-ad9f-a80ad1261516,Snake2,99,7,1
b558bac5-4f0f-43d5-bff5-dca136bc65a1,25,b93477bf-84f3-406e-83aa-e4bf1bee3be7,Snake3,84,5,1
b558bac5-4f0f-43d5-bff5-dca136bc65a1,25,afd23d6b-2b3f-4207-8794-69c5ef3aca0b,Snake4,97,6,1
b558bac5-4f0f-43d5-bff5-dca136bc65a1,25,3c654172-a32d-4478-85a1-eaac22045634,Snake1,97,8,1
b558bac5-4f0f-43d5-bff5-dca136bc65a1,25,1fc57e5f-0726-4d8a-ad9f-a80ad1261516,Snake2,99,7,1
b558bac5-4f0f-43d5-bff5-dca136bc65a1,25,b93477bf-84f3-406e-83aa-e4bf1bee3be7,Snake3,84,5,1
b558bac5-4f0f-43d5-bff5-dca136bc65a1,25,afd23d6b-2b3f-4207-8794-69c5ef3aca0b,Snake4,97,6,1
b558bac5-4f0f-43d5-bff5-dca136bc65a1,25,3c654172-a32d-4478-85a1-eaac22045634,Snake1,97,8,1
b558bac5-4f0f-43d5-bff5-dca136bc65a1,25,1fc57e5f-0726-4d8a-ad9f-a80ad1261516,Snake2,99,7,1
b558bac5-4f0f-43d5-bff5-dca136bc65a1,25,b93477bf-84f3-406e-83aa-e4bf1bee3be7,Snake3,84,5,1
b558bac5-4f0f-43d5-bff5-dca136bc65a1,25,afd23d6b-2b3f-4207-8794-69c5ef3aca0b,Snake4,97,6,1
b558bac5-4f0f-43d5-bff5-dca136bc65a1,25,3c654172-a32d-4478-85a1-eaac22045634,Snake1,97,8,1
b558bac5-4f0f-43d5-bff5-dca136bc65a1,25,1fc57e5f-0726-4d8a-ad9f-a80ad1261516,Snake2,99,7,1
b558bac5-4f0f-43d5-bff5-dca136bc65a1,26,b93477bf-84f3-406e-83aa-e4bf1bee3be7,Snake3,83,5,1
b558bac5-4f0f-43d5-bff5-dca136bc65a1,26,afd23d6b-2b3f-4207-8794-69c5ef3aca0b,Snake4,96,6,1
b558bac5-4f0f-43d5-bff5-dca136bc65a1,26,3c654172-a32d-4478-85a1-eaac22045634,Snake1,96,8,1
b558bac5-4f0f-43d5-bff5-dca136bc65a1,26,1fc57e5f-0726-4d8a-ad9f-a80ad1261516,Snake2,98,7,1
b558bac5-4f0f-43d5-bff5-dca136bc65a1,26,b93477bf-84f3-406e-83aa-e4bf1bee3be7,Snake3,83,5,1
b558bac5-4f0f-43d5-bff5-dca136bc65a1,26,afd23d6b-2b3f-4207-8794-69c5ef3aca0b,Snake4,96,6,1
b558bac5-4f0f-43d5-bff5-dca136bc65a1,26,3c654172-a32d-4478-85a1-eaac22045634,Snake1,96,8,1
b558bac5-4f0f-43d5-bff5-dca136bc65a1,26,1fc57e5f-0726-4d8a-ad9f-a80ad1261516,Snake2,98,7,1
b558bac5-4f0f-43d5-bff5-dca136bc65a1,26,b93477bf-84f3-406e-83aa-e4bf1bee3be7,Snake3,83,5,1
b558bac5-4f0f-43d5-bff5-dca136bc65a1,26,afd23d6b-2b3f-4207-8794-69c5ef3aca0b,Snake4,96,6,1
b558bac5-4f0f-43d5-bff5-dca136bc65a1,26,3c654172-a32d-4478-85a1-eaac22045634,Snake1,96,8,1
b558bac5-4f0f-43d5-bff5-dca136bc65a1,26,1fc57e5f-0726-4d8a-ad9f-a80ad1261516,Snake2,98,7,1
b558bac5-4f0f-43d5-bff5-dca136bc65a1,26,b93477bf-84f3-406e-83aa-e4bf1bee3be7,Snake3,83,5,1
b558bac5-4f0f-43d5-bff5-dca136bc65a1,26,afd23d6b-2b3f-4207-8794-69c5ef3aca0b,Snake4,96,6,1
b558bac5-4f0f-43d5-bff5-dca136bc65a1,26,3c654172-a32d-4478-85a1-eaac22045634,Snake1,96,8,1
b558bac5-4f0f-43d5-bff5-dca136bc65a1,26,1fc57e5f-0726-4d8a-ad9f-a80ad1261516,Snake2,98,7,1
b558bac5-4f0f-43d5-bff5-dca136bc65a1,27,b93477bf-84f3-406e-83aa-e4bf1bee3be7,Snake3,82,5,1
b558bac5-4f0f-43d5-bff5-dca136bc65a1,27,afd23d6b-2b3f-4207-8794-69c5ef3aca0b,Snake4,95,6,1
b558bac5-4f0f-43d5-bff5-dca136bc65a1,27,3c654172-a32d-4478-85a1-eaac22045634,Snake1,95,8,1
b558bac5-4f0f-43d5-bff5-dca136bc65a1,27,1fc57e5f-0726-4d8a-ad9f-a80ad1261516,Snake2,97,7,1
b558bac5-4f0f-43d5-bff5-dca136bc65a1,27,b93477bf-84f3-406e-83aa-e4bf1bee3be7,Snake3,82,5,1
b558bac5-4f0f-43d5-bff5-dca136bc65a1,27,afd23d6b-2b3f-4207-8794-69c5ef3aca0b,Snake4,95,6,1
b558bac5-4f0f-43d5-bff5-dca136bc65a1,27,3c654172-a32d-4478-85a1-eaac22045634,Snake1,95,8,1
b558bac5-4f0f-43d5-bff5-dca136bc65a1,27,1fc57e5f-0726-4d8a-ad9f-a80ad1261516,Snake2,97,7,1
b558bac5-4f0f-43d5-bff5-dca136bc65a1,27,b93477bf-84f3-406e-83aa-e4bf1bee3be7,Snake3,82,5,1
b558bac5-4f0f-43d5-bff5-dca136bc65a1,27,afd23d6b-2b3f-4207-8794-69c5ef3aca0b,Snake4,95,6,1
b558bac5-4f0f-43d5-bff5-dca136bc65a1,27,3c654172-a32d-4478-85a1-eaac22045634,Snake1,95,8,1
b558bac5-4f0f-43d5-bff5-dca136bc65a1,27,1fc57e5f-0726-4d8a-ad9f-a80ad1261516,Snake2,97,7,1
b558bac5-4f0f-43d5-bff5-dca136bc65a1,28,b93477bf-84f3-406e-83aa-e4bf1bee3be7,Snake3,81,5,1
b558bac5-4f0f-43d5-bff5-dca136bc65a1,28,afd23d6b-2b3f-4207-8794-69c5ef3aca0b,Snake4,94,6,1
b558bac5-4f0f-43d5-bff5-dca136bc65a1,28,3c654172-a32d-4478-85a1-eaac22045634,Snake1,94,8,1
b558bac5-4f0f-43d5-bff5-dca136bc65a1,28,1fc57e5f-0726-4d8a-ad9f-a80ad1261516,Snake2,96,7,1
b558bac5-4f0f-43d5-bff5-dca136bc65a1,28,b93477bf-84f3-406e-83aa-e4bf1bee3be7,Snake3,81,5,1
b558bac5-4f0f-43d5-bff5-dca136bc65a1,28,afd23d6b-2b3f-4207-8794-69c5ef3aca0b,Snake4,94,6,1
b558bac5-4f0f-43d5-bff5-dca136bc65a1,28,3c654172-a32d-4478-85a1-eaac22045634,Snake1,94,8,1
b558bac5-4f0f-43d5-bff5-dca136bc65a1,28,1fc57e5f-0726-4d8a-ad9f-a80ad1261516,Snake2,96,7,1
b558bac5-4f0f-43d5-bff5-dca136bc65a1,28,b93477bf-84f3-406e-83aa-e4bf1bee3be7,Snake3,81,5,1
b558bac5-4f0f-43d5-bff5-dca136bc65a1,28,afd23d6b-2b3f-4207-8794-69c5ef3aca0b,Snake4,94,6,1
b558bac5-4f0f-43d5-bff5-dca136bc65a1,28,3c654172-a32d-4478-85a1-eaac22045634,Snake1,94,8,1
b558bac5-4f0f-43d5-bff5-dca136bc65a1,28,1fc57e5f-0726-4d8a-ad9f-a80ad1261516,Snake2,96,7,1
b558bac5-4f0f-43d5-bff5-dca136bc65a1,28,b93477bf-84f3-406e-83aa-e4bf1bee3be7,Snake3,81,5,1
b558bac5-4f0f-43d5-bff5-dca136bc65a1,28,afd23d6b-2b3f-4207-8794-69c5ef3aca0b,Snake4,94,6,1
b558bac5-4f0f-43d5-bff5-dca136bc65a1,28,3c654172-a32d-4478-85a1-eaac22045634,Snake1,94,8,1
b558bac5-4f0f-43d5-bff5-dca136bc65a1,28,1fc57e5f-0726-4d8a-ad9f-a80ad1261516,Snake2,96,7,1
b558bac5-4f0f-43d5-bff5-dca136bc65a1,29,b93477bf-84f3-406e-83aa-e4bf1bee3be7,Snake3,80,5,1
b558bac5-4f0f-43d5-bff5-dca136bc65a1,29,afd23d6b-2b3f-4207-8794-69c5ef3aca0b,Snake4,100,7,1
b558bac5-4f0f-43d5-bff5-dca136bc65a1,29,3c654172-a32d-4478-85a1-eaac22045634,Snake1,93,8,1
b558bac5-4f0f-43d5-bff5-dca136bc65a1,29,1fc57e5f-0726-4d8a-ad9f-a80ad1261516,Snake2,95,7,1
b558bac5-4f0f-43d5-bff5-dca136bc65a1,29,b93477bf-84f3-406e-83aa-e4bf1bee3be7,Snake3,80,5,1
b558bac5-4f0f-43d5-bff5-dca136bc65a1,29,afd23d6b-2b3f-4207-8794-69c5ef3aca0b,Snake4,100,7,1
b558bac5-4f0f-43d5-bff5-dca136bc65a1,29,3c654172-a32d-4478-85a1-eaac22045634,Snake1,93,8,1
b558bac5-4f0f-43d5-bff5-dca136bc65a1,29,1fc57e5f-0726-4d8a-ad9f-a80ad1261516,Snake2,95,7,1
b558bac5-4f0f-43d5-bff5-dca136bc65a1,29,b93477bf-84f3-406e-83aa-e4bf1bee3be7,Snake3,80,5,1
b558bac5-4f0f-43d5-bff5-dca136bc65a1,29,afd23d6b-2b3f-4207-8794-69c5ef3aca0b,Snake4,100,7,1
b558bac5-4f0f-43d5-bff5-dca136bc65a1,29,3c654172-a32d-4478-85a1-eaac22045634,Snake1,93,8,1
b558bac5-4f0f-43d5-bff5-dca136bc65a1,29,1fc57e5f-0726-4d8a-ad9f-a80ad1261516,Snake2,95,7,1
b558bac5-4f0f-43d5-bff5-dca136bc65a1,30,b93477bf-84f3-406e-83aa-e4bf1bee3be7,Snake3,79,5,1
b558bac5-4f0f-43d5-bff5-dca136bc65a1,30,afd23d6b-2b3f-4207-8794-69c5ef3aca0b,Snake4,99,7,1
b558bac5-4f0f-43d5-bff5-dca136bc65a1,30,3c654172-a32d-4478-85a1-eaac22045634,Snake1,92,8,1
b558bac5-4f0f-43d5-bff5-dca136bc65a1,30,1fc57e5f-0726-4d8a-ad9f-a80ad1261516,Snake2,94,7,1
b558bac5-4f0f-43d5-bff5-dca136bc65a1,30,b93477bf-84f3-406e-83aa-e4bf1bee3be7,Snake3,79,5,1
b558bac5-4f0f-43d5-bff5-dca136bc65a1,30,afd23d6b-2b3f-4207-8794-69c5ef3aca0b,Snake4,99,7,1
b558bac5-4f0f-43d5-bff5-dca136bc65a1,30,3c654172-a32d-4478-85a1-eaac22045634,Snake1,92,8,1
b558bac5-4f0f-43d5-bff5-dca136bc65a1,30,1fc57e5f-0726-4d8a-ad9f-a80ad1261516,Snake2,94,7,1
b558bac5-4f0f-43d5-bff5-dca136bc65a1,30,b93477bf-84f3-406e-83aa-e4bf1bee3be7,Snake3,79,5,1
b558bac5-4f0f-43d5-bff5-dca136bc65a1,30,afd23d6b-2b3f-4207-8794-69c5ef3aca0b,Snake4,99,7,1
b558bac5-4f0f-43d5-bff5-dca136bc65a1,30,3c654172-a32d-4478-85a1-eaac22045634,Snake1,92,8,1
b558bac5-4f0f-43d5-bff5-dca136bc65a1,30,1fc57e5f-0726-4d8a-ad9f-a80ad1261516,Snake2,94,7,1
b558bac5-4f0f-43d5-bff5-dca136bc65a1,30,b93477bf-84f3-406e-83aa-e4bf1bee3be7,Snake3,79,5,1
b558bac5-4f0f-43d5-bff5-dca136bc65a1,30,afd23d6b-2b3f-4207-8794-69c5ef3aca0b,Snake4,99,7,1
b558bac5-4f0f-43d5-bff5-dca136bc65a1,30,3c654172-a32d-4478-85a1-eaac22045634,Snake1,92,8,1
b558bac5-4f0f-43d5-bff5-dca136bc65a1,30,1fc57e5f-0726-4d8a-ad9f-a80ad1261516,Snake2,94,7,1
b558bac5-4f0f-43d5-bff5-dca136bc65a1,31,b93477bf-84f3-406e-83aa-e4bf1bee3be7,Snake3,78,5,1
b558bac5-4f0f-43d5-bff5-dca136bc65a1,31,afd23d6b-2b3f-4207-8794-69c5ef3aca0b,Snake4,98,7,1
b558bac5-4f0f-43d5-bff5-dca136bc65a1,31,3c654172-a32d-4478-85a1-eaac22045634,Snake1,91,8,1
b558bac5-4f0f-43d5-bff5-dca136bc65a1,31,1fc57e5f-0726-4d8a-ad9f-a80ad1261516,Snake2,93,7,1
b558bac5-4f0f-43d5-bff5-dca136bc65a1,31,b93477bf-84f3-406e-83aa-e4bf1bee3be7,Snake3,78,5,1
b558bac5-4f0f-43d5-bff5-dca136bc65a1,31,afd23d6b-2b3f-4207-8794-69c5ef3aca0b,Snake4,98,7,1
b558bac5-4f0f-43d5-bff5-dca136bc65a1,31,3c654172-a32d-4478-85a1-eaac22045634,Snake1,91,8,1
b558bac5-4f0f-43d5-bff5-dca136bc65a1,31,1fc57e5f-0726-4d8a-ad9f-a80ad1261516,Snake2,93,7,1
b558bac5-4f0f-43d5-bff5-dca136bc65a1,31,b93477bf-84f3-406e-83aa-e4bf1bee3be7,Snake3,78,5,1
b558bac5-4f0f-43d5-bff5-dca136bc65a1,31,afd23d6b-2b3f-4207-8794-69c5ef3aca0b,Snake4,98,7,1
b558bac5-4f0f-43d5-bff5-dca136bc65a1,31,3c654172-a32d-4478-85a1-eaac22045634,Snake1,91,8,1
b558bac5-4f0f-43d5-bff5-dca136bc65a1,31,1fc57e5f-0726-4d8a-ad9f-a80ad1261516,Snake2,93,7,1
b558bac5-4f0f-43d5-bff5-dca136bc65a1,31,b93477bf-84f3-406e-83aa-e4bf1bee3be7,Snake3,78,5,1
b558bac5-4f0f-43d5-bff5-dca136bc65a1,31,afd23d6b-2b3f-4207-8794-69c5ef3aca0b,Snake4,98,7,1
b558bac5-4f0f-43d5-bff5-dca136bc65a1,31,3c654172-a32d-4478-85a1-eaac22045634,Snake1,91,8,1
b558bac5-4f0f-43d5-bff5-dca136bc65a1,31,1fc57e5f-0726-4d8a-ad9f-a80ad1261516,Snake2,93,7,1
b558bac5-4f0f-43d5-bff5-dca136bc65a1,32,b93477bf-84f3-406e-83aa-e4bf1bee3be7,Snake3,77,5,1
b558bac5-4f0f-43d5-bff5-dca136bc65a1,32,afd23d6b-2b3f-4207-8794-69c5ef3aca0b,Snake4,97,7,1
b558bac5-4f0f-43d5-bff5-dca136bc65a1,32,3c654172-a32d-4478-85a1-eaac22045634,Snake1,90,8,1
b558bac5-4f0f-43d5-bff5-dca136bc65a1,32,1fc57e5f-0726-4d8a-ad9f-a80ad1261516,Snake2,92,7,1
b558bac5-4f0f-43d5-bff5-dca136bc65a1,32,b93477bf-84f3-406e-83aa-e4bf1bee3be7,Snake3,77,5,1
b558bac5-4f0f-43d5-bff5-dca136bc65a1,32,afd23d6b-2b3f-4207-8794-69c5ef3aca0b,Snake4,97,7,1
b558bac5-4f0f-43d5-bff5-dca136bc65a1,32,3c654172-a32d-4478-85a1-eaac22045634,Snake1,90,8,1
b558bac5-4f0f-43d5-bff5-dca136bc65a1,32,1fc57e5f-0726-4d8a-ad9f-a80ad1261516,Snake2,92,7,1
b558bac5-4f0f-43d5-bff5-dca136bc65a1,32,b93477bf-84f3-406e-83aa-e4bf1bee3be7,Snake3,77,5,1
b558bac5-4f0f-43d5-bff5-dca136bc65a1,32,afd23d6b-2b3f-4207-8794-69c5ef3aca0b,Snake4,97,7,1
b558bac5-4f0f-43d5-bff5-dca136bc65a1,32,3c654172-a32d-4478-85a1-eaac22045634,Snake1,90,8,1
b558bac5-4f0f-43d5-bff5-dca136bc65a1,32,1fc57e5f-0726-4d8a-ad9f-a80ad1261516,Snake2,92,7,1
b558bac5-4f0f-43d5-bff5-dca136bc65a1,33,afd23d6b-2b3f-4207-8794-69c5ef3aca0b,Snake4,100,8,1
b558bac5-4f0f-43d5-bff5-dca136bc65a1,33,3c654172-a32d-4478-85a1-eaac22045634,Snake1,89,8,1
b558bac5-4f0f-43d5-bff5-dca136bc65a1,33,1fc57e5f-0726-4d8a-ad9f-a80ad1261516,Snake2,91,7,1
b558bac5-4f0f-43d5-bff5-dca136bc65a1,33,b93477bf-84f3-406e-83aa-e4bf1bee3be7,Snake3,77,5,0
b558bac5-4f0f-43d5-bff5-dca136bc65a1,33,afd23d6b-2b3f-4207-8794-69c5ef3aca0b,Snake4,100,8,1
b558bac5-4f0f-43d5-bff5-dca136bc65a1,33,3c654172-a32d-4478-85a1-eaac22045634,Snake1,89,8,1
b558bac5-4f0f-43d5-bff5-dca136bc65a1,33,1fc57e5f-0726-4d8a-ad9f-a80ad1261516,Snake2,91,7,1
b558bac5-4f0f-43d5-bff5-dca136bc65a1,33,b93477bf-84f3-406e-83aa-e4bf1bee3be7,Snake3,77,5,0
b558bac5-4f0f-43d5-bff5-dca136bc65a1,33,afd23d6b-2b3f-4207-8794-69c5ef3aca0b,Snake4,100,8,1
b558bac5-4f0f-43d5-bff5-dca136bc65a1,33,3c654172-a32d-4478-85a1-eaac22045634,Snake1,89,8,1
b558bac5-4f0f-43d5-bff5-dca136bc65a1,33,1fc57e5f-0726-4d8a-ad9f-a80ad1261516,Snake2,91,7,1
b558bac5-4f0f-43d5-bff5-dca136bc65a1,33,b93477bf-84f3-406e-83aa-e4bf1bee3be7,Snake3,77,5,0
b558bac5-4f0f-43d5-bff5-dca136bc65a1,34,afd23d6b-2b3f-4207-8794-69c5ef3aca0b,Snake4,99,8,1
b558bac5-4f0f-43d5-bff5-dca136bc65a1,34,3c654172-a32d-4478-85a1-eaac22045634,Snake1,88,8,1
b558bac5-4f0f-43d5-bff5-dca136bc65a1,34,1fc57e5f-0726-4d8a-ad9f-a80ad1261516,Snake2,90,7,1
b558bac5-4f0f-43d5-bff5-dca136bc65a1,34,b93477bf-84f3-406e-83aa-e4bf1bee3be7,Snake3,77,5,0
b558bac5-4f0f-43d5-bff5-dca136bc65a1,34,afd23d6b-2b3f-4207-8794-69c5ef3aca0b,Snake4,99,8,1
b558bac5-4f0f-43d5-bff5-dca136bc65a1,34,3c654172-a32d-4478-85a1-eaac22045634,Snake1,88,8,1
b558bac5-4f0f-43d5-bff5-dca136bc65a1,34,1fc57e5f-0726-4d8a-ad9f-a80ad1261516,Snake2,90,7,1
b558bac5-4f0f-43d5-bff5-dca136bc65a1,34,b93477bf-84f3-406e-83aa-e4bf1bee3be7,Snake3,77,5,0
b558bac5-4f0f-43d5-bff5-dca136bc65a1,34,afd23d6b-2b3f-4207-8794-69c5ef3aca0b,Snake4,99,8,1
b558bac5-4f0f-43d5-bff5-dca136bc65a1,34,3c654172-a32d-4478-85a1-eaac22045634,Snake1,88,8,1
b558bac5-4f0f-43d5-bff5-dca136bc65a1,34,1fc57e5f-0726-4d8a-ad9f-a80ad1261516,Snake2,90,7,1
b558bac5-4f0f-43d5-bff5-dca136bc65a1,34,b93477bf-84f3-406e-83aa-e4bf1bee3be7,Snake3,77,5,0
b558bac5-4f0f-43d5-bff5-dca136bc65a1,35,afd23d6b-2b3f-4207-8794-69c5ef3aca0b,Snake4,98,8,1
b558bac5-4f0f-43d5-bff5-dca136bc65a1,35,3c654172-a32d-4478-85a1-eaac22045634,Snake1,87,8,1
b558bac5-4f0f-43d5-bff5-dca136bc65a1,35,1fc57e5f-0726-4d8a-ad9f-a80ad1261516,Snake2,89,7,1
b558bac5-4f0f-43d5-bff5-dca136bc65a1,35,b93477bf-84f3-406e-83aa-e4bf1bee3be7,Snake3,77,5,0
b558bac5-4f0f-43d5-bff5-dca136bc65a1,35,afd23d6b-2b3f-4207-8794-69c5ef3aca0b,Snake4,98,8,1
b558bac5-4f0f-43d5-bff5-dca136bc65a1,35,3c654172-a32d-4478-85a1-eaac22045634,Snake1,87,8,1
b558bac5-4f0f-43d5-bff5-dca136bc65a1,35,1fc57e5f-0726-4d8a-ad9f-a80ad1261516,Snake2,89,7,1
b558bac5-4f0f-43d5-bff5-dca136bc65a1,35,b93477bf-84f3-406e-83aa-e4bf1bee3be7,Snake3,77,5,0
b558bac5-4f0f-43d5-bff5-dca136bc65a1,35,afd23d6b-2b3f-4207-8794-69c5ef3aca0b,Snake4,98,8,1
b558bac5-4f0f-43d5-bff5-dca136bc65a1,35,3c654172-a32d-4478-85a1-eaac22045634,Snake1,87,8,1
b558bac5-4f0f-43d5-bff5-dca136bc65a1,35,1fc57e5f-0726-4d8a-ad9f-a80ad1261516,Snake2,89,7,1
b558bac5-4f0f-43d5-bff5-dca136bc65a1,35,b93477bf-84f3-406e-83aa-e4bf1bee3be7,Snake3,77,5,0
b558bac5-4f0f-43d5-bff5-dca136bc65a1,36,afd23d6b-2b3f-4207-8794-69c5ef3aca0b,Snake4,97,8,1
b558bac5-4f0f-43d5-bff5-dca136bc65a1,36,3c654172-a32d-4478-85a1-eaac22045634,Snake1,86,8,1
b558bac5-4f0f-43d5-bff5-dca136bc65a1,36,1fc57e5f-0726-4d8a-ad9f-a80ad1261516,Snake2,88,7,1
b558bac5-4f0f-43d5-bff5-dca136bc65a1,36,b93477bf-84f3-406e-83aa-e4bf1bee3be7,Snake3,77,5,0
b558bac5-4f0f-43d5-bff5-dca136bc65a1,36,afd23d6b-2b3f-4207-8794-69c5ef3aca0b,Snake4,97,8,1
b558bac5-4f0f-43d5-bff5-dca136bc65a1,36,3c654172-a32d-4478-85a1-eaac22045634,Snake1,86,8,1
b558bac5-4f0f-43d5-bff5-dca136bc65a1,36,1fc57e5f-0726-4d8a-ad9f-a80ad1261516,Snake2,88,7,1
b558bac5-4f0f-43d5-bff5-dca136bc65a1,36,b93477bf-84f3-406e-83aa-e4bf1bee3be7,Snake3,77,5,0
b558bac5-4f0f-43d5-bff5-dca136bc65a1,36,afd23d6b-2b3f-4207-8794-69c5ef3aca0b,Snake4,97,8,1
b558bac5-4f0f-43d5-bff5-dca136bc65a1,36,3c654172-a32d-4478-85a1-eaac22045634,Snake1,86,8,1
b558bac5-4f0f-43d5-bff5-dca136bc65a1,36,1fc57e5f-0726-4d8a-ad9f-a80ad1261516,Snake2,88,7,1
b558bac5-4f0f-43d5-bff5-dca136bc65a1,36,b93477bf-84f3-406e-83aa-e4bf1bee3be7,Snake3,77,5,0
b558bac5-4f0f-43d5-bff5-dca136bc65a1,37,afd23d6b-2b3f-4207-8794-69c5ef3aca0b,Snake4,96,8,1
b558bac5-4f0f-43d5-bff5-dca136bc65a1,37,3c654172-a32d-4478-85a1-eaac22045634,Snake1,85,8,1
b558bac5-4f0f-43d5-bff5-dca136bc65a1,37,1fc57e5f-0726-4d8a-ad9f-a80ad1261516,Snake2,87,7,1
b558bac5-4f0f-43d5-bff5-dca136bc65a1,37,b93477bf-84f3-406e-83aa-e4bf1bee3be7,Snake3,77,5,0
b558bac5-4f0f-43d5-bff5-dca136bc65a1,37,afd23d6b-2b3f-4207-8794-69c5ef3aca0b,Snake4,96,8,1
b558bac5-4f0f-43d5-bff5-dca136bc65a1,37,3c654172-a32d-4478-85a1-eaac22045634,Snake1,85,8,1
b558bac5-4f0f-43d5-bff5-dca136bc65a1,37,1fc57e5f-0726-4d8a-ad9f-a80ad1261516,Snake2,87,7,1
b558bac5-4f0f-43d5-bff5-dca136bc65a1,37,b93477bf-84f3-406e-83aa-e4bf1bee3be7,Snake3,77,5,0
b558bac5-4f0f-43d5-bff5-dca136bc65a1,37,afd23d6b-2b3f-4207-8794-69c5ef3aca0b,Snake4,96,8,1
b558bac5-4f0f-43d5-bff5-dca136bc65a1,37,3c654172-a32d-4478-85a1-eaac22045634,Snake1,85,8,1
b558bac5-4f0f-43d5-bff5-dca136bc65a1,37,1fc57e5f-0726-4d8a-ad9f-a80ad1261516,Snake2,87,7,1
b558bac5-4f0f-43d5-bff5-dca136bc65a1,37,b93477bf-84f3-406e-83aa-e4bf1bee3be7,Snake3,77,5,0
b558bac5-4f0f-43d5-bff5-dca136bc65a1,38,afd23d6b-2b3f-4207-8794-69c5ef3aca0b,Snake4,95,8,1
b558bac5-4f0f-43d5-bff5-dca136bc65a1,38,3c654172-a32d-4478-85a1-eaac22045634,Snake1,84,8,1
b558bac5-4f0f-43d5-bff5-dca136bc65a1,38,1fc57e5f-0726-4d8a-ad9f-a80ad1261516,Snake2,86,7,1
b558bac5-4f0f-43d5-bff5-dca136bc65a1,38,b93477bf-84f3-406e-83aa-e4bf1bee3be7,Snake3,77,5,0
b558bac5-4f0f-43d5-bff5-dca136bc65a1,38,afd23d6b-2b3f-4207-8794-69c5ef3aca0b,Snake4,95,8,1
b558bac5-4f0f-43d5-bff5-dca136bc65a1,38,3c654172-a32d-4478-85a1-eaac22045634,Snake1,84,8,1
b558bac5-4f0f-43d5-bff5-dca136bc65a1,38,1fc57e5f-0726-4d8a-ad9f-a80ad1261516,Snake2,86,7,1
b558bac5-4f0f-43d5-bff5-dca136bc65a1,38,b93477bf-84f3-406e-83aa-e4bf1bee3be7,Snake3,77,5,0
b558bac5-4f0f-43d5-bff5-dca136bc65a1,39,afd23d6b-2b3f-4207-8794-69c5ef3aca0b,Snake4,94,8,1
b558bac5-4f0f-43d5-bff5-dca136bc65a1,39,3c654172-a32d-4478-85a1-eaac22045634,Snake1,83,8,1
b558bac5-4f0f-43d5-bff5-dca136bc65a1,39,1fc57e5f-0726-4d8a-ad9f-a80ad1261516,Snake2,85,7,1
b558bac5-4f0f-43d5-bff5-dca136bc65a1,39,b93477bf-84f3-406e-83aa-e4bf1bee3be7,Snake3,77,5,0
b558bac5-4f0f-43d5-bff5-dca136bc65a1,39,afd23d6b-2b3f-4207-8794-69c5ef3aca0b,Snake4,94,8,1
b558bac5-4f0f-43d5-bff5-dca136bc65a1,39,3c654172-a32d-4478-85a1-eaac22045634,Snake1,83,8,1
b558bac5-4f0f-43d5-bff5-dca136bc65a1,39,1fc57e5f-0726-4d8a-ad9f-a80ad1261516,Snake2,85,7,1
b558bac5-4f0f-43d5-bff5-dca136bc65a1,39,b93477bf-84f3-406e-83aa-e4bf1bee3be7,Snake3,77,5,0
b558bac5-4f0f-43d5-bff5-dca136bc65a1,39,afd23d6b-2b3f-4207-8794-69c5ef3aca0b,Snake4,94,8,1
b558bac5-4f0f-43d5-bff5-dca136bc65a1,39,3c654172-a32d-4478-85a1-eaac22045634,Snake1,83,8,1
b558bac5-4f0f-43d5-bff5-dca136bc65a1,39,1fc57e5f-0726-4d8a-ad9f-a80ad1261516,Snake2,85,7,1
b558bac5-4f0f-43d5-bff5-dca136bc65a1,39,b93477bf-84f3-406e-83aa-e4bf1bee3be7,Snake3,77,5,0
b558bac5-4f0f-43d5-bff5-dca136bc65a1,40,afd23d6b-2b3f-4207-8794-69c5ef3aca0b,Snake4,93,8,1
b558bac5-4f0f-43d5-bff5-dca136bc65a1,40,3c654172-a32d-4478-85a1-eaac22045634,Snake1,82,8,1
b558bac5-4f0f-43d5-bff5-dca136bc65a1,40,1fc57e5f-0726-4d8a-ad9f-a80ad1261516,Snake2,84,7,1
b558bac5-4f0f-43d5-bff5-dca136bc65a1,40,b93477bf-84f3-406e-83aa-e4bf1bee3be7,Snake3,77,5,0
b558bac5-4f0f-43d5-bff5-dca136bc65a1,40,afd23d6b-2b3f-4207-8794-69c5ef3aca0b,Snake4,93,8,1
b558bac5-4f0f-43d5-bff5-dca136bc65a1,40,3c654172-a32d-4478-85a1-eaac22045634,Snake1,82,8,1
b558bac5-4f0f-43d5-bff5-dca136bc65a1,40,1fc57e5f-0726-4d8a-ad9f-a80ad1261516,Snake2,84,7,1
b558bac5-4f0f-43d5-bff5-dca136bc65a1,40,b93477bf-84f3-406e-83aa-e4bf1bee3be7,Snake3,77,5,0
b558bac5-4f0f-43d5-bff5-dca136bc65a1,40,afd23d6b-2b3f-4207-8794-69c5ef3aca0b,Snake4,93,8,1
b558bac5-4f0f-43d5-bff5-dca136bc65a1,40,3c654172-a32d-4478-85a1-eaac22045634,Snake1,82,8,1
b558bac5-4f0f-43d5-bff5-dca136bc65a1,40,1fc57e5f-0726-4d8a-ad9f-a80ad1261516,Snake2,84,7,1
b558bac5-4f0f-43d5-bff5-dca136bc65a1,40,b93477bf-84f3-406e-83aa-e4bf1bee3be7,Snake3,77,5,0
b558bac5-4f0f-43d5-bff5-dca136bc65a1,41,afd23d6b-2b3f-4207-8794-69c5ef3aca0b,Snake4,100,9,1
b558bac5-4f0f-43d5-bff5-dca136bc65a1,41,3c654172-a32d-4478-85a1-eaac22045634,Snake1,81,8,1
b558bac5-4f0f-43d5-bff5-dca136bc65a1,41,1fc57e5f-0726-4d8a-ad9f-a80ad1261516,Snake2,83,7,1
b558bac5-4f0f-43d5-bff5-dca136bc65a1,41,b93477bf-84f3-406e-83aa-e4bf1bee3be7,Snake3,77,5,0
b558bac5-4f0f-43d5-bff5-dca136bc65a1,41,afd23d6b-2b3f-4207-8794-69c5ef3aca0b,Snake4,100,9,1
b558bac5-4f0f-43d5-bff5-dca136bc65a1,41,3c654172-a32d-4478-85a1-eaac22045634,Snake1,81,8,1
b558bac5-4f0f-43d5-bff5-dca136bc65a1,41,1fc57e5f-0726-4d8a-ad9f-a80ad1261516,Snake2,83,7,1
b558bac5-4f0f-43d5-bff5-dca136bc65a1,41,b93477bf-84f3-406e-83aa-e4bf1bee3be7,Snake3,77,5,0
b558bac5-4f0f-43d5-bff5-dca136bc65a1,41,afd23d6b-2b3f-4207-8794-69c5ef3aca0b,Snake4,100,9,1
b558bac5-4f0f-43d5-bff5-dca136bc65a1,41,3c654172-a32d-4478-85a1-eaac22045634,Snake1,81,8,1
b558bac5-4f0f-43d5-bff5-dca136bc65a1,41,1fc57e5f-0726-4d8a-ad9f-a80ad1261516,Snake2,83,7,1
b558bac5-4f0f-43d5-bff5-dca136bc65a1,41,b93477bf-84f3-406e-83aa-e4bf1bee3be7,Snake3,77,5,0
b558bac5-4f0f-43d5-bff5-dca136bc65a1,42,afd23d6b-2b3f-4207-8794-69c5ef3aca0b,Snake4,99,9,1
b558bac5-4f0f-43d5-bff5-dca136bc65a1,42,3c654172-a32d-4478-85a1-eaac22045634,Snake1,80,8,1
b558bac5-4f0f-43d5-bff5-dca136bc65a1,42,1fc57e5f-0726-4d8a-ad9f-a80ad1261516,Snake2,82,7,1
b558bac5-4f0f-43d5-bff5-dca136bc65a1,42,b93477bf-84f3-406e-83aa-e4bf1bee3be7,Snake3,77,5,0
b558bac5-4f0f-43d5-bff5-dca136bc65a1,42,afd23d6b-2b3f-4207-8794-69c5ef3aca0b,Snake4,99,9,1
b558bac5-4f0f-43d5-bff5-dca136bc65a1,42,3c654172-a32d-4478-85a1-eaac22045634,Snake1,80,8,1
b558bac5-4f0f-43d5-bff5-dca136bc65a1,42,1fc57e5f-0726-4d8a-ad9f-a80ad1261516,Snake2,82,7,1
b558bac5-4f0f-43d5-bff5-dca136bc65a1,42,b93477bf-84f3-406e-83aa-e4bf1bee3be7,Snake3,77,5,0
b558bac5-4f0f-43d5-bff5-dca136bc65a1,42,afd23d6b-2b3f-4207-8794-69c5ef3aca0b,Snake4,99,9,1
b558bac5-4f0f-43d5-bff5-dca136bc65a1,42,3c654172-a32d-4478-85a1-eaac22045634,Snake1,80,8,1
b558bac5-4f0f-43d5-bff5-dca136bc65a1,42,1fc57e5f-0726-4d8a-ad9f-a80ad1261516,Snake2,82,7,1
b558bac5-4f0f-43d5-bff5-dca136bc65a1,42,b93477bf-84f3-406e-83aa-e4bf1bee3be7,Snake3,77,5,0
b558bac5-4f0f-43d5-bff5-dca136bc65a1,43,afd23d6b-2b3f-4207-8794-69c5ef3aca0b,Snake4,98,9,1
b558bac5-4f0f-43d5-bff5-dca136bc65a1,43,3c654172-a32d-4478-85a1-eaac22045634,Snake1,79,8,1
b558bac5-4f0f-43d5-bff5-dca136bc65a1,43,1fc57e5f-0726-4d8a-ad9f-a80ad1261516,Snake2,81,7,1
b558bac5-4f0f-43d5-bff5-dca136bc65a1,43,b93477bf-84f3-406e-83aa-e4bf1bee3be7,Snake3,77,5,0
b558bac5-4f0f-43d5-bff5-dca136bc65a1,43,afd23d6b-2b3f-4207-8794-69c5ef3aca0b,Snake4,98,9,1
b558bac5-4f0f-43d5-bff5-dca136bc65a1,43,3c654172-a32d-4478-85a1-eaac22045634,Snake1,79,8,1
b558bac5-4f0f-43d5-bff5-dca136bc65a1,43,1fc57e5f-0726-4d8a-ad9f-a80ad1261516,Snake2,81,7,1
b558bac5-4f0f-43d5-bff5-dca136bc65a1,43,b93477bf-84f3-406e-83aa-e4bf1bee3be7,Snake3,77,5,0
b558bac5-4f0f-43d5-bff5-dca136bc65a1,43,afd23d6b-2b3f-4207-8794-69c5ef3aca0b,Snake4,98,9,1
b558bac5-4f0f-43d5-bff5-dca136bc65a1,43,3c654172-a32d-4478-85a1-eaac22045634,Snake1,79,8,1
b558bac5-4f0f-43d5-bff5-dca136bc65a1,43,1fc57e5f-0726-4d8a-ad9f-a80ad1261516,Snake2,81,7,1
b558bac5-4f0f-43d5-bff5-dca136bc65a1,43,b93477bf-84f3-406e-83aa-e4bf1bee3be7,Snake3,77,5,0
b558bac5-4f0f-43d5-bff5-dca136bc65a1,44,afd23d6b-2b3f-4207-8794-69c5ef3aca0b,Snake4,97,9,1
b558bac5-4f0f-43d5-bff5-dca136bc65a1,44,3c654172-a32d-4478-85a1-eaac22045634,Snake1,78,8,1
b558bac5-4f0f-43d5-bff5-dca136bc65a1,44,1fc57e5f-0726-4d8a-ad9f-a80ad1261516,Snake2,80,7,1
b558bac5-4f0f-43d5-bff5-dca136bc65a1,44,b93477bf-84f3-406e-83aa-e4bf1bee3be7,Snake3,77,5,0
b558bac5-4f0f-43d5-bff5-dca136bc65a1,44,afd23d6b-2b3f-4207-8794-69c5ef3aca0b,Snake4,97,9,1
b558bac5-4f0f-43d5-bff5-dca136bc65a1,44,3c654172-a32d-4478-85a1-eaac22045634,Snake1,78,8,1
b558bac5-4f0f-43d5-bff5-dca136bc65a1,44,1fc57e5f-0726-4d8a-ad9f-a80ad1261516,Snake2,80,7,1
b558bac5-4f0f-43d5-bff5-dca136bc65a1,44,b93477bf-84f3-406e-83aa-e4bf1bee3be7,Snake3,77,5,0
b558bac5-4f0f-43d5-bff5-dca136bc65a1,44,afd23d6b-2b3f-4207-8794-69c5ef3aca0b,Snake4,97,9,1
b558bac5-4f0f-43d5-bff5-dca136bc65a1,44,3c654172-a32d-4478-85a1-eaac22045634,Snake1,78,8,1
b558bac5-4f0f-43d5-bff5-dca136bc65a1,44,1fc57e5f-0726-4d8a-ad9f-a80ad1261516,Snake2,80,7,1
b558bac5-4f0f-43d5-bff5-dca136bc65a1,44,b93477bf-84f3-406e-83aa-e4bf1bee3be7,Snake3,77,5,0
b558bac5-4f0f-43d5-bff5-dca136bc65a1,45,afd23d6b-2b3f-4207-8794-69c5ef3aca0b,Snake4,96,9,1
b558bac5-4f0f-43d5-bff5-dca136bc65a1,45,3c654172-a32d-4478-85a1-eaac22045634,Snake1,77,8,1
b558bac5-4f0f-43d5-bff5-dca136bc65a1,45,1fc57e5f-0726-4d8a-ad9f-a80ad1261516,Snake2,79,7,1
b558bac5-4f0f-43d5-bff5-dca136bc65a1,45,b93477bf-84f3-406e-83aa-e4bf1bee3be7,Snake3,77,5,0
b558bac5-4f0f-43d5-bff5-dca136bc65a1,45,afd23d6b-2b3f-4207-8794-69c5ef3aca0b,Snake4,96,9,1
b558bac5-4f0f-43d5-bff5-dca136bc65a1,45,3c654172-a32d-4478-85a1-eaac22045634,Snake1,77,8,1
b558bac5-4f0f-43d5-bff5-dca136bc65a1,45,1fc57e5f-0726-4d8a-ad9f-a80ad1261516,Snake2,79,7,1
b558bac5-4f0f-43d5-bff5-dca136bc65a1,45,b93477bf-84f3-406e-83aa-e4bf1bee3be7,Snake3,77,5,0
b558bac5-4f0f-43d5-bff5-dca136bc65a1,45,afd23d6b-2b3f-4207-8794-69c5ef3aca0b,Snake4,96,9,1
b558bac5-4f0f-43d5-bff5-dca136bc65a1,45,3c654172-a32d-4478-85a1-eaac22045634,Snake1,77,8,1
b558bac5-4f0f-43d5-bff5-dca136bc65a1,45,1fc57e5f-0726-4d8a-ad9f-a80ad1261516,Snake2,79,7,1
b558bac5-4f0f-43d5-bff5-dca136bc65a1,45,b93477bf-84f3-406e-83aa-e4bf1bee3be7,Snake3,77,5,0
b558bac5-4f0f-43d5-bff5-dca136bc65a1,46,afd23d6b-2b3f-4207-8794-69c5ef3aca0b,Snake4,95,9,1
b558bac5-4f0f-43d5-bff5-dca136bc65a1,46,3c654172-a32d-4478-85a1-eaac22045634,Snake1,76,8,1
b558bac5-4f0f-43d5-bff5-dca136bc65a1,46,1fc57e5f-0726-4d8a-ad9f-a80ad1261516,Snake2,78,7,1
b558bac5-4f0f-43d5-bff5-dca136bc65a1,46,b93477bf-84f3-406e-83aa-e4bf1bee3be7,Snake3,77,5,0
b558bac5-4f0f-43d5-bff5-dca136bc65a1,46,afd23d6b-2b3f-4207-8794-69c5ef3aca0b,Snake4,95,9,1
b558bac5-4f0f-43d5-bff5-dca136bc65a1,46,3c654172-a32d-4478-85a1-eaac22045634,Snake1,76,8,1
b558bac5-4f0f-43d5-bff5-dca136bc65a1,46,1fc57e5f-0726-4d8a-ad9f-a80ad1261516,Snake2,78,7,1
b558bac5-4f0f-43d5-bff5-dca136bc65a1,46,b93477bf-84f3-406e-83aa-e4bf1bee3be7,Snake3,77,5,0
b558bac5-4f0f-43d5-bff5-dca136bc65a1,46,afd23d6b-2b3f-4207-8794-69c5ef3aca0b,Snake4,95,9,1
b558bac5-4f0f-43d5-bff5-dca136bc65a1,46,3c654172-a32d-4478-85a1-eaac22045634,Snake1,76,8,1
b558bac5-4f0f-43d5-bff5-dca136bc65a1,46,1fc57e5f-0726-4d8a-ad9f-a80ad1261516,Snake2,78,7,1
b558bac5-4f0f-43d5-bff5-dca136bc65a1,46,b93477bf-84f3-406e-83aa-e4bf1bee3be7,Snake3,77,5,0
b558bac5-4f0f-43d5-bff5-dca136bc65a1,47,afd23d6b-2b3f-4207-8794-69c5ef3aca0b,Snake4,94,9,1
b558bac5-4f0f-43d5-bff5-dca136bc65a1,47,3c654172-a32d-4478-85a1-eaac22045634,Snake1,75,8,1
b558bac5-4f0f-43d5-bff5-dca136bc65a1,47,1fc57e5f-0726-4d8a-ad9f-a80ad1261516,Snake2,77,7,1
b558bac5-4f0f-43d5-bff5-dca136bc65a1,47,b93477bf-84f3-406e-83aa-e4bf1bee3be7,Snake3,77,5,0
b558bac5-4f0f-43d5-bff5-dca136bc65a1,47,afd23d6b-2b3f-4207-8794-69c5ef3aca0b,Snake4,94,9,1
b558bac5-4f0f-43d5-bff5-dca136bc65a1,47,3c654172-a32d-4478-85a1-eaac22045634,Snake1,75,8,1
b558bac5-4f0f-43d5-bff5-dca136bc65a1,47,1fc57e5f-0726-4d8a-ad9f-a80ad1261516,Snake2,77,7,1
b558bac5-4f0f-43d5-bff5-dca136bc65a1,47,b93477bf-84f3-406e-83aa-e4bf1bee3be7,Snake3,77,5,0
b558bac5-4f0f-43d5-bff5-dca136bc65a1,48,afd23d6b-2b3f-4207-8794-69c5ef3aca0b,Snake4,93,9,1
b558bac5-4f0f-43d5-bff5-dca136bc65a1,48,3c654172-a32d-4478-85a1-eaac22045634,Snake1,74,8,1
b558bac5-4f0f-43d5-bff5-dca136bc65a1,48,1fc57e5f-0726-4d8a-ad9f-a80ad1261516,Snake2,76,7,1
b558bac5-4f0f-43d5-bff5-dca136bc65a1,48,b93477bf-84f3-406e-83aa-e4bf1bee3be7,Snake3,77,5,0
b558bac5-4f0f-43d5-bff5-dca136bc65a1,48,afd23d6b-2b3f-4207-8794-69c5ef3aca0b,Snake4,93,9,1
b558bac5-4f0f-43d5-bff5-dca136bc65a1,48,3c654172-a32d-4478-85a1-eaac22045634,Snake1,74,8,1
b558bac5-4f0f-43d5-bff5-dca136bc65a1,48,1fc57e5f-0726-4d8a-ad9f-a80ad1261516,Snake2,76,7,1
b558bac5-4f0f-43d5-bff5-dca136bc65a1,48,b93477bf-84f3-406e-83aa-e4bf1bee3be7,Snake3,77,5,0
b558bac5-4f0f-43d5-bff5-dca136bc65a1,48,afd23d6b-2b3f-4207-8794-69c5ef3aca0b,Snake4,93,9,1
b558bac5-4f0f-43d5-bff5-dca136bc65a1,48,3c654172-a32d-4478-85a1-eaac22045634,Snake1,74,8,1
b558bac5-4f0f-43d5-bff5-dca136bc65a1,48,1fc57e5f-0726-4d8a-ad9f-a80ad1261516,Snake2,76,7,1
b558bac5-4f0f-43d5-bff5-dca136bc65a1,48,b93477bf-84f3-406e-83aa-e4bf1bee3be7,Snake3,77,5,0
b558bac5-4f0f-43d5-bff5-dca136bc65a1,49,afd23d6b-2b3f-4207-8794-69c5ef3aca0b,Snake4,92,9,1
b558bac5-4f0f-43d5-bff5-dca136bc65a1,49,3c654172-a32d-4478-85a1-eaac22045634,Snake1,73,8,1
b558bac5-4f0f-43d5-bff5-dca136bc65a1,49,1fc57e5f-0726-4d8a-ad9f-a80ad1261516,Snake2,75,7,1
b558bac5-4f0f-43d5-bff5-dca136bc65a1,49,b93477bf-84f3-406e-83aa-e4bf1bee3be7,Snake3,77,5,0
b558bac5-4f0f-43d5-bff5-dca136bc65a1,49,afd23d6b-2b3f-4207-8794-69c5ef3aca0b,Snake4,92,9,1
b558bac5-4f0f-43d5-bff5-dca136bc65a1,49,3c654172-a32d-4478-85a1-eaac22045634,Snake1,73,8,1
b558bac5-4f0f-43d5-bff5-dca136bc65a1,49,1fc57e5f-0726-4d8a-ad9f-a80ad1261516,Snake2,75,7,1
b558bac5-4f0f-43d5-bff5-dca136bc65a1,49,b93477bf-84f3-406e-83aa-e4bf1bee3be7,Snake3,77,5,0
b558bac5-4f0f-43d5-bff5-dca136bc65a1,49,afd23d6b-2b3f-4207-8794-69c5ef3aca0b,Snake4,92,9,1
b558bac5-4f0f-43d5-bff5-dca136bc65a1,49,3c654172-a32d-4478-85a1-eaac22045634,Snake1,73,8,1
b558bac5-4f0f-43d5-bff5-dca136bc65a1,49,1fc57e5f-0726-4d8a-ad9f-a80ad1261516,Snake2,75,7,1
b558bac5-4f0f-43d5-bff5-dca136bc65a1,49,b93477bf-84f3-406e-83aa-e4bf1bee3be7,Snake3,77,5,0
b558bac5-4f0f-43d5-bff5-dca136bc65a1,50,afd23d6b-2b3f-4207-8794-69c5ef3aca0b,Snake4,91,9,1
b558bac5-4f0f-43d5-bff5-dca136bc65a1,50,3c654172-a32d-4478-85a1-eaac22045634,Snake1,72,8,1
b558bac5-4f0f-43d5-bff5-dca136bc65a1,50,1fc57e5f-0726-4d8a-ad9f-a80ad1261516,Snake2,74,7,1
b558bac5-4f0f-43d5-bff5-dca136bc65a1,50,b93477bf-84f3-406e-83aa-e4bf1bee3be7,Snake3,77,5,0
b558bac5-4f0f-43d5-bff5-dca136bc65a1,50,afd23d6b-2b3f-4207-8794-69c5ef3aca0b,Snake4,91,9,1
b558bac5-4f0f-43d5-bff5-dca136bc65a1,50,3c654172-a32d-4478-85a1-eaac22045634,Snake1,72,8,1
b558bac5-4f0f-43d5-bff5-dca136bc65a1,50,1fc57e5f-0726-4d8a-ad9f-a80ad1261516,Snake2,74,7,1
b558bac5-4f0f-43d5-bff5-dca136bc65a1,50,b93477bf-84f3-406e-83aa-e4bf1bee3be7,Snake3,77,5,0
b558bac5-4f0f-43d5-bff5-dca136bc65a1,51,afd23d6b-2b3f-4207-8794-69c5ef3aca0b,Snake4,90,9,1
b558bac5-4f0f-43d5-bff5-dca136bc65a1,51,3c654172-a32d-4478-85a1-eaac22045634,Snake1,71,8,1
b558bac5-4f0f-43d5-bff5-dca136bc65a1,51,1fc57e5f-0726-4d8a-ad9f-a80ad1261516,Snake2,73,7,1
b558bac5-4f0f-43d5-bff5-dca136bc65a1,51,b93477bf-84f3-406e-83aa-e4bf1bee3be7,Snake3,77,5,0
b558bac5-4f0f-43d5-bff5-dca136bc65a1,51,afd23d6b-2b3f-4207-8794-69c5ef3aca0b,Snake4,90,9,1
b558bac5-4f0f-43d5-bff5-dca136bc65a1,51,3c654172-a32d-4478-85a1-eaac22045634,Snake1,71,8,1
b558bac5-4f0f-43d5-bff5-dca136bc65a1,51,1fc57e5f-0726-4d8a-ad9f-a80ad1261516,Snake2,73,7,1
b558bac5-4f0f-43d5-bff5-dca136bc65a1,51,b93477bf-84f3-406e-83aa-e4bf1bee3be7,Snake3,77,5,0
b558bac5-4f0f-43d5-bff5-dca136bc65a1,52,afd23d6b-2b3f-4207-8794-69c5ef3aca0b,Snake4,89,9,1
b558bac5-4f0f-43d5-bff5-dca136bc65a1,52,3c654172-a32d-4478-85a1-eaac22045634,Snake1,70,8,1
b558bac5-4f0f-43d5-bff5-dca136bc65a1,52,1fc57e5f-0726-4d8a-ad9f-a80ad1261516,Snake2,72,7,1
b558bac5-4f0f-43d5-bff5-dca136bc65a1,52,b93477bf-84f3-406e-83aa-e4bf1bee3be7,Snake3,77,5,0
b558bac5-4f0f-43d5-bff5-dca136bc65a1,52,afd23d6b-2b3f-4207-8794-69c5ef3aca0b,Snake4,89,9,1
b558bac5-4f0f-43d5-bff5-dca136bc65a1,52,3c654172-a32d-4478-85a1-eaac22045634,Snake1,70,8,1
b558bac5-4f0f-43d5-bff5-dca136bc65a1,52,1fc57e5f-0726-4d8a-ad9f-a80ad1261516,Snake2,72,7,1
b558bac5-4f0f-43d5-bff5-dca136bc65a1,52,b93477bf-84f3-406e-83aa-e4bf1bee3be7,Snake3,77,5,0
b558bac5-4f0f-43d5-bff5-dca136bc65a1,52,afd23d6b-2b3f-4207-8794-69c5ef3aca0b,Snake4,89,9,1
b558bac5-4f0f-43d5-bff5-dca136bc65a1,52,3c654172-a32d-4478-85a1-eaac22045634,Snake1,70,8,1
b558bac5-4f0f-43d5-bff5-dca136bc65a1,52,1fc57e5f-0726-4d8a-ad9f-a80ad1261516,Snake2,72,7,1
b558bac5-4f0f-43d5-bff5-dca136bc65a1,52,b93477bf-84f3-406e-83aa-e4bf1bee3be7,Snake3,77,5,0
b558bac5-4f0f-43d5-bff5-dca136bc65a1,53,afd23d6b-2b3f-4207-8794-69c5ef3aca0b,Snake4,88,9,1
b558bac5-4f0f-43d5-bff5-dca136bc65a1,53,3c654172-a32d-4478-85a1-eaac22045634,Snake1,69,8,1
b558bac5-4f0f-43d5-bff5-dca136bc65a1,53,1fc57e5f-0726-4d8a-ad9f-a80ad1261516,Snake2,71,7,1
b558bac5-4f0f-43d5-bff5-dca136bc65a1,53,b93477bf-84f3-406e-83aa-e4bf1bee3be7,Snake3,77,5,0
b558bac5-4f0f-43d5-bff5-dca136bc65a1,53,afd23d6b-2b3f-4207-8794-69c5ef3aca0b,Snake4,88,9,1
b558bac5-4f0f-43d5-bff5-dca136bc65a1,53,3c654172-a32d-4478-85a1-eaac22045634,Snake1,69,8,1
b558bac5-4f0f-43d5-bff5-dca136bc65a1,53,1fc57e5f-0726-4d8a-ad9f-a80ad1261516,Snake2,71,7,1
b558bac5-4f0f-43d5-bff5-dca136bc65a1,53,b93477bf-84f3-406e-83aa-e4bf1bee3be7,Snake3,77,5,0
b558bac5-4f0f-43d5-bff5-dca136bc65a1,53,afd23d6b-2b3f-4207-8794-69c5ef3aca0b,Snake4,88,9,1
b558bac5-4f0f-43d5-bff5-dca136bc65a1,53,3c654172-a32d-4478-85a1-eaac22045634,Snake1,69,8,1
b558bac5-4f0f-43d5-bff5-dca136bc65a1,53,1fc57e5f-0726-4d8a-ad9f-a80ad1261516,Snake2,71,7,1
b558bac5-4f0f-43d5-bff5-dca136bc65a1,53,b93477bf-84f3-406e-83aa-e4bf1bee3be7,Snake3,77,5,0
b558bac5-4f0f-43d5-bff5-dca136bc65a1,54,afd23d6b-2b3f-4207-8794-69c5ef3aca0b,Snake4,87,9,1
b558bac5-4f0f-43d5-bff5-dca136bc65a1,54,3c654172-a32d-4478-85a1-eaac22045634,Snake1,68,8,1
b558bac5-4f0f-43d5-bff5-dca136bc65a1,54,1fc57e5f-0726-4d8a-ad9f-a80ad1261516,Snake2,70,7,1
b558bac5-4f0f-43d5-bff5-dca136bc65a1,54,b93477bf-84f3-406e-83aa-e4bf1bee3be7,Snake3,77,5,0
b558bac5-4f0f-43d5-bff5-dca136bc65a1,54,afd23d6b-2b3f-4207-8794-69c5ef3aca0b,Snake4,87,9,1
b558bac5-4f0f-43d5-bff5-dca136bc65a1,54,3c654172-a32d-4478-85a1-eaac22045634,Snake1,68,8,1
b558bac5-4f0f-43d5-bff5-dca136bc65a1,54,1fc57e5f-0726-4d8a-ad9f-a80ad1261516,Snake2,70,7,1
b558bac5-4f0f-43d5-bff5-dca136bc65a1,54,b93477bf-84f3-406e-83aa-e4bf1bee3be7,Snake3,77,5,0
b558bac5-4f0f-43d5-bff5-dca136bc65a1,55,afd23d6b-2b3f-4207-8794-69c5ef3aca0b,Snake4,86,9,1
b558bac5-4f0f-43d5-bff5-dca136bc65a1,55,3c654172-a32d-4478-85a1-eaac22045634,Snake1,67,8,1
b558bac5-4f0f-43d5-bff5-dca136bc65a1,55,1fc57e5f-0726-4d8a-ad9f-a80ad1261516,Snake2,69,7,1
b558bac5-4f0f-43d5-bff5-dca136bc65a1,55,b93477bf-84f3-406e-83aa-e4bf1bee3be7,Snake3,77,5,0
b558bac5-4f0f-43d5-bff5-dca136bc65a1,55,afd23d6b-2b3f-4207-8794-69c5ef3aca0b,Snake4,86,9,1
b558bac5-4f0f-43d5-bff5-dca136bc65a1,55,3c654172-a32d-4478-85a1-eaac22045634,Snake1,67,8,1
b558bac5-4f0f-43d5-bff5-dca136bc65a1,55,1fc57e5f-0726-4d8a-ad9f-a80ad1261516,Snake2,69,7,1
b558bac5-4f0f-43d5-bff5-dca136bc65a1,55,b93477bf-84f3-406e-83aa-e4bf1bee3be7,Snake3,77,5,0
b558bac5-4f0f-43d5-bff5-dca136bc65a1,55,afd23d6b-2b3f-4207-8794-69c5ef3aca0b,Snake4,86,9,1
b558bac5-4f0f-43d5-bff5-dca136bc65a1,55,3c654172-a32d-4478-85a1-eaac22045634,Snake1,67,8,1
b558bac5-4f0f-43d5-bff5-dca136bc65a1,55,1fc57e5f-0726-4d8a-ad9f-a80ad1261516,Snake2,69,7,1
b558bac5-4f0f-43d5-bff5-dca136bc65a1,55,b93477bf-84f3-406e-83aa-e4bf1bee3be7,Snake3,77,5,0
b558bac5-4f0f-43d5-bff5-dca136bc65a1,56,afd23d6b-2b3f-4207-8794-69c5ef3aca0b,Snake4,85,9,1
b558bac5-4f0f-43d5-bff5-dca136bc65a1,56,3c654172-a32d-4478-85a1-eaac22045634,Snake1,66,8,1
b558bac5-4f0f-43d5-bff5-dca136bc65a1,56,1fc57e5f-0726-4d8a-ad9f-a80ad1261516,Snake2,100,8,1
b558bac5-4f0f-43d5-bff5-dca136bc65a1,56,b93477bf-84f3-406e-83aa-e4bf1bee3be7,Snake3,77,5,0
b558bac5-4f0f-43d5-bff5-dca136bc65a1,56,afd23d6b-2b3f-4207-8794-69c5ef3aca0b,Snake4,85,9,1
b558bac5-4f0f-43d5-bff5-dca136bc65a1,56,3c654172-a32d-4478-85a1-eaac22045634,Snake1,66,8,1
b558bac5-4f0f-43d5-bff5-dca136bc65a1,56,1fc57e5f-0726-4d8a-ad9f-a80ad1261516,Snake2,100,8,1
b558bac5-4f0f-43d5-bff5-dca136bc65a1,56,b93477bf-84f3-406e-83aa-e4bf1bee3be7,Snake3,77,5,0
b558bac5-4f0f-43d5-bff5-dca136bc65a1,57,afd23d6b-2b3f-4207-8794-69c5ef3aca0b,Snake4,84,9,1
b558bac5-4f0f-43d5-bff5-dca136bc65a1,57,3c654172-a32d-4478-85a1-eaac22045634,Snake1,65,8,1
b558bac5-4f0f-43d5-bff5-dca136bc65a1,57,1fc57e5f-0726-4d8a-ad9f-a80ad1261516,Snake2,100,9,1
b558bac5-4f0f-43d5-bff5-dca136bc65a1,57,b93477bf-84f3-406e-83aa-e4bf1bee3be7,Snake3,77,5,0
b558bac5-4f0f-43d5-bff5-dca136bc65a1,57,afd23d6b-2b3f-4207-8794-69c5ef3aca0b,Snake4,84,9,1
b558bac5-4f0f-43d5-bff5-dca136bc65a1,57,3c654172-a32d-4478-85a1-eaac22045634,Snake1,65,8,1
b558bac5-4f0f-43d5-bff5-dca136bc65a1,57,1fc57e5f-0726-4d8a-ad9f-a80ad1261516,Snake2,100,9,1
b558bac5-4f0f-43d5-bff5-dca136bc65a1,57,b93477bf-84f3-406e-83aa-e4bf1bee3be7,Snake3,77,5,0
b558bac5-4f0f-43d5-bff5-dca136bc65a1,57,afd23d6b-2b3f-4207-8794-69c5ef3aca0b,Snake4,84,9,1
b558bac5-4f0f-43d5-bff5-dca136bc65a1,57,3c654172-a32d-4478-85a1-eaac22045634,Snake1,65,8,1
b558bac5-4f0f-43d5-bff5-dca136bc65a1,57,1fc57e5f-0726-4d8a-ad9f-a80ad1261516,Snake2,100,9,1
b558bac5-4f0f-43d5-bff5-dca136bc65a1,57,b93477bf-84f3-406e-83aa-e4bf1bee3be7,Snake3,77,5,0
b558bac5-4f0f-43d5-bff5-dca136bc65a1,58,afd23d6b-2b3f-4207-8794-69c5ef3aca0b,Snake4,83,9,1
b558bac5-4f0f-43d5-bff5-dca136bc65a1,58,3c654172-a32d-4478-85a1-eaac22045634,Snake1,64,8,1
b558bac5-4f0f-43d5-bff5-dca136bc65a1,58,1fc57e5f-0726-4d8a-ad9f-a80ad1261516,Snake2,99,9,1
b558bac5-4f0f-43d5-bff5-dca136bc65a1,58,b93477bf-84f3-406e-83aa-e4bf1bee3be7,Snake3,77,5,0
b558bac5-4f0f-43d5-bff5-dca136bc65a1,58,afd23d6b-2b3f-4207-8794-69c5ef3aca0b,Snake4,83,9,1
b558bac5-4f0f-43d5-bff5-dca136bc65a1,58,3c654172-a32d-4478-85a1-eaac22045634,Snake1,64,8,1
b558bac5-4f0f-43d5-bff5-dca136bc65a1,58,1fc57e5f-0726-4d8a-ad9f-a80ad1261516,Snake2,99,9,1
b558bac5-4f0f-43d5-bff5-dca136bc65a1,58,b93477bf-84f3-406e-83aa-e4bf1bee3be7,Snake3,77,5,0
b558bac5-4f0f-43d5-bff5-dca136bc65a1,58,afd23d6b-2b3f-4207-8794-69c5ef3aca0b,Snake4,83,9,1
b558bac5-4f0f-43d5-bff5-dca136bc65a1,58,3c654172-a32d-4478-85a1-eaac22045634,Snake1,64,8,1
b558bac5-4f0f-43d5-bff5-dca136bc65a1,58,1fc57e5f-0726-4d8a-ad9f-a80ad1261516,Snake2,99,9,1
b558bac5-4f0f-43d5-bff5-dca136bc65a1,58,b93477bf-84f3-406e-83aa-e4bf1bee3be7,Snake3,77,5,0
b558bac5-4f0f-43d5-bff5-dca136bc65a1,59,afd23d6b-2b3f-4207-8794-69c5ef3aca0b,Snake4,82,9,1
b558bac5-4f0f-43d5-bff5-dca136bc65a1,59,3c654172-a32d-4478-85a1-eaac22045634,Snake1,63,8,1
b558bac5-4f0f-43d5-bff5-dca136bc65a1,59,1fc57e5f-0726-4d8a-ad9f-a80ad1261516,Snake2,98,9,1
b558bac5-4f0f-43d5-bff5-dca136bc65a1,59,b93477bf-84f3-406e-83aa-e4bf1bee3be7,Snake3,77,5,0
b558bac5-4f0f-43d5-bff5-dca136bc65a1,59,afd23d6b-2b3f-4207-8794-69c5ef3aca0b,Snake4,82,9,1
b558bac5-4f0f-43d5-bff5-dca136bc65a1,59,3c654172-a32d-4478-85a1-eaac22045634,Snake1,63,8,1
b558bac5-4f0f-43d5-bff5-dca136bc65a1,59,1fc57e5f-0726-4d8a-ad9f-a80ad1261516,Snake2,98,9,1
b558bac5-4f0f-43d5-bff5-dca136bc65a1,59,b93477bf-84f3-406e-83aa-e4bf1bee3be7,Snake3,77,5,0
b558bac5-4f0f-43d5-bff5-dca136bc65a1,59,afd23d6b-2b3f-4207-8794-69c5ef3aca0b,Snake4,82,9,1
b558bac5-4f0f-43d5-bff5-dca136bc65a1,59,3c654172-a32d-4478-85a1-eaac22045634,Snake1,63,8,1
b558bac5-4f0f-43d5-bff5-dca136bc65a1,59,1fc57e5f-0726-4d8a-ad9f-a80ad1261516,Snake2,98,9,1
b558bac5-4f0f-43d5-bff5-dca136bc65a1,59,b93477bf-84f3-406e-83aa-e4bf1bee3be7,Snake3,77,5,0
b558bac5-4f0f-43d5-bff5-dca136bc65a1,60,afd23d6b-2b3f-4207-8794-69c5ef3aca0b,Snake4,81,9,1
b558bac5-4f0f-43d5-bff5-dca136bc65a1,60,3c654172-a32d-4478-85a1-eaac22045634,Snake1,62,8,1
b558bac5-4f0f-43d5-bff5-dca136bc65a1,60,1fc57e5f-0726-4d8a-ad9f-a80ad1261516,Snake2,97,9,1
b558bac5-4f0f-43d5-bff5-dca136bc65a1,60,b93477bf-84f3-406e-83aa-e4bf1bee3be7,Snake3,77,5,0
b558bac5-4f0f-43d5-bff5-dca136bc65a1,60,afd23d6b-2b3f-4207-8794-69c5ef3aca0b,Snake4,81,9,1
b558bac5-4f0f-43d5-bff5-dca136bc65a1,60,3c654172-a32d-4478-85a1-eaac22045634,Snake1,62,8,1
b558bac5-4f0f-43d5-bff5-dca136bc65a1,60,1fc57e5f-0726-4d8a-ad9f-a80ad1261516,Snake2,97,9,1
b558bac5-4f0f-43d5-bff5-dca136bc65a1,60,b93477bf-84f3-406e-83aa-e4bf1bee3be7,Snake3,77,5,0
b558bac5-4f0f-43d5-bff5-dca136bc65a1,60,afd23d6b-2b3f-4207-8794-69c5ef3aca0b,Snake4,81,9,1
b558bac5-4f0f-43d5-bff5-dca136bc65a1,60,3c654172-a32d-4478-85a1-eaac22045634,Snake1,62,8,1
b558bac5-4f0f-43d5-bff5-dca136bc65a1,60,1fc57e5f-0726-4d8a-ad9f-a80ad1261516,Snake2,97,9,1
b558bac5-4f0f-43d5-bff5-dca136bc65a1,60,b93477bf-84f3-406e-83aa-e4bf1bee3be7,Snake3,77,5,0
b558bac5-4f0f-43d5-bff5-dca136bc65a1,61,afd23d6b-2b3f-4207-8794-69c5ef3aca0b,Snake4,80,9,1
b558bac5-4f0f-43d5-bff5-dca136bc65a1,61,3c654172-a32d-4478-85a1-eaac22045634,Snake1,61,8,1
b558bac5-4f0f-43d5-bff5-dca136bc65a1,61,1fc57e5f-0726-4d8a-ad9f-a80ad1261516,Snake2,96,9,1
b558bac5-4f0f-43d5-bff5-dca136bc65a1,61,b93477bf-84f3-406e-83aa-e4bf1bee3be7,Snake3,77,5,0
b558bac5-4f0f-43d5-bff5-dca136bc65a1,61,afd23d6b-2b3f-4207-8794-69c5ef3aca0b,Snake4,80,9,1
b558bac5-4f0f-43d5-bff5-dca136bc65a1,61,3c654172-a32d-4478-85a1-eaac22045634,Snake1,61,8,1
b558bac5-4f0f-43d5-bff5-dca136bc65a1,61,1fc57e5f-0726-4d8a-ad9f-a80ad1261516,Snake2,96,9,1
b558bac5-4f0f-43d5-bff5-dca136bc65a1,61,b93477bf-84f3-406e-83aa-e4bf1bee3be7,Snake3,77,5,0
b558bac5-4f0f-43d5-bff5-dca136bc65a1,61,afd23d6b-2b3f-4207-8794-69c5ef3aca0b,Snake4,80,9,1
b558bac5-4f0f-43d5-bff5-dca136bc65a1,61,3c654172-a32d-4478-85a1-eaac22045634,Snake1,61,8,1
b558bac5-4f0f-43d5-bff5-dca136bc65a1,61,1fc57e5f-0726-4d8a-ad9f-a80ad1261516,Snake2,96,9,1
b558bac5-4f0f-43d5-bff5-dca136bc65a1,61,b93477bf-84f3-406e-83aa-e4bf1bee3be7,Snake3,77,5,0
b558bac5-4f0f-43d5-bff5-dca136bc65a1,62,afd23d6b-2b3f-4207-8794-69c5ef3aca0b,Snake4,79,9,1
b558bac5-4f0f-43d5-bff5-dca136bc65a1,62,3c654172-a32d-4478-85a1-eaac22045634,Snake1,60,8,1
b558bac5-4f0f-43d5-bff5-dca136bc65a1,62,1fc57e5f-0726-4d8a-ad9f-a80ad1261516,Snake2,95,9,1
b558bac5-4f0f-43d5-bff5-dca136bc65a1,62,b93477bf-84f3-406e-83aa-e4bf1bee3be7,Snake3,77,5,0
b558bac5-4f0f-43d5-bff5-dca136bc65a1,62,afd23d6b-2b3f-4207-8794-69c5ef3aca0b,Snake4,79,9,1
b558bac5-4f0f-43d5-bff5-dca136bc65a1,62,3c654172-a32d-4478-85a1-eaac22045634,Snake1,60,8,1
b558bac5-4f0f-43d5-bff5-dca136bc65a1,62,1fc57e5f-0726-4d8a-ad9f-a80ad1261516,Snake2,95,9,1
b558bac5-4f0f-43d5-bff5-dca136bc65a1,62,b93477bf-84f3-406e-83aa-e4bf1bee3be7,Snake3,77,5,0
b558bac5-4f0f-43d5-bff5-dca136bc65a1,62,afd23d6b-2b3f-4207-8794-69c5ef3aca0b,Snake4,79,9,1
b558bac5-4f0f-43d5-bff5-dca136bc65a1,62,3c654172-a32d-4478-85a1-eaac22045634,Snake1,60,8,1
b558bac5-4f0f-43d5-bff5-dca136bc65a1,62,1fc57e5f-0726-4d8a-ad9f-a80ad1261516,Snake2,95,9,1
b558bac5-4f0f-43d5-bff5-dca136bc65a1,62,b93477bf-84f3-406e-83aa-e4bf1bee3be7,Snake3,77,5,0
b558bac5-4f0f-43d5-bff5-dca136bc65a1,63,afd23d6b-2b3f-4207-8794-69c5ef3aca0b,Snake4,100,10,1
b558bac5-4f0f-43d5-bff5-dca136bc65a1,63,3c654172-a32d-4478-85a1-eaac22045634,Snake1,59,8,1
b558bac5-4f0f-43d5-bff5-dca136bc65a1,63,1fc57e5f-0726-4d8a-ad9f-a80ad1261516,Snake2,94,9,1
b558bac5-4f0f-43d5-bff5-dca136bc65a1,63,b93477bf-84f3-406e-83aa-e4bf1bee3be7,Snake3,77,5,0
b558bac5-4f0f-43d5-bff5-dca136bc65a1,63,afd23d6b-2b3f-4207-8794-69c5ef3aca0b,Snake4,100,10,1
b558bac5-4f0f-43d5-bff5-dca136bc65a1,63,3c654172-a32d-4478-85a1-eaac22045634,Snake1,59,8,1
b558bac5-4f0f-43d5-bff5-dca136bc65a1,63,1fc57e5f-0726-4d8a-ad9f-a80ad1261516,Snake2,94,9,1
b558bac5-4f0f-43d5-bff5-dca136bc65a1,63,b93477bf-84f3-406e-83aa-e4bf1bee3be7,Snake3,77,5,0
b558bac5-4f0f-43d5-bff5-dca136bc65a1,63,afd23d6b-2b3f-4207-8794-69c5ef3aca0b,Snake4,100,10,1
b558bac5-4f0f-43d5-bff5-dca136bc65a1,63,3c654172-a32d-4478-85a1-eaac22045634,Snake1,59,8,1
b558bac5-4f0f-43d5-bff5-dca136bc65a1,63,1fc57e5f-0726-4d8a-ad9f-a80ad1261516,Snake2,94,9,1
b558bac5-4f0f-43d5-bff5-dca136bc65a1,63,b93477bf-84f3-406e-83aa-e4bf1bee3be7,Snake3,77,5,0
b558bac5-4f0f-43d5-bff5-dca136bc65a1,64,afd23d6b-2b3f-4207-8794-69c5ef3aca0b,Snake4,99,10,1
b558bac5-4f0f-43d5-bff5-dca136bc65a1,64,3c654172-a32d-4478-85a1-eaac22045634,Snake1,58,8,1
b558bac5-4f0f-43d5-bff5-dca136bc65a1,64,1fc57e5f-0726-4d8a-ad9f-a80ad1261516,Snake2,93,9,1
b558bac5-4f0f-43d5-bff5-dca136bc65a1,64,b93477bf-84f3-406e-83aa-e4bf1bee3be7,Snake3,77,5,0
b558bac5-4f0f-43d5-bff5-dca136bc65a1,64,afd23d6b-2b3f-4207-8794-69c5ef3aca0b,Snake4,99,10,1
b558bac5-4f0f-43d5-bff5-dca136bc65a1,64,3c654172-a32d-4478-85a1-eaac22045634,Snake1,58,8,1
b558bac5-4f0f-43d5-bff5-dca136bc65a1,64,1fc57e5f-0726-4d8a-ad9f-a80ad1261516,Snake2,93,9,1
b558bac5-4f0f-43d5-bff5-dca136bc65a1,64,b93477bf-84f3-406e-83aa-e4bf1bee3be7,Snake3,77,5,0
b558bac5-4f0f-43d5-bff5-dca136bc65a1,64,afd23d6b-2b3f-4207-8794-69c5ef3aca0b,Snake4,99,10,1
b558bac5-4f0f-43d5-bff5-dca136bc65a1,64,3c654172-a32d-4478-85a1-eaac22045634,Snake1,58,8,1
b558bac5-4f0f-43d5-bff5-dca136bc65a1,64,1fc57e5f-0726-4d8a-ad9f-a80ad1261516,Snake2,93,9,1
b558bac5-4f0f-43d5-bff5-dca136bc65a1,64,b93477bf-84f3-406e-83aa-e4bf1bee3be7,Snake3,77,5,0
b558bac5-4f0f-43d5-bff5-dca136bc65a1,65,afd23d6b-2b3f-4207-8794-69c5ef3aca0b,Snake4,98,10,1
b558bac5-4f0f-43d5-bff5-dca136bc65a1,65,3c654172-a32d-4478-85a1-eaac22045634,Snake1,57,8,1
b558bac5-4f0f-43d5-bff5-dca136bc65a1,65,1fc57e5f-0726-4d8a-ad9f-a80ad1261516,Snake2,92,9,1
b558bac5-4f0f-43d5-bff5-dca136bc65a1,65,b93477bf-84f3-406e-83aa-e4bf1bee3be7,Snake3,77,5,0
b558bac5-4f0f-43d5-bff5-dca136bc65a1,65,afd23d6b-2b3f-4207-8794-69c5ef3aca0b,Snake4,98,10,1
b558bac5-4f0f-43d5-bff5-dca136bc65a1,65,3c654172-a32d-4478-85a1-eaac22045634,Snake1,57,8,1
b558bac5-4f0f-43d5-bff5-dca136bc65a1,65,1fc57e5f-0726-4d8a-ad9f-a80ad1261516,Snake2,92,9,1
b558bac5-4f0f-43d5-bff5-dca136bc65a1,65,b93477bf-84f3-406e-83aa-e4bf1bee3be7,Snake3,77,5,0
b558bac5-4f0f-43d5-bff5-dca136bc65a1,65,afd23d6b-2b3f-4207-8794-69c5ef3aca0b,Snake4,98,10,1
b558bac5-4f0f-43d5-bff5-dca136bc65a1,65,3c654172-a32d-4478-85a1-eaac22045634,Snake1,57,8,1
b558bac5-4f0f-43d5-bff5-dca136bc65a1,65,1fc57e5f-0726-4d8a-ad9f-a80ad1261516,Snake2,92,9,1
b558bac5-4f0f-43d5-bff5-dca136bc65a1,65,b93477bf-84f3-406e-83aa-e4bf1bee3be7,Snake3,77,5,0
b558bac5-4f0f-43d5-bff5-dca136bc65a1,66,afd23d6b-2b3f-4207-8794-69c5ef3aca0b,Snake4,97,10,1
b558bac5-4f0f-43d5-bff5-dca136bc65a1,66,3c654172-a32d-4478-85a1-eaac22045634,Snake1,56,8,1
b558bac5-4f0f-43d5-bff5-dca136bc65a1,66,1fc57e5f-0726-4d8a-ad9f-a80ad1261516,Snake2,91,9,1
b558bac5-4f0f-43d5-bff5-dca136bc65a1,66,b93477bf-84f3-406e-83aa-e4bf1bee3be7,Snake3,77,5,0
b558bac5-4f0f-43d5-bff5-dca136bc65a1,66,afd23d6b-2b3f-4207-8794-69c5ef3aca0b,Snake4,97,10,1
b558bac5-4f0f-43d5-bff5-dca136bc65a1,66,3c654172-a32d-4478-85a1-eaac22045634,Snake1,56,8,1
b558bac5-4f0f-43d5-bff5-dca136bc65a1,66,1fc57e5f-0726-4d8a-ad9f-a80ad1261516,Snake2,91,9,1
b558bac5-4f0f-43d5-bff5-dca136bc65a1,66,b93477bf-84f3-406e-83aa-e4bf1bee3be7,Snake3,77,5,0
b558bac5-4f0f-43d5-bff5-dca136bc65a1,67,afd23d6b-2b3f-4207-8794-69c5ef3aca0b,Snake4,96,10,1
b558bac5-4f0f-43d5-bff5-dca136bc65a1,67,3c654172-a32d-4478-85a1-eaac22045634,Snake1,55,8,1
b558bac5-4f0f-43d5-bff5-dca136bc65a1,67,1fc57e5f-0726-4d8a-ad9f-a80ad1261516,Snake2,90,9,1
b558bac5-4f0f-43d5-bff5-dca136bc65a1,67,b93477bf-84f3-406e-83aa-e4bf1bee3be7,Snake3,77,5,0
b558bac5-4f0f-43d5-bff5-dca136bc65a1,67,afd23d6b-2b3f-4207-8794-69c5ef3aca0b,Snake4,96,10,1
b558bac5-4f0f-43d5-bff5-dca136bc65a1,67,3c654172-a32d-4478-85a1-eaac22045634,Snake1,55,8,1
b558bac5-4f0f-43d5-bff5-dca136bc65a1,67,1fc57e5f-0726-4d8a-ad9f-a80ad1261516,Snake2,90,9,1
b558bac5-4f0f-43d5-bff5-dca136bc65a1,67,b93477bf-84f3-406e-83aa-e4bf1bee3be7,Snake3,77,5,0
b558bac5-4f0f-43d5-bff5-dca136bc65a1,68,afd23d6b-2b3f-4207-8794-69c5ef3aca0b,Snake4,95,10,1
b558bac5-4f0f-43d5-bff5-dca136bc65a1,68,3c654172-a32d-4478-85a1-eaac22045634,Snake1,54,8,1
b558bac5-4f0f-43d5-bff5-dca136bc65a1,68,1fc57e5f-0726-4d8a-ad9f-a80ad1261516,Snake2,89,9,1
b558bac5-4f0f-43d5-bff5-dca136bc65a1,68,b93477bf-84f3-406e-83aa-e4bf1bee3be7,Snake3,77,5,0
b558bac5-4f0f-43d5-bff5-dca136bc65a1,68,afd23d6b-2b3f-4207-8794-69c5ef3aca0b,Snake4,95,10,1
b558bac5-4f0f-43d5-bff5-dca136bc65a1,68,3c654172-a32d-4478-85a1-eaac22045634,Snake1,54,8,1
b558bac5-4f0f-43d5-bff5-dca136bc65a1,68,1fc57e5f-0726-4d8a-ad9f-a80ad1261516,Snake2,89,9,1
b558bac5-4f0f-43d5-bff5-dca136bc65a1,68,b93477bf-84f3-406e-83aa-e4bf1bee3be7,Snake3,77,5,0
b558bac5-4f0f-43d5-bff5-dca136bc65a1,68,afd23d6b-2b3f-4207-8794-69c5ef3aca0b,Snake4,95,10,1
b558bac5-4f0f-43d5-bff5-dca136bc65a1,68,3c654172-a32d-4478-85a1-eaac22045634,Snake1,54,8,1
b558bac5-4f0f-43d5-bff5-dca136bc65a1,68,1fc57e5f-0726-4d8a-ad9f-a80ad1261516,Snake2,89,9,1
b558bac5-4f0f-43d5-bff5-dca136bc65a1,68,b93477bf-84f3-406e-83aa-e4bf1bee3be7,Snake3,77,5,0
b558bac5-4f0f-43d5-bff5-dca136bc65a1,69,afd23d6b-2b3f-4207-8794-69c5ef3aca0b,Snake4,94,10,1
b558bac5-4f0f-43d5-bff5-dca136bc65a1,69,3c654172-a32d-4478-85a1-eaac22045634,Snake1,53,8,1
b558bac5-4f0f-43d5-bff5-dca136bc65a1,69,1fc57e5f-0726-4d8a-ad9f-a80ad1261516,Snake2,88,9,1
b558bac5-4f0f-43d5-bff5-dca136bc65a1,69,b93477bf-84f3-406e-83aa-e4bf1bee3be7,Snake3,77,5,0
b558bac5-4f0f-43d5-bff5-dca136bc65a1,69,afd23d6b-2b3f-4207-8794-69c5ef3aca0b,Snake4,94,10,1
b558bac5-4f0f-43d5-bff5-dca136bc65a1,69,3c654172-a32d-4478-85a1-eaac22045634,Snake1,53,8,1
b558bac5-4f0f-43d5-bff5-dca136bc65a1,69,1fc57e5f-0726-4d8a-ad9f-a80ad1261516,Snake2,88,9,1
b558bac5-4f0f-43d5-bff5-dca136bc65a1,69,b93477bf-84f3-406e-83aa-e4bf1bee3be7,Snake3,77,5,0
b558bac5-4f0f-43d5-bff5-dca136bc65a1,69,afd23d6b-2b3f-4207-8794-69c5ef3aca0b,Snake4,94,10,1
b558bac5-4f0f-43d5-bff5-dca136bc65a1,69,3c654172-a32d-4478-85a1-eaac22045634,Snake1,53,8,1
b558bac5-4f0f-43d5-bff5-dca136bc65a1,69,1fc57e5f-0726-4d8a-ad9f-a80ad1261516,Snake2,88,9,1
b558bac5-4f0f-43d5-bff5-dca136bc65a1,69,b93477bf-84f3-406e-83aa-e4bf1bee3be7,Snake3,77,5,0
b558bac5-4f0f-43d5-bff5-dca136bc65a1,70,afd23d6b-2b3f-4207-8794-69c5ef3aca0b,Snake4,93,10,1
b558bac5-4f0f-43d5-bff5-dca136bc65a1,70,3c654172-a32d-4478-85a1-eaac22045634,Snake1,52,8,1
b558bac5-4f0f-43d5-bff5-dca136bc65a1,70,1fc57e5f-0726-4d8a-ad9f-a80ad1261516,Snake2,100,10,1
b558bac5-4f0f-43d5-bff5-dca136bc65a1,70,b93477bf-84f3-406e-83aa-e4bf1bee3be7,Snake3,77,5,0
b558bac5-4f0f-43d5-bff5-dca136bc65a1,70,afd23d6b-2b3f-4207-8794-69c5ef3aca0b,Snake4,93,10,1
b558bac5-4f0f-43d5-bff5-dca136bc65a1,70,3c654172-a32d-4478-85a1-eaac22045634,Snake1,52,8,1
b558bac5-4f0f-43d5-bff5-dca136bc65a1,70,1fc57e5f-0726-4d8a-ad9f-a80ad1261516,Snake2,100,10,1
b558bac5-4f0f-43d5-bff5-dca136bc65a1,70,b93477bf-84f3-406e-83aa-e4bf1bee3be7,Snake3,77,5,0
b558bac5-4f0f-43d5-bff5-dca136bc65a1,71,afd23d6b-2b3f-4207-8794-69c5ef3aca0b,Snake4,92,10,1
b558bac5-4f0f-43d5-bff5-dca136bc65a1,71,3c654172-a32d-4478-85a1-eaac22045634,Snake1,51,8,1
b558bac5-4f0f-43d5-bff5-dca136bc65a1,71,1fc57e5f-0726-4d8a-ad9f-a80ad1261516,Snake2,99,10,1
b558bac5-4f0f-43d5-bff5-dca136bc65a1,71,b93477bf-84f3-406e-83aa-e4bf1bee3be7,Snake3,77,5,0
b558bac5-4f0f-43d5-bff5-dca136bc65a1,71,afd23d6b-2b3f-4207-8794-69c5ef3aca0b,Snake4,92,10,1
b558bac5-4f0f-43d5-bff5-dca136bc65a1,71,3c654172-a32d-4478-85a1-eaac22045634,Snake1,51,8,1
b558bac5-4f0f-43d5-bff5-dca136bc65a1,71,1fc57e5f-0726-4d8a-ad9f-a80ad1261516,Snake2,99,10,1
b558bac5-4f0f-43d5-bff5-dca136bc65a1,71,b93477bf-84f3-406e-83aa-e4bf1bee3be7,Snake3,77,5,0
b558bac5-4f0f-43d5-bff5-dca136bc65a1,71,afd23d6b-2b3f-4207-8794-69c5ef3aca0b,Snake4,92,10,1
b558bac5-4f0f-43d5-bff5-dca136bc65a1,71,3c654172-a32d-4478-85a1-eaac22045634,Snake1,51,8,1
b558bac5-4f0f-43d5-bff5-dca136bc65a1,71,1fc57e5f-0726-4d8a-ad9f-a80ad1261516,Snake2,99,10,1
b558bac5-4f0f-43d5-bff5-dca136bc65a1,71,b93477bf-84f3-406e-83aa-e4bf1bee3be7,Snake3,77,5,0
b558bac5-4f0f-43d5-bff5-dca136bc65a1,72,afd23d6b-2b3f-4207-8794-69c5ef3aca0b,Snake4,100,11,1
b558bac5-4f0f-43d5-bff5-dca136bc65a1,72,3c654172-a32d-4478-85a1-eaac22045634,Snake1,22,8,1
b558bac5-4f0f-43d5-bff5-dca136bc65a1,72,1fc57e5f-0726-4d8a-ad9f-a80ad1261516,Snake2,98,10,1
b558bac5-4f0f-43d5-bff5-dca136bc65a1,72,b93477bf-84f3-406e-83aa-e4bf1bee3be7,Snake3,77,5,0
b558bac5-4f0f-43d5-bff5-dca136bc65a1,72,afd23d6b-2b3f-4207-8794-69c5ef3aca0b,Snake4,100,11,1
b558bac5-4f0f-43d5-bff5-dca136bc65a1,72,3c654172-a32d-4478-85a1-eaac22045634,Snake1,22,8,1
b558bac5-4f0f-43d5-bff5-dca136bc65a1,72,1fc57e5f-0726-4d8a-ad9f-a80ad1261516,Snake2,98,10,1
b558bac5-4f0f-43d5-bff5-dca136bc65a1,72,b93477bf-84f3-406e-83aa-e4bf1bee3be7,Snake3,77,5,0
b558bac5-4f0f-43d5-bff5-dca136bc65a1,72,afd23d6b-2b3f-4207-8794-69c5ef3aca0b,Snake4,100,11,1
b558bac5-4f0f-43d5-bff5-dca136bc65a1,72,3c654172-a32d-4478-85a1-eaac22045634,Snake1,22,8,1
b558bac5-4f0f-43d5-bff5-dca136bc65a1,72,1fc57e5f-0726-4d8a-ad9f-a80ad1261516,Snake2,98,10,1
b558bac5-4f0f-43d5-bff5-dca136bc65a1,72,b93477bf-84f3-406e-83aa-e4bf1bee3be7,Snake3,77,5,0
b558bac5-4f0f-43d5-bff5-dca136bc65a1,73,afd23d6b-2b3f-4207-8794-69c5ef3aca0b,Snake4,99,11,1
b558bac5-4f0f-43d5-bff5-dca136bc65a1,73,3c654172-a32d-4478-85a1-eaac22045634,Snake1,21,8,1
b558bac5-4f0f-43d5-bff5-dca136bc65a1,73,1fc57e5f-0726-4d8a-ad9f-a80ad1261516,Snake2,97,10,1
b558bac5-4f0f-43d5-bff5-dca136bc65a1,73,b93477bf-84f3-406e-83aa-e4bf1bee3be7,Snake3,77,5,0
b558bac5-4f0f-43d5-bff5-dca136bc65a1,73,afd23d6b-2b3f-4207-8794-69c5ef3aca0b,Snake4,99,11,1
b558bac5-4f0f-43d5-bff5-dca136bc65a1,73,3c654172-a32d-4478-85a1-eaac22045634,Snake1,21,8,1
b558bac5-4f0f-43d5-bff5-dca136bc65a1,73,1fc57e5f-0726-4d8a-ad9f-a80ad1261516,Snake2,97,10,1
b558bac5-4f0f-43d5-bff5-dca136bc65a1,73,b93477bf-84f3-406e-83aa-e4bf1bee3be7,Snake3,77,5,0
b558bac5-4f0f-43d5-bff5-dca136bc65a1,73,afd23d6b-2b3f-4207-8794-69c5ef3aca0b,Snake4,99,11,1
b558bac5-4f0f-43d5-bff5-dca136bc65a1,73,3c654172-a32d-4478-85a1-eaac22045634,Snake1,21,8,1
b558bac5-4f0f-43d5-bff5-dca136bc65a1,73,1fc57e5f-0726-4d8a-ad9f-a80ad1261516,Snake2,97,10,1
b558bac5-4f0f-43d5-bff5-dca136bc65a1,73,b93477bf-84f3-406e-83aa-e4bf1bee3be7,Snake3,77,5,0
b558bac5-4f0f-43d5-bff5-dca136bc65a1,74,afd23d6b-2b3f-4207-8794-69c5ef3aca0b,Snake4,98,11,1
b558bac5-4f0f-43d5-bff5-dca136bc65a1,74,3c654172-a32d-4478-85a1-eaac22045634,Snake1,20,8,1
b558bac5-4f0f-43d5-bff5-dca136bc65a1,74,1fc57e5f-0726-4d8a-ad9f-a80ad1261516,Snake2,96,10,1
b558bac5-4f0f-43d5-bff5-dca136bc65a1,74,b93477bf-84f3-406e-83aa-e4bf1bee3be7,Snake3,77,5,0
b558bac5-4f0f-43d5-bff5-dca136bc65a1,74,afd23d6b-2b3f-4207-8794-69c5ef3aca0b,Snake4,98,11,1
b558bac5-4f0f-43d5-bff5-dca136bc65a1,74,3c654172-a32d-4478-85a1-eaac22045634,Snake1,20,8,1
b558bac5-4f0f-43d5-bff5-dca136bc65a1,74,1fc57e5f-0726-4d8a-ad9f-a80ad1261516,Snake2,96,10,1
b558bac5-4f0f-43d5-bff5-dca136bc65a1,74,b93477bf-84f3-406e-83aa-e4bf1bee3be7,Snake3,77,5,0
b558bac5-4f0f-43d5-bff5-dca136bc65a1,74,afd23d6b-2b3f-4207-8794-69c5ef3aca0b,Snake4,98,11,1
b558bac5-4f0f-43d5-bff5-dca136bc65a1,74,3c654172-a32d-4478-85a1-eaac22045634,Snake1,20,8,1
b558bac5-4f0f-43d5-bff5-dca136bc65a1,74,1fc57e5f-0726-4d8a-ad9f-a80ad1261516,Snake2,96,10,1
b558bac5-4f0f-43d5-bff5-dca136bc65a1,74,b93477bf-84f3-406e-83aa-e4bf1bee3be7,Snake3,77,5,0
b558bac5-4f0f-43d5-bff5-dca136bc65a1,75,afd23d6b-2b3f-4207-8794-69c5ef3aca0b,Snake4,97,11,1
b558bac5-4f0f-43d5-bff5-dca136bc65a1,75,3c654172-a32d-4478-85a1-eaac22045634,Snake1,19,8,1
b558bac5-4f0f-43d5-bff5-dca136bc65a1,75,1fc57e5f-0726-4d8a-ad9f-a80ad1261516,Snake2,95,10,1
b558bac5-4f0f-43d5-bff5-dca136bc65a1,75,b93477bf-84f3-406e-83aa-e4bf1bee3be7,Snake3,77,5,0
b558bac5-4f0f-43d5-bff5-dca136bc65a1,75,afd23d6b-2b3f-4207-8794-69c5ef3aca0b,Snake4,97,11,1
b558bac5-4f0f-43d5-bff5-dca136bc65a1,75,3c654172-a32d-4478-85a1-eaac22045634,Snake1,19,8,1
b558bac5-4f0f-43d5-bff5-dca136bc65a1,75,1fc57e5f-0726-4d8a-ad9f-a80ad1261516,Snake2,95,10,1
b558bac5-4f0f-43d5-bff5-dca136bc65a1,75,b93477bf-84f3-406e-83aa-e4bf1bee3be7,Snake3,77,5,0
b558bac5-4f0f-43d5-bff5-dca136bc65a1,76,afd23d6b-2b3f-4207-8794-69c5ef3aca0b,Snake4,96,11,1
b558bac5-4f0f-43d5-bff5-dca136bc65a1,76,3c654172-a32d-4478-85a1-eaac22045634,Snake1,18,8,1
b558bac5-4f0f-43d5-bff5-dca136bc65a1,76,1fc57e5f-0726-4d8a-ad9f-a80ad1261516,Snake2,94,10,1
b558bac5-4f0f-43d5-bff5-dca136bc65a1,76,b93477bf-84f3-406e-83aa-e4bf1bee3be7,Snake3,77,5,0
b558bac5-4f0f-43d5-bff5-dca136bc65a1,76,afd23d6b-2b3f-4207-8794-69c5ef3aca0b,Snake4,96,11,1
b558bac5-4f0f-43d5-bff5-dca136bc65a1,76,3c654172-a32d-4478-85a1-eaac22045634,Snake1,18,8,1
b558bac5-4f0f-43d5-bff5-dca136bc65a1,76,1fc57e5f-0726-4d8a-ad9f-a80ad1261516,Snake2,94,10,1
b558bac5-4f0f-43d5-bff5-dca136bc65a1,76,b93477bf-84f3-406e-83aa-e4bf1bee3be7,Snake3,77,5,0
b558bac5-4f0f-43d5-bff5-dca136bc65a1,77,afd23d6b-2b3f-4207-8794-69c5ef3aca0b,Snake4,95,11,1
b558bac5-4f0f-43d5-bff5-dca136bc65a1,77,1fc57e5f-0726-4d8a-ad9f-a80ad1261516,Snake2,93,10,1
b558bac5-4f0f-43d5-bff5-dca136bc65a1,77,b93477bf-84f3-406e-83aa-e4bf1bee3be7,Snake3,77,5,0
b558bac5-4f0f-43d5-bff5-dca136bc65a1,77,3c654172-a32d-4478-85a1-eaac22045634,Snake1,18,8,0
b558bac5-4f0f-43d5-bff5-dca136bc65a1,78,afd23d6b-2b3f-4207-8794-69c5ef3aca0b,Snake4,94,11,1
b558bac5-4f0f-43d5-bff5-dca136bc65a1,78,1fc57e5f-0726-4d8a-ad9f-a80ad1261516,Snake2,92,10,1
b558bac5-4f0f-43d5-bff5-dca136bc65a1,78,b93477bf-84f3-406e-83aa-e4bf1bee3be7,Snake3,77,5,0
b558bac5-4f0f-43d5-bff5-dca136bc65a1,78,3c654172-a32d-4478-85a1-eaac22045634,Snake1,18,8,0
b558bac5-4f0f-43d5-bff5-dca136bc65a1,78,afd23d6b-2b3f-4207-8794-69c5ef3aca0b,Snake4,94,11,1
b558bac5-4f0f-43d5-bff5-dca136bc65a1,78,1fc57e5f-0726-4d8a-ad9f-a80ad1261516,Snake2,92,10,1
b558bac5-4f0f-43d5-bff5-dca136bc65a1,78,b93477bf-84f3-406e-83aa-e4bf1bee3be7,Snake3,77,5,0
b558bac5-4f0f-43d5-bff5-dca136bc65a1,78,3c654172-a32d-4478-85a1-eaac22045634,Snake1,18,8,0
b558bac5-4f0f-43d5-bff5-dca136bc65a1,79,afd23d6b-2b3f-4207-8794-69c5ef3aca0b,Snake4,93,11,1
b558bac5-4f0f-43d5-bff5-dca136bc65a1,79,1fc57e5f-0726-4d8a-ad9f-a80ad1261516,Snake2,91,10,1
b558bac5-4f0f-43d5-bff5-dca136bc65a1,79,b93477bf-84f3-406e-83aa-e4bf1bee3be7,Snake3,77,5,0
b558bac5-4f0f-43d5-bff5-dca136bc65a1,79,3c654172-a32d-4478-85a1-eaac22045634,Snake1,18,8,0
b558bac5-4f0f-43d5-bff5-dca136bc65a1,79,afd23d6b-2b3f-4207-8794-69c5ef3aca0b,Snake4,93,11,1
b558bac5-4f0f-43d5-bff5-dca136bc65a1,79,1fc57e5f-0726-4d8a-ad9f-a80ad1261516,Snake2,91,10,1
b558bac5-4f0f-43d5-bff5-dca136bc65a1,79,b93477bf-84f3-406e-83aa-e4bf1bee3be7,Snake3,77,5,0
b558bac5-4f0f-43d5-bff5-dca136bc65a1,79,3c654172-a32d-4478-85a1-eaac22045634,Snake1,18,8,0
b558bac5-4f0f-43d5-bff5-dca136bc65a1,80,afd23d6b-2b3f-4207-8794-69c5ef3aca0b,Snake4,92,11,1
b558bac5-4f0f-43d5-bff5-dca136bc65a1,80,1fc57e5f-0726-4d8a-ad9f-a80ad1261516,Snake2,90,10,1
b558bac5-4f0f-43d5-bff5-dca136bc65a1,80,b93477bf-84f3-406e-83aa-e4bf1bee3be7,Snake3,77,5,0
b558bac5-4f0f-43d5-bff5-dca136bc65a1,80,3c654172-a32d-4478-85a1-eaac22045634,Snake1,18,8,0
b558bac5-4f0f-43d5-bff5-dca136bc65a1,80,afd23d6b-2b3f-4207-8794-69c5ef3aca0b,Snake4,92,11,1
b558bac5-4f0f-43d5-bff5-dca136bc65a1,80,1fc57e5f-0726-4d8a-ad9f-a80ad1261516,Snake2,90,10,1
b558bac5-4f0f-43d5-bff5-dca136bc65a1,80,b93477bf-84f3-406e-83aa-e4bf1bee3be7,Snake3,77,5,0
b558bac5-4f0f-43d5-bff5-dca136bc65a1,80,3c654172-a32d-4478-85a1-eaac22045634,Snake1,18,8,0
b558bac5-4f0f-43d5-bff5-dca136bc65a1,81,afd23d6b-2b3f-4207-8794-69c5ef3aca0b,Snake4,91,11,1
b558bac5-4f0f-43d5-bff5-dca136bc65a1,81,1fc57e5f-0726-4d8a-ad9f-a80ad1261516,Snake2,89,10,1
b558bac5-4f0f-43d5-bff5-dca136bc65a1,81,b93477bf-84f3-406e-83aa-e4bf1bee3be7,Snake3,77,5,0
b558bac5-4f0f-43d5-bff5-dca136bc65a1,81,3c654172-a32d-4478-85a1-eaac22045634,Snake1,18,8,0
b558bac5-4f0f-43d5-bff5-dca136bc65a1,81,afd23d6b-2b3f-4207-8794-69c5ef3aca0b,Snake4,91,11,1
b558bac5-4f0f-43d5-bff5-dca136bc65a1,81,1fc57e5f-0726-4d8a-ad9f-a80ad1261516,Snake2,89,10,1
b558bac5-4f0f-43d5-bff5-dca136bc65a1,81,b93477bf-84f3-406e-83aa-e4bf1bee3be7,Snake3,77,5,0
b558bac5-4f0f-43d5-bff5-dca136bc65a1,81,3c654172-a32d-4478-85a1-eaac22045634,Snake1,18,8,0
b558bac5-4f0f-43d5-bff5-dca136bc65a1,82,afd23d6b-2b3f-4207-8794-69c5ef3aca0b,Snake4,90,11,1
b558bac5-4f0f-43d5-bff5-dca136bc65a1,82,1fc57e5f-0726-4d8a-ad9f-a80ad1261516,Snake2,88,10,1
b558bac5-4f0f-43d5-bff5-dca136bc65a1,82,b93477bf-84f3-406e-83aa-e4bf1bee3be7,Snake3,77,5,0
b558bac5-4f0f-43d5-bff5-dca136bc65a1,82,3c654172-a32d-4478-85a1-eaac22045634,Snake1,18,8,0
b558bac5-4f0f-43d5-bff5-dca136bc65a1,82,afd23d6b-2b3f-4207-8794-69c5ef3aca0b,Snake4,90,11,1
b558bac5-4f0f-43d5-bff5-dca136bc65a1,82,1fc57e5f-0726-4d8a-ad9f-a80ad1261516,Snake2,88,10,1
b558bac5-4f0f-43d5-bff5-dca136bc65a1,82,b93477bf-84f3-406e-83aa-e4bf1bee3be7,Snake3,77,5,0
b558bac5-4f0f-43d5-bff5-dca136bc65a1,82,3c654172-a32d-4478-85a1-eaac22045634,Snake1,18,8,0
b558bac5-4f0f-43d5-bff5-dca136bc65a1,83,afd23d6b-2b3f-4207-8794-69c5ef3aca0b,Snake4,89,11,1
b558bac5-4f0f-43d5-bff5-dca136bc65a1,83,1fc57e5f-0726-4d8a-ad9f-a80ad1261516,Snake2,87,10,1
b558bac5-4f0f-43d5-bff5-dca136bc65a1,83,b93477bf-84f3-406e-83aa-e4bf1bee3be7,Snake3,77,5,0
b558bac5-4f0f-43d5-bff5-dca136bc65a1,83,3c654172-a32d-4478-85a1-eaac22045634,Snake1,18,8,0
b558bac5-4f0f-43d5-bff5-dca136bc65a1,83,afd23d6b-2b3f-4207-8794-69c5ef3aca0b,Snake4,89,11,1
b558bac5-4f0f-43d5-bff5-dca136bc65a1,83,1fc57e5f-0726-4d8a-ad9f-a80ad1261516,Snake2,87,10,1
b558bac5-4f0f-43d5-bff5-dca136bc65a1,83,b93477bf-84f3-406e-83aa-e4bf1bee3be7,Snake3,77,5,0
b558bac5-4f0f-43d5-bff5-dca136bc65a1,83,3c654172-a32d-4478-85a1-eaac22045634,Snake1,18,8,0
b558bac5-4f0f-43d5-bff5-dca136bc65a1,84,afd23d6b-2b3f-4207-8794-69c5ef3aca0b,Snake4,88,11,1
b558bac5-4f0f-43d5-bff5-dca136bc65a1,84,1fc57e5f-0726-4d8a-ad9f-a80ad1261516,Snake2,86,10,1
b558bac5-4f0f-43d5-bff5-dca136bc65a1,84,b93477bf-84f3-406e-83aa-e4bf1bee3be7,Snake3,77,5,0
b558bac5-4f0f-43d5-bff5-dca136bc65a1,84,3c654172-a32d-4478-85a1-eaac22045634,Snake1,18,8,0
b558bac5-4f0f-43d5-bff5-dca136bc65a1,84,afd23d6b-2b3f-4207-8794-69c5ef3aca0b,Snake4,88,11,1
b558bac5-4f0f-43d5-bff5-dca136bc65a1,84,1fc57e5f-0726-4d8a-ad9f-a80ad1261516,Snake2,86,10,1
b558bac5-4f0f-43d5-bff5-dca136bc65a1,84,b93477bf-84f3-406e-83aa-e4bf1bee3be7,Snake3,77,5,0
b558bac5-4f0f-43d5-bff5-dca136bc65a1,84,3c654172-a32d-4478-85a1-eaac22045634,Snake1,18,8,0
b558bac5-4f0f-43d5-bff5-dca136bc65a1,85,afd23d6b-2b3f-4207-8794-69c5ef3aca0b,Snake4,87,11,1
b558bac5-4f0f-43d5-bff5-dca136bc65a1,85,1fc57e5f-0726-4d8a-ad9f-a80ad1261516,Snake2,85,10,1
b558bac5-4f0f-43d5-bff5-dca136bc65a1,85,b93477bf-84f3-406e-83aa-e4bf1bee3be7,Snake3,77,5,0
b558bac5-4f0f-43d5-bff5-dca136bc65a1,85,3c654172-a32d-4478-85a1-eaac22045634,Snake1,18,8,0
b558bac5-4f0f-43d5-bff5-dca136bc65a1,85,afd23d6b-2b3f-4207-8794-69c5ef3aca0b,Snake4,87,11,1
b558bac5-4f0f-43d5-bff5-dca136bc65a1,85,1fc57e5f-0726-4d8a-ad9f-a80ad1261516,Snake2,85,10,1
b558bac5-4f0f-43d5-bff5-dca136bc65a1,85,b93477bf-84f3-406e-83aa-e4bf1bee3be7,Snake3,77,5,0
b558bac5-4f0f-43d5-bff5-dca136bc65a1,85,3c654172-a32d-4478-85a1-eaac22045634,Snake1,18,8,0
b558bac5-4f0f-43d5-bff5-dca136bc65a1,86,afd23d6b-2b3f-4207-8794-69c5ef3aca0b,Snake4,86,11,1
b558bac5-4f0f-43d5-bff5-dca136bc65a1,86,1fc57e5f-0726-4d8a-ad9f-a80ad1261516,Snake2,84,10,1
b558bac5-4f0f-43d5-bff5-dca136bc65a1,86,b93477bf-84f3-406e-83aa-e4bf1bee3be7,Snake3,77,5,0
b558bac5-4f0f-43d5-bff5-dca136bc65a1,86,3c654172-a32d-4478-85a1-eaac22045634,Snake1,18,8,0
b558bac5-4f0f-43d5-bff5-dca136bc65a1,86,afd23d6b-2b3f-4207-8794-69c5ef3aca0b,Snake4,86,11,1
b558bac5-4f0f-43d5-bff5-dca136bc65a1,86,1fc57e5f-0726-4d8a-ad9f-a80ad1261516,Snake2,84,10,1
b558bac5-4f0f-43d5-bff5-dca136bc65a1,86,b93477bf-84f3-406e-83aa-e4bf1bee3be7,Snake3,77,5,0
b558bac5-4f0f-43d5-bff5-dca136bc65a1,86,3c654172-a32d-4478-85a1-eaac22045634,Snake1,18,8,0
b558bac5-4f0f-43d5-bff5-dca136bc65a1,87,afd23d6b-2b3f-4207-8794-69c5ef3aca0b,Snake4,85,11,1
b558bac5-4f0f-43d5-bff5-dca136bc65a1,87,1fc57e5f-0726-4d8a-ad9f-a80ad1261516,Snake2,83,10,1
b558bac5-4f0f-43d5-bff5-dca136bc65a1,87,b93477bf-84f3-406e-83aa-e4bf1bee3be7,Snake3,77,5,0
b558bac5-4f0f-43d5-bff5-dca136bc65a1,87,3c654172-a32d-4478-85a1-eaac22045634,Snake1,18,8,0
b558bac5-4f0f-43d5-bff5-dca136bc65a1,87,afd23d6b-2b3f-4207-8794-69c5ef3aca0b,Snake4,85,11,1
b558bac5-4f0f-43d5-bff5-dca136bc65a1,87,1fc57e5f-0726-4d8a-ad9f-a80ad1261516,Snake2,83,10,1
b558bac5-4f0f-43d5-bff5-dca136bc65a1,87,b93477bf-84f3-406e-83aa-e4bf1bee3be7,Snake3,77,5,0
b558bac5-4f0f-43d5-bff5-dca136bc65a1,87,3c654172-a32d-4478-85a1-eaac22045634,Snake1,18,8,0
b558bac5-4f0f-43d5-bff5-dca136bc65a1,88,afd23d6b-2b3f-4207-8794-69c5ef3aca0b,Snake4,84,11,1
b558bac5-4f0f-43d5-bff5-dca136bc65a1,88,1fc57e5f-0726-4d8a-ad9f-a80ad1261516,Snake2,82,10,1
b558bac5-4f0f-43d5-bff5-dca136bc65a1,88,b93477bf-84f3-406e-83aa-e4bf1bee3be7,Snake3,77,5,0
b558bac5-4f0f-43d5-bff5-dca136bc65a1,88,3c654172-a32d-4478-85a1-eaac22045634,Snake1,18,8,0
b558bac5-4f0f-43d5-bff5-dca136bc65a1,89,afd23d6b-2b3f-4207-8794-69c5ef3aca0b,Snake4,83,11,1
b558bac5-4f0f-43d5-bff5-dca136bc65a1,89,1fc57e5f-0726-4d8a-ad9f-a80ad1261516,Snake2,81,10,1
b558bac5-4f0f-43d5-bff5-dca136bc65a1,89,b93477bf-84f3-406e-83aa-e4bf1bee3be7,Snake3,77,5,0
b558bac5-4f0f-43d5-bff5-dca136bc65a1,89,3c654172-a32d-4478-85a1-eaac22045634,Snake1,18,8,0
b558bac5-4f0f-43d5-bff5-dca136bc65a1,89,afd23d6b-2b3f-4207-8794-69c5ef3aca0b,Snake4,83,11,1
b558bac5-4f0f-43d5-bff5-dca136bc65a1,89,1fc57e5f-0726-4d8a-ad9f-a80ad1261516,Snake2,81,10,1
b558bac5-4f0f-43d5-bff5-dca136bc65a1,89,b93477bf-84f3-406e-83aa-e4bf1bee3be7,Snake3,77,5,0
b558bac5-4f0f-43d5-bff5-dca136bc65a1,89,3c654172-a32d-4478-85a1-eaac22045634,Snake1,18,8,0
b558bac5-4f0f-43d5-bff5-dca136bc65a1,90,afd23d6b-2b3f-4207-8794-69c5ef3aca0b,Snake4,82,11,1
b558bac5-4f0f-43d5-bff5-dca136bc65a1,90,1fc57e5f-0726-4d8a-ad9f-a80ad1261516,Snake2,80,10,1
b558bac5-4f0f-43d5-bff5-dca136bc65a1,90,b93477bf-84f3-406e-83aa-e4bf1bee3be7,Snake3,77,5,0
b558bac5-4f0f-43d5-bff5-dca136bc65a1,90,3c654172-a32d-4478-85a1-eaac22045634,Snake1,18,8,0
b558bac5-4f0f-43d5-bff5-dca136bc65a1,90,afd23d6b-2b3f-4207-8794-69c5ef3aca0b,Snake4,82,11,1
b558bac5-4f0f-43d5-bff5-dca136bc65a1,90,1fc57e5f-0726-4d8a-ad9f-a80ad1261516,Snake2,80,10,1
b558bac5-4f0f-43d5-bff5-dca136bc65a1,90,b93477bf-84f3-406e-83aa-e4bf1bee3be7,Snake3,77,5,0
b558bac5-4f0f-43d5-bff5-dca136bc65a1,90,3c654172-a32d-4478-85a1-eaac22045634,Snake1,18,8,0
b558bac5-4f0f-43d5-bff5-dca136bc65a1,91,afd23d6b-2b3f-4207-8794-69c5ef3aca0b,Snake4,81,11,1
b558bac5-4f0f-43d5-bff5-dca136bc65a1,91,1fc57e5f-0726-4d8a-ad9f-a80ad1261516,Snake2,100,11,1
b558bac5-4f0f-43d5-bff5-dca136bc65a1,91,b93477bf-84f3-406e-83aa-e4bf1bee3be7,Snake3,77,5,0
b558bac5-4f0f-43d5-bff5-dca136bc65a1,91,3c654172-a32d-4478-85a1-eaac22045634,Snake1,18,8,0
b558bac5-4f0f-43d5-bff5-dca136bc65a1,91,afd23d6b-2b3f-4207-8794-69c5ef3aca0b,Snake4,81,11,1
b558bac5-4f0f-43d5-bff5-dca136bc65a1,91,1fc57e5f-0726-4d8a-ad9f-a80ad1261516,Snake2,100,11,1
b558bac5-4f0f-43d5-bff5-dca136bc65a1,91,b93477bf-84f3-406e-83aa-e4bf1bee3be7,Snake3,77,5,0
b558bac5-4f0f-43d5-bff5-dca136bc65a1,91,3c654172-a32d-4478-85a1-eaac22045634,Snake1,18,8,0
b558bac5-4f0f-43d5-bff5-dca136bc65a1,92,afd23d6b-2b3f-4207-8794-69c5ef3aca0b,Snake4,80,11,1
b558bac5-4f0f-43d5-bff5-dca136bc65a1,92,1fc57e5f-0726-4d8a-ad9f-a80ad1261516,Snake2,99,11,1
b558bac5-4f0f-43d5-bff5-dca136bc65a1,92,b93477bf-84f3-406e-83aa-e4bf1bee3be7,Snake3,77,5,0
b558bac5-4f0f-43d5-bff5-dca136bc65a1,92,3c654172-a32d-4478-85a1-eaac22045634,Snake1,18,8,0
b558bac5-4f0f-43d5-bff5-dca136bc65a1,92,afd23d6b-2b3f-4207-8794-69c5ef3aca0b,Snake4,80,11,1
b558bac5-4f0f-43d5-bff5-dca136bc65a1,92,1fc57e5f-0726-4d8a-ad9f-a80ad1261516,Snake2,99,11,1
b558bac5-4f0f-43d5-bff5-dca136bc65a1,92,b93477bf-84f3-406e-83aa-e4bf1bee3be7,Snake3,77,5,0
b558bac5-4f0f-43d5-bff5-dca136bc65a1,92,3c654172-a32d-4478-85a1-eaac22045634,Snake1,18,8,0
b558bac5-4f0f-43d5-bff5-dca136bc65a1,93,afd23d6b-2b3f-4207-8794-69c5ef3aca0b,Snake4,79,11,1
b558bac5-4f0f-43d5-bff5-dca136bc65a1,93,1fc57e5f-0726-4d8a-ad9f-a80ad1261516,Snake2,98,11,1
b558bac5-4f0f-43d5-bff5-dca136bc65a1,93,b93477bf-84f3-406e-83aa-e4bf1bee3be7,Snake3,77,5,0
b558bac5-4f0f-43d5-bff5-dca136bc65a1,93,3c654172-a32d-4478-85a1-eaac22045634,Snake1,18,8,0
b558bac5-4f0f-43d5-bff5-dca136bc65a1,93,afd23d6b-2b3f-4207-8794-69c5ef3aca0b,Snake4,79,11,1
b558bac5-4f0f-43d5-bff5-dca136bc65a1,93,1fc57e5f-0726-4d8a-ad9f-a80ad1261516,Snake2,98,11,1
b558bac5-4f0f-43d5-bff5-dca136bc65a1,93,b93477bf-84f3-406e-83aa-e4bf1bee3be7,Snake3,77,5,0
b558bac5-4f0f-43d5-bff5-dca136bc65a1,93,3c654172-a32d-4478-85a1-eaac22045634,Snake1,18,8,0
b558bac5-4f0f-43d5-bff5-dca136bc65a1,94,afd23d6b-2b3f-4207-8794-69c5ef3aca0b,Snake4,78,11,1
b558bac5-4f0f-43d5-bff5-dca136bc65a1,94,1fc57e5f-0726-4d8a-ad9f-a80ad1261516,Snake2,97,11,1
b558bac5-4f0f-43d5-bff5-dca136bc65a1,94,b93477bf-84f3-406e-83aa-e4bf1bee3be7,Snake3,77,5,0
b558bac5-4f0f-43d5-bff5-dca136bc65a1,94,3c654172-a32d-4478-85a1-eaac22045634,Snake1,18,8,0
b558bac5-4f0f-43d5-bff5-dca136bc65a1,94,afd23d6b-2b3f-4207-8794-69c5ef3aca0b,Snake4,78,11,1
b558bac5-4f0f-43d5-bff5-dca136bc65a1,94,1fc57e5f-0726-4d8a-ad9f-a80ad1261516,Snake2,97,11,1
b558bac5-4f0f-43d5-bff5-dca136bc65a1,94,b93477bf-84f3-406e-83aa-e4bf1bee3be7,Snake3,77,5,0
b558bac5-4f0f-43d5-bff5-dca136bc65a1,94,3c654172-a32d-4478-85a1-eaac22045634,Snake1,18,8,0
b558bac5-4f0f-43d5-bff5-dca136bc65a1,95,afd23d6b-2b3f-4207-8794-69c5ef3aca0b,Snake4,77,11,1
b558bac5-4f0f-43d5-bff5-dca136bc65a1,95,1fc57e5f-0726-4d8a-ad9f-a80ad1261516,Snake2,96,11,1
b558bac5-4f0f-43d5-bff5-dca136bc65a1,95,b93477bf-84f3-406e-83aa-e4bf1bee3be7,Snake3,77,5,0
b558bac5-4f0f-43d5-bff5-dca136bc65a1,95,3c654172-a32d-4478-85a1-eaac22045634,Snake1,18,8,0
b558bac5-4f0f-43d5-bff5-dca136bc65a1,95,afd23d6b-2b3f-4207-8794-69c5ef3aca0b,Snake4,77,11,1
b558bac5-4f0f-43d5-bff5-dca136bc65a1,95,1fc57e5f-0726-4d8a-ad9f-a80ad1261516,Snake2,96,11,1
b558bac5-4f0f-43d5-bff5-dca136bc65a1,95,b93477bf-84f3-406e-83aa-e4bf1bee3be7,Snake3,77,5,0
b558bac5-4f0f-43d5-bff5-dca136bc65a1,95,3c654172-a32d-4478-85a1-eaac22045634,Snake1,18,8,0
b558bac5-4f0f-43d5-bff5-dca136bc65a1,96,afd23d6b-2b3f-4207-8794-69c5ef3aca0b,Snake4,76,11,1
b558bac5-4f0f-43d5-bff5-dca136bc65a1,96,1fc57e5f-0726-4d8a-ad9f-a80ad1261516,Snake2,95,11,1
b558bac5-4f0f-43d5-bff5-dca136bc65a1,96,b93477bf-84f3-406e-83aa-e4bf1bee3be7,Snake3,77,5,0
b558bac5-4f0f-43d5-bff5-dca136bc65a1,96,3c654172-a32d-4478-85a1-eaac22045634,Snake1,18,8,0
b558bac5-4f0f-43d5-bff5-dca136bc65a1,96,afd23d6b-2b3f-4207-8794-69c5ef3aca0b,Snake4,76,11,1
b558bac5-4f0f-43d5-bff5-dca136bc65a1,96,1fc57e5f-0726-4d8a-ad9f-a80ad1261516,Snake2,95,11,1
b558bac5-4f0f-43d5-bff5-dca136bc65a1,96,b93477bf-84f3-406e-83aa-e4bf1bee3be7,Snake3,77,5,0
b558bac5-4f0f-43d5-bff5-dca136bc65a1,96,3c654172-a32d-4478-85a1-eaac22045634,Snake1,18,8,0
b558bac5-4f0f-43d5-bff5-dca136bc65a1,97,afd23d6b-2b3f-4207-8794-69c5ef3aca0b,Snake4,75,11,1
b558bac5-4f0f-43d5-bff5-dca136bc65a1,97,1fc57e5f-0726-4d8a-ad9f-a80ad1261516,Snake2,94,11,1
b558bac5-4f0f-43d5-bff5-dca136bc65a1,97,b93477bf-84f3-406e-83aa-e4bf1bee3be7,Snake3,77,5,0
b558bac5-4f0f-43d5-bff5-dca136bc65a1,97,3c654172-a32d-4478-85a1-eaac22045634,Snake1,18,8,0
b558bac5-4f0f-43d5-bff5-dca136bc65a1,98,afd23d6b-2b3f-4207-8794-69c5ef3aca0b,Snake4,74,11,1
b558bac5-4f0f-43d5-bff5-dca136bc65a1,98,1fc57e5f-0726-4d8a-ad9f-a80ad1261516,Snake2,93,11,1
b558bac5-4f0f-43d5-bff5-dca136bc65a1,98,b93477bf-84f3-406e-83aa-e4bf1bee3be7,Snake3,77,5,0
b558bac5-4f0f-43d5-bff5-dca136bc65a1,98,3c654172-a32d-4478-85a1-eaac22045634,Snake1,18,8,0
b558bac5-4f0f-43d5-bff5-dca136bc65a1,98,afd23d6b-2b3f-4207-8794-69c5ef3aca0b,Snake4,74,11,1
b558bac5-4f0f-43d5-bff5-dca136bc65a1,98,1fc57e5f-0726-4d8a-ad9f-a80ad1261516,Snake2,93,11,1
b558bac5-4f0f-43d5-bff5-dca136bc65a1,98,b93477bf-84f3-406e-83aa-e4bf1bee3be7,Snake3,77,5,0
b558bac5-4f0f-43d5-bff5-dca136bc65a1,98,3c654172-a32d-4478-85a1-eaac22045634,Snake1,18,8,0
b558bac5-4f0f-43d5-bff5-dca136bc65a1,99,afd23d6b-2b3f-4207-8794-69c5ef3aca0b,Snake4,73,11,1
b558bac5-4f0f-43d5-bff5-dca136bc65a1,99,1fc57e5f-0726-4d8a-ad9f-a80ad1261516,Snake2,92,11,1
b558bac5-4f0f-43d5-bff5-dca136bc65a1,99,b93477bf-84f3-406e-83aa-e4bf1bee3be7,Snake3,77,5,0
b558bac5-4f0f-43d5-bff5-dca136bc65a1,99,3c654172-a32d-4478-85a1-eaac22045634,Snake1,18,8,0
b558bac5-4f0f-43d5-bff5-dca136bc65a1,99,afd23d6b-2b3f-4207-8794-69c5ef3aca0b,Snake4,73,11,1
b558bac5-4f0f-43d5-bff5-dca136bc65a1,99,1fc57e5f-0726-4d8a-ad9f-a80ad1261516,Snake2,92,11,1
b558bac5-4f0f-43d5-bff5-dca136bc65a1,99,b93477bf-84f3-406e-83aa-e4bf1bee3be7,Snake3,77,5,0
b558bac5-4f0f-43d5-bff5-dca136bc65a1,99,3c654172-a32d-4478-85a1-eaac22045634,Snake1,18,8,0
b558bac5-4f0f-43d5-bff5-dca136bc65a1,100,afd23d6b-2b3f-4207-8794-69c5ef3aca0b,Snake4,72,11,1
b558bac5-4f0f-43d5-bff5-dca136bc65a1,100,1fc57e5f-0726-4d8a-ad9f-a80ad1261516,Snake2,91,11,1
b558bac5-4f0f-43d5-bff5-dca136bc65a1,100,b93477bf-84f3-406e-83aa-e4bf1bee3be7,Snake3,77,5,0
b558bac5-4f0f-43d5-bff5-dca136bc65a1,100,3c654172-a32d-4478-85a1-eaac22045634,Snake1,18,8,0
b558bac5-4f0f-43d5-bff5-dca136bc65a1,101,afd23d6b-2b3f-4207-8794-69c5ef3aca0b,Snake4,71,11,1
b558bac5-4f0f-43d5-bff5-dca136bc65a1,101,1fc57e5f-0726-4d8a-ad9f-a80ad1261516,Snake2,90,11,1
b558bac5-4f0f-43d5-bff5-dca136bc65a1,101,b93477bf-84f3-406e-83aa-e4bf1bee3be7,Snake3,77,5,0
b558bac5-4f0f-43d5-bff5-dca136bc65a1,101,3c654172-a32d-4478-85a1-eaac22045634,Snake1,18,8,0
b558bac5-4f0f-43d5-bff5-dca136bc65a1,101,afd23d6b-2b3f-4207-8794-69c5ef3aca0b,Snake4,71,11,1
b558bac5-4f0f-43d5-bff5-dca136bc65a1,101,1fc57e5f-0726-4d8a-ad9f-a80ad1261516,Snake2,90,11,1
b558bac5-4f0f-43d5-bff5-dca136bc65a1,101,b93477bf-84f3-406e-83aa-e4bf1bee3be7,Snake3,77,5,0
b558bac5-4f0f-43d5-bff5-dca136bc65a1,101,3c654172-a32d-4478-85a1-eaac22045634,Snake1,18,8,0
b558bac5-4f0f-43d5-bff5-dca136bc65a1,102,afd23d6b-2b3f-4207-8794-69c5ef3aca0b,Snake4,70,11,1
b558bac5-4f0f-43d5-bff5-dca136bc65a1,102,1fc57e5f-0726-4d8a-ad9f-a80ad1261516,Snake2,89,11,1
b558bac5-4f0f-43d5-bff5-dca136bc65a1,102,b93477bf-84f3-406e-83aa-e4bf1bee3be7,Snake3,77,5,0
b558bac5-4f0f-43d5-bff5-dca136bc65a1,102,3c654172-a32d-4478-85a1-eaac22045634,Snake1,18,8,0
b558bac5-4f0f-43d5-bff5-dca136bc65a1,102,afd23d6b-2b3f-4207-8794-69c5ef3aca0b,Snake4,70,11,1
b558bac5-4f0f-43d5-bff5-dca136bc65a1,102,1fc57e5f-0726-4d8a-ad9f-a80ad1261516,Snake2,89,11,1
b558bac5-4f0f-43d5-bff5-dca136bc65a1,102,b93477bf-84f3-406e-83aa-e4bf1bee3be7,Snake3,77,5,0
b558bac5-4f0f-43d5-bff5-dca136bc65a1,102,3c654172-a32d-4478-85a1-eaac22045634,Snake1,18,8,0
b558bac5-4f0f-43d5-bff5-dca136bc65a1,103,afd23d6b-2b3f-4207-8794-69c5ef3aca0b,Snake4,69,11,1
b558bac5-4f0f-43d5-bff5-dca136bc65a1,103,1fc57e5f-0726-4d8a-ad9f-a80ad1261516,Snake2,88,11,1
b558bac5-4f0f-43d5-bff5-dca136bc65a1,103,b93477bf-84f3-406e-83aa-e4bf1bee3be7,Snake3,77,5,0
b558bac5-4f0f-43d5-bff5-dca136bc65a1,103,3c654172-a32d-4478-85a1-eaac22045634,Snake1,18,8,0
b558bac5-4f0f-43d5-bff5-dca136bc65a1,103,afd23d6b-2b3f-4207-8794-69c5ef3aca0b,Snake4,69,11,1
b558bac5-4f0f-43d5-bff5-dca136bc65a1,103,1fc57e5f-0726-4d8a-ad9f-a80ad1261516,Snake2,88,11,1
b558bac5-4f0f-43d5-bff5-dca136bc65a1,103,b93477bf-84f3-406e-83aa-e4bf1bee3be7,Snake3,77,5,0
b558bac5-4f0f-43d5-bff5-dca136bc65a1,103,3c654172-a32d-4478-85a1-eaac22045634,Snake1,18,8,0
b558bac5-4f0f-43d5-bff5-dca136bc65a1,104,afd23d6b-2b3f-4207-8794-69c5ef3aca0b,Snake4,68,11,1
b558bac5-4f0f-43d5-bff5-dca136bc65a1,104,1fc57e5f-0726-4d8a-ad9f-a80ad1261516,Snake2,87,11,1
b558bac5-4f0f-43d5-bff5-dca136bc65a1,104,b93477bf-84f3-406e-83aa-e4bf1bee3be7,Snake3,77,5,0
b558bac5-4f0f-43d5-bff5-dca136bc65a1,104,3c654172-a32d-4478-85a1-eaac22045634,Snake1,18,8,0
b558bac5-4f0f-43d5-bff5-dca136bc65a1,104,afd23d6b-2b3f-4207-8794-69c5ef3aca0b,Snake4,68,11,1
b558bac5-4f0f-43d5-bff5-dca136bc65a1,104,1fc57e5f-0726-4d8a-ad9f-a80ad1261516,Snake2,87,11,1
b558bac5-4f0f-43d5-bff5-dca136bc65a1,104,b93477bf-84f3-406e-83aa-e4bf1bee3be7,Snake3,77,5,0
b558bac5-4f0f-43d5-bff5-dca136bc65a1,104,3c654172-a32d-4478-85a1-eaac22045634,Snake1,18,8,0
b558bac5-4f0f-43d5-bff5-dca136bc65a1,105,afd23d6b-2b3f-4207-8794-69c5ef3aca0b,Snake4,67,11,1
b558bac5-4f0f-43d5-bff5-dca136bc65a1,105,1fc57e5f-0726-4d8a-ad9f-a80ad1261516,Snake2,86,11,1
b558bac5-4f0f-43d5-bff5-dca136bc65a1,105,b93477bf-84f3-406e-83aa-e4bf1bee3be7,Snake3,77,5,0
b558bac5-4f0f-43d5-bff5-dca136bc65a1,105,3c654172-a32d-4478-85a1-eaac22045634,Snake1,18,8,0
b558bac5-4f0f-43d5-bff5-dca136bc65a1,106,afd23d6b-2b3f-4207-8794-69c5ef3aca0b,Snake4,66,11,1
b558bac5-4f0f-43d5-bff5-dca136bc65a1,106,1fc57e5f-0726-4d8a-ad9f-a80ad1261516,Snake2,85,11,1
b558bac5-4f0f-43d5-bff5-dca136bc65a1,106,b93477bf-84f3-406e-83aa-e4bf1bee3be7,Snake3,77,5,0
b558bac5-4f0f-43d5-bff5-dca136bc65a1,106,3c654172-a32d-4478-85a1-eaac22045634,Snake1,18,8,0
b558bac5-4f0f-43d5-bff5-dca136bc65a1,106,afd23d6b-2b3f-4207-8794-69c5ef3aca0b,Snake4,66,11,1
b558bac5-4f0f-43d5-bff5-dca136bc65a1,106,1fc57e5f-0726-4d8a-ad9f-a80ad1261516,Snake2,85,11,1
b558bac5-4f0f-43d5-bff5-dca136bc65a1,106,b93477bf-84f3-406e-83aa-e4bf1bee3be7,Snake3,77,5,0
b558bac5-4f0f-43d5-bff5-dca136bc65a1,106,3c654172-a32d-4478-85a1-eaac22045634,Snake1,18,8,0
b558bac5-4f0f-43d5-bff5-dca136bc65a1,107,afd23d6b-2b3f-4207-8794-69c5ef3aca0b,Snake4,65,11,1
b558bac5-4f0f-43d5-bff5-dca136bc65a1,107,1fc57e5f-0726-4d8a-ad9f-a80ad1261516,Snake2,84,11,1
b558bac5-4f0f-43d5-bff5-dca136bc65a1,107,b93477bf-84f3-406e-83aa-e4bf1bee3be7,Snake3,77,5,0
b558bac5-4f0f-43d5-bff5-dca136bc65a1,107,3c654172-a32d-4478-85a1-eaac22045634,Snake1,18,8,0
b558bac5-4f0f-43d5-bff5-dca136bc65a1,107,afd23d6b-2b3f-4207-8794-69c5ef3aca0b,Snake4,65,11,1
b558bac5-4f0f-43d5-bff5-dca136bc65a1,107,1fc57e5f-0726-4d8a-ad9f-a80ad1261516,Snake2,84,11,1
b558bac5-4f0f-43d5-bff5-dca136bc65a1,107,b93477bf-84f3-406e-83aa-e4bf1bee3be7,Snake3,77,5,0
b558bac5-4f0f-43d5-bff5-dca136bc65a1,107,3c654172-a32d-4478-85a1-eaac22045634,Snake1,18,8,0
b558bac5-4f0f-43d5-bff5-dca136bc65a1,108,afd23d6b-2b3f-4207-8794-69c5ef3aca0b,Snake4,64,11,1
b558bac5-4f0f-43d5-bff5-dca136bc65a1,108,1fc57e5f-0726-4d8a-ad9f-a80ad1261516,Snake2,83,11,1
b558bac5-4f0f-43d5-bff5-dca136bc65a1,108,b93477bf-84f3-406e-83aa-e4bf1bee3be7,Snake3,77,5,0
b558bac5-4f0f-43d5-bff5-dca136bc65a1,108,3c654172-a32d-4478-85a1-eaac22045634,Snake1,18,8,0
b558bac5-4f0f-43d5-bff5-dca136bc65a1,108,afd23d6b-2b3f-4207-8794-69c5ef3aca0b,Snake4,64,11,1
b558bac5-4f0f-43d5-bff5-dca136bc65a1,108,1fc57e5f-0726-4d8a-ad9f-a80ad1261516,Snake2,83,11,1
b558bac5-4f0f-43d5-bff5-dca136bc65a1,108,b93477bf-84f3-406e-83aa-e4bf1bee3be7,Snake3,77,5,0
b558bac5-4f0f-43d5-bff5-dca136bc65a1,108,3c654172-a32d-4478-85a1-eaac22045634,Snake1,18,8,0
b558bac5-4f0f-43d5-bff5-dca136bc65a1,109,afd23d6b-2b3f-4207-8794-69c5ef3aca0b,Snake4,63,11,1
b558bac5-4f0f-43d5-bff5-dca136bc65a1,109,1fc57e5f-0726-4d8a-ad9f-a80ad1261516,Snake2,82,11,1
b558bac5-4f0f-43d5-bff5-dca136bc65a1,109,b93477bf-84f3-406e-83aa-e4bf1bee3be7,Snake3,77,5,0
b558bac5-4f0f-43d5-bff5-dca136bc65a1,109,3c654172-a32d-4478-85a1-eaac22045634,Snake1,18,8,0
b558bac5-4f0f-43d5-bff5-dca136bc65a1,109,afd23d6b-2b3f-4207-8794-69c5ef3aca0b,Snake4,63,11,1
b558bac5-4f0f-43d5-bff5-dca136bc65a1,109,1fc57e5f-0726-4d8a-ad9f-a80ad1261516,Snake2,82,11,1
b558bac5-4f0f-43d5-bff5-dca136bc65a1,109,b93477bf-84f3-406e-83aa-e4bf1bee3be7,Snake3,77,5,0
b558bac5-4f0f-43d5-bff5-dca136bc65a1,109,3c654172-a32d-4478-85a1-eaac22045634,Snake1,18,8,0
b558bac5-4f0f-43d5-bff5-dca136bc65a1,110,afd23d6b-2b3f-4207-8794-69c5ef3aca0b,Snake4,62,11,1
b558bac5-4f0f-43d5-bff5-dca136bc65a1,110,1fc57e5f-0726-4d8a-ad9f-a80ad1261516,Snake2,81,11,1
b558bac5-4f0f-43d5-bff5-dca136bc65a1,110,b93477bf-84f3-406e-83aa-e4bf1bee3be7,Snake3,77,5,0
b558bac5-4f0f-43d5-bff5-dca136bc65a1,110,3c654172-a32d-4478-85a1-eaac22045634,Snake1,18,8,0
b558bac5-4f0f-43d5-bff5-dca136bc65a1,111,afd23d6b-2b3f-4207-8794-69c5ef3aca0b,Snake4,61,11,1
b558bac5-4f0f-43d5-bff5-dca136bc65a1,111,1fc57e5f-0726-4d8a-ad9f-a80ad1261516,Snake2,80,11,1
b558bac5-4f0f-43d5-bff5-dca136bc65a1,111,b93477bf-84f3-406e-83aa-e4bf1bee3be7,Snake3,77,5,0
b558bac5-4f0f-43d5-bff5-dca136bc65a1,111,3c654172-a32d-4478-85a1-eaac22045634,Snake1,18,8,0
b558bac5-4f0f-43d5-bff5-dca136bc65a1,111,afd23d6b-2b3f-4207-8794-69c5ef3aca0b,Snake4,61,11,1
b558bac5-4f0f-43d5-bff5-dca136bc65a1,111,1fc57e5f-0726-4d8a-ad9f-a80ad1261516,Snake2,80,11,1
b558bac5-4f0f-43d5-bff5-dca136bc65a1,111,b93477bf-84f3-406e-83aa-e4bf1bee3be7,Snake3,77,5,0
b558bac5-4f0f-43d5-bff5-dca136bc65a1,111,3c654172-a32d-4478-85a1-eaac22045634,Snake1,18,8,0
b558bac5-4f0f-43d5-bff5-dca136bc65a1,112,afd23d6b-2b3f-4207-8794-69c5ef3aca0b,Snake4,60,11,1
b558bac5-4f0f-43d5-bff5-dca136bc65a1,112,1fc57e5f-0726-4d8a-ad9f-a80ad1261516,Snake2,79,11,1
b558bac5-4f0f-43d5-bff5-dca136bc65a1,112,b93477bf-84f3-406e-83aa-e4bf1bee3be7,Snake3,77,5,0
b558bac5-4f0f-43d5-bff5-dca136bc65a1,112,3c654172-a32d-4478-85a1-eaac22045634,Snake1,18,8,0
b558bac5-4f0f-43d5-bff5-dca136bc65a1,112,afd23d6b-2b3f-4207-8794-69c5ef3aca0b,Snake4,60,11,1
b558bac5-4f0f-43d5-bff5-dca136bc65a1,112,1fc57e5f-0726-4d8a-ad9f-a80ad1261516,Snake2,79,11,1
b558bac5-4f0f-43d5-bff5-dca136bc65a1,112,b93477bf-84f3-406e-83aa-e4bf1bee3be7,Snake3,77,5,0
b558bac5-4f0f-43d5-bff5-dca136bc65a1,112,3c654172-a32d-4478-85a1-eaac22045634,Snake1,18,8,0
b558bac5-4f0f-43d5-bff5-dca136bc65a1,113,afd23d6b-2b3f-4207-8794-69c5ef3aca0b,Snake4,59,11,1
b558bac5-4f0f-43d5-bff5-dca136bc65a1,113,1fc57e5f-0726-4d8a-ad9f-a80ad1261516,Snake2,78,11,1
b558bac5-4f0f-43d5-bff5-dca136bc65a1,113,b93477bf-84f3-406e-83aa-e4bf1bee3be7,Snake3,77,5,0
b558bac5-4f0f-43d5-bff5-dca136bc65a1,113,3c654172-a32d-4478-85a1-eaac22045634,Snake1,18,8,0
b558bac5-4f0f-43d5-bff5-dca136bc65a1,114,afd23d6b-2b3f-4207-8794-69c5ef3aca0b,Snake4,58,11,1
b558bac5-4f0f-43d5-bff5-dca136bc65a1,114,1fc57e5f-0726-4d8a-ad9f-a80ad1261516,Snake2,77,11,1
b558bac5-4f0f-43d5-bff5-dca136bc65a1,114,b93477bf-84f3-406e-83aa-e4bf1bee3be7,Snake3,77,5,0
b558bac5-4f0f-43d5-bff5-dca136bc65a1,114,3c654172-a32d-4478-85a1-eaac22045634,Snake1,18,8,0
b558bac5-4f0f-43d5-bff5-dca136bc65a1,114,afd23d6b-2b3f-4207-8794-69c5ef3aca0b,Snake4,58,11,1
b558bac5-4f0f-43d5-bff5-dca136bc65a1,114,1fc57e5f-0726-4d8a-ad9f-a80ad1261516,Snake2,77,11,1
b558bac5-4f0f-43d5-bff5-dca136bc65a1,114,b93477bf-84f3-406e-83aa-e4bf1bee3be7,Snake3,77,5,0
b558bac5-4f0f-43d5-bff5-dca136bc65a1,114,3c654172-a32d-4478-85a1-eaac22045634,Snake1,18,8,0
b558bac5-4f0f-43d5-bff5-dca136bc65a1,115,afd23d6b-2b3f-4207-8794-69c5ef3aca0b,Snake4,57,11,1
b558bac5-4f0f-43d5-bff5-dca136bc65a1,115,1fc57e5f-0726-4d8a-ad9f-a80ad1261516,Snake2,100,12,1
b558bac5-4f0f-43d5-bff5-dca136bc65a1,115,b93477bf-84f3-406e-83aa-e4bf1bee3be7,Snake3,77,5,0
b558bac5-4f0f-43d5-bff5-dca136bc65a1,115,3c654172-a32d-4478-85a1-eaac22045634,Snake1,18,8,0
b558bac5-4f0f-43d5-bff5-dca136bc65a1,115,afd23d6b-2b3f-4207-8794-69c5ef3aca0b,Snake4,57,11,1
b558bac5-4f0f-43d5-bff5-dca136bc65a1,115,1fc57e5f-0726-4d8a-ad9f-a80ad1261516,Snake2,100,12,1
b558bac5-4f0f-43d5-bff5-dca136bc65a1,115,b93477bf-84f3-406e-83aa-e4bf1bee3be7,Snake3,77,5,0
b558bac5-4f0f-43d5-bff5-dca136bc65a1,115,3c654172-a32d-4478-85a1-eaac22045634,Snake1,18,8,0
b558bac5-4f0f-43d5-bff5-dca136bc65a1,116,afd23d6b-2b3f-4207-8794-69c5ef3aca0b,Snake4,56,11,1
b558bac5-4f0f-43d5-bff5-dca136bc65a1,116,1fc57e5f-0726-4d8a-ad9f-a80ad1261516,Snake2,99,12,1
b558bac5-4f0f-43d5-bff5-dca136bc65a1,116,b93477bf-84f3-406e-83aa-e4bf1bee3be7,Snake3,77,5,0
b558bac5-4f0f-43d5-bff5-dca136bc65a1,116,3c654172-a32d-4478-85a1-eaac22045634,Snake1,18,8,0
b558bac5-4f0f-43d5-bff5-dca136bc65a1,116,afd23d6b-2b3f-4207-8794-69c5ef3aca0b,Snake4,56,11,1
b558bac5-4f0f-43d5-bff5-dca136bc65a1,116,1fc57e5f-0726-4d8a-ad9f-a80ad1261516,Snake2,99,12,1
b558bac5-4f0f-43d5-bff5-dca136bc65a1,116,b93477bf-84f3-406e-83aa-e4bf1bee3be7,Snake3,77,5,0
b558bac5-4f0f-43d5-bff5-dca136bc65a1,116,3c654172-a32d-4478-85a1-eaac22045634,Snake1,18,8,0
b558bac5-4f0f-43d5-bff5-dca136bc65a1,117,afd23d6b-2b3f-4207-8794-69c5ef3aca0b,Snake4,55,11,1
b558bac5-4f0f-43d5-bff5-dca136bc65a1,117,1fc57e5f-0726-4d8a-ad9f-a80ad1261516,Snake2,98,12,1
b558bac5-4f0f-43d5-bff5-dca136bc65a1,117,b93477bf-84f3-406e-83aa-e4bf1bee3be7,Snake3,77,5,0
b558bac5-4f0f-43d5-bff5-dca136bc65a1,117,3c654172-a32d-4478-85a1-eaac22045634,Snake1,18,8,0
b558bac5-4f0f-43d5-bff5-dca136bc65a1,117,afd23d6b-2b3f-4207-8794-69c5ef3aca0b,Snake4,55,11,1
b558bac5-4f0f-43d5-bff5-dca136bc65a1,117,1fc57e5f-0726-4d8a-ad9f-a80ad1261516,Snake2,98,12,1
b558bac5-4f0f-43d5-bff5-dca136bc65a1,117,b93477bf-84f3-406e-83aa-e4bf1bee3be7,Snake3,77,5,0
b558bac5-4f0f-43d5-bff5-dca136bc65a1,117,3c654172-a32d-4478-85a1-eaac22045634,Snake1,18,8,0
b558bac5-4f0f-43d5-bff5-dca136bc65a1,118,afd23d6b-2b3f-4207-8794-69c5ef3aca0b,Snake4,100,12,1
b558bac5-4f0f-43d5-bff5-dca136bc65a1,118,1fc57e5f-0726-4d8a-ad9f-a80ad1261516,Snake2,97,12,1
b558bac5-4f0f-43d5-bff5-dca136bc65a1,118,b93477bf-84f3-406e-83aa-e4bf1bee3be7,Snake3,77,5,0
b558bac5-4f0f-43d5-bff5-dca136bc65a1,118,3c654172-a32d-4478-85a1-eaac22045634,Snake1,18,8,0
b558bac5-4f0f-43d5-bff5-dca136bc65a1,118,afd23d6b-2b3f-4207-8794-69c5ef3aca0b,Snake4,100,12,1
b558bac5-4f0f-43d5-bff5-dca136bc65a1,118,1fc57e5f-0726-4d8a-ad9f-a80ad1261516,Snake2,97,12,1
b558bac5-4f0f-43d5-bff5-dca136bc65a1,118,b93477bf-84f3-406e-83aa-e4bf1bee3be7,Snake3,77,5,0
b558bac5-4f0f-43d5-bff5-dca136bc65a1,118,3c654172-a32d-4478-85a1-eaac22045634,Snake1,18,8,0
b558bac5-4f0f-43d5-bff5-dca136bc65a1,119,afd23d6b-2b3f-4207-8794-69c5ef3aca0b,Snake4,99,12,1
b558bac5-4f0f-43d5-bff5-dca136bc65a1,119,1fc57e5f-0726-4d8a-ad9f-a80ad1261516,Snake2,96,12,1
b558bac5-4f0f-43d5-bff5-dca136bc65a1,119,b93477bf-84f3-406e-83aa-e4bf1bee3be7,Snake3,77,5,0
b558bac5-4f0f-43d5-bff5-dca136bc65a1,119,3c654172-a32d-4478-85a1-eaac22045634,Snake1,18,8,0
b558bac5-4f0f-43d5-bff5-dca136bc65a1,119,afd23d6b-2b3f-4207-8794-69c5ef3aca0b,Snake4,99,12,1
b558bac5-4f0f-43d5-bff5-dca136bc65a1,119,1fc57e5f-0726-4d8a-ad9f-a80ad1261516,Snake2,96,12,1
b558bac5-4f0f-43d5-bff5-dca136bc65a1,119,b93477bf-84f3-406e-83aa-e4bf1bee3be7,Snake3,77,5,0
b558bac5-4f0f-43d5-bff5-dca136bc65a1,119,3c654172-a32d-4478-85a1-eaac22045634,Snake1,18,8,0
b558bac5-4f0f-43d5-bff5-dca136bc65a1,120,afd23d6b-2b3f-4207-8794-69c5ef3aca0b,Snake4,98,12,1
b558bac5-4f0f-43d5-bff5-dca136bc65a1,120,1fc57e5f-0726-4d8a-ad9f-a80ad1261516,Snake2,95,12,1
b558bac5-4f0f-43d5-bff5-dca136bc65a1,120,b93477bf-84f3-406e-83aa-e4bf1bee3be7,Snake3,77,5,0
b558bac5-4f0f-43d5-bff5-dca136bc65a1,120,3c654172-a32d-4478-85a1-eaac22045634,Snake1,18,8,0
b558bac5-4f0f-43d5-bff5-dca136bc65a1,120,afd23d6b-2b3f-4207-8794-69c5ef3aca0b,Snake4,98,12,1
b558bac5-4f0f-43d5-bff5-dca136bc65a1,120,1fc57e5f-0726-4d8a-ad9f-a80ad1261516,Snake2,95,12,1
b558bac5-4f0f-43d5-bff5-dca136bc65a1,120,b93477bf-84f3-406e-83aa-e4bf1bee3be7,Snake3,77,5,0
b558bac5-4f0f-43d5-bff5-dca136bc65a1,120,3c654172-a32d-4478-85a1-eaac22045634,Snake1,18,8,0
b558bac5-4f0f-43d5-bff5-dca136bc65a1,121,afd23d6b-2b3f-4207-8794-69c5ef3aca0b,Snake4,97,12,1
b558bac5-4f0f-43d5-bff5-dca136bc65a1,121,1fc57e5f-0726-4d8a-ad9f-a80ad1261516,Snake2,94,12,1
b558bac5-4f0f-43d5-bff5-dca136bc65a1,121,b93477bf-84f3-406e-83aa-e4bf1bee3be7,Snake3,77,5,0
b558bac5-4f0f-43d5-bff5-dca136bc65a1,121,3c654172-a32d-4478-85a1-eaac22045634,Snake1,18,8,0
b558bac5-4f0f-43d5-bff5-dca136bc65a1,121,afd23d6b-2b3f-4207-8794-69c5ef3aca0b,Snake4,97,12,1
b558bac5-4f0f-43d5-bff5-dca136bc65a1,121,1fc57e5f-0726-4d8a-ad9f-a80ad1261516,Snake2,94,12,1
b558bac5-4f0f-43d5-bff5-dca136bc65a1,121,b93477bf-84f3-406e-83aa-e4bf1bee3be7,Snake3,77,5,0
b558bac5-4f0f-43d5-bff5-dca136bc65a1,121,3c654172-a32d-4478-85a1-eaac22045634,Snake1,18,8,0
b558bac5-4f0f-43d5-bff5-dca136bc65a1,122,afd23d6b-2b3f-4207-8794-69c5ef3aca0b,Snake4,96,12,1
b558bac5-4f0f-43d5-bff5-dca136bc65a1,122,1fc57e5f-0726-4d8a-ad9f-a80ad1261516,Snake2,93,12,1
b558bac5-4f0f-43d5-bff5-dca136bc65a1,122,b93477bf-84f3-406e-83aa-e4bf1bee3be7,Snake3,77,5,0
b558bac5-4f0f-43d5-bff5-dca136bc65a1,122,3c654172-a32d-4478-85a1-eaac22045634,Snake1,18,8,0
b558bac5-4f0f-43d5-bff5-dca136bc65a1,122,afd23d6b-2b3f-4207-8794-69c5ef3aca0b,Snake4,96,12,1
b558bac5-4f0f-43d5-bff5-dca136bc65a1,122,1fc57e5f-0726-4d8a-ad9f-a80ad1261516,Snake2,93,12,1
b558bac5-4f0f-43d5-bff5-dca136bc65a1,122,b93477bf-84f3-406e-83aa-e4bf1bee3be7,Snake3,77,5,0
b558bac5-4f0f-43d5-bff5-dca136bc65a1,122,3c654172-a32d-4478-85a1-eaac22045634,Snake1,18,8,0
b558bac5-4f0f-43d5-bff5-dca136bc65a1,123,afd23d6b-2b3f-4207-8794-69c5ef3aca0b,Snake4,95,12,1
b558bac5-4f0f-43d5-bff5-dca136bc65a1,123,1fc57e5f-0726-4d8a-ad9f-a80ad1261516,Snake2,92,12,1
b558bac5-4f0f-43d5-bff5-dca136bc65a1,123,b93477bf-84f3-406e-83aa-e4bf1bee3be7,Snake3,77,5,0
b558bac5-4f0f-43d5-bff5-dca136bc65a1,123,3c654172-a32d-4478-85a1-eaac22045634,Snake1,18,8,0
b558bac5-4f0f-43d5-bff5-dca136bc65a1,123,afd23d6b-2b3f-4207-8794-69c5ef3aca0b,Snake4,95,12,1
b558bac5-4f0f-43d5-bff5-dca136bc65a1,123,1fc57e5f-0726-4d8a-ad9f-a80ad1261516,Snake2,92,12,1
b558bac5-4f0f-43d5-bff5-dca136bc65a1,123,b93477bf-84f3-406e-83aa-e4bf1bee3be7,Snake3,77,5,0
b558bac5-4f0f-43d5-bff5-dca136bc65a1,123,3c654172-a32d-4478-85a1-eaac22045634,Snake1,18,8,0
b558bac5-4f0f-43d5-bff5-dca136bc65a1,124,afd23d6b-2b3f-4207-8794-69c5ef3aca0b,Snake4,94,12,1
b558bac5-4f0f-43d5-bff5-dca136bc65a1,124,1fc57e5f-0726-4d8a-ad9f-a80ad1261516,Snake2,91,12,1
b558bac5-4f0f-43d5-bff5-dca136bc65a1,124,b93477bf-84f3-406e-83aa-e4bf1bee3be7,Snake3,77,5,0
b558bac5-4f0f-43d5-bff5-dca136bc65a1,124,3c654172-a32d-4478-85a1-eaac22045634,Snake1,18,8,0
b558bac5-4f0f-43d5-bff5-dca136bc65a1,124,afd23d6b-2b3f-4207-8794-69c5ef3aca0b,Snake4,94,12,1
b558bac5-4f0f-43d5-bff5-dca136bc65a1,124,1fc57e5f-0726-4d8a-ad9f-a80ad1261516,Snake2,91,12,1
b558bac5-4f0f-43d5-bff5-dca136bc65a1,124,b93477bf-84f3-406e-83aa-e4bf1bee3be7,Snake3,77,5,0
b558bac5-4f0f-43d5-bff5-dca136bc65a1,124,3c654172-a32d-4478-85a1-eaac22045634,Snake1,18,8,0
b558bac5-4f0f-43d5-bff5-dca136bc65a1,125,afd23d6b-2b3f-4207-8794-69c5ef3aca0b,Snake4,93,12,1
b558bac5-4f0f-43d5-bff5-dca136bc65a1,125,1fc57e5f-0726-4d8a-ad9f-a80ad1261516,Snake2,90,12,1
b558bac5-4f0f-43d5-bff5-dca136bc65a1,125,b93477bf-84f3-406e-83aa-e4bf1bee3be7,Snake3,77,5,0
b558bac5-4f0f-43d5-bff5-dca136bc65a1,125,3c654172-a32d-4478-85a1-eaac22045634,Snake1,18,8,0
b558bac5-4f0f-43d5-bff5-dca136bc65a1,126,afd23d6b-2b3f-4207-8794-69c5ef3aca0b,Snake4,92,12,1
b558bac5-4f0f-43d5-bff5-dca136bc65a1,126,1fc57e5f-0726-4d8a-ad9f-a80ad1261516,Snake2,89,12,1
b558bac5-4f0f-43d5-bff5-dca136bc65a1,126,b93477bf-84f3-406e-83aa-e4bf1bee3be7,Snake3,77,5,0
b558bac5-4f0f-43d5-bff5-dca136bc65a1,126,3c654172-a32d-4478-85a1-eaac22045634,Snake1,18,8,0
b558bac5-4f0f-43d5-bff5-dca136bc65a1,126,afd23d6b-2b3f-4207-8794-69c5ef3aca0b,Snake4,92,12,1
b558bac5-4f0f-43d5-bff5-dca136bc65a1,126,1fc57e5f-0726-4d8a-ad9f-a80ad1261516,Snake2,89,12,1
b558bac5-4f0f-43d5-bff5-dca136bc65a1,126,b93477bf-84f3-406e-83aa-e4bf1bee3be7,Snake3,77,5,0
b558bac5-4f0f-43d5-bff5-dca136bc65a1,126,3c654172-a32d-4478-85a1-eaac22045634,Snake1,18,8,0
b558bac5-4f0f-43d5-bff5-dca136bc65a1,127,afd23d6b-2b3f-4207-8794-69c5ef3aca0b,Snake4,91,12,1
b558bac5-4f0f-43d5-bff5-dca136bc65a1,127,1fc57e5f-0726-4d8a-ad9f-a80ad1261516,Snake2,88,12,1
b558bac5-4f0f-43d5-bff5-dca136bc65a1,127,b93477bf-84f3-406e-83aa-e4bf1bee3be7,Snake3,77,5,0
b558bac5-4f0f-43d5-bff5-dca136bc65a1,127,3c654172-a32d-4478-85a1-eaac22045634,Snake1,18,8,0
b558bac5-4f0f-43d5-bff5-dca136bc65a1,127,afd23d6b-2b3f-4207-8794-69c5ef3aca0b,Snake4,91,12,1
b558bac5-4f0f-43d5-bff5-dca136bc65a1,127,1fc57e5f-0726-4d8a-ad9f-a80ad1261516,Snake2,88,12,1
b558bac5-4f0f-43d5-bff5-dca136bc65a1,127,b93477bf-84f3-406e-83aa-e4bf1bee3be7,Snake3,77,5,0
b558bac5-4f0f-43d5-bff5-dca136bc65a1,127,3c654172-a32d-4478-85a1-eaac22045634,Snake1,18,8,0
b558bac5-4f0f-43d5-bff5-dca136bc65a1,128,afd23d6b-2b3f-4207-8794-69c5ef3aca0b,Snake4,90,12,1
b558bac5-4f0f-43d5-bff5-dca136bc65a1,128,1fc57e5f-0726-4d8a-ad9f-a80ad1261516,Snake2,87,12,1
b558bac5-4f0f-43d5-bff5-dca136bc65a1,128,b93477bf-84f3-406e-83aa-e4bf1bee3be7,Snake3,77,5,0
b558bac5-4f0f-43d5-bff5-dca136bc65a1,128,3c654172-a32d-4478-85a1-eaac22045634,Snake1,18,8,0
b558bac5-4f0f-43d5-bff5-dca136bc65a1,128,afd23d6b-2b3f-4207-8794-69c5ef3aca0b,Snake4,90,12,1
b558bac5-4f0f-43d5-bff5-dca136bc65a1,128,1fc57e5f-0726-4d8a-ad9f-a80ad1261516,Snake2,87,12,1
b558bac5-4f0f-43d5-bff5-dca136bc65a1,128,b93477bf-84f3-406e-83aa-e4bf1bee3be7,Snake3,77,5,0
b558bac5-4f0f-43d5-bff5-dca136bc65a1,128,3c654172-a32d-4478-85a1-eaac22045634,Snake1,18,8,0
b558bac5-4f0f-43d5-bff5-dca136bc65a1,129,afd23d6b-2b3f-4207-8794-69c5ef3aca0b,Snake4,89,12,1
b558bac5-4f0f-43d5-bff5-dca136bc65a1,129,1fc57e5f-0726-4d8a-ad9f-a80ad1261516,Snake2,86,12,1
b558bac5-4f0f-43d5-bff5-dca136bc65a1,129,b93477bf-84f3-406e-83aa-e4bf1bee3be7,Snake3,77,5,0
b558bac5-4f0f-43d5-bff5-dca136bc65a1,129,3c654172-a32d-4478-85a1-eaac22045634,Snake1,18,8,0
b558bac5-4f0f-43d5-bff5-dca136bc65a1,129,afd23d6b-2b3f-4207-8794-69c5ef3aca0b,Snake4,89,12,1
b558bac5-4f0f-43d5-bff5-dca136bc65a1,129,1fc57e5f-0726-4d8a-ad9f-a80ad1261516,Snake2,86,12,1
b558bac5-4f0f-43d5-bff5-dca136bc65a1,129,b93477bf-84f3-406e-83aa-e4bf1bee3be7,Snake3,77,5,0
b558bac5-4f0f-43d5-bff5-dca136bc65a1,129,3c654172-a32d-4478-85a1-eaac22045634,Snake1,18,8,0
b558bac5-4f0f-43d5-bff5-dca136bc65a1,130,afd23d6b-2b3f-4207-8794-69c5ef3aca0b,Snake4,88,12,1
b558bac5-4f0f-43d5-bff5-dca136bc65a1,130,1fc57e5f-0726-4d8a-ad9f-a80ad1261516,Snake2,85,12,1
b558bac5-4f0f-43d5-bff5-dca136bc65a1,130,b93477bf-84f3-406e-83aa-e4bf1bee3be7,Snake3,77,5,0
b558bac5-4f0f-43d5-bff5-dca136bc65a1,130,3c654172-a32d-4478-85a1-eaac22045634,Snake1,18,8,0
b558bac5-4f0f-43d5-bff5-dca136bc65a1,131,afd23d6b-2b3f-4207-8794-69c5ef3aca0b,Snake4,87,12,1
b558bac5-4f0f-43d5-bff5-dca136bc65a1,131,1fc57e5f-0726-4d8a-ad9f-a80ad1261516,Snake2,84,12,1
b558bac5-4f0f-43d5-bff5-dca136bc65a1,131,b93477bf-84f3-406e-83aa-e4bf1bee3be7,Snake3,77,5,0
b558bac5-4f0f-43d5-bff5-dca136bc65a1,131,3c654172-a32d-4478-85a1-eaac22045634,Snake1,18,8,0
b558bac5-4f0f-43d5-bff5-dca136bc65a1,131,afd23d6b-2b3f-4207-8794-69c5ef3aca0b,Snake4,87,12,1
b558bac5-4f0f-43d5-bff5-dca136bc65a1,131,1fc57e5f-0726-4d8a-ad9f-a80ad1261516,Snake2,84,12,1
b558bac5-4f0f-43d5-bff5-dca136bc65a1,131,b93477bf-84f3-406e-83aa-e4bf1bee3be7,Snake3,77,5,0
b558bac5-4f0f-43d5-bff5-dca136bc65a1,131,3c654172-a32d-4478-85a1-eaac22045634,Snake1,18,8,0
b558bac5-4f0f-43d5-bff5-dca136bc65a1,132,afd23d6b-2b3f-4207-8794-69c5ef3aca0b,Snake4,100,13,1
b558bac5-4f0f-43d5-bff5-dca136bc65a1,132,1fc57e5f-0726-4d8a-ad9f-a80ad1261516,Snake2,83,12,1
b558bac5-4f0f-43d5-bff5-dca136bc65a1,132,b93477bf-84f3-406e-83aa-e4bf1bee3be7,Snake3,77,5,0
b558bac5-4f0f-43d5-bff5-dca136bc65a1,132,3c654172-a32d-4478-85a1-eaac22045634,Snake1,18,8,0
b558bac5-4f0f-43d5-bff5-dca136bc65a1,132,afd23d6b-2b3f-4207-8794-69c5ef3aca0b,Snake4,100,13,1
b558bac5-4f0f-43d5-bff5-dca136bc65a1,132,1fc57e5f-0726-4d8a-ad9f-a80ad1261516,Snake2,83,12,1
b558bac5-4f0f-43d5-bff5-dca136bc65a1,132,b93477bf-84f3-406e-83aa-e4bf1bee3be7,Snake3,77,5,0
b558bac5-4f0f-43d5-bff5-dca136bc65a1,132,3c654172-a32d-4478-85a1-eaac22045634,Snake1,18,8,0
b558bac5-4f0f-43d5-bff5-dca136bc65a1,133,afd23d6b-2b3f-4207-8794-69c5ef3aca0b,Snake4,100,14,1
b558bac5-4f0f-43d5-bff5-dca136bc65a1,133,1fc57e5f-0726-4d8a-ad9f-a80ad1261516,Snake2,100,13,1
b558bac5-4f0f-43d5-bff5-dca136bc65a1,133,b93477bf-84f3-406e-83aa-e4bf1bee3be7,Snake3,77,5,0
b558bac5-4f0f-43d5-bff5-dca136bc65a1,133,3c654172-a32d-4478-85a1-eaac22045634,Snake1,18,8,0
b558bac5-4f0f-43d5-bff5-dca136bc65a1,133,afd23d6b-2b3f-4207-8794-69c5ef3aca0b,Snake4,100,14,1
b558bac5-4f0f-43d5-bff5-dca136bc65a1,133,1fc57e5f-0726-4d8a-ad9f-a80ad1261516,Snake2,100,13,1
b558bac5-4f0f-43d5-bff5-dca136bc65a1,133,b93477bf-84f3-406e-83aa-e4bf1bee3be7,Snake3,77,5,0
b558bac5-4f0f-43d5-bff5-dca136bc65a1,133,3c654172-a32d-4478-85a1-eaac22045634,Snake1,18,8,0
b558bac5-4f0f-43d5-bff5-dca136bc65a1,134,afd23d6b-2b3f-4207-8794-69c5ef3aca0b,Snake4,99,14,1
b558bac5-4f0f-43d5-bff5-dca136bc65a1,134,1fc57e5f-0726-4d8a-ad9f-a80ad1261516,Snake2,99,13,1
b558bac5-4f0f-43d5-bff5-dca136bc65a1,134,b93477bf-84f3-406e-83aa-e4bf1bee3be7,Snake3,77,5,0
b558bac5-4f0f-43d5-bff5-dca136bc65a1,134,3c654172-a32d-4478-85a1-eaac22045634,Snake1,18,8,0
b558bac5-4f0f-43d5-bff5-dca136bc65a1,134,afd23d6b-2b3f-4207-8794-69c5ef3aca0b,Snake4,99,14,1
b558bac5-4f0f-43d5-bff5-dca136bc65a1,134,1fc57e5f-0726-4d8a-ad9f-a80ad1261516,Snake2,99,13,1
b558bac5-4f0f-43d5-bff5-dca136bc65a1,134,b93477bf-84f3-406e-83aa-e4bf1bee3be7,Snake3,77,5,0
b558bac5-4f0f-43d5-bff5-dca136bc65a1,134,3c654172-a32d-4478-85a1-eaac22045634,Snake1,18,8,0
b558bac5-4f0f-43d5-bff5-dca136bc65a1,135,afd23d6b-2b3f-4207-8794-69c5ef3aca0b,Snake4,100,15,1
b558bac5-4f0f-43d5-bff5-dca136bc65a1,135,1fc57e5f-0726-4d8a-ad9f-a80ad1261516,Snake2,98,13,1
b558bac5-4f0f-43d5-bff5-dca136bc65a1,135,b93477bf-84f3-406e-83aa-e4bf1bee3be7,Snake3,77,5,0
b558bac5-4f0f-43d5-bff5-dca136bc65a1,135,3c654172-a32d-4478-85a1-eaac22045634,Snake1,18,8,0
b558bac5-4f0f-43d5-bff5-dca136bc65a1,135,afd23d6b-2b3f-4207-8794-69c5ef3aca0b,Snake4,100,15,1
b558bac5-4f0f-43d5-bff5-dca136bc65a1,135,1fc57e5f-0726-4d8a-ad9f-a80ad1261516,Snake2,98,13,1
b558bac5-4f0f-43d5-bff5-dca136bc65a1,135,b93477bf-84f3-406e-83aa-e4bf1bee3be7,Snake3,77,5,0
b558bac5-4f0f-43d5-bff5-dca136bc65a1,135,3c654172-a32d-4478-85a1-eaac22045634,Snake1,18,8,0
b558bac5-4f0f-43d5-bff5-dca136bc65a1,136,afd23d6b-2b3f-4207-8794-69c5ef3aca0b,Snake4,99,15,1
b558bac5-4f0f-43d5-bff5-dca136bc65a1,136,1fc57e5f-0726-4d8a-ad9f-a80ad1261516,Snake2,97,13,1
b558bac5-4f0f-43d5-bff5-dca136bc65a1,136,b93477bf-84f3-406e-83aa-e4bf1bee3be7,Snake3,77,5,0
b558bac5-4f0f-43d5-bff5-dca136bc65a1,136,3c654172-a32d-4478-85a1-eaac22045634,Snake1,18,8,0
b558bac5-4f0f-43d5-bff5-dca136bc65a1,136,afd23d6b-2b3f-4207-8794-69c5ef3aca0b,Snake4,99,15,1
b558bac5-4f0f-43d5-bff5-dca136bc65a1,136,1fc57e5f-0726-4d8a-ad9f-a80ad1261516,Snake2,97,13,1
b558bac5-4f0f-43d5-bff5-dca136bc65a1,136,b93477bf-84f3-406e-83aa-e4bf1bee3be7,Snake3,77,5,0
b558bac5-4f0f-43d5-bff5-dca136bc65a1,136,3c654172-a32d-4478-85a1-eaac22045634,Snake1,18,8,0
b558bac5-4f0f-43d5-bff5-dca136bc65a1,137,afd23d6b-2b3f-4207-8794-69c5ef3aca0b,Snake4,100,16,1
b558bac5-4f0f-43d5-bff5-dca136bc65a1,137,1fc57e5f-0726-4d8a-ad9f-a80ad1261516,Snake2,96,13,1
b558bac5-4f0f-43d5-bff5-dca136bc65a1,137,b93477bf-84f3-406e-83aa-e4bf1bee3be7,Snake3,77,5,0
b558bac5-4f0f-43d5-bff5-dca136bc65a1,137,3c654172-a32d-4478-85a1-eaac22045634,Snake1,18,8,0
b558bac5-4f0f-43d5-bff5-dca136bc65a1,137,afd23d6b-2b3f-4207-8794-69c5ef3aca0b,Snake4,100,16,1
b558bac5-4f0f-43d5-bff5-dca136bc65a1,137,1fc57e5f-0726-4d8a-ad9f-a80ad1261516,Snake2,96,13,1
b558bac5-4f0f-43d5-bff5-dca136bc65a1,137,b93477bf-84f3-406e-83aa-e4bf1bee3be7,Snake3,77,5,0
b558bac5-4f0f-43d5-bff5-dca136bc65a1,137,3c654172-a32d-4478-85a1-eaac22045634,Snake1,18,8,0
b558bac5-4f0f-43d5-bff5-dca136bc65a1,138,afd23d6b-2b3f-4207-8794-69c5ef3aca0b,Snake4,99,16,1
b558bac5-4f0f-43d5-bff5-dca136bc65a1,138,1fc57e5f-0726-4d8a-ad9f-a80ad1261516,Snake2,95,13,1
b558bac5-4f0f-43d5-bff5-dca136bc65a1,138,b93477bf-84f3-406e-83aa-e4bf1bee3be7,Snake3,77,5,0
b558bac5-4f0f-43d5-bff5-dca136bc65a1,138,3c654172-a32d-4478-85a1-eaac22045634,Snake1,18,8,0
b558bac5-4f0f-43d5-bff5-dca136bc65a1,138,afd23d6b-2b3f-4207-8794-69c5ef3aca0b,Snake4,99,16,1
b558bac5-4f0f-43d5-bff5-dca136bc65a1,138,1fc57e5f-0726-4d8a-ad9f-a80ad1261516,Snake2,95,13,1
b558bac5-4f0f-43d5-bff5-dca136bc65a1,138,b93477bf-84f3-406e-83aa-e4bf1bee3be7,Snake3,77,5,0
b558bac5-4f0f-43d5-bff5-dca136bc65a1,138,3c654172-a32d-4478-85a1-eaac22045634,Snake1,18,8,0
b558bac5-4f0f-43d5-bff5-dca136bc65a1,139,afd23d6b-2b3f-4207-8794-69c5ef3aca0b,Snake4,98,16,1
b558bac5-4f0f-43d5-bff5-dca136bc65a1,139,1fc57e5f-0726-4d8a-ad9f-a80ad1261516,Snake2,94,13,1
b558bac5-4f0f-43d5-bff5-dca136bc65a1,139,b93477bf-84f3-406e-83aa-e4bf1bee3be7,Snake3,77,5,0
b558bac5-4f0f-43d5-bff5-dca136bc65a1,139,3c654172-a32d-4478-85a1-eaac22045634,Snake1,18,8,0
b558bac5-4f0f-43d5-bff5-dca136bc65a1,139,afd23d6b-2b3f-4207-8794-69c5ef3aca0b,Snake4,98,16,1
b558bac5-4f0f-43d5-bff5-dca136bc65a1,139,1fc57e5f-0726-4d8a-ad9f-a80ad1261516,Snake2,94,13,1
b558bac5-4f0f-43d5-bff5-dca136bc65a1,139,b93477bf-84f3-406e-83aa-e4bf1bee3be7,Snake3,77,5,0
b558bac5-4f0f-43d5-bff5-dca136bc65a1,139,3c654172-a32d-4478-85a1-eaac22045634,Snake1,18,8,0
b558bac5-4f0f-43d5-bff5-dca136bc65a1,140,afd23d6b-2b3f-4207-8794-69c5ef3aca0b,Snake4,97,16,1
b558bac5-4f0f-43d5-bff5-dca136bc65a1,140,1fc57e5f-0726-4d8a-ad9f-a80ad1261516,Snake2,93,13,1
b558bac5-4f0f-43d5-bff5-dca136bc65a1,140,b93477bf-84f3-406e-83aa-e4bf1bee3be7,Snake3,77,5,0
b558bac5-4f0f-43d5-bff5-dca136bc65a1,140,3c654172-a32d-4478-85a1-eaac22045634,Snake1,18,8,0
b558bac5-4f0f-43d5-bff5-dca136bc65a1,140,afd23d6b-2b3f-4207-8794-69c5ef3aca0b,Snake4,97,16,1
b558bac5-4f0f-43d5-bff5-dca136bc65a1,140,1fc57e5f-0726-4d8a-ad9f-a80ad1261516,Snake2,93,13,1
b558bac5-4f0f-43d5-bff5-dca136bc65a1,140,b93477bf-84f3-406e-83aa-e4bf1bee3be7,Snake3,77,5,0
b558bac5-4f0f-43d5-bff5-dca136bc65a1,140,3c654172-a32d-4478-85a1-eaac22045634,Snake1,18,8,0
b558bac5-4f0f-43d5-bff5-dca136bc65a1,141,afd23d6b-2b3f-4207-8794-69c5ef3aca0b,Snake4,96,16,1
b558bac5-4f0f-43d5-bff5-dca136bc65a1,141,1fc57e5f-0726-4d8a-ad9f-a80ad1261516,Snake2,100,14,1
b558bac5-4f0f-43d5-bff5-dca136bc65a1,141,b93477bf-84f3-406e-83aa-e4bf1bee3be7,Snake3,77,5,0
b558bac5-4f0f-43d5-bff5-dca136bc65a1,141,3c654172-a32d-4478-85a1-eaac22045634,Snake1,18,8,0
b558bac5-4f0f-43d5-bff5-dca136bc65a1,141,afd23d6b-2b3f-4207-8794-69c5ef3aca0b,Snake4,96,16,1
b558bac5-4f0f-43d5-bff5-dca136bc65a1,141,1fc57e5f-0726-4d8a-ad9f-a80ad1261516,Snake2,100,14,1
b558bac5-4f0f-43d5-bff5-dca136bc65a1,141,b93477bf-84f3-406e-83aa-e4bf1bee3be7,Snake3,77,5,0
b558bac5-4f0f-43d5-bff5-dca136bc65a1,141,3c654172-a32d-4478-85a1-eaac22045634,Snake1,18,8,0
b558bac5-4f0f-43d5-bff5-dca136bc65a1,142,afd23d6b-2b3f-4207-8794-69c5ef3aca0b,Snake4,95,16,1
b558bac5-4f0f-43d5-bff5-dca136bc65a1,142,1fc57e5f-0726-4d8a-ad9f-a80ad1261516,Snake2,99,14,1
b558bac5-4f0f-43d5-bff5-dca136bc65a1,142,b93477bf-84f3-406e-83aa-e4bf1bee3be7,Snake3,77,5,0
b558bac5-4f0f-43d5-bff5-dca136bc65a1,142,3c654172-a32d-4478-85a1-eaac22045634,Snake1,18,8,0
b558bac5-4f0f-43d5-bff5-dca136bc65a1,142,afd23d6b-2b3f-4207-8794-69c5ef3aca0b,Snake4,95,16,1
b558bac5-4f0f-43d5-bff5-dca136bc65a1,142,1fc57e5f-0726-4d8a-ad9f-a80ad1261516,Snake2,99,14,1
b558bac5-4f0f-43d5-bff5-dca136bc65a1,142,b93477bf-84f3-406e-83aa-e4bf1bee3be7,Snake3,77,5,0
b558bac5-4f0f-43d5-bff5-dca136bc65a1,142,3c654172-a32d-4478-85a1-eaac22045634,Snake1,18,8,0
b558bac5-4f0f-43d5-bff5-dca136bc65a1,143,afd23d6b-2b3f-4207-8794-69c5ef3aca0b,Snake4,94,16,1
b558bac5-4f0f-43d5-bff5-dca136bc65a1,143,1fc57e5f-0726-4d8a-ad9f-a80ad1261516,Snake2,98,14,1
b558bac5-4f0f-43d5-bff5-dca136bc65a1,143,b93477bf-84f3-406e-83aa-e4bf1bee3be7,Snake3,77,5,0
b558bac5-4f0f-43d5-bff5-dca136bc65a1,143,3c654172-a32d-4478-85a1-eaac22045634,Snake1,18,8,0
b558bac5-4f0f-43d5-bff5-dca136bc65a1,143,afd23d6b-2b3f-4207-8794-69c5ef3aca0b,Snake4,94,16,1
b558bac5-4f0f-43d5-bff5-dca136bc65a1,143,1fc57e5f-0726-4d8a-ad9f-a80ad1261516,Snake2,98,14,1
b558bac5-4f0f-43d5-bff5-dca136bc65a1,143,b93477bf-84f3-406e-83aa-e4bf1bee3be7,Snake3,77,5,0
b558bac5-4f0f-43d5-bff5-dca136bc65a1,143,3c654172-a32d-4478-85a1-eaac22045634,Snake1,18,8,0
b558bac5-4f0f-43d5-bff5-dca136bc65a1,144,afd23d6b-2b3f-4207-8794-69c5ef3aca0b,Snake4,93,16,1
b558bac5-4f0f-43d5-bff5-dca136bc65a1,144,1fc57e5f-0726-4d8a-ad9f-a80ad1261516,Snake2,97,14,1
b558bac5-4f0f-43d5-bff5-dca136bc65a1,144,b93477bf-84f3-406e-83aa-e4bf1bee3be7,Snake3,77,5,0
b558bac5-4f0f-43d5-bff5-dca136bc65a1,144,3c654172-a32d-4478-85a1-eaac22045634,Snake1,18,8,0
b558bac5-4f0f-43d5-bff5-dca136bc65a1,144,afd23d6b-2b3f-4207-8794-69c5ef3aca0b,Snake4,93,16,1
b558bac5-4f0f-43d5-bff5-dca136bc65a1,144,1fc57e5f-0726-4d8a-ad9f-a80ad1261516,Snake2,97,14,1
b558bac5-4f0f-43d5-bff5-dca136bc65a1,144,b93477bf-84f3-406e-83aa-e4bf1bee3be7,Snake3,77,5,0
b558bac5-4f0f-43d5-bff5-dca136bc65a1,144,3c654172-a32d-4478-85a1-eaac22045634,Snake1,18,8,0
b558bac5-4f0f-43d5-bff5-dca136bc65a1,145,afd23d6b-2b3f-4207-8794-69c5ef3aca0b,Snake4,92,16,1
b558bac5-4f0f-43d5-bff5-dca136bc65a1,145,1fc57e5f-0726-4d8a-ad9f-a80ad1261516,Snake2,96,14,1
b558bac5-4f0f-43d5-bff5-dca136bc65a1,145,b93477bf-84f3-406e-83aa-e4bf1bee3be7,Snake3,77,5,0
b558bac5-4f0f-43d5-bff5-dca136bc65a1,145,3c654172-a32d-4478-85a1-eaac22045634,Snake1,18,8,0
b558bac5-4f0f-43d5-bff5-dca136bc65a1,145,afd23d6b-2b3f-4207-8794-69c5ef3aca0b,Snake4,92,16,1
b558bac5-4f0f-43d5-bff5-dca136bc65a1,145,1fc57e5f-0726-4d8a-ad9f-a80ad1261516,Snake2,96,14,1
b558bac5-4f0f-43d5-bff5-dca136bc65a1,145,b93477bf-84f3-406e-83aa-e4bf1bee3be7,Snake3,77,5,0
b558bac5-4f0f-43d5-bff5-dca136bc65a1,145,3c654172-a32d-4478-85a1-eaac22045634,Snake1,18,8,0
b558bac5-4f0f-43d5-bff5-dca136bc65a1,146,afd23d6b-2b3f-4207-8794-69c5ef3aca0b,Snake4,91,16,1
b558bac5-4f0f-43d5-bff5-dca136bc65a1,146,1fc57e5f-0726-4d8a-ad9f-a80ad1261516,Snake2,95,14,1
b558bac5-4f0f-43d5-bff5-dca136bc65a1,146,b93477bf-84f3-406e-83aa-e4bf1bee3be7,Snake3,77,5,0
b558bac5-4f0f-43d5-bff5-dca136bc65a1,146,3c654172-a32d-4478-85a1-eaac22045634,Snake1,18,8,0
b558bac5-4f0f-43d5-bff5-dca136bc65a1,146,afd23d6b-2b3f-4207-8794-69c5ef3aca0b,Snake4,91,16,1
b558bac5-4f0f-43d5-bff5-dca136bc65a1,146,1fc57e5f-0726-4d8a-ad9f-a80ad1261516,Snake2,95,14,1
b558bac5-4f0f-43d5-bff5-dca136bc65a1,146,b93477bf-84f3-406e-83aa-e4bf1bee3be7,Snake3,77,5,0
b558bac5-4f0f-43d5-bff5-dca136bc65a1,146,3c654172-a32d-4478-85a1-eaac22045634,Snake1,18,8,0
b558bac5-4f0f-43d5-bff5-dca136bc65a1,147,afd23d6b-2b3f-4207-8794-69c5ef3aca0b,Snake4,90,16,1
b558bac5-4f0f-43d5-bff5-dca136bc65a1,147,1fc57e5f-0726-4d8a-ad9f-a80ad1261516,Snake2,94,14,1
b558bac5-4f0f-43d5-bff5-dca136bc65a1,147,b93477bf-84f3-406e-83aa-e4bf1bee3be7,Snake3,77,5,0
b558bac5-4f0f-43d5-bff5-dca136bc65a1,147,3c654172-a32d-4478-85a1-eaac22045634,Snake1,18,8,0
b558bac5-4f0f-43d5-bff5-dca136bc65a1,147,afd23d6b-2b3f-4207-8794-69c5ef3aca0b,Snake4,90,16,1
b558bac5-4f0f-43d5-bff5-dca136bc65a1,147,1fc57e5f-0726-4d8a-ad9f-a80ad1261516,Snake2,94,14,1
b558bac5-4f0f-43d5-bff5-dca136bc65a1,147,b93477bf-84f3-406e-83aa-e4bf1bee3be7,Snake3,77,5,0
b558bac5-4f0f-43d5-bff5-dca136bc65a1,147,3c654172-a32d-4478-85a1-eaac22045634,Snake1,18,8,0
b558bac5-4f0f-43d5-bff5-dca136bc65a1,148,afd23d6b-2b3f-4207-8794-69c5ef3aca0b,Snake4,89,16,1
b558bac5-4f0f-43d5-bff5-dca136bc65a1,148,1fc57e5f-0726-4d8a-ad9f-a80ad1261516,Snake2,93,14,1
b558bac5-4f0f-43d5-bff5-dca136bc65a1,148,b93477bf-84f3-406e-83aa-e4bf1bee3be7,Snake3,77,5,0
b558bac5-4f0f-43d5-bff5-dca136bc65a1,148,3c654172-a32d-4478-85a1-eaac22045634,Snake1,18,8,0
b558bac5-4f0f-43d5-bff5-dca136bc65a1,148,afd23d6b-2b3f-4207-8794-69c5ef3aca0b,Snake4,89,16,1
b558bac5-4f0f-43d5-bff5-dca136bc65a1,148,1fc57e5f-0726-4d8a-ad9f-a80ad1261516,Snake2,93,14,1
b558bac5-4f0f-43d5-bff5-dca136bc65a1,148,b93477bf-84f3-406e-83aa-e4bf1bee3be7,Snake3,77,5,0
b558bac5-4f0f-43d5-bff5-dca136bc65a1,148,3c654172-a32d-4478-85a1-eaac22045634,Snake1,18,8,0
b558bac5-4f0f-43d5-bff5-dca136bc65a1,149,afd23d6b-2b3f-4207-8794-69c5ef3aca0b,Snake4,88,16,1
b558bac5-4f0f-43d5-bff5-dca136bc65a1,149,1fc57e5f-0726-4d8a-ad9f-a80ad1261516,Snake2,92,14,1
b558bac5-4f0f-43d5-bff5-dca136bc65a1,149,b93477bf-84f3-406e-83aa-e4bf1bee3be7,Snake3,77,5,0
b558bac5-4f0f-43d5-bff5-dca136bc65a1,149,3c654172-a32d-4478-85a1-eaac22045634,Snake1,18,8,0
b558bac5-4f0f-43d5-bff5-dca136bc65a1,149,afd23d6b-2b3f-4207-8794-69c5ef3aca0b,Snake4,88,16,1
b558bac5-4f0f-43d5-bff5-dca136bc65a1,149,1fc57e5f-0726-4d8a-ad9f-a80ad1261516,Snake2,92,14,1
b558bac5-4f0f-43d5-bff5-dca136bc65a1,149,b93477bf-84f3-406e-83aa-e4bf1bee3be7,Snake3,77,5,0
b558bac5-4f0f-43d5-bff5-dca136bc65a1,149,3c654172-a32d-4478-85a1-eaac22045634,Snake1,18,8,0
b558bac5-4f0f-43d5-bff5-dca136bc65a1,150,afd23d6b-2b3f-4207-8794-69c5ef3aca0b,Snake4,87,16,1
b558bac5-4f0f-43d5-bff5-dca136bc65a1,150,1fc57e5f-0726-4d8a-ad9f-a80ad1261516,Snake2,91,14,1
b558bac5-4f0f-43d5-bff5-dca136bc65a1,150,b93477bf-84f3-406e-83aa-e4bf1bee3be7,Snake3,77,5,0
b558bac5-4f0f-43d5-bff5-dca136bc65a1,150,3c654172-a32d-4478-85a1-eaac22045634,Snake1,18,8,0
b558bac5-4f0f-43d5-bff5-dca136bc65a1,150,afd23d6b-2b3f-4207-8794-69c5ef3aca0b,Snake4,87,16,1
b558bac5-4f0f-43d5-bff5-dca136bc65a1,150,1fc57e5f-0726-4d8a-ad9f-a80ad1261516,Snake2,91,14,1
b558bac5-4f0f-43d5-bff5-dca136bc65a1,150,b93477bf-84f3-406e-83aa-e4bf1bee3be7,Snake3,77,5,0
b558bac5-4f0f-43d5-bff5-dca136bc65a1,150,3c654172-a32d-4478-85a1-eaac22045634,Snake1,18,8,0
b558bac5-4f0f-43d5-bff5-dca136bc65a1,151,afd23d6b-2b3f-4207-8794-69c5ef3aca0b,Snake4,86,16,1
b558bac5-4f0f-43d5-bff5-dca136bc65a1,151,1fc57e5f-0726-4d8a-ad9f-a80ad1261516,Snake2,90,14,1
b558bac5-4f0f-43d5-bff5-dca136bc65a1,151,b93477bf-84f3-406e-83aa-e4bf1bee3be7,Snake3,77,5,0
b558bac5-4f0f-43d5-bff5-dca136bc65a1,151,3c654172-a32d-4478-85a1-eaac22045634,Snake1,18,8,0
b558bac5-4f0f-43d5-bff5-dca136bc65a1,151,afd23d6b-2b3f-4207-8794-69c5ef3aca0b,Snake4,86,16,1
b558bac5-4f0f-43d5-bff5-dca136bc65a1,151,1fc57e5f-0726-4d8a-ad9f-a80ad1261516,Snake2,90,14,1
b558bac5-4f0f-43d5-bff5-dca136bc65a1,151,b93477bf-84f3-406e-83aa-e4bf1bee3be7,Snake3,77,5,0
b558bac5-4f0f-43d5-bff5-dca136bc65a1,151,3c654172-a32d-4478-85a1-eaac22045634,Snake1,18,8,0
b558bac5-4f0f-43d5-bff5-dca136bc65a1,152,afd23d6b-2b3f-4207-8794-69c5ef3aca0b,Snake4,85,16,1
b558bac5-4f0f-43d5-bff5-dca136bc65a1,152,1fc57e5f-0726-4d8a-ad9f-a80ad1261516,Snake2,100,15,1
b558bac5-4f0f-43d5-bff5-dca136bc65a1,152,b93477bf-84f3-406e-83aa-e4bf1bee3be7,Snake3,77,5,0
b558bac5-4f0f-43d5-bff5-dca136bc65a1,152,3c654172-a32d-4478-85a1-eaac22045634,Snake1,18,8,0
b558bac5-4f0f-43d5-bff5-dca136bc65a1,152,afd23d6b-2b3f-4207-8794-69c5ef3aca0b,Snake4,85,16,1
b558bac5-4f0f-43d5-bff5-dca136bc65a1,152,1fc57e5f-0726-4d8a-ad9f-a80ad1261516,Snake2,100,15,1
b558bac5-4f0f-43d5-bff5-dca136bc65a1,152,b93477bf-84f3-406e-83aa-e4bf1bee3be7,Snake3,77,5,0
b558bac5-4f0f-43d5-bff5-dca136bc65a1,152,3c654172-a32d-4478-85a1-eaac22045634,Snake1,18,8,0
b558bac5-4f0f-43d5-bff5-dca136bc65a1,153,afd23d6b-2b3f-4207-8794-69c5ef3aca0b,Snake4,84,16,1
b558bac5-4f0f-43d5-bff5-dca136bc65a1,153,1fc57e5f-0726-4d8a-ad9f-a80ad1261516,Snake2,99,15,1
b558bac5-4f0f-43d5-bff5-dca136bc65a1,153,b93477bf-84f3-406e-83aa-e4bf1bee3be7,Snake3,77,5,0
b558bac5-4f0f-43d5-bff5-dca136bc65a1,153,3c654172-a32d-4478-85a1-eaac22045634,Snake1,18,8,0
b558bac5-4f0f-43d5-bff5-dca136bc65a1,153,afd23d6b-2b3f-4207-8794-69c5ef3aca0b,Snake4,84,16,1
b558bac5-4f0f-43d5-bff5-dca136bc65a1,153,1fc57e5f-0726-4d8a-ad9f-a80ad1261516,Snake2,99,15,1
b558bac5-4f0f-43d5-bff5-dca136bc65a1,153,b93477bf-84f3-406e-83aa-e4bf1bee3be7,Snake3,77,5,0
b558bac5-4f0f-43d5-bff5-dca136bc65a1,153,3c654172-a32d-4478-85a1-eaac22045634,Snake1,18,8,0
b558bac5-4f0f-43d5-bff5-dca136bc65a1,154,afd23d6b-2b3f-4207-8794-69c5ef3aca0b,Snake4,83,16,1
b558bac5-4f0f-43d5-bff5-dca136bc65a1,154,1fc57e5f-0726-4d8a-ad9f-a80ad1261516,Snake2,42,15,1
b558bac5-4f0f-43d5-bff5-dca136bc65a1,154,b93477bf-84f3-406e-83aa-e4bf1bee3be7,Snake3,77,5,0
b558bac5-4f0f-43d5-bff5-dca136bc65a1,154,3c654172-a32d-4478-85a1-eaac22045634,Snake1,18,8,0
b558bac5-4f0f-43d5-bff5-dca136bc65a1,154,afd23d6b-2b3f-4207-8794-69c5ef3aca0b,Snake4,83,16,1
b558bac5-4f0f-43d5-bff5-dca136bc65a1,154,1fc57e5f-0726-4d8a-ad9f-a80ad1261516,Snake2,42,15,1
b558bac5-4f0f-43d5-bff5-dca136bc65a1,154,b93477bf-84f3-406e-83aa-e4bf1bee3be7,Snake3,77,5,0
b558bac5-4f0f-43d5-bff5-dca136bc65a1,154,3c654172-a32d-4478-85a1-eaac22045634,Snake1,18,8,0
b558bac5-4f0f-43d5-bff5-dca136bc65a1,155,afd23d6b-2b3f-4207-8794-69c5ef3aca0b,Snake4,82,16,1
b558bac5-4f0f-43d5-bff5-dca136bc65a1,155,1fc57e5f-0726-4d8a-ad9f-a80ad1261516,Snake2,41,15,1
b558bac5-4f0f-43d5-bff5-dca136bc65a1,155,b93477bf-84f3-406e-83aa-e4bf1bee3be7,Snake3,77,5,0
b558bac5-4f0f-43d5-bff5-dca136bc65a1,155,3c654172-a32d-4478-85a1-eaac22045634,Snake1,18,8,0
b558bac5-4f0f-43d5-bff5-dca136bc65a1,156,afd23d6b-2b3f-4207-8794-69c5ef3aca0b,Snake4,81,16,1
b558bac5-4f0f-43d5-bff5-dca136bc65a1,156,b93477bf-84f3-406e-83aa-e4bf1bee3be7,Snake3,77,5,0
b558bac5-4f0f-43d5-bff5-dca136bc65a1,156,3c654172-a32d-4478-85a1-eaac22045634,Snake1,18,8,0
b558bac5-4f0f-43d5-bff5-dca136bc65a1,156,1fc57e5f-0726-4d8a-ad9f-a80ad1261516,Snake2,41,15,0
b558bac5-4f0f-43d5-bff5-dca136bc65a1,157,afd23d6b-2b3f-4207-8794-69c5ef3aca0b,Snake4,81,16,1
b558bac5-4f0f-43d5-bff5-dca136bc65a1,157,b93477bf-84f3-406e-83aa-e4bf1bee3be7,Snake3,77,5,0
b558bac5-4f0f-43d5-bff5-dca136bc65a1,157,3c654172-a32d-4478-85a1-eaac22045634,Snake1,90,8,0
b558bac5-4f0f-43d5-bff5-dca136bc65a1,157,1fc57e5f-0726-4d8a-ad9f-a80ad1261516,Snake2,92,7,0
b558bac5-4f0f-43d5-bff5-dca136bc65a1,157,afd23d6b-2b3f-4207-8794-69c5ef3aca0b,Snake4,81,16,1
b558bac5-4f0f-43d5-bff5-dca136bc65a1,157,b93477bf-84f3-406e-83aa-e4bf1bee3be7,Snake3,77,5,0
b558bac5-4f0f-43d5-bff5-dca136bc65a1,157,3c654172-a32d-4478-85a1-eaac22045634,Snake1,18,8,0
b558bac5-4f0f-43d5-bff5-dca136bc65a1,157,1fc57e5f-0726-4d8a-ad9f-a80ad1261516,Snake2,41,15,0
b558bac5-4f0f-43d5-bff5-dca136bc65a1,157,afd23d6b-2b3f-4207-8794-69c5ef3aca0b,Snake4,81,16,1
b558bac5-4f0f-43d5-bff5-dca136bc65a1,157,b93477bf-84f3-406e-83aa-e4bf1bee3be7,Snake3,77,5,0
b558bac5-4f0f-43d5-bff5-dca136bc65a1,157,3c654172-a32d-4478-85a1-eaac22045634,Snake1,18,8,0
b558bac5-4f0f-43d5-bff5-dca136bc65a1,157,1fc57e5f-0726-4d8a-ad9f-a80ad1261516,Snake2,94,10,0
b558bac5-4f0f-43d5-bff5-dca136bc65a1,157,afd23d6b-2b3f-4207-8794-69c5ef3aca0b,Snake4,81,16,1
b558bac5-4f0f-43d5-bff5-dca136bc65a1,157,b93477bf-84f3-406e-83aa-e4bf1bee3be7,Snake3,77,5,0
b558bac5-4f0f-43d5-bff5-dca136bc65a1,157,3c654172-a32d-4478-85a1-eaac22045634,Snake1,18,8,0
b558bac5-4f0f-43d5-bff5-dca136bc65a1,157,1fc57e5f-0726-4d8a-ad9f-a80ad1261516,Snake2,41,15,0
