game_id,turn,snake_id,snake_name,health,length,alive
bab27fc1-664d-4825-ad9d-e1e66fd6307b,0,ebe60335-cc8e-4a9d-9a11-685bd81f59e0,MCTS Heuristic 1,100,3,1
bab27fc1-664d-4825-ad9d-e1e66fd6307b,0,77937401-cdd1-4e8d-81f7-786b86462bc1,MCTS Heuristic 2,100,3,1
bab27fc1-664d-4825-ad9d-e1e66fd6307b,0,728bb9fe-eb9c-43bf-896f-47a1980aeaec,Heuristic1,100,3,1
bab27fc1-664d-4825-ad9d-e1e66fd6307b,0,df879746-c587-4080-a0d9-6bda7cac2286,MCTS1,100,3,1
bab27fc1-664d-4825-ad9d-e1e66fd6307b,1,ebe60335-cc8e-4a9d-9a11-685bd81f59e0,MCTS Heuristic 1,99,3,1
bab27fc1-664d-4825-ad9d-e1e66fd6307b,1,77937401-cdd1-4e8d-81f7-786b86462bc1,MCTS Heuristic 2,99,3,1
bab27fc1-664d-4825-ad9d-e1e66fd6307b,1,728bb9fe-eb9c-43bf-896f-47a1980aeaec,Heuristic1,99,3,1
bab27fc1-664d-4825-ad9d-e1e66fd6307b,1,df879746-c587-4080-a0d9-6bda7cac2286,MCTS1,99,3,1
bab27fc1-664d-4825-ad9d-e1e66fd6307b,1,ebe60335-cc8e-4a9d-9a11-685bd81f59e0,MCTS Heuristic 1,99,3,1
bab27fc1-664d-4825-ad9d-e1e66fd6307b,1,77937401-cdd1-4e8d-81f7-786b86462bc1,MCTS Heuristic 2,99,3,1
bab27fc1-664d-4825-ad9d-e1e66fd6307b,1,728bb9fe-eb9c-43bf-896f-47a1980aeaec,Heuristic1,99,3,1
bab27fc1-664d-4825-ad9d-e1e66fd6307b,1,df879746-c587-4080-a0d9-6bda7cac2286,MCTS1,99,3,1
bab27fc1-664d-4825-ad9d-e1e66fd6307b,1,ebe60335-cc8e-4a9d-9a11-685bd81f59e0,MCTS Heuristic 1,99,3,1
bab27fc1-664d-4825-ad9d-e1e66fd6307b,1,77937401-cdd1-4e8d-81f7-786b86462bc1,MCTS Heuristic 2,99,3,1
bab27fc1-664d-4825-ad9d-e1e66fd6307b,1,728bb9fe-eb9c-43bf-896f-47a1980aeaec,Heuristic1,99,3,1
bab27fc1-664d-4825-ad9d-e1e66fd6307b,1,df879746-c587-4080-a0d9-6bda7cac2286,MCTS1,99,3,1
bab27fc1-664d-4825-ad9d-e1e66fd6307b,1,ebe60335-cc8e-4a9d-9a11-685bd81f59e0,MCTS Heuristic 1,99,3,1
bab27fc1-664d-4825-ad9d-e1e66fd6307b,1,77937401-cdd1-4e8d-81f7-786b86462bc1,MCTS Heuristic 2,99,3,1
bab27fc1-664d-4825-ad9d-e1e66fd6307b,1,728bb9fe-eb9c-43bf-896f-47a1980aeaec,Heuristic1,99,3,1
bab27fc1-664d-4825-ad9d-e1e66fd6307b,1,df879746-c587-4080-a0d9-6bda7cac2286,MCTS1,99,3,1
bab27fc1-664d-4825-ad9d-e1e66fd6307b,2,ebe60335-cc8e-4a9d-9a11-685bd81f59e0,MCTS Heuristic 1,98,3,1
bab27fc1-664d-4825-ad9d-e1e66fd6307b,2,77937401-cdd1-4e8d-81f7-786b86462bc1,MCTS Heuristic 2,98,3,1
bab27fc1-664d-4825-ad9d-e1e66fd6307b,2,728bb9fe-eb9c-43bf-896f-47a1980aeaec,Heuristic1,98,3,1
bab27fc1-664d-4825-ad9d-e1e66fd6307b,2,df879746-c587-4080-a0d9-6bda7cac2286,MCTS1,100,4,1
bab27fc1-664d-4825-ad9d-e1e66fd6307b,2,ebe60335-cc8e-4a9d-9a11-685bd81f59e0,MCTS Heuristic 1,98,3,1
bab27fc1-664d-4825-ad9d-e1e66fd6307b,2,77937401-cdd1-4e8d-81f7-786b86462bc1,MCTS Heuristic 2,98,3,1
bab27fc1-664d-4825-ad9d-e1e66fd6307b,2,728bb9fe-eb9c-43bf-896f-47a1980aeaec,Heuristic1,98,3,1
bab27fc1-664d-4825-ad9d-e1e66fd6307b,2,df879746-c587-4080-a0d9-6bda7cac2286,MCTS1,100,4,1
bab27fc1-664d-4825-ad9d-e1e66fd6307b,2,ebe60335-cc8e-4a9d-9a11-685bd81f59e0,MCTS Heuristic 1,98,3,1
bab27fc1-664d-4825-ad9d-e1e66fd6307b,2,77937401-cdd1-4e8d-81f7-786b86462bc1,MCTS Heuristic 2,98,3,1
bab27fc1-664d-4825-ad9d-e1e66fd6307b,2,728bb9fe-eb9c-43bf-896f-47a1980aeaec,Heuristic1,98,3,1
bab27fc1-664d-4825-ad9d-e1e66fd6307b,2,df879746-c587-4080-a0d9-6bda7cac2286,MCTS1,100,4,1
bab27fc1-664d-4825-ad9d-e1e66fd6307b,2,ebe60335-cc8e-4a9d-9a11-685bd81f59e0,MCTS Heuristic 1,98,3,1
bab27fc1-664d-4825-ad9d-e1e66fd6307b,2,77937401-cdd1-4e8d-81f7-786b86462bc1,MCTS Heuristic 2,98,3,1
bab27fc1-664d-4825-ad9d-e1e66fd6307b,2,728bb9fe-eb9c-43bf-896f-47a1980aeaec,Heuristic1,98,3,1
bab27fc1-664d-4825-ad9d-e1e66fd6307b,2,df879746-c587-4080-a0d9-6bda7cac2286,MCTS1,100,4,1
bab27fc1-664d-4825-ad9d-e1e66fd6307b,3,ebe60335-cc8e-4a9d-9a11-685bd81f59e0,MCTS Heuristic 1,97,3,1
bab27fc1-664d-4825-ad9d-e1e66fd6307b,3,77937401-cdd1-4e8d-81f7-786b86462bc1,MCTS Heuristic 2,97,3,1
bab27fc1-664d-4825-ad9d-e1e66fd6307b,3,728bb9fe-eb9c-43bf-896f-47a1980aeaec,Heuristic1,97,3,1
bab27fc1-664d-4825-ad9d-e1e66fd6307b,3,df879746-c587-4080-a0d9-6bda7cac2286,MCTS1,99,4,1
bab27fc1-664d-4825-ad9d-e1e66fd6307b,3,ebe60335-cc8e-4a9d-9a11-685bd81f59e0,MCTS Heuristic 1,97,3,1
bab27fc1-664d-4825-ad9d-e1e66fd6307b,3,77937401-cdd1-4e8d-81f7-786b86462bc1,MCTS Heuristic 2,97,3,1
bab27fc1-664d-4825-ad9d-e1e66fd6307b,3,728bb9fe-eb9c-43bf-896f-47a1980aeaec,Heuristic1,97,3,1
bab27fc1-664d-4825-ad9d-e1e66fd6307b,3,df879746-c587-4080-a0d9-6bda7cac2286,MCTS1,99,4,1
bab27fc1-664d-4825-ad9d-e1e66fd6307b,3,ebe60335-cc8e-4a9d-9a11-685bd81f59e0,MCTS Heuristic 1,97,3,1
bab27fc1-664d-4825-ad9d-e1e66fd6307b,3,77937401-cdd1-4e8d-81f7-786b86462bc1,MCTS Heuristic 2,97,3,1
bab27fc1-664d-4825-ad9d-e1e66fd6307b,3,728bb9fe-eb9c-43bf-896f-47a1980aeaec,Heuristic1,97,3,1
bab27fc1-664d-4825-ad9d-e1e66fd6307b,3,df879746-c587-4080-a0d9-6bda7cac2286,MCTS1,99,4,1
bab27fc1-664d-4825-ad9d-e1e66fd6307b,3,ebe60335-cc8e-4a9d-9a11-685bd81f59e0,MCTS Heuristic 1,97,3,1
bab27fc1-664d-4825-ad9d-e1e66fd6307b,3,77937401-cdd1-4e8d-81f7-786b86462bc1,MCTS Heuristic 2,97,3,1
bab27fc1-664d-4825-ad9d-e1e66fd6307b,3,728bb9fe-eb9c-43bf-896f-47a1980aeaec,Heuristic1,97,3,1
bab27fc1-664d-4825-ad9d-e1e66fd6307b,3,df879746-c587-4080-a0d9-6bda7cac2286,MCTS1,99,4,1
bab27fc1-664d-4825-ad9d-e1e66fd6307b,4,ebe60335-cc8e-4a9d-9a11-685bd81f59e0,MCTS Heuristic 1,96,3,1
bab27fc1-664d-4825-ad9d-e1e66fd6307b,4,77937401-cdd1-4e8d-81f7-786b86462bc1,MCTS Heuristic 2,96,3,1
bab27fc1-664d-4825-ad9d-e1e66fd6307b,4,728bb9fe-eb9c-43bf-896f-47a1980aeaec,Heuristic1,96,3,1
bab27fc1-664d-4825-ad9d-e1e66fd6307b,4,df879746-c587-4080-a0d9-6bda7cac2286,MCTS1,98,4,1
bab27fc1-664d-4825-ad9d-e1e66fd6307b,4,ebe60335-cc8e-4a9d-9a11-685bd81f59e0,MCTS Heuristic 1,96,3,1
bab27fc1-664d-4825-ad9d-e1e66fd6307b,4,77937401-cdd1-4e8d-81f7-786b86462bc1,MCTS Heuristic 2,96,3,1
bab27fc1-664d-4825-ad9d-e1e66fd6307b,4,728bb9fe-eb9c-43bf-896f-47a1980aeaec,Heuristic1,96,3,1
bab27fc1-664d-4825-ad9d-e1e66fd6307b,4,df879746-c587-4080-a0d9-6bda7cac2286,MCTS1,98,4,1
bab27fc1-664d-4825-ad9d-e1e66fd6307b,4,ebe60335-cc8e-4a9d-9a11-685bd81f59e0,MCTS Heuristic 1,96,3,1
bab27fc1-664d-4825-ad9d-e1e66fd6307b,4,77937401-cdd1-4e8d-81f7-786b86462bc1,MCTS Heuristic 2,96,3,1
bab27fc1-664d-4825-ad9d-e1e66fd6307b,4,728bb9fe-eb9c-43bf-896f-47a1980aeaec,Heuristic1,96,3,1
bab27fc1-664d-4825-ad9d-e1e66fd6307b,4,df879746-c587-4080-a0d9-6bda7cac2286,MCTS1,98,4,1
bab27fc1-664d-4825-ad9d-e1e66fd6307b,4,ebe60335-cc8e-4a9d-9a11-685bd81f59e0,MCTS Heuristic 1,96,3,1
bab27fc1-664d-4825-ad9d-e1e66fd6307b,4,77937401-cdd1-4e8d-81f7-786b86462bc1,MCTS Heuristic 2,96,3,1
bab27fc1-664d-4825-ad9d-e1e66fd6307b,4,728bb9fe-eb9c-43bf-896f-47a1980aeaec,Heuristic1,96,3,1
bab27fc1-664d-4825-ad9d-e1e66fd6307b,4,df879746-c587-4080-a0d9-6bda7cac2286,MCTS1,98,4,1
bab27fc1-664d-4825-ad9d-e1e66fd6307b,5,ebe60335-cc8e-4a9d-9a11-685bd81f59e0,MCTS Heuristic 1,95,3,1
bab27fc1-664d-4825-ad9d-e1e66fd6307b,5,77937401-cdd1-4e8d-81f7-786b86462bc1,MCTS Heuristic 2,95,3,1
bab27fc1-664d-4825-ad9d-e1e66fd6307b,5,728bb9fe-eb9c-43bf-896f-47a1980aeaec,Heuristic1,95,3,1
bab27fc1-664d-4825-ad9d-e1e66fd6307b,5,df879746-c587-4080-a0d9-6bda7cac2286,MCTS1,97,4,1
bab27fc1-664d-4825-ad9d-e1e66fd6307b,5,ebe60335-cc8e-4a9d-9a11-685bd81f59e0,MCTS Heuristic 1,95,3,1
bab27fc1-664d-4825-ad9d-e1e66fd6307b,5,77937401-cdd1-4e8d-81f7-786b86462bc1,MCTS Heuristic 2,95,3,1
bab27fc1-664d-4825-ad9d-e1e66fd6307b,5,728bb9fe-eb9c-43bf-896f-47a1980aeaec,Heuristic1,95,3,1
bab27fc1-664d-4825-ad9d-e1e66fd6307b,5,df879746-c587-4080-a0d9-6bda7cac2286,MCTS1,97,4,1
bab27fc1-664d-4825-ad9d-e1e66fd6307b,5,ebe60335-cc8e-4a9d-9a11-685bd81f59e0,MCTS Heuristic 1,95,3,1
bab27fc1-664d-4825-ad9d-e1e66fd6307b,5,77937401-cdd1-4e8d-81f7-786b86462bc1,MCTS Heuristic 2,95,3,1
bab27fc1-664d-4825-ad9d-e1e66fd6307b,5,728bb9fe-eb9c-43bf-896f-47a1980aeaec,Heuristic1,95,3,1
bab27fc1-664d-4825-ad9d-e1e66fd6307b,5,df879746-c587-4080-a0d9-6bda7cac2286,MCTS1,97,4,1
bab27fc1-664d-4825-ad9d-e1e66fd6307b,5,ebe60335-cc8e-4a9d-9a11-685bd81f59e0,MCTS Heuristic 1,95,3,1
bab27fc1-664d-4825-ad9d-e1e66fd6307b,5,77937401-cdd1-4e8d-81f7-786b86462bc1,MCTS Heuristic 2,95,3,1
bab27fc1-664d-4825-ad9d-e1e66fd6307b,5,728bb9fe-eb9c-43bf-896f-47a1980aeaec,Heuristic1,95,3,1
bab27fc1-664d-4825-ad9d-e1e66fd6307b,5,df879746-c587-4080-a0d9-6bda7cac2286,MCTS1,97,4,1
bab27fc1-664d-4825-ad9d-e1e66fd6307b,6,ebe60335-cc8e-4a9d-9a11-685bd81f59e0,MCTS Heuristic 1,100,4,1
bab27fc1-664d-4825-ad9d-e1e66fd6307b,6,77937401-cdd1-4e8d-81f7-786b86462bc1,MCTS Heuristic 2,94,3,1
bab27fc1-664d-4825-ad9d-e1e66fd6307b,6,728bb9fe-eb9c-43bf-896f-47a1980aeaec,Heuristic1,94,3,1
bab27fc1-664d-4825-ad9d-e1e66fd6307b,6,df879746-c587-4080-a0d9-6bda7cac2286,MCTS1,96,4,1
bab27fc1-664d-4825-ad9d-e1e66fd6307b,6,ebe60335-cc8e-4a9d-9a11-685bd81f59e0,MCTS Heuristic 1,100,4,1
bab27fc1-664d-4825-ad9d-e1e66fd6307b,6,77937401-cdd1-4e8d-81f7-786b86462bc1,MCTS Heuristic 2,94,3,1
bab27fc1-664d-4825-ad9d-e1e66fd6307b,6,728bb9fe-eb9c-43bf-896f-47a1980aeaec,Heuristic1,94,3,1
bab27fc1-664d-4825-ad9d-e1e66fd6307b,6,df879746-c587-4080-a0d9-6bda7cac2286,MCTS1,96,4,1
bab27fc1-664d-4825-ad9d-e1e66fd6307b,6,ebe60335-cc8e-4a9d-9a11-685bd81f59e0,MCTS Heuristic 1,100,4,1
bab27fc1-664d-4825-ad9d-e1e66fd6307b,6,77937401-cdd1-4e8d-81f7-786b86462bc1,MCTS Heuristic 2,94,3,1
bab27fc1-664d-4825-ad9d-e1e66fd6307b,6,728bb9fe-eb9c-43bf-896f-47a1980aeaec,Heuristic1,94,3,1
bab27fc1-664d-4825-ad9d-e1e66fd6307b,6,df879746-c587-4080-a0d9-6bda7cac2286,MCTS1,96,4,1
bab27fc1-664d-4825-ad9d-e1e66fd6307b,6,ebe60335-cc8e-4a9d-9a11-685bd81f59e0,MCTS Heuristic 1,100,4,1
bab27fc1-664d-4825-ad9d-e1e66fd6307b,6,77937401-cdd1-4e8d-81f7-786b86462bc1,MCTS Heuristic 2,94,3,1
bab27fc1-664d-4825-ad9d-e1e66fd6307b,6,728bb9fe-eb9c-43bf-896f-47a1980aeaec,Heuristic1,94,3,1
bab27fc1-664d-4825-ad9d-e1e66fd6307b,6,df879746-c587-4080-a0d9-6bda7cac2286,MCTS1,96,4,1
bab27fc1-664d-4825-ad9d-e1e66fd6307b,7,ebe60335-cc8e-4a9d-9a11-685bd81f59e0,MCTS Heuristic 1,99,4,1
bab27fc1-664d-4825-ad9d-e1e66fd6307b,7,77937401-cdd1-4e8d-81f7-786b86462bc1,MCTS Heuristic 2,93,3,1
bab27fc1-664d-4825-ad9d-e1e66fd6307b,7,728bb9fe-eb9c-43bf-896f-47a1980aeaec,Heuristic1,93,3,1
bab27fc1-664d-4825-ad9d-e1e66fd6307b,7,df879746-c587-4080-a0d9-6bda7cac2286,MCTS1,95,4,1
bab27fc1-664d-4825-ad9d-e1e66fd6307b,7,ebe60335-cc8e-4a9d-9a11-685bd81f59e0,MCTS Heuristic 1,99,4,1
bab27fc1-664d-4825-ad9d-e1e66fd6307b,7,77937401-cdd1-4e8d-81f7-786b86462bc1,MCTS Heuristic 2,93,3,1
bab27fc1-664d-4825-ad9d-e1e66fd6307b,7,728bb9fe-eb9c-43bf-896f-47a1980aeaec,Heuristic1,93,3,1
bab27fc1-664d-4825-ad9d-e1e66fd6307b,7,df879746-c587-4080-a0d9-6bda7cac2286,MCTS1,95,4,1
bab27fc1-664d-4825-ad9d-e1e66fd6307b,7,ebe60335-cc8e-4a9d-9a11-685bd81f59e0,MCTS Heuristic 1,99,4,1
bab27fc1-664d-4825-ad9d-e1e66fd6307b,7,77937401-cdd1-4e8d-81f7-786b86462bc1,MCTS Heuristic 2,93,3,1
bab27fc1-664d-4825-ad9d-e1e66fd6307b,7,728bb9fe-eb9c-43bf-896f-47a1980aeaec,Heuristic1,93,3,1
bab27fc1-664d-4825-ad9d-e1e66fd6307b,7,df879746-c587-4080-a0d9-6bda7cac2286,MCTS1,95,4,1
bab27fc1-664d-4825-ad9d-e1e66fd6307b,7,ebe60335-cc8e-4a9d-9a11-685bd81f59e0,MCTS Heuristic 1,99,4,1
bab27fc1-664d-4825-ad9d-e1e66fd6307b,7,77937401-cdd1-4e8d-81f7-786b86462bc1,MCTS Heuristic 2,93,3,1
bab27fc1-664d-4825-ad9d-e1e66fd6307b,7,728bb9fe-eb9c-43bf-896f-47a1980aeaec,Heuristic1,93,3,1
bab27fc1-664d-4825-ad9d-e1e66fd6307b,7,df879746-c587-4080-a0d9-6bda7cac2286,MCTS1,95,4,1
bab27fc1-664d-4825-ad9d-e1e66fd6307b,8,ebe60335-cc8e-4a9d-9a11-685bd81f59e0,MCTS Heuristic 1,98,4,1
bab27fc1-664d-4825-ad9d-e1e66fd6307b,8,77937401-cdd1-4e8d-81f7-786b86462bc1,MCTS Heuristic 2,92,3,1
bab27fc1-664d-4825-ad9d-e1e66fd6307b,8,728bb9fe-eb9c-43bf-896f-47a1980aeaec,Heuristic1,92,3,1
bab27fc1-664d-4825-ad9d-e1e66fd6307b,8,df879746-c587-4080-a0d9-6bda7cac2286,MCTS1,94,4,1
bab27fc1-664d-4825-ad9d-e1e66fd6307b,8,ebe60335-cc8e-4a9d-9a11-685bd81f59e0,MCTS Heuristic 1,98,4,1
bab27fc1-664d-4825-ad9d-e1e66fd6307b,8,77937401-cdd1-4e8d-81f7-786b86462bc1,MCTS Heuristic 2,92,3,1
bab27fc1-664d-4825-ad9d-e1e66fd6307b,8,728bb9fe-eb9c-43bf-896f-47a1980aeaec,Heuristic1,92,3,1
bab27fc1-664d-4825-ad9d-e1e66fd6307b,8,df879746-c587-4080-a0d9-6bda7cac2286,MCTS1,94,4,1
bab27fc1-664d-4825-ad9d-e1e66fd6307b,8,ebe60335-cc8e-4a9d-9a11-685bd81f59e0,MCTS Heuristic 1,98,4,1
bab27fc1-664d-4825-ad9d-e1e66fd6307b,8,77937401-cdd1-4e8d-81f7-786b86462bc1,MCTS Heuristic 2,92,3,1
bab27fc1-664d-4825-ad9d-e1e66fd6307b,8,728bb9fe-eb9c-43bf-896f-47a1980aeaec,Heuristic1,92,3,1
bab27fc1-664d-4825-ad9d-e1e66fd6307b,8,df879746-c587-4080-a0d9-6bda7cac2286,MCTS1,94,4,1
bab27fc1-664d-4825-ad9d-e1e66fd6307b,8,ebe60335-cc8e-4a9d-9a11-685bd81f59e0,MCTS Heuristic 1,98,4,1
bab27fc1-664d-4825-ad9d-e1e66fd6307b,8,77937401-cdd1-4e8d-81f7-786b86462bc1,MCTS Heuristic 2,92,3,1
bab27fc1-664d-4825-ad9d-e1e66fd6307b,8,728bb9fe-eb9c-43bf-896f-47a1980aeaec,Heuristic1,92,3,1
bab27fc1-664d-4825-ad9d-e1e66fd6307b,8,df879746-c587-4080-a0d9-6bda7cac2286,MCTS1,94,4,1
bab27fc1-664d-4825-ad9d-e1e66fd6307b,9,ebe60335-cc8e-4a9d-9a11-685bd81f59e0,MCTS Heuristic 1,97,4,1
bab27fc1-664d-4825-ad9d-e1e66fd6307b,9,77937401-cdd1-4e8d-81f7-786b86462bc1,MCTS Heuristic 2,91,3,1
bab27fc1-664d-4825-ad9d-e1e66fd6307b,9,728bb9fe-eb9c-43bf-896f-47a1980aeaec,Heuristic1,91,3,1
bab27fc1-664d-4825-ad9d-e1e66fd6307b,9,df879746-c587-4080-a0d9-6bda7cac2286,MCTS1,93,4,1
bab27fc1-664d-4825-ad9d-e1e66fd6307b,9,ebe60335-cc8e-4a9d-9a11-685bd81f59e0,MCTS Heuristic 1,97,4,1
bab27fc1-664d-4825-ad9d-e1e66fd6307b,9,77937401-cdd1-4e8d-81f7-786b86462bc1,MCTS Heuristic 2,91,3,1
bab27fc1-664d-4825-ad9d-e1e66fd6307b,9,728bb9fe-eb9c-43bf-896f-47a1980aeaec,Heuristic1,91,3,1
bab27fc1-664d-4825-ad9d-e1e66fd6307b,9,df879746-c587-4080-a0d9-6bda7cac2286,MCTS1,93,4,1
bab27fc1-664d-4825-ad9d-e1e66fd6307b,9,ebe60335-cc8e-4a9d-9a11-685bd81f59e0,MCTS Heuristic 1,97,4,1
bab27fc1-664d-4825-ad9d-e1e66fd6307b,9,77937401-cdd1-4e8d-81f7-786b86462bc1,MCTS Heuristic 2,91,3,1
bab27fc1-664d-4825-ad9d-e1e66fd6307b,9,728bb9fe-eb9c-43bf-896f-47a1980aeaec,Heuristic1,91,3,1
bab27fc1-664d-4825-ad9d-e1e66fd6307b,9,df879746-c587-4080-a0d9-6bda7cac2286,MCTS1,93,4,1
bab27fc1-664d-4825-ad9d-e1e66fd6307b,9,ebe60335-cc8e-4a9d-9a11-685bd81f59e0,MCTS Heuristic 1,97,4,1
bab27fc1-664d-4825-ad9d-e1e66fd6307b,9,77937401-cdd1-4e8d-81f7-786b86462bc1,MCTS Heuristic 2,91,3,1
bab27fc1-664d-4825-ad9d-e1e66fd6307b,9,728bb9fe-eb9c-43bf-896f-47a1980aeaec,Heuristic1,91,3,1
bab27fc1-664d-4825-ad9d-e1e66fd6307b,9,df879746-c587-4080-a0d9-6bda7cac2286,MCTS1,93,4,1
bab27fc1-664d-4825-ad9d-e1e66fd6307b,10,ebe60335-cc8e-4a9d-9a11-685bd81f59e0,MCTS Heuristic 1,96,4,1
bab27fc1-664d-4825-ad9d-e1e66fd6307b,10,77937401-cdd1-4e8d-81f7-786b86462bc1,MCTS Heuristic 2,90,3,1
bab27fc1-664d-4825-ad9d-e1e66fd6307b,10,728bb9fe-eb9c-43bf-896f-47a1980aeaec,Heuristic1,90,3,1
bab27fc1-664d-4825-ad9d-e1e66fd6307b,10,df879746-c587-4080-a0d9-6bda7cac2286,MCTS1,92,4,1
bab27fc1-664d-4825-ad9d-e1e66fd6307b,10,ebe60335-cc8e-4a9d-9a11-685bd81f59e0,MCTS Heuristic 1,96,4,1
bab27fc1-664d-4825-ad9d-e1e66fd6307b,10,77937401-cdd1-4e8d-81f7-786b86462bc1,MCTS Heuristic 2,90,3,1
bab27fc1-664d-4825-ad9d-e1e66fd6307b,10,728bb9fe-eb9c-43bf-896f-47a1980aeaec,Heuristic1,90,3,1
bab27fc1-664d-4825-ad9d-e1e66fd6307b,10,df879746-c587-4080-a0d9-6bda7cac2286,MCTS1,92,4,1
bab27fc1-664d-4825-ad9d-e1e66fd6307b,10,ebe60335-cc8e-4a9d-9a11-685bd81f59e0,MCTS Heuristic 1,96,4,1
bab27fc1-664d-4825-ad9d-e1e66fd6307b,10,77937401-cdd1-4e8d-81f7-786b86462bc1,MCTS Heuristic 2,90,3,1
bab27fc1-664d-4825-ad9d-e1e66fd6307b,10,728bb9fe-eb9c-43bf-896f-47a1980aeaec,Heuristic1,90,3,1
bab27fc1-664d-4825-ad9d-e1e66fd6307b,10,df879746-c587-4080-a0d9-6bda7cac2286,MCTS1,92,4,1
bab27fc1-664d-4825-ad9d-e1e66fd6307b,10,ebe60335-cc8e-4a9d-9a11-685bd81f59e0,MCTS Heuristic 1,96,4,1
bab27fc1-664d-4825-ad9d-e1e66fd6307b,10,77937401-cdd1-4e8d-81f7-786b86462bc1,MCTS Heuristic 2,90,3,1
bab27fc1-664d-4825-ad9d-e1e66fd6307b,10,728bb9fe-eb9c-43bf-896f-47a1980aeaec,Heuristic1,90,3,1
bab27fc1-664d-4825-ad9d-e1e66fd6307b,10,df879746-c587-4080-a0d9-6bda7cac2286,MCTS1,92,4,1
bab27fc1-664d-4825-ad9d-e1e66fd6307b,11,ebe60335-cc8e-4a9d-9a11-685bd81f59e0,MCTS Heuristic 1,95,4,1
bab27fc1-664d-4825-ad9d-e1e66fd6307b,11,77937401-cdd1-4e8d-81f7-786b86462bc1,MCTS Heuristic 2,100,4,1
bab27fc1-664d-4825-ad9d-e1e66fd6307b,11,728bb9fe-eb9c-43bf-896f-47a1980aeaec,Heuristic1,89,3,1
bab27fc1-664d-4825-ad9d-e1e66fd6307b,11,df879746-c587-4080-a0d9-6bda7cac2286,MCTS1,100,5,1
bab27fc1-664d-4825-ad9d-e1e66fd6307b,11,ebe60335-cc8e-4a9d-9a11-685bd81f59e0,MCTS Heuristic 1,95,4,1
bab27fc1-664d-4825-ad9d-e1e66fd6307b,11,77937401-cdd1-4e8d-81f7-786b86462bc1,MCTS Heuristic 2,100,4,1
bab27fc1-664d-4825-ad9d-e1e66fd6307b,11,728bb9fe-eb9c-43bf-896f-47a1980aeaec,Heuristic1,89,3,1
bab27fc1-664d-4825-ad9d-e1e66fd6307b,11,df879746-c587-4080-a0d9-6bda7cac2286,MCTS1,100,5,1
bab27fc1-664d-4825-ad9d-e1e66fd6307b,11,ebe60335-cc8e-4a9d-9a11-685bd81f59e0,MCTS Heuristic 1,95,4,1
bab27fc1-664d-4825-ad9d-e1e66fd6307b,11,77937401-cdd1-4e8d-81f7-786b86462bc1,MCTS Heuristic 2,100,4,1
bab27fc1-664d-4825-ad9d-e1e66fd6307b,11,728bb9fe-eb9c-43bf-896f-47a1980aeaec,Heuristic1,89,3,1
bab27fc1-664d-4825-ad9d-e1e66fd6307b,11,df879746-c587-4080-a0d9-6bda7cac2286,MCTS1,100,5,1
bab27fc1-664d-4825-ad9d-e1e66fd6307b,11,ebe60335-cc8e-4a9d-9a11-685bd81f59e0,MCTS Heuristic 1,95,4,1
bab27fc1-664d-4825-ad9d-e1e66fd6307b,11,77937401-cdd1-4e8d-81f7-786b86462bc1,MCTS Heuristic 2,100,4,1
bab27fc1-664d-4825-ad9d-e1e66fd6307b,11,728bb9fe-eb9c-43bf-896f-47a1980aeaec,Heuristic1,89,3,1
bab27fc1-664d-4825-ad9d-e1e66fd6307b,11,df879746-c587-4080-a0d9-6bda7cac2286,MCTS1,100,5,1
bab27fc1-664d-4825-ad9d-e1e66fd6307b,12,ebe60335-cc8e-4a9d-9a11-685bd81f59e0,MCTS Heuristic 1,94,4,1
bab27fc1-664d-4825-ad9d-e1e66fd6307b,12,77937401-cdd1-4e8d-81f7-786b86462bc1,MCTS Heuristic 2,99,4,1
bab27fc1-664d-4825-ad9d-e1e66fd6307b,12,728bb9fe-eb9c-43bf-896f-47a1980aeaec,Heuristic1,88,3,1
bab27fc1-664d-4825-ad9d-e1e66fd6307b,12,df879746-c587-4080-a0d9-6bda7cac2286,MCTS1,99,5,1
bab27fc1-664d-4825-ad9d-e1e66fd6307b,12,ebe60335-cc8e-4a9d-9a11-685bd81f59e0,MCTS Heuristic 1,94,4,1
bab27fc1-664d-4825-ad9d-e1e66fd6307b,12,77937401-cdd1-4e8d-81f7-786b86462bc1,MCTS Heuristic 2,99,4,1
bab27fc1-664d-4825-ad9d-e1e66fd6307b,12,728bb9fe-eb9c-43bf-896f-47a1980aeaec,Heuristic1,88,3,1
bab27fc1-664d-4825-ad9d-e1e66fd6307b,12,df879746-c587-4080-a0d9-6bda7cac2286,MCTS1,99,5,1
bab27fc1-664d-4825-ad9d-e1e66fd6307b,12,ebe60335-cc8e-4a9d-9a11-685bd81f59e0,MCTS Heuristic 1,94,4,1
bab27fc1-664d-4825-ad9d-e1e66fd6307b,12,77937401-cdd1-4e8d-81f7-786b86462bc1,MCTS Heuristic 2,99,4,1
bab27fc1-664d-4825-ad9d-e1e66fd6307b,12,728bb9fe-eb9c-43bf-896f-47a1980aeaec,Heuristic1,88,3,1
bab27fc1-664d-4825-ad9d-e1e66fd6307b,12,df879746-c587-4080-a0d9-6bda7cac2286,MCTS1,99,5,1
bab27fc1-664d-4825-ad9d-e1e66fd6307b,12,ebe60335-cc8e-4a9d-9a11-685bd81f59e0,MCTS Heuristic 1,94,4,1
bab27fc1-664d-4825-ad9d-e1e66fd6307b,12,77937401-cdd1-4e8d-81f7-786b86462bc1,MCTS Heuristic 2,99,4,1
bab27fc1-664d-4825-ad9d-e1e66fd6307b,12,728bb9fe-eb9c-43bf-896f-47a1980aeaec,Heuristic1,88,3,1
bab27fc1-664d-4825-ad9d-e1e66fd6307b,12,df879746-c587-4080-a0d9-6bda7cac2286,MCTS1,99,5,1
bab27fc1-664d-4825-ad9d-e1e66fd6307b,13,ebe60335-cc8e-4a9d-9a11-685bd81f59e0,MCTS Heuristic 1,93,4,1
bab27fc1-664d-4825-ad9d-e1e66fd6307b,13,77937401-cdd1-4e8d-81f7-786b86462bc1,MCTS Heuristic 2,98,4,1
bab27fc1-664d-4825-ad9d-e1e66fd6307b,13,728bb9fe-eb9c-43bf-896f-47a1980aeaec,Heuristic1,87,3,1
bab27fc1-664d-4825-ad9d-e1e66fd6307b,13,df879746-c587-4080-a0d9-6bda7cac2286,MCTS1,98,5,1
bab27fc1-664d-4825-ad9d-e1e66fd6307b,13,ebe60335-cc8e-4a9d-9a11-685bd81f59e0,MCTS Heuristic 1,93,4,1
bab27fc1-664d-4825-ad9d-e1e66fd6307b,13,77937401-cdd1-4e8d-81f7-786b86462bc1,MCTS Heuristic 2,98,4,1
bab27fc1-664d-4825-ad9d-e1e66fd6307b,13,728bb9fe-eb9c-43bf-896f-47a1980aeaec,Heuristic1,87,3,1
bab27fc1-664d-4825-ad9d-e1e66fd6307b,13,df879746-c587-4080-a0d9-6bda7cac2286,MCTS1,98,5,1
bab27fc1-664d-4825-ad9d-e1e66fd6307b,13,ebe60335-cc8e-4a9d-9a11-685bd81f59e0,MCTS Heuristic 1,93,4,1
bab27fc1-664d-4825-ad9d-e1e66fd6307b,13,77937401-cdd1-4e8d-81f7-786b86462bc1,MCTS Heuristic 2,98,4,1
bab27fc1-664d-4825-ad9d-e1e66fd6307b,13,728bb9fe-eb9c-43bf-896f-47a1980aeaec,Heuristic1,87,3,1
bab27fc1-664d-4825-ad9d-e1e66fd6307b,13,df879746-c587-4080-a0d9-6bda7cac2286,MCTS1,98,5,1
bab27fc1-664d-4825-ad9d-e1e66fd6307b,13,ebe60335-cc8e-4a9d-9a11-685bd81f59e0,MCTS Heuristic 1,93,4,1
bab27fc1-664d-4825-ad9d-e1e66fd6307b,13,77937401-cdd1-4e8d-81f7-786b86462bc1,MCTS Heuristic 2,98,4,1
bab27fc1-664d-4825-ad9d-e1e66fd6307b,13,728bb9fe-eb9c-43bf-896f-47a1980aeaec,Heuristic1,87,3,1
bab27fc1-664d-4825-ad9d-e1e66fd6307b,13,df879746-c587-4080-a0d9-6bda7cac2286,MCTS1,98,5,1
bab27fc1-664d-4825-ad9d-e1e66fd6307b,14,ebe60335-cc8e-4a9d-9a11-685bd81f59e0,MCTS Heuristic 1,92,4,1
bab27fc1-664d-4825-ad9d-e1e66fd6307b,14,77937401-cdd1-4e8d-81f7-786b86462bc1,MCTS Heuristic 2,97,4,1
bab27fc1-664d-4825-ad9d-e1e66fd6307b,14,728bb9fe-eb9c-43bf-896f-47a1980aeaec,Heuristic1,86,3,1
bab27fc1-664d-4825-ad9d-e1e66fd6307b,14,df879746-c587-4080-a0d9-6bda7cac2286,MCTS1,97,5,1
bab27fc1-664d-4825-ad9d-e1e66fd6307b,14,ebe60335-cc8e-4a9d-9a11-685bd81f59e0,MCTS Heuristic 1,92,4,1
bab27fc1-664d-4825-ad9d-e1e66fd6307b,14,77937401-cdd1-4e8d-81f7-786b86462bc1,MCTS Heuristic 2,97,4,1
bab27fc1-664d-4825-ad9d-e1e66fd6307b,14,728bb9fe-eb9c-43bf-896f-47a1980aeaec,Heuristic1,86,3,1
bab27fc1-664d-4825-ad9d-e1e66fd6307b,14,df879746-c587-4080-a0d9-6bda7cac2286,MCTS1,97,5,1
bab27fc1-664d-4825-ad9d-e1e66fd6307b,14,ebe60335-cc8e-4a9d-9a11-685bd81f59e0,MCTS Heuristic 1,92,4,1
bab27fc1-664d-4825-ad9d-e1e66fd6307b,14,77937401-cdd1-4e8d-81f7-786b86462bc1,MCTS Heuristic 2,97,4,1
bab27fc1-664d-4825-ad9d-e1e66fd6307b,14,728bb9fe-eb9c-43bf-896f-47a1980aeaec,Heuristic1,86,3,1
bab27fc1-664d-4825-ad9d-e1e66fd6307b,14,df879746-c587-4080-a0d9-6bda7cac2286,MCTS1,97,5,1
bab27fc1-664d-4825-ad9d-e1e66fd6307b,14,ebe60335-cc8e-4a9d-9a11-685bd81f59e0,MCTS Heuristic 1,92,4,1
bab27fc1-664d-4825-ad9d-e1e66fd6307b,14,77937401-cdd1-4e8d-81f7-786b86462bc1,MCTS Heuristic 2,97,4,1
bab27fc1-664d-4825-ad9d-e1e66fd6307b,14,728bb9fe-eb9c-43bf-896f-47a1980aeaec,Heuristic1,86,3,1
bab27fc1-664d-4825-ad9d-e1e66fd6307b,14,df879746-c587-4080-a0d9-6bda7cac2286,MCTS1,97,5,1
bab27fc1-664d-4825-ad9d-e1e66fd6307b,15,ebe60335-cc8e-4a9d-9a11-685bd81f59e0,MCTS Heuristic 1,91,4,1
bab27fc1-664d-4825-ad9d-e1e66fd6307b,15,77937401-cdd1-4e8d-81f7-786b86462bc1,MCTS Heuristic 2,96,4,1
bab27fc1-664d-4825-ad9d-e1e66fd6307b,15,728bb9fe-eb9c-43bf-896f-47a1980aeaec,Heuristic1,85,3,1
bab27fc1-664d-4825-ad9d-e1e66fd6307b,15,df879746-c587-4080-a0d9-6bda7cac2286,MCTS1,96,5,1
bab27fc1-664d-4825-ad9d-e1e66fd6307b,15,ebe60335-cc8e-4a9d-9a11-685bd81f59e0,MCTS Heuristic 1,91,4,1
bab27fc1-664d-4825-ad9d-e1e66fd6307b,15,77937401-cdd1-4e8d-81f7-786b86462bc1,MCTS Heuristic 2,96,4,1
bab27fc1-664d-4825-ad9d-e1e66fd6307b,15,728bb9fe-eb9c-43bf-896f-47a1980aeaec,Heuristic1,85,3,1
bab27fc1-664d-4825-ad9d-e1e66fd6307b,15,df879746-c587-4080-a0d9-6bda7cac2286,MCTS1,96,5,1
bab27fc1-664d-4825-ad9d-e1e66fd6307b,15,ebe60335-cc8e-4a9d-9a11-685bd81f59e0,MCTS Heuristic 1,91,4,1
bab27fc1-664d-4825-ad9d-e1e66fd6307b,15,77937401-cdd1-4e8d-81f7-786b86462bc1,MCTS Heuristic 2,96,4,1
bab27fc1-664d-4825-ad9d-e1e66fd6307b,15,728bb9fe-eb9c-43bf-896f-47a1980aeaec,Heuristic1,85,3,1
bab27fc1-664d-4825-ad9d-e1e66fd6307b,15,df879746-c587-4080-a0d9-6bda7cac2286,MCTS1,96,5,1
bab27fc1-664d-4825-ad9d-e1e66fd6307b,15,ebe60335-cc8e-4a9d-9a11-685bd81f59e0,MCTS Heuristic 1,91,4,1
bab27fc1-664d-4825-ad9d-e1e66fd6307b,15,77937401-cdd1-4e8d-81f7-786b86462bc1,MCTS Heuristic 2,96,4,1
bab27fc1-664d-4825-ad9d-e1e66fd6307b,15,728bb9fe-eb9c-43bf-896f-47a1980aeaec,Heuristic1,85,3,1
bab27fc1-664d-4825-ad9d-e1e66fd6307b,15,df879746-c587-4080-a0d9-6bda7cac2286,MCTS1,96,5,1
bab27fc1-664d-4825-ad9d-e1e66fd6307b,16,ebe60335-cc8e-4a9d-9a11-685bd81f59e0,MCTS Heuristic 1,90,4,1
bab27fc1-664d-4825-ad9d-e1e66fd6307b,16,77937401-cdd1-4e8d-81f7-786b86462bc1,MCTS Heuristic 2,95,4,1
bab27fc1-664d-4825-ad9d-e1e66fd6307b,16,728bb9fe-eb9c-43bf-896f-47a1980aeaec,Heuristic1,84,3,1
bab27fc1-664d-4825-ad9d-e1e66fd6307b,16,df879746-c587-4080-a0d9-6bda7cac2286,MCTS1,95,5,1
bab27fc1-664d-4825-ad9d-e1e66fd6307b,16,ebe60335-cc8e-4a9d-9a11-685bd81f59e0,MCTS Heuristic 1,90,4,1
bab27fc1-664d-4825-ad9d-e1e66fd6307b,16,77937401-cdd1-4e8d-81f7-786b86462bc1,MCTS Heuristic 2,95,4,1
bab27fc1-664d-4825-ad9d-e1e66fd6307b,16,728bb9fe-eb9c-43bf-896f-47a1980aeaec,Heuristic1,84,3,1
bab27fc1-664d-4825-ad9d-e1e66fd6307b,16,df879746-c587-4080-a0d9-6bda7cac2286,MCTS1,95,5,1
bab27fc1-664d-4825-ad9d-e1e66fd6307b,16,ebe60335-cc8e-4a9d-9a11-685bd81f59e0,MCTS Heuristic 1,90,4,1
bab27fc1-664d-4825-ad9d-e1e66fd6307b,16,77937401-cdd1-4e8d-81f7-786b86462bc1,MCTS Heuristic 2,95,4,1
bab27fc1-664d-4825-ad9d-e1e66fd6307b,16,728bb9fe-eb9c-43bf-896f-47a1980aeaec,Heuristic1,84,3,1
bab27fc1-664d-4825-ad9d-e1e66fd6307b,16,df879746-c587-4080-a0d9-6bda7cac2286,MCTS1,95,5,1
bab27fc1-664d-4825-ad9d-e1e66fd6307b,16,ebe60335-cc8e-4a9d-9a11-685bd81f59e0,MCTS Heuristic 1,90,4,1
bab27fc1-664d-4825-ad9d-e1e66fd6307b,16,77937401-cdd1-4e8d-81f7-786b86462bc1,MCTS Heuristic 2,95,4,1
bab27fc1-664d-4825-ad9d-e1e66fd6307b,16,728bb9fe-eb9c-43bf-896f-47a1980aeaec,Heuristic1,84,3,1
bab27fc1-664d-4825-ad9d-e1e66fd6307b,16,df879746-c587-4080-a0d9-6bda7cac2286,MCTS1,95,5,1
bab27fc1-664d-4825-ad9d-e1e66fd6307b,17,ebe60335-cc8e-4a9d-9a11-685bd81f59e0,MCTS Heuristic 1,89,4,1
bab27fc1-664d-4825-ad9d-e1e66fd6307b,17,77937401-cdd1-4e8d-81f7-786b86462bc1,MCTS Heuristic 2,94,4,1
bab27fc1-664d-4825-ad9d-e1e66fd6307b,17,728bb9fe-eb9c-43bf-896f-47a1980aeaec,Heuristic1,83,3,1
bab27fc1-664d-4825-ad9d-e1e66fd6307b,17,df879746-c587-4080-a0d9-6bda7cac2286,MCTS1,94,5,1
bab27fc1-664d-4825-ad9d-e1e66fd6307b,17,ebe60335-cc8e-4a9d-9a11-685bd81f59e0,MCTS Heuristic 1,89,4,1
bab27fc1-664d-4825-ad9d-e1e66fd6307b,17,77937401-cdd1-4e8d-81f7-786b86462bc1,MCTS Heuristic 2,94,4,1
bab27fc1-664d-4825-ad9d-e1e66fd6307b,17,728bb9fe-eb9c-43bf-896f-47a1980aeaec,Heuristic1,83,3,1
bab27fc1-664d-4825-ad9d-e1e66fd6307b,17,df879746-c587-4080-a0d9-6bda7cac2286,MCTS1,94,5,1
bab27fc1-664d-4825-ad9d-e1e66fd6307b,17,ebe60335-cc8e-4a9d-9a11-685bd81f59e0,MCTS Heuristic 1,89,4,1
bab27fc1-664d-4825-ad9d-e1e66fd6307b,17,77937401-cdd1-4e8d-81f7-786b86462bc1,MCTS Heuristic 2,94,4,1
bab27fc1-664d-4825-ad9d-e1e66fd6307b,17,728bb9fe-eb9c-43bf-896f-47a1980aeaec,Heuristic1,83,3,1
bab27fc1-664d-4825-ad9d-e1e66fd6307b,17,df879746-c587-4080-a0d9-6bda7cac2286,MCTS1,94,5,1
bab27fc1-664d-4825-ad9d-e1e66fd6307b,17,ebe60335-cc8e-4a9d-9a11-685bd81f59e0,MCTS Heuristic 1,89,4,1
bab27fc1-664d-4825-ad9d-e1e66fd6307b,17,77937401-cdd1-4e8d-81f7-786b86462bc1,MCTS Heuristic 2,94,4,1
bab27fc1-664d-4825-ad9d-e1e66fd6307b,17,728bb9fe-eb9c-43bf-896f-47a1980aeaec,Heuristic1,83,3,1
bab27fc1-664d-4825-ad9d-e1e66fd6307b,17,df879746-c587-4080-a0d9-6bda7cac2286,MCTS1,94,5,1
bab27fc1-664d-4825-ad9d-e1e66fd6307b,18,ebe60335-cc8e-4a9d-9a11-685bd81f59e0,MCTS Heuristic 1,88,4,1
bab27fc1-664d-4825-ad9d-e1e66fd6307b,18,77937401-cdd1-4e8d-81f7-786b86462bc1,MCTS Heuristic 2,93,4,1
bab27fc1-664d-4825-ad9d-e1e66fd6307b,18,728bb9fe-eb9c-43bf-896f-47a1980aeaec,Heuristic1,82,3,1
bab27fc1-664d-4825-ad9d-e1e66fd6307b,18,df879746-c587-4080-a0d9-6bda7cac2286,MCTS1,93,5,1
bab27fc1-664d-4825-ad9d-e1e66fd6307b,18,ebe60335-cc8e-4a9d-9a11-685bd81f59e0,MCTS Heuristic 1,88,4,1
bab27fc1-664d-4825-ad9d-e1e66fd6307b,18,77937401-cdd1-4e8d-81f7-786b86462bc1,MCTS Heuristic 2,93,4,1
bab27fc1-664d-4825-ad9d-e1e66fd6307b,18,728bb9fe-eb9c-43bf-896f-47a1980aeaec,Heuristic1,82,3,1
bab27fc1-664d-4825-ad9d-e1e66fd6307b,18,df879746-c587-4080-a0d9-6bda7cac2286,MCTS1,93,5,1
bab27fc1-664d-4825-ad9d-e1e66fd6307b,18,ebe60335-cc8e-4a9d-9a11-685bd81f59e0,MCTS Heuristic 1,88,4,1
bab27fc1-664d-4825-ad9d-e1e66fd6307b,18,77937401-cdd1-4e8d-81f7-786b86462bc1,MCTS Heuristic 2,93,4,1
bab27fc1-664d-4825-ad9d-e1e66fd6307b,18,728bb9fe-eb9c-43bf-896f-47a1980aeaec,Heuristic1,82,3,1
bab27fc1-664d-4825-ad9d-e1e66fd6307b,18,df879746-c587-4080-a0d9-6bda7cac2286,MCTS1,93,5,1
bab27fc1-664d-4825-ad9d-e1e66fd6307b,18,ebe60335-cc8e-4a9d-9a11-685bd81f59e0,MCTS Heuristic 1,88,4,1
bab27fc1-664d-4825-ad9d-e1e66fd6307b,18,77937401-cdd1-4e8d-81f7-786b86462bc1,MCTS Heuristic 2,93,4,1
bab27fc1-664d-4825-ad9d-e1e66fd6307b,18,728bb9fe-eb9c-43bf-896f-47a1980aeaec,Heuristic1,82,3,1
bab27fc1-664d-4825-ad9d-e1e66fd6307b,18,df879746-c587-4080-a0d9-6bda7cac2286,MCTS1,93,5,1
bab27fc1-664d-4825-ad9d-e1e66fd6307b,19,ebe60335-cc8e-4a9d-9a11-685bd81f59e0,MCTS Heuristic 1,87,4,1
bab27fc1-664d-4825-ad9d-e1e66fd6307b,19,77937401-cdd1-4e8d-81f7-786b86462bc1,MCTS Heuristic 2,92,4,1
bab27fc1-664d-4825-ad9d-e1e66fd6307b,19,728bb9fe-eb9c-43bf-896f-47a1980aeaec,Heuristic1,81,3,1
bab27fc1-664d-4825-ad9d-e1e66fd6307b,19,df879746-c587-4080-a0d9-6bda7cac2286,MCTS1,92,5,1
bab27fc1-664d-4825-ad9d-e1e66fd6307b,19,ebe60335-cc8e-4a9d-9a11-685bd81f59e0,MCTS Heuristic 1,87,4,1
bab27fc1-664d-4825-ad9d-e1e66fd6307b,19,77937401-cdd1-4e8d-81f7-786b86462bc1,MCTS Heuristic 2,92,4,1
bab27fc1-664d-4825-ad9d-e1e66fd6307b,19,728bb9fe-eb9c-43bf-896f-47a1980aeaec,Heuristic1,81,3,1
bab27fc1-664d-4825-ad9d-e1e66fd6307b,19,df879746-c587-4080-a0d9-6bda7cac2286,MCTS1,92,5,1
bab27fc1-664d-4825-ad9d-e1e66fd6307b,19,ebe60335-cc8e-4a9d-9a11-685bd81f59e0,MCTS Heuristic 1,87,4,1
bab27fc1-664d-4825-ad9d-e1e66fd6307b,19,77937401-cdd1-4e8d-81f7-786b86462bc1,MCTS Heuristic 2,92,4,1
bab27fc1-664d-4825-ad9d-e1e66fd6307b,19,728bb9fe-eb9c-43bf-896f-47a1980aeaec,Heuristic1,81,3,1
bab27fc1-664d-4825-ad9d-e1e66fd6307b,19,df879746-c587-4080-a0d9-6bda7cac2286,MCTS1,92,5,1
bab27fc1-664d-4825-ad9d-e1e66fd6307b,19,ebe60335-cc8e-4a9d-9a11-685bd81f59e0,MCTS Heuristic 1,87,4,1
bab27fc1-664d-4825-ad9d-e1e66fd6307b,19,77937401-cdd1-4e8d-81f7-786b86462bc1,MCTS Heuristic 2,92,4,1
bab27fc1-664d-4825-ad9d-e1e66fd6307b,19,728bb9fe-eb9c-43bf-896f-47a1980aeaec,Heuristic1,81,3,1
bab27fc1-664d-4825-ad9d-e1e66fd6307b,19,df879746-c587-4080-a0d9-6bda7cac2286,MCTS1,92,5,1
bab27fc1-664d-4825-ad9d-e1e66fd6307b,20,ebe60335-cc8e-4a9d-9a11-685bd81f59e0,MCTS Heuristic 1,86,4,1
bab27fc1-664d-4825-ad9d-e1e66fd6307b,20,77937401-cdd1-4e8d-81f7-786b86462bc1,MCTS Heuristic 2,91,4,1
bab27fc1-664d-4825-ad9d-e1e66fd6307b,20,728bb9fe-eb9c-43bf-896f-47a1980aeaec,Heuristic1,80,3,1
bab27fc1-664d-4825-ad9d-e1e66fd6307b,20,df879746-c587-4080-a0d9-6bda7cac2286,MCTS1,91,5,1
bab27fc1-664d-4825-ad9d-e1e66fd6307b,20,ebe60335-cc8e-4a9d-9a11-685bd81f59e0,MCTS Heuristic 1,86,4,1
bab27fc1-664d-4825-ad9d-e1e66fd6307b,20,77937401-cdd1-4e8d-81f7-786b86462bc1,MCTS Heuristic 2,91,4,1
bab27fc1-664d-4825-ad9d-e1e66fd6307b,20,728bb9fe-eb9c-43bf-896f-47a1980aeaec,Heuristic1,80,3,1
bab27fc1-664d-4825-ad9d-e1e66fd6307b,20,df879746-c587-4080-a0d9-6bda7cac2286,MCTS1,91,5,1
bab27fc1-664d-4825-ad9d-e1e66fd6307b,20,ebe60335-cc8e-4a9d-9a11-685bd81f59e0,MCTS Heuristic 1,86,4,1
bab27fc1-664d-4825-ad9d-e1e66fd6307b,20,77937401-cdd1-4e8d-81f7-786b86462bc1,MCTS Heuristic 2,91,4,1
bab27fc1-664d-4825-ad9d-e1e66fd6307b,20,728bb9fe-eb9c-43bf-896f-47a1980aeaec,Heuristic1,80,3,1
bab27fc1-664d-4825-ad9d-e1e66fd6307b,20,df879746-c587-4080-a0d9-6bda7cac2286,MCTS1,91,5,1
bab27fc1-664d-4825-ad9d-e1e66fd6307b,20,ebe60335-cc8e-4a9d-9a11-685bd81f59e0,MCTS Heuristic 1,86,4,1
bab27fc1-664d-4825-ad9d-e1e66fd6307b,20,77937401-cdd1-4e8d-81f7-786b86462bc1,MCTS Heuristic 2,91,4,1
bab27fc1-664d-4825-ad9d-e1e66fd6307b,20,728bb9fe-eb9c-43bf-896f-47a1980aeaec,Heuristic1,80,3,1
bab27fc1-664d-4825-ad9d-e1e66fd6307b,20,df879746-c587-4080-a0d9-6bda7cac2286,MCTS1,91,5,1
bab27fc1-664d-4825-ad9d-e1e66fd6307b,21,ebe60335-cc8e-4a9d-9a11-685bd81f59e0,MCTS Heuristic 1,85,4,1
bab27fc1-664d-4825-ad9d-e1e66fd6307b,21,77937401-cdd1-4e8d-81f7-786b86462bc1,MCTS Heuristic 2,90,4,1
bab27fc1-664d-4825-ad9d-e1e66fd6307b,21,728bb9fe-eb9c-43bf-896f-47a1980aeaec,Heuristic1,79,3,1
bab27fc1-664d-4825-ad9d-e1e66fd6307b,21,df879746-c587-4080-a0d9-6bda7cac2286,MCTS1,90,5,1
bab27fc1-664d-4825-ad9d-e1e66fd6307b,21,ebe60335-cc8e-4a9d-9a11-685bd81f59e0,MCTS Heuristic 1,85,4,1
bab27fc1-664d-4825-ad9d-e1e66fd6307b,21,77937401-cdd1-4e8d-81f7-786b86462bc1,MCTS Heuristic 2,90,4,1
bab27fc1-664d-4825-ad9d-e1e66fd6307b,21,728bb9fe-eb9c-43bf-896f-47a1980aeaec,Heuristic1,79,3,1
bab27fc1-664d-4825-ad9d-e1e66fd6307b,21,df879746-c587-4080-a0d9-6bda7cac2286,MCTS1,90,5,1
bab27fc1-664d-4825-ad9d-e1e66fd6307b,21,ebe60335-cc8e-4a9d-9a11-685bd81f59e0,MCTS Heuristic 1,85,4,1
bab27fc1-664d-4825-ad9d-e1e66fd6307b,21,77937401-cdd1-4e8d-81f7-786b86462bc1,MCTS Heuristic 2,90,4,1
bab27fc1-664d-4825-ad9d-e1e66fd6307b,21,728bb9fe-eb9c-43bf-896f-47a1980aeaec,Heuristic1,79,3,1
bab27fc1-664d-4825-ad9d-e1e66fd6307b,21,df879746-c587-4080-a0d9-6bda7cac2286,MCTS1,90,5,1
bab27fc1-664d-4825-ad9d-e1e66fd6307b,21,ebe60335-cc8e-4a9d-9a11-685bd81f59e0,MCTS Heuristic 1,85,4,1
bab27fc1-664d-4825-ad9d-e1e66fd6307b,21,77937401-cdd1-4e8d-81f7-786b86462bc1,MCTS Heuristic 2,90,4,1
bab27fc1-664d-4825-ad9d-e1e66fd6307b,21,728bb9fe-eb9c-43bf-896f-47a1980aeaec,Heuristic1,79,3,1
bab27fc1-664d-4825-ad9d-e1e66fd6307b,21,df879746-c587-4080-a0d9-6bda7cac2286,MCTS1,90,5,1
bab27fc1-664d-4825-ad9d-e1e66fd6307b,22,ebe60335-cc8e-4a9d-9a11-685bd81f59e0,MCTS Heuristic 1,84,4,1
bab27fc1-664d-4825-ad9d-e1e66fd6307b,22,77937401-cdd1-4e8d-81f7-786b86462bc1,MCTS Heuristic 2,89,4,1
bab27fc1-664d-4825-ad9d-e1e66fd6307b,22,728bb9fe-eb9c-43bf-896f-47a1980aeaec,Heuristic1,78,3,1
bab27fc1-664d-4825-ad9d-e1e66fd6307b,22,df879746-c587-4080-a0d9-6bda7cac2286,MCTS1,89,5,1
bab27fc1-664d-4825-ad9d-e1e66fd6307b,22,ebe60335-cc8e-4a9d-9a11-685bd81f59e0,MCTS Heuristic 1,84,4,1
bab27fc1-664d-4825-ad9d-e1e66fd6307b,22,77937401-cdd1-4e8d-81f7-786b86462bc1,MCTS Heuristic 2,89,4,1
bab27fc1-664d-4825-ad9d-e1e66fd6307b,22,728bb9fe-eb9c-43bf-896f-47a1980aeaec,Heuristic1,78,3,1
bab27fc1-664d-4825-ad9d-e1e66fd6307b,22,df879746-c587-4080-a0d9-6bda7cac2286,MCTS1,89,5,1
bab27fc1-664d-4825-ad9d-e1e66fd6307b,22,ebe60335-cc8e-4a9d-9a11-685bd81f59e0,MCTS Heuristic 1,84,4,1
bab27fc1-664d-4825-ad9d-e1e66fd6307b,22,77937401-cdd1-4e8d-81f7-786b86462bc1,MCTS Heuristic 2,89,4,1
bab27fc1-664d-4825-ad9d-e1e66fd6307b,22,728bb9fe-eb9c-43bf-896f-47a1980aeaec,Heuristic1,78,3,1
bab27fc1-664d-4825-ad9d-e1e66fd6307b,22,df879746-c587-4080-a0d9-6bda7cac2286,MCTS1,89,5,1
bab27fc1-664d-4825-ad9d-e1e66fd6307b,22,ebe60335-cc8e-4a9d-9a11-685bd81f59e0,MCTS Heuristic 1,84,4,1
bab27fc1-664d-4825-ad9d-e1e66fd6307b,22,77937401-cdd1-4e8d-81f7-786b86462bc1,MCTS Heuristic 2,89,4,1
bab27fc1-664d-4825-ad9d-e1e66fd6307b,22,728bb9fe-eb9c-43bf-896f-47a1980aeaec,Heuristic1,78,3,1
bab27fc1-664d-4825-ad9d-e1e66fd6307b,22,df879746-c587-4080-a0d9-6bda7cac2286,MCTS1,89,5,1
bab27fc1-664d-4825-ad9d-e1e66fd6307b,23,ebe60335-cc8e-4a9d-9a11-685bd81f59e0,MCTS Heuristic 1,83,4,1
bab27fc1-664d-4825-ad9d-e1e66fd6307b,23,77937401-cdd1-4e8d-81f7-786b86462bc1,MCTS Heuristic 2,88,4,1
bab27fc1-664d-4825-ad9d-e1e66fd6307b,23,728bb9fe-eb9c-43bf-896f-47a1980aeaec,Heuristic1,77,3,1
bab27fc1-664d-4825-ad9d-e1e66fd6307b,23,df879746-c587-4080-a0d9-6bda7cac2286,MCTS1,88,5,1
bab27fc1-664d-4825-ad9d-e1e66fd6307b,23,ebe60335-cc8e-4a9d-9a11-685bd81f59e0,MCTS Heuristic 1,83,4,1
bab27fc1-664d-4825-ad9d-e1e66fd6307b,23,77937401-cdd1-4e8d-81f7-786b86462bc1,MCTS Heuristic 2,88,4,1
bab27fc1-664d-4825-ad9d-e1e66fd6307b,23,728bb9fe-eb9c-43bf-896f-47a1980aeaec,Heuristic1,77,3,1
bab27fc1-664d-4825-ad9d-e1e66fd6307b,23,df879746-c587-4080-a0d9-6bda7cac2286,MCTS1,88,5,1
bab27fc1-664d-4825-ad9d-e1e66fd6307b,23,ebe60335-cc8e-4a9d-9a11-685bd81f59e0,MCTS Heuristic 1,83,4,1
bab27fc1-664d-4825-ad9d-e1e66fd6307b,23,77937401-cdd1-4e8d-81f7-786b86462bc1,MCTS Heuristic 2,88,4,1
bab27fc1-664d-4825-ad9d-e1e66fd6307b,23,728bb9fe-eb9c-43bf-896f-47a1980aeaec,Heuristic1,77,3,1
bab27fc1-664d-4825-ad9d-e1e66fd6307b,23,df879746-c587-4080-a0d9-6bda7cac2286,MCTS1,88,5,1
bab27fc1-664d-4825-ad9d-e1e66fd6307b,23,ebe60335-cc8e-4a9d-9a11-685bd81f59e0,MCTS Heuristic 1,83,4,1
bab27fc1-664d-4825-ad9d-e1e66fd6307b,23,77937401-cdd1-4e8d-81f7-786b86462bc1,MCTS Heuristic 2,88,4,1
bab27fc1-664d-4825-ad9d-e1e66fd6307b,23,728bb9fe-eb9c-43bf-896f-47a1980aeaec,Heuristic1,77,3,1
bab27fc1-664d-4825-ad9d-e1e66fd6307b,23,df879746-c587-4080-a0d9-6bda7cac2286,MCTS1,88,5,1
bab27fc1-664d-4825-ad9d-e1e66fd6307b,24,ebe60335-cc8e-4a9d-9a11-685bd81f59e0,MCTS Heuristic 1,82,4,1
bab27fc1-664d-4825-ad9d-e1e66fd6307b,24,77937401-cdd1-4e8d-81f7-786b86462bc1,MCTS Heuristic 2,87,4,1
bab27fc1-664d-4825-ad9d-e1e66fd6307b,24,728bb9fe-eb9c-43bf-896f-47a1980aeaec,Heuristic1,76,3,1
bab27fc1-664d-4825-ad9d-e1e66fd6307b,24,df879746-c587-4080-a0d9-6bda7cac2286,MCTS1,87,5,1
bab27fc1-664d-4825-ad9d-e1e66fd6307b,24,ebe60335-cc8e-4a9d-9a11-685bd81f59e0,MCTS Heuristic 1,82,4,1
bab27fc1-664d-4825-ad9d-e1e66fd6307b,24,77937401-cdd1-4e8d-81f7-786b86462bc1,MCTS Heuristic 2,87,4,1
bab27fc1-664d-4825-ad9d-e1e66fd6307b,24,728bb9fe-eb9c-43bf-896f-47a1980aeaec,Heuristic1,76,3,1
bab27fc1-664d-4825-ad9d-e1e66fd6307b,24,df879746-c587-4080-a0d9-6bda7cac2286,MCTS1,87,5,1
bab27fc1-664d-4825-ad9d-e1e66fd6307b,24,ebe60335-cc8e-4a9d-9a11-685bd81f59e0,MCTS Heuristic 1,82,4,1
bab27fc1-664d-4825-ad9d-e1e66fd6307b,24,77937401-cdd1-4e8d-81f7-786b86462bc1,MCTS Heuristic 2,87,4,1
bab27fc1-664d-4825-ad9d-e1e66fd6307b,24,728bb9fe-eb9c-43bf-896f-47a1980aeaec,Heuristic1,76,3,1
bab27fc1-664d-4825-ad9d-e1e66fd6307b,24,df879746-c587-4080-a0d9-6bda7cac2286,MCTS1,87,5,1
bab27fc1-664d-4825-ad9d-e1e66fd6307b,24,ebe60335-cc8e-4a9d-9a11-685bd81f59e0,MCTS Heuristic 1,82,4,1
bab27fc1-664d-4825-ad9d-e1e66fd6307b,24,77937401-cdd1-4e8d-81f7-786b86462bc1,MCTS Heuristic 2,87,4,1
bab27fc1-664d-4825-ad9d-e1e66fd6307b,24,728bb9fe-eb9c-43bf-896f-47a1980aeaec,Heuristic1,76,3,1
bab27fc1-664d-4825-ad9d-e1e66fd6307b,24,df879746-c587-4080-a0d9-6bda7cac2286,MCTS1,87,5,1
bab27fc1-664d-4825-ad9d-e1e66fd6307b,25,ebe60335-cc8e-4a9d-9a11-685bd81f59e0,MCTS Heuristic 1,81,4,1
bab27fc1-664d-4825-ad9d-e1e66fd6307b,25,77937401-cdd1-4e8d-81f7-786b86462bc1,MCTS Heuristic 2,86,4,1
bab27fc1-664d-4825-ad9d-e1e66fd6307b,25,728bb9fe-eb9c-43bf-896f-47a1980aeaec,Heuristic1,75,3,1
bab27fc1-664d-4825-ad9d-e1e66fd6307b,25,df879746-c587-4080-a0d9-6bda7cac2286,MCTS1,86,5,1
bab27fc1-664d-4825-ad9d-e1e66fd6307b,25,ebe60335-cc8e-4a9d-9a11-685bd81f59e0,MCTS Heuristic 1,81,4,1
bab27fc1-664d-4825-ad9d-e1e66fd6307b,25,77937401-cdd1-4e8d-81f7-786b86462bc1,MCTS Heuristic 2,86,4,1
bab27fc1-664d-4825-ad9d-e1e66fd6307b,25,728bb9fe-eb9c-43bf-896f-47a1980aeaec,Heuristic1,75,3,1
bab27fc1-664d-4825-ad9d-e1e66fd6307b,25,df879746-c587-4080-a0d9-6bda7cac2286,MCTS1,86,5,1
bab27fc1-664d-4825-ad9d-e1e66fd6307b,25,ebe60335-cc8e-4a9d-9a11-685bd81f59e0,MCTS Heuristic 1,81,4,1
bab27fc1-664d-4825-ad9d-e1e66fd6307b,25,77937401-cdd1-4e8d-81f7-786b86462bc1,MCTS Heuristic 2,86,4,1
bab27fc1-664d-4825-ad9d-e1e66fd6307b,25,728bb9fe-eb9c-43bf-896f-47a1980aeaec,Heuristic1,75,3,1
bab27fc1-664d-4825-ad9d-e1e66fd6307b,25,df879746-c587-4080-a0d9-6bda7cac2286,MCTS1,86,5,1
bab27fc1-664d-4825-ad9d-e1e66fd6307b,25,ebe60335-cc8e-4a9d-9a11-685bd81f59e0,MCTS Heuristic 1,81,4,1
bab27fc1-664d-4825-ad9d-e1e66fd6307b,25,77937401-cdd1-4e8d-81f7-786b86462bc1,MCTS Heuristic 2,86,4,1
bab27fc1-664d-4825-ad9d-e1e66fd6307b,25,728bb9fe-eb9c-43bf-896f-47a1980aeaec,Heuristic1,75,3,1
bab27fc1-664d-4825-ad9d-e1e66fd6307b,25,df879746-c587-4080-a0d9-6bda7cac2286,MCTS1,86,5,1
bab27fc1-664d-4825-ad9d-e1e66fd6307b,26,ebe60335-cc8e-4a9d-9a11-685bd81f59e0,MCTS Heuristic 1,80,4,1
bab27fc1-664d-4825-ad9d-e1e66fd6307b,26,77937401-cdd1-4e8d-81f7-786b86462bc1,MCTS Heuristic 2,85,4,1
bab27fc1-664d-4825-ad9d-e1e66fd6307b,26,728bb9fe-eb9c-43bf-896f-47a1980aeaec,Heuristic1,74,3,1
bab27fc1-664d-4825-ad9d-e1e66fd6307b,26,df879746-c587-4080-a0d9-6bda7cac2286,MCTS1,85,5,1
bab27fc1-664d-4825-ad9d-e1e66fd6307b,26,ebe60335-cc8e-4a9d-9a11-685bd81f59e0,MCTS Heuristic 1,80,4,1
bab27fc1-664d-4825-ad9d-e1e66fd6307b,26,77937401-cdd1-4e8d-81f7-786b86462bc1,MCTS Heuristic 2,85,4,1
bab27fc1-664d-4825-ad9d-e1e66fd6307b,26,728bb9fe-eb9c-43bf-896f-47a1980aeaec,Heuristic1,74,3,1
bab27fc1-664d-4825-ad9d-e1e66fd6307b,26,df879746-c587-4080-a0d9-6bda7cac2286,MCTS1,85,5,1
bab27fc1-664d-4825-ad9d-e1e66fd6307b,26,ebe60335-cc8e-4a9d-9a11-685bd81f59e0,MCTS Heuristic 1,80,4,1
bab27fc1-664d-4825-ad9d-e1e66fd6307b,26,77937401-cdd1-4e8d-81f7-786b86462bc1,MCTS Heuristic 2,85,4,1
bab27fc1-664d-4825-ad9d-e1e66fd6307b,26,728bb9fe-eb9c-43bf-896f-47a1980aeaec,Heuristic1,74,3,1
bab27fc1-664d-4825-ad9d-e1e66fd6307b,26,df879746-c587-4080-a0d9-6bda7cac2286,MCTS1,85,5,1
bab27fc1-664d-4825-ad9d-e1e66fd6307b,26,ebe60335-cc8e-4a9d-9a11-685bd81f59e0,MCTS Heuristic 1,80,4,1
bab27fc1-664d-4825-ad9d-e1e66fd6307b,26,77937401-cdd1-4e8d-81f7-786b86462bc1,MCTS Heuristic 2,85,4,1
bab27fc1-664d-4825-ad9d-e1e66fd6307b,26,728bb9fe-eb9c-43bf-896f-47a1980aeaec,Heuristic1,74,3,1
bab27fc1-664d-4825-ad9d-e1e66fd6307b,26,df879746-c587-4080-a0d9-6bda7cac2286,MCTS1,85,5,1
bab27fc1-664d-4825-ad9d-e1e66fd6307b,27,ebe60335-cc8e-4a9d-9a11-685bd81f59e0,MCTS Heuristic 1,79,4,1
bab27fc1-664d-4825-ad9d-e1e66fd6307b,27,77937401-cdd1-4e8d-81f7-786b86462bc1,MCTS Heuristic 2,84,4,1
bab27fc1-664d-4825-ad9d-e1e66fd6307b,27,728bb9fe-eb9c-43bf-896f-47a1980aeaec,Heuristic1,73,3,1
bab27fc1-664d-4825-ad9d-e1e66fd6307b,27,df879746-c587-4080-a0d9-6bda7cac2286,MCTS1,84,5,1
bab27fc1-664d-4825-ad9d-e1e66fd6307b,27,ebe60335-cc8e-4a9d-9a11-685bd81f59e0,MCTS Heuristic 1,79,4,1
bab27fc1-664d-4825-ad9d-e1e66fd6307b,27,77937401-cdd1-4e8d-81f7-786b86462bc1,MCTS Heuristic 2,84,4,1
bab27fc1-664d-4825-ad9d-e1e66fd6307b,27,728bb9fe-eb9c-43bf-896f-47a1980aeaec,Heuristic1,73,3,1
bab27fc1-664d-4825-ad9d-e1e66fd6307b,27,df879746-c587-4080-a0d9-6bda7cac2286,MCTS1,84,5,1
bab27fc1-664d-4825-ad9d-e1e66fd6307b,27,ebe60335-cc8e-4a9d-9a11-685bd81f59e0,MCTS Heuristic 1,79,4,1
bab27fc1-664d-4825-ad9d-e1e66fd6307b,27,77937401-cdd1-4e8d-81f7-786b86462bc1,MCTS Heuristic 2,84,4,1
bab27fc1-664d-4825-ad9d-e1e66fd6307b,27,728bb9fe-eb9c-43bf-896f-47a1980aeaec,Heuristic1,73,3,1
bab27fc1-664d-4825-ad9d-e1e66fd6307b,27,df879746-c587-4080-a0d9-6bda7cac2286,MCTS1,84,5,1
bab27fc1-664d-4825-ad9d-e1e66fd6307b,27,ebe60335-cc8e-4a9d-9a11-685bd81f59e0,MCTS Heuristic 1,79,4,1
bab27fc1-664d-4825-ad9d-e1e66fd6307b,27,77937401-cdd1-4e8d-81f7-786b86462bc1,MCTS Heuristic 2,84,4,1
bab27fc1-664d-4825-ad9d-e1e66fd6307b,27,728bb9fe-eb9c-43bf-896f-47a1980aeaec,Heuristic1,73,3,1
bab27fc1-664d-4825-ad9d-e1e66fd6307b,27,df879746-c587-4080-a0d9-6bda7cac2286,MCTS1,84,5,1
bab27fc1-664d-4825-ad9d-e1e66fd6307b,28,ebe60335-cc8e-4a9d-9a11-685bd81f59e0,MCTS Heuristic 1,78,4,1
bab27fc1-664d-4825-ad9d-e1e66fd6307b,28,77937401-cdd1-4e8d-81f7-786b86462bc1,MCTS Heuristic 2,83,4,1
bab27fc1-664d-4825-ad9d-e1e66fd6307b,28,728bb9fe-eb9c-43bf-896f-47a1980aeaec,Heuristic1,58,3,1
bab27fc1-664d-4825-ad9d-e1e66fd6307b,28,df879746-c587-4080-a0d9-6bda7cac2286,MCTS1,83,5,1
bab27fc1-664d-4825-ad9d-e1e66fd6307b,28,ebe60335-cc8e-4a9d-9a11-685bd81f59e0,MCTS Heuristic 1,78,4,1
bab27fc1-664d-4825-ad9d-e1e66fd6307b,28,77937401-cdd1-4e8d-81f7-786b86462bc1,MCTS Heuristic 2,83,4,1
bab27fc1-664d-4825-ad9d-e1e66fd6307b,28,728bb9fe-eb9c-43bf-896f-47a1980aeaec,Heuristic1,58,3,1
bab27fc1-664d-4825-ad9d-e1e66fd6307b,28,df879746-c587-4080-a0d9-6bda7cac2286,MCTS1,83,5,1
bab27fc1-664d-4825-ad9d-e1e66fd6307b,28,ebe60335-cc8e-4a9d-9a11-685bd81f59e0,MCTS Heuristic 1,78,4,1
bab27fc1-664d-4825-ad9d-e1e66fd6307b,28,77937401-cdd1-4e8d-81f7-786b86462bc1,MCTS Heuristic 2,83,4,1
bab27fc1-664d-4825-ad9d-e1e66fd6307b,28,728bb9fe-eb9c-43bf-896f-47a1980aeaec,Heuristic1,58,3,1
bab27fc1-664d-4825-ad9d-e1e66fd6307b,28,df879746-c587-4080-a0d9-6bda7cac2286,MCTS1,83,5,1
bab27fc1-664d-4825-ad9d-e1e66fd6307b,28,ebe60335-cc8e-4a9d-9a11-685bd81f59e0,MCTS Heuristic 1,78,4,1
bab27fc1-664d-4825-ad9d-e1e66fd6307b,28,77937401-cdd1-4e8d-81f7-786b86462bc1,MCTS Heuristic 2,83,4,1
bab27fc1-664d-4825-ad9d-e1e66fd6307b,28,728bb9fe-eb9c-43bf-896f-47a1980aeaec,Heuristic1,58,3,1
bab27fc1-664d-4825-ad9d-e1e66fd6307b,28,df879746-c587-4080-a0d9-6bda7cac2286,MCTS1,83,5,1
bab27fc1-664d-4825-ad9d-e1e66fd6307b,29,ebe60335-cc8e-4a9d-9a11-685bd81f59e0,MCTS Heuristic 1,77,4,1
bab27fc1-664d-4825-ad9d-e1e66fd6307b,29,77937401-cdd1-4e8d-81f7-786b86462bc1,MCTS Heuristic 2,82,4,1
bab27fc1-664d-4825-ad9d-e1e66fd6307b,29,728bb9fe-eb9c-43bf-896f-47a1980aeaec,Heuristic1,57,3,1
bab27fc1-664d-4825-ad9d-e1e66fd6307b,29,df879746-c587-4080-a0d9-6bda7cac2286,MCTS1,82,5,1
bab27fc1-664d-4825-ad9d-e1e66fd6307b,29,ebe60335-cc8e-4a9d-9a11-685bd81f59e0,MCTS Heuristic 1,77,4,1
bab27fc1-664d-4825-ad9d-e1e66fd6307b,29,77937401-cdd1-4e8d-81f7-786b86462bc1,MCTS Heuristic 2,82,4,1
bab27fc1-664d-4825-ad9d-e1e66fd6307b,29,728bb9fe-eb9c-43bf-896f-47a1980aeaec,Heuristic1,57,3,1
bab27fc1-664d-4825-ad9d-e1e66fd6307b,29,df879746-c587-4080-a0d9-6bda7cac2286,MCTS1,82,5,1
bab27fc1-664d-4825-ad9d-e1e66fd6307b,29,ebe60335-cc8e-4a9d-9a11-685bd81f59e0,MCTS Heuristic 1,77,4,1
bab27fc1-664d-4825-ad9d-e1e66fd6307b,29,77937401-cdd1-4e8d-81f7-786b86462bc1,MCTS Heuristic 2,82,4,1
bab27fc1-664d-4825-ad9d-e1e66fd6307b,29,728bb9fe-eb9c-43bf-896f-47a1980aeaec,Heuristic1,57,3,1
bab27fc1-664d-4825-ad9d-e1e66fd6307b,29,df879746-c587-4080-a0d9-6bda7cac2286,MCTS1,82,5,1
bab27fc1-664d-4825-ad9d-e1e66fd6307b,29,ebe60335-cc8e-4a9d-9a11-685bd81f59e0,MCTS Heuristic 1,77,4,1
bab27fc1-664d-4825-ad9d-e1e66fd6307b,29,77937401-cdd1-4e8d-81f7-786b86462bc1,MCTS Heuristic 2,82,4,1
bab27fc1-664d-4825-ad9d-e1e66fd6307b,29,728bb9fe-eb9c-43bf-896f-47a1980aeaec,Heuristic1,57,3,1
bab27fc1-664d-4825-ad9d-e1e66fd6307b,29,df879746-c587-4080-a0d9-6bda7cac2286,MCTS1,82,5,1
bab27fc1-664d-4825-ad9d-e1e66fd6307b,30,ebe60335-cc8e-4a9d-9a11-685bd81f59e0,MCTS Heuristic 1,62,4,1
bab27fc1-664d-4825-ad9d-e1e66fd6307b,30,77937401-cdd1-4e8d-81f7-786b86462bc1,MCTS Heuristic 2,67,4,1
bab27fc1-664d-4825-ad9d-e1e66fd6307b,30,728bb9fe-eb9c-43bf-896f-47a1980aeaec,Heuristic1,56,3,1
bab27fc1-664d-4825-ad9d-e1e66fd6307b,30,df879746-c587-4080-a0d9-6bda7cac2286,MCTS1,81,5,1
bab27fc1-664d-4825-ad9d-e1e66fd6307b,30,ebe60335-cc8e-4a9d-9a11-685bd81f59e0,MCTS Heuristic 1,62,4,1
bab27fc1-664d-4825-ad9d-e1e66fd6307b,30,77937401-cdd1-4e8d-81f7-786b86462bc1,MCTS Heuristic 2,67,4,1
bab27fc1-664d-4825-ad9d-e1e66fd6307b,30,728bb9fe-eb9c-43bf-896f-47a1980aeaec,Heuristic1,56,3,1
bab27fc1-664d-4825-ad9d-e1e66fd6307b,30,df879746-c587-4080-a0d9-6bda7cac2286,MCTS1,81,5,1
bab27fc1-664d-4825-ad9d-e1e66fd6307b,30,ebe60335-cc8e-4a9d-9a11-685bd81f59e0,MCTS Heuristic 1,62,4,1
bab27fc1-664d-4825-ad9d-e1e66fd6307b,30,77937401-cdd1-4e8d-81f7-786b86462bc1,MCTS Heuristic 2,67,4,1
bab27fc1-664d-4825-ad9d-e1e66fd6307b,30,728bb9fe-eb9c-43bf-896f-47a1980aeaec,Heuristic1,56,3,1
bab27fc1-664d-4825-ad9d-e1e66fd6307b,30,df879746-c587-4080-a0d9-6bda7cac2286,MCTS1,81,5,1
bab27fc1-664d-4825-ad9d-e1e66fd6307b,30,ebe60335-cc8e-4a9d-9a11-685bd81f59e0,MCTS Heuristic 1,62,4,1
bab27fc1-664d-4825-ad9d-e1e66fd6307b,30,77937401-cdd1-4e8d-81f7-786b86462bc1,MCTS Heuristic 2,67,4,1
bab27fc1-664d-4825-ad9d-e1e66fd6307b,30,728bb9fe-eb9c-43bf-896f-47a1980aeaec,Heuristic1,56,3,1
bab27fc1-664d-4825-ad9d-e1e66fd6307b,30,df879746-c587-4080-a0d9-6bda7cac2286,MCTS1,81,5,1
bab27fc1-664d-4825-ad9d-e1e66fd6307b,31,ebe60335-cc8e-4a9d-9a11-685bd81f59e0,MCTS Heuristic 1,61,4,1
bab27fc1-664d-4825-ad9d-e1e66fd6307b,31,77937401-cdd1-4e8d-81f7-786b86462bc1,MCTS Heuristic 2,66,4,1
bab27fc1-664d-4825-ad9d-e1e66fd6307b,31,728bb9fe-eb9c-43bf-896f-47a1980aeaec,Heuristic1,55,3,1
bab27fc1-664d-4825-ad9d-e1e66fd6307b,31,df879746-c587-4080-a0d9-6bda7cac2286,MCTS1,80,5,1
bab27fc1-664d-4825-ad9d-e1e66fd6307b,31,ebe60335-cc8e-4a9d-9a11-685bd81f59e0,MCTS Heuristic 1,61,4,1
bab27fc1-664d-4825-ad9d-e1e66fd6307b,31,77937401-cdd1-4e8d-81f7-786b86462bc1,MCTS Heuristic 2,66,4,1
bab27fc1-664d-4825-ad9d-e1e66fd6307b,31,728bb9fe-eb9c-43bf-896f-47a1980aeaec,Heuristic1,55,3,1
bab27fc1-664d-4825-ad9d-e1e66fd6307b,31,df879746-c587-4080-a0d9-6bda7cac2286,MCTS1,80,5,1
bab27fc1-664d-4825-ad9d-e1e66fd6307b,31,ebe60335-cc8e-4a9d-9a11-685bd81f59e0,MCTS Heuristic 1,61,4,1
bab27fc1-664d-4825-ad9d-e1e66fd6307b,31,77937401-cdd1-4e8d-81f7-786b86462bc1,MCTS Heuristic 2,66,4,1
bab27fc1-664d-4825-ad9d-e1e66fd6307b,31,728bb9fe-eb9c-43bf-896f-47a1980aeaec,Heuristic1,55,3,1
bab27fc1-664d-4825-ad9d-e1e66fd6307b,31,df879746-c587-4080-a0d9-6bda7cac2286,MCTS1,80,5,1
bab27fc1-664d-4825-ad9d-e1e66fd6307b,31,ebe60335-cc8e-4a9d-9a11-685bd81f59e0,MCTS Heuristic 1,61,4,1
bab27fc1-664d-4825-ad9d-e1e66fd6307b,31,77937401-cdd1-4e8d-81f7-786b86462bc1,MCTS Heuristic 2,66,4,1
bab27fc1-664d-4825-ad9d-e1e66fd6307b,31,728bb9fe-eb9c-43bf-896f-47a1980aeaec,Heuristic1,55,3,1
bab27fc1-664d-4825-ad9d-e1e66fd6307b,31,df879746-c587-4080-a0d9-6bda7cac2286,MCTS1,80,5,1
bab27fc1-664d-4825-ad9d-e1e66fd6307b,32,ebe60335-cc8e-4a9d-9a11-685bd81f59e0,MCTS Heuristic 1,60,4,1
bab27fc1-664d-4825-ad9d-e1e66fd6307b,32,77937401-cdd1-4e8d-81f7-786b86462bc1,MCTS Heuristic 2,65,4,1
bab27fc1-664d-4825-ad9d-e1e66fd6307b,32,728bb9fe-eb9c-43bf-896f-47a1980aeaec,Heuristic1,54,3,1
bab27fc1-664d-4825-ad9d-e1e66fd6307b,32,df879746-c587-4080-a0d9-6bda7cac2286,MCTS1,79,5,1
bab27fc1-664d-4825-ad9d-e1e66fd6307b,32,ebe60335-cc8e-4a9d-9a11-685bd81f59e0,MCTS Heuristic 1,60,4,1
bab27fc1-664d-4825-ad9d-e1e66fd6307b,32,77937401-cdd1-4e8d-81f7-786b86462bc1,MCTS Heuristic 2,65,4,1
bab27fc1-664d-4825-ad9d-e1e66fd6307b,32,728bb9fe-eb9c-43bf-896f-47a1980aeaec,Heuristic1,54,3,1
bab27fc1-664d-4825-ad9d-e1e66fd6307b,32,df879746-c587-4080-a0d9-6bda7cac2286,MCTS1,79,5,1
bab27fc1-664d-4825-ad9d-e1e66fd6307b,32,ebe60335-cc8e-4a9d-9a11-685bd81f59e0,MCTS Heuristic 1,60,4,1
bab27fc1-664d-4825-ad9d-e1e66fd6307b,32,77937401-cdd1-4e8d-81f7-786b86462bc1,MCTS Heuristic 2,65,4,1
bab27fc1-664d-4825-ad9d-e1e66fd6307b,32,728bb9fe-eb9c-43bf-896f-47a1980aeaec,Heuristic1,54,3,1
bab27fc1-664d-4825-ad9d-e1e66fd6307b,32,df879746-c587-4080-a0d9-6bda7cac2286,MCTS1,79,5,1
bab27fc1-664d-4825-ad9d-e1e66fd6307b,32,ebe60335-cc8e-4a9d-9a11-685bd81f59e0,MCTS Heuristic 1,60,4,1
bab27fc1-664d-4825-ad9d-e1e66fd6307b,32,77937401-cdd1-4e8d-81f7-786b86462bc1,MCTS Heuristic 2,65,4,1
bab27fc1-664d-4825-ad9d-e1e66fd6307b,32,728bb9fe-eb9c-43bf-896f-47a1980aeaec,Heuristic1,54,3,1
bab27fc1-664d-4825-ad9d-e1e66fd6307b,32,df879746-c587-4080-a0d9-6bda7cac2286,MCTS1,79,5,1
bab27fc1-664d-4825-ad9d-e1e66fd6307b,33,ebe60335-cc8e-4a9d-9a11-685bd81f59e0,MCTS Heuristic 1,59,4,1
bab27fc1-664d-4825-ad9d-e1e66fd6307b,33,77937401-cdd1-4e8d-81f7-786b86462bc1,MCTS Heuristic 2,64,4,1
bab27fc1-664d-4825-ad9d-e1e66fd6307b,33,728bb9fe-eb9c-43bf-896f-47a1980aeaec,Heuristic1,53,3,1
bab27fc1-664d-4825-ad9d-e1e66fd6307b,33,df879746-c587-4080-a0d9-6bda7cac2286,MCTS1,78,5,1
bab27fc1-664d-4825-ad9d-e1e66fd6307b,33,ebe60335-cc8e-4a9d-9a11-685bd81f59e0,MCTS Heuristic 1,59,4,1
bab27fc1-664d-4825-ad9d-e1e66fd6307b,33,77937401-cdd1-4e8d-81f7-786b86462bc1,MCTS Heuristic 2,64,4,1
bab27fc1-664d-4825-ad9d-e1e66fd6307b,33,728bb9fe-eb9c-43bf-896f-47a1980aeaec,Heuristic1,53,3,1
bab27fc1-664d-4825-ad9d-e1e66fd6307b,33,df879746-c587-4080-a0d9-6bda7cac2286,MCTS1,78,5,1
bab27fc1-664d-4825-ad9d-e1e66fd6307b,33,ebe60335-cc8e-4a9d-9a11-685bd81f59e0,MCTS Heuristic 1,59,4,1
bab27fc1-664d-4825-ad9d-e1e66fd6307b,33,77937401-cdd1-4e8d-81f7-786b86462bc1,MCTS Heuristic 2,64,4,1
bab27fc1-664d-4825-ad9d-e1e66fd6307b,33,728bb9fe-eb9c-43bf-896f-47a1980aeaec,Heuristic1,53,3,1
bab27fc1-664d-4825-ad9d-e1e66fd6307b,33,df879746-c587-4080-a0d9-6bda7cac2286,MCTS1,78,5,1
bab27fc1-664d-4825-ad9d-e1e66fd6307b,33,ebe60335-cc8e-4a9d-9a11-685bd81f59e0,MCTS Heuristic 1,59,4,1
bab27fc1-664d-4825-ad9d-e1e66fd6307b,33,77937401-cdd1-4e8d-81f7-786b86462bc1,MCTS Heuristic 2,64,4,1
bab27fc1-664d-4825-ad9d-e1e66fd6307b,33,728bb9fe-eb9c-43bf-896f-47a1980aeaec,Heuristic1,53,3,1
bab27fc1-664d-4825-ad9d-e1e66fd6307b,33,df879746-c587-4080-a0d9-6bda7cac2286,MCTS1,78,5,1
bab27fc1-664d-4825-ad9d-e1e66fd6307b,34,ebe60335-cc8e-4a9d-9a11-685bd81f59e0,MCTS Heuristic 1,44,4,1
bab27fc1-664d-4825-ad9d-e1e66fd6307b,34,77937401-cdd1-4e8d-81f7-786b86462bc1,MCTS Heuristic 2,100,5,1
bab27fc1-664d-4825-ad9d-e1e66fd6307b,34,728bb9fe-eb9c-43bf-896f-47a1980aeaec,Heuristic1,52,3,1
bab27fc1-664d-4825-ad9d-e1e66fd6307b,34,df879746-c587-4080-a0d9-6bda7cac2286,MCTS1,77,5,1
bab27fc1-664d-4825-ad9d-e1e66fd6307b,34,ebe60335-cc8e-4a9d-9a11-685bd81f59e0,MCTS Heuristic 1,44,4,1
bab27fc1-664d-4825-ad9d-e1e66fd6307b,34,77937401-cdd1-4e8d-81f7-786b86462bc1,MCTS Heuristic 2,100,5,1
bab27fc1-664d-4825-ad9d-e1e66fd6307b,34,728bb9fe-eb9c-43bf-896f-47a1980aeaec,Heuristic1,52,3,1
bab27fc1-664d-4825-ad9d-e1e66fd6307b,34,df879746-c587-4080-a0d9-6bda7cac2286,MCTS1,77,5,1
bab27fc1-664d-4825-ad9d-e1e66fd6307b,34,ebe60335-cc8e-4a9d-9a11-685bd81f59e0,MCTS Heuristic 1,44,4,1
bab27fc1-664d-4825-ad9d-e1e66fd6307b,34,77937401-cdd1-4e8d-81f7-786b86462bc1,MCTS Heuristic 2,100,5,1
bab27fc1-664d-4825-ad9d-e1e66fd6307b,34,728bb9fe-eb9c-43bf-896f-47a1980aeaec,Heuristic1,52,3,1
bab27fc1-664d-4825-ad9d-e1e66fd6307b,34,df879746-c587-4080-a0d9-6bda7cac2286,MCTS1,77,5,1
bab27fc1-664d-4825-ad9d-e1e66fd6307b,34,ebe60335-cc8e-4a9d-9a11-685bd81f59e0,MCTS Heuristic 1,44,4,1
bab27fc1-664d-4825-ad9d-e1e66fd6307b,34,77937401-cdd1-4e8d-81f7-786b86462bc1,MCTS Heuristic 2,100,5,1
bab27fc1-664d-4825-ad9d-e1e66fd6307b,34,728bb9fe-eb9c-43bf-896f-47a1980aeaec,Heuristic1,52,3,1
bab27fc1-664d-4825-ad9d-e1e66fd6307b,34,df879746-c587-4080-a0d9-6bda7cac2286,MCTS1,77,5,1
bab27fc1-664d-4825-ad9d-e1e66fd6307b,35,ebe60335-cc8e-4a9d-9a11-685bd81f59e0,MCTS Heuristic 1,43,4,1
bab27fc1-664d-4825-ad9d-e1e66fd6307b,35,77937401-cdd1-4e8d-81f7-786b86462bc1,MCTS Heuristic 2,99,5,1
bab27fc1-664d-4825-ad9d-e1e66fd6307b,35,728bb9fe-eb9c-43bf-896f-47a1980aeaec,Heuristic1,51,3,1
bab27fc1-664d-4825-ad9d-e1e66fd6307b,35,df879746-c587-4080-a0d9-6bda7cac2286,MCTS1,76,5,1
bab27fc1-664d-4825-ad9d-e1e66fd6307b,35,ebe60335-cc8e-4a9d-9a11-685bd81f59e0,MCTS Heuristic 1,43,4,1
bab27fc1-664d-4825-ad9d-e1e66fd6307b,35,77937401-cdd1-4e8d-81f7-786b86462bc1,MCTS Heuristic 2,99,5,1
bab27fc1-664d-4825-ad9d-e1e66fd6307b,35,728bb9fe-eb9c-43bf-896f-47a1980aeaec,Heuristic1,51,3,1
bab27fc1-664d-4825-ad9d-e1e66fd6307b,35,df879746-c587-4080-a0d9-6bda7cac2286,MCTS1,76,5,1
bab27fc1-664d-4825-ad9d-e1e66fd6307b,35,ebe60335-cc8e-4a9d-9a11-685bd81f59e0,MCTS Heuristic 1,43,4,1
bab27fc1-664d-4825-ad9d-e1e66fd6307b,35,77937401-cdd1-4e8d-81f7-786b86462bc1,MCTS Heuristic 2,99,5,1
bab27fc1-664d-4825-ad9d-e1e66fd6307b,35,728bb9fe-eb9c-43bf-896f-47a1980aeaec,Heuristic1,51,3,1
bab27fc1-664d-4825-ad9d-e1e66fd6307b,35,df879746-c587-4080-a0d9-6bda7cac2286,MCTS1,76,5,1
bab27fc1-664d-4825-ad9d-e1e66fd6307b,35,ebe60335-cc8e-4a9d-9a11-685bd81f59e0,MCTS Heuristic 1,43,4,1
bab27fc1-664d-4825-ad9d-e1e66fd6307b,35,77937401-cdd1-4e8d-81f7-786b86462bc1,MCTS Heuristic 2,99,5,1
bab27fc1-664d-4825-ad9d-e1e66fd6307b,35,728bb9fe-eb9c-43bf-896f-47a1980aeaec,Heuristic1,51,3,1
bab27fc1-664d-4825-ad9d-e1e66fd6307b,35,df879746-c587-4080-a0d9-6bda7cac2286,MCTS1,76,5,1
bab27fc1-664d-4825-ad9d-e1e66fd6307b,36,ebe60335-cc8e-4a9d-9a11-685bd81f59e0,MCTS Heuristic 1,42,4,1
bab27fc1-664d-4825-ad9d-e1e66fd6307b,36,77937401-cdd1-4e8d-81f7-786b86462bc1,MCTS Heuristic 2,98,5,1
bab27fc1-664d-4825-ad9d-e1e66fd6307b,36,728bb9fe-eb9c-43bf-896f-47a1980aeaec,Heuristic1,50,3,1
bab27fc1-664d-4825-ad9d-e1e66fd6307b,36,df879746-c587-4080-a0d9-6bda7cac2286,MCTS1,100,6,1
bab27fc1-664d-4825-ad9d-e1e66fd6307b,36,ebe60335-cc8e-4a9d-9a11-685bd81f59e0,MCTS Heuristic 1,42,4,1
bab27fc1-664d-4825-ad9d-e1e66fd6307b,36,77937401-cdd1-4e8d-81f7-786b86462bc1,MCTS Heuristic 2,98,5,1
bab27fc1-664d-4825-ad9d-e1e66fd6307b,36,728bb9fe-eb9c-43bf-896f-47a1980aeaec,Heuristic1,50,3,1
bab27fc1-664d-4825-ad9d-e1e66fd6307b,36,df879746-c587-4080-a0d9-6bda7cac2286,MCTS1,100,6,1
bab27fc1-664d-4825-ad9d-e1e66fd6307b,36,ebe60335-cc8e-4a9d-9a11-685bd81f59e0,MCTS Heuristic 1,42,4,1
bab27fc1-664d-4825-ad9d-e1e66fd6307b,36,77937401-cdd1-4e8d-81f7-786b86462bc1,MCTS Heuristic 2,98,5,1
bab27fc1-664d-4825-ad9d-e1e66fd6307b,36,728bb9fe-eb9c-43bf-896f-47a1980aeaec,Heuristic1,50,3,1
bab27fc1-664d-4825-ad9d-e1e66fd6307b,36,df879746-c587-4080-a0d9-6bda7cac2286,MCTS1,100,6,1
bab27fc1-664d-4825-ad9d-e1e66fd6307b,36,ebe60335-cc8e-4a9d-9a11-685bd81f59e0,MCTS Heuristic 1,42,4,1
bab27fc1-664d-4825-ad9d-e1e66fd6307b,36,77937401-cdd1-4e8d-81f7-786b86462bc1,MCTS Heuristic 2,98,5,1
bab27fc1-664d-4825-ad9d-e1e66fd6307b,36,728bb9fe-eb9c-43bf-896f-47a1980aeaec,Heuristic1,50,3,1
bab27fc1-664d-4825-ad9d-e1e66fd6307b,36,df879746-c587-4080-a0d9-6bda7cac2286,MCTS1,100,6,1
bab27fc1-664d-4825-ad9d-e1e66fd6307b,37,ebe60335-cc8e-4a9d-9a11-685bd81f59e0,MCTS Heuristic 1,41,4,1
bab27fc1-664d-4825-ad9d-e1e66fd6307b,37,77937401-cdd1-4e8d-81f7-786b86462bc1,MCTS Heuristic 2,97,5,1
bab27fc1-664d-4825-ad9d-e1e66fd6307b,37,728bb9fe-eb9c-43bf-896f-47a1980aeaec,Heuristic1,49,3,1
bab27fc1-664d-4825-ad9d-e1e66fd6307b,37,df879746-c587-4080-a0d9-6bda7cac2286,MCTS1,99,6,1
bab27fc1-664d-4825-ad9d-e1e66fd6307b,37,ebe60335-cc8e-4a9d-9a11-685bd81f59e0,MCTS Heuristic 1,41,4,1
bab27fc1-664d-4825-ad9d-e1e66fd6307b,37,77937401-cdd1-4e8d-81f7-786b86462bc1,MCTS Heuristic 2,97,5,1
bab27fc1-664d-4825-ad9d-e1e66fd6307b,37,728bb9fe-eb9c-43bf-896f-47a1980aeaec,Heuristic1,49,3,1
bab27fc1-664d-4825-ad9d-e1e66fd6307b,37,df879746-c587-4080-a0d9-6bda7cac2286,MCTS1,99,6,1
bab27fc1-664d-4825-ad9d-e1e66fd6307b,37,ebe60335-cc8e-4a9d-9a11-685bd81f59e0,MCTS Heuristic 1,41,4,1
bab27fc1-664d-4825-ad9d-e1e66fd6307b,37,77937401-cdd1-4e8d-81f7-786b86462bc1,MCTS Heuristic 2,97,5,1
bab27fc1-664d-4825-ad9d-e1e66fd6307b,37,728bb9fe-eb9c-43bf-896f-47a1980aeaec,Heuristic1,49,3,1
bab27fc1-664d-4825-ad9d-e1e66fd6307b,37,df879746-c587-4080-a0d9-6bda7cac2286,MCTS1,99,6,1
bab27fc1-664d-4825-ad9d-e1e66fd6307b,37,ebe60335-cc8e-4a9d-9a11-685bd81f59e0,MCTS Heuristic 1,41,4,1
bab27fc1-664d-4825-ad9d-e1e66fd6307b,37,77937401-cdd1-4e8d-81f7-786b86462bc1,MCTS Heuristic 2,97,5,1
bab27fc1-664d-4825-ad9d-e1e66fd6307b,37,728bb9fe-eb9c-43bf-896f-47a1980aeaec,Heuristic1,49,3,1
bab27fc1-664d-4825-ad9d-e1e66fd6307b,37,df879746-c587-4080-a0d9-6bda7cac2286,MCTS1,99,6,1
bab27fc1-664d-4825-ad9d-e1e66fd6307b,38,ebe60335-cc8e-4a9d-9a11-685bd81f59e0,MCTS Heuristic 1,26,4,1
bab27fc1-664d-4825-ad9d-e1e66fd6307b,38,77937401-cdd1-4e8d-81f7-786b86462bc1,MCTS Heuristic 2,96,5,1
bab27fc1-664d-4825-ad9d-e1e66fd6307b,38,728bb9fe-eb9c-43bf-896f-47a1980aeaec,Heuristic1,34,3,1
bab27fc1-664d-4825-ad9d-e1e66fd6307b,38,df879746-c587-4080-a0d9-6bda7cac2286,MCTS1,84,6,1
bab27fc1-664d-4825-ad9d-e1e66fd6307b,38,ebe60335-cc8e-4a9d-9a11-685bd81f59e0,MCTS Heuristic 1,26,4,1
bab27fc1-664d-4825-ad9d-e1e66fd6307b,38,77937401-cdd1-4e8d-81f7-786b86462bc1,MCTS Heuristic 2,96,5,1
bab27fc1-664d-4825-ad9d-e1e66fd6307b,38,728bb9fe-eb9c-43bf-896f-47a1980aeaec,Heuristic1,34,3,1
bab27fc1-664d-4825-ad9d-e1e66fd6307b,38,df879746-c587-4080-a0d9-6bda7cac2286,MCTS1,84,6,1
bab27fc1-664d-4825-ad9d-e1e66fd6307b,38,ebe60335-cc8e-4a9d-9a11-685bd81f59e0,MCTS Heuristic 1,26,4,1
bab27fc1-664d-4825-ad9d-e1e66fd6307b,38,77937401-cdd1-4e8d-81f7-786b86462bc1,MCTS Heuristic 2,96,5,1
bab27fc1-664d-4825-ad9d-e1e66fd6307b,38,728bb9fe-eb9c-43bf-896f-47a1980aeaec,Heuristic1,34,3,1
bab27fc1-664d-4825-ad9d-e1e66fd6307b,38,df879746-c587-4080-a0d9-6bda7cac2286,MCTS1,84,6,1
bab27fc1-664d-4825-ad9d-e1e66fd6307b,38,ebe60335-cc8e-4a9d-9a11-685bd81f59e0,MCTS Heuristic 1,26,4,1
bab27fc1-664d-4825-ad9d-e1e66fd6307b,38,77937401-cdd1-4e8d-81f7-786b86462bc1,MCTS Heuristic 2,96,5,1
bab27fc1-664d-4825-ad9d-e1e66fd6307b,38,728bb9fe-eb9c-43bf-896f-47a1980aeaec,Heuristic1,34,3,1
bab27fc1-664d-4825-ad9d-e1e66fd6307b,38,df879746-c587-4080-a0d9-6bda7cac2286,MCTS1,84,6,1
bab27fc1-664d-4825-ad9d-e1e66fd6307b,39,ebe60335-cc8e-4a9d-9a11-685bd81f59e0,MCTS Heuristic 1,25,4,1
bab27fc1-664d-4825-ad9d-e1e66fd6307b,39,77937401-cdd1-4e8d-81f7-786b86462bc1,MCTS Heuristic 2,95,5,1
bab27fc1-664d-4825-ad9d-e1e66fd6307b,39,728bb9fe-eb9c-43bf-896f-47a1980aeaec,Heuristic1,33,3,1
bab27fc1-664d-4825-ad9d-e1e66fd6307b,39,df879746-c587-4080-a0d9-6bda7cac2286,MCTS1,83,6,1
bab27fc1-664d-4825-ad9d-e1e66fd6307b,39,ebe60335-cc8e-4a9d-9a11-685bd81f59e0,MCTS Heuristic 1,25,4,1
bab27fc1-664d-4825-ad9d-e1e66fd6307b,39,77937401-cdd1-4e8d-81f7-786b86462bc1,MCTS Heuristic 2,95,5,1
bab27fc1-664d-4825-ad9d-e1e66fd6307b,39,728bb9fe-eb9c-43bf-896f-47a1980aeaec,Heuristic1,33,3,1
bab27fc1-664d-4825-ad9d-e1e66fd6307b,39,df879746-c587-4080-a0d9-6bda7cac2286,MCTS1,83,6,1
bab27fc1-664d-4825-ad9d-e1e66fd6307b,39,ebe60335-cc8e-4a9d-9a11-685bd81f59e0,MCTS Heuristic 1,25,4,1
bab27fc1-664d-4825-ad9d-e1e66fd6307b,39,77937401-cdd1-4e8d-81f7-786b86462bc1,MCTS Heuristic 2,95,5,1
bab27fc1-664d-4825-ad9d-e1e66fd6307b,39,728bb9fe-eb9c-43bf-896f-47a1980aeaec,Heuristic1,33,3,1
bab27fc1-664d-4825-ad9d-e1e66fd6307b,39,df879746-c587-4080-a0d9-6bda7cac2286,MCTS1,83,6,1
bab27fc1-664d-4825-ad9d-e1e66fd6307b,39,ebe60335-cc8e-4a9d-9a11-685bd81f59e0,MCTS Heuristic 1,25,4,1
bab27fc1-664d-4825-ad9d-e1e66fd6307b,39,77937401-cdd1-4e8d-81f7-786b86462bc1,MCTS Heuristic 2,95,5,1
bab27fc1-664d-4825-ad9d-e1e66fd6307b,39,728bb9fe-eb9c-43bf-896f-47a1980aeaec,Heuristic1,33,3,1
bab27fc1-664d-4825-ad9d-e1e66fd6307b,39,df879746-c587-4080-a0d9-6bda7cac2286,MCTS1,83,6,1
bab27fc1-664d-4825-ad9d-e1e66fd6307b,40,ebe60335-cc8e-4a9d-9a11-685bd81f59e0,MCTS Heuristic 1,24,4,1
bab27fc1-664d-4825-ad9d-e1e66fd6307b,40,77937401-cdd1-4e8d-81f7-786b86462bc1,MCTS Heuristic 2,94,5,1
bab27fc1-664d-4825-ad9d-e1e66fd6307b,40,728bb9fe-eb9c-43bf-896f-47a1980aeaec,Heuristic1,100,4,1
bab27fc1-664d-4825-ad9d-e1e66fd6307b,40,df879746-c587-4080-a0d9-6bda7cac2286,MCTS1,82,6,1
bab27fc1-664d-4825-ad9d-e1e66fd6307b,40,ebe60335-cc8e-4a9d-9a11-685bd81f59e0,MCTS Heuristic 1,24,4,1
bab27fc1-664d-4825-ad9d-e1e66fd6307b,40,77937401-cdd1-4e8d-81f7-786b86462bc1,MCTS Heuristic 2,94,5,1
bab27fc1-664d-4825-ad9d-e1e66fd6307b,40,728bb9fe-eb9c-43bf-896f-47a1980aeaec,Heuristic1,100,4,1
bab27fc1-664d-4825-ad9d-e1e66fd6307b,40,df879746-c587-4080-a0d9-6bda7cac2286,MCTS1,82,6,1
bab27fc1-664d-4825-ad9d-e1e66fd6307b,40,ebe60335-cc8e-4a9d-9a11-685bd81f59e0,MCTS Heuristic 1,24,4,1
bab27fc1-664d-4825-ad9d-e1e66fd6307b,40,77937401-cdd1-4e8d-81f7-786b86462bc1,MCTS Heuristic 2,94,5,1
bab27fc1-664d-4825-ad9d-e1e66fd6307b,40,728bb9fe-eb9c-43bf-896f-47a1980aeaec,Heuristic1,100,4,1
bab27fc1-664d-4825-ad9d-e1e66fd6307b,40,df879746-c587-4080-a0d9-6bda7cac2286,MCTS1,82,6,1
bab27fc1-664d-4825-ad9d-e1e66fd6307b,40,ebe60335-cc8e-4a9d-9a11-685bd81f59e0,MCTS Heuristic 1,24,4,1
bab27fc1-664d-4825-ad9d-e1e66fd6307b,40,77937401-cdd1-4e8d-81f7-786b86462bc1,MCTS Heuristic 2,94,5,1
bab27fc1-664d-4825-ad9d-e1e66fd6307b,40,728bb9fe-eb9c-43bf-896f-47a1980aeaec,Heuristic1,100,4,1
bab27fc1-664d-4825-ad9d-e1e66fd6307b,40,df879746-c587-4080-a0d9-6bda7cac2286,MCTS1,82,6,1
bab27fc1-664d-4825-ad9d-e1e66fd6307b,41,ebe60335-cc8e-4a9d-9a11-685bd81f59e0,MCTS Heuristic 1,100,5,1
bab27fc1-664d-4825-ad9d-e1e66fd6307b,41,77937401-cdd1-4e8d-81f7-786b86462bc1,MCTS Heuristic 2,93,5,1
bab27fc1-664d-4825-ad9d-e1e66fd6307b,41,728bb9fe-eb9c-43bf-896f-47a1980aeaec,Heuristic1,99,4,1
bab27fc1-664d-4825-ad9d-e1e66fd6307b,41,df879746-c587-4080-a0d9-6bda7cac2286,MCTS1,81,6,1
bab27fc1-664d-4825-ad9d-e1e66fd6307b,41,ebe60335-cc8e-4a9d-9a11-685bd81f59e0,MCTS Heuristic 1,100,5,1
bab27fc1-664d-4825-ad9d-e1e66fd6307b,41,77937401-cdd1-4e8d-81f7-786b86462bc1,MCTS Heuristic 2,93,5,1
bab27fc1-664d-4825-ad9d-e1e66fd6307b,41,728bb9fe-eb9c-43bf-896f-47a1980aeaec,Heuristic1,99,4,1
bab27fc1-664d-4825-ad9d-e1e66fd6307b,41,df879746-c587-4080-a0d9-6bda7cac2286,MCTS1,81,6,1
bab27fc1-664d-4825-ad9d-e1e66fd6307b,41,ebe60335-cc8e-4a9d-9a11-685bd81f59e0,MCTS Heuristic 1,100,5,1
bab27fc1-664d-4825-ad9d-e1e66fd6307b,41,77937401-cdd1-4e8d-81f7-786b86462bc1,MCTS Heuristic 2,93,5,1
bab27fc1-664d-4825-ad9d-e1e66fd6307b,41,728bb9fe-eb9c-43bf-896f-47a1980aeaec,Heuristic1,99,4,1
bab27fc1-664d-4825-ad9d-e1e66fd6307b,41,df879746-c587-4080-a0d9-6bda7cac2286,MCTS1,81,6,1
bab27fc1-664d-4825-ad9d-e1e66fd6307b,41,ebe60335-cc8e-4a9d-9a11-685bd81f59e0,MCTS Heuristic 1,100,5,1
bab27fc1-664d-4825-ad9d-e1e66fd6307b,41,77937401-cdd1-4e8d-81f7-786b86462bc1,MCTS Heuristic 2,93,5,1
bab27fc1-664d-4825-ad9d-e1e66fd6307b,41,728bb9fe-eb9c-43bf-896f-47a1980aeaec,Heuristic1,99,4,1
bab27fc1-664d-4825-ad9d-e1e66fd6307b,41,df879746-c587-4080-a0d9-6bda7cac2286,MCTS1,81,6,1
bab27fc1-664d-4825-ad9d-e1e66fd6307b,42,ebe60335-cc8e-4a9d-9a11-685bd81f59e0,MCTS Heuristic 1,99,5,1
bab27fc1-664d-4825-ad9d-e1e66fd6307b,42,77937401-cdd1-4e8d-81f7-786b86462bc1,MCTS Heuristic 2,92,5,1
bab27fc1-664d-4825-ad9d-e1e66fd6307b,42,728bb9fe-eb9c-43bf-896f-47a1980aeaec,Heuristic1,98,4,1
bab27fc1-664d-4825-ad9d-e1e66fd6307b,42,df879746-c587-4080-a0d9-6bda7cac2286,MCTS1,80,6,1
bab27fc1-664d-4825-ad9d-e1e66fd6307b,42,ebe60335-cc8e-4a9d-9a11-685bd81f59e0,MCTS Heuristic 1,99,5,1
bab27fc1-664d-4825-ad9d-e1e66fd6307b,42,77937401-cdd1-4e8d-81f7-786b86462bc1,MCTS Heuristic 2,92,5,1
bab27fc1-664d-4825-ad9d-e1e66fd6307b,42,728bb9fe-eb9c-43bf-896f-47a1980aeaec,Heuristic1,98,4,1
bab27fc1-664d-4825-ad9d-e1e66fd6307b,42,df879746-c587-4080-a0d9-6bda7cac2286,MCTS1,80,6,1
bab27fc1-664d-4825-ad9d-e1e66fd6307b,42,ebe60335-cc8e-4a9d-9a11-685bd81f59e0,MCTS Heuristic 1,99,5,1
bab27fc1-664d-4825-ad9d-e1e66fd6307b,42,77937401-cdd1-4e8d-81f7-786b86462bc1,MCTS Heuristic 2,92,5,1
bab27fc1-664d-4825-ad9d-e1e66fd6307b,42,728bb9fe-eb9c-43bf-896f-47a1980aeaec,Heuristic1,98,4,1
bab27fc1-664d-4825-ad9d-e1e66fd6307b,42,df879746-c587-4080-a0d9-6bda7cac2286,MCTS1,80,6,1
bab27fc1-664d-4825-ad9d-e1e66fd6307b,42,ebe60335-cc8e-4a9d-9a11-685bd81f59e0,MCTS Heuristic 1,99,5,1
bab27fc1-664d-4825-ad9d-e1e66fd6307b,42,77937401-cdd1-4e8d-81f7-786b86462bc1,MCTS Heuristic 2,92,5,1
bab27fc1-664d-4825-ad9d-e1e66fd6307b,42,728bb9fe-eb9c-43bf-896f-47a1980aeaec,Heuristic1,98,4,1
bab27fc1-664d-4825-ad9d-e1e66fd6307b,42,df879746-c587-4080-a0d9-6bda7cac2286,MCTS1,80,6,1
bab27fc1-664d-4825-ad9d-e1e66fd6307b,43,ebe60335-cc8e-4a9d-9a11-685bd81f59e0,MCTS Heuristic 1,98,5,1
bab27fc1-664d-4825-ad9d-e1e66fd6307b,43,77937401-cdd1-4e8d-81f7-786b86462bc1,MCTS Heuristic 2,91,5,1
bab27fc1-664d-4825-ad9d-e1e66fd6307b,43,728bb9fe-eb9c-43bf-896f-47a1980aeaec,Heuristic1,97,4,1
bab27fc1-664d-4825-ad9d-e1e66fd6307b,43,df879746-c587-4080-a0d9-6bda7cac2286,MCTS1,79,6,1
bab27fc1-664d-4825-ad9d-e1e66fd6307b,43,ebe60335-cc8e-4a9d-9a11-685bd81f59e0,MCTS Heuristic 1,98,5,1
bab27fc1-664d-4825-ad9d-e1e66fd6307b,43,77937401-cdd1-4e8d-81f7-786b86462bc1,MCTS Heuristic 2,91,5,1
bab27fc1-664d-4825-ad9d-e1e66fd6307b,43,728bb9fe-eb9c-43bf-896f-47a1980aeaec,Heuristic1,97,4,1
bab27fc1-664d-4825-ad9d-e1e66fd6307b,43,df879746-c587-4080-a0d9-6bda7cac2286,MCTS1,79,6,1
bab27fc1-664d-4825-ad9d-e1e66fd6307b,43,ebe60335-cc8e-4a9d-9a11-685bd81f59e0,MCTS Heuristic 1,98,5,1
bab27fc1-664d-4825-ad9d-e1e66fd6307b,43,77937401-cdd1-4e8d-81f7-786b86462bc1,MCTS Heuristic 2,91,5,1
bab27fc1-664d-4825-ad9d-e1e66fd6307b,43,728bb9fe-eb9c-43bf-896f-47a1980aeaec,Heuristic1,97,4,1
bab27fc1-664d-4825-ad9d-e1e66fd6307b,43,df879746-c587-4080-a0d9-6bda7cac2286,MCTS1,79,6,1
bab27fc1-664d-4825-ad9d-e1e66fd6307b,43,ebe60335-cc8e-4a9d-9a11-685bd81f59e0,MCTS Heuristic 1,98,5,1
bab27fc1-664d-4825-ad9d-e1e66fd6307b,43,77937401-cdd1-4e8d-81f7-786b86462bc1,MCTS Heuristic 2,91,5,1
bab27fc1-664d-4825-ad9d-e1e66fd6307b,43,728bb9fe-eb9c-43bf-896f-47a1980aeaec,Heuristic1,97,4,1
bab27fc1-664d-4825-ad9d-e1e66fd6307b,43,df879746-c587-4080-a0d9-6bda7cac2286,MCTS1,79,6,1
bab27fc1-664d-4825-ad9d-e1e66fd6307b,44,ebe60335-cc8e-4a9d-9a11-685bd81f59e0,MCTS Heuristic 1,97,5,1
bab27fc1-664d-4825-ad9d-e1e66fd6307b,44,77937401-cdd1-4e8d-81f7-786b86462bc1,MCTS Heuristic 2,90,5,1
bab27fc1-664d-4825-ad9d-e1e66fd6307b,44,728bb9fe-eb9c-43bf-896f-47a1980aeaec,Heuristic1,96,4,1
bab27fc1-664d-4825-ad9d-e1e66fd6307b,44,df879746-c587-4080-a0d9-6bda7cac2286,MCTS1,78,6,1
bab27fc1-664d-4825-ad9d-e1e66fd6307b,44,ebe60335-cc8e-4a9d-9a11-685bd81f59e0,MCTS Heuristic 1,97,5,1
bab27fc1-664d-4825-ad9d-e1e66fd6307b,44,77937401-cdd1-4e8d-81f7-786b86462bc1,MCTS Heuristic 2,90,5,1
bab27fc1-664d-4825-ad9d-e1e66fd6307b,44,728bb9fe-eb9c-43bf-896f-47a1980aeaec,Heuristic1,96,4,1
bab27fc1-664d-4825-ad9d-e1e66fd6307b,44,df879746-c587-4080-a0d9-6bda7cac2286,MCTS1,78,6,1
bab27fc1-664d-4825-ad9d-e1e66fd6307b,44,ebe60335-cc8e-4a9d-9a11-685bd81f59e0,MCTS Heuristic 1,97,5,1
bab27fc1-664d-4825-ad9d-e1e66fd6307b,44,77937401-cdd1-4e8d-81f7-786b86462bc1,MCTS Heuristic 2,90,5,1
bab27fc1-664d-4825-ad9d-e1e66fd6307b,44,728bb9fe-eb9c-43bf-896f-47a1980aeaec,Heuristic1,96,4,1
bab27fc1-664d-4825-ad9d-e1e66fd6307b,44,df879746-c587-4080-a0d9-6bda7cac2286,MCTS1,78,6,1
bab27fc1-664d-4825-ad9d-e1e66fd6307b,44,ebe60335-cc8e-4a9d-9a11-685bd81f59e0,MCTS Heuristic 1,97,5,1
bab27fc1-664d-4825-ad9d-e1e66fd6307b,44,77937401-cdd1-4e8d-81f7-786b86462bc1,MCTS Heuristic 2,90,5,1
bab27fc1-664d-4825-ad9d-e1e66fd6307b,44,728bb9fe-eb9c-43bf-896f-47a1980aeaec,Heuristic1,96,4,1
bab27fc1-664d-4825-ad9d-e1e66fd6307b,44,df879746-c587-4080-a0d9-6bda7cac2286,MCTS1,78,6,1
bab27fc1-664d-4825-ad9d-e1e66fd6307b,45,ebe60335-cc8e-4a9d-9a11-685bd81f59e0,MCTS Heuristic 1,96,5,1
bab27fc1-664d-4825-ad9d-e1e66fd6307b,45,77937401-cdd1-4e8d-81f7-786b86462bc1,MCTS Heuristic 2,89,5,1
bab27fc1-664d-4825-ad9d-e1e66fd6307b,45,728bb9fe-eb9c-43bf-896f-47a1980aeaec,Heuristic1,95,4,1
bab27fc1-664d-4825-ad9d-e1e66fd6307b,45,df879746-c587-4080-a0d9-6bda7cac2286,MCTS1,77,6,1
bab27fc1-664d-4825-ad9d-e1e66fd6307b,45,ebe60335-cc8e-4a9d-9a11-685bd81f59e0,MCTS Heuristic 1,96,5,1
bab27fc1-664d-4825-ad9d-e1e66fd6307b,45,77937401-cdd1-4e8d-81f7-786b86462bc1,MCTS Heuristic 2,89,5,1
bab27fc1-664d-4825-ad9d-e1e66fd6307b,45,728bb9fe-eb9c-43bf-896f-47a1980aeaec,Heuristic1,95,4,1
bab27fc1-664d-4825-ad9d-e1e66fd6307b,45,df879746-c587-4080-a0d9-6bda7cac2286,MCTS1,77,6,1
bab27fc1-664d-4825-ad9d-e1e66fd6307b,45,ebe60335-cc8e-4a9d-9a11-685bd81f59e0,MCTS Heuristic 1,96,5,1
bab27fc1-664d-4825-ad9d-e1e66fd6307b,45,77937401-cdd1-4e8d-81f7-786b86462bc1,MCTS Heuristic 2,89,5,1
bab27fc1-664d-4825-ad9d-e1e66fd6307b,45,728bb9fe-eb9c-43bf-896f-47a1980aeaec,Heuristic1,95,4,1
bab27fc1-664d-4825-ad9d-e1e66fd6307b,45,df879746-c587-4080-a0d9-6bda7cac2286,MCTS1,77,6,1
bab27fc1-664d-4825-ad9d-e1e66fd6307b,45,ebe60335-cc8e-4a9d-9a11-685bd81f59e0,MCTS Heuristic 1,96,5,1
bab27fc1-664d-4825-ad9d-e1e66fd6307b,45,77937401-cdd1-4e8d-81f7-786b86462bc1,MCTS Heuristic 2,89,5,1
bab27fc1-664d-4825-ad9d-e1e66fd6307b,45,728bb9fe-eb9c-43bf-896f-47a1980aeaec,Heuristic1,95,4,1
bab27fc1-664d-4825-ad9d-e1e66fd6307b,45,df879746-c587-4080-a0d9-6bda7cac2286,MCTS1,77,6,1
bab27fc1-664d-4825-ad9d-e1e66fd6307b,46,ebe60335-cc8e-4a9d-9a11-685bd81f59e0,MCTS Heuristic 1,95,5,1
bab27fc1-664d-4825-ad9d-e1e66fd6307b,46,77937401-cdd1-4e8d-81f7-786b86462bc1,MCTS Heuristic 2,88,5,1
bab27fc1-664d-4825-ad9d-e1e66fd6307b,46,728bb9fe-eb9c-43bf-896f-47a1980aeaec,Heuristic1,94,4,1
bab27fc1-664d-4825-ad9d-e1e66fd6307b,46,df879746-c587-4080-a0d9-6bda7cac2286,MCTS1,62,6,1
bab27fc1-664d-4825-ad9d-e1e66fd6307b,46,ebe60335-cc8e-4a9d-9a11-685bd81f59e0,MCTS Heuristic 1,95,5,1
bab27fc1-664d-4825-ad9d-e1e66fd6307b,46,77937401-cdd1-4e8d-81f7-786b86462bc1,MCTS Heuristic 2,88,5,1
bab27fc1-664d-4825-ad9d-e1e66fd6307b,46,728bb9fe-eb9c-43bf-896f-47a1980aeaec,Heuristic1,94,4,1
bab27fc1-664d-4825-ad9d-e1e66fd6307b,46,df879746-c587-4080-a0d9-6bda7cac2286,MCTS1,62,6,1
bab27fc1-664d-4825-ad9d-e1e66fd6307b,46,ebe60335-cc8e-4a9d-9a11-685bd81f59e0,MCTS Heuristic 1,95,5,1
bab27fc1-664d-4825-ad9d-e1e66fd6307b,46,77937401-cdd1-4e8d-81f7-786b86462bc1,MCTS Heuristic 2,88,5,1
bab27fc1-664d-4825-ad9d-e1e66fd6307b,46,728bb9fe-eb9c-43bf-896f-47a1980aeaec,Heuristic1,94,4,1
bab27fc1-664d-4825-ad9d-e1e66fd6307b,46,df879746-c587-4080-a0d9-6bda7cac2286,MCTS1,62,6,1
bab27fc1-664d-4825-ad9d-e1e66fd6307b,46,ebe60335-cc8e-4a9d-9a11-685bd81f59e0,MCTS Heuristic 1,95,5,1
bab27fc1-664d-4825-ad9d-e1e66fd6307b,46,77937401-cdd1-4e8d-81f7-786b86462bc1,MCTS Heuristic 2,88,5,1
bab27fc1-664d-4825-ad9d-e1e66fd6307b,46,728bb9fe-eb9c-43bf-896f-47a1980aeaec,Heuristic1,94,4,1
bab27fc1-664d-4825-ad9d-e1e66fd6307b,46,df879746-c587-4080-a0d9-6bda7cac2286,MCTS1,62,6,1
bab27fc1-664d-4825-ad9d-e1e66fd6307b,47,ebe60335-cc8e-4a9d-9a11-685bd81f59e0,MCTS Heuristic 1,94,5,1
bab27fc1-664d-4825-ad9d-e1e66fd6307b,47,77937401-cdd1-4e8d-81f7-786b86462bc1,MCTS Heuristic 2,87,5,1
bab27fc1-664d-4825-ad9d-e1e66fd6307b,47,728bb9fe-eb9c-43bf-896f-47a1980aeaec,Heuristic1,93,4,1
bab27fc1-664d-4825-ad9d-e1e66fd6307b,47,df879746-c587-4080-a0d9-6bda7cac2286,MCTS1,61,6,1
bab27fc1-664d-4825-ad9d-e1e66fd6307b,47,ebe60335-cc8e-4a9d-9a11-685bd81f59e0,MCTS Heuristic 1,94,5,1
bab27fc1-664d-4825-ad9d-e1e66fd6307b,47,77937401-cdd1-4e8d-81f7-786b86462bc1,MCTS Heuristic 2,87,5,1
bab27fc1-664d-4825-ad9d-e1e66fd6307b,47,728bb9fe-eb9c-43bf-896f-47a1980aeaec,Heuristic1,93,4,1
bab27fc1-664d-4825-ad9d-e1e66fd6307b,47,df879746-c587-4080-a0d9-6bda7cac2286,MCTS1,61,6,1
bab27fc1-664d-4825-ad9d-e1e66fd6307b,47,ebe60335-cc8e-4a9d-9a11-685bd81f59e0,MCTS Heuristic 1,94,5,1
bab27fc1-664d-4825-ad9d-e1e66fd6307b,47,77937401-cdd1-4e8d-81f7-786b86462bc1,MCTS Heuristic 2,87,5,1
bab27fc1-664d-4825-ad9d-e1e66fd6307b,47,728bb9fe-eb9c-43bf-896f-47a1980aeaec,Heuristic1,93,4,1
bab27fc1-664d-4825-ad9d-e1e66fd6307b,47,df879746-c587-4080-a0d9-6bda7cac2286,MCTS1,61,6,1
bab27fc1-664d-4825-ad9d-e1e66fd6307b,47,ebe60335-cc8e-4a9d-9a11-685bd81f59e0,MCTS Heuristic 1,94,5,1
bab27fc1-664d-4825-ad9d-e1e66fd6307b,47,77937401-cdd1-4e8d-81f7-786b86462bc1,MCTS Heuristic 2,87,5,1
bab27fc1-664d-4825-ad9d-e1e66fd6307b,47,728bb9fe-eb9c-43bf-896f-47a1980aeaec,Heuristic1,93,4,1
bab27fc1-664d-4825-ad9d-e1e66fd6307b,47,df879746-c587-4080-a0d9-6bda7cac2286,MCTS1,61,6,1
bab27fc1-664d-4825-ad9d-e1e66fd6307b,48,ebe60335-cc8e-4a9d-9a11-685bd81f59e0,MCTS Heuristic 1,79,5,1
bab27fc1-664d-4825-ad9d-e1e66fd6307b,48,77937401-cdd1-4e8d-81f7-786b86462bc1,MCTS Heuristic 2,86,5,1
bab27fc1-664d-4825-ad9d-e1e66fd6307b,48,728bb9fe-eb9c-43bf-896f-47a1980aeaec,Heuristic1,92,4,1
bab27fc1-664d-4825-ad9d-e1e66fd6307b,48,df879746-c587-4080-a0d9-6bda7cac2286,MCTS1,46,6,1
bab27fc1-664d-4825-ad9d-e1e66fd6307b,48,ebe60335-cc8e-4a9d-9a11-685bd81f59e0,MCTS Heuristic 1,79,5,1
bab27fc1-664d-4825-ad9d-e1e66fd6307b,48,77937401-cdd1-4e8d-81f7-786b86462bc1,MCTS Heuristic 2,86,5,1
bab27fc1-664d-4825-ad9d-e1e66fd6307b,48,728bb9fe-eb9c-43bf-896f-47a1980aeaec,Heuristic1,92,4,1
bab27fc1-664d-4825-ad9d-e1e66fd6307b,48,df879746-c587-4080-a0d9-6bda7cac2286,MCTS1,46,6,1
bab27fc1-664d-4825-ad9d-e1e66fd6307b,48,ebe60335-cc8e-4a9d-9a11-685bd81f59e0,MCTS Heuristic 1,79,5,1
bab27fc1-664d-4825-ad9d-e1e66fd6307b,48,77937401-cdd1-4e8d-81f7-786b86462bc1,MCTS Heuristic 2,86,5,1
bab27fc1-664d-4825-ad9d-e1e66fd6307b,48,728bb9fe-eb9c-43bf-896f-47a1980aeaec,Heuristic1,92,4,1
bab27fc1-664d-4825-ad9d-e1e66fd6307b,48,df879746-c587-4080-a0d9-6bda7cac2286,MCTS1,46,6,1
bab27fc1-664d-4825-ad9d-e1e66fd6307b,48,ebe60335-cc8e-4a9d-9a11-685bd81f59e0,MCTS Heuristic 1,79,5,1
bab27fc1-664d-4825-ad9d-e1e66fd6307b,48,77937401-cdd1-4e8d-81f7-786b86462bc1,MCTS Heuristic 2,86,5,1
bab27fc1-664d-4825-ad9d-e1e66fd6307b,48,728bb9fe-eb9c-43bf-896f-47a1980aeaec,Heuristic1,92,4,1
bab27fc1-664d-4825-ad9d-e1e66fd6307b,48,df879746-c587-4080-a0d9-6bda7cac2286,MCTS1,46,6,1
bab27fc1-664d-4825-ad9d-e1e66fd6307b,49,ebe60335-cc8e-4a9d-9a11-685bd81f59e0,MCTS Heuristic 1,78,5,1
bab27fc1-664d-4825-ad9d-e1e66fd6307b,49,77937401-cdd1-4e8d-81f7-786b86462bc1,MCTS Heuristic 2,85,5,1
bab27fc1-664d-4825-ad9d-e1e66fd6307b,49,728bb9fe-eb9c-43bf-896f-47a1980aeaec,Heuristic1,91,4,1
bab27fc1-664d-4825-ad9d-e1e66fd6307b,49,df879746-c587-4080-a0d9-6bda7cac2286,MCTS1,100,7,1
bab27fc1-664d-4825-ad9d-e1e66fd6307b,49,ebe60335-cc8e-4a9d-9a11-685bd81f59e0,MCTS Heuristic 1,78,5,1
bab27fc1-664d-4825-ad9d-e1e66fd6307b,49,77937401-cdd1-4e8d-81f7-786b86462bc1,MCTS Heuristic 2,85,5,1
bab27fc1-664d-4825-ad9d-e1e66fd6307b,49,728bb9fe-eb9c-43bf-896f-47a1980aeaec,Heuristic1,91,4,1
bab27fc1-664d-4825-ad9d-e1e66fd6307b,49,df879746-c587-4080-a0d9-6bda7cac2286,MCTS1,100,7,1
bab27fc1-664d-4825-ad9d-e1e66fd6307b,49,ebe60335-cc8e-4a9d-9a11-685bd81f59e0,MCTS Heuristic 1,78,5,1
bab27fc1-664d-4825-ad9d-e1e66fd6307b,49,77937401-cdd1-4e8d-81f7-786b86462bc1,MCTS Heuristic 2,85,5,1
bab27fc1-664d-4825-ad9d-e1e66fd6307b,49,728bb9fe-eb9c-43bf-896f-47a1980aeaec,Heuristic1,91,4,1
bab27fc1-664d-4825-ad9d-e1e66fd6307b,49,df879746-c587-4080-a0d9-6bda7cac2286,MCTS1,100,7,1
bab27fc1-664d-4825-ad9d-e1e66fd6307b,49,ebe60335-cc8e-4a9d-9a11-685bd81f59e0,MCTS Heuristic 1,78,5,1
bab27fc1-664d-4825-ad9d-e1e66fd6307b,49,77937401-cdd1-4e8d-81f7-786b86462bc1,MCTS Heuristic 2,85,5,1
bab27fc1-664d-4825-ad9d-e1e66fd6307b,49,728bb9fe-eb9c-43bf-896f-47a1980aeaec,Heuristic1,91,4,1
bab27fc1-664d-4825-ad9d-e1e66fd6307b,49,df879746-c587-4080-a0d9-6bda7cac2286,MCTS1,100,7,1
bab27fc1-664d-4825-ad9d-e1e66fd6307b,50,ebe60335-cc8e-4a9d-9a11-685bd81f59e0,MCTS Heuristic 1,77,5,1
bab27fc1-664d-4825-ad9d-e1e66fd6307b,50,77937401-cdd1-4e8d-81f7-786b86462bc1,MCTS Heuristic 2,84,5,1
bab27fc1-664d-4825-ad9d-e1e66fd6307b,50,728bb9fe-eb9c-43bf-896f-47a1980aeaec,Heuristic1,90,4,1
bab27fc1-664d-4825-ad9d-e1e66fd6307b,50,df879746-c587-4080-a0d9-6bda7cac2286,MCTS1,99,7,1
bab27fc1-664d-4825-ad9d-e1e66fd6307b,50,ebe60335-cc8e-4a9d-9a11-685bd81f59e0,MCTS Heuristic 1,77,5,1
bab27fc1-664d-4825-ad9d-e1e66fd6307b,50,77937401-cdd1-4e8d-81f7-786b86462bc1,MCTS Heuristic 2,84,5,1
bab27fc1-664d-4825-ad9d-e1e66fd6307b,50,728bb9fe-eb9c-43bf-896f-47a1980aeaec,Heuristic1,90,4,1
bab27fc1-664d-4825-ad9d-e1e66fd6307b,50,df879746-c587-4080-a0d9-6bda7cac2286,MCTS1,99,7,1
bab27fc1-664d-4825-ad9d-e1e66fd6307b,50,ebe60335-cc8e-4a9d-9a11-685bd81f59e0,MCTS Heuristic 1,77,5,1
bab27fc1-664d-4825-ad9d-e1e66fd6307b,50,77937401-cdd1-4e8d-81f7-786b86462bc1,MCTS Heuristic 2,84,5,1
bab27fc1-664d-4825-ad9d-e1e66fd6307b,50,728bb9fe-eb9c-43bf-896f-47a1980aeaec,Heuristic1,90,4,1
bab27fc1-664d-4825-ad9d-e1e66fd6307b,50,df879746-c587-4080-a0d9-6bda7cac2286,MCTS1,99,7,1
bab27fc1-664d-4825-ad9d-e1e66fd6307b,50,ebe60335-cc8e-4a9d-9a11-685bd81f59e0,MCTS Heuristic 1,77,5,1
bab27fc1-664d-4825-ad9d-e1e66fd6307b,50,77937401-cdd1-4e8d-81f7-786b86462bc1,MCTS Heuristic 2,84,5,1
bab27fc1-664d-4825-ad9d-e1e66fd6307b,50,728bb9fe-eb9c-43bf-896f-47a1980aeaec,Heuristic1,90,4,1
bab27fc1-664d-4825-ad9d-e1e66fd6307b,50,df879746-c587-4080-a0d9-6bda7cac2286,MCTS1,99,7,1
bab27fc1-664d-4825-ad9d-e1e66fd6307b,51,ebe60335-cc8e-4a9d-9a11-685bd81f59e0,MCTS Heuristic 1,76,5,1
bab27fc1-664d-4825-ad9d-e1e66fd6307b,51,77937401-cdd1-4e8d-81f7-786b86462bc1,MCTS Heuristic 2,83,5,1
bab27fc1-664d-4825-ad9d-e1e66fd6307b,51,728bb9fe-eb9c-43bf-896f-47a1980aeaec,Heuristic1,89,4,1
bab27fc1-664d-4825-ad9d-e1e66fd6307b,51,df879746-c587-4080-a0d9-6bda7cac2286,MCTS1,98,7,1
bab27fc1-664d-4825-ad9d-e1e66fd6307b,51,ebe60335-cc8e-4a9d-9a11-685bd81f59e0,MCTS Heuristic 1,76,5,1
bab27fc1-664d-4825-ad9d-e1e66fd6307b,51,77937401-cdd1-4e8d-81f7-786b86462bc1,MCTS Heuristic 2,83,5,1
bab27fc1-664d-4825-ad9d-e1e66fd6307b,51,728bb9fe-eb9c-43bf-896f-47a1980aeaec,Heuristic1,89,4,1
bab27fc1-664d-4825-ad9d-e1e66fd6307b,51,df879746-c587-4080-a0d9-6bda7cac2286,MCTS1,98,7,1
bab27fc1-664d-4825-ad9d-e1e66fd6307b,51,ebe60335-cc8e-4a9d-9a11-685bd81f59e0,MCTS Heuristic 1,76,5,1
bab27fc1-664d-4825-ad9d-e1e66fd6307b,51,77937401-cdd1-4e8d-81f7-786b86462bc1,MCTS Heuristic 2,83,5,1
bab27fc1-664d-4825-ad9d-e1e66fd6307b,51,728bb9fe-eb9c-43bf-896f-47a1980aeaec,Heuristic1,89,4,1
bab27fc1-664d-4825-ad9d-e1e66fd6307b,51,df879746-c587-4080-a0d9-6bda7cac2286,MCTS1,98,7,1
bab27fc1-664d-4825-ad9d-e1e66fd6307b,51,ebe60335-cc8e-4a9d-9a11-685bd81f59e0,MCTS Heuristic 1,76,5,1
bab27fc1-664d-4825-ad9d-e1e66fd6307b,51,77937401-cdd1-4e8d-81f7-786b86462bc1,MCTS Heuristic 2,83,5,1
bab27fc1-664d-4825-ad9d-e1e66fd6307b,51,728bb9fe-eb9c-43bf-896f-47a1980aeaec,Heuristic1,89,4,1
bab27fc1-664d-4825-ad9d-e1e66fd6307b,51,df879746-c587-4080-a0d9-6bda7cac2286,MCTS1,98,7,1
bab27fc1-664d-4825-ad9d-e1e66fd6307b,52,ebe60335-cc8e-4a9d-9a11-685bd81f59e0,MCTS Heuristic 1,75,5,1
bab27fc1-664d-4825-ad9d-e1e66fd6307b,52,77937401-cdd1-4e8d-81f7-786b86462bc1,MCTS Heuristic 2,82,5,1
bab27fc1-664d-4825-ad9d-e1e66fd6307b,52,728bb9fe-eb9c-43bf-896f-47a1980aeaec,Heuristic1,60,4,1
bab27fc1-664d-4825-ad9d-e1e66fd6307b,52,df879746-c587-4080-a0d9-6bda7cac2286,MCTS1,69,7,1
bab27fc1-664d-4825-ad9d-e1e66fd6307b,52,ebe60335-cc8e-4a9d-9a11-685bd81f59e0,MCTS Heuristic 1,75,5,1
bab27fc1-664d-4825-ad9d-e1e66fd6307b,52,77937401-cdd1-4e8d-81f7-786b86462bc1,MCTS Heuristic 2,82,5,1
bab27fc1-664d-4825-ad9d-e1e66fd6307b,52,728bb9fe-eb9c-43bf-896f-47a1980aeaec,Heuristic1,60,4,1
bab27fc1-664d-4825-ad9d-e1e66fd6307b,52,df879746-c587-4080-a0d9-6bda7cac2286,MCTS1,69,7,1
bab27fc1-664d-4825-ad9d-e1e66fd6307b,52,ebe60335-cc8e-4a9d-9a11-685bd81f59e0,MCTS Heuristic 1,75,5,1
bab27fc1-664d-4825-ad9d-e1e66fd6307b,52,77937401-cdd1-4e8d-81f7-786b86462bc1,MCTS Heuristic 2,82,5,1
bab27fc1-664d-4825-ad9d-e1e66fd6307b,52,728bb9fe-eb9c-43bf-896f-47a1980aeaec,Heuristic1,60,4,1
bab27fc1-664d-4825-ad9d-e1e66fd6307b,52,df879746-c587-4080-a0d9-6bda7cac2286,MCTS1,69,7,1
bab27fc1-664d-4825-ad9d-e1e66fd6307b,52,ebe60335-cc8e-4a9d-9a11-685bd81f59e0,MCTS Heuristic 1,75,5,1
bab27fc1-664d-4825-ad9d-e1e66fd6307b,52,77937401-cdd1-4e8d-81f7-786b86462bc1,MCTS Heuristic 2,82,5,1
bab27fc1-664d-4825-ad9d-e1e66fd6307b,52,728bb9fe-eb9c-43bf-896f-47a1980aeaec,Heuristic1,60,4,1
bab27fc1-664d-4825-ad9d-e1e66fd6307b,52,df879746-c587-4080-a0d9-6bda7cac2286,MCTS1,69,7,1
bab27fc1-664d-4825-ad9d-e1e66fd6307b,53,ebe60335-cc8e-4a9d-9a11-685bd81f59e0,MCTS Heuristic 1,74,5,1
bab27fc1-664d-4825-ad9d-e1e66fd6307b,53,77937401-cdd1-4e8d-81f7-786b86462bc1,MCTS Heuristic 2,81,5,1
bab27fc1-664d-4825-ad9d-e1e66fd6307b,53,728bb9fe-eb9c-43bf-896f-47a1980aeaec,Heuristic1,59,4,1
bab27fc1-664d-4825-ad9d-e1e66fd6307b,53,df879746-c587-4080-a0d9-6bda7cac2286,MCTS1,68,7,1
bab27fc1-664d-4825-ad9d-e1e66fd6307b,53,ebe60335-cc8e-4a9d-9a11-685bd81f59e0,MCTS Heuristic 1,74,5,1
bab27fc1-664d-4825-ad9d-e1e66fd6307b,53,77937401-cdd1-4e8d-81f7-786b86462bc1,MCTS Heuristic 2,81,5,1
bab27fc1-664d-4825-ad9d-e1e66fd6307b,53,728bb9fe-eb9c-43bf-896f-47a1980aeaec,Heuristic1,59,4,1
bab27fc1-664d-4825-ad9d-e1e66fd6307b,53,df879746-c587-4080-a0d9-6bda7cac2286,MCTS1,68,7,1
bab27fc1-664d-4825-ad9d-e1e66fd6307b,53,ebe60335-cc8e-4a9d-9a11-685bd81f59e0,MCTS Heuristic 1,74,5,1
bab27fc1-664d-4825-ad9d-e1e66fd6307b,53,77937401-cdd1-4e8d-81f7-786b86462bc1,MCTS Heuristic 2,81,5,1
bab27fc1-664d-4825-ad9d-e1e66fd6307b,53,728bb9fe-eb9c-43bf-896f-47a1980aeaec,Heuristic1,59,4,1
bab27fc1-664d-4825-ad9d-e1e66fd6307b,53,df879746-c587-4080-a0d9-6bda7cac2286,MCTS1,68,7,1
bab27fc1-664d-4825-ad9d-e1e66fd6307b,53,ebe60335-cc8e-4a9d-9a11-685bd81f59e0,MCTS Heuristic 1,74,5,1
bab27fc1-664d-4825-ad9d-e1e66fd6307b,53,77937401-cdd1-4e8d-81f7-786b86462bc1,MCTS Heuristic 2,81,5,1
bab27fc1-664d-4825-ad9d-e1e66fd6307b,53,728bb9fe-eb9c-43bf-896f-47a1980aeaec,Heuristic1,59,4,1
bab27fc1-664d-4825-ad9d-e1e66fd6307b,53,df879746-c587-4080-a0d9-6bda7cac2286,MCTS1,68,7,1
bab27fc1-664d-4825-ad9d-e1e66fd6307b,54,ebe60335-cc8e-4a9d-9a11-685bd81f59e0,MCTS Heuristic 1,45,5,1
bab27fc1-664d-4825-ad9d-e1e66fd6307b,54,77937401-cdd1-4e8d-81f7-786b86462bc1,MCTS Heuristic 2,80,5,1
bab27fc1-664d-4825-ad9d-e1e66fd6307b,54,728bb9fe-eb9c-43bf-896f-47a1980aeaec,Heuristic1,58,4,1
bab27fc1-664d-4825-ad9d-e1e66fd6307b,54,df879746-c587-4080-a0d9-6bda7cac2286,MCTS1,67,7,1
bab27fc1-664d-4825-ad9d-e1e66fd6307b,54,ebe60335-cc8e-4a9d-9a11-685bd81f59e0,MCTS Heuristic 1,45,5,1
bab27fc1-664d-4825-ad9d-e1e66fd6307b,54,77937401-cdd1-4e8d-81f7-786b86462bc1,MCTS Heuristic 2,80,5,1
bab27fc1-664d-4825-ad9d-e1e66fd6307b,54,728bb9fe-eb9c-43bf-896f-47a1980aeaec,Heuristic1,58,4,1
bab27fc1-664d-4825-ad9d-e1e66fd6307b,54,df879746-c587-4080-a0d9-6bda7cac2286,MCTS1,67,7,1
bab27fc1-664d-4825-ad9d-e1e66fd6307b,54,ebe60335-cc8e-4a9d-9a11-685bd81f59e0,MCTS Heuristic 1,45,5,1
bab27fc1-664d-4825-ad9d-e1e66fd6307b,54,77937401-cdd1-4e8d-81f7-786b86462bc1,MCTS Heuristic 2,80,5,1
bab27fc1-664d-4825-ad9d-e1e66fd6307b,54,728bb9fe-eb9c-43bf-896f-47a1980aeaec,Heuristic1,58,4,1
bab27fc1-664d-4825-ad9d-e1e66fd6307b,54,df879746-c587-4080-a0d9-6bda7cac2286,MCTS1,67,7,1
bab27fc1-664d-4825-ad9d-e1e66fd6307b,54,ebe60335-cc8e-4a9d-9a11-685bd81f59e0,MCTS Heuristic 1,45,5,1
bab27fc1-664d-4825-ad9d-e1e66fd6307b,54,77937401-cdd1-4e8d-81f7-786b86462bc1,MCTS Heuristic 2,80,5,1
bab27fc1-664d-4825-ad9d-e1e66fd6307b,54,728bb9fe-eb9c-43bf-896f-47a1980aeaec,Heuristic1,58,4,1
bab27fc1-664d-4825-ad9d-e1e66fd6307b,54,df879746-c587-4080-a0d9-6bda7cac2286,MCTS1,67,7,1
bab27fc1-664d-4825-ad9d-e1e66fd6307b,55,ebe60335-cc8e-4a9d-9a11-685bd81f59e0,MCTS Heuristic 1,44,5,1
bab27fc1-664d-4825-ad9d-e1e66fd6307b,55,77937401-cdd1-4e8d-81f7-786b86462bc1,MCTS Heuristic 2,79,5,1
bab27fc1-664d-4825-ad9d-e1e66fd6307b,55,728bb9fe-eb9c-43bf-896f-47a1980aeaec,Heuristic1,57,4,1
bab27fc1-664d-4825-ad9d-e1e66fd6307b,55,df879746-c587-4080-a0d9-6bda7cac2286,MCTS1,66,7,1
bab27fc1-664d-4825-ad9d-e1e66fd6307b,55,ebe60335-cc8e-4a9d-9a11-685bd81f59e0,MCTS Heuristic 1,44,5,1
bab27fc1-664d-4825-ad9d-e1e66fd6307b,55,77937401-cdd1-4e8d-81f7-786b86462bc1,MCTS Heuristic 2,79,5,1
bab27fc1-664d-4825-ad9d-e1e66fd6307b,55,728bb9fe-eb9c-43bf-896f-47a1980aeaec,Heuristic1,57,4,1
bab27fc1-664d-4825-ad9d-e1e66fd6307b,55,df879746-c587-4080-a0d9-6bda7cac2286,MCTS1,66,7,1
bab27fc1-664d-4825-ad9d-e1e66fd6307b,55,ebe60335-cc8e-4a9d-9a11-685bd81f59e0,MCTS Heuristic 1,44,5,1
bab27fc1-664d-4825-ad9d-e1e66fd6307b,55,77937401-cdd1-4e8d-81f7-786b86462bc1,MCTS Heuristic 2,79,5,1
bab27fc1-664d-4825-ad9d-e1e66fd6307b,55,728bb9fe-eb9c-43bf-896f-47a1980aeaec,Heuristic1,57,4,1
bab27fc1-664d-4825-ad9d-e1e66fd6307b,55,df879746-c587-4080-a0d9-6bda7cac2286,MCTS1,66,7,1
bab27fc1-664d-4825-ad9d-e1e66fd6307b,55,ebe60335-cc8e-4a9d-9a11-685bd81f59e0,MCTS Heuristic 1,44,5,1
bab27fc1-664d-4825-ad9d-e1e66fd6307b,55,77937401-cdd1-4e8d-81f7-786b86462bc1,MCTS Heuristic 2,79,5,1
bab27fc1-664d-4825-ad9d-e1e66fd6307b,55,728bb9fe-eb9c-43bf-896f-47a1980aeaec,Heuristic1,57,4,1
bab27fc1-664d-4825-ad9d-e1e66fd6307b,55,df879746-c587-4080-a0d9-6bda7cac2286,MCTS1,66,7,1
bab27fc1-664d-4825-ad9d-e1e66fd6307b,56,ebe60335-cc8e-4a9d-9a11-685bd81f59e0,MCTS Heuristic 1,43,5,1
bab27fc1-664d-4825-ad9d-e1e66fd6307b,56,77937401-cdd1-4e8d-81f7-786b86462bc1,MCTS Heuristic 2,78,5,1
bab27fc1-664d-4825-ad9d-e1e66fd6307b,56,728bb9fe-eb9c-43bf-896f-47a1980aeaec,Heuristic1,56,4,1
bab27fc1-664d-4825-ad9d-e1e66fd6307b,56,df879746-c587-4080-a0d9-6bda7cac2286,MCTS1,37,7,1
bab27fc1-664d-4825-ad9d-e1e66fd6307b,56,ebe60335-cc8e-4a9d-9a11-685bd81f59e0,MCTS Heuristic 1,43,5,1
bab27fc1-664d-4825-ad9d-e1e66fd6307b,56,77937401-cdd1-4e8d-81f7-786b86462bc1,MCTS Heuristic 2,78,5,1
bab27fc1-664d-4825-ad9d-e1e66fd6307b,56,728bb9fe-eb9c-43bf-896f-47a1980aeaec,Heuristic1,56,4,1
bab27fc1-664d-4825-ad9d-e1e66fd6307b,56,df879746-c587-4080-a0d9-6bda7cac2286,MCTS1,37,7,1
bab27fc1-664d-4825-ad9d-e1e66fd6307b,56,ebe60335-cc8e-4a9d-9a11-685bd81f59e0,MCTS Heuristic 1,43,5,1
bab27fc1-664d-4825-ad9d-e1e66fd6307b,56,77937401-cdd1-4e8d-81f7-786b86462bc1,MCTS Heuristic 2,78,5,1
bab27fc1-664d-4825-ad9d-e1e66fd6307b,56,728bb9fe-eb9c-43bf-896f-47a1980aeaec,Heuristic1,56,4,1
bab27fc1-664d-4825-ad9d-e1e66fd6307b,56,df879746-c587-4080-a0d9-6bda7cac2286,MCTS1,37,7,1
bab27fc1-664d-4825-ad9d-e1e66fd6307b,56,ebe60335-cc8e-4a9d-9a11-685bd81f59e0,MCTS Heuristic 1,43,5,1
bab27fc1-664d-4825-ad9d-e1e66fd6307b,56,77937401-cdd1-4e8d-81f7-786b86462bc1,MCTS Heuristic 2,78,5,1
bab27fc1-664d-4825-ad9d-e1e66fd6307b,56,728bb9fe-eb9c-43bf-896f-47a1980aeaec,Heuristic1,56,4,1
bab27fc1-664d-4825-ad9d-e1e66fd6307b,56,df879746-c587-4080-a0d9-6bda7cac2286,MCTS1,37,7,1
bab27fc1-664d-4825-ad9d-e1e66fd6307b,57,ebe60335-cc8e-4a9d-9a11-685bd81f59e0,MCTS Heuristic 1,42,5,1
bab27fc1-664d-4825-ad9d-e1e66fd6307b,57,77937401-cdd1-4e8d-81f7-786b86462bc1,MCTS Heuristic 2,77,5,1
bab27fc1-664d-4825-ad9d-e1e66fd6307b,57,728bb9fe-eb9c-43bf-896f-47a1980aeaec,Heuristic1,55,4,1
bab27fc1-664d-4825-ad9d-e1e66fd6307b,57,df879746-c587-4080-a0d9-6bda7cac2286,MCTS1,36,7,1
bab27fc1-664d-4825-ad9d-e1e66fd6307b,57,ebe60335-cc8e-4a9d-9a11-685bd81f59e0,MCTS Heuristic 1,42,5,1
bab27fc1-664d-4825-ad9d-e1e66fd6307b,57,77937401-cdd1-4e8d-81f7-786b86462bc1,MCTS Heuristic 2,77,5,1
bab27fc1-664d-4825-ad9d-e1e66fd6307b,57,728bb9fe-eb9c-43bf-896f-47a1980aeaec,Heuristic1,55,4,1
bab27fc1-664d-4825-ad9d-e1e66fd6307b,57,df879746-c587-4080-a0d9-6bda7cac2286,MCTS1,36,7,1
bab27fc1-664d-4825-ad9d-e1e66fd6307b,57,ebe60335-cc8e-4a9d-9a11-685bd81f59e0,MCTS Heuristic 1,42,5,1
bab27fc1-664d-4825-ad9d-e1e66fd6307b,57,77937401-cdd1-4e8d-81f7-786b86462bc1,MCTS Heuristic 2,77,5,1
bab27fc1-664d-4825-ad9d-e1e66fd6307b,57,728bb9fe-eb9c-43bf-896f-47a1980aeaec,Heuristic1,55,4,1
bab27fc1-664d-4825-ad9d-e1e66fd6307b,57,df879746-c587-4080-a0d9-6bda7cac2286,MCTS1,36,7,1
bab27fc1-664d-4825-ad9d-e1e66fd6307b,57,ebe60335-cc8e-4a9d-9a11-685bd81f59e0,MCTS Heuristic 1,42,5,1
bab27fc1-664d-4825-ad9d-e1e66fd6307b,57,77937401-cdd1-4e8d-81f7-786b86462bc1,MCTS Heuristic 2,77,5,1
bab27fc1-664d-4825-ad9d-e1e66fd6307b,57,728bb9fe-eb9c-43bf-896f-47a1980aeaec,Heuristic1,55,4,1
bab27fc1-664d-4825-ad9d-e1e66fd6307b,57,df879746-c587-4080-a0d9-6bda7cac2286,MCTS1,36,7,1
bab27fc1-664d-4825-ad9d-e1e66fd6307b,58,ebe60335-cc8e-4a9d-9a11-685bd81f59e0,MCTS Heuristic 1,41,5,1
bab27fc1-664d-4825-ad9d-e1e66fd6307b,58,77937401-cdd1-4e8d-81f7-786b86462bc1,MCTS Heuristic 2,76,5,1
bab27fc1-664d-4825-ad9d-e1e66fd6307b,58,728bb9fe-eb9c-43bf-896f-47a1980aeaec,Heuristic1,26,4,1
bab27fc1-664d-4825-ad9d-e1e66fd6307b,58,df879746-c587-4080-a0d9-6bda7cac2286,MCTS1,7,7,1
bab27fc1-664d-4825-ad9d-e1e66fd6307b,58,ebe60335-cc8e-4a9d-9a11-685bd81f59e0,MCTS Heuristic 1,41,5,1
bab27fc1-664d-4825-ad9d-e1e66fd6307b,58,77937401-cdd1-4e8d-81f7-786b86462bc1,MCTS Heuristic 2,76,5,1
bab27fc1-664d-4825-ad9d-e1e66fd6307b,58,728bb9fe-eb9c-43bf-896f-47a1980aeaec,Heuristic1,26,4,1
bab27fc1-664d-4825-ad9d-e1e66fd6307b,58,df879746-c587-4080-a0d9-6bda7cac2286,MCTS1,7,7,1
bab27fc1-664d-4825-ad9d-e1e66fd6307b,58,ebe60335-cc8e-4a9d-9a11-685bd81f59e0,MCTS Heuristic 1,41,5,1
bab27fc1-664d-4825-ad9d-e1e66fd6307b,58,77937401-cdd1-4e8d-81f7-786b86462bc1,MCTS Heuristic 2,76,5,1
bab27fc1-664d-4825-ad9d-e1e66fd6307b,58,728bb9fe-eb9c-43bf-896f-47a1980aeaec,Heuristic1,26,4,1
bab27fc1-664d-4825-ad9d-e1e66fd6307b,58,df879746-c587-4080-a0d9-6bda7cac2286,MCTS1,7,7,1
bab27fc1-664d-4825-ad9d-e1e66fd6307b,58,ebe60335-cc8e-4a9d-9a11-685bd81f59e0,MCTS Heuristic 1,41,5,1
bab27fc1-664d-4825-ad9d-e1e66fd6307b,58,77937401-cdd1-4e8d-81f7-786b86462bc1,MCTS Heuristic 2,76,5,1
bab27fc1-664d-4825-ad9d-e1e66fd6307b,58,728bb9fe-eb9c-43bf-896f-47a1980aeaec,Heuristic1,26,4,1
bab27fc1-664d-4825-ad9d-e1e66fd6307b,58,df879746-c587-4080-a0d9-6bda7cac2286,MCTS1,7,7,1
bab27fc1-664d-4825-ad9d-e1e66fd6307b,59,ebe60335-cc8e-4a9d-9a11-685bd81f59e0,MCTS Heuristic 1,40,5,1
bab27fc1-664d-4825-ad9d-e1e66fd6307b,59,77937401-cdd1-4e8d-81f7-786b86462bc1,MCTS Heuristic 2,75,5,1
bab27fc1-664d-4825-ad9d-e1e66fd6307b,59,728bb9fe-eb9c-43bf-896f-47a1980aeaec,Heuristic1,25,4,1
bab27fc1-664d-4825-ad9d-e1e66fd6307b,59,df879746-c587-4080-a0d9-6bda7cac2286,MCTS1,6,7,1
bab27fc1-664d-4825-ad9d-e1e66fd6307b,59,ebe60335-cc8e-4a9d-9a11-685bd81f59e0,MCTS Heuristic 1,40,5,1
bab27fc1-664d-4825-ad9d-e1e66fd6307b,59,77937401-cdd1-4e8d-81f7-786b86462bc1,MCTS Heuristic 2,75,5,1
bab27fc1-664d-4825-ad9d-e1e66fd6307b,59,728bb9fe-eb9c-43bf-896f-47a1980aeaec,Heuristic1,25,4,1
bab27fc1-664d-4825-ad9d-e1e66fd6307b,59,df879746-c587-4080-a0d9-6bda7cac2286,MCTS1,6,7,1
bab27fc1-664d-4825-ad9d-e1e66fd6307b,59,ebe60335-cc8e-4a9d-9a11-685bd81f59e0,MCTS Heuristic 1,40,5,1
bab27fc1-664d-4825-ad9d-e1e66fd6307b,59,77937401-cdd1-4e8d-81f7-786b86462bc1,MCTS Heuristic 2,75,5,1
bab27fc1-664d-4825-ad9d-e1e66fd6307b,59,728bb9fe-eb9c-43bf-896f-47a1980aeaec,Heuristic1,25,4,1
bab27fc1-664d-4825-ad9d-e1e66fd6307b,59,df879746-c587-4080-a0d9-6bda7cac2286,MCTS1,6,7,1
bab27fc1-664d-4825-ad9d-e1e66fd6307b,59,ebe60335-cc8e-4a9d-9a11-685bd81f59e0,MCTS Heuristic 1,40,5,1
bab27fc1-664d-4825-ad9d-e1e66fd6307b,59,77937401-cdd1-4e8d-81f7-786b86462bc1,MCTS Heuristic 2,75,5,1
bab27fc1-664d-4825-ad9d-e1e66fd6307b,59,728bb9fe-eb9c-43bf-896f-47a1980aeaec,Heuristic1,25,4,1
bab27fc1-664d-4825-ad9d-e1e66fd6307b,59,df879746-c587-4080-a0d9-6bda7cac2286,MCTS1,6,7,1
bab27fc1-664d-4825-ad9d-e1e66fd6307b,60,ebe60335-cc8e-4a9d-9a11-685bd81f59e0,MCTS Heuristic 1,11,5,1
bab27fc1-664d-4825-ad9d-e1e66fd6307b,60,77937401-cdd1-4e8d-81f7-786b86462bc1,MCTS Heuristic 2,46,5,1
bab27fc1-664d-4825-ad9d-e1e66fd6307b,60,728bb9fe-eb9c-43bf-896f-47a1980aeaec,Heuristic1,24,4,1
bab27fc1-664d-4825-ad9d-e1e66fd6307b,60,df879746-c587-4080-a0d9-6bda7cac2286,MCTS1,5,7,1
bab27fc1-664d-4825-ad9d-e1e66fd6307b,60,ebe60335-cc8e-4a9d-9a11-685bd81f59e0,MCTS Heuristic 1,11,5,1
bab27fc1-664d-4825-ad9d-e1e66fd6307b,60,77937401-cdd1-4e8d-81f7-786b86462bc1,MCTS Heuristic 2,46,5,1
bab27fc1-664d-4825-ad9d-e1e66fd6307b,60,728bb9fe-eb9c-43bf-896f-47a1980aeaec,Heuristic1,24,4,1
bab27fc1-664d-4825-ad9d-e1e66fd6307b,60,df879746-c587-4080-a0d9-6bda7cac2286,MCTS1,5,7,1
bab27fc1-664d-4825-ad9d-e1e66fd6307b,60,ebe60335-cc8e-4a9d-9a11-685bd81f59e0,MCTS Heuristic 1,11,5,1
bab27fc1-664d-4825-ad9d-e1e66fd6307b,60,77937401-cdd1-4e8d-81f7-786b86462bc1,MCTS Heuristic 2,46,5,1
bab27fc1-664d-4825-ad9d-e1e66fd6307b,60,728bb9fe-eb9c-43bf-896f-47a1980aeaec,Heuristic1,24,4,1
bab27fc1-664d-4825-ad9d-e1e66fd6307b,60,df879746-c587-4080-a0d9-6bda7cac2286,MCTS1,5,7,1
bab27fc1-664d-4825-ad9d-e1e66fd6307b,60,ebe60335-cc8e-4a9d-9a11-685bd81f59e0,MCTS Heuristic 1,11,5,1
bab27fc1-664d-4825-ad9d-e1e66fd6307b,60,77937401-cdd1-4e8d-81f7-786b86462bc1,MCTS Heuristic 2,46,5,1
bab27fc1-664d-4825-ad9d-e1e66fd6307b,60,728bb9fe-eb9c-43bf-896f-47a1980aeaec,Heuristic1,24,4,1
bab27fc1-664d-4825-ad9d-e1e66fd6307b,60,df879746-c587-4080-a0d9-6bda7cac2286,MCTS1,5,7,1
bab27fc1-664d-4825-ad9d-e1e66fd6307b,61,ebe60335-cc8e-4a9d-9a11-685bd81f59e0,MCTS Heuristic 1,10,5,1
bab27fc1-664d-4825-ad9d-e1e66fd6307b,61,77937401-cdd1-4e8d-81f7-786b86462bc1,MCTS Heuristic 2,45,5,1
bab27fc1-664d-4825-ad9d-e1e66fd6307b,61,728bb9fe-eb9c-43bf-896f-47a1980aeaec,Heuristic1,100,5,1
bab27fc1-664d-4825-ad9d-e1e66fd6307b,61,df879746-c587-4080-a0d9-6bda7cac2286,MCTS1,4,7,1
bab27fc1-664d-4825-ad9d-e1e66fd6307b,61,ebe60335-cc8e-4a9d-9a11-685bd81f59e0,MCTS Heuristic 1,10,5,1
bab27fc1-664d-4825-ad9d-e1e66fd6307b,61,77937401-cdd1-4e8d-81f7-786b86462bc1,MCTS Heuristic 2,45,5,1
bab27fc1-664d-4825-ad9d-e1e66fd6307b,61,728bb9fe-eb9c-43bf-896f-47a1980aeaec,Heuristic1,100,5,1
bab27fc1-664d-4825-ad9d-e1e66fd6307b,61,df879746-c587-4080-a0d9-6bda7cac2286,MCTS1,4,7,1
bab27fc1-664d-4825-ad9d-e1e66fd6307b,61,ebe60335-cc8e-4a9d-9a11-685bd81f59e0,MCTS Heuristic 1,10,5,1
bab27fc1-664d-4825-ad9d-e1e66fd6307b,61,77937401-cdd1-4e8d-81f7-786b86462bc1,MCTS Heuristic 2,45,5,1
bab27fc1-664d-4825-ad9d-e1e66fd6307b,61,728bb9fe-eb9c-43bf-896f-47a1980aeaec,Heuristic1,100,5,1
bab27fc1-664d-4825-ad9d-e1e66fd6307b,61,df879746-c587-4080-a0d9-6bda7cac2286,MCTS1,4,7,1
bab27fc1-664d-4825-ad9d-e1e66fd6307b,61,ebe60335-cc8e-4a9d-9a11-685bd81f59e0,MCTS Heuristic 1,10,5,1
bab27fc1-664d-4825-ad9d-e1e66fd6307b,61,77937401-cdd1-4e8d-81f7-786b86462bc1,MCTS Heuristic 2,45,5,1
bab27fc1-664d-4825-ad9d-e1e66fd6307b,61,728bb9fe-eb9c-43bf-896f-47a1980aeaec,Heuristic1,100,5,1
bab27fc1-664d-4825-ad9d-e1e66fd6307b,61,df879746-c587-4080-a0d9-6bda7cac2286,MCTS1,4,7,1
bab27fc1-664d-4825-ad9d-e1e66fd6307b,62,ebe60335-cc8e-4a9d-9a11-685bd81f59e0,MCTS Heuristic 1,9,5,1
bab27fc1-664d-4825-ad9d-e1e66fd6307b,62,77937401-cdd1-4e8d-81f7-786b86462bc1,MCTS Heuristic 2,16,5,1
bab27fc1-664d-4825-ad9d-e1e66fd6307b,62,728bb9fe-eb9c-43bf-896f-47a1980aeaec,Heuristic1,99,5,1
bab27fc1-664d-4825-ad9d-e1e66fd6307b,62,df879746-c587-4080-a0d9-6bda7cac2286,MCTS1,100,8,1
bab27fc1-664d-4825-ad9d-e1e66fd6307b,62,ebe60335-cc8e-4a9d-9a11-685bd81f59e0,MCTS Heuristic 1,9,5,1
bab27fc1-664d-4825-ad9d-e1e66fd6307b,62,77937401-cdd1-4e8d-81f7-786b86462bc1,MCTS Heuristic 2,16,5,1
bab27fc1-664d-4825-ad9d-e1e66fd6307b,62,728bb9fe-eb9c-43bf-896f-47a1980aeaec,Heuristic1,99,5,1
bab27fc1-664d-4825-ad9d-e1e66fd6307b,62,df879746-c587-4080-a0d9-6bda7cac2286,MCTS1,100,8,1
bab27fc1-664d-4825-ad9d-e1e66fd6307b,62,ebe60335-cc8e-4a9d-9a11-685bd81f59e0,MCTS Heuristic 1,9,5,1
bab27fc1-664d-4825-ad9d-e1e66fd6307b,62,77937401-cdd1-4e8d-81f7-786b86462bc1,MCTS Heuristic 2,16,5,1
bab27fc1-664d-4825-ad9d-e1e66fd6307b,62,728bb9fe-eb9c-43bf-896f-47a1980aeaec,Heuristic1,99,5,1
bab27fc1-664d-4825-ad9d-e1e66fd6307b,62,df879746-c587-4080-a0d9-6bda7cac2286,MCTS1,100,8,1
bab27fc1-664d-4825-ad9d-e1e66fd6307b,62,ebe60335-cc8e-4a9d-9a11-685bd81f59e0,MCTS Heuristic 1,9,5,1
bab27fc1-664d-4825-ad9d-e1e66fd6307b,62,77937401-cdd1-4e8d-81f7-786b86462bc1,MCTS Heuristic 2,16,5,1
bab27fc1-664d-4825-ad9d-e1e66fd6307b,62,728bb9fe-eb9c-43bf-896f-47a1980aeaec,Heuristic1,99,5,1
bab27fc1-664d-4825-ad9d-e1e66fd6307b,62,df879746-c587-4080-a0d9-6bda7cac2286,MCTS1,100,8,1
bab27fc1-664d-4825-ad9d-e1e66fd6307b,63,ebe60335-cc8e-4a9d-9a11-685bd81f59e0,MCTS Heuristic 1,100,6,1
bab27fc1-664d-4825-ad9d-e1e66fd6307b,63,77937401-cdd1-4e8d-81f7-786b86462bc1,MCTS Heuristic 2,15,5,1
bab27fc1-664d-4825-ad9d-e1e66fd6307b,63,728bb9fe-eb9c-43bf-896f-47a1980aeaec,Heuristic1,98,5,1
bab27fc1-664d-4825-ad9d-e1e66fd6307b,63,df879746-c587-4080-a0d9-6bda7cac2286,MCTS1,99,8,1
bab27fc1-664d-4825-ad9d-e1e66fd6307b,63,ebe60335-cc8e-4a9d-9a11-685bd81f59e0,MCTS Heuristic 1,100,6,1
bab27fc1-664d-4825-ad9d-e1e66fd6307b,63,77937401-cdd1-4e8d-81f7-786b86462bc1,MCTS Heuristic 2,15,5,1
bab27fc1-664d-4825-ad9d-e1e66fd6307b,63,728bb9fe-eb9c-43bf-896f-47a1980aeaec,Heuristic1,98,5,1
bab27fc1-664d-4825-ad9d-e1e66fd6307b,63,df879746-c587-4080-a0d9-6bda7cac2286,MCTS1,99,8,1
bab27fc1-664d-4825-ad9d-e1e66fd6307b,63,ebe60335-cc8e-4a9d-9a11-685bd81f59e0,MCTS Heuristic 1,100,6,1
bab27fc1-664d-4825-ad9d-e1e66fd6307b,63,77937401-cdd1-4e8d-81f7-786b86462bc1,MCTS Heuristic 2,15,5,1
bab27fc1-664d-4825-ad9d-e1e66fd6307b,63,728bb9fe-eb9c-43bf-896f-47a1980aeaec,Heuristic1,98,5,1
bab27fc1-664d-4825-ad9d-e1e66fd6307b,63,df879746-c587-4080-a0d9-6bda7cac2286,MCTS1,99,8,1
bab27fc1-664d-4825-ad9d-e1e66fd6307b,63,ebe60335-cc8e-4a9d-9a11-685bd81f59e0,MCTS Heuristic 1,100,6,1
bab27fc1-664d-4825-ad9d-e1e66fd6307b,63,77937401-cdd1-4e8d-81f7-786b86462bc1,MCTS Heuristic 2,15,5,1
bab27fc1-664d-4825-ad9d-e1e66fd6307b,63,728bb9fe-eb9c-43bf-896f-47a1980aeaec,Heuristic1,98,5,1
bab27fc1-664d-4825-ad9d-e1e66fd6307b,63,df879746-c587-4080-a0d9-6bda7cac2286,MCTS1,99,8,1
bab27fc1-664d-4825-ad9d-e1e66fd6307b,64,ebe60335-cc8e-4a9d-9a11-685bd81f59e0,MCTS Heuristic 1,71,6,1
bab27fc1-664d-4825-ad9d-e1e66fd6307b,64,77937401-cdd1-4e8d-81f7-786b86462bc1,MCTS Heuristic 2,14,5,1
bab27fc1-664d-4825-ad9d-e1e66fd6307b,64,728bb9fe-eb9c-43bf-896f-47a1980aeaec,Heuristic1,97,5,1
bab27fc1-664d-4825-ad9d-e1e66fd6307b,64,df879746-c587-4080-a0d9-6bda7cac2286,MCTS1,98,8,1
bab27fc1-664d-4825-ad9d-e1e66fd6307b,64,ebe60335-cc8e-4a9d-9a11-685bd81f59e0,MCTS Heuristic 1,71,6,1
bab27fc1-664d-4825-ad9d-e1e66fd6307b,64,77937401-cdd1-4e8d-81f7-786b86462bc1,MCTS Heuristic 2,14,5,1
bab27fc1-664d-4825-ad9d-e1e66fd6307b,64,728bb9fe-eb9c-43bf-896f-47a1980aeaec,Heuristic1,97,5,1
bab27fc1-664d-4825-ad9d-e1e66fd6307b,64,df879746-c587-4080-a0d9-6bda7cac2286,MCTS1,98,8,1
bab27fc1-664d-4825-ad9d-e1e66fd6307b,64,ebe60335-cc8e-4a9d-9a11-685bd81f59e0,MCTS Heuristic 1,71,6,1
bab27fc1-664d-4825-ad9d-e1e66fd6307b,64,77937401-cdd1-4e8d-81f7-786b86462bc1,MCTS Heuristic 2,14,5,1
bab27fc1-664d-4825-ad9d-e1e66fd6307b,64,728bb9fe-eb9c-43bf-896f-47a1980aeaec,Heuristic1,97,5,1
bab27fc1-664d-4825-ad9d-e1e66fd6307b,64,df879746-c587-4080-a0d9-6bda7cac2286,MCTS1,98,8,1
bab27fc1-664d-4825-ad9d-e1e66fd6307b,64,ebe60335-cc8e-4a9d-9a11-685bd81f59e0,MCTS Heuristic 1,71,6,1
bab27fc1-664d-4825-ad9d-e1e66fd6307b,64,77937401-cdd1-4e8d-81f7-786b86462bc1,MCTS Heuristic 2,14,5,1
bab27fc1-664d-4825-ad9d-e1e66fd6307b,64,728bb9fe-eb9c-43bf-896f-47a1980aeaec,Heuristic1,97,5,1
bab27fc1-664d-4825-ad9d-e1e66fd6307b,64,df879746-c587-4080-a0d9-6bda7cac2286,MCTS1,98,8,1
bab27fc1-664d-4825-ad9d-e1e66fd6307b,65,ebe60335-cc8e-4a9d-9a11-685bd81f59e0,MCTS Heuristic 1,70,6,1
bab27fc1-664d-4825-ad9d-e1e66fd6307b,65,77937401-cdd1-4e8d-81f7-786b86462bc1,MCTS Heuristic 2,13,5,1
bab27fc1-664d-4825-ad9d-e1e66fd6307b,65,728bb9fe-eb9c-43bf-896f-47a1980aeaec,Heuristic1,96,5,1
bab27fc1-664d-4825-ad9d-e1e66fd6307b,65,df879746-c587-4080-a0d9-6bda7cac2286,MCTS1,97,8,1
bab27fc1-664d-4825-ad9d-e1e66fd6307b,65,ebe60335-cc8e-4a9d-9a11-685bd81f59e0,MCTS Heuristic 1,70,6,1
bab27fc1-664d-4825-ad9d-e1e66fd6307b,65,77937401-cdd1-4e8d-81f7-786b86462bc1,MCTS Heuristic 2,13,5,1
bab27fc1-664d-4825-ad9d-e1e66fd6307b,65,728bb9fe-eb9c-43bf-896f-47a1980aeaec,Heuristic1,96,5,1
bab27fc1-664d-4825-ad9d-e1e66fd6307b,65,df879746-c587-4080-a0d9-6bda7cac2286,MCTS1,97,8,1
bab27fc1-664d-4825-ad9d-e1e66fd6307b,65,ebe60335-cc8e-4a9d-9a11-685bd81f59e0,MCTS Heuristic 1,70,6,1
bab27fc1-664d-4825-ad9d-e1e66fd6307b,65,77937401-cdd1-4e8d-81f7-786b86462bc1,MCTS Heuristic 2,13,5,1
bab27fc1-664d-4825-ad9d-e1e66fd6307b,65,728bb9fe-eb9c-43bf-896f-47a1980aeaec,Heuristic1,96,5,1
bab27fc1-664d-4825-ad9d-e1e66fd6307b,65,df879746-c587-4080-a0d9-6bda7cac2286,MCTS1,97,8,1
bab27fc1-664d-4825-ad9d-e1e66fd6307b,65,ebe60335-cc8e-4a9d-9a11-685bd81f59e0,MCTS Heuristic 1,70,6,1
bab27fc1-664d-4825-ad9d-e1e66fd6307b,65,77937401-cdd1-4e8d-81f7-786b86462bc1,MCTS Heuristic 2,13,5,1
bab27fc1-664d-4825-ad9d-e1e66fd6307b,65,728bb9fe-eb9c-43bf-896f-47a1980aeaec,Heuristic1,96,5,1
bab27fc1-664d-4825-ad9d-e1e66fd6307b,65,df879746-c587-4080-a0d9-6bda7cac2286,MCTS1,97,8,1
bab27fc1-664d-4825-ad9d-e1e66fd6307b,66,ebe60335-cc8e-4a9d-9a11-685bd81f59e0,MCTS Heuristic 1,69,6,1
bab27fc1-664d-4825-ad9d-e1e66fd6307b,66,77937401-cdd1-4e8d-81f7-786b86462bc1,MCTS Heuristic 2,12,5,1
bab27fc1-664d-4825-ad9d-e1e66fd6307b,66,728bb9fe-eb9c-43bf-896f-47a1980aeaec,Heuristic1,95,5,1
bab27fc1-664d-4825-ad9d-e1e66fd6307b,66,df879746-c587-4080-a0d9-6bda7cac2286,MCTS1,68,8,1
bab27fc1-664d-4825-ad9d-e1e66fd6307b,66,ebe60335-cc8e-4a9d-9a11-685bd81f59e0,MCTS Heuristic 1,69,6,1
bab27fc1-664d-4825-ad9d-e1e66fd6307b,66,77937401-cdd1-4e8d-81f7-786b86462bc1,MCTS Heuristic 2,12,5,1
bab27fc1-664d-4825-ad9d-e1e66fd6307b,66,728bb9fe-eb9c-43bf-896f-47a1980aeaec,Heuristic1,95,5,1
bab27fc1-664d-4825-ad9d-e1e66fd6307b,66,df879746-c587-4080-a0d9-6bda7cac2286,MCTS1,68,8,1
bab27fc1-664d-4825-ad9d-e1e66fd6307b,66,ebe60335-cc8e-4a9d-9a11-685bd81f59e0,MCTS Heuristic 1,69,6,1
bab27fc1-664d-4825-ad9d-e1e66fd6307b,66,77937401-cdd1-4e8d-81f7-786b86462bc1,MCTS Heuristic 2,12,5,1
bab27fc1-664d-4825-ad9d-e1e66fd6307b,66,728bb9fe-eb9c-43bf-896f-47a1980aeaec,Heuristic1,95,5,1
bab27fc1-664d-4825-ad9d-e1e66fd6307b,66,df879746-c587-4080-a0d9-6bda7cac2286,MCTS1,68,8,1
bab27fc1-664d-4825-ad9d-e1e66fd6307b,66,ebe60335-cc8e-4a9d-9a11-685bd81f59e0,MCTS Heuristic 1,69,6,1
bab27fc1-664d-4825-ad9d-e1e66fd6307b,66,77937401-cdd1-4e8d-81f7-786b86462bc1,MCTS Heuristic 2,12,5,1
bab27fc1-664d-4825-ad9d-e1e66fd6307b,66,728bb9fe-eb9c-43bf-896f-47a1980aeaec,Heuristic1,95,5,1
bab27fc1-664d-4825-ad9d-e1e66fd6307b,66,df879746-c587-4080-a0d9-6bda7cac2286,MCTS1,68,8,1
bab27fc1-664d-4825-ad9d-e1e66fd6307b,67,ebe60335-cc8e-4a9d-9a11-685bd81f59e0,MCTS Heuristic 1,68,6,1
bab27fc1-664d-4825-ad9d-e1e66fd6307b,67,77937401-cdd1-4e8d-81f7-786b86462bc1,MCTS Heuristic 2,11,5,1
bab27fc1-664d-4825-ad9d-e1e66fd6307b,67,728bb9fe-eb9c-43bf-896f-47a1980aeaec,Heuristic1,94,5,1
bab27fc1-664d-4825-ad9d-e1e66fd6307b,67,df879746-c587-4080-a0d9-6bda7cac2286,MCTS1,67,8,1
bab27fc1-664d-4825-ad9d-e1e66fd6307b,67,ebe60335-cc8e-4a9d-9a11-685bd81f59e0,MCTS Heuristic 1,68,6,1
bab27fc1-664d-4825-ad9d-e1e66fd6307b,67,77937401-cdd1-4e8d-81f7-786b86462bc1,MCTS Heuristic 2,11,5,1
bab27fc1-664d-4825-ad9d-e1e66fd6307b,67,728bb9fe-eb9c-43bf-896f-47a1980aeaec,Heuristic1,94,5,1
bab27fc1-664d-4825-ad9d-e1e66fd6307b,67,df879746-c587-4080-a0d9-6bda7cac2286,MCTS1,67,8,1
bab27fc1-664d-4825-ad9d-e1e66fd6307b,67,ebe60335-cc8e-4a9d-9a11-685bd81f59e0,MCTS Heuristic 1,68,6,1
bab27fc1-664d-4825-ad9d-e1e66fd6307b,67,77937401-cdd1-4e8d-81f7-786b86462bc1,MCTS Heuristic 2,11,5,1
bab27fc1-664d-4825-ad9d-e1e66fd6307b,67,728bb9fe-eb9c-43bf-896f-47a1980aeaec,Heuristic1,94,5,1
bab27fc1-664d-4825-ad9d-e1e66fd6307b,67,df879746-c587-4080-a0d9-6bda7cac2286,MCTS1,67,8,1
bab27fc1-664d-4825-ad9d-e1e66fd6307b,67,ebe60335-cc8e-4a9d-9a11-685bd81f59e0,MCTS Heuristic 1,68,6,1
bab27fc1-664d-4825-ad9d-e1e66fd6307b,67,77937401-cdd1-4e8d-81f7-786b86462bc1,MCTS Heuristic 2,11,5,1
bab27fc1-664d-4825-ad9d-e1e66fd6307b,67,728bb9fe-eb9c-43bf-896f-47a1980aeaec,Heuristic1,94,5,1
bab27fc1-664d-4825-ad9d-e1e66fd6307b,67,df879746-c587-4080-a0d9-6bda7cac2286,MCTS1,67,8,1
bab27fc1-664d-4825-ad9d-e1e66fd6307b,68,ebe60335-cc8e-4a9d-9a11-685bd81f59e0,MCTS Heuristic 1,67,6,1
bab27fc1-664d-4825-ad9d-e1e66fd6307b,68,77937401-cdd1-4e8d-81f7-786b86462bc1,MCTS Heuristic 2,10,5,1
bab27fc1-664d-4825-ad9d-e1e66fd6307b,68,728bb9fe-eb9c-43bf-896f-47a1980aeaec,Heuristic1,93,5,1
bab27fc1-664d-4825-ad9d-e1e66fd6307b,68,df879746-c587-4080-a0d9-6bda7cac2286,MCTS1,66,8,1
bab27fc1-664d-4825-ad9d-e1e66fd6307b,68,ebe60335-cc8e-4a9d-9a11-685bd81f59e0,MCTS Heuristic 1,67,6,1
bab27fc1-664d-4825-ad9d-e1e66fd6307b,68,77937401-cdd1-4e8d-81f7-786b86462bc1,MCTS Heuristic 2,10,5,1
bab27fc1-664d-4825-ad9d-e1e66fd6307b,68,728bb9fe-eb9c-43bf-896f-47a1980aeaec,Heuristic1,93,5,1
bab27fc1-664d-4825-ad9d-e1e66fd6307b,68,df879746-c587-4080-a0d9-6bda7cac2286,MCTS1,66,8,1
bab27fc1-664d-4825-ad9d-e1e66fd6307b,68,ebe60335-cc8e-4a9d-9a11-685bd81f59e0,MCTS Heuristic 1,67,6,1
bab27fc1-664d-4825-ad9d-e1e66fd6307b,68,77937401-cdd1-4e8d-81f7-786b86462bc1,MCTS Heuristic 2,10,5,1
bab27fc1-664d-4825-ad9d-e1e66fd6307b,68,728bb9fe-eb9c-43bf-896f-47a1980aeaec,Heuristic1,93,5,1
bab27fc1-664d-4825-ad9d-e1e66fd6307b,68,df879746-c587-4080-a0d9-6bda7cac2286,MCTS1,66,8,1
bab27fc1-664d-4825-ad9d-e1e66fd6307b,68,ebe60335-cc8e-4a9d-9a11-685bd81f59e0,MCTS Heuristic 1,67,6,1
bab27fc1-664d-4825-ad9d-e1e66fd6307b,68,77937401-cdd1-4e8d-81f7-786b86462bc1,MCTS Heuristic 2,10,5,1
bab27fc1-664d-4825-ad9d-e1e66fd6307b,68,728bb9fe-eb9c-43bf-896f-47a1980aeaec,Heuristic1,93,5,1
bab27fc1-664d-4825-ad9d-e1e66fd6307b,68,df879746-c587-4080-a0d9-6bda7cac2286,MCTS1,66,8,1
bab27fc1-664d-4825-ad9d-e1e66fd6307b,69,ebe60335-cc8e-4a9d-9a11-685bd81f59e0,MCTS Heuristic 1,66,6,1
bab27fc1-664d-4825-ad9d-e1e66fd6307b,69,77937401-cdd1-4e8d-81f7-786b86462bc1,MCTS Heuristic 2,100,6,1
bab27fc1-664d-4825-ad9d-e1e66fd6307b,69,728bb9fe-eb9c-43bf-896f-47a1980aeaec,Heuristic1,92,5,1
bab27fc1-664d-4825-ad9d-e1e66fd6307b,69,df879746-c587-4080-a0d9-6bda7cac2286,MCTS1,65,8,1
bab27fc1-664d-4825-ad9d-e1e66fd6307b,69,ebe60335-cc8e-4a9d-9a11-685bd81f59e0,MCTS Heuristic 1,66,6,1
bab27fc1-664d-4825-ad9d-e1e66fd6307b,69,77937401-cdd1-4e8d-81f7-786b86462bc1,MCTS Heuristic 2,100,6,1
bab27fc1-664d-4825-ad9d-e1e66fd6307b,69,728bb9fe-eb9c-43bf-896f-47a1980aeaec,Heuristic1,92,5,1
bab27fc1-664d-4825-ad9d-e1e66fd6307b,69,df879746-c587-4080-a0d9-6bda7cac2286,MCTS1,65,8,1
bab27fc1-664d-4825-ad9d-e1e66fd6307b,69,ebe60335-cc8e-4a9d-9a11-685bd81f59e0,MCTS Heuristic 1,66,6,1
bab27fc1-664d-4825-ad9d-e1e66fd6307b,69,77937401-cdd1-4e8d-81f7-786b86462bc1,MCTS Heuristic 2,100,6,1
bab27fc1-664d-4825-ad9d-e1e66fd6307b,69,728bb9fe-eb9c-43bf-896f-47a1980aeaec,Heuristic1,92,5,1
bab27fc1-664d-4825-ad9d-e1e66fd6307b,69,df879746-c587-4080-a0d9-6bda7cac2286,MCTS1,65,8,1
bab27fc1-664d-4825-ad9d-e1e66fd6307b,69,ebe60335-cc8e-4a9d-9a11-685bd81f59e0,MCTS Heuristic 1,66,6,1
bab27fc1-664d-4825-ad9d-e1e66fd6307b,69,77937401-cdd1-4e8d-81f7-786b86462bc1,MCTS Heuristic 2,100,6,1
bab27fc1-664d-4825-ad9d-e1e66fd6307b,69,728bb9fe-eb9c-43bf-896f-47a1980aeaec,Heuristic1,92,5,1
bab27fc1-664d-4825-ad9d-e1e66fd6307b,69,df879746-c587-4080-a0d9-6bda7cac2286,MCTS1,65,8,1
bab27fc1-664d-4825-ad9d-e1e66fd6307b,70,ebe60335-cc8e-4a9d-9a11-685bd81f59e0,MCTS Heuristic 1,100,7,1
bab27fc1-664d-4825-ad9d-e1e66fd6307b,70,77937401-cdd1-4e8d-81f7-786b86462bc1,MCTS Heuristic 2,71,6,1
bab27fc1-664d-4825-ad9d-e1e66fd6307b,70,728bb9fe-eb9c-43bf-896f-47a1980aeaec,Heuristic1,91,5,1
bab27fc1-664d-4825-ad9d-e1e66fd6307b,70,df879746-c587-4080-a0d9-6bda7cac2286,MCTS1,64,8,1
bab27fc1-664d-4825-ad9d-e1e66fd6307b,70,ebe60335-cc8e-4a9d-9a11-685bd81f59e0,MCTS Heuristic 1,100,7,1
bab27fc1-664d-4825-ad9d-e1e66fd6307b,70,77937401-cdd1-4e8d-81f7-786b86462bc1,MCTS Heuristic 2,71,6,1
bab27fc1-664d-4825-ad9d-e1e66fd6307b,70,728bb9fe-eb9c-43bf-896f-47a1980aeaec,Heuristic1,91,5,1
bab27fc1-664d-4825-ad9d-e1e66fd6307b,70,df879746-c587-4080-a0d9-6bda7cac2286,MCTS1,64,8,1
bab27fc1-664d-4825-ad9d-e1e66fd6307b,70,ebe60335-cc8e-4a9d-9a11-685bd81f59e0,MCTS Heuristic 1,100,7,1
bab27fc1-664d-4825-ad9d-e1e66fd6307b,70,77937401-cdd1-4e8d-81f7-786b86462bc1,MCTS Heuristic 2,71,6,1
bab27fc1-664d-4825-ad9d-e1e66fd6307b,70,728bb9fe-eb9c-43bf-896f-47a1980aeaec,Heuristic1,91,5,1
bab27fc1-664d-4825-ad9d-e1e66fd6307b,70,df879746-c587-4080-a0d9-6bda7cac2286,MCTS1,64,8,1
bab27fc1-664d-4825-ad9d-e1e66fd6307b,70,ebe60335-cc8e-4a9d-9a11-685bd81f59e0,MCTS Heuristic 1,100,7,1
bab27fc1-664d-4825-ad9d-e1e66fd6307b,70,77937401-cdd1-4e8d-81f7-786b86462bc1,MCTS Heuristic 2,71,6,1
bab27fc1-664d-4825-ad9d-e1e66fd6307b,70,728bb9fe-eb9c-43bf-896f-47a1980aeaec,Heuristic1,91,5,1
bab27fc1-664d-4825-ad9d-e1e66fd6307b,70,df879746-c587-4080-a0d9-6bda7cac2286,MCTS1,64,8,1
bab27fc1-664d-4825-ad9d-e1e66fd6307b,71,ebe60335-cc8e-4a9d-9a11-685bd81f59e0,MCTS Heuristic 1,99,7,1
bab27fc1-664d-4825-ad9d-e1e66fd6307b,71,77937401-cdd1-4e8d-81f7-786b86462bc1,MCTS Heuristic 2,70,6,1
bab27fc1-664d-4825-ad9d-e1e66fd6307b,71,728bb9fe-eb9c-43bf-896f-47a1980aeaec,Heuristic1,90,5,1
bab27fc1-664d-4825-ad9d-e1e66fd6307b,71,df879746-c587-4080-a0d9-6bda7cac2286,MCTS1,63,8,1
bab27fc1-664d-4825-ad9d-e1e66fd6307b,71,ebe60335-cc8e-4a9d-9a11-685bd81f59e0,MCTS Heuristic 1,99,7,1
bab27fc1-664d-4825-ad9d-e1e66fd6307b,71,77937401-cdd1-4e8d-81f7-786b86462bc1,MCTS Heuristic 2,70,6,1
bab27fc1-664d-4825-ad9d-e1e66fd6307b,71,728bb9fe-eb9c-43bf-896f-47a1980aeaec,Heuristic1,90,5,1
bab27fc1-664d-4825-ad9d-e1e66fd6307b,71,df879746-c587-4080-a0d9-6bda7cac2286,MCTS1,63,8,1
bab27fc1-664d-4825-ad9d-e1e66fd6307b,71,ebe60335-cc8e-4a9d-9a11-685bd81f59e0,MCTS Heuristic 1,99,7,1
bab27fc1-664d-4825-ad9d-e1e66fd6307b,71,77937401-cdd1-4e8d-81f7-786b86462bc1,MCTS Heuristic 2,70,6,1
bab27fc1-664d-4825-ad9d-e1e66fd6307b,71,728bb9fe-eb9c-43bf-896f-47a1980aeaec,Heuristic1,90,5,1
bab27fc1-664d-4825-ad9d-e1e66fd6307b,71,df879746-c587-4080-a0d9-6bda7cac2286,MCTS1,63,8,1
bab27fc1-664d-4825-ad9d-e1e66fd6307b,71,ebe60335-cc8e-4a9d-9a11-685bd81f59e0,MCTS Heuristic 1,99,7,1
bab27fc1-664d-4825-ad9d-e1e66fd6307b,71,77937401-cdd1-4e8d-81f7-786b86462bc1,MCTS Heuristic 2,70,6,1
bab27fc1-664d-4825-ad9d-e1e66fd6307b,71,728bb9fe-eb9c-43bf-896f-47a1980aeaec,Heuristic1,90,5,1
bab27fc1-664d-4825-ad9d-e1e66fd6307b,71,df879746-c587-4080-a0d9-6bda7cac2286,MCTS1,63,8,1
bab27fc1-664d-4825-ad9d-e1e66fd6307b,72,ebe60335-cc8e-4a9d-9a11-685bd81f59e0,MCTS Heuristic 1,100,8,1
bab27fc1-664d-4825-ad9d-e1e66fd6307b,72,77937401-cdd1-4e8d-81f7-786b86462bc1,MCTS Heuristic 2,69,6,1
bab27fc1-664d-4825-ad9d-e1e66fd6307b,72,728bb9fe-eb9c-43bf-896f-47a1980aeaec,Heuristic1,89,5,1
bab27fc1-664d-4825-ad9d-e1e66fd6307b,72,df879746-c587-4080-a0d9-6bda7cac2286,MCTS1,34,8,1
bab27fc1-664d-4825-ad9d-e1e66fd6307b,72,ebe60335-cc8e-4a9d-9a11-685bd81f59e0,MCTS Heuristic 1,100,8,1
bab27fc1-664d-4825-ad9d-e1e66fd6307b,72,77937401-cdd1-4e8d-81f7-786b86462bc1,MCTS Heuristic 2,69,6,1
bab27fc1-664d-4825-ad9d-e1e66fd6307b,72,728bb9fe-eb9c-43bf-896f-47a1980aeaec,Heuristic1,89,5,1
bab27fc1-664d-4825-ad9d-e1e66fd6307b,72,df879746-c587-4080-a0d9-6bda7cac2286,MCTS1,34,8,1
bab27fc1-664d-4825-ad9d-e1e66fd6307b,72,ebe60335-cc8e-4a9d-9a11-685bd81f59e0,MCTS Heuristic 1,100,8,1
bab27fc1-664d-4825-ad9d-e1e66fd6307b,72,77937401-cdd1-4e8d-81f7-786b86462bc1,MCTS Heuristic 2,69,6,1
bab27fc1-664d-4825-ad9d-e1e66fd6307b,72,728bb9fe-eb9c-43bf-896f-47a1980aeaec,Heuristic1,89,5,1
bab27fc1-664d-4825-ad9d-e1e66fd6307b,72,df879746-c587-4080-a0d9-6bda7cac2286,MCTS1,34,8,1
bab27fc1-664d-4825-ad9d-e1e66fd6307b,72,ebe60335-cc8e-4a9d-9a11-685bd81f59e0,MCTS Heuristic 1,100,8,1
bab27fc1-664d-4825-ad9d-e1e66fd6307b,72,77937401-cdd1-4e8d-81f7-786b86462bc1,MCTS Heuristic 2,69,6,1
bab27fc1-664d-4825-ad9d-e1e66fd6307b,72,728bb9fe-eb9c-43bf-896f-47a1980aeaec,Heuristic1,89,5,1
bab27fc1-664d-4825-ad9d-e1e66fd6307b,72,df879746-c587-4080-a0d9-6bda7cac2286,MCTS1,34,8,1
bab27fc1-664d-4825-ad9d-e1e66fd6307b,73,ebe60335-cc8e-4a9d-9a11-685bd81f59e0,MCTS Heuristic 1,99,8,1
bab27fc1-664d-4825-ad9d-e1e66fd6307b,73,77937401-cdd1-4e8d-81f7-786b86462bc1,MCTS Heuristic 2,68,6,1
bab27fc1-664d-4825-ad9d-e1e66fd6307b,73,728bb9fe-eb9c-43bf-896f-47a1980aeaec,Heuristic1,88,5,1
bab27fc1-664d-4825-ad9d-e1e66fd6307b,73,df879746-c587-4080-a0d9-6bda7cac2286,MCTS1,33,8,1
bab27fc1-664d-4825-ad9d-e1e66fd6307b,73,ebe60335-cc8e-4a9d-9a11-685bd81f59e0,MCTS Heuristic 1,99,8,1
bab27fc1-664d-4825-ad9d-e1e66fd6307b,73,77937401-cdd1-4e8d-81f7-786b86462bc1,MCTS Heuristic 2,68,6,1
bab27fc1-664d-4825-ad9d-e1e66fd6307b,73,728bb9fe-eb9c-43bf-896f-47a1980aeaec,Heuristic1,88,5,1
bab27fc1-664d-4825-ad9d-e1e66fd6307b,73,df879746-c587-4080-a0d9-6bda7cac2286,MCTS1,33,8,1
bab27fc1-664d-4825-ad9d-e1e66fd6307b,73,ebe60335-cc8e-4a9d-9a11-685bd81f59e0,MCTS Heuristic 1,99,8,1
bab27fc1-664d-4825-ad9d-e1e66fd6307b,73,77937401-cdd1-4e8d-81f7-786b86462bc1,MCTS Heuristic 2,68,6,1
bab27fc1-664d-4825-ad9d-e1e66fd6307b,73,728bb9fe-eb9c-43bf-896f-47a1980aeaec,Heuristic1,88,5,1
bab27fc1-664d-4825-ad9d-e1e66fd6307b,73,df879746-c587-4080-a0d9-6bda7cac2286,MCTS1,33,8,1
bab27fc1-664d-4825-ad9d-e1e66fd6307b,73,ebe60335-cc8e-4a9d-9a11-685bd81f59e0,MCTS Heuristic 1,99,8,1
bab27fc1-664d-4825-ad9d-e1e66fd6307b,73,77937401-cdd1-4e8d-81f7-786b86462bc1,MCTS Heuristic 2,68,6,1
bab27fc1-664d-4825-ad9d-e1e66fd6307b,73,728bb9fe-eb9c-43bf-896f-47a1980aeaec,Heuristic1,88,5,1
bab27fc1-664d-4825-ad9d-e1e66fd6307b,73,df879746-c587-4080-a0d9-6bda7cac2286,MCTS1,33,8,1
bab27fc1-664d-4825-ad9d-e1e66fd6307b,74,ebe60335-cc8e-4a9d-9a11-685bd81f59e0,MCTS Heuristic 1,98,8,1
bab27fc1-664d-4825-ad9d-e1e66fd6307b,74,77937401-cdd1-4e8d-81f7-786b86462bc1,MCTS Heuristic 2,39,6,1
bab27fc1-664d-4825-ad9d-e1e66fd6307b,74,df879746-c587-4080-a0d9-6bda7cac2286,MCTS1,32,8,1
bab27fc1-664d-4825-ad9d-e1e66fd6307b,74,728bb9fe-eb9c-43bf-896f-47a1980aeaec,Heuristic1,88,5,0
bab27fc1-664d-4825-ad9d-e1e66fd6307b,74,ebe60335-cc8e-4a9d-9a11-685bd81f59e0,MCTS Heuristic 1,98,8,1
bab27fc1-664d-4825-ad9d-e1e66fd6307b,74,77937401-cdd1-4e8d-81f7-786b86462bc1,MCTS Heuristic 2,39,6,1
bab27fc1-664d-4825-ad9d-e1e66fd6307b,74,df879746-c587-4080-a0d9-6bda7cac2286,MCTS1,32,8,1
bab27fc1-664d-4825-ad9d-e1e66fd6307b,74,728bb9fe-eb9c-43bf-896f-47a1980aeaec,Heuristic1,88,5,0
bab27fc1-664d-4825-ad9d-e1e66fd6307b,74,ebe60335-cc8e-4a9d-9a11-685bd81f59e0,MCTS Heuristic 1,98,8,1
bab27fc1-664d-4825-ad9d-e1e66fd6307b,74,77937401-cdd1-4e8d-81f7-786b86462bc1,MCTS Heuristic 2,39,6,1
bab27fc1-664d-4825-ad9d-e1e66fd6307b,74,df879746-c587-4080-a0d9-6bda7cac2286,MCTS1,32,8,1
bab27fc1-664d-4825-ad9d-e1e66fd6307b,74,728bb9fe-eb9c-43bf-896f-47a1980aeaec,Heuristic1,88,5,0
bab27fc1-664d-4825-ad9d-e1e66fd6307b,75,ebe60335-cc8e-4a9d-9a11-685bd81f59e0,MCTS Heuristic 1,100,9,1
bab27fc1-664d-4825-ad9d-e1e66fd6307b,75,77937401-cdd1-4e8d-81f7-786b86462bc1,MCTS Heuristic 2,38,6,1
bab27fc1-664d-4825-ad9d-e1e66fd6307b,75,df879746-c587-4080-a0d9-6bda7cac2286,MCTS1,31,8,1
bab27fc1-664d-4825-ad9d-e1e66fd6307b,75,728bb9fe-eb9c-43bf-896f-47a1980aeaec,Heuristic1,88,5,0
bab27fc1-664d-4825-ad9d-e1e66fd6307b,75,ebe60335-cc8e-4a9d-9a11-685bd81f59e0,MCTS Heuristic 1,100,9,1
bab27fc1-664d-4825-ad9d-e1e66fd6307b,75,77937401-cdd1-4e8d-81f7-786b86462bc1,MCTS Heuristic 2,38,6,1
bab27fc1-664d-4825-ad9d-e1e66fd6307b,75,df879746-c587-4080-a0d9-6bda7cac2286,MCTS1,31,8,1
bab27fc1-664d-4825-ad9d-e1e66fd6307b,75,728bb9fe-eb9c-43bf-896f-47a1980aeaec,Heuristic1,88,5,0
bab27fc1-664d-4825-ad9d-e1e66fd6307b,75,ebe60335-cc8e-4a9d-9a11-685bd81f59e0,MCTS Heuristic 1,100,9,1
bab27fc1-664d-4825-ad9d-e1e66fd6307b,75,77937401-cdd1-4e8d-81f7-786b86462bc1,MCTS Heuristic 2,38,6,1
bab27fc1-664d-4825-ad9d-e1e66fd6307b,75,df879746-c587-4080-a0d9-6bda7cac2286,MCTS1,31,8,1
bab27fc1-664d-4825-ad9d-e1e66fd6307b,75,728bb9fe-eb9c-43bf-896f-47a1980aeaec,Heuristic1,88,5,0
bab27fc1-664d-4825-ad9d-e1e66fd6307b,76,ebe60335-cc8e-4a9d-9a11-685bd81f59e0,MCTS Heuristic 1,100,10,1
bab27fc1-664d-4825-ad9d-e1e66fd6307b,76,77937401-cdd1-4e8d-81f7-786b86462bc1,MCTS Heuristic 2,37,6,1
bab27fc1-664d-4825-ad9d-e1e66fd6307b,76,df879746-c587-4080-a0d9-6bda7cac2286,MCTS1,2,8,1
bab27fc1-664d-4825-ad9d-e1e66fd6307b,76,728bb9fe-eb9c-43bf-896f-47a1980aeaec,Heuristic1,88,5,0
bab27fc1-664d-4825-ad9d-e1e66fd6307b,76,ebe60335-cc8e-4a9d-9a11-685bd81f59e0,MCTS Heuristic 1,100,10,1
bab27fc1-664d-4825-ad9d-e1e66fd6307b,76,77937401-cdd1-4e8d-81f7-786b86462bc1,MCTS Heuristic 2,37,6,1
bab27fc1-664d-4825-ad9d-e1e66fd6307b,76,df879746-c587-4080-a0d9-6bda7cac2286,MCTS1,2,8,1
bab27fc1-664d-4825-ad9d-e1e66fd6307b,76,728bb9fe-eb9c-43bf-896f-47a1980aeaec,Heuristic1,88,5,0
bab27fc1-664d-4825-ad9d-e1e66fd6307b,76,ebe60335-cc8e-4a9d-9a11-685bd81f59e0,MCTS Heuristic 1,100,10,1
bab27fc1-664d-4825-ad9d-e1e66fd6307b,76,77937401-cdd1-4e8d-81f7-786b86462bc1,MCTS Heuristic 2,37,6,1
bab27fc1-664d-4825-ad9d-e1e66fd6307b,76,df879746-c587-4080-a0d9-6bda7cac2286,MCTS1,2,8,1
bab27fc1-664d-4825-ad9d-e1e66fd6307b,76,728bb9fe-eb9c-43bf-896f-47a1980aeaec,Heuristic1,88,5,0
bab27fc1-664d-4825-ad9d-e1e66fd6307b,77,ebe60335-cc8e-4a9d-9a11-685bd81f59e0,MCTS Heuristic 1,99,10,1
bab27fc1-664d-4825-ad9d-e1e66fd6307b,77,77937401-cdd1-4e8d-81f7-786b86462bc1,MCTS Heuristic 2,36,6,1
bab27fc1-664d-4825-ad9d-e1e66fd6307b,77,df879746-c587-4080-a0d9-6bda7cac2286,MCTS1,1,8,1
bab27fc1-664d-4825-ad9d-e1e66fd6307b,77,728bb9fe-eb9c-43bf-896f-47a1980aeaec,Heuristic1,88,5,0
bab27fc1-664d-4825-ad9d-e1e66fd6307b,77,ebe60335-cc8e-4a9d-9a11-685bd81f59e0,MCTS Heuristic 1,99,10,1
bab27fc1-664d-4825-ad9d-e1e66fd6307b,77,77937401-cdd1-4e8d-81f7-786b86462bc1,MCTS Heuristic 2,36,6,1
bab27fc1-664d-4825-ad9d-e1e66fd6307b,77,df879746-c587-4080-a0d9-6bda7cac2286,MCTS1,1,8,1
bab27fc1-664d-4825-ad9d-e1e66fd6307b,77,728bb9fe-eb9c-43bf-896f-47a1980aeaec,Heuristic1,88,5,0
bab27fc1-664d-4825-ad9d-e1e66fd6307b,77,ebe60335-cc8e-4a9d-9a11-685bd81f59e0,MCTS Heuristic 1,99,10,1
bab27fc1-664d-4825-ad9d-e1e66fd6307b,77,77937401-cdd1-4e8d-81f7-786b86462bc1,MCTS Heuristic 2,36,6,1
bab27fc1-664d-4825-ad9d-e1e66fd6307b,77,df879746-c587-4080-a0d9-6bda7cac2286,MCTS1,1,8,1
bab27fc1-664d-4825-ad9d-e1e66fd6307b,77,728bb9fe-eb9c-43bf-896f-47a1980aeaec,Heuristic1,88,5,0
bab27fc1-664d-4825-ad9d-e1e66fd6307b,78,ebe60335-cc8e-4a9d-9a11-685bd81f59e0,MCTS Heuristic 1,98,10,1
bab27fc1-664d-4825-ad9d-e1e66fd6307b,78,77937401-cdd1-4e8d-81f7-786b86462bc1,MCTS Heuristic 2,36,6,0
bab27fc1-664d-4825-ad9d-e1e66fd6307b,78,728bb9fe-eb9c-43bf-896f-47a1980aeaec,Heuristic1,88,5,0
bab27fc1-664d-4825-ad9d-e1e66fd6307b,78,df879746-c587-4080-a0d9-6bda7cac2286,MCTS1,1,8,0
bab27fc1-664d-4825-ad9d-e1e66fd6307b,79,ebe60335-cc8e-4a9d-9a11-685bd81f59e0,MCTS Heuristic 1,98,10,1
bab27fc1-664d-4825-ad9d-e1e66fd6307b,79,77937401-cdd1-4e8d-81f7-786b86462bc1,MCTS Heuristic 2,36,6,0
bab27fc1-664d-4825-ad9d-e1e66fd6307b,79,728bb9fe-eb9c-43bf-896f-47a1980aeaec,Heuristic1,88,5,0
bab27fc1-664d-4825-ad9d-e1e66fd6307b,79,df879746-c587-4080-a0d9-6bda7cac2286,MCTS1,1,8,0
bab27fc1-664d-4825-ad9d-e1e66fd6307b,79,ebe60335-cc8e-4a9d-9a11-685bd81f59e0,MCTS Heuristic 1,98,10,1
bab27fc1-664d-4825-ad9d-e1e66fd6307b,79,77937401-cdd1-4e8d-81f7-786b86462bc1,MCTS Heuristic 2,36,6,0
bab27fc1-664d-4825-ad9d-e1e66fd6307b,79,728bb9fe-eb9c-43bf-896f-47a1980aeaec,Heuristic1,88,5,0
bab27fc1-664d-4825-ad9d-e1e66fd6307b,79,df879746-c587-4080-a0d9-6bda7cac2286,MCTS1,1,8,0
bab27fc1-664d-4825-ad9d-e1e66fd6307b,79,ebe60335-cc8e-4a9d-9a11-685bd81f59e0,MCTS Heuristic 1,98,10,1
bab27fc1-664d-4825-ad9d-e1e66fd6307b,79,77937401-cdd1-4e8d-81f7-786b86462bc1,MCTS Heuristic 2,68,6,0
bab27fc1-664d-4825-ad9d-e1e66fd6307b,79,728bb9fe-eb9c-43bf-896f-47a1980aeaec,Heuristic1,88,5,0
bab27fc1-664d-4825-ad9d-e1e66fd6307b,79,df879746-c587-4080-a0d9-6bda7cac2286,MCTS1,33,8,0
bab27fc1-664d-4825-ad9d-e1e66fd6307b,79,ebe60335-cc8e-4a9d-9a11-685bd81f59e0,MCTS Heuristic 1,98,10,1
bab27fc1-664d-4825-ad9d-e1e66fd6307b,79,77937401-cdd1-4e8d-81f7-786b86462bc1,MCTS Heuristic 2,36,6,0
bab27fc1-664d-4825-ad9d-e1e66fd6307b,79,728bb9fe-eb9c-43bf-896f-47a1980aeaec,Heuristic1,88,5,0
bab27fc1-664d-4825-ad9d-e1e66fd6307b,79,df879746-c587-4080-a0d9-6bda7cac2286,MCTS1,1,8,0
